source,page,category,activity_type,citizenship,office,level,total_2025,total_2019_to_2025,fix_status,fix_note
trv,1,SP,"VIT 34",Afghanistan,"Abu Dhabi",office,,23,,
trv,1,SP,"VIT 34",Afghanistan,Ankara,office,1,11,,
trv,1,SP,"VIT 34",Afghanistan,"Case Processing Centre Ottawa",office,,8,,
trv,1,SP,"VIT 34",Afghanistan,Islamabad,office,,1,,
trv,1,SP,"VIT 34",Afghanistan,"London England",office,,1,,
trv,1,SP,"VIT 34",Afghanistan,Manila,office,1,1,,
trv,1,SP,"VIT 34",Afghanistan,Nairobi,office,,5,,
trv,1,SP,"VIT 34",Afghanistan,"Port of Spain",office,1,1,,
trv,1,SP,"VIT 34",Afghanistan,Riyadh,office,,1,,
trv,1,SP,"VIT 34",Afghanistan,Vienna,office,,1,,
trv,1,SP,"VIT 34",Afghanistan,Warsaw,office,,3,,
trv,1,SP,"VIT 34",Albania,Ankara,office,,1,,
trv,1,SP,"VIT 34",Albania,"London England",office,,1,,
trv,1,SP,"VIT 34",Albania,Vienna,office,,1,,
trv,1,SP,"VIT 34",Algeria,"Abu Dhabi",office,,5,,
trv,1,SP,"VIT 34",Algeria,Ankara,office,,1,,
trv,1,SP,"VIT 34",Algeria,"Case Processing Centre Ottawa",office,,20,,
trv,1,SP,"VIT 34",Algeria,"CN India",office,,2,,
trv,1,SP,"VIT 34",Algeria,"CN North Africa",office,1,1,,
trv,1,SP,"VIT 34",Algeria,Kyiv,office,,1,,
trv,1,SP,"VIT 34",Algeria,Paris,office,1,36,,
trv,1,SP,"VIT 34",Algeria,Pretoria,office,1,3,,
trv,1,SP,"VIT 34",Algeria,Riyadh,office,,1,,
trv,1,SP,"VIT 34",Algeria,Tunis,office,,3,,
trv,1,SP,"VIT 34",Algeria,Vienna,office,,2,,
trv,1,SP,"VIT 34",Angola,Warsaw,office,,1,,
trv,1,SP,"VIT 34","Antigua and Barbuda","Abu Dhabi",office,,1,,
trv,1,SP,"VIT 34","Antigua and Barbuda","Port of Spain",office,,1,,
trv,1,SP,"VIT 34",Argentina,"Buenos Aires",office,,1,,
trv,1,SP,"VIT 34",Armenia,"Abu Dhabi",office,,1,,
trv,1,SP,"VIT 34",Armenia,Ankara,office,,1,,
trv,1,SP,"VIT 34",Armenia,Warsaw,office,,2,,
trv,1,SP,"VIT 34",Australia,"Sydney Australia",office,,1,,
trv,1,SP,"VIT 34",Australia,Warsaw,office,,1,,
trv,1,SP,"VIT 34",Austria,Ankara,office,,1,,
trv,1,SP,"VIT 34",Azerbaijan,Ankara,office,1,18,,
trv,1,SP,"VIT 34","Bahama Islands, The","Operations Support Centre",office,,2,,
trv,1,SP,"VIT 34",Bahrain,"Abu Dhabi",office,,3,,
trv,1,SP,"VIT 34",Bangladesh,"Abu Dhabi",office,,9,,
trv,1,SP,"VIT 34",Bangladesh,Beijing,office,,2,,
trv,1,SP,"VIT 34",Bangladesh,"Case Processing Centre Ottawa",office,1,8,,
trv,1,SP,"VIT 34",Bangladesh,"CN India",office,,1,,
trv,1,SP,"VIT 34",Bangladesh,"CN South Asia",office,,1,,
trv,1,SP,"VIT 34",Bangladesh,"Operations Support Centre",office,,2,,
trv,1,SP,"VIT 34",Bangladesh,Riyadh,office,,14,,
trv,1,SP,"VIT 34",Bangladesh,Singapore,office,6,35,,
trv,1,SP,"VIT 34",Bangladesh,"Sydney Australia",office,,2,,
trv,1,SP,"VIT 34",Bangladesh,Vienna,office,,3,,
trv,1,SP,"VIT 34",Barbados,"Port of Spain",office,,1,,
trv,1,SP,"VIT 34",Belarus,Warsaw,office,1,6,,
trv,1,SP,"VIT 34",Belgium,Ankara,office,,1,,
trv,1,SP,"VIT 34",Belgium,"Operations Support Centre",office,,1,,
trv,1,SP,"VIT 34",Belize,"Mexico City",office,,1,,
trv,1,SP,"VIT 34",Brazil,"Case Processing Centre Edmonton",office,,1,,
trv,1,SP,"VIT 34",Brazil,"Case Processing Centre Ottawa",office,,1,,
trv,1,SP,"VIT 34",Brazil,Riyadh,office,,3,,
trv,1,SP,"VIT 34",Brazil,"Sao Paulo",office,2,10,,
trv,1,SP,"VIT 34",Brazil,Shanghai,office,,1,,
trv,1,SP,"VIT 34",Burkina-Faso,Paris,office,,4,,
trv,1,SP,"VIT 34",Burundi,Dar-Es-Salaam,office,,1,,
trv,1,SP,"VIT 34","Chad, Republic of",Beijing,office,1,1,,
trv,1,SP,"VIT 34",Chile,"Buenos Aires",office,,1,,
trv,1,SP,"VIT 34",Chile,"Case Processing Centre Ottawa",office,,1,,
trv,1,SP,"VIT 34",Chile,"Operations Support Centre",office,,2,,
trv,1,SP,"VIT 34",Colombia,"Abu Dhabi",office,,1,,
trv,1,SP,"VIT 34",Colombia,Bogota,office,,41,,
trv,1,SP,"VIT 34",Colombia,"Case Processing Centre Ottawa",office,,1,,
trv,1,SP,"VIT 34",Colombia,"Operations Support Centre",office,,1,,
trv,1,SP,"VIT 34",Colombia,Riyadh,office,,16,,
trv,1,SP,"VIT 34",Comoros,Pretoria,office,,1,,
trv,1,SP,"VIT 34","Congo, Democratic Republic of the",Ankara,office,,1,,
trv,1,SP,"VIT 34","Congo, Democratic Republic of the",Beijing,office,,1,,
trv,1,SP,"VIT 34","Congo, Democratic Republic of the","Bucharest Global Operations Centre",office,,2,,
trv,2,SP,"VIT 34","Congo, Democratic Republic of the","Case Processing Centre Ottawa",office,,1,,
trv,2,SP,"VIT 34","Congo, Democratic Republic of the",Dakar,office,,1,,
trv,2,SP,"VIT 34","Congo, Democratic Republic of the","New York",office,,1,,
trv,2,SP,"VIT 34","Congo, Democratic Republic of the",Paris,office,,2,,
trv,2,SP,"VIT 34","Congo, Democratic Republic of the",Tunis,office,,2,,
trv,2,SP,"VIT 34","Congo, People's Republic of the",Beijing,office,,2,,
trv,2,SP,"VIT 34",Cuba,Bogota,office,,1,,
trv,2,SP,"VIT 34",Cuba,"Buenos Aires",office,,1,,
trv,2,SP,"VIT 34",Cuba,"Case Processing Centre Ottawa",office,,1,,
trv,2,SP,"VIT 34",Cuba,"Mexico City",office,,3,,
trv,2,SP,"VIT 34",Cyprus,Moscow,office,,1,,
trv,2,SP,"VIT 34","Czech Republic",Vienna,office,1,1,,
trv,2,SP,"VIT 34","Democratic Republic of Sudan","Abu Dhabi",office,,11,,
trv,2,SP,"VIT 34","Democratic Republic of Sudan",Ankara,office,,10,,
trv,2,SP,"VIT 34","Democratic Republic of Sudan",Pretoria,office,,1,,
trv,2,SP,"VIT 34","Democratic Republic of Sudan",Riyadh,office,,3,,
trv,2,SP,"VIT 34","Democratic Republic of Sudan",Singapore,office,,1,,
trv,2,SP,"VIT 34",Dominica,Ankara,office,,3,,
trv,2,SP,"VIT 34",Dominica,"Port of Spain",office,,2,,
trv,2,SP,"VIT 34","Dominican Republic","Mexico City",office,,5,,
trv,2,SP,"VIT 34",Ecuador,Bogota,office,,3,,
trv,2,SP,"VIT 34",Ecuador,Riyadh,office,,1,,
trv,2,SP,"VIT 34",Ecuador,Warsaw,office,,1,,
trv,2,SP,"VIT 34",Egypt,"Abu Dhabi",office,,16,,
trv,2,SP,"VIT 34",Egypt,Amman,office,,6,,
trv,2,SP,"VIT 34",Egypt,Ankara,office,,291,,
trv,2,SP,"VIT 34",Egypt,Cairo,office,5,24,,
trv,2,SP,"VIT 34",Egypt,"Case Processing Centre Ottawa",office,,4,,
trv,2,SP,"VIT 34",Egypt,"CN Middle East",office,2,2,,
trv,2,SP,"VIT 34",Egypt,"Hong Kong",office,,1,,
trv,2,SP,"VIT 34",Egypt,Paris,office,,1,,
trv,2,SP,"VIT 34",Egypt,Pretoria,office,1,6,,
trv,2,SP,"VIT 34",Egypt,Riyadh,office,,9,,
trv,2,SP,"VIT 34",Egypt,Rome,office,,2,,
trv,2,SP,"VIT 34",Egypt,Singapore,office,,2,,
trv,2,SP,"VIT 34",Egypt,Tunis,office,,1,,
trv,2,SP,"VIT 34",Egypt,Vienna,office,,2,,
trv,2,SP,"VIT 34","El Salvador","Mexico City",office,,1,,
trv,2,SP,"VIT 34","Equatorial Guinea",Beijing,office,,1,,
trv,2,SP,"VIT 34","Equatorial Guinea",Dakar,office,,1,,
trv,2,SP,"VIT 34",Eritrea,Warsaw,office,,1,,
trv,2,SP,"VIT 34",Ethiopia,Ankara,office,,1,,
trv,2,SP,"VIT 34",Ethiopia,Nairobi,office,,1,,
trv,2,SP,"VIT 34",Ethiopia,RROC,office,,1,,
trv,2,SP,"VIT 34","Federal Republic of Cameroon",Ankara,office,,1,,
trv,2,SP,"VIT 34","Federal Republic of Cameroon",Beijing,office,,3,,
trv,2,SP,"VIT 34","Federal Republic of Cameroon","Case Processing Centre Ottawa",office,,2,,
trv,2,SP,"VIT 34","Federal Republic of Cameroon",Paris,office,,6,,
trv,2,SP,"VIT 34","Federal Republic of Cameroon",Pretoria,office,,1,,
trv,2,SP,"VIT 34","Federal Republic of Cameroon",Tunis,office,,9,,
trv,2,SP,"VIT 34","Federal Republic of Germany","Operations Support Centre",office,,2,,
trv,2,SP,"VIT 34","Federal Republic of Germany",Vienna,office,,2,,
trv,2,SP,"VIT 34",Finland,"Operations Support Centre",office,1,1,,
trv,2,SP,"VIT 34",France,Bucharest,office,,1,,
trv,2,SP,"VIT 34",France,"Operations Support Centre",office,1,26,,
trv,2,SP,"VIT 34",France,Paris,office,,7,,
trv,2,SP,"VIT 34",France,Tunis,office,,6,,
trv,2,SP,"VIT 34","Gabon Republic",Paris,office,,1,,
trv,2,SP,"VIT 34",Gambia,Ankara,office,,1,,
trv,2,SP,"VIT 34",Gambia,Beijing,office,,1,,
trv,2,SP,"VIT 34",Gambia,Dakar,office,2,2,,
trv,2,SP,"VIT 34",Georgia,Ankara,office,,1,,
trv,2,SP,"VIT 34",Georgia,"Case Processing Centre Ottawa",office,,1,,
trv,2,SP,"VIT 34",Ghana,Accra,office,,18,,
trv,2,SP,"VIT 34",Ghana,Ankara,office,,2,,
trv,2,SP,"VIT 34",Ghana,Beijing,office,2,8,,
trv,2,SP,"VIT 34",Ghana,"Case Processing Centre Ottawa",office,,5,,
trv,2,SP,"VIT 34",Ghana,Manila,office,,1,,
trv,2,SP,"VIT 34",Ghana,Warsaw,office,,1,,
trv,2,SP,"VIT 34",Ghana,Winnipeg,office,,6,,
trv,2,SP,"VIT 34","Guinea, Republic of",Ankara,office,,2,,
trv,2,SP,"VIT 34","Guinea, Republic of",Beijing,office,,2,,
trv,2,SP,"VIT 34","Guinea, Republic of",Bucharest,office,,2,,
trv,2,SP,"VIT 34","Guinea, Republic of","Case Processing Centre Ottawa",office,,1,,
trv,2,SP,"VIT 34","Guinea, Republic of",Rabat,office,,2,,
trv,2,SP,"VIT 34","Guinea, Republic of",RROC,office,1,2,,
trv,2,SP,"VIT 34","Guinea, Republic of",Tunis,office,,2,,
trv,2,SP,"VIT 34",Haiti,"Mexico City",office,2,15,,
trv,2,SP,"VIT 34",Haiti,Paris,office,,1,,
trv,2,SP,"VIT 34",Haiti,Tunis,office,,1,,
trv,2,SP,"VIT 34",Honduras,"Mexico City",office,,3,,
trv,2,SP,"VIT 34","Hong Kong SAR",Beijing,office,1,6,,
trv,2,SP,"VIT 34","Hong Kong SAR","Hong Kong",office,,25,,
trv,3,SP,"VIT 34","Hong Kong SAR","Operations Support Centre",office,,2,,
trv,3,SP,"VIT 34",India,"Abu Dhabi",office,,17,,
trv,3,SP,"VIT 34",India,Ankara,office,,1,,
trv,3,SP,"VIT 34",India,Bangalore,office,,3,,
trv,3,SP,"VIT 34",India,"Case Processing Centre Edmonton",office,,33,,
trv,3,SP,"VIT 34",India,"Case Processing Centre Ottawa",office,,76,,
trv,3,SP,"VIT 34",India,"CN India",office,,2,,
trv,3,SP,"VIT 34",India,"CN Middle East",office,1,2,,
trv,3,SP,"VIT 34",India,Dakar,office,,1,,
trv,3,SP,"VIT 34",India,Dar-Es-Salaam,office,,1,,
trv,3,SP,"VIT 34",India,"Los Angeles",office,,1,,
trv,3,SP,"VIT 34",India,Manila,office,,1,,
trv,3,SP,"VIT 34",India,"New Delhi",office,,7,,
trv,3,SP,"VIT 34",India,"Operations Support Centre",office,2,117,,
trv,3,SP,"VIT 34",India,Riyadh,office,1,32,,
trv,3,SP,"VIT 34",India,"Sydney Australia",office,,1,,
trv,3,SP,"VIT 34",India,Warsaw,office,,2,,
trv,3,SP,"VIT 34",Iran,"Abu Dhabi",office,1,31,,
trv,3,SP,"VIT 34",Iran,Accra,office,,1,,
trv,3,SP,"VIT 34",Iran,Amman,office,1,4,,
trv,3,SP,"VIT 34",Iran,Ankara,office,73,1949,,
trv,3,SP,"VIT 34",Iran,Beijing,office,,5,,
trv,3,SP,"VIT 34",Iran,Bogota,office,,2,,
trv,3,SP,"VIT 34",Iran,Bucharest,office,,3,,
trv,3,SP,"VIT 34",Iran,"Case Processing Centre Edmonton",office,,7,,
trv,3,SP,"VIT 34",Iran,"Case Processing Centre Ottawa",office,11,3091,,
trv,3,SP,"VIT 34",Iran,"CN China",office,1,1,,
trv,3,SP,"VIT 34",Iran,"CN India",office,,1,,
trv,3,SP,"VIT 34",Iran,"CN Iran",office,620,2428,,
trv,3,SP,"VIT 34",Iran,"CN Middle East",office,1,1,,
trv,3,SP,"VIT 34",Iran,"CN North Africa",office,,1,,
trv,3,SP,"VIT 34",Iran,Dakar,office,,1,,
trv,3,SP,"VIT 34",Iran,"Hong Kong",office,,3,,
trv,3,SP,"VIT 34",Iran,"London England",office,1,37,,
trv,3,SP,"VIT 34",Iran,"Los Angeles",office,,1,,
trv,3,SP,"VIT 34",Iran,Manila,office,,10,,
trv,3,SP,"VIT 34",Iran,Moscow,office,,2,,
trv,3,SP,"VIT 34",Iran,Nairobi,office,,1,,
trv,3,SP,"VIT 34",Iran,"Operations Support Centre",office,,26,,
trv,3,SP,"VIT 34",Iran,Paris,office,1,29,,
trv,3,SP,"VIT 34",Iran,"Port of Spain",office,,2,,
trv,3,SP,"VIT 34",Iran,Pretoria,office,,7,,
trv,3,SP,"VIT 34",Iran,Rome,office,22,148,,
trv,3,SP,"VIT 34",Iran,"Sao Paulo",office,,2,,
trv,3,SP,"VIT 34",Iran,Seoul,office,,1,,
trv,3,SP,"VIT 34",Iran,Singapore,office,2,21,,
trv,3,SP,"VIT 34",Iran,"Sydney Australia",office,,11,,
trv,3,SP,"VIT 34",Iran,Vienna,office,8,45,,
trv,3,SP,"VIT 34",Iran,Warsaw,office,2,14,,
trv,3,SP,"VIT 34",Iraq,"Abu Dhabi",office,,7,,
trv,3,SP,"VIT 34",Iraq,Amman,office,3,65,,
trv,3,SP,"VIT 34",Iraq,Ankara,office,1,25,,
trv,3,SP,"VIT 34",Iraq,"Case Processing Centre Ottawa",office,,7,,
trv,3,SP,"VIT 34",Iraq,"Operations Support Centre",office,,2,,
trv,3,SP,"VIT 34",Iraq,Rabat,office,,1,,
trv,3,SP,"VIT 34",Iraq,Singapore,office,1,1,,
trv,3,SP,"VIT 34",Israel,Ankara,office,,2,,
trv,3,SP,"VIT 34",Israel,Bogota,office,,1,,
trv,3,SP,"VIT 34",Israel,"Case Processing Centre Ottawa",office,,1,,
trv,3,SP,"VIT 34",Israel,Pretoria,office,,1,,
trv,3,SP,"VIT 34",Israel,"Tel Aviv",office,1,4,,
trv,3,SP,"VIT 34",Israel,Warsaw,office,,1,,
trv,3,SP,"VIT 34",Italy,"Operations Support Centre",office,,2,,
trv,3,SP,"VIT 34",Jamaica,"Case Processing Centre Ottawa",office,,1,,
trv,3,SP,"VIT 34",Japan,"Operations Support Centre",office,,5,,
trv,3,SP,"VIT 34",Jordan,"Abu Dhabi",office,,20,,
trv,3,SP,"VIT 34",Jordan,Amman,office,,333,,
trv,3,SP,"VIT 34",Jordan,Ankara,office,,63,,
trv,3,SP,"VIT 34",Jordan,Beirut,office,,1,,
trv,3,SP,"VIT 34",Jordan,"Case Processing Centre Ottawa",office,,8,,
trv,3,SP,"VIT 34",Jordan,"Los Angeles",office,,1,,
trv,3,SP,"VIT 34",Jordan,Riyadh,office,,18,,
trv,3,SP,"VIT 34",Jordan,"Sydney Australia",office,,1,,
trv,3,SP,"VIT 34",Jordan,"Tel Aviv",office,,3,,
trv,3,SP,"VIT 34",Kazakhstan,Amman,office,,2,,
trv,3,SP,"VIT 34",Kazakhstan,"London England",office,,1,,
trv,3,SP,"VIT 34",Kazakhstan,Moscow,office,,1,,
trv,3,SP,"VIT 34",Kazakhstan,Warsaw,office,,2,,
trv,3,SP,"VIT 34",Kenya,"Abu Dhabi",office,,1,,
trv,3,SP,"VIT 34",Kenya,Ankara,office,,1,,
trv,3,SP,"VIT 34",Kenya,"Case Processing Centre Ottawa",office,,1,,
trv,3,SP,"VIT 34",Kenya,Nairobi,office,1,4,,
trv,3,SP,"VIT 34",Kenya,RROC,office,,1,,
trv,3,SP,"VIT 34","Korea, Republic of","Case Processing Centre Ottawa",office,,2,,
trv,3,SP,"VIT 34","Korea, Republic of","Operations Support Centre",office,,7,,
trv,3,SP,"VIT 34","Kosovo, Republic of",Ankara,office,,1,,
trv,3,SP,"VIT 34",Kuwait,"Abu Dhabi",office,,2,,
trv,3,SP,"VIT 34",Kuwait,"London England",office,,1,,
trv,3,SP,"VIT 34",Lebanon,"Abu Dhabi",office,,14,,
trv,3,SP,"VIT 34",Lebanon,Ankara,office,,81,,
trv,3,SP,"VIT 34",Lebanon,Beirut,office,2,87,,
trv,3,SP,"VIT 34",Lebanon,"Case Processing Centre Ottawa",office,,5,,
trv,3,SP,"VIT 34",Lebanon,"Matching Centre",office,,2,,
trv,3,SP,"VIT 34",Lebanon,Paris,office,,8,,
trv,4,SP,"VIT 34",Lebanon,Pretoria,office,,1,,
trv,4,SP,"VIT 34",Lebanon,Riyadh,office,,8,,
trv,4,SP,"VIT 34",Lebanon,"Sao Paulo",office,,1,,
trv,4,SP,"VIT 34",Lebanon,"Sydney Australia",office,,1,,
trv,4,SP,"VIT 34",Liberia,Ankara,office,,1,,
trv,4,SP,"VIT 34",Liberia,Rome,office,,1,,
trv,4,SP,"VIT 34",Libya,"Abu Dhabi",office,,3,,
trv,4,SP,"VIT 34",Libya,Amman,office,,1,,
trv,4,SP,"VIT 34",Libya,Ankara,office,,2,,
trv,4,SP,"VIT 34",Libya,Cairo,office,,2,,
trv,4,SP,"VIT 34",Libya,"Case Processing Centre Ottawa",office,,2,,
trv,4,SP,"VIT 34",Libya,Paris,office,,1,,
trv,4,SP,"VIT 34",Libya,Pretoria,office,,2,,
trv,4,SP,"VIT 34",Libya,Rabat,office,1,1,,
trv,4,SP,"VIT 34",Libya,Singapore,office,,2,,
trv,4,SP,"VIT 34",Libya,Tunis,office,,123,,
trv,4,SP,"VIT 34","Macao SAR",Beijing,office,,1,,
trv,4,SP,"VIT 34",Madagascar,Pretoria,office,,2,,
trv,4,SP,"VIT 34","Mali, Republic of",Dakar,office,1,1,,
trv,4,SP,"VIT 34",Mauritania,Dakar,office,,1,,
trv,4,SP,"VIT 34",Mauritania,Paris,office,,4,,
trv,4,SP,"VIT 34",Mauritius,Pretoria,office,1,4,,
trv,4,SP,"VIT 34",Mexico,Beirut,office,,1,,
trv,4,SP,"VIT 34",Mexico,"Case Processing Centre Ottawa",office,,1,,
trv,4,SP,"VIT 34",Mexico,"CN Americas",office,,1,,
trv,4,SP,"VIT 34",Mexico,"Mexico City",office,,8,,
trv,4,SP,"VIT 34","Mongolia, People's Republic of","Case Processing Centre Ottawa",office,,1,,
trv,4,SP,"VIT 34","Mongolia, People's Republic of","Hong Kong",office,,2,,
trv,4,SP,"VIT 34",Morocco,"Abu Dhabi",office,,2,,
trv,4,SP,"VIT 34",Morocco,Guangzhou,office,,1,,
trv,4,SP,"VIT 34",Morocco,"Operations Support Centre",office,,1,,
trv,4,SP,"VIT 34",Morocco,Paris,office,,1,,
trv,4,SP,"VIT 34",Morocco,Rabat,office,,51,,
trv,4,SP,"VIT 34",Morocco,Vienna,office,,1,,
trv,4,SP,"VIT 34","Myanmar (Burma)","Ho Chi Minh City Vietnam",office,,1,,
trv,4,SP,"VIT 34",Nepal,"Case Processing Centre Ottawa",office,,6,,
trv,4,SP,"VIT 34",Nepal,"Operations Support Centre",office,,1,,
trv,4,SP,"VIT 34",Nicaragua,"Mexico City",office,,1,,
trv,4,SP,"VIT 34",Nigeria,"Abu Dhabi",office,,1,,
trv,4,SP,"VIT 34",Nigeria,Accra,office,,1,,
trv,4,SP,"VIT 34",Nigeria,Ankara,office,,3,,
trv,4,SP,"VIT 34",Nigeria,Beijing,office,2,7,,
trv,4,SP,"VIT 34",Nigeria,"Case Processing Centre Ottawa",office,1,10,,
trv,4,SP,"VIT 34",Nigeria,"London England",office,,1,,
trv,4,SP,"VIT 34",Nigeria,Nairobi,office,,24,,
trv,4,SP,"VIT 34",Nigeria,"New York",office,,1,,
trv,4,SP,"VIT 34",Nigeria,"Operations Support Centre",office,,1,,
trv,4,SP,"VIT 34",Nigeria,Pretoria,office,1,2,,
trv,4,SP,"VIT 34",Nigeria,Riyadh,office,,2,,
trv,4,SP,"VIT 34",Nigeria,RROC,office,26,65,,
trv,4,SP,"VIT 34",Nigeria,"Sao Paulo",office,,2,,
trv,4,SP,"VIT 34",Nigeria,Shanghai,office,,1,,
trv,4,SP,"VIT 34",Nigeria,Warsaw,office,,1,,
trv,4,SP,"VIT 34",Oman,"Abu Dhabi",office,,2,,
trv,4,SP,"VIT 34",Oman,"Case Processing Centre Ottawa",office,,1,,
trv,4,SP,"VIT 34",Pakistan,"Abu Dhabi",office,16,517,,
trv,4,SP,"VIT 34",Pakistan,Amman,office,,1,,
trv,4,SP,"VIT 34",Pakistan,Ankara,office,2,13,,
trv,4,SP,"VIT 34",Pakistan,Beijing,office,5,13,,
trv,4,SP,"VIT 34",Pakistan,"Case Processing Centre Ottawa",office,3,38,,
trv,4,SP,"VIT 34",Pakistan,"CN Iran",office,1,1,,
trv,4,SP,"VIT 34",Pakistan,"CN Middle East",office,35,49,,
trv,4,SP,"VIT 34",Pakistan,Dar-Es-Salaam,office,,2,,
trv,4,SP,"VIT 34",Pakistan,"Hong Kong",office,,1,,
trv,4,SP,"VIT 34",Pakistan,Islamabad,office,,5,,
trv,4,SP,"VIT 34",Pakistan,"London England",office,1,6,,
trv,4,SP,"VIT 34",Pakistan,"Los Angeles",office,,1,,
trv,4,SP,"VIT 34",Pakistan,Manila,office,1,8,,
trv,4,SP,"VIT 34",Pakistan,Nairobi,office,,1,,
trv,4,SP,"VIT 34",Pakistan,"Operations Support Centre",office,1,43,,
trv,4,SP,"VIT 34",Pakistan,Paris,office,,7,,
trv,4,SP,"VIT 34",Pakistan,Riyadh,office,,39,,
trv,4,SP,"VIT 34",Pakistan,Rome,office,1,5,,
trv,4,SP,"VIT 34",Pakistan,Shanghai,office,,1,,
trv,4,SP,"VIT 34",Pakistan,Singapore,office,2,2,,
trv,4,SP,"VIT 34",Pakistan,"Sydney Australia",office,,21,,
trv,4,SP,"VIT 34",Pakistan,Vienna,office,2,5,,
trv,4,SP,"VIT 34",Pakistan,Warsaw,office,,123,,
trv,4,SP,"VIT 34","Palestinian Authority (Gaza/West Bank)","Abu Dhabi",office,,8,,
trv,4,SP,"VIT 34","Palestinian Authority (Gaza/West Bank)",Amman,office,21,84,,
trv,4,SP,"VIT 34","Palestinian Authority (Gaza/West Bank)",Ankara,office,1,34,,
trv,4,SP,"VIT 34","Palestinian Authority (Gaza/West Bank)",Cairo,office,34,51,,
trv,4,SP,"VIT 34","Palestinian Authority (Gaza/West Bank)","Case Processing Centre Edmonton",office,1,1,,
trv,4,SP,"VIT 34","Palestinian Authority (Gaza/West Bank)","Case Processing Centre Ottawa",office,,5,,
trv,4,SP,"VIT 34","Palestinian Authority (Gaza/West Bank)",Jakarta,office,1,1,,
trv,4,SP,"VIT 34","Palestinian Authority (Gaza/West Bank)","London England",office,1,1,,
trv,4,SP,"VIT 34","Palestinian Authority (Gaza/West Bank)",Paris,office,,1,,
trv,4,SP,"VIT 34","Palestinian Authority (Gaza/West Bank)",Riyadh,office,,14,,
trv,4,SP,"VIT 34","Palestinian Authority (Gaza/West Bank)","Tel Aviv",office,,1,,
trv,4,SP,"VIT 34","Palestinian Authority (Gaza/West Bank)",Vienna,office,,3,,
trv,5,SP,"VIT 34","Panama, Republic of",Bogota,office,,1,,
trv,5,SP,"VIT 34","Panama, Republic of","Mexico City",office,,2,,
trv,5,SP,"VIT 34","Peoples Republic of Benin",Accra,office,,5,,
trv,5,SP,"VIT 34","Peoples Republic of Benin",Ankara,office,,1,,
trv,5,SP,"VIT 34","Peoples Republic of Benin",Beijing,office,,1,,
trv,5,SP,"VIT 34","Peoples Republic of Benin",Tunis,office,,2,,
trv,5,SP,"VIT 34","People's Republic of China","Abu Dhabi",office,,1,,
trv,5,SP,"VIT 34","People's Republic of China",Ankara,office,,2,,
trv,5,SP,"VIT 34","People's Republic of China",Beijing,office,734,4064,,
trv,5,SP,"VIT 34","People's Republic of China",Bogota,office,,1,,
trv,5,SP,"VIT 34","People's Republic of China",Cairo,office,,1,,
trv,5,SP,"VIT 34","People's Republic of China","Case Processing Centre Edmonton",office,,42,,
trv,5,SP,"VIT 34","People's Republic of China","Case Processing Centre Ottawa",office,14,736,,
trv,5,SP,"VIT 34","People's Republic of China","Case Review Citizenship And Immigration Cases",office,,1,,
trv,5,SP,"VIT 34","People's Republic of China","CN China",office,36,153,,
trv,5,SP,"VIT 34","People's Republic of China","CN India",office,,2,,
trv,5,SP,"VIT 34","People's Republic of China",Guangzhou,office,,27,,
trv,5,SP,"VIT 34","People's Republic of China","Ho Chi Minh City Vietnam",office,,1,,
trv,5,SP,"VIT 34","People's Republic of China","Hong Kong",office,,17,,
trv,5,SP,"VIT 34","People's Republic of China",Jakarta,office,1,1,,
trv,5,SP,"VIT 34","People's Republic of China",Lima,office,,1,,
trv,5,SP,"VIT 34","People's Republic of China","London England",office,,35,,
trv,5,SP,"VIT 34","People's Republic of China",Manila,office,,5,,
trv,5,SP,"VIT 34","People's Republic of China","Mexico City",office,,1,,
trv,5,SP,"VIT 34","People's Republic of China",Nairobi,office,,3,,
trv,5,SP,"VIT 34","People's Republic of China","New York",office,,5,,
trv,5,SP,"VIT 34","People's Republic of China","Operations Support Centre",office,,83,,
trv,5,SP,"VIT 34","People's Republic of China","Ottawa IR",office,,1,,
trv,5,SP,"VIT 34","People's Republic of China",Paris,office,1,7,,
trv,5,SP,"VIT 34","People's Republic of China",Pretoria,office,,4,,
trv,5,SP,"VIT 34","People's Republic of China",Riyadh,office,,2,,
trv,5,SP,"VIT 34","People's Republic of China",Rome,office,1,2,,
trv,5,SP,"VIT 34","People's Republic of China",RROC,office,,1,,
trv,5,SP,"VIT 34","People's Republic of China","Sao Paulo",office,,2,,
trv,5,SP,"VIT 34","People's Republic of China",Shanghai,office,,88,,
trv,5,SP,"VIT 34","People's Republic of China",Singapore,office,,11,,
trv,5,SP,"VIT 34","People's Republic of China","Sydney Australia",office,6,46,,
trv,5,SP,"VIT 34","People's Republic of China",Vienna,office,4,16,,
trv,5,SP,"VIT 34","People's Republic of China",Warsaw,office,,2,,
trv,5,SP,"VIT 34",Peru,"Case Processing Centre Ottawa",office,,1,,
trv,5,SP,"VIT 34",Peru,Lima,office,,2,,
trv,5,SP,"VIT 34",Philippines,"Abu Dhabi",office,,1,,
trv,5,SP,"VIT 34",Philippines,"Calgary Citizenship and Immigration Canada",office,,1,,
trv,5,SP,"VIT 34",Philippines,"Case Processing Centre Edmonton",office,,1,,
trv,5,SP,"VIT 34",Philippines,"CN South Asia",office,,1,,
trv,5,SP,"VIT 34",Philippines,Manila,office,1,6,,
trv,5,SP,"VIT 34",Philippines,"Operations Support Centre",office,,1,,
trv,5,SP,"VIT 34",Philippines,Paris,office,,1,,
trv,5,SP,"VIT 34",Philippines,Riyadh,office,,5,,
trv,5,SP,"VIT 34",Philippines,Tunis,office,,2,,
trv,5,SP,"VIT 34",Philippines,"Whitehorse IRCC",office,,1,,
trv,5,SP,"VIT 34",Poland,"Operations Support Centre",office,,1,,
trv,5,SP,"VIT 34",Qatar,"Abu Dhabi",office,,3,,
trv,5,SP,"VIT 34","Republic of Djibouti",Ankara,office,,1,,
trv,5,SP,"VIT 34","Republic of Indonesia",Ankara,office,,1,,
trv,5,SP,"VIT 34","Republic of Indonesia",Jakarta,office,1,2,,
trv,5,SP,"VIT 34","Republic of Ireland",Ankara,office,,2,,
trv,5,SP,"VIT 34","Republic of Ivory Coast","Case Processing Centre Ottawa",office,,1,,
trv,5,SP,"VIT 34","Republic of Ivory Coast",Dakar,office,,5,,
trv,5,SP,"VIT 34","Republic of Ivory Coast",Paris,office,,4,,
trv,5,SP,"VIT 34","Republic of Ivory Coast",RROC,office,,6,,
trv,5,SP,"VIT 34","Republic of Ivory Coast",Warsaw,office,,1,,
trv,5,SP,"VIT 34","Republic of South Africa",Pretoria,office,1,4,,
trv,5,SP,"VIT 34","Republic of the Niger",Ankara,office,,2,,
trv,5,SP,"VIT 34","Republic of the Niger",Paris,office,,6,,
trv,5,SP,"VIT 34","Republic of the Niger",Tunis,office,,1,,
trv,5,SP,"VIT 34",Romania,Bucharest,office,,1,,
trv,5,SP,"VIT 34",Russia,"Abu Dhabi",office,,2,,
trv,5,SP,"VIT 34",Russia,Ankara,office,,6,,
trv,5,SP,"VIT 34",Russia,Beijing,office,,3,,
trv,5,SP,"VIT 34",Russia,"Buenos Aires",office,,1,,
trv,5,SP,"VIT 34",Russia,"Case Processing Centre Ottawa",office,1,8,,
trv,5,SP,"VIT 34",Russia,"Ho Chi Minh City Vietnam",office,,1,,
trv,5,SP,"VIT 34",Russia,"London England",office,,3,,
trv,5,SP,"VIT 34",Russia,Moscow,office,,11,,
trv,5,SP,"VIT 34",Russia,"New York",office,,1,,
trv,5,SP,"VIT 34",Russia,Riyadh,office,,1,,
trv,5,SP,"VIT 34",Russia,Rome,office,,1,,
trv,5,SP,"VIT 34",Russia,Singapore,office,1,1,,
trv,5,SP,"VIT 34",Russia,Vienna,office,1,14,,
trv,5,SP,"VIT 34",Russia,Warsaw,office,9,72,,
trv,5,SP,"VIT 34",Rwanda,Beijing,office,,2,,
trv,5,SP,"VIT 34",Rwanda,"Case Processing Centre Ottawa",office,,1,,
trv,5,SP,"VIT 34",Rwanda,Dar-Es-Salaam,office,,4,,
trv,5,SP,"VIT 34",Rwanda,Guangzhou,office,,1,,
trv,5,SP,"VIT 34",Rwanda,"Sydney Australia",office,,1,,
trv,5,SP,"VIT 34","Saudi Arabia","Abu Dhabi",office,,1,,
trv,5,SP,"VIT 34","Saudi Arabia",Beirut,office,,1,,
trv,5,SP,"VIT 34","Saudi Arabia",Bogota,office,,1,,
trv,5,SP,"VIT 34","Saudi Arabia","Case Processing Centre Edmonton",office,,1,,
trv,5,SP,"VIT 34","Saudi Arabia","Case Processing Centre Ottawa",office,,4,,
trv,5,SP,"VIT 34","Saudi Arabia","London England",office,,1,,
trv,6,SP,"VIT 34","Saudi Arabia",Riyadh,office,1,35,,
trv,6,SP,"VIT 34","Saudi Arabia",Shanghai,office,,1,,
trv,6,SP,"VIT 34",Senegal,Beijing,office,,1,,
trv,6,SP,"VIT 34",Senegal,Dakar,office,,1,,
trv,6,SP,"VIT 34",Senegal,Paris,office,,2,,
trv,6,SP,"VIT 34",Senegal,Rabat,office,,1,,
trv,6,SP,"VIT 34",Senegal,RROC,office,,2,,
trv,6,SP,"VIT 34",Senegal,Tunis,office,,1,,
trv,6,SP,"VIT 34","Sierra Leone",Accra,office,,1,,
trv,6,SP,"VIT 34","Socialist Republic of Vietnam","Case Processing Centre Edmonton",office,,1,,
trv,6,SP,"VIT 34","Socialist Republic of Vietnam","Case Processing Centre Ottawa",office,,1,,
trv,6,SP,"VIT 34","Socialist Republic of Vietnam","CN Middle East",office,1,1,,
trv,6,SP,"VIT 34","Socialist Republic of Vietnam","Ho Chi Minh City Vietnam",office,3,5,,
trv,6,SP,"VIT 34","Socialist Republic of Vietnam","Operations Support Centre",office,,2,,
trv,6,SP,"VIT 34","Somalia, Democratic Republic of","Case Processing Centre Ottawa",office,,1,,
trv,6,SP,"VIT 34","Somalia, Democratic Republic of","London England",office,1,1,,
trv,6,SP,"VIT 34","Somalia, Democratic Republic of",Nairobi,office,,1,,
trv,6,SP,"VIT 34","Somalia, Democratic Republic of",Pretoria,office,,1,,
trv,6,SP,"VIT 34",Spain,"Operations Support Centre",office,,1,,
trv,6,SP,"VIT 34","Sri Lanka","Case Processing Centre Ottawa",office,,1,,
trv,6,SP,"VIT 34","Sri Lanka",Colombo,office,,3,,
trv,6,SP,"VIT 34","Sri Lanka",Pretoria,office,,1,,
trv,6,SP,"VIT 34","Sri Lanka",Vienna,office,,1,,
trv,6,SP,"VIT 34","St. Kitts-Nevis","Abu Dhabi",office,,2,,
trv,6,SP,"VIT 34","St. Kitts-Nevis",Ankara,office,,2,,
trv,6,SP,"VIT 34","St. Kitts-Nevis","Case Processing Centre Ottawa",office,,1,,
trv,6,SP,"VIT 34","St. Lucia","Case Processing Centre Ottawa",office,,1,,
trv,6,SP,"VIT 34",Stateless,"Abu Dhabi",office,1,17,,
trv,6,SP,"VIT 34",Stateless,Ankara,office,,11,,
trv,6,SP,"VIT 34",Stateless,Beirut,office,,13,,
trv,6,SP,"VIT 34",Stateless,"London England",office,,1,,
trv,6,SP,"VIT 34",Stateless,"Operations Support Centre",office,,1,,
trv,6,SP,"VIT 34",Stateless,Riyadh,office,,2,,
trv,6,SP,"VIT 34",Syria,"Abu Dhabi",office,1,20,,
trv,6,SP,"VIT 34",Syria,Amman,office,,10,,
trv,6,SP,"VIT 34",Syria,Ankara,office,,17,,
trv,6,SP,"VIT 34",Syria,Beirut,office,,7,,
trv,6,SP,"VIT 34",Syria,Cairo,office,1,2,,
trv,6,SP,"VIT 34",Syria,"Case Processing Centre Ottawa",office,,4,,
trv,6,SP,"VIT 34",Syria,"London England",office,,1,,
trv,6,SP,"VIT 34",Syria,"Los Angeles",office,,1,,
trv,6,SP,"VIT 34",Syria,Manila,office,,1,,
trv,6,SP,"VIT 34",Syria,Paris,office,,1,,
trv,6,SP,"VIT 34",Syria,"Port of Spain",office,,1,,
trv,6,SP,"VIT 34",Syria,Riyadh,office,,10,,
trv,6,SP,"VIT 34",Syria,Singapore,office,,1,,
trv,6,SP,"VIT 34",Syria,"Sydney Australia",office,,1,,
trv,6,SP,"VIT 34",Syria,Vienna,office,,2,,
trv,6,SP,"VIT 34",Syria,Warsaw,office,,1,,
trv,6,SP,"VIT 34",Tajikistan,"Abu Dhabi",office,,1,,
trv,6,SP,"VIT 34",Tajikistan,Warsaw,office,,3,,
trv,6,SP,"VIT 34",Taiwan,Ankara,office,,1,,
trv,6,SP,"VIT 34",Taiwan,Beijing,office,1,1,,
trv,6,SP,"VIT 34",Taiwan,"Case Processing Centre Ottawa",office,,5,,
trv,6,SP,"VIT 34",Taiwan,Manila,office,,1,,
trv,6,SP,"VIT 34",Taiwan,"Operations Support Centre",office,2,4,,
trv,6,SP,"VIT 34","Togo, Republic of",Accra,office,,2,,
trv,6,SP,"VIT 34","Togo, Republic of",Ankara,office,,1,,
trv,6,SP,"VIT 34","Togo, Republic of",Paris,office,,1,,
trv,6,SP,"VIT 34","Togo, Republic of",Warsaw,office,,1,,
trv,6,SP,"VIT 34","Trinidad and Tobago, Republic of","Port of Spain",office,,1,,
trv,6,SP,"VIT 34",Tunisia,"Abu Dhabi",office,,8,,
trv,6,SP,"VIT 34",Tunisia,Amman,office,,1,,
trv,6,SP,"VIT 34",Tunisia,Ankara,office,,1,,
trv,6,SP,"VIT 34",Tunisia,Bucharest,office,,26,,
trv,6,SP,"VIT 34",Tunisia,"Case Processing Centre Edmonton",office,,2,,
trv,6,SP,"VIT 34",Tunisia,"Case Processing Centre Ottawa",office,,6,,
trv,6,SP,"VIT 34",Tunisia,"Los Angeles",office,,1,,
trv,6,SP,"VIT 34",Tunisia,"New York",office,,2,,
trv,6,SP,"VIT 34",Tunisia,Paris,office,2,5,,
trv,6,SP,"VIT 34",Tunisia,Riyadh,office,,1,,
trv,6,SP,"VIT 34",Tunisia,Tunis,office,,511,,
trv,6,SP,"VIT 34",Tunisia,Vienna,office,,3,,
trv,6,SP,"VIT 34",Turkey,"Abu Dhabi",office,,1,,
trv,6,SP,"VIT 34",Turkey,Ankara,office,,28,,
trv,6,SP,"VIT 34",Turkey,"Case Processing Centre Ottawa",office,,1,,
trv,6,SP,"VIT 34",Turkey,"London England",office,,1,,
trv,6,SP,"VIT 34",Turkey,"Matching Centre",office,,2,,
trv,6,SP,"VIT 34",Turkey,"Mexico City",office,,1,,
trv,6,SP,"VIT 34",Turkey,Nairobi,office,,1,,
trv,6,SP,"VIT 34",Turkey,Riyadh,office,,1,,
trv,6,SP,"VIT 34",Turkey,"Sydney Australia",office,,1,,
trv,6,SP,"VIT 34",Turkey,Vienna,office,,1,,
trv,6,SP,"VIT 34",Turkey,Warsaw,office,,1,,
trv,6,SP,"VIT 34",Turkmenistan,Ankara,office,,1,,
trv,6,SP,"VIT 34",Turkmenistan,Moscow,office,,1,,
trv,6,SP,"VIT 34",Turkmenistan,Pretoria,office,,1,,
trv,6,SP,"VIT 34",Turkmenistan,Singapore,office,,1,,
trv,6,SP,"VIT 34",Uganda,"Case Processing Centre Ottawa",office,,1,,
trv,6,SP,"VIT 34",Uganda,Nairobi,office,2,2,,
trv,7,SP,"VIT 34",Ukraine,Ankara,office,,1,,
trv,7,SP,"VIT 34",Ukraine,"Case Processing Centre Ottawa",office,,5,,
trv,7,SP,"VIT 34",Ukraine,"CN Middle East",office,1,1,,
trv,7,SP,"VIT 34",Ukraine,Kyiv,office,,1,,
trv,7,SP,"VIT 34","United Kingdom and Overseas Territories",Amman,office,,1,,
trv,7,SP,"VIT 34","United Kingdom and Overseas Territories",Ankara,office,,1,,
trv,7,SP,"VIT 34","United Kingdom and Overseas Territories","Case Processing Centre Ottawa",office,,1,,
trv,7,SP,"VIT 34","United Kingdom and Overseas Territories","Hong Kong",office,,4,,
trv,7,SP,"VIT 34","United Kingdom and Overseas Territories","Operations Support Centre",office,,2,,
trv,7,SP,"VIT 34","United Kingdom and Overseas Territories",Pretoria,office,,1,,
trv,7,SP,"VIT 34","United Kingdom and Overseas Territories",Shanghai,office,,1,,
trv,7,SP,"VIT 34","United Republic of Tanzania",Beijing,office,,1,,
trv,7,SP,"VIT 34","United Republic of Tanzania",Dar-Es-Salaam,office,,2,,
trv,7,SP,"VIT 34","United States of America",Amman,office,,2,,
trv,7,SP,"VIT 34","United States of America","Buenos Aires",office,,1,,
trv,7,SP,"VIT 34","United States of America","Case Processing Centre Ottawa",office,1,1,,
trv,7,SP,"VIT 34","United States of America","Operations Support Centre",office,2,2,,
trv,7,SP,"VIT 34","United States of America",Pretoria,office,1,1,,
trv,7,SP,"VIT 34","United States of America","Tel Aviv",office,,1,,
trv,7,SP,"VIT 34",Uzbekistan,"Abu Dhabi",office,,2,,
trv,7,SP,"VIT 34",Uzbekistan,Moscow,office,,1,,
trv,7,SP,"VIT 34",Uzbekistan,Warsaw,office,,3,,
trv,7,SP,"VIT 34",Venezuela,Ankara,office,,1,,
trv,7,SP,"VIT 34",Venezuela,Bogota,office,,1,,
trv,7,SP,"VIT 34",Venezuela,"Buenos Aires",office,,5,,
trv,7,SP,"VIT 34",Venezuela,"Case Processing Centre Ottawa",office,,1,,
trv,7,SP,"VIT 34",Venezuela,Lima,office,,1,,
trv,7,SP,"VIT 34",Venezuela,"Mexico City",office,,3,,
trv,7,SP,"VIT 34",Venezuela,Riyadh,office,,1,,
trv,7,SP,"VIT 34","Yemen, Republic of","Abu Dhabi",office,,14,,
trv,7,SP,"VIT 34","Yemen, Republic of",Amman,office,,3,,
trv,7,SP,"VIT 34","Yemen, Republic of",Ankara,office,1,4,,
trv,7,SP,"VIT 34","Yemen, Republic of",Beijing,office,2,3,,
trv,7,SP,"VIT 34","Yemen, Republic of",Cairo,office,1,4,,
trv,7,SP,"VIT 34","Yemen, Republic of","Case Processing Centre Ottawa",office,,3,,
trv,7,SP,"VIT 34","Yemen, Republic of","Hong Kong",office,,1,,
trv,7,SP,"VIT 34","Yemen, Republic of","London England",office,,1,,
trv,7,SP,"VIT 34","Yemen, Republic of","Operations Support Centre",office,,1,,
trv,7,SP,"VIT 34","Yemen, Republic of",Paris,office,1,2,,
trv,7,SP,"VIT 34","Yemen, Republic of",Riyadh,office,,8,,
trv,7,SP,"VIT 34","Yemen, Republic of",Singapore,office,1,1,,
trv,7,SP,"VIT 34",Zambia,Pretoria,office,2,3,,
trv,7,SP,"VIT 34",Zimbabwe,Pretoria,office,1,4,,
trv,7,SP,"VIT 35",Algeria,Paris,office,,1,,
trv,7,SP,"VIT 35",Bangladesh,"CN South Asia",office,,1,,
trv,7,SP,"VIT 35","Chad, Republic of",Paris,office,,1,,
trv,7,SP,"VIT 35",Ghana,Accra,office,,4,,
trv,7,SP,"VIT 35",Ghana,Winnipeg,office,,1,,
trv,7,SP,"VIT 35",Haiti,"Mexico City",office,,2,,
trv,7,SP,"VIT 35","Hong Kong SAR","Hong Kong",office,,2,,
trv,7,SP,"VIT 35",India,Bangalore,office,,1,,
trv,7,SP,"VIT 35",India,"Case Processing Centre Ottawa",office,,5,,
trv,7,SP,"VIT 35",India,"CN India",office,,1,,
trv,7,SP,"VIT 35",India,"Los Angeles",office,,1,,
trv,7,SP,"VIT 35",India,"Operations Support Centre",office,,5,,
trv,7,SP,"VIT 35",India,RROC,office,,1,,
trv,7,SP,"VIT 35",Iran,Ankara,office,,2,,
trv,7,SP,"VIT 35",Iran,"Case Processing Centre Ottawa",office,,2,,
trv,7,SP,"VIT 35",Iran,"Operations Support Centre",office,,3,,
trv,7,SP,"VIT 35",Morocco,Rabat,office,,2,,
trv,7,SP,"VIT 35",Nigeria,RROC,office,1,3,,
trv,7,SP,"VIT 35",Pakistan,"Operations Support Centre",office,,2,,
trv,7,SP,"VIT 35","Peoples Republic of Benin",Accra,office,,1,,
trv,7,SP,"VIT 35","People's Republic of China",Beijing,office,1,1,,
trv,7,SP,"VIT 35","People's Republic of China",Vienna,office,,1,,
trv,7,SP,"VIT 35",Peru,Lima,office,,1,,
trv,7,SP,"VIT 35",Philippines,"CN South Asia",office,,2,,
trv,7,SP,"VIT 35","Republic of Ivory Coast",Dakar,office,,1,,
trv,7,SP,"VIT 35",Rwanda,Dar-Es-Salaam,office,,1,,
trv,7,SP,"VIT 35","Saudi Arabia",Bogota,office,,1,,
trv,7,SP,"VIT 35",Syria,Cairo,office,,1,,
trv,7,SP,"VIT 35","Togo, Republic of","Bucharest Global Operations Centre",office,,1,,
trv,7,SP,"VIT 35",Tunisia,Tunis,office,,5,,
trv,7,SP,"VIT 35",Uganda,Nairobi,office,1,1,,
trv,7,SP,"VIT 35",Venezuela,"Mexico City",office,,1,,
trv,8,SP,"VIT 35","Yemen, Republic of",Cairo,office,,1,,
trv,8,SP,"VIT 37",Albania,Vienna,office,,1,,
trv,8,SP,"VIT 37",Colombia,Bogota,office,,2,,
trv,8,SP,"VIT 37",Cyprus,Moscow,office,,1,,
trv,8,SP,"VIT 37","Guinea, Republic of",RROC,office,,1,,
trv,8,SP,"VIT 37","Hong Kong SAR","Hong Kong",office,,1,,
trv,8,SP,"VIT 37",India,Bangalore,office,,1,,
trv,8,SP,"VIT 37",India,"CN South Asia",office,,1,,
trv,8,SP,"VIT 37",Kenya,"Call Centre Montréal",office,,1,,
trv,8,SP,"VIT 37",Mexico,"Mexico City",office,,6,,
trv,8,SP,"VIT 37",Nigeria,Accra,office,,1,,
trv,8,SP,"VIT 37",Nigeria,RROC,office,,2,,
trv,8,SP,"VIT 37","Peoples Republic of Benin",Accra,office,,1,,
trv,8,SP,"VIT 37","Republic of Ivory Coast",Dakar,office,,1,,
trv,8,SP,"VIT 37","Republic of Ivory Coast",RROC,office,,1,,
trv,8,SP,"VIT 37",Russia,Vienna,office,,3,,
trv,8,SP,"VIT 37","Saudi Arabia",Bogota,office,,1,,
trv,8,SP,"VIT 37","United Kingdom and Overseas Territories","Call Centre Montréal",office,,1,,
trv,8,SP,"VIT 37",Venezuela,"Mexico City",office,,2,,
trv,8,SP-EXT,"VIT 34",Bangladesh,"Case Processing Centre Edmonton",office,1,1,,
trv,8,SP-EXT,"VIT 34","Botswana, Republic of","Case Processing Centre Ottawa",office,,1,,
trv,8,SP-EXT,"VIT 34","Democratic Republic of Sudan","Case Processing Centre Edmonton",office,1,1,,
trv,8,SP-EXT,"VIT 34",Eritrea,"Case Processing Centre Edmonton",office,1,1,,
trv,8,SP-EXT,"VIT 34",Ethiopia,"Case Processing Centre Edmonton",office,1,1,,
trv,8,SP-EXT,"VIT 34","Federal Republic of Cameroon","Case Processing Centre Edmonton",office,1,1,,
trv,8,SP-EXT,"VIT 34",India,"Case Processing Centre Edmonton",office,7,9,,
trv,8,SP-EXT,"VIT 34",India,"Case Processing Centre Ottawa",office,1,1,,
trv,8,SP-EXT,"VIT 34",Iran,"Calgary Citizenship and Immigration Canada",office,,1,,
trv,8,SP-EXT,"VIT 34",Iran,"Case Processing Centre Edmonton",office,11,21,,
trv,8,SP-EXT,"VIT 34",Iran,"Case Processing Centre Ottawa",office,6,6,,
trv,8,SP-EXT,"VIT 34",Iran,Yellowknife,office,,1,,
trv,8,SP-EXT,"VIT 34",Israel,"Case Processing Centre Edmonton",office,,1,,
trv,8,SP-EXT,"VIT 34",Jordan,"Case Processing Centre Edmonton",office,1,2,,
trv,8,SP-EXT,"VIT 34",Kenya,"Case Processing Centre Edmonton",office,1,1,,
trv,8,SP-EXT,"VIT 34","Korea, Republic of","Edmonton IRCC",office,,1,,
trv,8,SP-EXT,"VIT 34",Libya,"Case Processing Centre Edmonton",office,1,1,,
trv,8,SP-EXT,"VIT 34",Mexico,"Case Processing Centre Ottawa",office,,1,,
trv,8,SP-EXT,"VIT 34",Nigeria,"Case Processing Centre Edmonton",office,2,2,,
trv,8,SP-EXT,"VIT 34",Pakistan,"Edmonton IRCC",office,1,1,,
trv,8,SP-EXT,"VIT 34","Palestinian Authority (Gaza/West Bank)","Case Processing Centre Edmonton",office,5,18,,
trv,8,SP-EXT,"VIT 34","People's Republic of China","Case Processing Centre Edmonton",office,15,19,,
trv,8,SP-EXT,"VIT 34","People's Republic of China","Case Processing Centre Ottawa",office,2,4,,
trv,8,SP-EXT,"VIT 34","Saudi Arabia","Montreal Immigration",office,,1,,
trv,8,SP-EXT,"VIT 34","Togo, Republic of","Case Processing Centre Ottawa",office,,1,,
trv,8,SP-EXT,"VIT 34",Tunisia,"Case Processing Centre Edmonton",office,,1,,
trv,8,SP-EXT,"VIT 34",Ukraine,"Case Processing Centre Edmonton",office,3,3,,
trv,8,SP-EXT,"VIT 35","Korea, Republic of","Case Processing Centre Ottawa",office,,1,,
trv,8,SP-EXT,"VIT 35",Taiwan,"Case Processing Centre Ottawa",office,,1,,
trv,8,TRV,"VIT 34",Afghanistan,"Abu Dhabi",office,,93,,
trv,8,TRV,"VIT 34",Afghanistan,Amman,office,1,3,,
trv,8,TRV,"VIT 34",Afghanistan,Ankara,office,6,37,,
trv,8,TRV,"VIT 34",Afghanistan,Beijing,office,1,4,,
trv,8,TRV,"VIT 34",Afghanistan,"Buenos Aires",office,1,1,,
trv,8,TRV,"VIT 34",Afghanistan,"Calgary Citizenship and Immigration Canada",office,,1,,
trv,8,TRV,"VIT 34",Afghanistan,"Case Processing Centre Ottawa",office,2,122,,
trv,8,TRV,"VIT 34",Afghanistan,Islamabad,office,,47,,
trv,8,TRV,"VIT 34",Afghanistan,"London England",office,19,77,,
trv,8,TRV,"VIT 34",Afghanistan,Manila,office,,1,,
trv,8,TRV,"VIT 34",Afghanistan,Nairobi,office,,11,,
trv,8,TRV,"VIT 34",Afghanistan,"New Delhi",office,1,9,,
trv,8,TRV,"VIT 34",Afghanistan,"New York",office,,1,,
trv,9,TRV,"VIT 34",Afghanistan,"Ottawa IR",office,,1,,
trv,9,TRV,"VIT 34",Afghanistan,Paris,office,7,39,,
trv,9,TRV,"VIT 34",Afghanistan,Riyadh,office,,2,,
trv,9,TRV,"VIT 34",Afghanistan,Rome,office,,4,,
trv,9,TRV,"VIT 34",Afghanistan,RROC,office,1,1,,
trv,9,TRV,"VIT 34",Afghanistan,"Sydney Australia",office,6,30,,
trv,9,TRV,"VIT 34",Afghanistan,Vienna,office,10,87,,
trv,9,TRV,"VIT 34",Afghanistan,Warsaw,office,1,6,,
trv,9,TRV,"VIT 34",Afghanistan,Washington,office,,7,,
trv,9,TRV,"VIT 34",Afghanistan,Winnipeg,office,,3,,
trv,9,TRV,"VIT 34",Albania,"Abu Dhabi",office,,1,,
trv,9,TRV,"VIT 34",Albania,Amman,office,,1,,
trv,9,TRV,"VIT 34",Albania,Beijing,office,,1,,
trv,9,TRV,"VIT 34",Albania,"Case Processing Centre Ottawa",office,4,11,,
trv,9,TRV,"VIT 34",Albania,"London England",office,2,3,,
trv,9,TRV,"VIT 34",Albania,"Operations Support Centre",office,1,1,,
trv,9,TRV,"VIT 34",Albania,Paris,office,4,14,,
trv,9,TRV,"VIT 34",Albania,Rome,office,8,47,,
trv,9,TRV,"VIT 34",Albania,RROC,office,,2,,
trv,9,TRV,"VIT 34",Albania,"Vancouver Immigration",office,,3,,
trv,9,TRV,"VIT 34",Albania,Vienna,office,1,1,,
trv,9,TRV,"VIT 34",Albania,Washington,office,,1,,
trv,9,TRV,"VIT 34",Albania,Winnipeg,office,,1,,
trv,9,TRV,"VIT 34",Algeria,"Abu Dhabi",office,1,13,,
trv,9,TRV,"VIT 34",Algeria,Algiers,office,4,4,,
trv,9,TRV,"VIT 34",Algeria,Amman,office,,3,,
trv,9,TRV,"VIT 34",Algeria,Ankara,office,,1,,
trv,9,TRV,"VIT 34",Algeria,Beijing,office,,1,,
trv,9,TRV,"VIT 34",Algeria,"Case Processing Centre Ottawa",office,17,167,,
trv,9,TRV,"VIT 34",Algeria,"CN China",office,,2,,
trv,9,TRV,"VIT 34",Algeria,"CN Iran",office,1,67,,
trv,9,TRV,"VIT 34",Algeria,"CN Middle East",office,2,3,,
trv,9,TRV,"VIT 34",Algeria,"CN North Africa",office,38,185,,
trv,9,TRV,"VIT 34",Algeria,"London England",office,1,10,,
trv,9,TRV,"VIT 34",Algeria,"Mexico City",office,,1,,
trv,9,TRV,"VIT 34",Algeria,"New York",office,,2,,
trv,9,TRV,"VIT 34",Algeria,"Operations Support Centre",office,20,58,,
trv,9,TRV,"VIT 34",Algeria,Paris,office,13,172,,
trv,9,TRV,"VIT 34",Algeria,Pretoria,office,,1,,
trv,9,TRV,"VIT 34",Algeria,Riyadh,office,1,2,,
trv,9,TRV,"VIT 34",Algeria,Rome,office,,2,,
trv,9,TRV,"VIT 34",Algeria,RROC,office,,12,,
trv,9,TRV,"VIT 34",Algeria,Vienna,office,,11,,
trv,9,TRV,"VIT 34",Algeria,Warsaw,office,,2,,
trv,9,TRV,"VIT 34",Algeria,Washington,office,,6,,
trv,9,TRV,"VIT 34",Angola,Amman,office,,1,,
trv,9,TRV,"VIT 34",Angola,"Case Processing Centre Ottawa",office,,1,,
trv,9,TRV,"VIT 34",Angola,"New York",office,,1,,
trv,9,TRV,"VIT 34",Angola,Pretoria,office,3,9,,
trv,9,TRV,"VIT 34",Angola,RROC,office,,6,,
trv,9,TRV,"VIT 34","Antigua and Barbuda",Beirut,office,,1,,
trv,9,TRV,"VIT 34","Antigua and Barbuda","Case Processing Centre Ottawa",office,,2,,
trv,9,TRV,"VIT 34","Antigua and Barbuda","Port of Spain",office,,3,,
trv,9,TRV,"VIT 34","Antigua and Barbuda",Rabat,office,,1,,
trv,9,TRV,"VIT 34","Antigua and Barbuda",Riyadh,office,,1,,
trv,9,TRV,"VIT 34","Antigua and Barbuda",Warsaw,office,1,1,,
trv,9,TRV,"VIT 34",Argentina,Beirut,office,,3,,
trv,9,TRV,"VIT 34",Argentina,"Buenos Aires",office,,1,,
trv,9,TRV,"VIT 34",Argentina,"Case Processing Centre Ottawa",office,1,3,,
trv,9,TRV,"VIT 34",Argentina,Paris,office,,1,,
trv,9,TRV,"VIT 34",Argentina,RROC,office,1,1,,
trv,9,TRV,"VIT 34",Armenia,Amman,office,5,12,,
trv,9,TRV,"VIT 34",Armenia,Ankara,office,,5,,
trv,9,TRV,"VIT 34",Armenia,Beirut,office,,24,,
trv,9,TRV,"VIT 34",Armenia,Cairo,office,,1,,
trv,9,TRV,"VIT 34",Armenia,"Case Processing Centre Ottawa",office,5,10,,
trv,9,TRV,"VIT 34",Armenia,"London England",office,,13,,
trv,9,TRV,"VIT 34",Armenia,Moscow,office,,23,,
trv,9,TRV,"VIT 34",Armenia,"Operations Support Centre",office,,1,,
trv,9,TRV,"VIT 34",Armenia,"Ottawa IR",office,,6,,
trv,9,TRV,"VIT 34",Armenia,Paris,office,,3,,
trv,9,TRV,"VIT 34",Armenia,Riyadh,office,,1,,
trv,9,TRV,"VIT 34",Armenia,RROC,office,,2,,
trv,9,TRV,"VIT 34",Armenia,"Vancouver Immigration",office,1,2,,
trv,9,TRV,"VIT 34",Armenia,Vienna,office,,1,,
trv,9,TRV,"VIT 34",Armenia,Warsaw,office,6,65,,
trv,9,TRV,"VIT 34",Australia,"Hong Kong",office,,1,,
trv,9,TRV,"VIT 34",Azerbaijan,"Abu Dhabi",office,,1,,
trv,9,TRV,"VIT 34",Azerbaijan,Ankara,office,5,17,,
trv,9,TRV,"VIT 34",Azerbaijan,"Case Processing Centre Ottawa",office,2,13,,
trv,9,TRV,"VIT 34",Azerbaijan,"London England",office,,5,,
trv,9,TRV,"VIT 34",Azerbaijan,"Matching Centre",office,,1,,
trv,9,TRV,"VIT 34",Azerbaijan,"New York",office,,1,,
trv,9,TRV,"VIT 34",Azerbaijan,Paris,office,1,1,,
trv,9,TRV,"VIT 34",Azerbaijan,RROC,office,1,2,,
trv,9,TRV,"VIT 34",Azerbaijan,Vienna,office,,1,,
trv,9,TRV,"VIT 34",Azerbaijan,Warsaw,office,,2,,
trv,9,TRV,"VIT 34",Azerbaijan,Washington,office,,2,,
trv,9,TRV,"VIT 34","Bahama Islands, The",RROC,office,,1,,
trv,9,TRV,"VIT 34",Bahrain,"Abu Dhabi",office,3,20,,
trv,9,TRV,"VIT 34",Bahrain,"Case Processing Centre Ottawa",office,,2,,
trv,9,TRV,"VIT 34",Bahrain,"London England",office,,1,,
trv,9,TRV,"VIT 34",Bahrain,Singapore,office,,1,,
trv,9,TRV,"VIT 34",Bahrain,Washington,office,,1,,
trv,9,TRV,"VIT 34",Bangladesh,"Abu Dhabi",office,,21,,
trv,9,TRV,"VIT 34",Bangladesh,Amman,office,,1,,
trv,9,TRV,"VIT 34",Bangladesh,Ankara,office,,3,,
trv,10,TRV,"VIT 34",Bangladesh,Bangkok,office,,1,,
trv,10,TRV,"VIT 34",Bangladesh,Beijing,office,1,2,,
trv,10,TRV,"VIT 34",Bangladesh,Beirut,office,,1,,
trv,10,TRV,"VIT 34",Bangladesh,"Bucharest Global Operations Centre",office,1,1,,
trv,10,TRV,"VIT 34",Bangladesh,"Calgary Citizenship and Immigration Canada",office,,1,,
trv,10,TRV,"VIT 34",Bangladesh,"Case Processing Centre Edmonton",office,,3,,
trv,10,TRV,"VIT 34",Bangladesh,"Case Processing Centre Ottawa",office,46,492,,
trv,10,TRV,"VIT 34",Bangladesh,"CN India",office,,57,,
trv,10,TRV,"VIT 34",Bangladesh,"CN North Africa",office,,1,,
trv,10,TRV,"VIT 34",Bangladesh,"CN South Asia",office,241,438,,
trv,10,TRV,"VIT 34",Bangladesh,"Global Case Management System (G",office,,1,,
trv,10,TRV,"VIT 34",Bangladesh,Lagos,office,,1,,
trv,10,TRV,"VIT 34",Bangladesh,"London England",office,3,7,,
trv,10,TRV,"VIT 34",Bangladesh,Manila,office,,7,,
trv,10,TRV,"VIT 34",Bangladesh,"Mexico City",office,,1,,
trv,10,TRV,"VIT 34",Bangladesh,Nairobi,office,2,2,,
trv,10,TRV,"VIT 34",Bangladesh,"New Delhi",office,,4,,
trv,10,TRV,"VIT 34",Bangladesh,"New York",office,,4,,
trv,10,TRV,"VIT 34",Bangladesh,"Operations Support Centre",office,54,120,,
trv,10,TRV,"VIT 34",Bangladesh,Paris,office,2,11,,
trv,10,TRV,"VIT 34",Bangladesh,Pretoria,office,,6,,
trv,10,TRV,"VIT 34",Bangladesh,Riyadh,office,,10,,
trv,10,TRV,"VIT 34",Bangladesh,Rome,office,,5,,
trv,10,TRV,"VIT 34",Bangladesh,RROC,office,1,6,,
trv,10,TRV,"VIT 34",Bangladesh,"Sao Paulo",office,,1,,
trv,10,TRV,"VIT 34",Bangladesh,Singapore,office,26,410,,
trv,10,TRV,"VIT 34",Bangladesh,"Sydney Australia",office,3,7,,
trv,10,TRV,"VIT 34",Bangladesh,"Vancouver Immigration",office,,1,,
trv,10,TRV,"VIT 34",Bangladesh,Vienna,office,,6,,
trv,10,TRV,"VIT 34",Bangladesh,Washington,office,6,22,,
trv,10,TRV,"VIT 34",Bangladesh,Winnipeg,office,,9,,
trv,10,TRV,"VIT 34",Belarus,"Abu Dhabi",office,,2,,
trv,10,TRV,"VIT 34",Belarus,Amman,office,,1,,
trv,10,TRV,"VIT 34",Belarus,"Case Processing Centre Ottawa",office,2,4,,
trv,10,TRV,"VIT 34",Belarus,"CN Middle East",office,,1,,
trv,10,TRV,"VIT 34",Belarus,"CN North Africa",office,1,1,,
trv,10,TRV,"VIT 34",Belarus,"London England",office,1,15,,
trv,10,TRV,"VIT 34",Belarus,Moscow,office,2,17,,
trv,10,TRV,"VIT 34",Belarus,"New Delhi",office,,2,,
trv,10,TRV,"VIT 34",Belarus,Paris,office,,1,,
trv,10,TRV,"VIT 34",Belarus,Pretoria,office,,1,,
trv,10,TRV,"VIT 34",Belarus,RROC,office,,1,,
trv,10,TRV,"VIT 34",Belarus,"Sao Paulo",office,,1,,
trv,10,TRV,"VIT 34",Belarus,"Sydney Australia",office,,1,,
trv,10,TRV,"VIT 34",Belarus,Vienna,office,,4,,
trv,10,TRV,"VIT 34",Belarus,Warsaw,office,16,113,,
trv,10,TRV,"VIT 34",Belarus,Washington,office,,4,,
trv,10,TRV,"VIT 34",Belarus,Winnipeg,office,,1,,
trv,10,TRV,"VIT 34",Belgium,Paris,office,,3,,
trv,10,TRV,"VIT 34",Belize,"Mexico City",office,1,3,,
trv,10,TRV,"VIT 34",Bhutan,Bangkok,office,1,1,,
trv,10,TRV,"VIT 34",Bhutan,"Case Processing Centre Ottawa",office,,1,,
trv,10,TRV,"VIT 34",Bolivia,Beijing,office,1,2,,
trv,10,TRV,"VIT 34",Bolivia,"Case Processing Centre Ottawa",office,,1,,
trv,10,TRV,"VIT 34",Bolivia,Lima,office,1,7,,
trv,10,TRV,"VIT 34",Bolivia,Riyadh,office,,1,,
trv,10,TRV,"VIT 34",Bosnia-Hercegovina,"Case Processing Centre Ottawa",office,1,2,,
trv,10,TRV,"VIT 34",Bosnia-Hercegovina,"London England",office,,1,,
trv,10,TRV,"VIT 34",Bosnia-Hercegovina,"New York",office,,2,,
trv,10,TRV,"VIT 34",Bosnia-Hercegovina,Paris,office,,3,,
trv,10,TRV,"VIT 34",Bosnia-Hercegovina,Riyadh,office,,1,,
trv,10,TRV,"VIT 34",Bosnia-Hercegovina,RROC,office,,1,,
trv,10,TRV,"VIT 34",Bosnia-Hercegovina,Vienna,office,11,31,,
trv,10,TRV,"VIT 34",Bosnia-Hercegovina,Washington,office,1,2,,
trv,10,TRV,"VIT 34","Botswana, Republic of",Pretoria,office,,2,,
trv,10,TRV,"VIT 34","Botswana, Republic of",Washington,office,,1,,
trv,10,TRV,"VIT 34",Brazil,"Abu Dhabi",office,,1,,
trv,10,TRV,"VIT 34",Brazil,Amman,office,,1,,
trv,10,TRV,"VIT 34",Brazil,Ankara,office,,2,,
trv,10,TRV,"VIT 34",Brazil,Beijing,office,1,2,,
trv,10,TRV,"VIT 34",Brazil,Beirut,office,,13,,
trv,10,TRV,"VIT 34",Brazil,"Buenos Aires",office,,1,,
trv,10,TRV,"VIT 34",Brazil,"Calgary Citizenship and Immigration Canada",office,,1,,
trv,10,TRV,"VIT 34",Brazil,"Case Processing Centre Ottawa",office,3,16,,
trv,10,TRV,"VIT 34",Brazil,Pretoria,office,,1,,
trv,10,TRV,"VIT 34",Brazil,RROC,office,1,4,,
trv,10,TRV,"VIT 34",Brazil,"Sao Paulo",office,14,75,,
trv,10,TRV,"VIT 34",Brazil,Vienna,office,,1,,
trv,10,TRV,"VIT 34",Brazil,Warsaw,office,1,1,,
trv,10,TRV,"VIT 34",Brazil,Washington,office,1,37,,
trv,10,TRV,"VIT 34",Brazil,Winnipeg,office,,1,,
trv,10,TRV,"VIT 34",Brunei,RROC,office,,1,,
trv,10,TRV,"VIT 34",Bulgaria,Washington,office,1,1,,
trv,10,TRV,"VIT 34",Burkina-Faso,Accra,office,,1,,
trv,10,TRV,"VIT 34",Burkina-Faso,Amman,office,,1,,
trv,10,TRV,"VIT 34",Burkina-Faso,"Bucharest Global Operations Centre",office,1,1,,
trv,10,TRV,"VIT 34",Burkina-Faso,"Case Processing Centre Ottawa",office,1,3,,
trv,10,TRV,"VIT 34",Burkina-Faso,Dakar,office,1,8,,
trv,10,TRV,"VIT 34",Burkina-Faso,"Domestic RO",office,,1,,
trv,10,TRV,"VIT 34",Burkina-Faso,"Mexico City",office,,1,,
trv,10,TRV,"VIT 34",Burkina-Faso,"Ottawa IR",office,,3,,
trv,10,TRV,"VIT 34",Burkina-Faso,Paris,office,12,65,,
trv,10,TRV,"VIT 34",Burkina-Faso,Riyadh,office,,1,,
trv,10,TRV,"VIT 34",Burkina-Faso,RROC,office,,1,,
trv,10,TRV,"VIT 34",Burkina-Faso,Washington,office,,2,,
trv,10,TRV,"VIT 34",Burkina-Faso,"Whitehorse IRCC",office,,1,,
trv,11,TRV,"VIT 34",Burundi,"Calgary Citizenship and Immigration Canada",office,,1,,
trv,11,TRV,"VIT 34",Burundi,"Case Processing Centre Ottawa",office,2,2,,
trv,11,TRV,"VIT 34",Burundi,Dar-Es-Salaam,office,5,17,,
trv,11,TRV,"VIT 34",Burundi,Moscow,office,,2,,
trv,11,TRV,"VIT 34",Burundi,Nairobi,office,,3,,
trv,11,TRV,"VIT 34",Burundi,Pretoria,office,,1,,
trv,11,TRV,"VIT 34",Burundi,Washington,office,2,4,,
trv,11,TRV,"VIT 34",Burundi,Winnipeg,office,,2,,
trv,11,TRV,"VIT 34",Cambodia,Amman,office,,1,,
trv,11,TRV,"VIT 34",Cambodia,Bangkok,office,13,58,,
trv,11,TRV,"VIT 34",Cambodia,Manila,office,,2,,
trv,11,TRV,"VIT 34",Cambodia,RROC,office,,10,,
trv,11,TRV,"VIT 34",Cambodia,Washington,office,,2,,
trv,11,TRV,"VIT 34","Cape Verde Islands",Bogota,office,,1,,
trv,11,TRV,"VIT 34","Cape Verde Islands",RROC,office,,9,,
trv,11,TRV,"VIT 34","Central African Republic","Case Processing Centre Ottawa",office,1,1,,
trv,11,TRV,"VIT 34","Central African Republic",Paris,office,,1,,
trv,11,TRV,"VIT 34","Central African Republic",Washington,office,1,1,,
trv,11,TRV,"VIT 34","Chad, Republic of","Abu Dhabi",office,,1,,
trv,11,TRV,"VIT 34","Chad, Republic of","Case Processing Centre Ottawa",office,,1,,
trv,11,TRV,"VIT 34","Chad, Republic of",Dakar,office,1,3,,
trv,11,TRV,"VIT 34","Chad, Republic of",Paris,office,,5,,
trv,11,TRV,"VIT 34","Chad, Republic of",Washington,office,,1,,
trv,11,TRV,"VIT 34",Chile,Washington,office,,3,,
trv,11,TRV,"VIT 34",Colombia,"Abu Dhabi",office,,12,,
trv,11,TRV,"VIT 34",Colombia,Amman,office,,1,,
trv,11,TRV,"VIT 34",Colombia,Ankara,office,,1,,
trv,11,TRV,"VIT 34",Colombia,Beijing,office,,1,,
trv,11,TRV,"VIT 34",Colombia,Beirut,office,,3,,
trv,11,TRV,"VIT 34",Colombia,Bogota,office,51,318,,
trv,11,TRV,"VIT 34",Colombia,"Case Processing Centre Edmonton",office,,2,,
trv,11,TRV,"VIT 34",Colombia,"Case Processing Centre Ottawa",office,43,89,,
trv,11,TRV,"VIT 34",Colombia,"CN Americas",office,11,19,,
trv,11,TRV,"VIT 34",Colombia,"Ho Chi Minh City Vietnam",office,,1,,
trv,11,TRV,"VIT 34",Colombia,"London England",office,1,3,,
trv,11,TRV,"VIT 34",Colombia,"Mexico City",office,1,20,,
trv,11,TRV,"VIT 34",Colombia,"New York",office,,1,,
trv,11,TRV,"VIT 34",Colombia,"Operations Support Centre",office,70,169,,
trv,11,TRV,"VIT 34",Colombia,"Ottawa IR",office,,1,,
trv,11,TRV,"VIT 34",Colombia,Paris,office,,11,,
trv,11,TRV,"VIT 34",Colombia,Rome,office,1,1,,
trv,11,TRV,"VIT 34",Colombia,RROC,office,,2,,
trv,11,TRV,"VIT 34",Colombia,"Sydney Australia",office,3,5,,
trv,11,TRV,"VIT 34",Colombia,Washington,office,,32,,
trv,11,TRV,"VIT 34","Congo, Democratic Republic of the",Ankara,office,,1,,
trv,11,TRV,"VIT 34","Congo, Democratic Republic of the","Bucharest Global Operations Centre",office,24,42,,
trv,11,TRV,"VIT 34","Congo, Democratic Republic of the","Case Processing Centre Ottawa",office,,5,,
trv,11,TRV,"VIT 34","Congo, Democratic Republic of the","CN North Africa",office,1,1,,
trv,11,TRV,"VIT 34","Congo, Democratic Republic of the",Dakar,office,,6,,
trv,11,TRV,"VIT 34","Congo, Democratic Republic of the","London England",office,1,3,,
trv,11,TRV,"VIT 34","Congo, Democratic Republic of the",Manila,office,,1,,
trv,11,TRV,"VIT 34","Congo, Democratic Republic of the","Ottawa IR",office,,4,,
trv,11,TRV,"VIT 34","Congo, Democratic Republic of the",Paris,office,,76,,
trv,11,TRV,"VIT 34","Congo, Democratic Republic of the",Pretoria,office,,4,,
trv,11,TRV,"VIT 34","Congo, Democratic Republic of the",RROC,office,,9,,
trv,11,TRV,"VIT 34","Congo, Democratic Republic of the","Vancouver Immigration",office,1,1,,
trv,11,TRV,"VIT 34","Congo, Democratic Republic of the",Warsaw,office,1,1,,
trv,11,TRV,"VIT 34","Congo, Democratic Republic of the","Whitehorse IRCC",office,,1,,
trv,11,TRV,"VIT 34","Congo, Democratic Republic of the",Winnipeg,office,,1,,
trv,11,TRV,"VIT 34","Congo, People's Republic of the","Case Processing Centre Ottawa",office,,2,,
trv,11,TRV,"VIT 34","Congo, People's Republic of the","London England",office,,1,,
trv,11,TRV,"VIT 34","Congo, People's Republic of the","Mexico City",office,,1,,
trv,11,TRV,"VIT 34","Congo, People's Republic of the",Paris,office,,6,,
trv,11,TRV,"VIT 34","Congo, People's Republic of the",RROC,office,,2,,
trv,11,TRV,"VIT 34","Congo, People's Republic of the","Whitehorse IRCC",office,,1,,
trv,11,TRV,"VIT 34","Costa Rica","Case Processing Centre Ottawa",office,,1,,
trv,11,TRV,"VIT 34","Costa Rica","Mexico City",office,4,10,,
trv,11,TRV,"VIT 34",Cuba,Beijing,office,,1,,
trv,11,TRV,"VIT 34",Cuba,"Buenos Aires",office,,1,,
trv,11,TRV,"VIT 34",Cuba,"Calgary Citizenship and Immigration Canada",office,,3,,
trv,11,TRV,"VIT 34",Cuba,"Case Processing Centre Ottawa",office,4,9,,
trv,11,TRV,"VIT 34",Cuba,"CN South Asia",office,1,1,,
trv,11,TRV,"VIT 34",Cuba,Havana,office,,15,,
trv,11,TRV,"VIT 34",Cuba,"Mexico City",office,18,149,,
trv,11,TRV,"VIT 34",Cuba,"New York",office,,1,,
trv,11,TRV,"VIT 34",Cuba,Paris,office,,3,,
trv,11,TRV,"VIT 34",Cuba,"Port of Spain",office,,1,,
trv,11,TRV,"VIT 34",Cuba,RROC,office,14,36,,
trv,11,TRV,"VIT 34",Cuba,"Sydney Australia",office,,1,,
trv,11,TRV,"VIT 34",Cuba,Vienna,office,1,2,,
trv,11,TRV,"VIT 34","Democratic Republic of Sudan","Abu Dhabi",office,,21,,
trv,11,TRV,"VIT 34","Democratic Republic of Sudan",Amman,office,,7,,
trv,11,TRV,"VIT 34","Democratic Republic of Sudan",Ankara,office,,35,,
trv,11,TRV,"VIT 34","Democratic Republic of Sudan",Beijing,office,,3,,
trv,11,TRV,"VIT 34","Democratic Republic of Sudan",Cairo,office,2,67,,
trv,11,TRV,"VIT 34","Democratic Republic of Sudan","Case Processing Centre Ottawa",office,,18,,
trv,11,TRV,"VIT 34","Democratic Republic of Sudan",Dakar,office,1,1,,
trv,11,TRV,"VIT 34","Democratic Republic of Sudan","London England",office,1,15,,
trv,11,TRV,"VIT 34","Democratic Republic of Sudan",Nairobi,office,,3,,
trv,11,TRV,"VIT 34","Democratic Republic of Sudan","Ottawa IR",office,,1,,
trv,11,TRV,"VIT 34","Democratic Republic of Sudan",Paris,office,1,5,,
trv,11,TRV,"VIT 34","Democratic Republic of Sudan",Pretoria,office,2,3,,
trv,11,TRV,"VIT 34","Democratic Republic of Sudan",Riyadh,office,,5,,
trv,11,TRV,"VIT 34","Democratic Republic of Sudan",Rome,office,,2,,
trv,11,TRV,"VIT 34","Democratic Republic of Sudan",RROC,office,2,5,,
trv,11,TRV,"VIT 34","Democratic Republic of Sudan",Vienna,office,,1,,
trv,11,TRV,"VIT 34","Democratic Republic of Sudan",Washington,office,5,9,,
trv,12,TRV,"VIT 34",Dominica,"Abu Dhabi",office,,33,,
trv,12,TRV,"VIT 34",Dominica,Amman,office,3,42,,
trv,12,TRV,"VIT 34",Dominica,Ankara,office,5,24,,
trv,12,TRV,"VIT 34",Dominica,Beirut,office,,5,,
trv,12,TRV,"VIT 34",Dominica,"Case Processing Centre Ottawa",office,1,9,,
trv,12,TRV,"VIT 34",Dominica,"CN Iran",office,,3,,
trv,12,TRV,"VIT 34",Dominica,"CN Middle East",office,1,1,,
trv,12,TRV,"VIT 34",Dominica,"London England",office,,2,,
trv,12,TRV,"VIT 34",Dominica,Manila,office,,1,,
trv,12,TRV,"VIT 34",Dominica,"Operations Support Centre",office,,2,,
trv,12,TRV,"VIT 34",Dominica,Paris,office,1,4,,
trv,12,TRV,"VIT 34",Dominica,"Port of Spain",office,1,10,,
trv,12,TRV,"VIT 34",Dominica,Riyadh,office,,3,,
trv,12,TRV,"VIT 34",Dominica,Singapore,office,2,2,,
trv,12,TRV,"VIT 34",Dominica,Vienna,office,1,3,,
trv,12,TRV,"VIT 34","Dominican Republic",Beijing,office,,1,,
trv,12,TRV,"VIT 34","Dominican Republic","Case Processing Centre Ottawa",office,3,6,,
trv,12,TRV,"VIT 34","Dominican Republic","Mexico City",office,54,161,,
trv,12,TRV,"VIT 34","Dominican Republic","Operations Support Centre",office,,1,,
trv,12,TRV,"VIT 34","Dominican Republic",Paris,office,,1,,
trv,12,TRV,"VIT 34","Dominican Republic",RROC,office,,1,,
trv,12,TRV,"VIT 34","East Timor, Democratic Republic of",Jakarta,office,,1,,
trv,12,TRV,"VIT 34","East Timor, Democratic Republic of","London England",office,,1,,
trv,12,TRV,"VIT 34",Ecuador,"Abu Dhabi",office,,1,,
trv,12,TRV,"VIT 34",Ecuador,Beijing,office,,2,,
trv,12,TRV,"VIT 34",Ecuador,Bogota,office,5,54,,
trv,12,TRV,"VIT 34",Ecuador,"Case Processing Centre Ottawa",office,2,8,,
trv,12,TRV,"VIT 34",Ecuador,"New York",office,,2,,
trv,12,TRV,"VIT 34",Ecuador,Paris,office,,1,,
trv,12,TRV,"VIT 34",Ecuador,Rome,office,,1,,
trv,12,TRV,"VIT 34",Ecuador,RROC,office,2,8,,
trv,12,TRV,"VIT 34",Ecuador,"Vancouver Immigration",office,,1,,
trv,12,TRV,"VIT 34",Ecuador,Vienna,office,,1,,
trv,12,TRV,"VIT 34",Ecuador,Warsaw,office,,1,,
trv,12,TRV,"VIT 34",Ecuador,Washington,office,1,3,,
trv,12,TRV,"VIT 34",Ecuador,"Whitehorse IRCC",office,,1,,
trv,12,TRV,"VIT 34",Egypt,"Abu Dhabi",office,1,67,,
trv,12,TRV,"VIT 34",Egypt,Amman,office,1,28,,
trv,12,TRV,"VIT 34",Egypt,Ankara,office,,256,,
trv,12,TRV,"VIT 34",Egypt,Beijing,office,,2,,
trv,12,TRV,"VIT 34",Egypt,Beirut,office,2,5,,
trv,12,TRV,"VIT 34",Egypt,Bucharest,office,,1,,
trv,12,TRV,"VIT 34",Egypt,Cairo,office,39,480,,
trv,12,TRV,"VIT 34",Egypt,"Calgary Citizenship and Immigration Canada",office,,1,,
trv,12,TRV,"VIT 34",Egypt,"Case Processing Centre Edmonton",office,,2,,
trv,12,TRV,"VIT 34",Egypt,"Case Processing Centre Ottawa",office,30,216,,
trv,12,TRV,"VIT 34",Egypt,"CN Middle East",office,7,11,,
trv,12,TRV,"VIT 34",Egypt,"CN North Africa",office,,1,,
trv,12,TRV,"VIT 34",Egypt,"CN South Asia",office,2,2,,
trv,12,TRV,"VIT 34",Egypt,Dakar,office,,1,,
trv,12,TRV,"VIT 34",Egypt,"London England",office,3,35,,
trv,12,TRV,"VIT 34",Egypt,Manila,office,,2,,
trv,12,TRV,"VIT 34",Egypt,"Manila Global Operations Centre",office,1,1,,
trv,12,TRV,"VIT 34",Egypt,"Mexico City",office,,2,,
trv,12,TRV,"VIT 34",Egypt,Nairobi,office,,1,,
trv,12,TRV,"VIT 34",Egypt,"New Delhi",office,,1,,
trv,12,TRV,"VIT 34",Egypt,"New York",office,,1,,
trv,12,TRV,"VIT 34",Egypt,"Operations Support Centre",office,,3,,
trv,12,TRV,"VIT 34",Egypt,"Ottawa IR",office,,4,,
trv,12,TRV,"VIT 34",Egypt,Paris,office,1,11,,
trv,12,TRV,"VIT 34",Egypt,"Port of Spain",office,,1,,
trv,12,TRV,"VIT 34",Egypt,Pretoria,office,,2,,
trv,12,TRV,"VIT 34",Egypt,Riyadh,office,2,51,,
trv,12,TRV,"VIT 34",Egypt,RROC,office,3,19,,
trv,12,TRV,"VIT 34",Egypt,"Sao Paulo",office,1,2,,
trv,12,TRV,"VIT 34",Egypt,Singapore,office,,3,,
trv,12,TRV,"VIT 34",Egypt,"Sydney Australia",office,,3,,
trv,12,TRV,"VIT 34",Egypt,"Tel Aviv",office,,1,,
trv,12,TRV,"VIT 34",Egypt,"Vancouver Immigration",office,2,6,,
trv,12,TRV,"VIT 34",Egypt,Vienna,office,2,66,,
trv,12,TRV,"VIT 34",Egypt,Warsaw,office,,3,,
trv,12,TRV,"VIT 34",Egypt,Washington,office,3,8,,
trv,12,TRV,"VIT 34",Egypt,"Whitehorse IRCC",office,1,2,,
trv,12,TRV,"VIT 34","El Salvador","Calgary Citizenship and Immigration Canada",office,,1,,
trv,12,TRV,"VIT 34","El Salvador","Case Processing Centre Ottawa",office,3,5,,
trv,12,TRV,"VIT 34","El Salvador","Mexico City",office,19,67,,
trv,12,TRV,"VIT 34","El Salvador",Paris,office,,1,,
trv,12,TRV,"VIT 34","El Salvador",RROC,office,,1,,
trv,12,TRV,"VIT 34","El Salvador",Washington,office,1,2,,
trv,12,TRV,"VIT 34","Equatorial Guinea",Beirut,office,,1,,
trv,12,TRV,"VIT 34",Eritrea,Amman,office,,1,,
trv,12,TRV,"VIT 34",Eritrea,"London England",office,3,3,,
trv,12,TRV,"VIT 34",Eritrea,"New York",office,,1,,
trv,12,TRV,"VIT 34",Eritrea,Paris,office,2,2,,
trv,12,TRV,"VIT 34",Eritrea,Pretoria,office,,1,,
trv,12,TRV,"VIT 34",Eritrea,Riyadh,office,,1,,
trv,12,TRV,"VIT 34",Eritrea,RROC,office,1,3,,
trv,12,TRV,"VIT 34",Eritrea,"Sydney Australia",office,,1,,
trv,12,TRV,"VIT 34",Eritrea,Vienna,office,,1,,
trv,12,TRV,"VIT 34",Eritrea,Washington,office,1,1,,
trv,12,TRV,"VIT 34",Ethiopia,"Abu Dhabi",office,,1,,
trv,12,TRV,"VIT 34",Ethiopia,"Addis Ababa",office,9,9,,
trv,12,TRV,"VIT 34",Ethiopia,Amman,office,,2,,
trv,12,TRV,"VIT 34",Ethiopia,Ankara,office,,1,,
trv,12,TRV,"VIT 34",Ethiopia,Beijing,office,,4,,
trv,12,TRV,"VIT 34",Ethiopia,Beirut,office,,2,,
trv,12,TRV,"VIT 34",Ethiopia,"Calgary Citizenship and Immigration Canada",office,,3,,
trv,12,TRV,"VIT 34",Ethiopia,"Case Processing Centre Ottawa",office,2,3,,
trv,12,TRV,"VIT 34",Ethiopia,"London England",office,3,3,,
trv,13,TRV,"VIT 34",Ethiopia,Nairobi,office,,21,,
trv,13,TRV,"VIT 34",Ethiopia,"New Delhi",office,,1,,
trv,13,TRV,"VIT 34",Ethiopia,"New York",office,,1,,
trv,13,TRV,"VIT 34",Ethiopia,"Operations Support Centre",office,5,5,,
trv,13,TRV,"VIT 34",Ethiopia,Paris,office,,5,,
trv,13,TRV,"VIT 34",Ethiopia,Riyadh,office,,1,,
trv,13,TRV,"VIT 34",Ethiopia,Rome,office,,1,,
trv,13,TRV,"VIT 34",Ethiopia,RROC,office,,1,,
trv,13,TRV,"VIT 34",Ethiopia,"Sydney Australia",office,,1,,
trv,13,TRV,"VIT 34",Ethiopia,Washington,office,,4,,
trv,13,TRV,"VIT 34","Federal Republic of Cameroon",Beijing,office,1,5,,
trv,13,TRV,"VIT 34","Federal Republic of Cameroon","Bucharest Global Operations Centre",office,10,25,,
trv,13,TRV,"VIT 34","Federal Republic of Cameroon","Case Processing Centre Ottawa",office,4,12,,
trv,13,TRV,"VIT 34","Federal Republic of Cameroon",Dakar,office,2,13,,
trv,13,TRV,"VIT 34","Federal Republic of Cameroon","Domestic RO",office,,1,,
trv,13,TRV,"VIT 34","Federal Republic of Cameroon","London England",office,2,2,,
trv,13,TRV,"VIT 34","Federal Republic of Cameroon","Mexico City",office,,1,,
trv,13,TRV,"VIT 34","Federal Republic of Cameroon","New York",office,,1,,
trv,13,TRV,"VIT 34","Federal Republic of Cameroon","Ottawa IR",office,,9,,
trv,13,TRV,"VIT 34","Federal Republic of Cameroon",Paris,office,1,42,,
trv,13,TRV,"VIT 34","Federal Republic of Cameroon",Rome,office,,1,,
trv,13,TRV,"VIT 34","Federal Republic of Cameroon",RROC,office,1,5,,
trv,13,TRV,"VIT 34","Federal Republic of Cameroon","Vancouver Immigration",office,,3,,
trv,13,TRV,"VIT 34","Federal Republic of Cameroon",Vienna,office,,1,,
trv,13,TRV,"VIT 34","Federal Republic of Cameroon",Washington,office,,2,,
trv,13,TRV,"VIT 34","Federal Republic of Germany","Case Processing Centre Ottawa",office,,1,,
trv,13,TRV,"VIT 34","Federal Republic of Germany",Vienna,office,,4,,
trv,13,TRV,"VIT 34",Fiji,Beirut,office,,1,,
trv,13,TRV,"VIT 34",Fiji,Pretoria,office,,1,,
trv,13,TRV,"VIT 34",Fiji,"Sydney Australia",office,3,7,,
trv,13,TRV,"VIT 34",France,Beirut,office,,1,,
trv,13,TRV,"VIT 34","Gabon Republic","Case Processing Centre Ottawa",office,,2,,
trv,13,TRV,"VIT 34","Gabon Republic",Dakar,office,,4,,
trv,13,TRV,"VIT 34","Gabon Republic",Paris,office,2,20,,
trv,13,TRV,"VIT 34","Gabon Republic",RROC,office,3,6,,
trv,13,TRV,"VIT 34","Gabon Republic",Washington,office,1,2,,
trv,13,TRV,"VIT 34",Gambia,Beirut,office,1,1,,
trv,13,TRV,"VIT 34",Gambia,"Case Processing Centre Ottawa",office,3,3,,
trv,13,TRV,"VIT 34",Gambia,Dakar,office,1,7,,
trv,13,TRV,"VIT 34",Gambia,"Mexico City",office,,1,,
trv,13,TRV,"VIT 34",Gambia,Paris,office,,2,,
trv,13,TRV,"VIT 34",Gambia,Riyadh,office,,1,,
trv,13,TRV,"VIT 34",Gambia,RROC,office,1,1,,
trv,13,TRV,"VIT 34",Georgia,Ankara,office,1,20,,
trv,13,TRV,"VIT 34",Georgia,Bucharest,office,,1,,
trv,13,TRV,"VIT 34",Georgia,"Case Processing Centre Ottawa",office,5,8,,
trv,13,TRV,"VIT 34",Georgia,"London England",office,,11,,
trv,13,TRV,"VIT 34",Georgia,"Mexico City",office,,1,,
trv,13,TRV,"VIT 34",Georgia,Paris,office,,3,,
trv,13,TRV,"VIT 34",Georgia,Rome,office,,1,,
trv,13,TRV,"VIT 34",Georgia,RROC,office,1,6,,
trv,13,TRV,"VIT 34",Georgia,Vienna,office,1,1,,
trv,13,TRV,"VIT 34",Georgia,Warsaw,office,,2,,
trv,13,TRV,"VIT 34",Georgia,Washington,office,1,3,,
trv,13,TRV,"VIT 34",Ghana,"Abu Dhabi",office,,2,,
trv,13,TRV,"VIT 34",Ghana,Accra,office,10,110,,
trv,13,TRV,"VIT 34",Ghana,Amman,office,,2,,
trv,13,TRV,"VIT 34",Ghana,Beijing,office,1,6,,
trv,13,TRV,"VIT 34",Ghana,Beirut,office,,2,,
trv,13,TRV,"VIT 34",Ghana,"Calgary Citizenship and Immigration Canada",office,1,26,,
trv,13,TRV,"VIT 34",Ghana,"Case Processing Centre Ottawa",office,17,41,,
trv,13,TRV,"VIT 34",Ghana,"CN North Africa",office,11,11,,
trv,13,TRV,"VIT 34",Ghana,"CN South Asia",office,2,2,,
trv,13,TRV,"VIT 34",Ghana,Dakar,office,2,2,,
trv,13,TRV,"VIT 34",Ghana,Dar-Es-Salaam,office,,1,,
trv,13,TRV,"VIT 34",Ghana,"London England",office,6,13,,
trv,13,TRV,"VIT 34",Ghana,Manila,office,1,1,,
trv,13,TRV,"VIT 34",Ghana,Nairobi,office,1,4,,
trv,13,TRV,"VIT 34",Ghana,"Operations Support Centre",office,15,25,,
trv,13,TRV,"VIT 34",Ghana,"Ottawa IR",office,,19,,
trv,13,TRV,"VIT 34",Ghana,Paris,office,1,3,,
trv,13,TRV,"VIT 34",Ghana,Pretoria,office,,1,,
trv,13,TRV,"VIT 34",Ghana,Riyadh,office,1,1,,
trv,13,TRV,"VIT 34",Ghana,Rome,office,,2,,
trv,13,TRV,"VIT 34",Ghana,RROC,office,1,1,,
trv,13,TRV,"VIT 34",Ghana,"Sao Paulo",office,1,1,,
trv,13,TRV,"VIT 34",Ghana,"Vancouver Immigration",office,,2,,
trv,13,TRV,"VIT 34",Ghana,Vienna,office,3,3,,
trv,13,TRV,"VIT 34",Ghana,Warsaw,office,,1,,
trv,13,TRV,"VIT 34",Ghana,Washington,office,,3,,
trv,13,TRV,"VIT 34",Ghana,"Whitehorse IRCC",office,,1,,
trv,13,TRV,"VIT 34",Ghana,Winnipeg,office,3,48,,
trv,13,TRV,"VIT 34",Grenada,"Abu Dhabi",office,1,2,,
trv,13,TRV,"VIT 34",Grenada,Amman,office,,1,,
trv,13,TRV,"VIT 34",Grenada,Ankara,office,,1,,
trv,13,TRV,"VIT 34",Grenada,Beijing,office,,1,,
trv,13,TRV,"VIT 34",Grenada,"Case Processing Centre Ottawa",office,,1,,
trv,13,TRV,"VIT 34",Grenada,"CN Middle East",office,,1,,
trv,13,TRV,"VIT 34",Grenada,Lagos,office,1,2,,
trv,13,TRV,"VIT 34",Grenada,"Port of Spain",office,1,9,,
trv,13,TRV,"VIT 34",Grenada,Riyadh,office,,1,,
trv,13,TRV,"VIT 34",Grenada,Vienna,office,,2,,
trv,13,TRV,"VIT 34",Grenada,Warsaw,office,,1,,
trv,13,TRV,"VIT 34",Guatemala,"Case Processing Centre Ottawa",office,5,11,,
trv,13,TRV,"VIT 34",Guatemala,"Mexico City",office,19,56,,
trv,13,TRV,"VIT 34",Guatemala,"Vancouver Immigration",office,,1,,
trv,13,TRV,"VIT 34",Guatemala,Washington,office,,3,,
trv,14,TRV,"VIT 34","Guinea, Republic of","Abu Dhabi",office,,1,,
trv,14,TRV,"VIT 34","Guinea, Republic of",Beijing,office,1,2,,
trv,14,TRV,"VIT 34","Guinea, Republic of",Beirut,office,,1,,
trv,14,TRV,"VIT 34","Guinea, Republic of","Case Processing Centre Ottawa",office,1,3,,
trv,14,TRV,"VIT 34","Guinea, Republic of",Dakar,office,9,28,,
trv,14,TRV,"VIT 34","Guinea, Republic of","Mexico City",office,,2,,
trv,14,TRV,"VIT 34","Guinea, Republic of","Ottawa IR",office,,1,,
trv,14,TRV,"VIT 34","Guinea, Republic of",Paris,office,,4,,
trv,14,TRV,"VIT 34","Guinea, Republic of",Pretoria,office,,1,,
trv,14,TRV,"VIT 34","Guinea, Republic of",Riyadh,office,,3,,
trv,14,TRV,"VIT 34","Guinea, Republic of",RROC,office,,3,,
trv,14,TRV,"VIT 34","Guinea, Republic of","Vancouver Immigration",office,,1,,
trv,14,TRV,"VIT 34","Guinea, Republic of",Warsaw,office,,1,,
trv,14,TRV,"VIT 34","Guinea, Republic of",Winnipeg,office,,1,,
trv,14,TRV,"VIT 34",Guinea-Bissau,RROC,office,,1,,
trv,14,TRV,"VIT 34",Guyana,"Abu Dhabi",office,,1,,
trv,14,TRV,"VIT 34",Guyana,Beijing,office,,1,,
trv,14,TRV,"VIT 34",Guyana,"Case Processing Centre Ottawa",office,4,8,,
trv,14,TRV,"VIT 34",Guyana,"CN China",office,,1,,
trv,14,TRV,"VIT 34",Guyana,"Port of Spain",office,,6,,
trv,14,TRV,"VIT 34",Guyana,Riyadh,office,,2,,
trv,14,TRV,"VIT 34",Guyana,RROC,office,,1,,
trv,14,TRV,"VIT 34",Haiti,Beijing,office,1,1,,
trv,14,TRV,"VIT 34",Haiti,"Calgary Citizenship and Immigration Canada",office,,1,,
trv,14,TRV,"VIT 34",Haiti,"Case Processing Centre Ottawa",office,14,24,,
trv,14,TRV,"VIT 34",Haiti,"Kingston Jamaica",office,,1,,
trv,14,TRV,"VIT 34",Haiti,Manila,office,,1,,
trv,14,TRV,"VIT 34",Haiti,"Mexico City",office,22,178,,
trv,14,TRV,"VIT 34",Haiti,Paris,office,,4,,
trv,14,TRV,"VIT 34",Haiti,"Vancouver Immigration",office,2,3,,
trv,14,TRV,"VIT 34",Haiti,Washington,office,,1,,
trv,14,TRV,"VIT 34",Haiti,Winnipeg,office,,2,,
trv,14,TRV,"VIT 34",Honduras,Ankara,office,,1,,
trv,14,TRV,"VIT 34",Honduras,Beijing,office,,1,,
trv,14,TRV,"VIT 34",Honduras,"Case Processing Centre Ottawa",office,,1,,
trv,14,TRV,"VIT 34",Honduras,"London England",office,1,1,,
trv,14,TRV,"VIT 34",Honduras,"Mexico City",office,18,51,,
trv,14,TRV,"VIT 34",Honduras,Port-Au-Prince,office,,1,,
trv,14,TRV,"VIT 34",Honduras,RROC,office,,1,,
trv,14,TRV,"VIT 34",Honduras,"Tel Aviv",office,,1,,
trv,14,TRV,"VIT 34",Honduras,"Whitehorse IRCC",office,,1,,
trv,14,TRV,"VIT 34","Hong Kong SAR",Beijing,office,1,2,,
trv,14,TRV,"VIT 34","Hong Kong SAR","Case Processing Centre Ottawa",office,1,1,,
trv,14,TRV,"VIT 34","Hong Kong SAR","CN China",office,,1,,
trv,14,TRV,"VIT 34","Hong Kong SAR","CN South Asia",office,1,1,,
trv,14,TRV,"VIT 34","Hong Kong SAR","Hong Kong",office,,1,,
trv,14,TRV,"VIT 34","Hong Kong SAR",RROC,office,2,5,,
trv,14,TRV,"VIT 34","Hong Kong SAR","Vancouver Immigration",office,1,1,,
trv,14,TRV,"VIT 34",Hungary,RROC,office,1,1,,
trv,14,TRV,"VIT 34",Iceland,"Case Processing Centre Ottawa",office,,1,,
trv,14,TRV,"VIT 34",India,"Abu Dhabi",office,2,68,,
trv,14,TRV,"VIT 34",India,Amman,office,,7,,
trv,14,TRV,"VIT 34",India,Ankara,office,1,6,,
trv,14,TRV,"VIT 34",India,Bangalore,office,,62,,
trv,14,TRV,"VIT 34",India,Bangkok,office,2,2,,
trv,14,TRV,"VIT 34",India,Beijing,office,2,13,,
trv,14,TRV,"VIT 34",India,Bucharest,office,,1,,
trv,14,TRV,"VIT 34",India,"Buenos Aires",office,1,2,,
trv,14,TRV,"VIT 34",India,"Calgary Citizenship and Immigration Canada",office,,2,,
trv,14,TRV,"VIT 34",India,"Case Processing Centre Edmonton",office,,16,,
trv,14,TRV,"VIT 34",India,"Case Processing Centre Ottawa",office,494,1269,,
trv,14,TRV,"VIT 34",India,"Case Review Citizenship And Immigration Cases",office,3,4,,
trv,14,TRV,"VIT 34",India,Chandigarh,office,,351,,
trv,14,TRV,"VIT 34",India,"CN India",office,1134,2568,,
trv,14,TRV,"VIT 34",India,"CN Iran",office,,1,,
trv,14,TRV,"VIT 34",India,"CN Middle East",office,7,8,,
trv,14,TRV,"VIT 34",India,"CN North Africa",office,2,2,,
trv,14,TRV,"VIT 34",India,Dakar,office,,1,,
trv,14,TRV,"VIT 34",India,"EPIC - Electronic Processing and Inti",office,1,1,,
trv,14,TRV,"VIT 34",India,Guangzhou,office,,1,,
trv,14,TRV,"VIT 34",India,"Ho Chi Minh City Vietnam",office,1,2,,
trv,14,TRV,"VIT 34",India,"Hong Kong",office,16,17,,
trv,14,TRV,"VIT 34",India,Islamabad,office,,1,,
trv,14,TRV,"VIT 34",India,"Kingston Jamaica",office,1,1,,
trv,14,TRV,"VIT 34",India,Lagos,office,,1,,
trv,14,TRV,"VIT 34",India,"London England",office,16,30,,
trv,14,TRV,"VIT 34",India,Manila,office,,1,,
trv,14,TRV,"VIT 34",India,"Manila Global Operations Centre",office,1,1,,
trv,14,TRV,"VIT 34",India,"Mexico City",office,1,1,,
trv,14,TRV,"VIT 34",India,Moscow,office,,2,,
trv,14,TRV,"VIT 34",India,Nairobi,office,3,5,,
trv,14,TRV,"VIT 34",India,"New Delhi",office,112,842,,
trv,14,TRV,"VIT 34",India,"New York",office,,2,,
trv,14,TRV,"VIT 34",India,"Operations Support Centre",office,165,567,,
trv,14,TRV,"VIT 34",India,Paris,office,3,16,,
trv,14,TRV,"VIT 34",India,Pretoria,office,2,9,,
trv,14,TRV,"VIT 34",India,Riyadh,office,,14,,
trv,14,TRV,"VIT 34",India,Rome,office,16,32,,
trv,14,TRV,"VIT 34",India,RROC,office,16,86,,
trv,14,TRV,"VIT 34",India,Shanghai,office,,1,,
trv,14,TRV,"VIT 34",India,Singapore,office,,2,,
trv,14,TRV,"VIT 34",India,"Sydney Australia",office,10,24,,
trv,14,TRV,"VIT 34",India,Tunis,office,,1,,
trv,14,TRV,"VIT 34",India,"Vancouver Immigration",office,1,3,,
trv,14,TRV,"VIT 34",India,Vienna,office,2,8,,
trv,14,TRV,"VIT 34",India,Warsaw,office,,3,,
trv,14,TRV,"VIT 34",India,Washington,office,4,22,,
trv,14,TRV,"VIT 34",India,"Whitehorse IRCC",office,1,2,,
trv,14,TRV,"VIT 34",Iran,"Abu Dhabi",office,1,118,,
trv,15,TRV,"VIT 34",Iran,Accra,office,,2,,
trv,15,TRV,"VIT 34",Iran,Amman,office,3,23,,
trv,15,TRV,"VIT 34",Iran,Ankara,office,111,2913,,
trv,15,TRV,"VIT 34",Iran,Bangalore,office,,5,,
trv,15,TRV,"VIT 34",Iran,Beijing,office,4,29,,
trv,15,TRV,"VIT 34",Iran,Beirut,office,,3,,
trv,15,TRV,"VIT 34",Iran,Bogota,office,2,5,,
trv,15,TRV,"VIT 34",Iran,Bucharest,office,,5,,
trv,15,TRV,"VIT 34",Iran,"Bucharest Global Operations Centre",office,1,1,,
trv,15,TRV,"VIT 34",Iran,"Buenos Aires",office,,2,,
trv,15,TRV,"VIT 34",Iran,Cairo,office,,5,,
trv,15,TRV,"VIT 34",Iran,"Case Processing Centre Edmonton",office,,42,,
trv,15,TRV,"VIT 34",Iran,"Case Processing Centre Ottawa",office,529,9033,,
trv,15,TRV,"VIT 34",Iran,"Case Review Citizenship And Immigration Cases",office,,16,,
trv,15,TRV,"VIT 34",Iran,"CN Americas",office,,2,,
trv,15,TRV,"VIT 34",Iran,"CN China",office,1,6,,
trv,15,TRV,"VIT 34",Iran,"CN India",office,1,3,,
trv,15,TRV,"VIT 34",Iran,"CN Iran",office,1054,6255,,
trv,15,TRV,"VIT 34",Iran,"CN Middle East",office,4,7,,
trv,15,TRV,"VIT 34",Iran,"CN North Africa",office,,3,,
trv,15,TRV,"VIT 34",Iran,"Hong Kong",office,2,8,,
trv,15,TRV,"VIT 34",Iran,"London England",office,133,523,,
trv,15,TRV,"VIT 34",Iran,Manila,office,5,10,,
trv,15,TRV,"VIT 34",Iran,"Mexico City",office,1,4,,
trv,15,TRV,"VIT 34",Iran,Moscow,office,,1,,
trv,15,TRV,"VIT 34",Iran,"NCMS Innovation Science And Techr",office,,1,,
trv,15,TRV,"VIT 34",Iran,"New York",office,,11,,
trv,15,TRV,"VIT 34",Iran,"Operations Support Centre",office,,552,,
trv,15,TRV,"VIT 34",Iran,Paris,office,17,239,,
trv,15,TRV,"VIT 34",Iran,"Port of Spain",office,1,4,,
trv,15,TRV,"VIT 34",Iran,Pretoria,office,12,32,,
trv,15,TRV,"VIT 34",Iran,Riyadh,office,,8,,
trv,15,TRV,"VIT 34",Iran,Rome,office,27,128,,
trv,15,TRV,"VIT 34",Iran,RROC,office,5,32,,
trv,15,TRV,"VIT 34",Iran,"Sao Paulo",office,2,14,,
trv,15,TRV,"VIT 34",Iran,Singapore,office,1,40,,
trv,15,TRV,"VIT 34",Iran,"Sydney Australia",office,41,184,,
trv,15,TRV,"VIT 34",Iran,Vienna,office,72,596,,
trv,15,TRV,"VIT 34",Iran,Warsaw,office,3,33,,
trv,15,TRV,"VIT 34",Iran,Washington,office,,4,,
trv,15,TRV,"VIT 34",Iraq,"Abu Dhabi",office,1,49,,
trv,15,TRV,"VIT 34",Iraq,Amman,office,45,958,,
trv,15,TRV,"VIT 34",Iraq,Ankara,office,4,112,,
trv,15,TRV,"VIT 34",Iraq,Bangkok,office,1,1,,
trv,15,TRV,"VIT 34",Iraq,Beijing,office,,1,,
trv,15,TRV,"VIT 34",Iraq,Beirut,office,,26,,
trv,15,TRV,"VIT 34",Iraq,Bucharest,office,,1,,
trv,15,TRV,"VIT 34",Iraq,Cairo,office,,3,,
trv,15,TRV,"VIT 34",Iraq,"Calgary Citizenship and Immigration Canada",office,,2,,
trv,15,TRV,"VIT 34",Iraq,"Case Processing Centre Edmonton",office,,2,,
trv,15,TRV,"VIT 34",Iraq,"Case Processing Centre Ottawa",office,17,249,,
trv,15,TRV,"VIT 34",Iraq,"CN Middle East",office,3,6,,
trv,15,TRV,"VIT 34",Iraq,"CN North Africa",office,4,4,,
trv,15,TRV,"VIT 34",Iraq,"CN South Asia",office,5,7,,
trv,15,TRV,"VIT 34",Iraq,Dakar,office,,3,,
trv,15,TRV,"VIT 34",Iraq,Dar-Es-Salaam,office,,4,,
trv,15,TRV,"VIT 34",Iraq,Islamabad,office,,1,,
trv,15,TRV,"VIT 34",Iraq,"London England",office,8,58,,
trv,15,TRV,"VIT 34",Iraq,Manila,office,,2,,
trv,15,TRV,"VIT 34",Iraq,"Mexico City",office,,2,,
trv,15,TRV,"VIT 34",Iraq,Nairobi,office,,1,,
trv,15,TRV,"VIT 34",Iraq,"New York",office,,3,,
trv,15,TRV,"VIT 34",Iraq,"Operational Performance Manageme",office,,1,,
trv,15,TRV,"VIT 34",Iraq,Paris,office,5,23,,
trv,15,TRV,"VIT 34",Iraq,Pretoria,office,,1,,
trv,15,TRV,"VIT 34",Iraq,Riyadh,office,,3,,
trv,15,TRV,"VIT 34",Iraq,Rome,office,,3,,
trv,15,TRV,"VIT 34",Iraq,RROC,office,5,46,,
trv,15,TRV,"VIT 34",Iraq,"Sao Paulo",office,,1,,
trv,15,TRV,"VIT 34",Iraq,Singapore,office,,1,,
trv,15,TRV,"VIT 34",Iraq,"Sydney Australia",office,3,24,,
trv,15,TRV,"VIT 34",Iraq,Tunis,office,,1,,
trv,15,TRV,"VIT 34",Iraq,"Vancouver Immigration",office,4,10,,
trv,15,TRV,"VIT 34",Iraq,Vienna,office,4,38,,
trv,15,TRV,"VIT 34",Iraq,Warsaw,office,,2,,
trv,15,TRV,"VIT 34",Iraq,Washington,office,1,20,,
trv,15,TRV,"VIT 34",Iraq,"Whitehorse IRCC",office,1,4,,
trv,15,TRV,"VIT 34",Israel,"Case Processing Centre Ottawa",office,1,2,,
trv,15,TRV,"VIT 34",Israel,"CN Middle East",office,,1,,
trv,15,TRV,"VIT 34",Israel,Guangzhou,office,,2,,
trv,15,TRV,"VIT 34",Israel,"London England",office,,1,,
trv,15,TRV,"VIT 34",Israel,RROC,office,9,20,,
trv,15,TRV,"VIT 34",Israel,"Tel Aviv",office,1,6,,
trv,15,TRV,"VIT 34",Israel,"Vancouver Immigration",office,1,1,,
trv,15,TRV,"VIT 34",Israel,Vienna,office,,2,,
trv,15,TRV,"VIT 34",Israel,Warsaw,office,5,6,,
trv,15,TRV,"VIT 34",Israel,Washington,office,,1,,
trv,15,TRV,"VIT 34",Italy,RROC,office,1,2,,
trv,15,TRV,"VIT 34",Jamaica,Beijing,office,,1,,
trv,15,TRV,"VIT 34",Jamaica,"Case Processing Centre Ottawa",office,22,49,,
trv,15,TRV,"VIT 34",Jamaica,"CN Middle East",office,1,1,,
trv,15,TRV,"VIT 34",Jamaica,"Kingston Jamaica",office,2,5,,
trv,15,TRV,"VIT 34",Jamaica,"London England",office,1,1,,
trv,15,TRV,"VIT 34",Jamaica,"Mexico City",office,,1,,
trv,15,TRV,"VIT 34",Jamaica,"New York",office,,1,,
trv,15,TRV,"VIT 34",Jamaica,Paris,office,,1,,
trv,15,TRV,"VIT 34",Jamaica,RROC,office,,1,,
trv,15,TRV,"VIT 34",Jamaica,"Vancouver Immigration",office,,1,,
trv,15,TRV,"VIT 34",Jamaica,Washington,office,,1,,
trv,15,TRV,"VIT 34",Jamaica,"Whitehorse IRCC",office,,1,,
trv,15,TRV,"VIT 34",Jordan,"Abu Dhabi",office,1,46,,
trv,15,TRV,"VIT 34",Jordan,Amman,office,21,642,,
trv,15,TRV,"VIT 34",Jordan,Ankara,office,,68,,
trv,16,TRV,"VIT 34",Jordan,Beijing,office,,2,,
trv,16,TRV,"VIT 34",Jordan,Beirut,office,,5,,
trv,16,TRV,"VIT 34",Jordan,Cairo,office,,1,,
trv,16,TRV,"VIT 34",Jordan,"Case Processing Centre Edmonton",office,,8,,
trv,16,TRV,"VIT 34",Jordan,"Case Processing Centre Ottawa",office,12,266,,
trv,16,TRV,"VIT 34",Jordan,"CN Iran",office,1,1,,
trv,16,TRV,"VIT 34",Jordan,"CN Middle East",office,,3,,
trv,16,TRV,"VIT 34",Jordan,Dakar,office,,1,,
trv,16,TRV,"VIT 34",Jordan,Dar-Es-Salaam,office,,6,,
trv,16,TRV,"VIT 34",Jordan,"London England",office,,11,,
trv,16,TRV,"VIT 34",Jordan,"New York",office,,2,,
trv,16,TRV,"VIT 34",Jordan,"Operational Performance Manageme",office,,1,,
trv,16,TRV,"VIT 34",Jordan,"Operations Support Centre",office,5,17,,
trv,16,TRV,"VIT 34",Jordan,Paris,office,,1,,
trv,16,TRV,"VIT 34",Jordan,Rabat,office,1,2,,
trv,16,TRV,"VIT 34",Jordan,Riyadh,office,,36,,
trv,16,TRV,"VIT 34",Jordan,Rome,office,,2,,
trv,16,TRV,"VIT 34",Jordan,RROC,office,,4,,
trv,16,TRV,"VIT 34",Jordan,"Sydney Australia",office,,3,,
trv,16,TRV,"VIT 34",Jordan,"Tel Aviv",office,4,59,,
trv,16,TRV,"VIT 34",Jordan,Vienna,office,2,8,,
trv,16,TRV,"VIT 34",Jordan,Washington,office,1,2,,
trv,16,TRV,"VIT 34",Jordan,"Whitehorse IRCC",office,1,2,,
trv,16,TRV,"VIT 34",Kazakhstan,Amman,office,,1,,
trv,16,TRV,"VIT 34",Kazakhstan,"Case Processing Centre Ottawa",office,5,17,,
trv,16,TRV,"VIT 34",Kazakhstan,"London England",office,1,11,,
trv,16,TRV,"VIT 34",Kazakhstan,"Mexico City",office,,1,,
trv,16,TRV,"VIT 34",Kazakhstan,Moscow,office,2,84,,
trv,16,TRV,"VIT 34",Kazakhstan,"Operations Support Centre",office,1,1,,
trv,16,TRV,"VIT 34",Kazakhstan,"Ottawa IR",office,,5,,
trv,16,TRV,"VIT 34",Kazakhstan,Paris,office,,1,,
trv,16,TRV,"VIT 34",Kazakhstan,Rome,office,,1,,
trv,16,TRV,"VIT 34",Kazakhstan,RROC,office,1,3,,
trv,16,TRV,"VIT 34",Kazakhstan,Vienna,office,1,4,,
trv,16,TRV,"VIT 34",Kazakhstan,Warsaw,office,28,110,,
trv,16,TRV,"VIT 34",Kazakhstan,Washington,office,1,6,,
trv,16,TRV,"VIT 34",Kenya,"Abu Dhabi",office,,3,,
trv,16,TRV,"VIT 34",Kenya,Amman,office,,3,,
trv,16,TRV,"VIT 34",Kenya,"Calgary Citizenship and Immigration Canada",office,,7,,
trv,16,TRV,"VIT 34",Kenya,"Case Processing Centre Ottawa",office,4,13,,
trv,16,TRV,"VIT 34",Kenya,"CN North Africa",office,3,3,,
trv,16,TRV,"VIT 34",Kenya,"London England",office,,1,,
trv,16,TRV,"VIT 34",Kenya,"Mexico City",office,1,1,,
trv,16,TRV,"VIT 34",Kenya,Nairobi,office,2,89,,
trv,16,TRV,"VIT 34",Kenya,"Operations Support Centre",office,3,3,,
trv,16,TRV,"VIT 34",Kenya,"Ottawa IR",office,,5,,
trv,16,TRV,"VIT 34",Kenya,Paris,office,,2,,
trv,16,TRV,"VIT 34",Kenya,Riyadh,office,,1,,
trv,16,TRV,"VIT 34",Kenya,RROC,office,1,2,,
trv,16,TRV,"VIT 34",Kenya,Washington,office,,4,,
trv,16,TRV,"VIT 34","Korea, People's Democratic Republic of",Beijing,office,9,29,,
trv,16,TRV,"VIT 34","Korea, People's Democratic Republic of","New York",office,,1,,
trv,16,TRV,"VIT 34","Korea, People's Democratic Republic of",Washington,office,,2,,
trv,16,TRV,"VIT 34","Korea, Republic of","Case Processing Centre Ottawa",office,1,1,,
trv,16,TRV,"VIT 34","Korea, Republic of",Moscow,office,,1,,
trv,16,TRV,"VIT 34","Korea, Republic of",RROC,office,,2,,
trv,16,TRV,"VIT 34","Kosovo, Republic of","Abu Dhabi",office,,1,,
trv,16,TRV,"VIT 34","Kosovo, Republic of","Case Processing Centre Ottawa",office,1,3,,
trv,16,TRV,"VIT 34","Kosovo, Republic of","London England",office,1,1,,
trv,16,TRV,"VIT 34","Kosovo, Republic of",Paris,office,1,5,,
trv,16,TRV,"VIT 34","Kosovo, Republic of",Vienna,office,3,72,,
trv,16,TRV,"VIT 34","Kosovo, Republic of",Washington,office,,2,,
trv,16,TRV,"VIT 34",Kuwait,"Abu Dhabi",office,,13,,
trv,16,TRV,"VIT 34",Kuwait,Ankara,office,,1,,
trv,16,TRV,"VIT 34",Kuwait,Beirut,office,,1,,
trv,16,TRV,"VIT 34",Kuwait,"Case Processing Centre Edmonton",office,,3,,
trv,16,TRV,"VIT 34",Kuwait,"Case Processing Centre Ottawa",office,,4,,
trv,16,TRV,"VIT 34",Kuwait,"London England",office,,3,,
trv,16,TRV,"VIT 34",Kuwait,Paris,office,,1,,
trv,16,TRV,"VIT 34",Kyrgyzstan,"Abu Dhabi",office,,1,,
trv,16,TRV,"VIT 34",Kyrgyzstan,"Case Processing Centre Ottawa",office,,1,,
trv,16,TRV,"VIT 34",Kyrgyzstan,"London England",office,,4,,
trv,16,TRV,"VIT 34",Kyrgyzstan,Moscow,office,,7,,
trv,16,TRV,"VIT 34",Kyrgyzstan,"Operations Support Centre",office,,1,,
trv,16,TRV,"VIT 34",Kyrgyzstan,"Ottawa IR",office,,1,,
trv,16,TRV,"VIT 34",Kyrgyzstan,Paris,office,1,1,,
trv,16,TRV,"VIT 34",Kyrgyzstan,RROC,office,,1,,
trv,16,TRV,"VIT 34",Kyrgyzstan,Vienna,office,2,2,,
trv,16,TRV,"VIT 34",Kyrgyzstan,Warsaw,office,4,24,,
trv,16,TRV,"VIT 34",Kyrgyzstan,Washington,office,,2,,
trv,16,TRV,"VIT 34",Kyrgyzstan,"Whitehorse IRCC",office,,1,,
trv,16,TRV,"VIT 34",Kyrgyzstan,Winnipeg,office,,1,,
trv,16,TRV,"VIT 34",Latvia,Vienna,office,,1,,
trv,16,TRV,"VIT 34",Lebanon,"Abu Dhabi",office,1,109,,
trv,16,TRV,"VIT 34",Lebanon,Accra,office,,3,,
trv,16,TRV,"VIT 34",Lebanon,Amman,office,,9,,
trv,16,TRV,"VIT 34",Lebanon,Ankara,office,,260,,
trv,16,TRV,"VIT 34",Lebanon,Beijing,office,,1,,
trv,16,TRV,"VIT 34",Lebanon,Beirut,office,220,3451,,
trv,16,TRV,"VIT 34",Lebanon,"Bucharest Global Operations Centre",office,,2,,
trv,16,TRV,"VIT 34",Lebanon,"Buenos Aires",office,,1,,
trv,16,TRV,"VIT 34",Lebanon,Cairo,office,,5,,
trv,16,TRV,"VIT 34",Lebanon,"Calgary Citizenship and Immigration Canada",office,,1,,
trv,16,TRV,"VIT 34",Lebanon,"Case Processing Centre Edmonton",office,,2,,
trv,16,TRV,"VIT 34",Lebanon,"Case Processing Centre Ottawa",office,18,236,,
trv,16,TRV,"VIT 34",Lebanon,"CN Middle East",office,,2,,
trv,16,TRV,"VIT 34",Lebanon,Dakar,office,1,6,,
trv,16,TRV,"VIT 34",Lebanon,Lagos,office,,1,,
trv,16,TRV,"VIT 34",Lebanon,"London England",office,10,28,,
trv,17,TRV,"VIT 34",Lebanon,"Los Angeles",office,,1,,
trv,17,TRV,"VIT 34",Lebanon,Manila,office,,1,,
trv,17,TRV,"VIT 34",Lebanon,"Matching Centre",office,,1,,
trv,17,TRV,"VIT 34",Lebanon,"Mexico City",office,,2,,
trv,17,TRV,"VIT 34",Lebanon,Nairobi,office,,1,,
trv,17,TRV,"VIT 34",Lebanon,"New York",office,,2,,
trv,17,TRV,"VIT 34",Lebanon,"Operations Support Centre",office,4,8,,
trv,17,TRV,"VIT 34",Lebanon,Paris,office,3,41,,
trv,17,TRV,"VIT 34",Lebanon,Pretoria,office,,8,,
trv,17,TRV,"VIT 34",Lebanon,Riyadh,office,2,81,,
trv,17,TRV,"VIT 34",Lebanon,Rome,office,1,8,,
trv,17,TRV,"VIT 34",Lebanon,RROC,office,,7,,
trv,17,TRV,"VIT 34",Lebanon,"Sao Paulo",office,1,2,,
trv,17,TRV,"VIT 34",Lebanon,Singapore,office,,1,,
trv,17,TRV,"VIT 34",Lebanon,"Sydney Australia",office,2,6,,
trv,17,TRV,"VIT 34",Lebanon,Tunis,office,,2,,
trv,17,TRV,"VIT 34",Lebanon,"Vancouver Immigration",office,,3,,
trv,17,TRV,"VIT 34",Lebanon,Vienna,office,2,13,,
trv,17,TRV,"VIT 34",Lebanon,Warsaw,office,,1,,
trv,17,TRV,"VIT 34",Lebanon,Washington,office,1,4,,
trv,17,TRV,"VIT 34",Lebanon,"Whitehorse IRCC",office,1,2,,
trv,17,TRV,"VIT 34",Lebanon,Winnipeg,office,,2,,
trv,17,TRV,"VIT 34",Lesotho,Pretoria,office,,1,,
trv,17,TRV,"VIT 34",Liberia,Accra,office,,3,,
trv,17,TRV,"VIT 34",Liberia,"Case Processing Centre Ottawa",office,,1,,
trv,17,TRV,"VIT 34",Liberia,Paris,office,,1,,
trv,17,TRV,"VIT 34",Libya,"Abu Dhabi",office,,13,,
trv,17,TRV,"VIT 34",Libya,Amman,office,,3,,
trv,17,TRV,"VIT 34",Libya,Ankara,office,,6,,
trv,17,TRV,"VIT 34",Libya,"Buenos Aires",office,,3,,
trv,17,TRV,"VIT 34",Libya,"Case Processing Centre Edmonton",office,,2,,
trv,17,TRV,"VIT 34",Libya,"Case Processing Centre Ottawa",office,8,247,,
trv,17,TRV,"VIT 34",Libya,"London England",office,,13,,
trv,17,TRV,"VIT 34",Libya,Nairobi,office,,4,,
trv,17,TRV,"VIT 34",Libya,"Ottawa IR",office,,2,,
trv,17,TRV,"VIT 34",Libya,Paris,office,28,146,,
trv,17,TRV,"VIT 34",Libya,Pretoria,office,,10,,
trv,17,TRV,"VIT 34",Libya,Rabat,office,,1,,
trv,17,TRV,"VIT 34",Libya,Rome,office,1,2,,
trv,17,TRV,"VIT 34",Libya,RROC,office,,14,,
trv,17,TRV,"VIT 34",Libya,Singapore,office,,1,,
trv,17,TRV,"VIT 34",Libya,Tunis,office,2,360,,
trv,17,TRV,"VIT 34",Libya,Vienna,office,1,14,,
trv,17,TRV,"VIT 34",Libya,Washington,office,,4,,
trv,17,TRV,"VIT 34",Libya,"Whitehorse IRCC",office,,1,,
trv,17,TRV,"VIT 34","Macao SAR","Case Processing Centre Ottawa",office,,1,,
trv,17,TRV,"VIT 34","Macao SAR","CN China",office,,2,,
trv,17,TRV,"VIT 34","Macao SAR",Guangzhou,office,,3,,
trv,17,TRV,"VIT 34","Macao SAR","Hong Kong",office,5,12,,
trv,17,TRV,"VIT 34","Macao SAR","Vancouver Immigration",office,,1,,
trv,17,TRV,"VIT 34",Macedonia,"Case Processing Centre Ottawa",office,1,3,,
trv,17,TRV,"VIT 34",Macedonia,"London England",office,,2,,
trv,17,TRV,"VIT 34",Macedonia,Moscow,office,,1,,
trv,17,TRV,"VIT 34",Macedonia,"Operations Support Centre",office,,1,,
trv,17,TRV,"VIT 34",Macedonia,"Vancouver Immigration",office,,1,,
trv,17,TRV,"VIT 34",Macedonia,Vienna,office,7,27,,
trv,17,TRV,"VIT 34",Madagascar,"Calgary Citizenship and Immigration Canada",office,,1,,
trv,17,TRV,"VIT 34",Madagascar,"Case Processing Centre Ottawa",office,,1,,
trv,17,TRV,"VIT 34",Madagascar,"Operations Support Centre",office,,1,,
trv,17,TRV,"VIT 34",Madagascar,Pretoria,office,2,25,,
trv,17,TRV,"VIT 34",Malawi,"Bucharest Global Operations Centre",office,,1,,
trv,17,TRV,"VIT 34",Malawi,"Case Processing Centre Ottawa",office,,1,,
trv,17,TRV,"VIT 34",Malawi,Pretoria,office,,7,,
trv,17,TRV,"VIT 34",Malaysia,Beijing,office,,6,,
trv,17,TRV,"VIT 34",Malaysia,"Case Processing Centre Ottawa",office,,4,,
trv,17,TRV,"VIT 34",Malaysia,Guangzhou,office,,1,,
trv,17,TRV,"VIT 34",Malaysia,"London England",office,1,1,,
trv,17,TRV,"VIT 34",Malaysia,Manila,office,,6,,
trv,17,TRV,"VIT 34",Malaysia,"Operations Support Centre",office,,1,,
trv,17,TRV,"VIT 34",Malaysia,Paris,office,,1,,
trv,17,TRV,"VIT 34",Malaysia,RROC,office,,1,,
trv,17,TRV,"VIT 34",Malaysia,Shanghai,office,,1,,
trv,17,TRV,"VIT 34",Malaysia,Singapore,office,1,12,,
trv,17,TRV,"VIT 34",Malaysia,"Sydney Australia",office,1,2,,
trv,17,TRV,"VIT 34",Malaysia,Washington,office,,2,,
trv,17,TRV,"VIT 34","Maldives, Republic of",Colombo,office,,1,,
trv,17,TRV,"VIT 34","Mali, Republic of",Beijing,office,,1,,
trv,17,TRV,"VIT 34","Mali, Republic of","CN China",office,,1,,
trv,17,TRV,"VIT 34","Mali, Republic of",Dakar,office,6,19,,
trv,17,TRV,"VIT 34","Mali, Republic of",Moscow,office,,1,,
trv,17,TRV,"VIT 34","Mali, Republic of","Ottawa IR",office,,1,,
trv,17,TRV,"VIT 34","Mali, Republic of",Paris,office,,4,,
trv,17,TRV,"VIT 34","Mali, Republic of",RROC,office,,1,,
trv,17,TRV,"VIT 34","Mali, Republic of",Singapore,office,,1,,
trv,17,TRV,"VIT 34","Mali, Republic of",Washington,office,1,3,,
trv,17,TRV,"VIT 34",Malta,"Tel Aviv",office,,1,,
trv,17,TRV,"VIT 34",Mauritania,"Case Processing Centre Ottawa",office,,4,,
trv,17,TRV,"VIT 34",Mauritania,Dakar,office,,4,,
trv,17,TRV,"VIT 34",Mauritania,Paris,office,,8,,
trv,17,TRV,"VIT 34",Mauritania,RROC,office,1,4,,
trv,17,TRV,"VIT 34",Mauritania,Tunis,office,,1,,
trv,17,TRV,"VIT 34",Mauritania,Winnipeg,office,,1,,
trv,17,TRV,"VIT 34",Mauritius,"Case Processing Centre Ottawa",office,1,1,,
trv,17,TRV,"VIT 34",Mauritius,"London England",office,,1,,
trv,17,TRV,"VIT 34",Mauritius,"Ottawa IR",office,,1,,
trv,18,TRV,"VIT 34",Mauritius,Pretoria,office,7,59,,
trv,18,TRV,"VIT 34",Mauritius,RROC,office,,3,,
trv,18,TRV,"VIT 34",Mexico,"Case Processing Centre Edmonton",office,,6,,
trv,18,TRV,"VIT 34",Mexico,"Case Processing Centre Ottawa",office,6,11,,
trv,18,TRV,"VIT 34",Mexico,"CN Americas",office,48,82,,
trv,18,TRV,"VIT 34",Mexico,"Mexico City",office,29,47,,
trv,18,TRV,"VIT 34",Mexico,"Operations Support Centre",office,42,170,,
trv,18,TRV,"VIT 34",Mexico,RROC,office,1,5,,
trv,18,TRV,"VIT 34",Mexico,"Sydney Australia",office,1,1,,
trv,18,TRV,"VIT 34",Mexico,Washington,office,,1,,
trv,18,TRV,"VIT 34",Moldova,Ankara,office,,1,,
trv,18,TRV,"VIT 34",Moldova,Bucharest,office,,21,,
trv,18,TRV,"VIT 34",Moldova,"Case Processing Centre Ottawa",office,,1,,
trv,18,TRV,"VIT 34",Moldova,"CN North Africa",office,1,1,,
trv,18,TRV,"VIT 34",Moldova,"London England",office,,3,,
trv,18,TRV,"VIT 34",Moldova,Paris,office,,1,,
trv,18,TRV,"VIT 34",Moldova,RROC,office,1,1,,
trv,18,TRV,"VIT 34",Moldova,Vienna,office,,1,,
trv,18,TRV,"VIT 34",Moldova,Warsaw,office,,1,,
trv,18,TRV,"VIT 34",Moldova,"Whitehorse IRCC",office,,1,,
trv,18,TRV,"VIT 34","Mongolia, People's Republic of",Beijing,office,,4,,
trv,18,TRV,"VIT 34","Mongolia, People's Republic of","Case Processing Centre Ottawa",office,2,3,,
trv,18,TRV,"VIT 34","Mongolia, People's Republic of","Hong Kong",office,,18,,
trv,18,TRV,"VIT 34","Mongolia, People's Republic of","London England",office,,1,,
trv,18,TRV,"VIT 34","Mongolia, People's Republic of",Paris,office,,1,,
trv,18,TRV,"VIT 34","Mongolia, People's Republic of",RROC,office,1,2,,
trv,18,TRV,"VIT 34","Mongolia, People's Republic of",Washington,office,,2,,
trv,18,TRV,"VIT 34","Montenegro, Republic of",Paris,office,,1,,
trv,18,TRV,"VIT 34","Montenegro, Republic of",RROC,office,,1,,
trv,18,TRV,"VIT 34","Montenegro, Republic of",Vienna,office,2,9,,
trv,18,TRV,"VIT 34",Morocco,"Abu Dhabi",office,,10,,
trv,18,TRV,"VIT 34",Morocco,Beijing,office,,1,,
trv,18,TRV,"VIT 34",Morocco,"Case Processing Centre Ottawa",office,1,117,,
trv,18,TRV,"VIT 34",Morocco,"CN Iran",office,,4,,
trv,18,TRV,"VIT 34",Morocco,"CN North Africa",office,,6,,
trv,18,TRV,"VIT 34",Morocco,"London England",office,1,6,,
trv,18,TRV,"VIT 34",Morocco,"New York",office,,1,,
trv,18,TRV,"VIT 34",Morocco,"Ottawa IR",office,,1,,
trv,18,TRV,"VIT 34",Morocco,Paris,office,21,148,,
trv,18,TRV,"VIT 34",Morocco,Rabat,office,82,367,,
trv,18,TRV,"VIT 34",Morocco,Riyadh,office,,5,,
trv,18,TRV,"VIT 34",Morocco,Rome,office,,7,,
trv,18,TRV,"VIT 34",Morocco,RROC,office,,2,,
trv,18,TRV,"VIT 34",Morocco,"Vancouver Immigration",office,,1,,
trv,18,TRV,"VIT 34",Morocco,Vienna,office,,8,,
trv,18,TRV,"VIT 34",Morocco,Warsaw,office,,2,,
trv,18,TRV,"VIT 34",Morocco,Washington,office,1,3,,
trv,18,TRV,"VIT 34",Morocco,Winnipeg,office,,2,,
trv,18,TRV,"VIT 34",Mozambique,Amman,office,,1,,
trv,18,TRV,"VIT 34",Mozambique,Pretoria,office,,1,,
trv,18,TRV,"VIT 34","Myanmar (Burma)",Bangkok,office,5,9,,
trv,18,TRV,"VIT 34","Myanmar (Burma)","Case Processing Centre Ottawa",office,,2,,
trv,18,TRV,"VIT 34","Myanmar (Burma)","Hong Kong",office,,1,,
trv,18,TRV,"VIT 34","Myanmar (Burma)",RROC,office,4,12,,
trv,18,TRV,"VIT 34","Myanmar (Burma)","Sydney Australia",office,2,2,,
trv,18,TRV,"VIT 34",Namibia,Pretoria,office,,2,,
trv,18,TRV,"VIT 34",Nepal,Ankara,office,,2,,
trv,18,TRV,"VIT 34",Nepal,Bangalore,office,,8,,
trv,18,TRV,"VIT 34",Nepal,Bangkok,office,40,55,,
trv,18,TRV,"VIT 34",Nepal,Beijing,office,1,4,,
trv,18,TRV,"VIT 34",Nepal,"Calgary Citizenship and Immigration Canada",office,,1,,
trv,18,TRV,"VIT 34",Nepal,"Case Processing Centre Ottawa",office,19,33,,
trv,18,TRV,"VIT 34",Nepal,Chandigarh,office,,1,,
trv,18,TRV,"VIT 34",Nepal,"CN South Asia",office,1,1,,
trv,18,TRV,"VIT 34",Nepal,Nairobi,office,1,1,,
trv,18,TRV,"VIT 34",Nepal,"New Delhi",office,,10,,
trv,18,TRV,"VIT 34",Nepal,"New York",office,,1,,
trv,18,TRV,"VIT 34",Nepal,"Port of Spain",office,,1,,
trv,18,TRV,"VIT 34",Nepal,Pretoria,office,,1,,
trv,18,TRV,"VIT 34",Nepal,RROC,office,1,1,,
trv,18,TRV,"VIT 34",Nepal,"Vancouver Immigration",office,2,3,,
trv,18,TRV,"VIT 34",Nepal,Washington,office,2,8,,
trv,18,TRV,"VIT 34",Nepal,"Whitehorse IRCC",office,,1,,
trv,18,TRV,"VIT 34",Nicaragua,Ankara,office,,1,,
trv,18,TRV,"VIT 34",Nicaragua,Lagos,office,1,1,,
trv,18,TRV,"VIT 34",Nicaragua,"Mexico City",office,3,15,,
trv,18,TRV,"VIT 34",Nigeria,"Abu Dhabi",office,1,3,,
trv,18,TRV,"VIT 34",Nigeria,Abuja,office,28,38,,
trv,18,TRV,"VIT 34",Nigeria,Accra,office,,1,,
trv,18,TRV,"VIT 34",Nigeria,Amman,office,,2,,
trv,18,TRV,"VIT 34",Nigeria,Ankara,office,,2,,
trv,18,TRV,"VIT 34",Nigeria,Beijing,office,1,6,,
trv,18,TRV,"VIT 34",Nigeria,Beirut,office,,2,,
trv,18,TRV,"VIT 34",Nigeria,"Calgary Citizenship and Immigration Canada",office,,3,,
trv,18,TRV,"VIT 34",Nigeria,"Case Processing Centre Ottawa",office,98,180,,
trv,18,TRV,"VIT 34",Nigeria,"CN China",office,,1,,
trv,18,TRV,"VIT 34",Nigeria,"CN North Africa",office,,1,,
trv,18,TRV,"VIT 34",Nigeria,Dakar,office,1,3,,
trv,18,TRV,"VIT 34",Nigeria,Kyiv,office,,3,,
trv,18,TRV,"VIT 34",Nigeria,Lagos,office,351,951,,
trv,18,TRV,"VIT 34",Nigeria,"London England",office,13,129,,
trv,18,TRV,"VIT 34",Nigeria,Manila,office,1,1,,
trv,18,TRV,"VIT 34",Nigeria,"Mexico City",office,,2,,
trv,18,TRV,"VIT 34",Nigeria,Nairobi,office,2,102,,
trv,18,TRV,"VIT 34",Nigeria,"New York",office,,3,,
trv,18,TRV,"VIT 34",Nigeria,"Operations Support Centre",office,3,13,,
trv,18,TRV,"VIT 34",Nigeria,"Ottawa IR",office,,6,,
trv,19,TRV,"VIT 34",Nigeria,Paris,office,,9,,
trv,19,TRV,"VIT 34",Nigeria,Pretoria,office,2,5,,
trv,19,TRV,"VIT 34",Nigeria,Rabat,office,1,1,,
trv,19,TRV,"VIT 34",Nigeria,Riyadh,office,,1,,
trv,19,TRV,"VIT 34",Nigeria,Rome,office,,3,,
trv,19,TRV,"VIT 34",Nigeria,RROC,office,10,25,,
trv,19,TRV,"VIT 34",Nigeria,"Sao Paulo",office,,1,,
trv,19,TRV,"VIT 34",Nigeria,"Sydney Australia",office,1,2,,
trv,19,TRV,"VIT 34",Nigeria,"Vancouver Immigration",office,1,15,,
trv,19,TRV,"VIT 34",Nigeria,Vienna,office,1,3,,
trv,19,TRV,"VIT 34",Nigeria,Washington,office,1,13,,
trv,19,TRV,"VIT 34",Nigeria,"Whitehorse IRCC",office,,3,,
trv,19,TRV,"VIT 34",Oman,"Abu Dhabi",office,1,8,,
trv,19,TRV,"VIT 34",Oman,"Case Processing Centre Ottawa",office,,1,,
trv,19,TRV,"VIT 34",Oman,"London England",office,,1,,
trv,19,TRV,"VIT 34",Oman,Paris,office,,1,,
trv,19,TRV,"VIT 34",Other,"Case Processing Centre Ottawa",office,1,7,,
trv,19,TRV,"VIT 34",Other,"London England",office,,2,,
trv,19,TRV,"VIT 34",Other,Riyadh,office,,1,,
trv,19,TRV,"VIT 34",Pakistan,"Abu Dhabi",office,91,2955,,
trv,19,TRV,"VIT 34",Pakistan,Accra,office,,4,,
trv,19,TRV,"VIT 34",Pakistan,Amman,office,1,13,,
trv,19,TRV,"VIT 34",Pakistan,Ankara,office,2,33,,
trv,19,TRV,"VIT 34",Pakistan,Bangkok,office,,1,,
trv,19,TRV,"VIT 34",Pakistan,Beijing,office,9,71,,
trv,19,TRV,"VIT 34",Pakistan,Beirut,office,,4,,
trv,19,TRV,"VIT 34",Pakistan,"Bucharest Global Operations Centre",office,,1,,
trv,19,TRV,"VIT 34",Pakistan,"Buenos Aires",office,,6,,
trv,19,TRV,"VIT 34",Pakistan,Cairo,office,,2,,
trv,19,TRV,"VIT 34",Pakistan,"Calgary Citizenship and Immigration Canada",office,,1,,
trv,19,TRV,"VIT 34",Pakistan,"Case Processing Centre Edmonton",office,,4,,
trv,19,TRV,"VIT 34",Pakistan,"Case Processing Centre Ottawa",office,84,932,,
trv,19,TRV,"VIT 34",Pakistan,"Case Review Citizenship And Immigration Cases",office,1,3,,
trv,19,TRV,"VIT 34",Pakistan,"CN China",office,1,1,,
trv,19,TRV,"VIT 34",Pakistan,"CN Iran",office,9,9,,
trv,19,TRV,"VIT 34",Pakistan,"CN Middle East",office,231,452,,
trv,19,TRV,"VIT 34",Pakistan,"CN North Africa",office,9,9,,
trv,19,TRV,"VIT 34",Pakistan,Colombo,office,,1,,
trv,19,TRV,"VIT 34",Pakistan,Dakar,office,,2,,
trv,19,TRV,"VIT 34",Pakistan,Dar-Es-Salaam,office,,8,,
trv,19,TRV,"VIT 34",Pakistan,Havana,office,,1,,
trv,19,TRV,"VIT 34",Pakistan,"Ho Chi Minh City Vietnam",office,,3,,
trv,19,TRV,"VIT 34",Pakistan,"Hong Kong",office,,3,,
trv,19,TRV,"VIT 34",Pakistan,Islamabad,office,8,233,,
trv,19,TRV,"VIT 34",Pakistan,Jakarta,office,,1,,
trv,19,TRV,"VIT 34",Pakistan,"Kingston Jamaica",office,1,3,,
trv,19,TRV,"VIT 34",Pakistan,Kyiv,office,,3,,
trv,19,TRV,"VIT 34",Pakistan,Lagos,office,,1,,
trv,19,TRV,"VIT 34",Pakistan,"London England",office,31,172,,
trv,19,TRV,"VIT 34",Pakistan,"Los Angeles",office,,3,,
trv,19,TRV,"VIT 34",Pakistan,Manila,office,1,7,,
trv,19,TRV,"VIT 34",Pakistan,"Mexico City",office,,10,,
trv,19,TRV,"VIT 34",Pakistan,Moscow,office,,2,,
trv,19,TRV,"VIT 34",Pakistan,Nairobi,office,,8,,
trv,19,TRV,"VIT 34",Pakistan,"New Delhi",office,,4,,
trv,19,TRV,"VIT 34",Pakistan,"New York",office,,16,,
trv,19,TRV,"VIT 34",Pakistan,"Operational Performance Manageme",office,,1,,
trv,19,TRV,"VIT 34",Pakistan,"Operations Support Centre",office,105,245,,
trv,19,TRV,"VIT 34",Pakistan,Paris,office,6,70,,
trv,19,TRV,"VIT 34",Pakistan,"Port of Spain",office,,4,,
trv,19,TRV,"VIT 34",Pakistan,Pretoria,office,10,58,,
trv,19,TRV,"VIT 34",Pakistan,Rabat,office,1,2,,
trv,19,TRV,"VIT 34",Pakistan,Riyadh,office,10,177,,
trv,19,TRV,"VIT 34",Pakistan,Rome,office,17,43,,
trv,19,TRV,"VIT 34",Pakistan,RROC,office,18,65,,
trv,19,TRV,"VIT 34",Pakistan,"Sao Paulo",office,1,2,,
trv,19,TRV,"VIT 34",Pakistan,Shanghai,office,,1,,
trv,19,TRV,"VIT 34",Pakistan,Singapore,office,4,20,,
trv,19,TRV,"VIT 34",Pakistan,"Sydney Australia",office,16,62,,
trv,19,TRV,"VIT 34",Pakistan,Tunis,office,,3,,
trv,19,TRV,"VIT 34",Pakistan,Vienna,office,20,246,,
trv,19,TRV,"VIT 34",Pakistan,Warsaw,office,1,259,,
trv,19,TRV,"VIT 34",Pakistan,Washington,office,14,91,,
trv,19,TRV,"VIT 34",Pakistan,Winnipeg,office,,3,,
trv,19,TRV,"VIT 34","Palestinian Authority (Gaza/West Bank)","Abu Dhabi",office,1,68,,
trv,19,TRV,"VIT 34","Palestinian Authority (Gaza/West Bank)",Amman,office,659,4488,,
trv,19,TRV,"VIT 34","Palestinian Authority (Gaza/West Bank)",Ankara,office,2,99,,
trv,19,TRV,"VIT 34","Palestinian Authority (Gaza/West Bank)",Beijing,office,,5,,
trv,19,TRV,"VIT 34","Palestinian Authority (Gaza/West Bank)",Beirut,office,1,20,,
trv,19,TRV,"VIT 34","Palestinian Authority (Gaza/West Bank)",Bucharest,office,,3,,
trv,19,TRV,"VIT 34","Palestinian Authority (Gaza/West Bank)","Buenos Aires",office,,2,,
trv,19,TRV,"VIT 34","Palestinian Authority (Gaza/West Bank)",Cairo,office,128,767,,
trv,19,TRV,"VIT 34","Palestinian Authority (Gaza/West Bank)","Case Processing Centre Edmonton",office,1,5,,
trv,19,TRV,"VIT 34","Palestinian Authority (Gaza/West Bank)","Case Processing Centre Ottawa",office,20,171,,
trv,19,TRV,"VIT 34","Palestinian Authority (Gaza/West Bank)",Colombo,office,,1,,
trv,19,TRV,"VIT 34","Palestinian Authority (Gaza/West Bank)",Dakar,office,1,1,,
trv,19,TRV,"VIT 34","Palestinian Authority (Gaza/West Bank)","Ho Chi Minh City Vietnam",office,,1,,
trv,19,TRV,"VIT 34","Palestinian Authority (Gaza/West Bank)","London England",office,3,22,,
trv,19,TRV,"VIT 34","Palestinian Authority (Gaza/West Bank)",Nairobi,office,,1,,
trv,19,TRV,"VIT 34","Palestinian Authority (Gaza/West Bank)","New York",office,,4,,
trv,19,TRV,"VIT 34","Palestinian Authority (Gaza/West Bank)",Paris,office,3,14,,
trv,19,TRV,"VIT 34","Palestinian Authority (Gaza/West Bank)",Rabat,office,,1,,
trv,19,TRV,"VIT 34","Palestinian Authority (Gaza/West Bank)",Riyadh,office,1,54,,
trv,19,TRV,"VIT 34","Palestinian Authority (Gaza/West Bank)",Rome,office,,1,,
trv,19,TRV,"VIT 34","Palestinian Authority (Gaza/West Bank)",RROC,office,7,49,,
trv,19,TRV,"VIT 34","Palestinian Authority (Gaza/West Bank)","Sydney Australia",office,2,6,,
trv,19,TRV,"VIT 34","Palestinian Authority (Gaza/West Bank)","Tel Aviv",office,,85,,
trv,19,TRV,"VIT 34","Palestinian Authority (Gaza/West Bank)",Tunis,office,,2,,
trv,19,TRV,"VIT 34","Palestinian Authority (Gaza/West Bank)",Vienna,office,1,14,,
trv,19,TRV,"VIT 34","Palestinian Authority (Gaza/West Bank)",Warsaw,office,,3,,
trv,19,TRV,"VIT 34","Palestinian Authority (Gaza/West Bank)",Washington,office,,6,,
trv,19,TRV,"VIT 34","Panama, Republic of","Case Processing Centre Ottawa",office,,2,,
trv,19,TRV,"VIT 34","Panama, Republic of","Mexico City",office,,13,,
trv,20,TRV,"VIT 34",Paraguay,"Buenos Aires",office,,1,,
trv,20,TRV,"VIT 34",Paraguay,"Case Processing Centre Ottawa",office,,1,,
trv,20,TRV,"VIT 34","Peoples Republic of Benin",Accra,office,3,12,,
trv,20,TRV,"VIT 34","Peoples Republic of Benin",Beijing,office,,1,,
trv,20,TRV,"VIT 34","Peoples Republic of Benin","Calgary Citizenship and Immigration Canada",office,,1,,
trv,20,TRV,"VIT 34","Peoples Republic of Benin","Case Processing Centre Ottawa",office,2,9,,
trv,20,TRV,"VIT 34","Peoples Republic of Benin",Lagos,office,,1,,
trv,20,TRV,"VIT 34","Peoples Republic of Benin","Manila Global Operations Centre",office,1,1,,
trv,20,TRV,"VIT 34","Peoples Republic of Benin","Mexico City",office,,1,,
trv,20,TRV,"VIT 34","Peoples Republic of Benin",Nairobi,office,,1,,
trv,20,TRV,"VIT 34","Peoples Republic of Benin","Ottawa IR",office,,1,,
trv,20,TRV,"VIT 34","Peoples Republic of Benin",Paris,office,,2,,
trv,20,TRV,"VIT 34","Peoples Republic of Benin",RROC,office,,1,,
trv,20,TRV,"VIT 34","Peoples Republic of Benin","Yaounde (High Commission of Canac",office,,1,,
trv,20,TRV,"VIT 34","People's Republic of China","Abu Dhabi",office,1,15,,
trv,20,TRV,"VIT 34","People's Republic of China",Accra,office,1,7,,
trv,20,TRV,"VIT 34","People's Republic of China",Algiers,office,1,1,,
trv,20,TRV,"VIT 34","People's Republic of China",Amman,office,,4,,
trv,20,TRV,"VIT 34","People's Republic of China",Ankara,office,,4,,
trv,20,TRV,"VIT 34","People's Republic of China",Bangkok,office,2,3,,
trv,20,TRV,"VIT 34","People's Republic of China",Beijing,office,4792,24416,,
trv,20,TRV,"VIT 34","People's Republic of China",Bogota,office,19,37,,
trv,20,TRV,"VIT 34","People's Republic of China",Bucharest,office,,2,,
trv,20,TRV,"VIT 34","People's Republic of China","Bucharest Global Operations Centre",office,,2,,
trv,20,TRV,"VIT 34","People's Republic of China","Buenos Aires",office,1,54,,
trv,20,TRV,"VIT 34","People's Republic of China",Cairo,office,,2,,
trv,20,TRV,"VIT 34","People's Republic of China","Calgary Citizenship and Immigration Canada",office,,1,,
trv,20,TRV,"VIT 34","People's Republic of China","Case Processing Centre Edmonton",office,2,20,,
trv,20,TRV,"VIT 34","People's Republic of China","Case Processing Centre Ottawa",office,751,13117,,
trv,20,TRV,"VIT 34","People's Republic of China","Case Review Citizenship And Immigration Cases",office,2,5,,
trv,20,TRV,"VIT 34","People's Republic of China","Centralized RO",office,,8,,
trv,20,TRV,"VIT 34","People's Republic of China","CN China",office,4123,14628,,
trv,20,TRV,"VIT 34","People's Republic of China","CN Iran",office,1,1,,
trv,20,TRV,"VIT 34","People's Republic of China","CN Middle East",office,5,7,,
trv,20,TRV,"VIT 34","People's Republic of China","CN South Asia",office,3,3,,
trv,20,TRV,"VIT 34","People's Republic of China",Dakar,office,,1,,
trv,20,TRV,"VIT 34","People's Republic of China",Guangzhou,office,10,2575,,
trv,20,TRV,"VIT 34","People's Republic of China","Hong Kong",office,145,423,,
trv,20,TRV,"VIT 34","People's Republic of China",Islamabad,office,,2,,
trv,20,TRV,"VIT 34","People's Republic of China",Jakarta,office,3,7,,
trv,20,TRV,"VIT 34","People's Republic of China","Kingston Jamaica",office,2,4,,
trv,20,TRV,"VIT 34","People's Republic of China",Lagos,office,,1,,
trv,20,TRV,"VIT 34","People's Republic of China",Lima,office,13,30,,
trv,20,TRV,"VIT 34","People's Republic of China","London England",office,230,706,,
trv,20,TRV,"VIT 34","People's Republic of China","Los Angeles",office,,4,,
trv,20,TRV,"VIT 34","People's Republic of China",Manila,office,9,46,,
trv,20,TRV,"VIT 34","People's Republic of China","Manila Global Operations Centre",office,2,2,,
trv,20,TRV,"VIT 34","People's Republic of China","Mexico City",office,25,161,,
trv,20,TRV,"VIT 34","People's Republic of China",Moscow,office,,2,,
trv,20,TRV,"VIT 34","People's Republic of China",Nairobi,office,1,10,,
trv,20,TRV,"VIT 34","People's Republic of China","New Delhi",office,,3,,
trv,20,TRV,"VIT 34","People's Republic of China","New York",office,,68,,
trv,20,TRV,"VIT 34","People's Republic of China","Operations Support Centre",office,1114,2703,,
trv,20,TRV,"VIT 34","People's Republic of China","Ottawa IR",office,3,16,,
trv,20,TRV,"VIT 34","People's Republic of China",Paris,office,38,197,,
trv,20,TRV,"VIT 34","People's Republic of China","Port of Spain",office,2,19,,
trv,20,TRV,"VIT 34","People's Republic of China",Pretoria,office,5,18,,
trv,20,TRV,"VIT 34","People's Republic of China",Rabat,office,1,3,,
trv,20,TRV,"VIT 34","People's Republic of China",Riyadh,office,1,7,,
trv,20,TRV,"VIT 34","People's Republic of China",Rome,office,1,17,,
trv,20,TRV,"VIT 34","People's Republic of China",RROC,office,55,273,,
trv,20,TRV,"VIT 34","People's Republic of China","Sao Paulo",office,4,20,,
trv,20,TRV,"VIT 34","People's Republic of China",Shanghai,office,3,2809,,
trv,20,TRV,"VIT 34","People's Republic of China",Singapore,office,26,109,,
trv,20,TRV,"VIT 34","People's Republic of China","Sydney Australia",office,80,237,,
trv,20,TRV,"VIT 34","People's Republic of China","Tel Aviv",office,,2,,
trv,20,TRV,"VIT 34","People's Republic of China",Tunis,office,,1,,
trv,20,TRV,"VIT 34","People's Republic of China","Vancouver Immigration",office,1,8,,
trv,20,TRV,"VIT 34","People's Republic of China",Vienna,office,89,331,,
trv,20,TRV,"VIT 34","People's Republic of China",Warsaw,office,3,24,,
trv,20,TRV,"VIT 34","People's Republic of China",Washington,office,11,76,,
trv,20,TRV,"VIT 34","People's Republic of China","Whitehorse IRCC",office,,1,,
trv,20,TRV,"VIT 34","People's Republic of China",Winnipeg,office,,1,,
trv,20,TRV,"VIT 34",Peru,Ankara,office,,1,,
trv,20,TRV,"VIT 34",Peru,Beijing,office,1,2,,
trv,20,TRV,"VIT 34",Peru,"Case Processing Centre Ottawa",office,12,20,,
trv,20,TRV,"VIT 34",Peru,"Case Review Citizenship And Immigration Cases",office,,1,,
trv,20,TRV,"VIT 34",Peru,Lima,office,68,221,,
trv,20,TRV,"VIT 34",Peru,"London England",office,,3,,
trv,20,TRV,"VIT 34",Peru,"Mexico City",office,,2,,
trv,20,TRV,"VIT 34",Peru,"Ottawa IR",office,1,1,,
trv,20,TRV,"VIT 34",Peru,Paris,office,,1,,
trv,20,TRV,"VIT 34",Peru,Pretoria,office,,1,,
trv,20,TRV,"VIT 34",Peru,RROC,office,,7,,
trv,20,TRV,"VIT 34",Peru,"Sao Paulo",office,,1,,
trv,20,TRV,"VIT 34",Peru,"Vancouver Immigration",office,,1,,
trv,20,TRV,"VIT 34",Peru,Warsaw,office,,1,,
trv,20,TRV,"VIT 34",Peru,Washington,office,,12,,
trv,20,TRV,"VIT 34",Peru,"Whitehorse IRCC",office,,1,,
trv,20,TRV,"VIT 34",Philippines,"Abu Dhabi",office,,7,,
trv,20,TRV,"VIT 34",Philippines,Accra,office,,2,,
trv,20,TRV,"VIT 34",Philippines,Beijing,office,,2,,
trv,20,TRV,"VIT 34",Philippines,"Calgary Citizenship and Immigration Canada",office,,34,,
trv,20,TRV,"VIT 34",Philippines,"Case Processing Centre Ottawa",office,19,50,,
trv,20,TRV,"VIT 34",Philippines,"CN China",office,1,1,,
trv,20,TRV,"VIT 34",Philippines,"CN North Africa",office,6,8,,
trv,20,TRV,"VIT 34",Philippines,"CN South Asia",office,155,201,,
trv,20,TRV,"VIT 34",Philippines,"Hong Kong",office,,1,,
trv,20,TRV,"VIT 34",Philippines,"London England",office,2,5,,
trv,20,TRV,"VIT 34",Philippines,Manila,office,33,109,,
trv,20,TRV,"VIT 34",Philippines,"Operations Support Centre",office,14,16,,
trv,20,TRV,"VIT 34",Philippines,Paris,office,1,4,,
trv,20,TRV,"VIT 34",Philippines,Riyadh,office,,13,,
trv,21,TRV,"VIT 34",Philippines,Rome,office,,2,,
trv,21,TRV,"VIT 34",Philippines,RROC,office,,4,,
trv,21,TRV,"VIT 34",Philippines,"Sao Paulo",office,,1,,
trv,21,TRV,"VIT 34",Philippines,Singapore,office,,3,,
trv,21,TRV,"VIT 34",Philippines,"Sydney Australia",office,2,3,,
trv,21,TRV,"VIT 34",Philippines,"Vancouver Immigration",office,,21,,
trv,21,TRV,"VIT 34",Philippines,Vienna,office,,2,,
trv,21,TRV,"VIT 34",Philippines,Washington,office,,2,,
trv,21,TRV,"VIT 34",Philippines,"Whitehorse IRCC",office,22,117,,
trv,21,TRV,"VIT 34",Philippines,Winnipeg,office,,27,,
trv,21,TRV,"VIT 34",Poland,Warsaw,office,,1,,
trv,21,TRV,"VIT 34",Portugal,"Case Processing Centre Ottawa",office,,1,,
trv,21,TRV,"VIT 34",Qatar,"Abu Dhabi",office,2,18,,
trv,21,TRV,"VIT 34",Qatar,Beijing,office,1,1,,
trv,21,TRV,"VIT 34",Qatar,"Case Processing Centre Ottawa",office,,3,,
trv,21,TRV,"VIT 34",Qatar,"London England",office,,2,,
trv,21,TRV,"VIT 34",Qatar,RROC,office,1,1,,
trv,21,TRV,"VIT 34",Qatar,Washington,office,,1,,
trv,21,TRV,"VIT 34","Republic of Djibouti","Abu Dhabi",office,,1,,
trv,21,TRV,"VIT 34","Republic of Djibouti","London England",office,,1,,
trv,21,TRV,"VIT 34","Republic of Djibouti",Nairobi,office,1,11,,
trv,21,TRV,"VIT 34","Republic of Djibouti",Paris,office,,4,,
trv,21,TRV,"VIT 34","Republic of Djibouti",RROC,office,1,1,,
trv,21,TRV,"VIT 34","Republic of Djibouti",Warsaw,office,,1,,
trv,21,TRV,"VIT 34","Republic of Djibouti",Washington,office,,1,,
trv,21,TRV,"VIT 34","Republic of Indonesia",Beijing,office,,4,,
trv,21,TRV,"VIT 34","Republic of Indonesia","Case Processing Centre Ottawa",office,1,3,,
trv,21,TRV,"VIT 34","Republic of Indonesia",Jakarta,office,7,26,,
trv,21,TRV,"VIT 34","Republic of Indonesia","London England",office,1,3,,
trv,21,TRV,"VIT 34","Republic of Indonesia","Mexico City",office,1,2,,
trv,21,TRV,"VIT 34","Republic of Indonesia",Riyadh,office,,1,,
trv,21,TRV,"VIT 34","Republic of Indonesia",RROC,office,4,7,,
trv,21,TRV,"VIT 34","Republic of Indonesia","Sydney Australia",office,1,1,,
trv,21,TRV,"VIT 34","Republic of Indonesia",Washington,office,2,9,,
trv,21,TRV,"VIT 34","Republic of Ivory Coast",Amman,office,1,1,,
trv,21,TRV,"VIT 34","Republic of Ivory Coast",Beijing,office,,2,,
trv,21,TRV,"VIT 34","Republic of Ivory Coast",Beirut,office,,1,,
trv,21,TRV,"VIT 34","Republic of Ivory Coast","Calgary Citizenship and Immigration Canada",office,,2,,
trv,21,TRV,"VIT 34","Republic of Ivory Coast","Case Processing Centre Ottawa",office,3,6,,
trv,21,TRV,"VIT 34","Republic of Ivory Coast",Dakar,office,13,47,,
trv,21,TRV,"VIT 34","Republic of Ivory Coast","London England",office,,2,,
trv,21,TRV,"VIT 34","Republic of Ivory Coast","Ottawa IR",office,,1,,
trv,21,TRV,"VIT 34","Republic of Ivory Coast",Paris,office,,10,,
trv,21,TRV,"VIT 34","Republic of Ivory Coast",RROC,office,,1,,
trv,21,TRV,"VIT 34","Republic of Ivory Coast",Vienna,office,,1,,
trv,21,TRV,"VIT 34","Republic of Ivory Coast",Washington,office,,1,,
trv,21,TRV,"VIT 34","Republic of South Africa","Abu Dhabi",office,,9,,
trv,21,TRV,"VIT 34","Republic of South Africa",Beijing,office,,1,,
trv,21,TRV,"VIT 34","Republic of South Africa",Beirut,office,,1,,
trv,21,TRV,"VIT 34","Republic of South Africa",Bogota,office,,1,,
trv,21,TRV,"VIT 34","Republic of South Africa","Case Processing Centre Ottawa",office,2,9,,
trv,21,TRV,"VIT 34","Republic of South Africa","CN Middle East",office,,1,,
trv,21,TRV,"VIT 34","Republic of South Africa","Hong Kong",office,1,1,,
trv,21,TRV,"VIT 34","Republic of South Africa",Lagos,office,1,1,,
trv,21,TRV,"VIT 34","Republic of South Africa",Lima,office,,1,,
trv,21,TRV,"VIT 34","Republic of South Africa","London England",office,2,2,,
trv,21,TRV,"VIT 34","Republic of South Africa","Operations Support Centre",office,,1,,
trv,21,TRV,"VIT 34","Republic of South Africa","Ottawa IR",office,,3,,
trv,21,TRV,"VIT 34","Republic of South Africa",Paris,office,,2,,
trv,21,TRV,"VIT 34","Republic of South Africa",Pretoria,office,28,259,,
trv,21,TRV,"VIT 34","Republic of South Africa",Riyadh,office,,2,,
trv,21,TRV,"VIT 34","Republic of South Africa",RROC,office,,1,,
trv,21,TRV,"VIT 34","Republic of South Africa",Singapore,office,1,1,,
trv,21,TRV,"VIT 34","Republic of South Africa","Sydney Australia",office,4,15,,
trv,21,TRV,"VIT 34","Republic of South Africa","Vancouver Immigration",office,,2,,
trv,21,TRV,"VIT 34","Republic of South Africa",Vienna,office,1,2,,
trv,21,TRV,"VIT 34","Republic of South Africa",Warsaw,office,,1,,
trv,21,TRV,"VIT 34","Republic of South Africa",Winnipeg,office,,1,,
trv,21,TRV,"VIT 34","Republic of The Marshall Islands","Case Processing Centre Ottawa",office,1,1,,
trv,21,TRV,"VIT 34","Republic of the Niger","Case Processing Centre Ottawa",office,1,1,,
trv,21,TRV,"VIT 34","Republic of the Niger",Dakar,office,9,15,,
trv,21,TRV,"VIT 34","Republic of the Niger",Lagos,office,1,1,,
trv,21,TRV,"VIT 34","Republic of the Niger",Manila,office,,1,,
trv,21,TRV,"VIT 34","Republic of the Niger",Paris,office,,5,,
trv,21,TRV,"VIT 34","Republic of the Niger",Pretoria,office,,1,,
trv,21,TRV,"VIT 34","Republic of the Niger",Washington,office,1,4,,
trv,21,TRV,"VIT 34",Romania,RROC,office,1,2,,
trv,21,TRV,"VIT 34",Russia,"Abu Dhabi",office,6,40,,
trv,21,TRV,"VIT 34",Russia,Amman,office,1,10,,
trv,21,TRV,"VIT 34",Russia,Ankara,office,3,16,,
trv,21,TRV,"VIT 34",Russia,Beijing,office,2,21,,
trv,21,TRV,"VIT 34",Russia,Beirut,office,,2,,
trv,21,TRV,"VIT 34",Russia,Bogota,office,,1,,
trv,21,TRV,"VIT 34",Russia,Brussels,office,1,1,,
trv,21,TRV,"VIT 34",Russia,Bucharest,office,,5,,
trv,21,TRV,"VIT 34",Russia,"Buenos Aires",office,1,2,,
trv,21,TRV,"VIT 34",Russia,"Case Processing Centre Edmonton",office,,2,,
trv,21,TRV,"VIT 34",Russia,"Case Processing Centre Ottawa",office,18,195,,
trv,21,TRV,"VIT 34",Russia,"Case Review Citizenship And Immigration Cases",office,1,5,,
trv,21,TRV,"VIT 34",Russia,"CN India",office,1,1,,
trv,21,TRV,"VIT 34",Russia,Dar-Es-Salaam,office,3,3,,
trv,21,TRV,"VIT 34",Russia,"Ho Chi Minh City Vietnam",office,,1,,
trv,21,TRV,"VIT 34",Russia,"Hong Kong",office,,9,,
trv,21,TRV,"VIT 34",Russia,"Kingston Jamaica",office,,2,,
trv,21,TRV,"VIT 34",Russia,Kyiv,office,,2,,
trv,21,TRV,"VIT 34",Russia,Lima,office,,2,,
trv,21,TRV,"VIT 34",Russia,"London England",office,16,202,,
trv,22,TRV,"VIT 34",Russia,"Los Angeles",office,,1,,
trv,22,TRV,"VIT 34",Russia,Manila,office,1,2,,
trv,22,TRV,"VIT 34",Russia,"Matching Centre",office,,2,,
trv,22,TRV,"VIT 34",Russia,"Mexico City",office,3,10,,
trv,22,TRV,"VIT 34",Russia,Moscow,office,35,1264,,
trv,22,TRV,"VIT 34",Russia,Nairobi,office,,1,,
trv,22,TRV,"VIT 34",Russia,"New Delhi",office,,1,,
trv,22,TRV,"VIT 34",Russia,"New York",office,,7,,
trv,22,TRV,"VIT 34",Russia,"Operations Support Centre",office,1,6,,
trv,22,TRV,"VIT 34",Russia,Paris,office,16,114,,
trv,22,TRV,"VIT 34",Russia,"Port of Spain",office,,2,,
trv,22,TRV,"VIT 34",Russia,Pretoria,office,,3,,
trv,22,TRV,"VIT 34",Russia,Riyadh,office,1,6,,
trv,22,TRV,"VIT 34",Russia,Rome,office,6,14,,
trv,22,TRV,"VIT 34",Russia,RROC,office,8,47,,
trv,22,TRV,"VIT 34",Russia,"Sao Paulo",office,4,9,,
trv,22,TRV,"VIT 34",Russia,Singapore,office,2,7,,
trv,22,TRV,"VIT 34",Russia,"Sydney Australia",office,1,11,,
trv,22,TRV,"VIT 34",Russia,"Tel Aviv",office,1,10,,
trv,22,TRV,"VIT 34",Russia,Vienna,office,41,226,,
trv,22,TRV,"VIT 34",Russia,Warsaw,office,284,1227,,
trv,22,TRV,"VIT 34",Russia,Washington,office,5,21,,
trv,22,TRV,"VIT 34",Rwanda,Accra,office,,1,,
trv,22,TRV,"VIT 34",Rwanda,Ankara,office,,2,,
trv,22,TRV,"VIT 34",Rwanda,Beijing,office,,1,,
trv,22,TRV,"VIT 34",Rwanda,"Case Processing Centre Ottawa",office,3,8,,
trv,22,TRV,"VIT 34",Rwanda,"Case Review Citizenship And Immigration Cases",office,1,1,,
trv,22,TRV,"VIT 34",Rwanda,Dakar,office,2,2,,
trv,22,TRV,"VIT 34",Rwanda,Dar-Es-Salaam,office,4,50,,
trv,22,TRV,"VIT 34",Rwanda,Nairobi,office,1,1,,
trv,22,TRV,"VIT 34",Rwanda,"New York",office,,1,,
trv,22,TRV,"VIT 34",Rwanda,"Ottawa IR",office,,1,,
trv,22,TRV,"VIT 34",Rwanda,Paris,office,,3,,
trv,22,TRV,"VIT 34",Rwanda,Pretoria,office,,3,,
trv,22,TRV,"VIT 34",Rwanda,Riyadh,office,,1,,
trv,22,TRV,"VIT 34",Rwanda,RROC,office,,2,,
trv,22,TRV,"VIT 34",Rwanda,Vienna,office,,1,,
trv,22,TRV,"VIT 34",Rwanda,Washington,office,,1,,
trv,22,TRV,"VIT 34","Saudi Arabia","Abu Dhabi",office,,2,,
trv,22,TRV,"VIT 34","Saudi Arabia",Amman,office,,1,,
trv,22,TRV,"VIT 34","Saudi Arabia",Ankara,office,,1,,
trv,22,TRV,"VIT 34","Saudi Arabia",Beirut,office,,1,,
trv,22,TRV,"VIT 34","Saudi Arabia",Cairo,office,1,1,,
trv,22,TRV,"VIT 34","Saudi Arabia","Case Processing Centre Edmonton",office,1,7,,
trv,22,TRV,"VIT 34","Saudi Arabia","Case Processing Centre Ottawa",office,7,311,,
trv,22,TRV,"VIT 34","Saudi Arabia",Lima,office,,1,,
trv,22,TRV,"VIT 34","Saudi Arabia","London England",office,1,24,,
trv,22,TRV,"VIT 34","Saudi Arabia",Manila,office,,3,,
trv,22,TRV,"VIT 34","Saudi Arabia","Mexico City",office,1,1,,
trv,22,TRV,"VIT 34","Saudi Arabia","New Delhi",office,,1,,
trv,22,TRV,"VIT 34","Saudi Arabia","New York",office,,1,,
trv,22,TRV,"VIT 34","Saudi Arabia",Paris,office,,2,,
trv,22,TRV,"VIT 34","Saudi Arabia",Riyadh,office,83,644,,
trv,22,TRV,"VIT 34","Saudi Arabia",RROC,office,10,59,,
trv,22,TRV,"VIT 34","Saudi Arabia","Sao Paulo",office,,5,,
trv,22,TRV,"VIT 34","Saudi Arabia","Sydney Australia",office,,4,,
trv,22,TRV,"VIT 34","Saudi Arabia",Vienna,office,,3,,
trv,22,TRV,"VIT 34","Saudi Arabia",Washington,office,1,17,,
trv,22,TRV,"VIT 34",Senegal,Amman,office,,1,,
trv,22,TRV,"VIT 34",Senegal,Ankara,office,,1,,
trv,22,TRV,"VIT 34",Senegal,"Case Processing Centre Ottawa",office,2,5,,
trv,22,TRV,"VIT 34",Senegal,"CN North Africa",office,,2,,
trv,22,TRV,"VIT 34",Senegal,Dakar,office,17,39,,
trv,22,TRV,"VIT 34",Senegal,"Mexico City",office,,1,,
trv,22,TRV,"VIT 34",Senegal,"Ottawa IR",office,,1,,
trv,22,TRV,"VIT 34",Senegal,Paris,office,,12,,
trv,22,TRV,"VIT 34",Senegal,Pretoria,office,,1,,
trv,22,TRV,"VIT 34",Senegal,Washington,office,,3,,
trv,22,TRV,"VIT 34","Serbia, Republic of","Abu Dhabi",office,,1,,
trv,22,TRV,"VIT 34","Serbia, Republic of","Case Processing Centre Ottawa",office,1,20,,
trv,22,TRV,"VIT 34","Serbia, Republic of","London England",office,,1,,
trv,22,TRV,"VIT 34","Serbia, Republic of","Operations Support Centre",office,,1,,
trv,22,TRV,"VIT 34","Serbia, Republic of",Paris,office,,4,,
trv,22,TRV,"VIT 34","Serbia, Republic of",Pretoria,office,1,1,,
trv,22,TRV,"VIT 34","Serbia, Republic of",Rome,office,,1,,
trv,22,TRV,"VIT 34","Serbia, Republic of",RROC,office,,6,,
trv,22,TRV,"VIT 34","Serbia, Republic of",Shanghai,office,,1,,
trv,22,TRV,"VIT 34","Serbia, Republic of","Sydney Australia",office,,1,,
trv,22,TRV,"VIT 34","Serbia, Republic of",Vienna,office,7,48,,
trv,22,TRV,"VIT 34","Serbia, Republic of",Washington,office,,2,,
trv,22,TRV,"VIT 34","Serbia, Republic of",Winnipeg,office,,1,,
trv,22,TRV,"VIT 34",Seychelles,"Abu Dhabi",office,,1,,
trv,22,TRV,"VIT 34","Sierra Leone",Accra,office,3,6,,
trv,22,TRV,"VIT 34","Sierra Leone",Ankara,office,,1,,
trv,22,TRV,"VIT 34","Sierra Leone",Dar-Es-Salaam,office,,1,,
trv,22,TRV,"VIT 34","Sierra Leone","London England",office,,2,,
trv,22,TRV,"VIT 34","Sierra Leone","Ottawa IR",office,,1,,
trv,22,TRV,"VIT 34","Sierra Leone",Washington,office,,2,,
trv,22,TRV,"VIT 34","Socialist Republic of Vietnam","Abu Dhabi",office,,1,,
trv,22,TRV,"VIT 34","Socialist Republic of Vietnam","Case Processing Centre Ottawa",office,9,20,,
trv,22,TRV,"VIT 34","Socialist Republic of Vietnam","Ho Chi Minh City Vietnam",office,115,441,,
trv,22,TRV,"VIT 34","Socialist Republic of Vietnam","London England",office,,3,,
trv,22,TRV,"VIT 34","Socialist Republic of Vietnam",Manila,office,,3,,
trv,22,TRV,"VIT 34","Socialist Republic of Vietnam","New York",office,,1,,
trv,22,TRV,"VIT 34","Socialist Republic of Vietnam",Rome,office,,1,,
trv,22,TRV,"VIT 34","Socialist Republic of Vietnam",RROC,office,,1,,
trv,22,TRV,"VIT 34","Socialist Republic of Vietnam","Vancouver Immigration",office,1,8,,
trv,22,TRV,"VIT 34","Socialist Republic of Vietnam",Warsaw,office,,1,,
trv,22,TRV,"VIT 34","Socialist Republic of Vietnam",Washington,office,6,18,,
trv,22,TRV,"VIT 34","Somalia, Democratic Republic of","Abu Dhabi",office,,1,,
trv,23,TRV,"VIT 34","Somalia, Democratic Republic of","Case Processing Centre Ottawa",office,1,1,,
trv,23,TRV,"VIT 34","Somalia, Democratic Republic of",Dar-Es-Salaam,office,,1,,
trv,23,TRV,"VIT 34","Somalia, Democratic Republic of","London England",office,,2,,
trv,23,TRV,"VIT 34","Somalia, Democratic Republic of",Nairobi,office,2,24,,
trv,23,TRV,"VIT 34","Somalia, Democratic Republic of",RROC,office,1,1,,
trv,23,TRV,"VIT 34","Somalia, Democratic Republic of",Warsaw,office,,1,,
trv,23,TRV,"VIT 34","Somalia, Democratic Republic of",Washington,office,1,1,,
trv,23,TRV,"VIT 34","Somalia, Democratic Republic of",Winnipeg,office,,1,,
trv,23,TRV,"VIT 34","South Sudan, Republic Of",Pretoria,office,1,1,,
trv,23,TRV,"VIT 34","South Sudan, Republic Of",Washington,office,,9,,
trv,23,TRV,"VIT 34","Sri Lanka","Abu Dhabi",office,,1,,
trv,23,TRV,"VIT 34","Sri Lanka",Beijing,office,,1,,
trv,23,TRV,"VIT 34","Sri Lanka",Beirut,office,,2,,
trv,23,TRV,"VIT 34","Sri Lanka","Case Processing Centre Ottawa",office,10,24,,
trv,23,TRV,"VIT 34","Sri Lanka","Case Review Citizenship And Immigration Cases",office,,1,,
trv,23,TRV,"VIT 34","Sri Lanka","CN North Africa",office,1,1,,
trv,23,TRV,"VIT 34","Sri Lanka","CN South Asia",office,,1,,
trv,23,TRV,"VIT 34","Sri Lanka",Colombo,office,15,119,,
trv,23,TRV,"VIT 34","Sri Lanka","London England",office,3,11,,
trv,23,TRV,"VIT 34","Sri Lanka",Manila,office,1,2,,
trv,23,TRV,"VIT 34","Sri Lanka","Operations Support Centre",office,,7,,
trv,23,TRV,"VIT 34","Sri Lanka",Paris,office,6,92,,
trv,23,TRV,"VIT 34","Sri Lanka",Pretoria,office,,5,,
trv,23,TRV,"VIT 34","Sri Lanka",RROC,office,,1,,
trv,23,TRV,"VIT 34","Sri Lanka","Sydney Australia",office,,3,,
trv,23,TRV,"VIT 34","Sri Lanka","Vancouver Immigration",office,1,1,,
trv,23,TRV,"VIT 34","Sri Lanka",Vienna,office,1,4,,
trv,23,TRV,"VIT 34","Sri Lanka",Washington,office,,7,,
trv,23,TRV,"VIT 34","Sri Lanka",Winnipeg,office,,1,,
trv,23,TRV,"VIT 34","St. Kitts-Nevis","Abu Dhabi",office,,20,,
trv,23,TRV,"VIT 34","St. Kitts-Nevis",Amman,office,,12,,
trv,23,TRV,"VIT 34","St. Kitts-Nevis",Ankara,office,,5,,
trv,23,TRV,"VIT 34","St. Kitts-Nevis",Beirut,office,,4,,
trv,23,TRV,"VIT 34","St. Kitts-Nevis","Case Processing Centre Ottawa",office,1,7,,
trv,23,TRV,"VIT 34","St. Kitts-Nevis","CN Middle East",office,1,1,,
trv,23,TRV,"VIT 34","St. Kitts-Nevis","London England",office,1,6,,
trv,23,TRV,"VIT 34","St. Kitts-Nevis",Moscow,office,,2,,
trv,23,TRV,"VIT 34","St. Kitts-Nevis","Operations Support Centre",office,,1,,
trv,23,TRV,"VIT 34","St. Kitts-Nevis",Paris,office,,2,,
trv,23,TRV,"VIT 34","St. Kitts-Nevis","Port of Spain",office,1,2,,
trv,23,TRV,"VIT 34","St. Kitts-Nevis",Riyadh,office,1,1,,
trv,23,TRV,"VIT 34","St. Kitts-Nevis",Vienna,office,,1,,
trv,23,TRV,"VIT 34","St. Lucia","Abu Dhabi",office,,2,,
trv,23,TRV,"VIT 34","St. Lucia",Ankara,office,1,1,,
trv,23,TRV,"VIT 34","St. Lucia","Port of Spain",office,,3,,
trv,23,TRV,"VIT 34","St. Vincent and the Grenadines","Mexico City",office,,1,,
trv,23,TRV,"VIT 34","St. Vincent and the Grenadines","Port of Spain",office,,1,,
trv,23,TRV,"VIT 34",Stateless,"Abu Dhabi",office,1,135,,
trv,23,TRV,"VIT 34",Stateless,Amman,office,3,13,,
trv,23,TRV,"VIT 34",Stateless,Ankara,office,,17,,
trv,23,TRV,"VIT 34",Stateless,Beirut,office,5,107,,
trv,23,TRV,"VIT 34",Stateless,Cairo,office,,2,,
trv,23,TRV,"VIT 34",Stateless,"Case Processing Centre Ottawa",office,1,23,,
trv,23,TRV,"VIT 34",Stateless,"CN India",office,1,2,,
trv,23,TRV,"VIT 34",Stateless,Kyiv,office,,1,,
trv,23,TRV,"VIT 34",Stateless,"London England",office,2,9,,
trv,23,TRV,"VIT 34",Stateless,"New York",office,,2,,
trv,23,TRV,"VIT 34",Stateless,Paris,office,,3,,
trv,23,TRV,"VIT 34",Stateless,Riyadh,office,,19,,
trv,23,TRV,"VIT 34",Stateless,"Tel Aviv",office,,1,,
trv,23,TRV,"VIT 34",Stateless,Vienna,office,1,36,,
trv,23,TRV,"VIT 34",Stateless,Warsaw,office,,1,,
trv,23,TRV,"VIT 34",Swaziland,Pretoria,office,,3,,
trv,23,TRV,"VIT 34",Syria,"Abu Dhabi",office,,73,,
trv,23,TRV,"VIT 34",Syria,Accra,office,,1,,
trv,23,TRV,"VIT 34",Syria,Amman,office,47,408,,
trv,23,TRV,"VIT 34",Syria,Ankara,office,,86,,
trv,23,TRV,"VIT 34",Syria,Beirut,office,1,128,,
trv,23,TRV,"VIT 34",Syria,Bucharest,office,,1,,
trv,23,TRV,"VIT 34",Syria,Cairo,office,1,14,,
trv,23,TRV,"VIT 34",Syria,"Calgary Citizenship and Immigration Canada",office,,1,,
trv,23,TRV,"VIT 34",Syria,"Case Processing Centre Edmonton",office,,5,,
trv,23,TRV,"VIT 34",Syria,"Case Processing Centre Ottawa",office,14,183,,
trv,23,TRV,"VIT 34",Syria,Dar-Es-Salaam,office,,15,,
trv,23,TRV,"VIT 34",Syria,"London England",office,7,63,,
trv,23,TRV,"VIT 34",Syria,Manila,office,,1,,
trv,23,TRV,"VIT 34",Syria,"Matching Centre",office,,1,,
trv,23,TRV,"VIT 34",Syria,"New York",office,,2,,
trv,23,TRV,"VIT 34",Syria,Paris,office,2,40,,
trv,23,TRV,"VIT 34",Syria,"Port of Spain",office,2,8,,
trv,23,TRV,"VIT 34",Syria,Pretoria,office,1,2,,
trv,23,TRV,"VIT 34",Syria,Rabat,office,,5,,
trv,23,TRV,"VIT 34",Syria,Riyadh,office,1,50,,
trv,23,TRV,"VIT 34",Syria,Rome,office,,4,,
trv,23,TRV,"VIT 34",Syria,RROC,office,1,7,,
trv,23,TRV,"VIT 34",Syria,"Sao Paulo",office,,1,,
trv,23,TRV,"VIT 34",Syria,Singapore,office,,1,,
trv,23,TRV,"VIT 34",Syria,"Sydney Australia",office,1,12,,
trv,23,TRV,"VIT 34",Syria,Tunis,office,,2,,
trv,23,TRV,"VIT 34",Syria,Vienna,office,9,112,,
trv,23,TRV,"VIT 34",Syria,Warsaw,office,,4,,
trv,23,TRV,"VIT 34",Syria,Washington,office,,8,,
trv,23,TRV,"VIT 34",Syria,Winnipeg,office,,2,,
trv,23,TRV,"VIT 34",Tajikistan,Ankara,office,,2,,
trv,23,TRV,"VIT 34",Tajikistan,Beirut,office,,1,,
trv,23,TRV,"VIT 34",Tajikistan,"Case Processing Centre Ottawa",office,,1,,
trv,23,TRV,"VIT 34",Tajikistan,"London England",office,,3,,
trv,23,TRV,"VIT 34",Tajikistan,Moscow,office,,8,,
trv,23,TRV,"VIT 34",Tajikistan,Vienna,office,,1,,
trv,24,TRV,"VIT 34",Tajikistan,Warsaw,office,3,14,,
trv,24,TRV,"VIT 34",Tajikistan,Washington,office,,3,,
trv,24,TRV,"VIT 34",Taiwan,"Case Processing Centre Ottawa",office,,1,,
trv,24,TRV,"VIT 34",Taiwan,"Case Review Citizenship And Immigration Cases",office,,1,,
trv,24,TRV,"VIT 34",Taiwan,"Hong Kong",office,,25,,
trv,24,TRV,"VIT 34",Taiwan,Riyadh,office,,1,,
trv,24,TRV,"VIT 34",Taiwan,RROC,office,3,6,,
trv,24,TRV,"VIT 34",Thailand,Bangkok,office,10,48,,
trv,24,TRV,"VIT 34",Thailand,"Case Processing Centre Ottawa",office,,7,,
trv,24,TRV,"VIT 34",Thailand,"CN China",office,,1,,
trv,24,TRV,"VIT 34",Thailand,Washington,office,,13,,
trv,24,TRV,"VIT 34","The Netherlands","London England",office,,1,,
trv,24,TRV,"VIT 34","Togo, Republic of",Accra,office,1,6,,
trv,24,TRV,"VIT 34","Togo, Republic of",Beijing,office,1,1,,
trv,24,TRV,"VIT 34","Togo, Republic of","Case Processing Centre Ottawa",office,1,4,,
trv,24,TRV,"VIT 34","Togo, Republic of",Paris,office,,1,,
trv,24,TRV,"VIT 34","Togo, Republic of",Winnipeg,office,,1,,
trv,24,TRV,"VIT 34","Trinidad and Tobago, Republic of",Beijing,office,,1,,
trv,24,TRV,"VIT 34","Trinidad and Tobago, Republic of","Case Processing Centre Ottawa",office,,5,,
trv,24,TRV,"VIT 34","Trinidad and Tobago, Republic of","Port of Spain",office,8,22,,
trv,24,TRV,"VIT 34",Tunisia,"Abu Dhabi",office,,5,,
trv,24,TRV,"VIT 34",Tunisia,Ankara,office,,1,,
trv,24,TRV,"VIT 34",Tunisia,Beijing,office,,2,,
trv,24,TRV,"VIT 34",Tunisia,Beirut,office,,1,,
trv,24,TRV,"VIT 34",Tunisia,"Calgary Citizenship and Immigration Canada",office,,1,,
trv,24,TRV,"VIT 34",Tunisia,"Case Processing Centre Edmonton",office,,2,,
trv,24,TRV,"VIT 34",Tunisia,"Case Processing Centre Ottawa",office,60,692,,
trv,24,TRV,"VIT 34",Tunisia,"CN Iran",office,,5,,
trv,24,TRV,"VIT 34",Tunisia,"CN North Africa",office,,2,,
trv,24,TRV,"VIT 34",Tunisia,"London England",office,1,4,,
trv,24,TRV,"VIT 34",Tunisia,"Los Angeles",office,,1,,
trv,24,TRV,"VIT 34",Tunisia,"NCMS Innovation Science And Techr",office,1,1,,
trv,24,TRV,"VIT 34",Tunisia,"New York",office,,1,,
trv,24,TRV,"VIT 34",Tunisia,"Operational Performance Manageme",office,,1,,
trv,24,TRV,"VIT 34",Tunisia,"Ottawa IR",office,,2,,
trv,24,TRV,"VIT 34",Tunisia,Paris,office,148,414,,
trv,24,TRV,"VIT 34",Tunisia,Riyadh,office,,1,,
trv,24,TRV,"VIT 34",Tunisia,RROC,office,1,19,,
trv,24,TRV,"VIT 34",Tunisia,"Sydney Australia",office,,1,,
trv,24,TRV,"VIT 34",Tunisia,Tunis,office,1,117,,
trv,24,TRV,"VIT 34",Tunisia,"Vancouver Immigration",office,,3,,
trv,24,TRV,"VIT 34",Tunisia,Vienna,office,,15,,
trv,24,TRV,"VIT 34",Tunisia,Warsaw,office,,1,,
trv,24,TRV,"VIT 34",Tunisia,Washington,office,1,4,,
trv,24,TRV,"VIT 34",Turkey,"Abu Dhabi",office,1,15,,
trv,24,TRV,"VIT 34",Turkey,Amman,office,,2,,
trv,24,TRV,"VIT 34",Turkey,Ankara,office,16,131,,
trv,24,TRV,"VIT 34",Turkey,Beijing,office,,5,,
trv,24,TRV,"VIT 34",Turkey,Beirut,office,,1,,
trv,24,TRV,"VIT 34",Turkey,Bogota,office,,2,,
trv,24,TRV,"VIT 34",Turkey,"Case Processing Centre Edmonton",office,,1,,
trv,24,TRV,"VIT 34",Turkey,"Case Processing Centre Ottawa",office,19,76,,
trv,24,TRV,"VIT 34",Turkey,"CN Iran",office,,1,,
trv,24,TRV,"VIT 34",Turkey,"Kingston Jamaica",office,,1,,
trv,24,TRV,"VIT 34",Turkey,"London England",office,9,26,,
trv,24,TRV,"VIT 34",Turkey,"Los Angeles",office,,1,,
trv,24,TRV,"VIT 34",Turkey,"Mexico City",office,,1,,
trv,24,TRV,"VIT 34",Turkey,"Operations Support Centre",office,,1,,
trv,24,TRV,"VIT 34",Turkey,Paris,office,2,20,,
trv,24,TRV,"VIT 34",Turkey,"Port of Spain",office,,1,,
trv,24,TRV,"VIT 34",Turkey,Riyadh,office,,8,,
trv,24,TRV,"VIT 34",Turkey,RROC,office,5,34,,
trv,24,TRV,"VIT 34",Turkey,Shanghai,office,,3,,
trv,24,TRV,"VIT 34",Turkey,Singapore,office,,1,,
trv,24,TRV,"VIT 34",Turkey,"Sydney Australia",office,,2,,
trv,24,TRV,"VIT 34",Turkey,"Vancouver Immigration",office,1,4,,
trv,24,TRV,"VIT 34",Turkey,Vienna,office,4,14,,
trv,24,TRV,"VIT 34",Turkey,Warsaw,office,,6,,
trv,24,TRV,"VIT 34",Turkey,Washington,office,4,18,,
trv,24,TRV,"VIT 34",Turkey,"Whitehorse IRCC",office,1,1,,
trv,24,TRV,"VIT 34",Turkmenistan,Ankara,office,,1,,
trv,24,TRV,"VIT 34",Turkmenistan,"Case Processing Centre Ottawa",office,1,2,,
trv,24,TRV,"VIT 34",Turkmenistan,"London England",office,,3,,
trv,24,TRV,"VIT 34",Turkmenistan,Singapore,office,1,1,,
trv,24,TRV,"VIT 34",Turkmenistan,Warsaw,office,,1,,
trv,24,TRV,"VIT 34",Uganda,"Abu Dhabi",office,,1,,
trv,24,TRV,"VIT 34",Uganda,Amman,office,,3,,
trv,24,TRV,"VIT 34",Uganda,Ankara,office,,1,,
trv,24,TRV,"VIT 34",Uganda,Cairo,office,,1,,
trv,24,TRV,"VIT 34",Uganda,"Calgary Citizenship and Immigration Canada",office,1,7,,
trv,24,TRV,"VIT 34",Uganda,"Case Processing Centre Ottawa",office,2,5,,
trv,24,TRV,"VIT 34",Uganda,"CN North Africa",office,3,3,,
trv,24,TRV,"VIT 34",Uganda,Dakar,office,,1,,
trv,24,TRV,"VIT 34",Uganda,Dar-Es-Salaam,office,,6,,
trv,24,TRV,"VIT 34",Uganda,"London England",office,,1,,
trv,24,TRV,"VIT 34",Uganda,Nairobi,office,1,23,,
trv,24,TRV,"VIT 34",Uganda,"Operations Support Centre",office,5,6,,
trv,24,TRV,"VIT 34",Uganda,"Ottawa IR",office,,1,,
trv,24,TRV,"VIT 34",Uganda,Paris,office,1,1,,
trv,24,TRV,"VIT 34",Uganda,RROC,office,,1,,
trv,24,TRV,"VIT 34",Uganda,Washington,office,,1,,
trv,24,TRV,"VIT 34",Ukraine,"Abu Dhabi",office,,10,,
trv,24,TRV,"VIT 34",Ukraine,Amman,office,,2,,
trv,24,TRV,"VIT 34",Ukraine,Ankara,office,,4,,
trv,24,TRV,"VIT 34",Ukraine,Bangkok,office,,1,,
trv,24,TRV,"VIT 34",Ukraine,Beijing,office,,45,,
trv,24,TRV,"VIT 34",Ukraine,Beirut,office,,5,,
trv,24,TRV,"VIT 34",Ukraine,Bogota,office,,1,,
trv,25,TRV,"VIT 34",Ukraine,Bucharest,office,,11,,
trv,25,TRV,"VIT 34",Ukraine,Cairo,office,,1,,
trv,25,TRV,"VIT 34",Ukraine,"Calgary Citizenship and Immigration Canada",office,,1,,
trv,25,TRV,"VIT 34",Ukraine,"Case Processing Centre Edmonton",office,,1,,
trv,25,TRV,"VIT 34",Ukraine,"Case Processing Centre Ottawa",office,227,728,,
trv,25,TRV,"VIT 34",Ukraine,"CN India",office,,1,,
trv,25,TRV,"VIT 34",Ukraine,Colombo,office,,1,,
trv,25,TRV,"VIT 34",Ukraine,"Ho Chi Minh City Vietnam",office,,2,,
trv,25,TRV,"VIT 34",Ukraine,Kyiv,office,,124,,
trv,25,TRV,"VIT 34",Ukraine,"London England",office,294,4034,,
trv,25,TRV,"VIT 34",Ukraine,Manila,office,,3,,
trv,25,TRV,"VIT 34",Ukraine,"Matching Centre",office,,192,,
trv,25,TRV,"VIT 34",Ukraine,"Mexico City",office,,3,,
trv,25,TRV,"VIT 34",Ukraine,Moscow,office,1,3,,
trv,25,TRV,"VIT 34",Ukraine,Paris,office,1,145,,
trv,25,TRV,"VIT 34",Ukraine,Pretoria,office,,1,,
trv,25,TRV,"VIT 34",Ukraine,Riyadh,office,,1,,
trv,25,TRV,"VIT 34",Ukraine,Rome,office,,14,,
trv,25,TRV,"VIT 34",Ukraine,RROC,office,8,257,,
trv,25,TRV,"VIT 34",Ukraine,"Sao Paulo",office,,1,,
trv,25,TRV,"VIT 34",Ukraine,Singapore,office,,2,,
trv,25,TRV,"VIT 34",Ukraine,"Vancouver Immigration",office,,1,,
trv,25,TRV,"VIT 34",Ukraine,Vienna,office,2,127,,
trv,25,TRV,"VIT 34",Ukraine,Warsaw,office,10,249,,
trv,25,TRV,"VIT 34",Ukraine,Washington,office,,5,,
trv,25,TRV,"VIT 34","United Arab Emirates","Case Processing Centre Ottawa",office,,2,,
trv,25,TRV,"VIT 34","United Arab Emirates",RROC,office,,2,,
trv,25,TRV,"VIT 34","United Arab Emirates",Washington,office,1,3,,
trv,25,TRV,"VIT 34","United Kingdom and Overseas Territories","Calgary Citizenship and Immigration Canada",office,,1,,
trv,25,TRV,"VIT 34","United Kingdom and Overseas Territories","Case Processing Centre Ottawa",office,1,3,,
trv,25,TRV,"VIT 34","United Kingdom and Overseas Territories","London England",office,,2,,
trv,25,TRV,"VIT 34","United Republic of Tanzania",Dar-Es-Salaam,office,1,12,,
trv,25,TRV,"VIT 34","United Republic of Tanzania","London England",office,,2,,
trv,25,TRV,"VIT 34","United Republic of Tanzania","Ottawa IR",office,,1,,
trv,25,TRV,"VIT 34","United States of America","Los Angeles",office,,1,,
trv,25,TRV,"VIT 34","United States of America","New York",office,,1,,
trv,25,TRV,"VIT 34","United States of America",Washington,office,,1,,
trv,25,TRV,"VIT 34",Unspecified,"Case Processing Centre Edmonton",office,1,1,,
trv,25,TRV,"VIT 34",Unspecified,"Tel Aviv",office,,1,,
trv,25,TRV,"VIT 34",Uruguay,Beijing,office,,1,,
trv,25,TRV,"VIT 34",Uruguay,"Buenos Aires",office,,1,,
trv,25,TRV,"VIT 34",Uruguay,"Case Processing Centre Ottawa",office,,1,,
trv,25,TRV,"VIT 34",Uruguay,"London England",office,,1,,
trv,25,TRV,"VIT 34",Uruguay,"Mexico City",office,,1,,
trv,25,TRV,"VIT 34",Uruguay,Washington,office,,1,,
trv,25,TRV,"VIT 34",Uzbekistan,"Abu Dhabi",office,,1,,
trv,25,TRV,"VIT 34",Uzbekistan,"Case Processing Centre Ottawa",office,4,8,,
trv,25,TRV,"VIT 34",Uzbekistan,"London England",office,,3,,
trv,25,TRV,"VIT 34",Uzbekistan,Moscow,office,,13,,
trv,25,TRV,"VIT 34",Uzbekistan,"Operations Support Centre",office,1,1,,
trv,25,TRV,"VIT 34",Uzbekistan,Paris,office,,1,,
trv,25,TRV,"VIT 34",Uzbekistan,RROC,office,1,2,,
trv,25,TRV,"VIT 34",Uzbekistan,Singapore,office,,1,,
trv,25,TRV,"VIT 34",Uzbekistan,Vienna,office,,2,,
trv,25,TRV,"VIT 34",Uzbekistan,Warsaw,office,3,19,,
trv,25,TRV,"VIT 34",Uzbekistan,Washington,office,,9,,
trv,25,TRV,"VIT 34",Vanuatu,"Abu Dhabi",office,,2,,
trv,25,TRV,"VIT 34",Vanuatu,Bangkok,office,,1,,
trv,25,TRV,"VIT 34",Vanuatu,Beijing,office,,1,,
trv,25,TRV,"VIT 34",Vanuatu,"Case Processing Centre Ottawa",office,,1,,
trv,25,TRV,"VIT 34",Vanuatu,"Sydney Australia",office,,1,,
trv,25,TRV,"VIT 34",Venezuela,"Abu Dhabi",office,,1,,
trv,25,TRV,"VIT 34",Venezuela,Beijing,office,,1,,
trv,25,TRV,"VIT 34",Venezuela,Beirut,office,,7,,
trv,25,TRV,"VIT 34",Venezuela,Bogota,office,3,13,,
trv,25,TRV,"VIT 34",Venezuela,"Case Processing Centre Ottawa",office,5,9,,
trv,25,TRV,"VIT 34",Venezuela,"Mexico City",office,1,30,,
trv,25,TRV,"VIT 34",Venezuela,Paris,office,,6,,
trv,25,TRV,"VIT 34",Venezuela,RROC,office,,5,,
trv,25,TRV,"VIT 34",Venezuela,"Sao Paulo",office,,1,,
trv,25,TRV,"VIT 34",Venezuela,Washington,office,,2,,
trv,25,TRV,"VIT 34",Venezuela,"Whitehorse IRCC",office,,1,,
trv,25,TRV,"VIT 34","Yemen, Republic of","Abu Dhabi",office,,61,,
trv,25,TRV,"VIT 34","Yemen, Republic of",Amman,office,1,7,,
trv,25,TRV,"VIT 34","Yemen, Republic of",Ankara,office,1,5,,
trv,25,TRV,"VIT 34","Yemen, Republic of",Bangalore,office,,1,,
trv,25,TRV,"VIT 34","Yemen, Republic of",Beijing,office,1,3,,
trv,25,TRV,"VIT 34","Yemen, Republic of",Beirut,office,,1,,
trv,25,TRV,"VIT 34","Yemen, Republic of",Cairo,office,,7,,
trv,25,TRV,"VIT 34","Yemen, Republic of","Case Processing Centre Edmonton",office,,1,,
trv,25,TRV,"VIT 34","Yemen, Republic of","Case Processing Centre Ottawa",office,2,128,,
trv,25,TRV,"VIT 34","Yemen, Republic of",Dar-Es-Salaam,office,,1,,
trv,25,TRV,"VIT 34","Yemen, Republic of",Jakarta,office,,1,,
trv,25,TRV,"VIT 34","Yemen, Republic of","London England",office,3,15,,
trv,25,TRV,"VIT 34","Yemen, Republic of",Nairobi,office,,2,,
trv,25,TRV,"VIT 34","Yemen, Republic of","New Delhi",office,1,2,,
trv,25,TRV,"VIT 34","Yemen, Republic of","New York",office,,1,,
trv,25,TRV,"VIT 34","Yemen, Republic of",Paris,office,1,12,,
trv,25,TRV,"VIT 34","Yemen, Republic of",Riyadh,office,,14,,
trv,25,TRV,"VIT 34","Yemen, Republic of",Rome,office,1,1,,
trv,25,TRV,"VIT 34","Yemen, Republic of",Singapore,office,,5,,
trv,25,TRV,"VIT 34","Yemen, Republic of","Sydney Australia",office,,1,,
trv,25,TRV,"VIT 34","Yemen, Republic of",Tunis,office,,6,,
trv,25,TRV,"VIT 34","Yemen, Republic of",Vienna,office,1,4,,
trv,25,TRV,"VIT 34","Yemen, Republic of",Warsaw,office,,3,,
trv,25,TRV,"VIT 34","Yemen, Republic of",Washington,office,1,5,,
trv,25,TRV,"VIT 34","Yemen, Republic of",Winnipeg,office,,1,,
trv,26,TRV,"VIT 34",Zambia,"Case Processing Centre Ottawa",office,,1,,
trv,26,TRV,"VIT 34",Zambia,Dar-Es-Salaam,office,,2,,
trv,26,TRV,"VIT 34",Zambia,Pretoria,office,1,8,,
trv,26,TRV,"VIT 34",Zambia,RROC,office,3,3,,
trv,26,TRV,"VIT 34",Zambia,Washington,office,1,1,,
trv,26,TRV,"VIT 34",Zimbabwe,Ankara,office,,1,,
trv,26,TRV,"VIT 34",Zimbabwe,"Case Processing Centre Ottawa",office,4,6,,
trv,26,TRV,"VIT 34",Zimbabwe,"Case Review Citizenship And Immigration Cases",office,,1,,
trv,26,TRV,"VIT 34",Zimbabwe,Lagos,office,1,1,,
trv,26,TRV,"VIT 34",Zimbabwe,"London England",office,,2,,
trv,26,TRV,"VIT 34",Zimbabwe,"Ottawa IR",office,,2,,
trv,26,TRV,"VIT 34",Zimbabwe,Pretoria,office,4,36,,
trv,26,TRV,"VIT 34",Zimbabwe,"Vancouver Immigration",office,,1,,
trv,26,TRV,"VIT 34",Zimbabwe,Washington,office,1,2,,
trv,26,TRV,"VIT 35",Afghanistan,"Abu Dhabi",office,,1,,
trv,26,TRV,"VIT 35",Afghanistan,Ankara,office,1,1,,
trv,26,TRV,"VIT 35",Afghanistan,"London England",office,,1,,
trv,26,TRV,"VIT 35",Afghanistan,Vienna,office,1,1,,
trv,26,TRV,"VIT 35",Albania,"London England",office,,1,,
trv,26,TRV,"VIT 35",Albania,Rome,office,,17,,
trv,26,TRV,"VIT 35",Albania,"Vancouver Immigration",office,1,4,,
trv,26,TRV,"VIT 35",Albania,Vienna,office,1,1,,
trv,26,TRV,"VIT 35",Albania,"Whitehorse IRCC",office,,1,,
trv,26,TRV,"VIT 35",Algeria,"Case Processing Centre Ottawa",office,,2,,
trv,26,TRV,"VIT 35",Algeria,"CN Iran",office,,5,,
trv,26,TRV,"VIT 35",Algeria,"CN North Africa",office,,10,,
trv,26,TRV,"VIT 35",Algeria,Paris,office,,29,,
trv,26,TRV,"VIT 35",Algeria,Rome,office,,2,,
trv,26,TRV,"VIT 35",Argentina,"Buenos Aires",office,4,87,,
trv,26,TRV,"VIT 35",Armenia,Warsaw,office,,1,,
trv,26,TRV,"VIT 35",Bangladesh,"Case Processing Centre Ottawa",office,,1,,
trv,26,TRV,"VIT 35",Bangladesh,Chandigarh,office,,1,,
trv,26,TRV,"VIT 35",Bangladesh,"CN India",office,,38,,
trv,26,TRV,"VIT 35",Bangladesh,"CN South Asia",office,8,29,,
trv,26,TRV,"VIT 35",Bangladesh,"New York",office,,1,,
trv,26,TRV,"VIT 35",Bangladesh,Pretoria,office,,2,,
trv,26,TRV,"VIT 35",Bangladesh,Singapore,office,2,54,,
trv,26,TRV,"VIT 35",Bangladesh,Winnipeg,office,,1,,
trv,26,TRV,"VIT 35",Belarus,"CN North Africa",office,1,1,,
trv,26,TRV,"VIT 35",Bolivia,Lima,office,1,5,,
trv,26,TRV,"VIT 35",Bosnia-Hercegovina,"Case Review Citizenship And Immigration Cases",office,,1,,
trv,26,TRV,"VIT 35",Bosnia-Hercegovina,Riyadh,office,,1,,
trv,26,TRV,"VIT 35",Bosnia-Hercegovina,Vienna,office,37,182,,
trv,26,TRV,"VIT 35",Brazil,"Sao Paulo",office,,20,,
trv,26,TRV,"VIT 35",Brazil,"Vancouver Immigration",office,,1,,
trv,26,TRV,"VIT 35",Burkina-Faso,Dakar,office,,9,,
trv,26,TRV,"VIT 35",Burkina-Faso,Paris,office,,1,,
trv,26,TRV,"VIT 35",Burundi,Dar-Es-Salaam,office,2,15,,
trv,26,TRV,"VIT 35",Burundi,Nairobi,office,,1,,
trv,26,TRV,"VIT 35",Cambodia,Bangkok,office,2,2,,
trv,26,TRV,"VIT 35","Central African Republic",Paris,office,,1,,
trv,26,TRV,"VIT 35","Chad, Republic of",Dakar,office,,2,,
trv,26,TRV,"VIT 35",Colombia,Bogota,office,,18,,
trv,26,TRV,"VIT 35","Congo, Democratic Republic of the","Bucharest Global Operations Centre",office,1,2,,
trv,26,TRV,"VIT 35","Congo, Democratic Republic of the",Dakar,office,,6,,
trv,26,TRV,"VIT 35","Congo, Democratic Republic of the",Paris,office,,6,,
trv,26,TRV,"VIT 35","Congo, Democratic Republic of the",Rome,office,,1,,
trv,26,TRV,"VIT 35","Congo, People's Republic of the",Dakar,office,,6,,
trv,26,TRV,"VIT 35",Croatia,Vienna,office,,1,,
trv,26,TRV,"VIT 35",Cuba,Havana,office,,2,,
trv,26,TRV,"VIT 35",Cuba,"Vancouver Immigration",office,,1,,
trv,26,TRV,"VIT 35","Democratic Republic of Sudan",Vienna,office,,1,,
trv,26,TRV,"VIT 35","Dominican Republic","Mexico City",office,,1,,
trv,26,TRV,"VIT 35",Ecuador,Bogota,office,,2,,
trv,26,TRV,"VIT 35",Egypt,Ankara,office,,2,,
trv,26,TRV,"VIT 35",Egypt,Beirut,office,1,1,,
trv,26,TRV,"VIT 35",Egypt,Cairo,office,2,14,,
trv,26,TRV,"VIT 35",Egypt,"Calgary Citizenship and Immigration Canada",office,,1,,
trv,26,TRV,"VIT 35",Egypt,Dakar,office,,1,,
trv,26,TRV,"VIT 35",Egypt,Paris,office,,1,,
trv,26,TRV,"VIT 35",Egypt,"Vancouver Immigration",office,,1,,
trv,26,TRV,"VIT 35",Egypt,Washington,office,,1,,
trv,26,TRV,"VIT 35",Egypt,"Whitehorse IRCC",office,,1,,
trv,26,TRV,"VIT 35",Egypt,Winnipeg,office,,1,,
trv,26,TRV,"VIT 35","El Salvador","Mexico City",office,1,3,,
trv,26,TRV,"VIT 35","El Salvador","Whitehorse IRCC",office,,1,,
trv,26,TRV,"VIT 35",Ethiopia,Nairobi,office,,4,,
trv,26,TRV,"VIT 35",Ethiopia,"New York",office,,1,,
trv,26,TRV,"VIT 35","Federal Republic of Cameroon",Accra,office,,1,,
trv,27,TRV,"VIT 35","Federal Republic of Cameroon","Bucharest Global Operations Centre",office,1,3,,
trv,27,TRV,"VIT 35","Federal Republic of Cameroon",Dakar,office,1,11,,
trv,27,TRV,"VIT 35","Federal Republic of Cameroon",Paris,office,,12,,
trv,27,TRV,"VIT 35","Federal Republic of Cameroon",Rome,office,,1,,
trv,27,TRV,"VIT 35","Federal Republic of Cameroon","Vancouver Immigration",office,,1,,
trv,27,TRV,"VIT 35","Federal Republic of Cameroon","Yaounde (High Commission of Canac",office,1,1,,
trv,27,TRV,"VIT 35","Gabon Republic",Paris,office,,8,,
trv,27,TRV,"VIT 35",Gambia,Dakar,office,,1,,
trv,27,TRV,"VIT 35",Georgia,"Case Processing Centre Ottawa",office,1,1,,
trv,27,TRV,"VIT 35",Ghana,Accra,office,,28,,
trv,27,TRV,"VIT 35",Ghana,"Calgary Citizenship and Immigration Canada",office,,4,,
trv,27,TRV,"VIT 35",Ghana,"CN North Africa",office,1,1,,
trv,27,TRV,"VIT 35",Ghana,Winnipeg,office,,11,,
trv,27,TRV,"VIT 35",Guatemala,"Mexico City",office,1,5,,
trv,27,TRV,"VIT 35","Guinea, Republic of",Dakar,office,3,9,,
trv,27,TRV,"VIT 35",Haiti,Ankara,office,,1,,
trv,27,TRV,"VIT 35",Haiti,"Calgary Citizenship and Immigration Canada",office,,1,,
trv,27,TRV,"VIT 35",Haiti,"Mexico City",office,,11,,
trv,27,TRV,"VIT 35",Haiti,Port-Au-Prince,office,,7,,
trv,27,TRV,"VIT 35",Honduras,"Mexico City",office,,1,,
trv,27,TRV,"VIT 35",Hungary,"Vancouver Immigration",office,,1,,
trv,27,TRV,"VIT 35",Iceland,"Case Processing Centre Ottawa",office,,1,,
trv,27,TRV,"VIT 35",Iceland,"CN India",office,1,1,,
trv,27,TRV,"VIT 35",India,Bangalore,office,,59,,
trv,27,TRV,"VIT 35",India,"Case Processing Centre Ottawa",office,42,3908,,
trv,27,TRV,"VIT 35",India,Chandigarh,office,,233,,
trv,27,TRV,"VIT 35",India,"CN India",office,969,5080,,
trv,27,TRV,"VIT 35",India,"Los Angeles",office,,1,,
trv,27,TRV,"VIT 35",India,Manila,office,1,1,,
trv,27,TRV,"VIT 35",India,"New Delhi",office,103,1010,,
trv,27,TRV,"VIT 35",India,"New York",office,2,2,,
trv,27,TRV,"VIT 35",India,"Operations Support Centre",office,,8,,
trv,27,TRV,"VIT 35",India,Rome,office,,4,,
trv,27,TRV,"VIT 35",India,RROC,office,2,3,,
trv,27,TRV,"VIT 35",India,"Vancouver Immigration",office,,1,,
trv,27,TRV,"VIT 35",India,"Whitehorse IRCC",office,1,1,,
trv,27,TRV,"VIT 35",Iran,Bangalore,office,,1,,
trv,27,TRV,"VIT 35",Iran,Bogota,office,,1,,
trv,27,TRV,"VIT 35",Iran,"Case Processing Centre Ottawa",office,,1,,
trv,27,TRV,"VIT 35",Iran,Vienna,office,1,3,,
trv,27,TRV,"VIT 35",Iraq,Amman,office,,1,,
trv,27,TRV,"VIT 35",Iraq,Paris,office,,1,,
trv,27,TRV,"VIT 35",Jamaica,"Kingston Jamaica",office,,4,,
trv,27,TRV,"VIT 35",Jamaica,"Mexico City",office,,1,,
trv,27,TRV,"VIT 35",Jamaica,Paris,office,,1,,
trv,27,TRV,"VIT 35",Jamaica,"Vancouver Immigration",office,,1,,
trv,27,TRV,"VIT 35",Jordan,Rabat,office,,1,,
trv,27,TRV,"VIT 35",Jordan,Winnipeg,office,,1,,
trv,27,TRV,"VIT 35",Kazakhstan,Moscow,office,,1,,
trv,27,TRV,"VIT 35",Kazakhstan,Warsaw,office,,1,,
trv,27,TRV,"VIT 35",Kenya,"Calgary Citizenship and Immigration Canada",office,,3,,
trv,27,TRV,"VIT 35",Kenya,Nairobi,office,,3,,
trv,27,TRV,"VIT 35",Kenya,"Vancouver Immigration",office,1,1,,
trv,27,TRV,"VIT 35","Kosovo, Republic of",Vienna,office,1,24,,
trv,27,TRV,"VIT 35",Kuwait,Washington,office,,1,,
trv,27,TRV,"VIT 35",Lebanon,Ankara,office,,4,,
trv,27,TRV,"VIT 35",Lebanon,Beirut,office,1,2,,
trv,27,TRV,"VIT 35",Lebanon,"Buenos Aires",office,,1,,
trv,27,TRV,"VIT 35",Lebanon,"Vancouver Immigration",office,,1,,
trv,27,TRV,"VIT 35",Lebanon,"Whitehorse IRCC",office,,1,,
trv,27,TRV,"VIT 35",Liberia,Accra,office,,1,,
trv,27,TRV,"VIT 35",Libya,Paris,office,,1,,
trv,27,TRV,"VIT 35",Libya,Tunis,office,,21,,
trv,27,TRV,"VIT 35",Macedonia,Vienna,office,3,16,,
trv,27,TRV,"VIT 35",Madagascar,"Whitehorse IRCC",office,,2,,
trv,27,TRV,"VIT 35","Mali, Republic of",Dakar,office,1,10,,
trv,27,TRV,"VIT 35",Mauritania,Dakar,office,,1,,
trv,27,TRV,"VIT 35",Mexico,"CN Americas",office,,1,,
trv,27,TRV,"VIT 35","Montenegro, Republic of","Buenos Aires",office,,1,,
trv,27,TRV,"VIT 35","Montenegro, Republic of",Vienna,office,3,13,,
trv,27,TRV,"VIT 35",Morocco,"Calgary Citizenship and Immigration Canada",office,,1,,
trv,27,TRV,"VIT 35",Morocco,"Case Processing Centre Ottawa",office,,3,,
trv,27,TRV,"VIT 35",Morocco,Rabat,office,,166,,
trv,27,TRV,"VIT 35",Morocco,Rome,office,,1,,
trv,27,TRV,"VIT 35",Nepal,Bangalore,office,,25,,
trv,27,TRV,"VIT 35",Nepal,"New Delhi",office,,6,,
trv,27,TRV,"VIT 35",Nepal,Rabat,office,,1,,
trv,27,TRV,"VIT 35",Nepal,"Vancouver Immigration",office,,3,,
trv,28,TRV,"VIT 35",Nigeria,Abuja,office,1,3,,
trv,28,TRV,"VIT 35",Nigeria,"Case Processing Centre Ottawa",office,1,2,,
trv,28,TRV,"VIT 35",Nigeria,Dakar,office,,1,,
trv,28,TRV,"VIT 35",Nigeria,Dar-Es-Salaam,office,,1,,
trv,28,TRV,"VIT 35",Nigeria,Lagos,office,,10,,
trv,28,TRV,"VIT 35",Nigeria,"London England",office,,7,,
trv,28,TRV,"VIT 35",Nigeria,Nairobi,office,,15,,
trv,28,TRV,"VIT 35",Nigeria,"Sao Paulo",office,,2,,
trv,28,TRV,"VIT 35",Nigeria,"Vancouver Immigration",office,1,4,,
trv,28,TRV,"VIT 35",Nigeria,Vienna,office,1,1,,
trv,28,TRV,"VIT 35",Nigeria,"Whitehorse IRCC",office,,1,,
trv,28,TRV,"VIT 35",Nigeria,Winnipeg,office,,1,,
trv,28,TRV,"VIT 35",Pakistan,"Abu Dhabi",office,1,26,,
trv,28,TRV,"VIT 35",Pakistan,Amman,office,1,1,,
trv,28,TRV,"VIT 35",Pakistan,"CN Middle East",office,4,4,,
trv,28,TRV,"VIT 35",Pakistan,Dakar,office,,3,,
trv,28,TRV,"VIT 35",Pakistan,Islamabad,office,,2,,
trv,28,TRV,"VIT 35",Pakistan,"Los Angeles",office,,1,,
trv,28,TRV,"VIT 35",Pakistan,Pretoria,office,1,1,,
trv,28,TRV,"VIT 35",Pakistan,"Sao Paulo",office,,1,,
trv,28,TRV,"VIT 35",Pakistan,Warsaw,office,,1,,
trv,28,TRV,"VIT 35","Palestinian Authority (Gaza/West Bank)",Dakar,office,1,1,,
trv,28,TRV,"VIT 35","Peoples Republic of Benin",Accra,office,,1,,
trv,28,TRV,"VIT 35","People's Republic of China",Beijing,office,2,13,,
trv,28,TRV,"VIT 35","People's Republic of China","Case Processing Centre Ottawa",office,,4,,
trv,28,TRV,"VIT 35","People's Republic of China",Rome,office,,1,,
trv,28,TRV,"VIT 35","People's Republic of China",Shanghai,office,,14,,
trv,28,TRV,"VIT 35","People's Republic of China",Vienna,office,,1,,
trv,28,TRV,"VIT 35","People's Republic of China",Washington,office,,1,,
trv,28,TRV,"VIT 35",Peru,Lima,office,62,219,,
trv,28,TRV,"VIT 35",Peru,"Vancouver Immigration",office,,1,,
trv,28,TRV,"VIT 35",Peru,Winnipeg,office,,2,,
trv,28,TRV,"VIT 35",Philippines,"Calgary Citizenship and Immigration Canada",office,,17,,
trv,28,TRV,"VIT 35",Philippines,"Case Processing Centre Ottawa",office,2,10,,
trv,28,TRV,"VIT 35",Philippines,"CN North Africa",office,1,1,,
trv,28,TRV,"VIT 35",Philippines,"CN South Asia",office,9,29,,
trv,28,TRV,"VIT 35",Philippines,Manila,office,,23,,
trv,28,TRV,"VIT 35",Philippines,"Vancouver Immigration",office,2,10,,
trv,28,TRV,"VIT 35",Philippines,"Whitehorse IRCC",office,2,20,,
trv,28,TRV,"VIT 35",Philippines,Winnipeg,office,,5,,
trv,28,TRV,"VIT 35","Republic of Ivory Coast","CN South Asia",office,,1,,
trv,28,TRV,"VIT 35","Republic of Ivory Coast",Dakar,office,1,18,,
trv,28,TRV,"VIT 35","Republic of Ivory Coast",Washington,office,,1,,
trv,28,TRV,"VIT 35","Republic of South Africa",Lima,office,,1,,
trv,28,TRV,"VIT 35","Republic of South Africa",Pretoria,office,,1,,
trv,28,TRV,"VIT 35","Republic of South Africa","Sao Paulo",office,,1,,
trv,28,TRV,"VIT 35","Republic of South Africa","Vancouver Immigration",office,,1,,
trv,28,TRV,"VIT 35","Republic of South Africa",Winnipeg,office,,1,,
trv,28,TRV,"VIT 35","Republic of the Niger",Dakar,office,,1,,
trv,28,TRV,"VIT 35",Russia,Ankara,office,1,2,,
trv,28,TRV,"VIT 35",Russia,Moscow,office,,15,,
trv,28,TRV,"VIT 35",Russia,"Sao Paulo",office,,1,,
trv,28,TRV,"VIT 35",Russia,Warsaw,office,1,3,,
trv,28,TRV,"VIT 35",Rwanda,Accra,office,,1,,
trv,28,TRV,"VIT 35",Rwanda,"Case Processing Centre Ottawa",office,1,1,,
trv,28,TRV,"VIT 35",Rwanda,"CN South Asia",office,1,1,,
trv,28,TRV,"VIT 35",Rwanda,Dar-Es-Salaam,office,2,20,,
trv,28,TRV,"VIT 35",Rwanda,"London England",office,,3,,
trv,28,TRV,"VIT 35",Rwanda,Nairobi,office,,1,,
trv,28,TRV,"VIT 35",Rwanda,Paris,office,,1,,
trv,28,TRV,"VIT 35","Saudi Arabia",Riyadh,office,,2,,
trv,28,TRV,"VIT 35","Saudi Arabia","Sao Paulo",office,,1,,
trv,28,TRV,"VIT 35",Senegal,"CN North Africa",office,,1,,
trv,28,TRV,"VIT 35",Senegal,Dakar,office,,4,,
trv,28,TRV,"VIT 35",Senegal,Paris,office,,2,,
trv,28,TRV,"VIT 35","Serbia, Republic of",Vienna,office,44,186,,
trv,28,TRV,"VIT 35","Sierra Leone",Accra,office,,4,,
trv,28,TRV,"VIT 35","Socialist Republic of Vietnam","CN South Asia",office,1,1,,
trv,28,TRV,"VIT 35","Socialist Republic of Vietnam","Ho Chi Minh City Vietnam",office,,5,,
trv,28,TRV,"VIT 35","Socialist Republic of Vietnam","Vancouver Immigration",office,,4,,
trv,28,TRV,"VIT 35","Somalia, Democratic Republic of",Dar-Es-Salaam,office,,1,,
trv,28,TRV,"VIT 35","South Sudan, Republic Of",Nairobi,office,,1,,
trv,28,TRV,"VIT 35","Sri Lanka","Calgary Citizenship and Immigration Canada",office,,1,,
trv,28,TRV,"VIT 35","Sri Lanka",Colombo,office,35,64,,
trv,28,TRV,"VIT 35","Sri Lanka",Jakarta,office,,1,,
trv,28,TRV,"VIT 35","Sri Lanka",Paris,office,,4,,
trv,28,TRV,"VIT 35","Sri Lanka",Washington,office,,1,,
trv,28,TRV,"VIT 35","Sri Lanka","Whitehorse IRCC",office,,3,,
trv,28,TRV,"VIT 35",Stateless,Riyadh,office,,1,,
trv,28,TRV,"VIT 35",Stateless,Vienna,office,,1,,
trv,28,TRV,"VIT 35",Syria,Accra,office,,1,,
trv,28,TRV,"VIT 35",Syria,Ankara,office,,1,,
trv,28,TRV,"VIT 35",Syria,Cairo,office,,1,,
trv,28,TRV,"VIT 35",Syria,"New York",office,,2,,
trv,28,TRV,"VIT 35",Syria,Rabat,office,,1,,
trv,28,TRV,"VIT 35",Syria,Riyadh,office,,1,,
trv,29,TRV,"VIT 35",Syria,Vienna,office,,2,,
trv,29,TRV,"VIT 35",Thailand,Bangkok,office,,1,,
trv,29,TRV,"VIT 35","Togo, Republic of",Accra,office,2,5,,
trv,29,TRV,"VIT 35","Togo, Republic of",Dakar,office,,1,,
trv,29,TRV,"VIT 35","Trinidad and Tobago, Republic of",Winnipeg,office,,1,,
trv,29,TRV,"VIT 35",Tunisia,Paris,office,1,10,,
trv,29,TRV,"VIT 35",Tunisia,Rome,office,,2,,
trv,29,TRV,"VIT 35",Tunisia,Tunis,office,,90,,
trv,29,TRV,"VIT 35",Turkey,"Case Processing Centre Ottawa",office,1,2,,
trv,29,TRV,"VIT 35",Uganda,"CN North Africa",office,1,1,,
trv,29,TRV,"VIT 35",Uganda,Dakar,office,,1,,
trv,29,TRV,"VIT 35",Uganda,Dar-Es-Salaam,office,,1,,
trv,29,TRV,"VIT 35",Uganda,Nairobi,office,4,10,,
trv,29,TRV,"VIT 35",Ukraine,Colombo,office,,2,,
trv,29,TRV,"VIT 35",Ukraine,Kyiv,office,,1,,
trv,29,TRV,"VIT 35",Ukraine,"London England",office,1,2,,
trv,29,TRV,"VIT 35",Ukraine,Vienna,office,,5,,
trv,29,TRV,"VIT 35","United Republic of Tanzania",Dar-Es-Salaam,office,,2,,
trv,29,TRV,"VIT 35","United States of America","Los Angeles",office,,1,,
trv,29,TRV,"VIT 35",Uruguay,"Buenos Aires",office,,8,,
trv,29,TRV,"VIT 35",Venezuela,"Mexico City",office,,1,,
trv,29,TRV,"VIT 35","Yemen, Republic of",Riyadh,office,,2,,
trv,29,TRV,"VIT 35","Yemen, Republic of",Tunis,office,,1,,
trv,29,TRV,"VIT 35",Zimbabwe,Dar-Es-Salaam,office,,1,,
trv,29,TRV,"VIT 35",Zimbabwe,Pretoria,office,,3,,
trv,26,TRV,"VIT 35","Missing data","Missing data",office,-3,,MISSING_DATA_PLACEHOLDER,"Placeholder reconciling the source's own inconsistency: the printed parent total differs from the sum of its printed detail rows by -3/0 (the document does not foot). Added so the group reconciles."
trv,29,TRV,"VIT 37",Afghanistan,Winnipeg,office,,2,,
trv,29,TRV,"VIT 37",Albania,"Case Processing Centre Ottawa",office,3,3,,
trv,29,TRV,"VIT 37",Albania,"CN North Africa",office,1,1,,
trv,29,TRV,"VIT 37",Albania,Rome,office,,1,,
trv,29,TRV,"VIT 37",Albania,"Vancouver Immigration",office,,1,,
trv,29,TRV,"VIT 37",Algeria,Paris,office,1,1,,
trv,29,TRV,"VIT 37",Armenia,"Vancouver Immigration",office,1,1,,
trv,29,TRV,"VIT 37",Bangladesh,Pretoria,office,,3,,
trv,29,TRV,"VIT 37",Bangladesh,Singapore,office,,1,,
trv,29,TRV,"VIT 37",Bangladesh,"Vancouver Immigration",office,1,1,,
trv,29,TRV,"VIT 37",Belarus,"Case Processing Centre Ottawa",office,1,1,,
trv,29,TRV,"VIT 37",Bosnia-Hercegovina,Vienna,office,1,7,,
trv,29,TRV,"VIT 37",Burkina-Faso,"Case Processing Centre Ottawa",office,,1,,
trv,29,TRV,"VIT 37",Burkina-Faso,Paris,office,,1,,
trv,29,TRV,"VIT 37",Cambodia,Bangkok,office,1,1,,
trv,29,TRV,"VIT 37",Colombia,Bogota,office,,3,,
trv,29,TRV,"VIT 37",Colombia,"Case Processing Centre Ottawa",office,1,1,,
trv,29,TRV,"VIT 37",Colombia,"Ottawa IR",office,,1,,
trv,29,TRV,"VIT 37","Congo, Democratic Republic of the",Dakar,office,,1,,
trv,29,TRV,"VIT 37","Congo, Democratic Republic of the",Paris,office,,5,,
trv,29,TRV,"VIT 37","Congo, Democratic Republic of the","Vancouver Immigration",office,,1,,
trv,29,TRV,"VIT 37","Congo, People's Republic of the",Dakar,office,,1,,
trv,29,TRV,"VIT 37","Congo, People's Republic of the",Paris,office,,2,,
trv,29,TRV,"VIT 37","Costa Rica","Mexico City",office,,1,,
trv,29,TRV,"VIT 37",Cuba,"Mexico City",office,,1,,
trv,29,TRV,"VIT 37","Democratic Republic of Sudan",Cairo,office,,2,,
trv,29,TRV,"VIT 37","Dominican Republic","Mexico City",office,,4,,
trv,29,TRV,"VIT 37",Egypt,Cairo,office,,1,,
trv,29,TRV,"VIT 37",Ethiopia,"Calgary Citizenship and Immigration Canada",office,,1,,
trv,29,TRV,"VIT 37","Federal Republic of Cameroon","Case Processing Centre Ottawa",office,,1,,
trv,29,TRV,"VIT 37","Federal Republic of Cameroon",Dakar,office,,1,,
trv,29,TRV,"VIT 37",Georgia,"Vancouver Immigration",office,,1,,
trv,29,TRV,"VIT 37",Ghana,Accra,office,1,2,,
trv,29,TRV,"VIT 37",Ghana,"CN North Africa",office,2,2,,
trv,29,TRV,"VIT 37",Ghana,Winnipeg,office,,1,,
trv,29,TRV,"VIT 37",Grenada,Vienna,office,,1,,
trv,29,TRV,"VIT 37","Guinea, Republic of",Dakar,office,,1,,
trv,29,TRV,"VIT 37","Guinea, Republic of",Paris,office,,2,,
trv,29,TRV,"VIT 37",Guyana,"Port of Spain",office,,2,,
trv,29,TRV,"VIT 37",Haiti,"Mexico City",office,,1,,
trv,29,TRV,"VIT 37",Honduras,"Mexico City",office,,1,,
trv,29,TRV,"VIT 37",India,"Call Centre Montréal",office,1,2,,
trv,30,TRV,"VIT 37",India,"Case Processing Centre Ottawa",office,,5,,
trv,30,TRV,"VIT 37",India,Chandigarh,office,,3,,
trv,30,TRV,"VIT 37",India,"CN India",office,,1,,
trv,30,TRV,"VIT 37",India,"National Security Division Intelligenc",office,,1,,
trv,30,TRV,"VIT 37",India,"New Delhi",office,,4,,
trv,30,TRV,"VIT 37",Iran,Amman,office,,1,,
trv,30,TRV,"VIT 37",Iran,Ankara,office,,1,,
trv,30,TRV,"VIT 37",Iran,Bangalore,office,,1,,
trv,30,TRV,"VIT 37",Iran,Bogota,office,,1,,
trv,30,TRV,"VIT 37",Iran,"Buenos Aires",office,,1,,
trv,30,TRV,"VIT 37",Iran,"Case Processing Centre Ottawa",office,,1,,
trv,30,TRV,"VIT 37",Iran,"NHO Warrant Response Centre",office,,1,,
trv,30,TRV,"VIT 37",Jamaica,"Kingston Jamaica",office,,3,,
trv,30,TRV,"VIT 37",Kazakhstan,Moscow,office,,2,,
trv,30,TRV,"VIT 37",Kenya,"Case Processing Centre Ottawa",office,1,1,,
trv,30,TRV,"VIT 37","Kosovo, Republic of",Vienna,office,,6,,
trv,30,TRV,"VIT 37",Lebanon,Beirut,office,1,1,,
trv,30,TRV,"VIT 37",Lebanon,"Buenos Aires",office,,1,,
trv,30,TRV,"VIT 37",Lebanon,Dakar,office,,2,,
trv,30,TRV,"VIT 37",Lebanon,"Lester B Pearson International Airpo",office,1,1,,
trv,30,TRV,"VIT 37",Liberia,Accra,office,1,1,,
trv,30,TRV,"VIT 37","Macao SAR","Hong Kong",office,,1,,
trv,30,TRV,"VIT 37",Macedonia,Vienna,office,,3,,
trv,30,TRV,"VIT 37","Mali, Republic of",Dakar,office,5,6,,
trv,30,TRV,"VIT 37",Mauritania,Winnipeg,office,,1,,
trv,30,TRV,"VIT 37","Montenegro, Republic of",Vienna,office,,4,,
trv,30,TRV,"VIT 37",Nepal,"Case Processing Centre Ottawa",office,1,1,,
trv,30,TRV,"VIT 37",Nicaragua,"Mexico City",office,,1,,
trv,30,TRV,"VIT 37",Nigeria,"Calgary Citizenship and Immigration Canada",office,,2,,
trv,30,TRV,"VIT 37",Nigeria,"Case Processing Centre Ottawa",office,1,1,,
trv,30,TRV,"VIT 37",Nigeria,Lagos,office,2,3,,
trv,30,TRV,"VIT 37",Nigeria,"London England",office,,1,,
trv,30,TRV,"VIT 37",Nigeria,"Manila Global Operations Centre",office,1,1,,
trv,30,TRV,"VIT 37",Nigeria,Paris,office,,1,,
trv,30,TRV,"VIT 37",Nigeria,"Whitehorse IRCC",office,,1,,
trv,30,TRV,"VIT 37",Pakistan,"Abu Dhabi",office,1,4,,
trv,30,TRV,"VIT 37",Pakistan,"Calgary Citizenship and Immigration Canada",office,,4,,
trv,30,TRV,"VIT 37",Pakistan,"CN Middle East",office,1,1,,
trv,30,TRV,"VIT 37",Pakistan,"London England",office,,1,,
trv,30,TRV,"VIT 37","Panama, Republic of","Mexico City",office,,3,,
trv,30,TRV,"VIT 37","Peoples Republic of Benin","Case Processing Centre Ottawa",office,1,6,,
trv,30,TRV,"VIT 37","People's Republic of China",Beijing,office,2,5,,
trv,30,TRV,"VIT 37","People's Republic of China","Case Processing Centre Ottawa",office,,2,,
trv,30,TRV,"VIT 37","People's Republic of China",Vienna,office,,3,,
trv,30,TRV,"VIT 37","People's Republic of China",Washington,office,,1,,
trv,30,TRV,"VIT 37",Peru,Lima,office,2,4,,
trv,30,TRV,"VIT 37",Philippines,"Calgary Citizenship and Immigration Canada",office,,1,,
trv,30,TRV,"VIT 37",Philippines,"CN South Asia",office,1,1,,
trv,30,TRV,"VIT 37",Philippines,"Vancouver Immigration",office,,2,,
trv,30,TRV,"VIT 37",Philippines,"Whitehorse IRCC",office,,3,,
trv,30,TRV,"VIT 37","Republic of Djibouti",Winnipeg,office,,1,,
trv,30,TRV,"VIT 37","Republic of Ivory Coast","Case Processing Centre Ottawa",office,,3,,
trv,30,TRV,"VIT 37","Republic of Ivory Coast",Dakar,office,1,2,,
trv,30,TRV,"VIT 37","Republic of South Africa",Pretoria,office,,1,,
trv,30,TRV,"VIT 37","Republic of the Niger",Dakar,office,,1,,
trv,30,TRV,"VIT 37",Russia,"Kingston Jamaica",office,,1,,
trv,30,TRV,"VIT 37",Russia,"London England",office,,1,,
trv,30,TRV,"VIT 37",Russia,Moscow,office,,9,,
trv,30,TRV,"VIT 37",Russia,Paris,office,,1,,
trv,30,TRV,"VIT 37",Russia,Rome,office,,2,,
trv,30,TRV,"VIT 37",Russia,Vienna,office,2,9,,
trv,30,TRV,"VIT 37",Russia,Warsaw,office,,5,,
trv,30,TRV,"VIT 37",Rwanda,Paris,office,,1,,
trv,30,TRV,"VIT 37","Serbia, Republic of",Vienna,office,,2,,
trv,30,TRV,"VIT 37","Socialist Republic of Vietnam","Calgary Citizenship and Immigration Canada",office,,1,,
trv,30,TRV,"VIT 37","Socialist Republic of Vietnam","Ho Chi Minh City Vietnam",office,2,2,,
trv,30,TRV,"VIT 37","Sri Lanka","CN India",office,,1,,
trv,30,TRV,"VIT 37","Sri Lanka",Colombo,office,,1,,
trv,30,TRV,"VIT 37","Sri Lanka",Vienna,office,,1,,
trv,30,TRV,"VIT 37","St. Kitts-Nevis",Paris,office,,2,,
trv,30,TRV,"VIT 37","St. Kitts-Nevis",Vienna,office,,1,,
trv,30,TRV,"VIT 37",Stateless,Vienna,office,,1,,
trv,30,TRV,"VIT 37",Taiwan,"Whitehorse IRCC",office,,1,,
trv,30,TRV,"VIT 37","Togo, Republic of",Paris,office,,1,,
trv,31,TRV,"VIT 37",Tunisia,Dakar,office,,1,,
trv,31,TRV,"VIT 37",Turkey,Ankara,office,,1,,
trv,31,TRV,"VIT 37",Turkey,Bogota,office,,1,,
trv,31,TRV,"VIT 37",Turkey,Vienna,office,,1,,
trv,31,TRV,"VIT 37",Uganda,"CN North Africa",office,1,1,,
trv,31,TRV,"VIT 37",Uganda,Nairobi,office,1,1,,
trv,31,TRV,"VIT 37",Ukraine,"Case Processing Centre Ottawa",office,1,1,,
trv,31,TRV,"VIT 37",Ukraine,Colombo,office,,1,,
trv,31,TRV,"VIT 37",Ukraine,Kyiv,office,,7,,
trv,31,TRV,"VIT 37",Ukraine,Riyadh,office,,1,,
trv,31,TRV,"VIT 37",Ukraine,Vienna,office,,2,,
trv,31,TRV,"VIT 37","United States of America","New York",office,1,1,,
trv,31,TRV,"VIT 37",Venezuela,"Mexico City",office,,4,,
trv,31,TRV,"VIT 37",Venezuela,"Whitehorse IRCC",office,,1,,
trv,31,TRV,"VIT 37",Zimbabwe,"Case Processing Centre Ottawa",office,1,1,,
trv,31,VR-EXT,"VIT 34",Brazil,Yellowknife,office,,1,,
trv,31,VR-EXT,"VIT 34","Federal Republic of Cameroon","Case Processing Centre Edmonton",office,,1,,
trv,31,VR-EXT,"VIT 34","Hong Kong SAR","Case Processing Centre Edmonton",office,,1,,
trv,31,VR-EXT,"VIT 34",Iceland,"Case Processing Centre Edmonton",office,,1,,
trv,31,VR-EXT,"VIT 34",India,"Case Processing Centre Edmonton",office,,21,,
trv,31,VR-EXT,"VIT 34",India,"New Delhi",office,,1,,
trv,31,VR-EXT,"VIT 34",Iran,"Case Processing Centre Edmonton",office,1,6,,
trv,31,VR-EXT,"VIT 34",Israel,"Case Processing Centre Edmonton",office,,6,,
trv,31,VR-EXT,"VIT 34",Jordan,"Case Processing Centre Edmonton",office,2,2,,
trv,31,VR-EXT,"VIT 34",Mexico,"Case Processing Centre Edmonton",office,,5,,
trv,31,VR-EXT,"VIT 34",Mexico,"Operations Support Centre",office,,1,,
trv,31,VR-EXT,"VIT 34",Mexico,Yellowknife,office,,1,,
trv,31,VR-EXT,"VIT 34",Pakistan,"Case Processing Centre Edmonton",office,,1,,
trv,31,VR-EXT,"VIT 34","Palestinian Authority (Gaza/West Bank)","Case Processing Centre Edmonton",office,7,11,,
trv,31,VR-EXT,"VIT 34","People's Republic of China",Beijing,office,,1,,
trv,31,VR-EXT,"VIT 34","People's Republic of China","Case Processing Centre Edmonton",office,4,16,,
trv,31,VR-EXT,"VIT 34",Philippines,"Case Processing Centre Edmonton",office,4,6,,
trv,31,VR-EXT,"VIT 34",Philippines,Yellowknife,office,,1,,
trv,31,VR-EXT,"VIT 34",Russia,"Case Processing Centre Edmonton",office,1,3,,
trv,31,VR-EXT,"VIT 34","Socialist Republic of Vietnam","Case Processing Centre Edmonton",office,,2,,
trv,31,VR-EXT,"VIT 34",Sweden,Yellowknife,office,,1,,
trv,31,VR-EXT,"VIT 34",Syria,"Case Processing Centre Edmonton",office,,1,,
trv,31,VR-EXT,"VIT 34","The Netherlands","Case Processing Centre Edmonton",office,1,1,,
trv,31,VR-EXT,"VIT 34","United Kingdom and Overseas Territories","Case Processing Centre Edmonton",office,,1,,
trv,31,VR-EXT,"VIT 35",India,"Case Processing Centre Edmonton",office,,4,,
trv,31,VR-EXT,"VIT 37",Mexico,"Call Centre Montréal",office,,1,,
trv,31,WP,"VIT 34",Afghanistan,"Abu Dhabi",office,,6,,
trv,31,WP,"VIT 34",Afghanistan,Ankara,office,,8,,
trv,31,WP,"VIT 34",Afghanistan,"Case Processing Centre Edmonton",office,,11,,
trv,31,WP,"VIT 34",Afghanistan,"London England",office,,5,,
trv,31,WP,"VIT 34",Afghanistan,"Mexico City",office,1,2,,
trv,31,WP,"VIT 34",Afghanistan,"New York",office,,1,,
trv,31,WP,"VIT 34",Afghanistan,"Ottawa IR",office,1,1,,
trv,31,WP,"VIT 34",Afghanistan,Paris,office,,1,,
trv,31,WP,"VIT 34",Afghanistan,RROC,office,,3,,
trv,31,WP,"VIT 34",Afghanistan,Singapore,office,,3,,
trv,31,WP,"VIT 34",Afghanistan,Vienna,office,,2,,
trv,31,WP,"VIT 34",Afghanistan,Warsaw,office,,1,,
trv,31,WP,"VIT 34",Albania,"London England",office,,2,,
trv,31,WP,"VIT 34",Albania,"New York",office,2,2,,
trv,31,WP,"VIT 34",Albania,Pretoria,office,,1,,
trv,31,WP,"VIT 34",Albania,Rome,office,,4,,
trv,31,WP,"VIT 34",Algeria,"Abu Dhabi",office,,2,,
trv,31,WP,"VIT 34",Algeria,Beijing,office,,1,,
trv,31,WP,"VIT 34",Algeria,"Case Processing Centre Edmonton",office,,45,,
trv,31,WP,"VIT 34",Algeria,"London England",office,,5,,
trv,31,WP,"VIT 34",Algeria,Paris,office,10,40,,
trv,31,WP,"VIT 34",Algeria,Singapore,office,,1,,
trv,31,WP,"VIT 34",Algeria,Tunis,office,,4,,
trv,31,WP,"VIT 34",Algeria,Vienna,office,,1,,
trv,31,WP,"VIT 34",Angola,Pretoria,office,,2,,
trv,31,WP,"VIT 34",Argentina,"Case Processing Centre Edmonton",office,,11,,
trv,31,WP,"VIT 34",Armenia,"Case Processing Centre Edmonton",office,,8,,
trv,32,WP,"VIT 34",Armenia,"London England",office,,7,,
trv,32,WP,"VIT 34",Armenia,Paris,office,,1,,
trv,32,WP,"VIT 34",Armenia,Warsaw,office,,2,,
trv,32,WP,"VIT 34",Australia,"Case Processing Centre Edmonton",office,,3,,
trv,32,WP,"VIT 34",Australia,"Hong Kong",office,,2,,
trv,32,WP,"VIT 34",Australia,"Sydney Australia",office,2,11,,
trv,32,WP,"VIT 34",Austria,Vienna,office,,2,,
trv,32,WP,"VIT 34",Azerbaijan,Ankara,office,,2,,
trv,32,WP,"VIT 34",Azerbaijan,"Case Processing Centre Edmonton",office,,3,,
trv,32,WP,"VIT 34",Azerbaijan,"London England",office,,18,,
trv,32,WP,"VIT 34",Azerbaijan,Riyadh,office,,1,,
trv,32,WP,"VIT 34",Azerbaijan,Vienna,office,,1,,
trv,32,WP,"VIT 34",Bahrain,"Case Processing Centre Edmonton",office,,2,,
trv,32,WP,"VIT 34",Bangladesh,"Abu Dhabi",office,,2,,
trv,32,WP,"VIT 34",Bangladesh,Ankara,office,,1,,
trv,32,WP,"VIT 34",Bangladesh,Beijing,office,,1,,
trv,32,WP,"VIT 34",Bangladesh,"Case Processing Centre Edmonton",office,,10,,
trv,32,WP,"VIT 34",Bangladesh,Guangzhou,office,,1,,
trv,32,WP,"VIT 34",Bangladesh,Manila,office,,1,,
trv,32,WP,"VIT 34",Bangladesh,"New York",office,,1,,
trv,32,WP,"VIT 34",Bangladesh,Paris,office,,3,,
trv,32,WP,"VIT 34",Bangladesh,Singapore,office,,14,,
trv,32,WP,"VIT 34",Bangladesh,Vienna,office,,1,,
trv,32,WP,"VIT 34",Belarus,"Case Processing Centre Edmonton",office,,3,,
trv,32,WP,"VIT 34",Belarus,"London England",office,,7,,
trv,32,WP,"VIT 34",Belarus,"New York",office,,2,,
trv,32,WP,"VIT 34",Belarus,RROC,office,,1,,
trv,32,WP,"VIT 34",Belarus,Warsaw,office,,18,,
trv,32,WP,"VIT 34",Belgium,"New York",office,,1,,
trv,32,WP,"VIT 34",Belize,"Mexico City",office,1,2,,
trv,32,WP,"VIT 34",Bolivia,"New York",office,,1,,
trv,32,WP,"VIT 34",Bosnia-Hercegovina,"New York",office,,1,,
trv,32,WP,"VIT 34","Botswana, Republic of",Pretoria,office,,5,,
trv,32,WP,"VIT 34",Brazil,Beirut,office,,1,,
trv,32,WP,"VIT 34",Brazil,"Case Processing Centre Edmonton",office,1,61,,
trv,32,WP,"VIT 34",Brazil,"Case Processing Centre Ottawa",office,,1,,
trv,32,WP,"VIT 34",Brazil,"London England",office,,1,,
trv,32,WP,"VIT 34",Brazil,Manila,office,,1,,
trv,32,WP,"VIT 34",Brazil,"New York",office,,1,,
trv,32,WP,"VIT 34",Brazil,Riyadh,office,,2,,
trv,32,WP,"VIT 34",Brazil,"Sao Paulo",office,2,7,,
trv,32,WP,"VIT 34",Bulgaria,"London England",office,,1,,
trv,32,WP,"VIT 34",Burkina-Faso,Paris,office,,2,,
trv,32,WP,"VIT 34",Cambodia,Bangkok,office,,2,,
trv,32,WP,"VIT 34",Chile,"Buenos Aires",office,,1,,
trv,32,WP,"VIT 34",Colombia,"Abu Dhabi",office,2,4,,
trv,32,WP,"VIT 34",Colombia,Bogota,office,10,72,,
trv,32,WP,"VIT 34",Colombia,"Case Processing Centre Edmonton",office,,7,,
trv,32,WP,"VIT 34",Colombia,"Hong Kong",office,,1,,
trv,32,WP,"VIT 34",Colombia,"Mexico City",office,,2,,
trv,32,WP,"VIT 34",Colombia,"New York",office,,2,,
trv,32,WP,"VIT 34",Colombia,Riyadh,office,,2,,
trv,32,WP,"VIT 34",Colombia,"Sao Paulo",office,,1,,
trv,32,WP,"VIT 34",Colombia,"Sydney Australia",office,,2,,
trv,32,WP,"VIT 34","Congo, Democratic Republic of the","London England",office,,1,,
trv,32,WP,"VIT 34","Congo, People's Republic of the","Case Processing Centre Edmonton",office,,2,,
trv,32,WP,"VIT 34","Costa Rica","Case Processing Centre Edmonton",office,,1,,
trv,32,WP,"VIT 34","Costa Rica","Mexico City",office,,2,,
trv,32,WP,"VIT 34",Croatia,"Case Processing Centre Edmonton",office,,1,,
trv,32,WP,"VIT 34",Cuba,Beijing,office,,1,,
trv,32,WP,"VIT 34",Cuba,Bogota,office,,2,,
trv,32,WP,"VIT 34",Cuba,"Case Processing Centre Edmonton",office,,3,,
trv,32,WP,"VIT 34",Cuba,"Mexico City",office,1,14,,
trv,32,WP,"VIT 34",Cuba,Paris,office,,1,,
trv,32,WP,"VIT 34",Cuba,"Sao Paulo",office,,2,,
trv,32,WP,"VIT 34",Cuba,Vienna,office,1,1,,
trv,32,WP,"VIT 34",Cyprus,"New York",office,,1,,
trv,32,WP,"VIT 34",Cyprus,Vienna,office,,2,,
trv,32,WP,"VIT 34","Democratic Republic of Sudan","Abu Dhabi",office,2,3,,
trv,32,WP,"VIT 34","Democratic Republic of Sudan",Ankara,office,,2,,
trv,32,WP,"VIT 34","Democratic Republic of Sudan",Beijing,office,,2,,
trv,32,WP,"VIT 34","Democratic Republic of Sudan",Cairo,office,,1,,
trv,32,WP,"VIT 34","Democratic Republic of Sudan","Case Processing Centre Edmonton",office,,4,,
trv,32,WP,"VIT 34","Democratic Republic of Sudan","New York",office,,1,,
trv,32,WP,"VIT 34","Democratic Republic of Sudan",Pretoria,office,,1,,
trv,32,WP,"VIT 34","Democratic Republic of Sudan",Riyadh,office,,4,,
trv,32,WP,"VIT 34","Democratic Republic of Sudan",Vienna,office,,1,,
trv,32,WP,"VIT 34",Denmark,"Case Processing Centre Edmonton",office,,1,,
trv,32,WP,"VIT 34",Dominica,Ankara,office,2,2,,
trv,32,WP,"VIT 34","Dominican Republic","Mexico City",office,,2,,
trv,33,WP,"VIT 34",Ecuador,Bogota,office,,6,,
trv,33,WP,"VIT 34",Egypt,"Abu Dhabi",office,2,8,,
trv,33,WP,"VIT 34",Egypt,Accra,office,,1,,
trv,33,WP,"VIT 34",Egypt,Amman,office,,1,,
trv,33,WP,"VIT 34",Egypt,Ankara,office,,43,,
trv,33,WP,"VIT 34",Egypt,Beijing,office,,1,,
trv,33,WP,"VIT 34",Egypt,Beirut,office,,3,,
trv,33,WP,"VIT 34",Egypt,Bogota,office,,1,,
trv,33,WP,"VIT 34",Egypt,Cairo,office,1,7,,
trv,33,WP,"VIT 34",Egypt,"Case Processing Centre Edmonton",office,,64,,
trv,33,WP,"VIT 34",Egypt,Lima,office,1,1,,
trv,33,WP,"VIT 34",Egypt,"London England",office,,22,,
trv,33,WP,"VIT 34",Egypt,"New York",office,,1,,
trv,33,WP,"VIT 34",Egypt,"Ottawa IR",office,1,1,,
trv,33,WP,"VIT 34",Egypt,Paris,office,,2,,
trv,33,WP,"VIT 34",Egypt,Pretoria,office,,1,,
trv,33,WP,"VIT 34",Egypt,Riyadh,office,1,13,,
trv,33,WP,"VIT 34",Egypt,Rome,office,,1,,
trv,33,WP,"VIT 34",Egypt,"Sao Paulo",office,,3,,
trv,33,WP,"VIT 34",Egypt,Singapore,office,,1,,
trv,33,WP,"VIT 34",Egypt,Warsaw,office,,1,,
trv,33,WP,"VIT 34","El Salvador","Mexico City",office,3,7,,
trv,33,WP,"VIT 34",Ethiopia,Ankara,office,,1,,
trv,33,WP,"VIT 34",Ethiopia,"Case Processing Centre Edmonton",office,,2,,
trv,33,WP,"VIT 34",Ethiopia,Nairobi,office,,1,,
trv,33,WP,"VIT 34",Ethiopia,"Ottawa IR",office,1,1,,
trv,33,WP,"VIT 34",Ethiopia,RROC,office,,1,,
trv,33,WP,"VIT 34","Federal Republic of Cameroon",Beijing,office,1,2,,
trv,33,WP,"VIT 34","Federal Republic of Cameroon","Bucharest Global Operations Centre",office,2,3,,
trv,33,WP,"VIT 34","Federal Republic of Cameroon","Case Processing Centre Edmonton",office,,11,,
trv,33,WP,"VIT 34","Federal Republic of Cameroon","New York",office,,1,,
trv,33,WP,"VIT 34","Federal Republic of Cameroon",Paris,office,,2,,
trv,33,WP,"VIT 34","Federal Republic of Germany","Case Processing Centre Edmonton",office,,1,,
trv,33,WP,"VIT 34","Federal Republic of Germany",Vienna,office,,5,,
trv,33,WP,"VIT 34",Fiji,"Sydney Australia",office,,1,,
trv,33,WP,"VIT 34",Finland,"Case Processing Centre Edmonton",office,,1,,
trv,33,WP,"VIT 34",France,"Case Processing Centre Edmonton",office,,11,,
trv,33,WP,"VIT 34",France,"New York",office,,1,,
trv,33,WP,"VIT 34",France,"Operations Support Centre",office,1,2,,
trv,33,WP,"VIT 34",France,Paris,office,1,9,,
trv,33,WP,"VIT 34",Georgia,"London England",office,,18,,
trv,33,WP,"VIT 34",Georgia,"Matching Centre",office,,2,,
trv,33,WP,"VIT 34",Georgia,Rome,office,,1,,
trv,33,WP,"VIT 34",Georgia,Warsaw,office,,1,,
trv,33,WP,"VIT 34",Ghana,Accra,office,3,14,,
trv,33,WP,"VIT 34",Ghana,Amman,office,,1,,
trv,33,WP,"VIT 34",Ghana,Beijing,office,,2,,
trv,33,WP,"VIT 34",Ghana,"Case Processing Centre Edmonton",office,,2,,
trv,33,WP,"VIT 34",Ghana,RROC,office,,1,,
trv,33,WP,"VIT 34",Greece,"Case Processing Centre Edmonton",office,,1,,
trv,33,WP,"VIT 34",Greece,"Operations Support Centre",office,1,1,,
trv,33,WP,"VIT 34",Grenada,"Port of Spain",office,,1,,
trv,33,WP,"VIT 34",Guatemala,"Mexico City",office,17,218,,
trv,33,WP,"VIT 34",Haiti,"Case Processing Centre Edmonton",office,,3,,
trv,33,WP,"VIT 34",Haiti,"Mexico City",office,2,11,,
trv,33,WP,"VIT 34",Haiti,RROC,office,,1,,
trv,33,WP,"VIT 34",Honduras,"Mexico City",office,2,20,,
trv,33,WP,"VIT 34","Hong Kong SAR",Beijing,office,2,23,,
trv,33,WP,"VIT 34","Hong Kong SAR","Case Processing Centre Edmonton",office,,14,,
trv,33,WP,"VIT 34","Hong Kong SAR","Hong Kong",office,27,190,,
trv,33,WP,"VIT 34","Hong Kong SAR","New York",office,,1,,
trv,33,WP,"VIT 34","Hong Kong SAR",Warsaw,office,,1,,
trv,33,WP,"VIT 34",Hungary,"Case Processing Centre Edmonton",office,,1,,
trv,33,WP,"VIT 34",Hungary,"London England",office,,1,,
trv,33,WP,"VIT 34",India,"Abu Dhabi",office,1,16,,
trv,33,WP,"VIT 34",India,Amman,office,,3,,
trv,33,WP,"VIT 34",India,Ankara,office,,1,,
trv,33,WP,"VIT 34",India,Bangalore,office,,8,,
trv,33,WP,"VIT 34",India,Bangkok,office,,1,,
trv,33,WP,"VIT 34",India,Beijing,office,,4,,
trv,33,WP,"VIT 34",India,"Case Processing Centre Edmonton",office,3,119,,
trv,33,WP,"VIT 34",India,Chandigarh,office,,11,,
trv,33,WP,"VIT 34",India,"CN India",office,3,6,,
trv,33,WP,"VIT 34",India,"London England",office,,2,,
trv,33,WP,"VIT 34",India,Manila,office,,1,,
trv,33,WP,"VIT 34",India,"New Delhi",office,,39,,
trv,33,WP,"VIT 34",India,"New York",office,,8,,
trv,33,WP,"VIT 34",India,"Operations Support Centre",office,,10,,
trv,33,WP,"VIT 34",India,"Ottawa IR",office,3,3,,
trv,33,WP,"VIT 34",India,Paris,office,2,6,,
trv,33,WP,"VIT 34",India,Pretoria,office,1,1,,
trv,33,WP,"VIT 34",India,Rabat,office,,1,,
trv,33,WP,"VIT 34",India,Riyadh,office,,11,,
trv,33,WP,"VIT 34",India,RROC,office,9,34,,
trv,33,WP,"VIT 34",India,Warsaw,office,,1,,
trv,33,WP,"VIT 34",India,Washington,office,,2,,
trv,33,WP,"VIT 34",Iran,"Abu Dhabi",office,1,8,,
trv,33,WP,"VIT 34",Iran,Amman,office,1,1,,
trv,33,WP,"VIT 34",Iran,Ankara,office,376,1539,,
trv,34,WP,"VIT 34",Iran,Bangkok,office,1,2,,
trv,34,WP,"VIT 34",Iran,Beijing,office,,21,,
trv,34,WP,"VIT 34",Iran,Bogota,office,,2,,
trv,34,WP,"VIT 34",Iran,Bucharest,office,,1,,
trv,34,WP,"VIT 34",Iran,"Case Processing Centre Edmonton",office,17,1142,,
trv,34,WP,"VIT 34",Iran,"Case Processing Centre Ottawa",office,,316,,
trv,34,WP,"VIT 34",Iran,"Case Review Citizenship And Immigration Cases",office,,1,,
trv,34,WP,"VIT 34",Iran,"CN Iran",office,71,567,,
trv,34,WP,"VIT 34",Iran,"Ho Chi Minh City Vietnam",office,,1,,
trv,34,WP,"VIT 34",Iran,"Hong Kong",office,,2,,
trv,34,WP,"VIT 34",Iran,"London England",office,3,50,,
trv,34,WP,"VIT 34",Iran,Manila,office,,6,,
trv,34,WP,"VIT 34",Iran,"Matching Centre",office,,2,,
trv,34,WP,"VIT 34",Iran,"Montreal Immigration",office,,1,,
trv,34,WP,"VIT 34",Iran,Moscow,office,,2,,
trv,34,WP,"VIT 34",Iran,"New York",office,4,170,,
trv,34,WP,"VIT 34",Iran,"Operational Performance Manageme",office,,1,,
trv,34,WP,"VIT 34",Iran,"Ottawa IR",office,23,23,,
trv,34,WP,"VIT 34",Iran,Paris,office,,30,,
trv,34,WP,"VIT 34",Iran,"Port of Spain",office,,1,,
trv,34,WP,"VIT 34",Iran,Pretoria,office,,9,,
trv,34,WP,"VIT 34",Iran,Rome,office,1,35,,
trv,34,WP,"VIT 34",Iran,RROC,office,,2,,
trv,34,WP,"VIT 34",Iran,"Sao Paulo",office,2,7,,
trv,34,WP,"VIT 34",Iran,Singapore,office,6,68,,
trv,34,WP,"VIT 34",Iran,"Sydney Australia",office,,14,,
trv,34,WP,"VIT 34",Iran,Vienna,office,1,16,,
trv,34,WP,"VIT 34",Iran,Warsaw,office,,16,,
trv,34,WP,"VIT 34",Iraq,"Abu Dhabi",office,,2,,
trv,34,WP,"VIT 34",Iraq,Amman,office,2,45,,
trv,34,WP,"VIT 34",Iraq,Ankara,office,1,14,,
trv,34,WP,"VIT 34",Iraq,"Case Processing Centre Edmonton",office,,11,,
trv,34,WP,"VIT 34",Iraq,Dar-Es-Salaam,office,,1,,
trv,34,WP,"VIT 34",Iraq,"Hong Kong",office,,1,,
trv,34,WP,"VIT 34",Iraq,"London England",office,,21,,
trv,34,WP,"VIT 34",Iraq,"New York",office,,2,,
trv,34,WP,"VIT 34",Iraq,Paris,office,,3,,
trv,34,WP,"VIT 34",Iraq,Rome,office,,2,,
trv,34,WP,"VIT 34",Iraq,Singapore,office,,1,,
trv,34,WP,"VIT 34",Israel,Ankara,office,,2,,
trv,34,WP,"VIT 34",Israel,"Case Processing Centre Edmonton",office,,32,,
trv,34,WP,"VIT 34",Israel,"London England",office,,1,,
trv,34,WP,"VIT 34",Israel,"Mexico City",office,,2,,
trv,34,WP,"VIT 34",Israel,"Tel Aviv",office,,7,,
trv,34,WP,"VIT 34",Israel,Warsaw,office,,1,,
trv,34,WP,"VIT 34",Italy,"Mexico City",office,,1,,
trv,34,WP,"VIT 34",Italy,"New York",office,,1,,
trv,34,WP,"VIT 34",Italy,"Operations Support Centre",office,1,1,,
trv,34,WP,"VIT 34",Italy,Rome,office,,1,,
trv,34,WP,"VIT 34",Italy,Tunis,office,,1,,
trv,34,WP,"VIT 34",Jamaica,"Case Processing Centre Edmonton",office,,1,,
trv,34,WP,"VIT 34",Jamaica,"New York",office,,1,,
trv,34,WP,"VIT 34",Japan,"Operations Support Centre",office,1,1,,
trv,34,WP,"VIT 34",Jordan,"Abu Dhabi",office,,5,,
trv,34,WP,"VIT 34",Jordan,Amman,office,1,33,,
trv,34,WP,"VIT 34",Jordan,Ankara,office,,4,,
trv,34,WP,"VIT 34",Jordan,Beijing,office,,1,,
trv,34,WP,"VIT 34",Jordan,Bogota,office,,1,,
trv,34,WP,"VIT 34",Jordan,"Case Processing Centre Edmonton",office,2,119,,
trv,34,WP,"VIT 34",Jordan,"London England",office,,11,,
trv,34,WP,"VIT 34",Jordan,Manila,office,,1,,
trv,34,WP,"VIT 34",Jordan,"New York",office,,4,,
trv,34,WP,"VIT 34",Jordan,"Ottawa IR",office,2,2,,
trv,34,WP,"VIT 34",Jordan,Riyadh,office,,3,,
trv,34,WP,"VIT 34",Jordan,RROC,office,,2,,
trv,34,WP,"VIT 34",Jordan,"Sao Paulo",office,,1,,
trv,34,WP,"VIT 34",Jordan,"Tel Aviv",office,,1,,
trv,34,WP,"VIT 34",Jordan,Vienna,office,,1,,
trv,34,WP,"VIT 34",Kazakhstan,"Case Processing Centre Edmonton",office,,1,,
trv,34,WP,"VIT 34",Kazakhstan,"Mexico City",office,,1,,
trv,34,WP,"VIT 34",Kazakhstan,Warsaw,office,,8,,
trv,34,WP,"VIT 34",Kenya,"Case Processing Centre Edmonton",office,2,3,,
trv,34,WP,"VIT 34",Kenya,Nairobi,office,2,5,,
trv,34,WP,"VIT 34",Kenya,"Ottawa IR",office,1,1,,
trv,34,WP,"VIT 34","Korea, Republic of","Case Processing Centre Edmonton",office,,10,,
trv,34,WP,"VIT 34","Korea, Republic of","New York",office,1,1,,
trv,34,WP,"VIT 34","Korea, Republic of",Paris,office,,1,,
trv,34,WP,"VIT 34","Korea, Republic of","Vancouver International Airport",office,1,1,,
trv,34,WP,"VIT 34","Kosovo, Republic of",Vienna,office,,2,,
trv,34,WP,"VIT 34",Kuwait,"Abu Dhabi",office,,1,,
trv,34,WP,"VIT 34",Kuwait,"Case Processing Centre Edmonton",office,,5,,
trv,34,WP,"VIT 34",Kyrgyzstan,"Abu Dhabi",office,,2,,
trv,34,WP,"VIT 34",Kyrgyzstan,"Case Processing Centre Edmonton",office,,1,,
trv,34,WP,"VIT 34",Kyrgyzstan,Warsaw,office,,1,,
trv,34,WP,"VIT 34",Lebanon,"Abu Dhabi",office,,11,,
trv,34,WP,"VIT 34",Lebanon,Accra,office,,2,,
trv,34,WP,"VIT 34",Lebanon,Amman,office,1,2,,
trv,34,WP,"VIT 34",Lebanon,Ankara,office,,29,,
trv,34,WP,"VIT 34",Lebanon,Beirut,office,,120,,
trv,34,WP,"VIT 34",Lebanon,"Case Processing Centre Edmonton",office,1,67,,
trv,34,WP,"VIT 34",Lebanon,Dar-Es-Salaam,office,,1,,
trv,34,WP,"VIT 34",Lebanon,"London England",office,,11,,
trv,34,WP,"VIT 34",Lebanon,"Mexico City",office,,1,,
trv,34,WP,"VIT 34",Lebanon,"New York",office,,4,,
trv,34,WP,"VIT 34",Lebanon,Paris,office,,5,,
trv,35,WP,"VIT 34",Lebanon,Pretoria,office,,1,,
trv,35,WP,"VIT 34",Lebanon,Riyadh,office,,7,,
trv,35,WP,"VIT 34",Lebanon,Rome,office,,2,,
trv,35,WP,"VIT 34",Lebanon,Warsaw,office,,1,,
trv,35,WP,"VIT 34",Liberia,Dakar,office,1,1,,
trv,35,WP,"VIT 34",Libya,"Abu Dhabi",office,1,2,,
trv,35,WP,"VIT 34",Libya,"Case Processing Centre Edmonton",office,,10,,
trv,35,WP,"VIT 34",Libya,"London England",office,,5,,
trv,35,WP,"VIT 34",Libya,Paris,office,,2,,
trv,35,WP,"VIT 34",Libya,Pretoria,office,,23,,
trv,35,WP,"VIT 34",Libya,RROC,office,,1,,
trv,35,WP,"VIT 34",Libya,Tunis,office,,53,,
trv,35,WP,"VIT 34",Libya,Vienna,office,,1,,
trv,35,WP,"VIT 34",Madagascar,"Case Processing Centre Edmonton",office,,1,,
trv,35,WP,"VIT 34",Madagascar,Pretoria,office,4,14,,
trv,35,WP,"VIT 34",Malawi,"Case Processing Centre Edmonton",office,,1,,
trv,35,WP,"VIT 34",Malaysia,Beijing,office,,1,,
trv,35,WP,"VIT 34",Malaysia,"Case Processing Centre Edmonton",office,,2,,
trv,35,WP,"VIT 34",Malaysia,Singapore,office,,2,,
trv,35,WP,"VIT 34",Mauritius,"London England",office,,2,,
trv,35,WP,"VIT 34",Mauritius,Pretoria,office,3,33,,
trv,35,WP,"VIT 34",Mexico,"Case Processing Centre Edmonton",office,,12,,
trv,35,WP,"VIT 34",Mexico,"Mexico City",office,13,191,,
trv,35,WP,"VIT 34",Mexico,"New York",office,,2,,
trv,35,WP,"VIT 34",Mexico,RROC,office,,4,,
trv,35,WP,"VIT 34",Moldova,Bucharest,office,,4,,
trv,35,WP,"VIT 34",Moldova,"London England",office,,5,,
trv,35,WP,"VIT 34","Mongolia, People's Republic of","Hong Kong",office,,3,,
trv,35,WP,"VIT 34","Montenegro, Republic of",Vienna,office,,1,,
trv,35,WP,"VIT 34",Morocco,"Abu Dhabi",office,2,6,,
trv,35,WP,"VIT 34",Morocco,"Case Processing Centre Edmonton",office,1,58,,
trv,35,WP,"VIT 34",Morocco,"London England",office,,1,,
trv,35,WP,"VIT 34",Morocco,"New York",office,,1,,
trv,35,WP,"VIT 34",Morocco,"Ottawa IR",office,1,1,,
trv,35,WP,"VIT 34",Morocco,Paris,office,,1,,
trv,35,WP,"VIT 34",Morocco,Rabat,office,8,153,,
trv,35,WP,"VIT 34",Morocco,Riyadh,office,,14,,
trv,35,WP,"VIT 34",Morocco,Rome,office,,1,,
trv,35,WP,"VIT 34",Morocco,Tunis,office,,1,,
trv,35,WP,"VIT 34",Mozambique,"Case Processing Centre Edmonton",office,,1,,
trv,35,WP,"VIT 34",Nepal,Bangkok,office,1,2,,
trv,35,WP,"VIT 34",Nepal,"Case Processing Centre Edmonton",office,,2,,
trv,35,WP,"VIT 34",Nepal,"New Delhi",office,,2,,
trv,35,WP,"VIT 34",Nepal,RROC,office,,2,,
trv,35,WP,"VIT 34","New Zealand","Case Processing Centre Edmonton",office,,1,,
trv,35,WP,"VIT 34","New Zealand","Sydney Australia",office,,2,,
trv,35,WP,"VIT 34",Nicaragua,"Case Processing Centre Edmonton",office,,1,,
trv,35,WP,"VIT 34",Nicaragua,"Mexico City",office,,1,,
trv,35,WP,"VIT 34",Nigeria,"Abu Dhabi",office,,3,,
trv,35,WP,"VIT 34",Nigeria,Beijing,office,,2,,
trv,35,WP,"VIT 34",Nigeria,"Case Processing Centre Edmonton",office,1,67,,
trv,35,WP,"VIT 34",Nigeria,"London England",office,,2,,
trv,35,WP,"VIT 34",Nigeria,Nairobi,office,,6,,
trv,35,WP,"VIT 34",Nigeria,"New York",office,,3,,
trv,35,WP,"VIT 34",Nigeria,Pretoria,office,,1,,
trv,35,WP,"VIT 34",Nigeria,RROC,office,6,19,,
trv,35,WP,"VIT 34",Nigeria,Vienna,office,,1,,
trv,35,WP,"VIT 34",Oman,"Case Processing Centre Edmonton",office,,1,,
trv,35,WP,"VIT 34",Other,"Case Processing Centre Edmonton",office,,1,,
trv,35,WP,"VIT 34",Pakistan,"Abu Dhabi",office,14,148,,
trv,35,WP,"VIT 34",Pakistan,Ankara,office,1,3,,
trv,35,WP,"VIT 34",Pakistan,Beijing,office,,18,,
trv,35,WP,"VIT 34",Pakistan,Bogota,office,,1,,
trv,35,WP,"VIT 34",Pakistan,"Case Processing Centre Edmonton",office,1,160,,
trv,35,WP,"VIT 34",Pakistan,Guangzhou,office,,1,,
trv,35,WP,"VIT 34",Pakistan,"Hong Kong",office,,2,,
trv,35,WP,"VIT 34",Pakistan,"London England",office,,15,,
trv,35,WP,"VIT 34",Pakistan,Manila,office,1,12,,
trv,35,WP,"VIT 34",Pakistan,"Mexico City",office,2,2,,
trv,35,WP,"VIT 34",Pakistan,"New York",office,2,8,,
trv,35,WP,"VIT 34",Pakistan,"Ottawa IR",office,4,4,,
trv,35,WP,"VIT 34",Pakistan,Paris,office,1,6,,
trv,35,WP,"VIT 34",Pakistan,Pretoria,office,,4,,
trv,35,WP,"VIT 34",Pakistan,Riyadh,office,,14,,
trv,35,WP,"VIT 34",Pakistan,RROC,office,,1,,
trv,35,WP,"VIT 34",Pakistan,Singapore,office,1,20,,
trv,35,WP,"VIT 34",Pakistan,"Sydney Australia",office,,4,,
trv,35,WP,"VIT 34",Pakistan,Vienna,office,1,2,,
trv,35,WP,"VIT 34",Pakistan,Warsaw,office,,25,,
trv,35,WP,"VIT 34",Pakistan,Washington,office,,2,,
trv,35,WP,"VIT 34","Palestinian Authority (Gaza/West Bank)","Abu Dhabi",office,,1,,
trv,35,WP,"VIT 34","Palestinian Authority (Gaza/West Bank)",Amman,office,9,28,,
trv,35,WP,"VIT 34","Palestinian Authority (Gaza/West Bank)",Ankara,office,,9,,
trv,35,WP,"VIT 34","Palestinian Authority (Gaza/West Bank)",Cairo,office,3,10,,
trv,35,WP,"VIT 34","Palestinian Authority (Gaza/West Bank)","Case Processing Centre Edmonton",office,2,32,,
trv,35,WP,"VIT 34","Palestinian Authority (Gaza/West Bank)",Jakarta,office,1,1,,
trv,35,WP,"VIT 34","Palestinian Authority (Gaza/West Bank)","London England",office,,7,,
trv,35,WP,"VIT 34","Palestinian Authority (Gaza/West Bank)","New York",office,,1,,
trv,36,WP,"VIT 34","Palestinian Authority (Gaza/West Bank)",Paris,office,2,4,,
trv,36,WP,"VIT 34","Palestinian Authority (Gaza/West Bank)",Riyadh,office,,1,,
trv,36,WP,"VIT 34","Palestinian Authority (Gaza/West Bank)","Tel Aviv",office,,3,,
trv,36,WP,"VIT 34","Palestinian Authority (Gaza/West Bank)",Vienna,office,,1,,
trv,36,WP,"VIT 34",Paraguay,"Case Processing Centre Edmonton",office,,1,,
trv,36,WP,"VIT 34","Peoples Republic of Benin",Accra,office,,1,,
trv,36,WP,"VIT 34","People's Republic of China","Abu Dhabi",office,,1,,
trv,36,WP,"VIT 34","People's Republic of China",Bangkok,office,,3,,
trv,36,WP,"VIT 34","People's Republic of China",Beijing,office,390,3710,,
trv,36,WP,"VIT 34","People's Republic of China","Buenos Aires",office,10,10,,
trv,36,WP,"VIT 34","People's Republic of China","Case Processing Centre Edmonton",office,48,1812,,
trv,36,WP,"VIT 34","People's Republic of China","Case Processing Centre Ottawa",office,,1,,
trv,36,WP,"VIT 34","People's Republic of China",Guangzhou,office,1,49,,
trv,36,WP,"VIT 34","People's Republic of China","Hong Kong",office,9,51,,
trv,36,WP,"VIT 34","People's Republic of China","London England",office,,11,,
trv,36,WP,"VIT 34","People's Republic of China","Los Angeles",office,2,3,,
trv,36,WP,"VIT 34","People's Republic of China",Manila,office,,3,,
trv,36,WP,"VIT 34","People's Republic of China","Mexico City",office,3,4,,
trv,36,WP,"VIT 34","People's Republic of China",Nairobi,office,2,3,,
trv,36,WP,"VIT 34","People's Republic of China","New York",office,24,121,,
trv,36,WP,"VIT 34","People's Republic of China","Ottawa IR",office,213,214,,
trv,36,WP,"VIT 34","People's Republic of China",Paris,office,,7,,
trv,36,WP,"VIT 34","People's Republic of China",Pretoria,office,1,10,,
trv,36,WP,"VIT 34","People's Republic of China",Rome,office,,2,,
trv,36,WP,"VIT 34","People's Republic of China",RROC,office,,1,,
trv,36,WP,"VIT 34","People's Republic of China",Seoul,office,,1,,
trv,36,WP,"VIT 34","People's Republic of China",Shanghai,office,,153,,
trv,36,WP,"VIT 34","People's Republic of China",Singapore,office,3,20,,
trv,36,WP,"VIT 34","People's Republic of China","Sydney Australia",office,,26,,
trv,36,WP,"VIT 34","People's Republic of China",Tokyo,office,,1,,
trv,36,WP,"VIT 34","People's Republic of China",Vienna,office,4,12,,
trv,36,WP,"VIT 34","People's Republic of China",Warsaw,office,1,2,,
trv,36,WP,"VIT 34","People's Republic of China",Washington,office,,6,,
trv,36,WP,"VIT 34",Peru,"Case Processing Centre Edmonton",office,,7,,
trv,36,WP,"VIT 34",Peru,Lima,office,,1,,
trv,36,WP,"VIT 34",Peru,"Ottawa IR",office,1,1,,
trv,36,WP,"VIT 34",Philippines,"Abu Dhabi",office,,3,,
trv,36,WP,"VIT 34",Philippines,Amman,office,,1,,
trv,36,WP,"VIT 34",Philippines,Ankara,office,,1,,
trv,36,WP,"VIT 34",Philippines,"Case Processing Centre Edmonton",office,1,2,,
trv,36,WP,"VIT 34",Philippines,"Ho Chi Minh City Vietnam",office,,1,,
trv,36,WP,"VIT 34",Philippines,"Hong Kong",office,,1,,
trv,36,WP,"VIT 34",Philippines,Manila,office,10,14,,
trv,36,WP,"VIT 34",Philippines,Moscow,office,,1,,
trv,36,WP,"VIT 34",Philippines,"Operations Support Centre",office,,1,,
trv,36,WP,"VIT 34",Philippines,Riyadh,office,,15,,
trv,36,WP,"VIT 34",Philippines,Tunis,office,,2,,
trv,36,WP,"VIT 34",Philippines,Warsaw,office,,2,,
trv,36,WP,"VIT 34",Poland,"New York",office,,1,,
trv,36,WP,"VIT 34",Poland,Warsaw,office,1,1,,
trv,36,WP,"VIT 34","Republic of Ireland","Case Processing Centre Edmonton",office,,1,,
trv,36,WP,"VIT 34","Republic of Ireland","London England",office,,2,,
trv,36,WP,"VIT 34","Republic of Ivory Coast","Case Processing Centre Edmonton",office,,2,,
trv,36,WP,"VIT 34","Republic of Ivory Coast",Dakar,office,,4,,
trv,36,WP,"VIT 34","Republic of Ivory Coast",Paris,office,,1,,
trv,36,WP,"VIT 34","Republic of Ivory Coast",RROC,office,2,6,,
trv,36,WP,"VIT 34","Republic of South Africa","Abu Dhabi",office,1,2,,
trv,36,WP,"VIT 34","Republic of South Africa","Case Processing Centre Edmonton",office,,8,,
trv,36,WP,"VIT 34","Republic of South Africa","Mexico City",office,,1,,
trv,36,WP,"VIT 34","Republic of South Africa","New York",office,,1,,
trv,36,WP,"VIT 34","Republic of South Africa",Pretoria,office,5,76,,
trv,36,WP,"VIT 34","Republic of South Africa",Riyadh,office,,2,,
trv,36,WP,"VIT 34","Republic of the Niger","Case Processing Centre Edmonton",office,,3,,
trv,36,WP,"VIT 34",Romania,Bucharest,office,,1,,
trv,36,WP,"VIT 34",Russia,"Abu Dhabi",office,,1,,
trv,36,WP,"VIT 34",Russia,Ankara,office,3,15,,
trv,36,WP,"VIT 34",Russia,Beijing,office,1,4,,
trv,36,WP,"VIT 34",Russia,"Buenos Aires",office,,1,,
trv,36,WP,"VIT 34",Russia,"Case Processing Centre Edmonton",office,1,367,,
trv,36,WP,"VIT 34",Russia,"Hong Kong",office,,1,,
trv,36,WP,"VIT 34",Russia,Kyiv,office,,1,,
trv,36,WP,"VIT 34",Russia,"London England",office,,94,,
trv,36,WP,"VIT 34",Russia,Manila,office,1,1,,
trv,36,WP,"VIT 34",Russia,"Matching Centre",office,,1,,
trv,36,WP,"VIT 34",Russia,"Mexico City",office,1,7,,
trv,36,WP,"VIT 34",Russia,Moscow,office,,21,,
trv,36,WP,"VIT 34",Russia,"New York",office,5,15,,
trv,36,WP,"VIT 34",Russia,"Ottawa IR",office,11,11,,
trv,36,WP,"VIT 34",Russia,Paris,office,2,12,,
trv,36,WP,"VIT 34",Russia,Pretoria,office,2,2,,
trv,36,WP,"VIT 34",Russia,Rome,office,,2,,
trv,36,WP,"VIT 34",Russia,RROC,office,,9,,
trv,36,WP,"VIT 34",Russia,Singapore,office,,1,,
trv,36,WP,"VIT 34",Russia,"Sydney Australia",office,,3,,
trv,36,WP,"VIT 34",Russia,"Tel Aviv",office,,1,,
trv,36,WP,"VIT 34",Russia,Tunis,office,,1,,
trv,36,WP,"VIT 34",Russia,Vienna,office,3,28,,
trv,36,WP,"VIT 34",Russia,Warsaw,office,5,113,,
trv,36,WP,"VIT 34",Rwanda,Dar-Es-Salaam,office,,1,,
trv,36,WP,"VIT 34",Rwanda,Paris,office,,1,,
trv,36,WP,"VIT 34",Rwanda,Pretoria,office,,2,,
trv,36,WP,"VIT 34","Saudi Arabia","Case Processing Centre Edmonton",office,1,28,,
trv,36,WP,"VIT 34","Saudi Arabia","London England",office,,2,,
trv,36,WP,"VIT 34","Saudi Arabia","New York",office,,3,,
trv,37,WP,"VIT 34","Saudi Arabia",Paris,office,,1,,
trv,37,WP,"VIT 34","Saudi Arabia",Riyadh,office,1,38,,
trv,37,WP,"VIT 34",Senegal,"Case Processing Centre Edmonton",office,,2,,
trv,37,WP,"VIT 34",Senegal,RROC,office,1,2,,
trv,37,WP,"VIT 34","Serbia, Republic of",Ankara,office,,1,,
trv,37,WP,"VIT 34","Serbia, Republic of","Case Processing Centre Edmonton",office,,9,,
trv,37,WP,"VIT 34","Serbia, Republic of","London England",office,,1,,
trv,37,WP,"VIT 34","Serbia, Republic of","Mexico City",office,,1,,
trv,37,WP,"VIT 34","Serbia, Republic of",Vienna,office,,2,,
trv,37,WP,"VIT 34","Sierra Leone","Case Processing Centre Edmonton",office,,1,,
trv,37,WP,"VIT 34","Sierra Leone",Paris,office,,1,,
trv,37,WP,"VIT 34",Singapore,"Case Processing Centre Edmonton",office,,1,,
trv,37,WP,"VIT 34","Socialist Republic of Vietnam","Case Processing Centre Edmonton",office,,2,,
trv,37,WP,"VIT 34","Socialist Republic of Vietnam","Ho Chi Minh City Vietnam",office,4,16,,
trv,37,WP,"VIT 34","Socialist Republic of Vietnam",Jakarta,office,,1,,
trv,37,WP,"VIT 34",Spain,Paris,office,,1,,
trv,37,WP,"VIT 34","Sri Lanka","Abu Dhabi",office,,1,,
trv,37,WP,"VIT 34","Sri Lanka",Amman,office,,1,,
trv,37,WP,"VIT 34","Sri Lanka",Beijing,office,,2,,
trv,37,WP,"VIT 34","Sri Lanka","Case Processing Centre Edmonton",office,,3,,
trv,37,WP,"VIT 34","Sri Lanka",Colombo,office,3,12,,
trv,37,WP,"VIT 34","Sri Lanka","New York",office,,1,,
trv,37,WP,"VIT 34","St. Kitts-Nevis",Ankara,office,,1,,
trv,37,WP,"VIT 34","St. Kitts-Nevis",Beirut,office,,1,,
trv,37,WP,"VIT 34","St. Kitts-Nevis","Case Processing Centre Edmonton",office,,2,,
trv,37,WP,"VIT 34","St. Kitts-Nevis","New York",office,1,1,,
trv,37,WP,"VIT 34","St. Vincent and the Grenadines","Case Processing Centre Edmonton",office,,1,,
trv,37,WP,"VIT 34",Stateless,"Abu Dhabi",office,,1,,
trv,37,WP,"VIT 34",Stateless,Ankara,office,,3,,
trv,37,WP,"VIT 34",Stateless,Beirut,office,1,5,,
trv,37,WP,"VIT 34",Stateless,"Case Processing Centre Edmonton",office,,3,,
trv,37,WP,"VIT 34",Stateless,Vienna,office,,2,,
trv,37,WP,"VIT 34",Sweden,"Case Processing Centre Edmonton",office,,2,,
trv,37,WP,"VIT 34",Sweden,"London England",office,,5,,
trv,37,WP,"VIT 34",Switzerland,Paris,office,,1,,
trv,37,WP,"VIT 34",Syria,"Abu Dhabi",office,1,13,,
trv,37,WP,"VIT 34",Syria,Accra,office,,1,,
trv,37,WP,"VIT 34",Syria,Amman,office,2,38,,
trv,37,WP,"VIT 34",Syria,Ankara,office,1,11,,
trv,37,WP,"VIT 34",Syria,Beijing,office,,1,,
trv,37,WP,"VIT 34",Syria,Beirut,office,,5,,
trv,37,WP,"VIT 34",Syria,Cairo,office,,1,,
trv,37,WP,"VIT 34",Syria,"Case Processing Centre Edmonton",office,,49,,
trv,37,WP,"VIT 34",Syria,"London England",office,,22,,
trv,37,WP,"VIT 34",Syria,Nairobi,office,,3,,
trv,37,WP,"VIT 34",Syria,"New York",office,1,6,,
trv,37,WP,"VIT 34",Syria,Paris,office,,2,,
trv,37,WP,"VIT 34",Syria,Rabat,office,,1,,
trv,37,WP,"VIT 34",Syria,Riyadh,office,,1,,
trv,37,WP,"VIT 34",Syria,Vienna,office,1,1,,
trv,37,WP,"VIT 34",Tajikistan,"London England",office,,1,,
trv,37,WP,"VIT 34",Tajikistan,Warsaw,office,,2,,
trv,37,WP,"VIT 34",Taiwan,Beijing,office,,1,,
trv,37,WP,"VIT 34",Taiwan,"Case Processing Centre Edmonton",office,,3,,
trv,37,WP,"VIT 34",Thailand,"New York",office,,1,,
trv,37,WP,"VIT 34","The Netherlands","London England",office,,1,,
trv,37,WP,"VIT 34","The Netherlands",Paris,office,,1,,
trv,37,WP,"VIT 34","Togo, Republic of",Accra,office,,1,,
trv,37,WP,"VIT 34","Togo, Republic of","Case Processing Centre Edmonton",office,,2,,
trv,37,WP,"VIT 34","Trinidad and Tobago, Republic of","Port of Spain",office,,1,,
trv,37,WP,"VIT 34",Tunisia,"Abu Dhabi",office,,3,,
trv,37,WP,"VIT 34",Tunisia,Amman,office,,1,,
trv,37,WP,"VIT 34",Tunisia,Beijing,office,,3,,
trv,37,WP,"VIT 34",Tunisia,Bucharest,office,,22,,
trv,37,WP,"VIT 34",Tunisia,"Case Processing Centre Edmonton",office,,951,,
trv,37,WP,"VIT 34",Tunisia,Dakar,office,,1,,
trv,37,WP,"VIT 34",Tunisia,"London England",office,,1,,
trv,37,WP,"VIT 34",Tunisia,"New York",office,,2,,
trv,37,WP,"VIT 34",Tunisia,Paris,office,20,53,,
trv,37,WP,"VIT 34",Tunisia,Riyadh,office,,9,,
trv,37,WP,"VIT 34",Tunisia,Rome,office,,3,,
trv,37,WP,"VIT 34",Tunisia,Tunis,office,,2147,,
trv,37,WP,"VIT 34",Tunisia,Vienna,office,,3,,
trv,37,WP,"VIT 34",Turkey,Ankara,office,2,12,,
trv,37,WP,"VIT 34",Turkey,"Case Processing Centre Edmonton",office,,27,,
trv,37,WP,"VIT 34",Turkey,"London England",office,,13,,
trv,37,WP,"VIT 34",Turkey,Nairobi,office,,1,,
trv,37,WP,"VIT 34",Turkey,"New York",office,,1,,
trv,37,WP,"VIT 34",Turkey,Pretoria,office,,1,,
trv,37,WP,"VIT 34",Turkey,"Sao Paulo",office,,2,,
trv,37,WP,"VIT 34",Turkey,"Sydney Australia",office,,1,,
trv,37,WP,"VIT 34",Turkey,Vienna,office,,2,,
trv,37,WP,"VIT 34",Uganda,"Case Processing Centre Edmonton",office,,2,,
trv,37,WP,"VIT 34",Uganda,Pretoria,office,,2,,
trv,37,WP,"VIT 34",Ukraine,Amman,office,,1,,
trv,38,WP,"VIT 34",Ukraine,Ankara,office,,1,,
trv,38,WP,"VIT 34",Ukraine,Beijing,office,,1,,
trv,38,WP,"VIT 34",Ukraine,Bucharest,office,,5,,
trv,38,WP,"VIT 34",Ukraine,"Calgary International Airport",office,,1,,
trv,38,WP,"VIT 34",Ukraine,"Case Processing Centre Edmonton",office,,116,,
trv,38,WP,"VIT 34",Ukraine,"Case Processing Centre Ottawa",office,,2,,
trv,38,WP,"VIT 34",Ukraine,Dar-Es-Salaam,office,,1,,
trv,38,WP,"VIT 34",Ukraine,"Hong Kong",office,,1,,
trv,38,WP,"VIT 34",Ukraine,Kyiv,office,,6,,
trv,38,WP,"VIT 34",Ukraine,"London England",office,3,4507,,
trv,38,WP,"VIT 34",Ukraine,"Matching Centre",office,,726,,
trv,38,WP,"VIT 34",Ukraine,"Mexico City",office,1,1,,
trv,38,WP,"VIT 34",Ukraine,Moscow,office,,1,,
trv,38,WP,"VIT 34",Ukraine,"New York",office,,2,,
trv,38,WP,"VIT 34",Ukraine,Rome,office,,1,,
trv,38,WP,"VIT 34",Ukraine,RROC,office,,1,,
trv,38,WP,"VIT 34",Ukraine,"Sydney Australia",office,,4,,
trv,38,WP,"VIT 34",Ukraine,Vienna,office,,26,,
trv,38,WP,"VIT 34",Ukraine,Warsaw,office,,12,,
trv,38,WP,"VIT 34","United Kingdom and Overseas Territories",Ankara,office,,2,,
trv,38,WP,"VIT 34","United Kingdom and Overseas Territories","Case Processing Centre Edmonton",office,,8,,
trv,38,WP,"VIT 34","United Kingdom and Overseas Territories","Hong Kong",office,1,8,,
trv,38,WP,"VIT 34","United Kingdom and Overseas Territories","London England",office,,12,,
trv,38,WP,"VIT 34","United Kingdom and Overseas Territories","New York",office,,1,,
trv,38,WP,"VIT 34","United Kingdom and Overseas Territories","Operations Support Centre",office,,2,,
trv,38,WP,"VIT 34","United Kingdom and Overseas Territories",Pretoria,office,,1,,
trv,38,WP,"VIT 34","United States of America","Case Processing Centre Edmonton",office,1,5,,
trv,38,WP,"VIT 34","United States of America","New York",office,,1,,
trv,38,WP,"VIT 34","United States of America",Pretoria,office,,1,,
trv,38,WP,"VIT 34",Uzbekistan,"Case Processing Centre Edmonton",office,,2,,
trv,38,WP,"VIT 34",Uzbekistan,"London England",office,,1,,
trv,38,WP,"VIT 34",Uzbekistan,Singapore,office,,1,,
trv,38,WP,"VIT 34",Uzbekistan,Warsaw,office,,3,,
trv,38,WP,"VIT 34",Vanuatu,"Hong Kong",office,,1,,
trv,38,WP,"VIT 34",Venezuela,"Buenos Aires",office,,1,,
trv,38,WP,"VIT 34",Venezuela,"Mexico City",office,1,4,,
trv,38,WP,"VIT 34",Venezuela,"New York",office,,2,,
trv,38,WP,"VIT 34",Venezuela,Paris,office,,1,,
trv,38,WP,"VIT 34","Yemen, Republic of","Abu Dhabi",office,,3,,
trv,38,WP,"VIT 34","Yemen, Republic of",Ankara,office,,3,,
trv,38,WP,"VIT 34","Yemen, Republic of",Cairo,office,,1,,
trv,38,WP,"VIT 34","Yemen, Republic of","Case Processing Centre Edmonton",office,,9,,
trv,38,WP,"VIT 34","Yemen, Republic of",Jakarta,office,,1,,
trv,38,WP,"VIT 34","Yemen, Republic of","London England",office,,6,,
trv,38,WP,"VIT 34","Yemen, Republic of","Mexico City",office,1,1,,
trv,38,WP,"VIT 34","Yemen, Republic of","Ottawa IR",office,4,4,,
trv,38,WP,"VIT 34","Yemen, Republic of",Paris,office,,1,,
trv,38,WP,"VIT 34","Yemen, Republic of",Riyadh,office,,1,,
trv,38,WP,"VIT 34","Yemen, Republic of",Singapore,office,,1,,
trv,38,WP,"VIT 34","Yemen, Republic of",Washington,office,,1,,
trv,38,WP,"VIT 34",Zambia,Pretoria,office,3,4,,
trv,38,WP,"VIT 34",Zimbabwe,"Case Processing Centre Edmonton",office,,1,,
trv,38,WP,"VIT 34",Zimbabwe,Pretoria,office,1,8,,
trv,38,WP,"VIT 35",Albania,Rome,office,,3,,
trv,38,WP,"VIT 35",Belarus,Warsaw,office,,1,,
trv,38,WP,"VIT 35",Bosnia-Hercegovina,Vienna,office,1,16,,
trv,38,WP,"VIT 35",Bulgaria,Vienna,office,,1,,
trv,38,WP,"VIT 35",Colombia,Bogota,office,,3,,
trv,38,WP,"VIT 35",Colombia,"Buenos Aires",office,,1,,
trv,38,WP,"VIT 35","Congo, Democratic Republic of the",Paris,office,,1,,
trv,38,WP,"VIT 35","Costa Rica","Mexico City",office,,1,,
trv,38,WP,"VIT 35",Croatia,Vienna,office,,1,,
trv,38,WP,"VIT 35","Democratic Republic of Sudan",Riyadh,office,,1,,
trv,38,WP,"VIT 35",Egypt,Bogota,office,,1,,
trv,38,WP,"VIT 35","Federal Republic of Cameroon",Paris,office,,1,,
trv,38,WP,"VIT 35",Ghana,Accra,office,,2,,
trv,38,WP,"VIT 35","Hong Kong SAR","Operational Performance Manageme",office,,1,,
trv,38,WP,"VIT 35",Hungary,Vienna,office,,1,,
trv,38,WP,"VIT 35",India,Bangalore,office,,1,,
trv,38,WP,"VIT 35",India,"CN India",office,1,2,,
trv,38,WP,"VIT 35",India,"New Delhi",office,,8,,
trv,38,WP,"VIT 35",India,Riyadh,office,,1,,
trv,38,WP,"VIT 35",India,RROC,office,4,18,,
trv,38,WP,"VIT 35",Iran,Ankara,office,,12,,
trv,38,WP,"VIT 35",Iran,"New York",office,,8,,
trv,38,WP,"VIT 35",Iran,"Sao Paulo",office,,2,,
trv,38,WP,"VIT 35",Jamaica,"Kingston Jamaica",office,,1,,
trv,38,WP,"VIT 35",Macedonia,Vienna,office,,1,,
trv,38,WP,"VIT 35","Montenegro, Republic of",Vienna,office,,1,,
trv,39,WP,"VIT 35",Morocco,Rabat,office,,2,,
trv,39,WP,"VIT 35",Nigeria,RROC,office,,2,,
trv,39,WP,"VIT 35",Pakistan,Riyadh,office,,1,,
trv,39,WP,"VIT 35","Peoples Republic of Benin",Accra,office,,1,,
trv,39,WP,"VIT 35","Republic of Ivory Coast",Dakar,office,,1,,
trv,39,WP,"VIT 35","Republic of South Africa",Riyadh,office,,1,,
trv,39,WP,"VIT 35",Russia,"Ottawa IR",office,1,1,,
trv,39,WP,"VIT 35",Russia,Vienna,office,,1,,
trv,39,WP,"VIT 35",Rwanda,Dar-Es-Salaam,office,,1,,
trv,39,WP,"VIT 35","Serbia, Republic of",Vienna,office,4,60,,
trv,39,WP,"VIT 35","Socialist Republic of Vietnam","Ho Chi Minh City Vietnam",office,,1,,
trv,39,WP,"VIT 35",Tunisia,Paris,office,,1,,
trv,39,WP,"VIT 35",Tunisia,Tunis,office,,20,,
trv,39,WP,"VIT 35",Ukraine,Vienna,office,,2,,
trv,39,WP,"VIT 35",Venezuela,"Ottawa IR",office,1,1,,
trv,39,WP,"VIT 37",Albania,Rome,office,,1,,
trv,39,WP,"VIT 37",Australia,"Sydney Australia",office,,1,,
trv,39,WP,"VIT 37","Czech Republic",Vienna,office,,1,,
trv,39,WP,"VIT 37",Egypt,Bogota,office,,1,,
trv,39,WP,"VIT 37",France,Paris,office,,1,,
trv,39,WP,"VIT 37","Hong Kong SAR","Hong Kong",office,,1,,
trv,39,WP,"VIT 37",India,"POE Huntingdon",office,,1,,
trv,39,WP,"VIT 37",Iran,"New York",office,,11,,
trv,39,WP,"VIT 37","Kosovo, Republic of",Vienna,office,,2,,
trv,39,WP,"VIT 37",Mexico,"Mexico City",office,,1,,
trv,39,WP,"VIT 37",Mexico,RROC,office,1,1,,
trv,39,WP,"VIT 37",Nigeria,Bogota,office,,1,,
trv,39,WP,"VIT 37",Nigeria,Nairobi,office,,1,,
trv,39,WP,"VIT 37","People's Republic of China",Vienna,office,,1,,
trv,39,WP,"VIT 37","Republic of Ireland","EPIC - Electronic Processing and Int",office,1,1,,
trv,39,WP,"VIT 37","Republic of Ireland","Operations Support Centre",office,6,7,,
trv,39,WP,"VIT 37",Russia,Ankara,office,,1,,
trv,39,WP,"VIT 37",Russia,"Ottawa IR",office,3,3,,
trv,39,WP,"VIT 37",Russia,Pretoria,office,,1,,
trv,39,WP,"VIT 37",Russia,Rome,office,,1,,
trv,39,WP,"VIT 37",Russia,Vienna,office,,2,,
trv,39,WP,"VIT 37","Serbia, Republic of",Vienna,office,,1,,
trv,39,WP,"VIT 37",Taiwan,Manila,office,,1,,
trv,39,WP,"VIT 37",Tunisia,Tunis,office,,1,,
trv,39,WP,"VIT 37",Ukraine,"London England",office,1,3,,
trv,39,WP,"VIT 37",Ukraine,Vienna,office,,1,,
trv,39,WP,"VIT 37","United Kingdom and Overseas Territories","Operations Support Centre",office,1,1,,
trv,39,WP-EXT,"VIT 34",Afghanistan,"Case Processing Centre Edmonton",office,5,5,,
trv,39,WP-EXT,"VIT 34",Afghanistan,"Case Processing Centre Ottawa",office,1,1,,
trv,39,WP-EXT,"VIT 34",Armenia,"Case Processing Centre Edmonton",office,,1,,
trv,39,WP-EXT,"VIT 34",Bangladesh,"Case Processing Centre Edmonton",office,1,4,,
trv,39,WP-EXT,"VIT 34",Brazil,"Case Processing Centre Edmonton",office,1,4,,
trv,39,WP-EXT,"VIT 34",Brazil,"EPIC - Electronic Processing and Int",office,1,1,,
trv,39,WP-EXT,"VIT 34",Cambodia,"Case Processing Centre Edmonton",office,,1,,
trv,39,WP-EXT,"VIT 34",Colombia,"Case Processing Centre Edmonton",office,,3,,
trv,39,WP-EXT,"VIT 34",Egypt,"Case Processing Centre Edmonton",office,,1,,
trv,39,WP-EXT,"VIT 34",Egypt,"Edmonton IRCC",office,1,1,,
trv,39,WP-EXT,"VIT 34",Egypt,"Montreal Immigration",office,,1,,
trv,39,WP-EXT,"VIT 34",Eritrea,"Case Processing Centre Edmonton",office,1,1,,
trv,39,WP-EXT,"VIT 34","Federal Republic of Cameroon","Case Processing Centre Edmonton",office,5,6,,
trv,39,WP-EXT,"VIT 34","Federal Republic of Germany","Case Processing Centre Edmonton",office,,2,,
trv,39,WP-EXT,"VIT 34",France,"Case Processing Centre Edmonton",office,,2,,
trv,39,WP-EXT,"VIT 34",Georgia,"Case Processing Centre Edmonton",office,,1,,
trv,39,WP-EXT,"VIT 34",Greece,"Case Processing Centre Edmonton",office,,1,,
trv,39,WP-EXT,"VIT 34",Honduras,"Case Processing Centre Edmonton",office,,1,,
trv,40,WP-EXT,"VIT 34",India,"Case Processing Centre Edmonton",office,7,29,,
trv,40,WP-EXT,"VIT 34",India,"Case Processing Centre Ottawa",office,5,5,,
trv,40,WP-EXT,"VIT 34",India,"Saskatoon IRCC",office,,1,,
trv,40,WP-EXT,"VIT 34",Iran,Ankara,office,,1,,
trv,40,WP-EXT,"VIT 34",Iran,"Case Processing Centre Edmonton",office,97,200,,
trv,40,WP-EXT,"VIT 34",Iran,"Case Processing Centre Ottawa",office,4,4,,
trv,40,WP-EXT,"VIT 34",Iran,"Edmonton IRCC",office,9,19,,
trv,40,WP-EXT,"VIT 34",Iran,"Operations Support Centre",office,1,1,,
trv,40,WP-EXT,"VIT 34",Iran,"Saskatoon IRCC",office,,11,,
trv,40,WP-EXT,"VIT 34",Iran,Yellowknife,office,,1,,
trv,40,WP-EXT,"VIT 34",Israel,"Case Processing Centre Edmonton",office,25,69,,
trv,40,WP-EXT,"VIT 34",Israel,"Case Processing Centre Ottawa",office,1,1,,
trv,40,WP-EXT,"VIT 34",Israel,"Edmonton IRCC",office,,1,,
trv,40,WP-EXT,"VIT 34",Italy,"Saskatoon IRCC",office,,1,,
trv,40,WP-EXT,"VIT 34",Jamaica,"Case Processing Centre Edmonton",office,,1,,
trv,40,WP-EXT,"VIT 34",Jordan,"Case Processing Centre Edmonton",office,2,4,,
trv,40,WP-EXT,"VIT 34",Kenya,"Case Processing Centre Edmonton",office,,1,,
trv,40,WP-EXT,"VIT 34","Korea, Republic of","Case Processing Centre Edmonton",office,,1,,
trv,40,WP-EXT,"VIT 34",Kuwait,"Case Processing Centre Edmonton",office,,2,,
trv,40,WP-EXT,"VIT 34",Lebanon,"Case Processing Centre Edmonton",office,8,10,,
trv,40,WP-EXT,"VIT 34",Mexico,"Case Processing Centre Edmonton",office,,2,,
trv,40,WP-EXT,"VIT 34",Morocco,"Case Processing Centre Edmonton",office,,2,,
trv,40,WP-EXT,"VIT 34",Nigeria,"Case Processing Centre Edmonton",office,,3,,
trv,40,WP-EXT,"VIT 34",Pakistan,"Case Processing Centre Edmonton",office,4,7,,
trv,40,WP-EXT,"VIT 34",Pakistan,Islamabad,office,1,1,,
trv,40,WP-EXT,"VIT 34","Palestinian Authority (Gaza/West Bank)","Case Processing Centre Edmonton",office,45,68,,
trv,40,WP-EXT,"VIT 34","Palestinian Authority (Gaza/West Bank)","Case Processing Centre Ottawa",office,1,1,,
trv,40,WP-EXT,"VIT 34","Palestinian Authority (Gaza/West Bank)","Saskatoon IRCC",office,,1,,
trv,40,WP-EXT,"VIT 34","People's Republic of China",Beijing,office,1,3,,
trv,40,WP-EXT,"VIT 34","People's Republic of China","Case Processing Centre Edmonton",office,22,45,,
trv,40,WP-EXT,"VIT 34","People's Republic of China","Case Processing Centre Ottawa",office,1,1,,
trv,40,WP-EXT,"VIT 34","People's Republic of China","Edmonton IRCC",office,1,4,,
trv,40,WP-EXT,"VIT 34",Peru,"Case Processing Centre Edmonton",office,,1,,
trv,40,WP-EXT,"VIT 34",Philippines,"Case Processing Centre Edmonton",office,2,2,,
trv,40,WP-EXT,"VIT 34",Philippines,"Case Processing Centre Ottawa",office,1,1,,
trv,40,WP-EXT,"VIT 34",Poland,"Case Processing Centre Edmonton",office,1,1,,
trv,40,WP-EXT,"VIT 34",Russia,"Case Processing Centre Edmonton",office,3,7,,
trv,40,WP-EXT,"VIT 34",Russia,"Case Processing Centre Ottawa",office,1,1,,
trv,40,WP-EXT,"VIT 34",Russia,"Edmonton IRCC",office,,1,,
trv,40,WP-EXT,"VIT 34","Serbia, Republic of","Case Processing Centre Edmonton",office,,1,,
trv,40,WP-EXT,"VIT 34","Sri Lanka","Case Processing Centre Edmonton",office,1,1,,
trv,40,WP-EXT,"VIT 34",Syria,"Case Processing Centre Edmonton",office,3,4,,
trv,40,WP-EXT,"VIT 34","The Netherlands","Case Processing Centre Edmonton",office,1,1,,
trv,40,WP-EXT,"VIT 34",Tunisia,"Operations Support Centre",office,1,1,,
trv,40,WP-EXT,"VIT 34",Tunisia,Tunis,office,,1,,
trv,40,WP-EXT,"VIT 34",Turkey,"Case Processing Centre Edmonton",office,,3,,
trv,40,WP-EXT,"VIT 34",Ukraine,"Case Processing Centre Edmonton",office,34,49,,
trv,40,WP-EXT,"VIT 34",Ukraine,"Case Processing Centre Ottawa",office,15,15,,
trv,40,WP-EXT,"VIT 34",Ukraine,"Edmonton IRCC",office,3,6,,
trv,40,WP-EXT,"VIT 34","United Kingdom and Overseas Territories","Case Processing Centre Edmonton",office,3,3,,
trv,40,WP-EXT,"VIT 34","United States of America","Case Processing Centre Edmonton",office,1,1,,
trv,40,WP-EXT,"VIT 35",Colombia,"Case Processing Centre Edmonton",office,2,2,,
trv,40,WP-EXT,"VIT 35",Haiti,"Call Centre Montréal",office,1,1,,
trv,40,WP-EXT,"VIT 35",India,"Case Processing Centre Edmonton",office,1,1,,
trv,40,WP-EXT,"VIT 37",Ghana,"Case Processing Centre Edmonton",office,1,1,,
trv,40,WP-EXT,"VIT 37",India,"Case Processing Centre Edmonton",office,,1,,
trv,40,WP-EXT,"VIT 37",Mexico,"Operations Support Centre",office,1,1,,
pr,41,Economic,"HIRV Screening",Algeria,Paris,office,,3,,
pr,41,Economic,"HIRV Screening",Bangladesh,"CIO Sydney NS",office,,1,,
pr,41,Economic,"HIRV Screening","Congo, Democratic Republic of the","Case Processing Centre Ottawa",office,,1,,
pr,41,Economic,"HIRV Screening",Cuba,"Mexico City",office,,1,,
pr,41,Economic,"HIRV Screening",Egypt,"CIO Sydney NS",office,,1,,
pr,41,Economic,"HIRV Screening",Haiti,"Mexico City",office,,1,,
pr,41,Economic,"HIRV Screening",India,"Case Processing Centre Ottawa",office,,1,,
pr,41,Economic,"HIRV Screening",India,"CIO Sydney NS",office,,1,,
pr,41,Economic,"HIRV Screening",India,"Vancouver Immigration",office,1,1,,
pr,41,Economic,"HIRV Screening",Iran,"Case Processing Centre Ottawa",office,,1,,
pr,41,Economic,"HIRV Screening",Iran,RROC,office,,1,,
pr,41,Economic,"HIRV Screening",Iraq,"Abu Dhabi",office,,1,,
pr,41,Economic,"HIRV Screening",Iraq,RROC,office,,1,,
pr,41,Economic,"HIRV Screening",Jamaica,"CIO Sydney NS",office,,1,,
pr,41,Economic,"HIRV Screening",Jamaica,"Vancouver Immigration",office,,1,,
pr,41,Economic,"HIRV Screening","Korea, Republic of","CIO Sydney NS",office,,2,,
pr,41,Economic,"HIRV Screening",Nigeria,Accra,office,,2,,
pr,41,Economic,"HIRV Screening",Nigeria,"CIO Sydney NS",office,,1,,
pr,41,Economic,"HIRV Screening",Pakistan,"London England",office,,1,,
pr,41,Economic,"HIRV Screening","People's Republic of China","CIO Sydney NS",office,,1,,
pr,41,Economic,"HIRV Screening","People's Republic of China","Mexico City",office,,1,,
pr,41,Economic,"HIRV Screening","People's Republic of China","Montreal Immigration",office,,1,,
pr,41,Economic,"HIRV Screening",Philippines,"CIO Sydney NS",office,,3,,
pr,41,Economic,"HIRV Screening",Philippines,"London England",office,,1,,
pr,41,Economic,"HIRV Screening",Philippines,Manila,office,1,2,,
pr,41,Economic,"HIRV Screening",Poland,"Vancouver Immigration",office,,1,,
pr,41,Economic,"HIRV Screening",Rwanda,"Case Processing Centre Ottawa",office,,1,,
pr,41,Economic,"HIRV Screening",Rwanda,"CIO Sydney NS",office,,1,,
pr,41,Economic,"HIRV Screening",Rwanda,Paris,office,,1,,
pr,41,Economic,"HIRV Screening","Serbia, Republic of","Vancouver Immigration",office,,1,,
pr,41,Economic,"HIRV Screening","Serbia, Republic of",Vienna,office,,1,,
pr,41,Economic,"HIRV Screening",Tunisia,"CIO Sydney NS",office,,1,,
pr,41,Economic,"HIRV Screening",Venezuela,"Mexico City",office,,1,,
pr,41,Economic,"Org Crime Screening",Albania,"CIO Sydney NS",office,,2,,
pr,41,Economic,"Org Crime Screening",Bangladesh,"CIO Sydney NS",office,,2,,
pr,41,Economic,"Org Crime Screening",Brazil,"CIO Sydney NS",office,,3,,
pr,41,Economic,"Org Crime Screening",Brazil,"Mexico City",office,,3,,
pr,41,Economic,"Org Crime Screening",Burkina-Faso,"Montreal Immigration",office,1,1,,
pr,41,Economic,"Org Crime Screening",Colombia,"CIO Sydney NS",office,,3,,
pr,41,Economic,"Org Crime Screening","El Salvador","Mexico City",office,,2,,
pr,41,Economic,"Org Crime Screening","Federal Republic of Cameroon","Montreal Immigration",office,1,3,,
pr,41,Economic,"Org Crime Screening",France,"CIO Sydney NS",office,,1,,
pr,41,Economic,"Org Crime Screening",France,"Montreal Immigration",office,,3,,
pr,41,Economic,"Org Crime Screening",Haiti,"Mexico City",office,,1,,
pr,41,Economic,"Org Crime Screening",Hungary,Vienna,office,,1,,
pr,41,Economic,"Org Crime Screening",India,"Case Processing Centre Ottawa",office,,2,,
pr,41,Economic,"Org Crime Screening",India,"CIO Sydney NS",office,,2,,
pr,41,Economic,"Org Crime Screening",Iran,"CIO Sydney NS",office,,2,,
pr,41,Economic,"Org Crime Screening",Iran,Paris,office,,4,,
pr,41,Economic,"Org Crime Screening",Italy,"CIO Sydney NS",office,,2,,
pr,41,Economic,"Org Crime Screening",Jamaica,"Kingston Jamaica",office,,1,,
pr,41,Economic,"Org Crime Screening",Jamaica,"Mexico City",office,,1,,
pr,41,Economic,"Org Crime Screening",Libya,"CIO Sydney NS",office,,1,,
pr,41,Economic,"Org Crime Screening",Mexico,"CIO Sydney NS",office,,6,,
pr,41,Economic,"Org Crime Screening",Mexico,"Mexico City",office,,2,,
pr,41,Economic,"Org Crime Screening",Moldova,Paris,office,,1,,
pr,41,Economic,"Org Crime Screening",Morocco,"Case Processing Centre Ottawa",office,,1,,
pr,41,Economic,"Org Crime Screening",Nigeria,Accra,office,1,1,,
pr,41,Economic,"Org Crime Screening",Nigeria,"Case Processing Centre Ottawa",office,,3,,
pr,41,Economic,"Org Crime Screening",Nigeria,Windsor,office,,1,,
pr,41,Economic,"Org Crime Screening",Pakistan,Hamilton,office,,1,,
pr,41,Economic,"Org Crime Screening","Peoples Republic of Benin","CIO Sydney NS",office,1,1,,
pr,41,Economic,"Org Crime Screening","Peoples Republic of Benin","Montreal Immigration",office,3,11,,
pr,41,Economic,"Org Crime Screening","People's Republic of China","Case Processing Centre Ottawa",office,,3,,
pr,41,Economic,"Org Crime Screening","People's Republic of China","Hong Kong",office,,2,,
pr,41,Economic,"Org Crime Screening","People's Republic of China","Mexico City",office,,1,,
pr,41,Economic,"Org Crime Screening","People's Republic of China","Vancouver Immigration",office,,1,,
pr,41,Economic,"Org Crime Screening",Philippines,"CIO Sydney NS",office,,1,,
pr,41,Economic,"Org Crime Screening","Republic of Ivory Coast","CIO Sydney NS",office,,2,,
pr,41,Economic,"Org Crime Screening","Republic of Ivory Coast","Montreal Immigration",office,2,4,,
pr,41,Economic,"Org Crime Screening","Republic of the Niger",Dakar,office,,1,,
pr,41,Economic,"Org Crime Screening",Romania,"CIO Sydney NS",office,,1,,
pr,41,Economic,"Org Crime Screening",Russia,"CIO Sydney NS",office,,2,,
pr,41,Economic,"Org Crime Screening",Russia,"Montreal Immigration",office,,1,,
pr,41,Economic,"Org Crime Screening","Sri Lanka","Edmonton IRCC",office,,1,,
pr,41,Economic,"Org Crime Screening","St. Kitts-Nevis","Case Processing Centre Ottawa",office,,2,,
pr,41,Economic,"Org Crime Screening",Ukraine,"CIO Sydney NS",office,,1,,
pr,41,Economic,"Org Crime Screening",Ukraine,Paris,office,,1,,
pr,41,Economic,"Org Crime Screening","United Republic of Tanzania","Case Processing Centre Edmonton",office,,1,,
pr,41,Economic,"Security Screening",Afghanistan,"Case Processing Centre Ottawa",office,,6,,
pr,41,Economic,"Security Screening",Afghanistan,"CIO Sydney NS",office,,5,,
pr,41,Economic,"Security Screening",Afghanistan,"Edmonton IRCC",office,1,5,,
pr,41,Economic,"Security Screening",Afghanistan,Etobicoke,office,,3,,
pr,41,Economic,"Security Screening",Afghanistan,Islamabad,office,,1,,
pr,41,Economic,"Security Screening",Afghanistan,"London England",office,,11,,
pr,41,Economic,"Security Screening",Afghanistan,"Montreal Immigration",office,1,1,,
pr,41,Economic,"Security Screening",Afghanistan,"Vancouver Immigration",office,1,2,,
pr,41,Economic,"Security Screening",Afghanistan,Windsor,office,1,2,,
pr,41,Economic,"Security Screening",Afghanistan,Winnipeg,office,1,3,,
pr,42,Economic,"Security Screening",Albania,"Calgary Citizenship and Immigration Canada",office,,2,,
pr,42,Economic,"Security Screening",Albania,"Case Processing Centre Ottawa",office,2,5,,
pr,42,Economic,"Security Screening",Albania,"CIO Sydney NS",office,7,16,,
pr,42,Economic,"Security Screening",Albania,"Edmonton IRCC",office,,5,,
pr,42,Economic,"Security Screening",Albania,Etobicoke,office,2,5,,
pr,42,Economic,"Security Screening",Albania,Halifax,office,,11,,
pr,42,Economic,"Security Screening",Albania,"Montreal Immigration",office,,5,,
pr,42,Economic,"Security Screening",Albania,Paris,office,,1,,
pr,42,Economic,"Security Screening",Albania,"Vancouver Immigration",office,2,5,,
pr,42,Economic,"Security Screening",Albania,"Whitehorse IRCC",office,,18,,
pr,42,Economic,"Security Screening",Albania,Winnipeg,office,,4,,
pr,42,Economic,"Security Screening",Algeria,"Calgary Citizenship and Immigration Canada",office,,4,,
pr,42,Economic,"Security Screening",Algeria,"Case Processing Centre Ottawa",office,29,152,,
pr,42,Economic,"Security Screening",Algeria,"Charlottetown IRCC",office,,4,,
pr,42,Economic,"Security Screening",Algeria,"CIO Sydney NS",office,125,406,,
pr,42,Economic,"Security Screening",Algeria,Dakar,office,,2,,
pr,42,Economic,"Security Screening",Algeria,"Edmonton IRCC",office,1,18,,
pr,42,Economic,"Security Screening",Algeria,Etobicoke,office,1,23,,
pr,42,Economic,"Security Screening",Algeria,"Hong Kong",office,,1,,
pr,42,Economic,"Security Screening",Algeria,London,office,,1,,
pr,42,Economic,"Security Screening",Algeria,"London England",office,,1,,
pr,42,Economic,"Security Screening",Algeria,"Montreal Immigration",office,3,12,,
pr,42,Economic,"Security Screening",Algeria,Ottawa,office,,1,,
pr,42,Economic,"Security Screening",Algeria,Paris,office,16,76,,
pr,42,Economic,"Security Screening",Algeria,RROC,office,7,26,,
pr,42,Economic,"Security Screening",Algeria,Singapore,office,,2,,
pr,42,Economic,"Security Screening",Algeria,"Vancouver Immigration",office,2,22,,
pr,42,Economic,"Security Screening",Algeria,"Whitehorse IRCC",office,,15,,
pr,42,Economic,"Security Screening",Algeria,Windsor,office,2,3,,
pr,42,Economic,"Security Screening",Algeria,Winnipeg,office,1,24,,
pr,42,Economic,"Security Screening",Angola,"Case Processing Centre Edmonton",office,,2,,
pr,42,Economic,"Security Screening",Angola,"Case Processing Centre Ottawa",office,,1,,
pr,42,Economic,"Security Screening","Antigua and Barbuda","Case Processing Centre Ottawa",office,,1,,
pr,42,Economic,"Security Screening","Antigua and Barbuda","CIO Sydney NS",office,,2,,
pr,42,Economic,"Security Screening",Argentina,"Case Processing Centre Edmonton",office,,2,,
pr,42,Economic,"Security Screening",Argentina,"Case Processing Centre Ottawa",office,,1,,
pr,42,Economic,"Security Screening",Argentina,"CIO Sydney NS",office,1,12,,
pr,42,Economic,"Security Screening",Argentina,Etobicoke,office,,1,,
pr,42,Economic,"Security Screening",Argentina,"Mexico City",office,,1,,
pr,42,Economic,"Security Screening",Argentina,"Montreal Immigration",office,,2,,
pr,42,Economic,"Security Screening",Argentina,RROC,office,,1,,
pr,42,Economic,"Security Screening",Argentina,"Whitehorse IRCC",office,,2,,
pr,42,Economic,"Security Screening",Argentina,Windsor,office,1,1,,
pr,42,Economic,"Security Screening",Argentina,Winnipeg,office,,1,,
pr,42,Economic,"Security Screening",Armenia,"Case Processing Centre Edmonton",office,,2,,
pr,42,Economic,"Security Screening",Armenia,"Case Processing Centre Ottawa",office,2,11,,
pr,42,Economic,"Security Screening",Armenia,"CIO Sydney NS",office,2,10,,
pr,42,Economic,"Security Screening",Armenia,"DN West Virtual Team 1",office,,1,,
pr,42,Economic,"Security Screening",Armenia,"Edmonton IRCC",office,1,6,,
pr,42,Economic,"Security Screening",Armenia,Etobicoke,office,,2,,
pr,42,Economic,"Security Screening",Armenia,Halifax,office,,1,,
pr,42,Economic,"Security Screening",Armenia,"London England",office,,1,,
pr,42,Economic,"Security Screening",Armenia,RROC,office,1,9,,
pr,42,Economic,"Security Screening",Armenia,"Vancouver Immigration",office,1,2,,
pr,42,Economic,"Security Screening",Armenia,Warsaw,office,,5,,
pr,42,Economic,"Security Screening",Armenia,Winnipeg,office,,6,,
pr,42,Economic,"Security Screening",Australia,"Calgary Citizenship and Immigration Canada",office,,1,,
pr,42,Economic,"Security Screening",Australia,"Case Processing Centre Edmonton",office,,6,,
pr,42,Economic,"Security Screening",Australia,"Case Processing Centre Ottawa",office,1,11,,
pr,42,Economic,"Security Screening",Australia,"CIO Sydney NS",office,4,14,,
pr,42,Economic,"Security Screening",Australia,"Edmonton IRCC",office,,1,,
pr,42,Economic,"Security Screening",Australia,Etobicoke,office,,1,,
pr,42,Economic,"Security Screening",Australia,Halifax,office,,2,,
pr,42,Economic,"Security Screening",Australia,"Montreal Immigration",office,,1,,
pr,42,Economic,"Security Screening",Australia,"Sydney Australia",office,,5,,
pr,42,Economic,"Security Screening",Australia,"Vancouver Immigration",office,,1,,
pr,42,Economic,"Security Screening",Australia,"Whitehorse IRCC",office,,2,,
pr,42,Economic,"Security Screening",Australia,Windsor,office,1,1,,
pr,42,Economic,"Security Screening",Austria,"Case Processing Centre Ottawa",office,,2,,
pr,42,Economic,"Security Screening",Austria,"CIO Sydney NS",office,,3,,
pr,42,Economic,"Security Screening",Austria,RROC,office,,1,,
pr,42,Economic,"Security Screening",Austria,"Whitehorse IRCC",office,,1,,
pr,42,Economic,"Security Screening",Austria,Winnipeg,office,,1,,
pr,42,Economic,"Security Screening",Azerbaijan,"Calgary Citizenship and Immigration Canada",office,,2,,
pr,42,Economic,"Security Screening",Azerbaijan,"Case Processing Centre Edmonton",office,,2,,
pr,42,Economic,"Security Screening",Azerbaijan,"Case Processing Centre Ottawa",office,,13,,
pr,42,Economic,"Security Screening",Azerbaijan,"CIO Sydney NS",office,6,29,,
pr,42,Economic,"Security Screening",Azerbaijan,Etobicoke,office,2,2,,
pr,42,Economic,"Security Screening",Azerbaijan,Halifax,office,2,3,,
pr,42,Economic,"Security Screening",Azerbaijan,London,office,,2,,
pr,42,Economic,"Security Screening",Azerbaijan,"Montreal Immigration",office,2,5,,
pr,42,Economic,"Security Screening",Azerbaijan,Paris,office,,6,,
pr,42,Economic,"Security Screening",Azerbaijan,RROC,office,1,1,,
pr,42,Economic,"Security Screening",Azerbaijan,"Vancouver Immigration",office,,2,,
pr,42,Economic,"Security Screening",Azerbaijan,"Whitehorse IRCC",office,,1,,
pr,42,Economic,"Security Screening",Azerbaijan,Windsor,office,,1,,
pr,42,Economic,"Security Screening",Azerbaijan,Yellowknife,office,,2,,
pr,42,Economic,"Security Screening","Bahama Islands, The","CIO Sydney NS",office,,1,,
pr,42,Economic,"Security Screening","Bahama Islands, The",Halifax,office,1,1,,
pr,42,Economic,"Security Screening","Bahama Islands, The","Montreal Immigration",office,,1,,
pr,42,Economic,"Security Screening","Bahama Islands, The","Vancouver Immigration",office,,2,,
pr,42,Economic,"Security Screening","Bahama Islands, The","Whitehorse IRCC",office,,4,,
pr,42,Economic,"Security Screening",Bahrain,"Case Processing Centre Ottawa",office,,4,,
pr,42,Economic,"Security Screening",Bahrain,"Vancouver Immigration",office,,1,,
pr,42,Economic,"Security Screening",Bahrain,"Whitehorse IRCC",office,,1,,
pr,42,Economic,"Security Screening",Bahrain,Winnipeg,office,,1,,
pr,42,Economic,"Security Screening",Bangladesh,"Calgary Citizenship and Immigration Canada",office,,9,,
pr,42,Economic,"Security Screening",Bangladesh,"Case Processing Centre Edmonton",office,4,37,,
pr,42,Economic,"Security Screening",Bangladesh,"Case Processing Centre Ottawa",office,9,51,,
pr,42,Economic,"Security Screening",Bangladesh,"CIO Sydney NS",office,25,174,,
pr,42,Economic,"Security Screening",Bangladesh,"DN West Virtual Team 1",office,,2,,
pr,42,Economic,"Security Screening",Bangladesh,"Edmonton IRCC",office,3,27,,
pr,42,Economic,"Security Screening",Bangladesh,Etobicoke,office,2,33,,
pr,42,Economic,"Security Screening",Bangladesh,Halifax,office,6,14,,
pr,42,Economic,"Security Screening",Bangladesh,"HM-New Ineligibility",office,,1,,
pr,42,Economic,"Security Screening",Bangladesh,London,office,1,1,,
pr,42,Economic,"Security Screening",Bangladesh,"London England",office,,1,,
pr,42,Economic,"Security Screening",Bangladesh,"Montreal Immigration",office,2,24,,
pr,42,Economic,"Security Screening",Bangladesh,Ottawa,office,,9,,
pr,42,Economic,"Security Screening",Bangladesh,Rome,office,,1,,
pr,42,Economic,"Security Screening",Bangladesh,RROC,office,1,13,,
pr,42,Economic,"Security Screening",Bangladesh,Singapore,office,,18,,
pr,42,Economic,"Security Screening",Bangladesh,"Sydney Australia",office,,1,,
pr,42,Economic,"Security Screening",Bangladesh,"Vancouver Immigration",office,5,29,,
pr,42,Economic,"Security Screening",Bangladesh,"Whitehorse IRCC",office,,81,,
pr,42,Economic,"Security Screening",Bangladesh,Windsor,office,9,26,,
pr,42,Economic,"Security Screening",Bangladesh,Winnipeg,office,2,28,,
pr,42,Economic,"Security Screening",Bangladesh,Yellowknife,office,,2,,
pr,42,Economic,"Security Screening",Barbados,"Case Processing Centre Edmonton",office,,3,,
pr,42,Economic,"Security Screening",Barbados,"Case Processing Centre Ottawa",office,,1,,
pr,42,Economic,"Security Screening",Belarus,"Calgary Citizenship and Immigration Canada",office,,3,,
pr,42,Economic,"Security Screening",Belarus,"Case Processing Centre Edmonton",office,,1,,
pr,42,Economic,"Security Screening",Belarus,"Case Processing Centre Ottawa",office,,9,,
pr,42,Economic,"Security Screening",Belarus,"CIO Sydney NS",office,9,51,,
pr,42,Economic,"Security Screening",Belarus,"Edmonton IRCC",office,,1,,
pr,42,Economic,"Security Screening",Belarus,Etobicoke,office,,3,,
pr,42,Economic,"Security Screening",Belarus,"Fredericton IRCC",office,,2,,
pr,42,Economic,"Security Screening",Belarus,Halifax,office,,3,,
pr,42,Economic,"Security Screening",Belarus,"Mexico City",office,,1,,
pr,42,Economic,"Security Screening",Belarus,"Montreal Immigration",office,,1,,
pr,42,Economic,"Security Screening",Belarus,RROC,office,,1,,
pr,42,Economic,"Security Screening",Belarus,"Sydney Australia",office,,1,,
pr,42,Economic,"Security Screening",Belarus,"Vancouver Immigration",office,4,5,,
pr,42,Economic,"Security Screening",Belarus,Warsaw,office,,5,,
pr,42,Economic,"Security Screening",Belarus,"Whitehorse IRCC",office,,6,,
pr,42,Economic,"Security Screening",Belarus,Windsor,office,,1,,
pr,43,Economic,"Security Screening",Belgium,"Case Processing Centre Ottawa",office,1,7,,
pr,43,Economic,"Security Screening",Belgium,"CIO Sydney NS",office,1,4,,
pr,43,Economic,"Security Screening",Belgium,Etobicoke,office,1,3,,
pr,43,Economic,"Security Screening",Belgium,"Montreal Immigration",office,,2,,
pr,43,Economic,"Security Screening",Belgium,Paris,office,,6,,
pr,43,Economic,"Security Screening",Belgium,"Whitehorse IRCC",office,,1,,
pr,43,Economic,"Security Screening",Belize,"Case Processing Centre Edmonton",office,,2,,
pr,43,Economic,"Security Screening",Belize,"CIO Sydney NS",office,1,1,,
pr,43,Economic,"Security Screening",Belize,"Mexico City",office,,1,,
pr,43,Economic,"Security Screening",Bhutan,"CIO Sydney NS",office,1,1,,
pr,43,Economic,"Security Screening",Bhutan,"Whitehorse IRCC",office,,4,,
pr,43,Economic,"Security Screening",Bolivia,"Case Processing Centre Edmonton",office,,1,,
pr,43,Economic,"Security Screening",Bolivia,"Case Processing Centre Ottawa",office,,1,,
pr,43,Economic,"Security Screening",Bolivia,"CIO Sydney NS",office,3,4,,
pr,43,Economic,"Security Screening",Bolivia,"Whitehorse IRCC",office,,1,,
pr,43,Economic,"Security Screening",Bosnia-Hercegovina,"Calgary Citizenship and Immigration Canada",office,,1,,
pr,43,Economic,"Security Screening",Bosnia-Hercegovina,"Case Processing Centre Edmonton",office,,1,,
pr,43,Economic,"Security Screening",Bosnia-Hercegovina,"Case Processing Centre Ottawa",office,,2,,
pr,43,Economic,"Security Screening",Bosnia-Hercegovina,"CIO Sydney NS",office,,9,,
pr,43,Economic,"Security Screening",Bosnia-Hercegovina,Etobicoke,office,,3,,
pr,43,Economic,"Security Screening",Bosnia-Hercegovina,Halifax,office,,4,,
pr,43,Economic,"Security Screening",Bosnia-Hercegovina,"Montreal Immigration",office,,1,,
pr,43,Economic,"Security Screening",Bosnia-Hercegovina,"Vancouver Immigration",office,,1,,
pr,43,Economic,"Security Screening",Bosnia-Hercegovina,"Whitehorse IRCC",office,,1,,
pr,43,Economic,"Security Screening","Botswana, Republic of","Vancouver Immigration",office,,2,,
pr,43,Economic,"Security Screening",Brazil,"Calgary Citizenship and Immigration Canada",office,,6,,
pr,43,Economic,"Security Screening",Brazil,"Case Processing Centre Edmonton",office,2,32,,
pr,43,Economic,"Security Screening",Brazil,"Case Processing Centre Ottawa",office,6,45,,
pr,43,Economic,"Security Screening",Brazil,"CIO Sydney NS",office,67,286,,
pr,43,Economic,"Security Screening",Brazil,"DN West Virtual Team 1",office,1,1,,
pr,43,Economic,"Security Screening",Brazil,"Edmonton IRCC",office,2,29,,
pr,43,Economic,"Security Screening",Brazil,Etobicoke,office,,11,,
pr,43,Economic,"Security Screening",Brazil,"Fredericton IRCC",office,,2,,
pr,43,Economic,"Security Screening",Brazil,Halifax,office,4,21,,
pr,43,Economic,"Security Screening",Brazil,"HM Toronto",office,6,28,,
pr,43,Economic,"Security Screening",Brazil,"HM Vancouver",office,,3,,
pr,43,Economic,"Security Screening",Brazil,London,office,,2,,
pr,43,Economic,"Security Screening",Brazil,"Mexico City",office,,7,,
pr,43,Economic,"Security Screening",Brazil,"Montreal Immigration",office,1,26,,
pr,43,Economic,"Security Screening",Brazil,"Niagara Falls IRCC",office,,1,,
pr,43,Economic,"Security Screening",Brazil,Ottawa,office,,1,,
pr,43,Economic,"Security Screening",Brazil,RROC,office,1,3,,
pr,43,Economic,"Security Screening",Brazil,"Vancouver Immigration",office,2,27,,
pr,43,Economic,"Security Screening",Brazil,"Whitehorse IRCC",office,,92,,
pr,43,Economic,"Security Screening",Brazil,Windsor,office,,1,,
pr,43,Economic,"Security Screening",Brazil,Winnipeg,office,4,14,,
pr,43,Economic,"Security Screening",Bulgaria,"Case Processing Centre Ottawa",office,,1,,
pr,43,Economic,"Security Screening",Bulgaria,"CIO Sydney NS",office,,1,,
pr,43,Economic,"Security Screening",Bulgaria,"Edmonton IRCC",office,,1,,
pr,43,Economic,"Security Screening",Bulgaria,"Vancouver Immigration",office,,2,,
pr,43,Economic,"Security Screening",Burkina-Faso,"Case Processing Centre Ottawa",office,,4,,
pr,43,Economic,"Security Screening",Burkina-Faso,"CIO Sydney NS",office,4,10,,
pr,43,Economic,"Security Screening",Burkina-Faso,Dakar,office,,3,,
pr,43,Economic,"Security Screening",Burkina-Faso,"Montreal Immigration",office,1,1,,
pr,43,Economic,"Security Screening",Burkina-Faso,Paris,office,2,3,,
pr,43,Economic,"Security Screening",Burkina-Faso,RROC,office,1,4,,
pr,43,Economic,"Security Screening",Burkina-Faso,"Vancouver Immigration",office,,1,,
pr,43,Economic,"Security Screening",Burkina-Faso,"Whitehorse IRCC",office,,2,,
pr,43,Economic,"Security Screening",Burundi,Bogota,office,1,1,,
pr,43,Economic,"Security Screening",Burundi,"CIO Sydney NS",office,4,9,,
pr,43,Economic,"Security Screening",Burundi,Dar-Es-Salaam,office,,1,,
pr,43,Economic,"Security Screening",Burundi,"Mexico City",office,,1,,
pr,43,Economic,"Security Screening",Burundi,Paris,office,,11,,
pr,43,Economic,"Security Screening",Burundi,RROC,office,2,2,,
pr,43,Economic,"Security Screening",Cambodia,"Montreal Immigration",office,,2,,
pr,43,Economic,"Security Screening",Cambodia,"Whitehorse IRCC",office,,1,,
pr,43,Economic,"Security Screening","Central African Republic","Case Processing Centre Ottawa",office,1,1,,
pr,43,Economic,"Security Screening","Central African Republic",Etobicoke,office,,1,,
pr,43,Economic,"Security Screening","Chad, Republic of","Case Processing Centre Ottawa",office,1,1,,
pr,43,Economic,"Security Screening","Chad, Republic of",Dakar,office,,1,,
pr,43,Economic,"Security Screening","Chad, Republic of","Montreal Immigration",office,,1,,
pr,43,Economic,"Security Screening","Chad, Republic of","Whitehorse IRCC",office,,1,,
pr,43,Economic,"Security Screening",Chile,"Calgary Citizenship and Immigration Canada",office,,1,,
pr,43,Economic,"Security Screening",Chile,"Case Processing Centre Edmonton",office,,2,,
pr,43,Economic,"Security Screening",Chile,"Case Processing Centre Ottawa",office,,2,,
pr,43,Economic,"Security Screening",Chile,"CIO Sydney NS",office,1,4,,
pr,43,Economic,"Security Screening",Chile,Etobicoke,office,,5,,
pr,43,Economic,"Security Screening",Chile,Halifax,office,,2,,
pr,43,Economic,"Security Screening",Chile,London,office,,2,,
pr,43,Economic,"Security Screening",Chile,"Montreal Immigration",office,2,4,,
pr,43,Economic,"Security Screening",Chile,"Vancouver Immigration",office,,3,,
pr,43,Economic,"Security Screening",Chile,"Whitehorse IRCC",office,,10,,
pr,43,Economic,"Security Screening",Chile,Winnipeg,office,1,2,,
pr,43,Economic,"Security Screening",Colombia,"Case Processing Centre Edmonton",office,4,21,,
pr,43,Economic,"Security Screening",Colombia,"Case Processing Centre Ottawa",office,4,24,,
pr,43,Economic,"Security Screening",Colombia,"CIO Sydney NS",office,64,173,,
pr,43,Economic,"Security Screening",Colombia,"DN West Virtual Team 1",office,1,1,,
pr,43,Economic,"Security Screening",Colombia,"Edmonton IRCC",office,,15,,
pr,43,Economic,"Security Screening",Colombia,Etobicoke,office,4,24,,
pr,43,Economic,"Security Screening",Colombia,Halifax,office,3,16,,
pr,43,Economic,"Security Screening",Colombia,"HM-New Ineligibility",office,,1,,
pr,43,Economic,"Security Screening",Colombia,London,office,,1,,
pr,43,Economic,"Security Screening",Colombia,"Mexico City",office,,4,,
pr,43,Economic,"Security Screening",Colombia,"Montreal Immigration",office,4,14,,
pr,43,Economic,"Security Screening",Colombia,RROC,office,1,6,,
pr,43,Economic,"Security Screening",Colombia,"Vancouver Immigration",office,7,30,,
pr,43,Economic,"Security Screening",Colombia,"Whitehorse IRCC",office,,58,,
pr,43,Economic,"Security Screening",Colombia,Windsor,office,3,4,,
pr,43,Economic,"Security Screening",Colombia,Winnipeg,office,7,31,,
pr,43,Economic,"Security Screening",Comoros,"CIO Sydney NS",office,,2,,
pr,43,Economic,"Security Screening",Comoros,"Whitehorse IRCC",office,,1,,
pr,43,Economic,"Security Screening","Congo, Democratic Republic of the","Case Processing Centre Edmonton",office,2,5,,
pr,43,Economic,"Security Screening","Congo, Democratic Republic of the","Case Processing Centre Ottawa",office,2,9,,
pr,43,Economic,"Security Screening","Congo, Democratic Republic of the","CIO Sydney NS",office,3,11,,
pr,43,Economic,"Security Screening","Congo, Democratic Republic of the",Dakar,office,,1,,
pr,43,Economic,"Security Screening","Congo, Democratic Republic of the",RROC,office,2,3,,
pr,43,Economic,"Security Screening","Congo, Democratic Republic of the","Vancouver Immigration",office,,4,,
pr,43,Economic,"Security Screening","Congo, Democratic Republic of the","Whitehorse IRCC",office,,4,,
pr,43,Economic,"Security Screening","Congo, Democratic Republic of the",Winnipeg,office,,2,,
pr,43,Economic,"Security Screening","Congo, Democratic Republic of the",Yellowknife,office,,1,,
pr,43,Economic,"Security Screening","Congo, People's Republic of the","Case Processing Centre Ottawa",office,,1,,
pr,43,Economic,"Security Screening","Congo, People's Republic of the","CIO Sydney NS",office,2,3,,
pr,43,Economic,"Security Screening","Congo, People's Republic of the",Dakar,office,,1,,
pr,43,Economic,"Security Screening","Congo, People's Republic of the",RROC,office,1,1,,
pr,43,Economic,"Security Screening","Congo, People's Republic of the","Vancouver Immigration",office,,1,,
pr,43,Economic,"Security Screening","Costa Rica","Case Processing Centre Ottawa",office,,1,,
pr,43,Economic,"Security Screening","Costa Rica","Edmonton IRCC",office,1,1,,
pr,43,Economic,"Security Screening","Costa Rica",Etobicoke,office,,1,,
pr,43,Economic,"Security Screening","Costa Rica","Whitehorse IRCC",office,,4,,
pr,43,Economic,"Security Screening",Croatia,"Calgary Citizenship and Immigration Canada",office,,2,,
pr,43,Economic,"Security Screening",Croatia,"Case Processing Centre Edmonton",office,,4,,
pr,43,Economic,"Security Screening",Croatia,"Case Processing Centre Ottawa",office,,2,,
pr,43,Economic,"Security Screening",Croatia,"CIO Sydney NS",office,,11,,
pr,43,Economic,"Security Screening",Croatia,Etobicoke,office,,1,,
pr,43,Economic,"Security Screening",Croatia,"Montreal Immigration",office,,3,,
pr,43,Economic,"Security Screening",Croatia,"Vancouver Immigration",office,,2,,
pr,43,Economic,"Security Screening",Croatia,"Whitehorse IRCC",office,,4,,
pr,43,Economic,"Security Screening",Croatia,Winnipeg,office,1,3,,
pr,44,Economic,"Security Screening",Cuba,"Case Processing Centre Edmonton",office,,2,,
pr,44,Economic,"Security Screening",Cuba,"Case Processing Centre Ottawa",office,,3,,
pr,44,Economic,"Security Screening",Cuba,"CIO Sydney NS",office,5,10,,
pr,44,Economic,"Security Screening",Cuba,"Edmonton IRCC",office,,2,,
pr,44,Economic,"Security Screening",Cuba,"Mexico City",office,,7,,
pr,44,Economic,"Security Screening",Cuba,"Montreal Immigration",office,1,1,,
pr,44,Economic,"Security Screening",Cuba,"Port of Spain",office,,1,,
pr,44,Economic,"Security Screening",Cuba,RROC,office,3,3,,
pr,44,Economic,"Security Screening",Cuba,"Whitehorse IRCC",office,,4,,
pr,44,Economic,"Security Screening",Cyprus,"Case Processing Centre Ottawa",office,,1,,
pr,44,Economic,"Security Screening","Czech Republic","Case Processing Centre Edmonton",office,,2,,
pr,44,Economic,"Security Screening","Czech Republic","Case Processing Centre Ottawa",office,1,1,,
pr,44,Economic,"Security Screening","Czech Republic","CIO Sydney NS",office,,1,,
pr,44,Economic,"Security Screening","Czech Republic",RROC,office,,1,,
pr,44,Economic,"Security Screening","Czech Republic","Vancouver Immigration",office,1,4,,
pr,44,Economic,"Security Screening","Czech Republic","Whitehorse IRCC",office,,2,,
pr,44,Economic,"Security Screening","Czech Republic",Winnipeg,office,,2,,
pr,44,Economic,"Security Screening","Democratic Republic of Sudan",Cairo,office,,3,,
pr,44,Economic,"Security Screening","Democratic Republic of Sudan","Case Processing Centre Edmonton",office,2,3,,
pr,44,Economic,"Security Screening","Democratic Republic of Sudan","Case Processing Centre Ottawa",office,2,19,,
pr,44,Economic,"Security Screening","Democratic Republic of Sudan","CIO Sydney NS",office,3,13,,
pr,44,Economic,"Security Screening","Democratic Republic of Sudan","Edmonton IRCC",office,,2,,
pr,44,Economic,"Security Screening","Democratic Republic of Sudan",Etobicoke,office,,2,,
pr,44,Economic,"Security Screening","Democratic Republic of Sudan","London England",office,,1,,
pr,44,Economic,"Security Screening","Democratic Republic of Sudan",Paris,office,,3,,
pr,44,Economic,"Security Screening","Democratic Republic of Sudan",Rome,office,,1,,
pr,44,Economic,"Security Screening","Democratic Republic of Sudan","Whitehorse IRCC",office,,3,,
pr,44,Economic,"Security Screening","Democratic Republic of Sudan",Winnipeg,office,1,2,,
pr,44,Economic,"Security Screening",Denmark,Etobicoke,office,,1,,
pr,44,Economic,"Security Screening",Denmark,"Montreal Immigration",office,,1,,
pr,44,Economic,"Security Screening",Dominica,"CIO Sydney NS",office,,1,,
pr,44,Economic,"Security Screening",Dominica,"Edmonton IRCC",office,,2,,
pr,44,Economic,"Security Screening",Dominica,"London England",office,,1,,
pr,44,Economic,"Security Screening",Dominica,"Vancouver Immigration",office,,1,,
pr,44,Economic,"Security Screening",Dominica,"Whitehorse IRCC",office,,3,,
pr,44,Economic,"Security Screening","Dominican Republic","Calgary Citizenship and Immigration Canada",office,,1,,
pr,44,Economic,"Security Screening","Dominican Republic","Case Processing Centre Ottawa",office,,1,,
pr,44,Economic,"Security Screening","Dominican Republic","CIO Sydney NS",office,6,9,,
pr,44,Economic,"Security Screening","Dominican Republic",Etobicoke,office,,4,,
pr,44,Economic,"Security Screening","Dominican Republic",Halifax,office,,5,,
pr,44,Economic,"Security Screening","Dominican Republic","Mexico City",office,,3,,
pr,44,Economic,"Security Screening","Dominican Republic","Vancouver Immigration",office,,1,,
pr,44,Economic,"Security Screening","Dominican Republic","Whitehorse IRCC",office,,3,,
pr,44,Economic,"Security Screening","Dominican Republic",Winnipeg,office,,1,,
pr,44,Economic,"Security Screening",Ecuador,"Case Processing Centre Ottawa",office,,1,,
pr,44,Economic,"Security Screening",Ecuador,"CIO Sydney NS",office,2,13,,
pr,44,Economic,"Security Screening",Ecuador,"Edmonton IRCC",office,,5,,
pr,44,Economic,"Security Screening",Ecuador,"HM Toronto",office,,2,,
pr,44,Economic,"Security Screening",Ecuador,"Montreal Immigration",office,1,3,,
pr,44,Economic,"Security Screening",Ecuador,"Whitehorse IRCC",office,,9,,
pr,44,Economic,"Security Screening",Ecuador,Winnipeg,office,2,3,,
pr,44,Economic,"Security Screening",Egypt,Ankara,office,,1,,
pr,44,Economic,"Security Screening",Egypt,Cairo,office,,6,,
pr,44,Economic,"Security Screening",Egypt,"Calgary Citizenship and Immigration Canada",office,,5,,
pr,44,Economic,"Security Screening",Egypt,"Case Processing Centre Edmonton",office,3,15,,
pr,44,Economic,"Security Screening",Egypt,"Case Processing Centre Ottawa",office,12,151,,
pr,44,Economic,"Security Screening",Egypt,"CIO Sydney NS",office,42,160,,
pr,44,Economic,"Security Screening",Egypt,"DN West Virtual Team 1",office,,2,,
pr,44,Economic,"Security Screening",Egypt,"Edmonton IRCC",office,4,34,,
pr,44,Economic,"Security Screening",Egypt,Etobicoke,office,,22,,
pr,44,Economic,"Security Screening",Egypt,Halifax,office,2,25,,
pr,44,Economic,"Security Screening",Egypt,Hamilton,office,,1,,
pr,44,Economic,"Security Screening",Egypt,Kitchener,office,,1,,
pr,44,Economic,"Security Screening",Egypt,London,office,,8,,
pr,44,Economic,"Security Screening",Egypt,"London England",office,,7,,
pr,44,Economic,"Security Screening",Egypt,"Montreal Immigration",office,6,34,,
pr,44,Economic,"Security Screening",Egypt,Ottawa,office,,5,,
pr,44,Economic,"Security Screening",Egypt,Paris,office,,7,,
pr,44,Economic,"Security Screening",Egypt,RROC,office,1,8,,
pr,44,Economic,"Security Screening",Egypt,"Sydney Australia",office,,1,,
pr,44,Economic,"Security Screening",Egypt,"Vancouver Immigration",office,5,24,,
pr,44,Economic,"Security Screening",Egypt,"Whitehorse IRCC",office,,42,,
pr,44,Economic,"Security Screening",Egypt,Windsor,office,5,9,,
pr,44,Economic,"Security Screening",Egypt,Winnipeg,office,3,15,,
pr,44,Economic,"Security Screening","El Salvador","Case Processing Centre Edmonton",office,3,4,,
pr,44,Economic,"Security Screening","El Salvador","Case Processing Centre Ottawa",office,,1,,
pr,44,Economic,"Security Screening","El Salvador","CIO Sydney NS",office,,1,,
pr,44,Economic,"Security Screening","El Salvador","Edmonton IRCC",office,1,2,,
pr,44,Economic,"Security Screening","El Salvador",Halifax,office,,2,,
pr,44,Economic,"Security Screening","El Salvador","Mexico City",office,,2,,
pr,44,Economic,"Security Screening","El Salvador","Montreal Immigration",office,,1,,
pr,44,Economic,"Security Screening","El Salvador","Vancouver Immigration",office,,1,,
pr,44,Economic,"Security Screening","El Salvador","Whitehorse IRCC",office,,1,,
pr,44,Economic,"Security Screening",Eritrea,"Case Processing Centre Edmonton",office,,1,,
pr,44,Economic,"Security Screening",Eritrea,Dar-Es-Salaam,office,,1,,
pr,44,Economic,"Security Screening",Ethiopia,"Case Processing Centre Ottawa",office,,3,,
pr,44,Economic,"Security Screening",Ethiopia,"CIO Sydney NS",office,1,2,,
pr,44,Economic,"Security Screening",Ethiopia,"Montreal Immigration",office,,1,,
pr,44,Economic,"Security Screening",Ethiopia,Nairobi,office,,2,,
pr,44,Economic,"Security Screening",Ethiopia,RROC,office,1,1,,
pr,44,Economic,"Security Screening",Ethiopia,"Vancouver Immigration",office,,1,,
pr,44,Economic,"Security Screening",Ethiopia,"Whitehorse IRCC",office,,1,,
pr,44,Economic,"Security Screening","Federal Republic of Cameroon","Calgary Citizenship and Immigration Canada",office,,1,,
pr,44,Economic,"Security Screening","Federal Republic of Cameroon","Case Processing Centre Edmonton",office,1,3,,
pr,44,Economic,"Security Screening","Federal Republic of Cameroon","Case Processing Centre Ottawa",office,30,50,,
pr,44,Economic,"Security Screening","Federal Republic of Cameroon","CIO Sydney NS",office,68,138,,
pr,44,Economic,"Security Screening","Federal Republic of Cameroon",Dakar,office,,7,,
pr,44,Economic,"Security Screening","Federal Republic of Cameroon","Edmonton IRCC",office,1,8,,
pr,44,Economic,"Security Screening","Federal Republic of Cameroon",Etobicoke,office,3,6,,
pr,44,Economic,"Security Screening","Federal Republic of Cameroon",Halifax,office,,4,,
pr,44,Economic,"Security Screening","Federal Republic of Cameroon","Hong Kong",office,,1,,
pr,44,Economic,"Security Screening","Federal Republic of Cameroon",London,office,,2,,
pr,44,Economic,"Security Screening","Federal Republic of Cameroon","Montreal Immigration",office,2,12,,
pr,44,Economic,"Security Screening","Federal Republic of Cameroon","Ottawa IR",office,,1,,
pr,44,Economic,"Security Screening","Federal Republic of Cameroon",Paris,office,,5,,
pr,44,Economic,"Security Screening","Federal Republic of Cameroon",Rabat,office,,1,,
pr,44,Economic,"Security Screening","Federal Republic of Cameroon",RROC,office,26,45,,
pr,44,Economic,"Security Screening","Federal Republic of Cameroon","Vancouver Immigration",office,3,12,,
pr,44,Economic,"Security Screening","Federal Republic of Cameroon","Whitehorse IRCC",office,,7,,
pr,44,Economic,"Security Screening","Federal Republic of Cameroon",Windsor,office,4,6,,
pr,44,Economic,"Security Screening","Federal Republic of Cameroon",Winnipeg,office,5,8,,
pr,44,Economic,"Security Screening","Federal Republic of Germany",Beijing,office,,1,,
pr,44,Economic,"Security Screening","Federal Republic of Germany","Case Processing Centre Edmonton",office,,6,,
pr,44,Economic,"Security Screening","Federal Republic of Germany","Case Processing Centre Ottawa",office,,7,,
pr,44,Economic,"Security Screening","Federal Republic of Germany","CIO Sydney NS",office,4,17,,
pr,44,Economic,"Security Screening","Federal Republic of Germany","Edmonton IRCC",office,1,5,,
pr,44,Economic,"Security Screening","Federal Republic of Germany",Etobicoke,office,1,7,,
pr,44,Economic,"Security Screening","Federal Republic of Germany",Halifax,office,,2,,
pr,44,Economic,"Security Screening","Federal Republic of Germany",London,office,,1,,
pr,44,Economic,"Security Screening","Federal Republic of Germany","London England",office,,1,,
pr,44,Economic,"Security Screening","Federal Republic of Germany","Montreal Immigration",office,,1,,
pr,44,Economic,"Security Screening","Federal Republic of Germany","Vancouver Immigration",office,,4,,
pr,44,Economic,"Security Screening","Federal Republic of Germany",Warsaw,office,,1,,
pr,44,Economic,"Security Screening","Federal Republic of Germany","Whitehorse IRCC",office,,2,,
pr,44,Economic,"Security Screening","Federal Republic of Germany",Windsor,office,1,1,,
pr,44,Economic,"Security Screening","Federal Republic of Germany",Winnipeg,office,1,3,,
pr,45,Economic,"Security Screening",Fiji,"Case Processing Centre Edmonton",office,,2,,
pr,45,Economic,"Security Screening",Finland,"Case Processing Centre Ottawa",office,,2,,
pr,45,Economic,"Security Screening",Finland,"CIO Sydney NS",office,,3,,
pr,45,Economic,"Security Screening",Finland,"Montreal Immigration",office,,2,,
pr,45,Economic,"Security Screening",Finland,"Vancouver Immigration",office,,1,,
pr,45,Economic,"Security Screening",France,"Case Processing Centre Edmonton",office,2,14,,
pr,45,Economic,"Security Screening",France,"Case Processing Centre Ottawa",office,12,36,,
pr,45,Economic,"Security Screening",France,"CIO Sydney NS",office,53,132,,
pr,45,Economic,"Security Screening",France,"Edmonton IRCC",office,,2,,
pr,45,Economic,"Security Screening",France,Etobicoke,office,2,4,,
pr,45,Economic,"Security Screening",France,Halifax,office,,4,,
pr,45,Economic,"Security Screening",France,"Montreal Immigration",office,,10,,
pr,45,Economic,"Security Screening",France,"New York",office,,1,,
pr,45,Economic,"Security Screening",France,Paris,office,1,12,,
pr,45,Economic,"Security Screening",France,RROC,office,,1,,
pr,45,Economic,"Security Screening",France,"Vancouver Immigration",office,,4,,
pr,45,Economic,"Security Screening",France,"Whitehorse IRCC",office,,3,,
pr,45,Economic,"Security Screening",France,Winnipeg,office,,1,,
pr,45,Economic,"Security Screening","Gabon Republic","CIO Sydney NS",office,,2,,
pr,45,Economic,"Security Screening",Gambia,"Case Processing Centre Edmonton",office,,1,,
pr,45,Economic,"Security Screening",Gambia,"Whitehorse IRCC",office,,1,,
pr,45,Economic,"Security Screening",Georgia,"Case Processing Centre Edmonton",office,,3,,
pr,45,Economic,"Security Screening",Georgia,"Case Processing Centre Ottawa",office,,4,,
pr,45,Economic,"Security Screening",Georgia,"CIO Sydney NS",office,1,3,,
pr,45,Economic,"Security Screening",Georgia,Etobicoke,office,,1,,
pr,45,Economic,"Security Screening",Georgia,"Vancouver Immigration",office,,1,,
pr,45,Economic,"Security Screening",Ghana,"Case Processing Centre Edmonton",office,2,6,,
pr,45,Economic,"Security Screening",Ghana,"Case Processing Centre Ottawa",office,3,9,,
pr,45,Economic,"Security Screening",Ghana,"CIO Sydney NS",office,12,18,,
pr,45,Economic,"Security Screening",Ghana,"Edmonton IRCC",office,,3,,
pr,45,Economic,"Security Screening",Ghana,Etobicoke,office,1,3,,
pr,45,Economic,"Security Screening",Ghana,"Montreal Immigration",office,,5,,
pr,45,Economic,"Security Screening",Ghana,"Vancouver Immigration",office,2,6,,
pr,45,Economic,"Security Screening",Ghana,"Whitehorse IRCC",office,,22,,
pr,45,Economic,"Security Screening",Ghana,Winnipeg,office,,2,,
pr,45,Economic,"Security Screening",Greece,"Case Processing Centre Ottawa",office,,1,,
pr,45,Economic,"Security Screening",Greece,"CIO Sydney NS",office,2,6,,
pr,45,Economic,"Security Screening",Greece,"Edmonton IRCC",office,,2,,
pr,45,Economic,"Security Screening",Greece,Hamilton,office,,1,,
pr,45,Economic,"Security Screening",Greece,Ottawa,office,,1,,
pr,45,Economic,"Security Screening",Greece,"Vancouver Immigration",office,1,2,,
pr,45,Economic,"Security Screening",Greece,"Whitehorse IRCC",office,,3,,
pr,45,Economic,"Security Screening",Grenada,"Case Processing Centre Edmonton",office,,2,,
pr,45,Economic,"Security Screening",Grenada,"CIO Sydney NS",office,1,1,,
pr,45,Economic,"Security Screening",Grenada,"Whitehorse IRCC",office,,1,,
pr,45,Economic,"Security Screening",Guatemala,"Case Processing Centre Ottawa",office,,1,,
pr,45,Economic,"Security Screening",Guatemala,"CIO Sydney NS",office,,2,,
pr,45,Economic,"Security Screening",Guatemala,Etobicoke,office,,1,,
pr,45,Economic,"Security Screening",Guatemala,"Vancouver Immigration",office,1,1,,
pr,45,Economic,"Security Screening",Guatemala,"Whitehorse IRCC",office,,2,,
pr,45,Economic,"Security Screening","Guinea, Republic of","Case Processing Centre Ottawa",office,,2,,
pr,45,Economic,"Security Screening","Guinea, Republic of","CIO Sydney NS",office,6,8,,
pr,45,Economic,"Security Screening","Guinea, Republic of",Dakar,office,,3,,
pr,45,Economic,"Security Screening","Guinea, Republic of","Edmonton IRCC",office,,1,,
pr,45,Economic,"Security Screening","Guinea, Republic of",Etobicoke,office,1,2,,
pr,45,Economic,"Security Screening","Guinea, Republic of",Paris,office,,1,,
pr,45,Economic,"Security Screening","Guinea, Republic of",RROC,office,1,1,,
pr,45,Economic,"Security Screening","Guinea, Republic of","Whitehorse IRCC",office,,2,,
pr,45,Economic,"Security Screening",Guyana,"Case Processing Centre Edmonton",office,,1,,
pr,45,Economic,"Security Screening",Guyana,"CIO Sydney NS",office,,2,,
pr,45,Economic,"Security Screening",Guyana,"Edmonton IRCC",office,,1,,
pr,45,Economic,"Security Screening",Guyana,"Whitehorse IRCC",office,,5,,
pr,45,Economic,"Security Screening",Haiti,"Case Processing Centre Ottawa",office,,7,,
pr,45,Economic,"Security Screening",Haiti,"CIO Sydney NS",office,36,49,,
pr,45,Economic,"Security Screening",Haiti,London,office,,1,,
pr,45,Economic,"Security Screening",Haiti,"Mexico City",office,,13,,
pr,45,Economic,"Security Screening",Haiti,RROC,office,2,4,,
pr,45,Economic,"Security Screening",Haiti,"Vancouver Immigration",office,,3,,
pr,45,Economic,"Security Screening",Haiti,Winnipeg,office,,2,,
pr,45,Economic,"Security Screening",Honduras,"Case Processing Centre Edmonton",office,,2,,
pr,45,Economic,"Security Screening",Honduras,"Case Processing Centre Ottawa",office,,3,,
pr,45,Economic,"Security Screening",Honduras,"CIO Sydney NS",office,,3,,
pr,45,Economic,"Security Screening",Honduras,"Mexico City",office,,1,,
pr,45,Economic,"Security Screening",Honduras,"Whitehorse IRCC",office,,1,,
pr,45,Economic,"Security Screening",Honduras,Windsor,office,,1,,
pr,45,Economic,"Security Screening",Honduras,Winnipeg,office,,2,,
pr,45,Economic,"Security Screening","Hong Kong SAR","Case Processing Centre Edmonton",office,2,6,,
pr,45,Economic,"Security Screening","Hong Kong SAR","Case Processing Centre Ottawa",office,,10,,
pr,45,Economic,"Security Screening","Hong Kong SAR","CIO Sydney NS",office,3,76,,
pr,45,Economic,"Security Screening","Hong Kong SAR","DN West Virtual Team 1",office,,2,,
pr,45,Economic,"Security Screening","Hong Kong SAR","Edmonton IRCC",office,,4,,
pr,45,Economic,"Security Screening","Hong Kong SAR",Etobicoke,office,,15,,
pr,45,Economic,"Security Screening","Hong Kong SAR",Halifax,office,,2,,
pr,45,Economic,"Security Screening","Hong Kong SAR","Hong Kong",office,,15,,
pr,45,Economic,"Security Screening","Hong Kong SAR",London,office,,3,,
pr,45,Economic,"Security Screening","Hong Kong SAR","Montreal Immigration",office,3,32,,
pr,45,Economic,"Security Screening","Hong Kong SAR",Ottawa,office,,2,,
pr,45,Economic,"Security Screening","Hong Kong SAR","Vancouver Immigration",office,,17,,
pr,45,Economic,"Security Screening","Hong Kong SAR","Whitehorse IRCC",office,,32,,
pr,45,Economic,"Security Screening","Hong Kong SAR",Windsor,office,,4,,
pr,45,Economic,"Security Screening","Hong Kong SAR",Winnipeg,office,,11,,
pr,45,Economic,"Security Screening",Hungary,"Case Processing Centre Ottawa",office,,1,,
pr,45,Economic,"Security Screening",Hungary,"CIO Sydney NS",office,1,4,,
pr,45,Economic,"Security Screening",Hungary,"Edmonton IRCC",office,,2,,
pr,45,Economic,"Security Screening",Hungary,Etobicoke,office,1,1,,
pr,45,Economic,"Security Screening",Hungary,"Montreal Immigration",office,1,1,,
pr,45,Economic,"Security Screening",Hungary,"Vancouver Immigration",office,,1,,
pr,45,Economic,"Security Screening",Hungary,"Whitehorse IRCC",office,,5,,
pr,45,Economic,"Security Screening",India,"Calgary Citizenship and Immigration Canada",office,,47,,
pr,45,Economic,"Security Screening",India,"Case Processing Centre Edmonton",office,48,307,,
pr,45,Economic,"Security Screening",India,"Case Processing Centre Ottawa",office,99,572,,
pr,45,Economic,"Security Screening",India,Chandigarh,office,,1,,
pr,45,Economic,"Security Screening",India,"Charlottetown IRCC",office,,1,,
pr,45,Economic,"Security Screening",India,"CIO Sydney NS",office,302,937,,
pr,45,Economic,"Security Screening",India,"DN West Virtual Team 1",office,1,29,,
pr,45,Economic,"Security Screening",India,"Edmonton IRCC",office,8,240,,
pr,45,Economic,"Security Screening",India,Etobicoke,office,47,460,,
pr,45,Economic,"Security Screening",India,"Fredericton IRCC",office,,1,,
pr,45,Economic,"Security Screening",India,Halifax,office,12,157,,
pr,45,Economic,"Security Screening",India,Hamilton,office,,3,,
pr,45,Economic,"Security Screening",India,"HM Montreal",office,,2,,
pr,45,Economic,"Security Screening",India,"HM Toronto",office,,2,,
pr,45,Economic,"Security Screening",India,"HM-New Ineligibility",office,,3,,
pr,45,Economic,"Security Screening",India,Kitchener,office,,6,,
pr,45,Economic,"Security Screening",India,London,office,3,73,,
pr,45,Economic,"Security Screening",India,"London England",office,,10,,
pr,45,Economic,"Security Screening",India,"Montreal Immigration",office,15,301,,
pr,45,Economic,"Security Screening",India,"New Delhi",office,1,53,,
pr,45,Economic,"Security Screening",India,"Niagara Falls IRCC",office,,5,,
pr,45,Economic,"Security Screening",India,Ottawa,office,,44,,
pr,45,Economic,"Security Screening",India,Paris,office,,1,,
pr,45,Economic,"Security Screening",India,RROC,office,11,38,,
pr,45,Economic,"Security Screening",India,Singapore,office,,1,,
pr,45,Economic,"Security Screening",India,"St John's IRCC",office,,1,,
pr,45,Economic,"Security Screening",India,"Vancouver Immigration",office,46,331,,
pr,45,Economic,"Security Screening",India,Warsaw,office,,1,,
pr,45,Economic,"Security Screening",India,"Whitehorse IRCC",office,,840,,
pr,45,Economic,"Security Screening",India,Windsor,office,35,91,,
pr,46,Economic,"Security Screening",India,Winnipeg,office,39,204,,
pr,46,Economic,"Security Screening",India,Yellowknife,office,,2,,
pr,46,Economic,"Security Screening",Iran,"Abu Dhabi",office,,1,,
pr,46,Economic,"Security Screening",Iran,Ankara,office,1,12,,
pr,46,Economic,"Security Screening",Iran,"Calgary Citizenship and Immigration Canada",office,,56,,
pr,46,Economic,"Security Screening",Iran,"Case Processing Centre Edmonton",office,67,509,,
pr,46,Economic,"Security Screening",Iran,"Case Processing Centre Ottawa",office,193,1535,,
pr,46,Economic,"Security Screening",Iran,"Charlottetown IRCC",office,,7,,
pr,46,Economic,"Security Screening",Iran,"CIO Sydney NS",office,1153,5569,,
pr,46,Economic,"Security Screening",Iran,"DN West Virtual Team 1",office,5,25,,
pr,46,Economic,"Security Screening",Iran,"Edmonton IRCC",office,43,356,,
pr,46,Economic,"Security Screening",Iran,Etobicoke,office,37,293,,
pr,46,Economic,"Security Screening",Iran,"Fredericton IRCC",office,,5,,
pr,46,Economic,"Security Screening",Iran,Halifax,office,30,231,,
pr,46,Economic,"Security Screening",Iran,Hamilton,office,,7,,
pr,46,Economic,"Security Screening",Iran,"HM Niagara Falls",office,,2,,
pr,46,Economic,"Security Screening",Iran,"HM Toronto",office,2,16,,
pr,46,Economic,"Security Screening",Iran,"Irregular Migration Montreal",office,,1,,
pr,46,Economic,"Security Screening",Iran,Kitchener,office,1,23,,
pr,46,Economic,"Security Screening",Iran,London,office,3,41,,
pr,46,Economic,"Security Screening",Iran,"London England",office,,41,,
pr,46,Economic,"Security Screening",Iran,"Mexico City",office,,1,,
pr,46,Economic,"Security Screening",Iran,"Montreal Immigration",office,74,611,,
pr,46,Economic,"Security Screening",Iran,"Niagara Falls IRCC",office,,7,,
pr,46,Economic,"Security Screening",Iran,Ottawa,office,,22,,
pr,46,Economic,"Security Screening",Iran,Paris,office,11,817,,
pr,46,Economic,"Security Screening",Iran,Pretoria,office,,2,,
pr,46,Economic,"Security Screening",Iran,Rome,office,,1,,
pr,46,Economic,"Security Screening",Iran,RROC,office,96,387,,
pr,46,Economic,"Security Screening",Iran,"Sao Paulo",office,,1,,
pr,46,Economic,"Security Screening",Iran,Shanghai,office,2,2,,
pr,46,Economic,"Security Screening",Iran,Singapore,office,,2,,
pr,46,Economic,"Security Screening",Iran,"Sydney Australia",office,,1,,
pr,46,Economic,"Security Screening",Iran,"Vancouver Immigration",office,96,335,,
pr,46,Economic,"Security Screening",Iran,Vienna,office,,8,,
pr,46,Economic,"Security Screening",Iran,Warsaw,office,1,38,,
pr,46,Economic,"Security Screening",Iran,"Whitehorse IRCC",office,,1638,,
pr,46,Economic,"Security Screening",Iran,Windsor,office,30,106,,
pr,46,Economic,"Security Screening",Iran,Winnipeg,office,75,241,,
pr,46,Economic,"Security Screening",Iran,Yellowknife,office,,6,,
pr,46,Economic,"Security Screening",Iraq,"Abu Dhabi",office,,2,,
pr,46,Economic,"Security Screening",Iraq,Beirut,office,,1,,
pr,46,Economic,"Security Screening",Iraq,"Case Processing Centre Edmonton",office,,5,,
pr,46,Economic,"Security Screening",Iraq,"Case Processing Centre Ottawa",office,4,31,,
pr,46,Economic,"Security Screening",Iraq,"CIO Sydney NS",office,1,22,,
pr,46,Economic,"Security Screening",Iraq,"Edmonton IRCC",office,2,6,,
pr,46,Economic,"Security Screening",Iraq,Etobicoke,office,,9,,
pr,46,Economic,"Security Screening",Iraq,Halifax,office,,2,,
pr,46,Economic,"Security Screening",Iraq,"HM-New Ineligibility",office,,1,,
pr,46,Economic,"Security Screening",Iraq,"London England",office,,14,,
pr,46,Economic,"Security Screening",Iraq,"Montreal Immigration",office,,4,,
pr,46,Economic,"Security Screening",Iraq,Ottawa,office,,5,,
pr,46,Economic,"Security Screening",Iraq,Paris,office,,18,,
pr,46,Economic,"Security Screening",Iraq,RROC,office,7,11,,
pr,46,Economic,"Security Screening",Iraq,"Vancouver Immigration",office,4,5,,
pr,46,Economic,"Security Screening",Iraq,"Whitehorse IRCC",office,,19,,
pr,46,Economic,"Security Screening",Iraq,Windsor,office,,4,,
pr,46,Economic,"Security Screening",Iraq,Winnipeg,office,6,12,,
pr,46,Economic,"Security Screening",Israel,"Calgary Citizenship and Immigration Canada",office,,8,,
pr,46,Economic,"Security Screening",Israel,"Case Processing Centre Edmonton",office,3,23,,
pr,46,Economic,"Security Screening",Israel,"Case Processing Centre Ottawa",office,7,54,,
pr,46,Economic,"Security Screening",Israel,"CIO Sydney NS",office,98,253,,
pr,46,Economic,"Security Screening",Israel,"Edmonton IRCC",office,4,24,,
pr,46,Economic,"Security Screening",Israel,Etobicoke,office,3,14,,
pr,46,Economic,"Security Screening",Israel,"Fredericton IRCC",office,,4,,
pr,46,Economic,"Security Screening",Israel,Halifax,office,1,19,,
pr,46,Economic,"Security Screening",Israel,"HM Montreal",office,,1,,
pr,46,Economic,"Security Screening",Israel,Kitchener,office,,2,,
pr,46,Economic,"Security Screening",Israel,London,office,,1,,
pr,46,Economic,"Security Screening",Israel,"Montreal Immigration",office,2,12,,
pr,46,Economic,"Security Screening",Israel,Ottawa,office,,1,,
pr,46,Economic,"Security Screening",Israel,Paris,office,,4,,
pr,46,Economic,"Security Screening",Israel,Rome,office,,7,,
pr,46,Economic,"Security Screening",Israel,"Tel Aviv",office,,1,,
pr,46,Economic,"Security Screening",Israel,"Vancouver Immigration",office,9,34,,
pr,46,Economic,"Security Screening",Israel,Warsaw,office,,1,,
pr,46,Economic,"Security Screening",Israel,"Whitehorse IRCC",office,,24,,
pr,46,Economic,"Security Screening",Israel,Windsor,office,,4,,
pr,46,Economic,"Security Screening",Israel,Winnipeg,office,2,10,,
pr,46,Economic,"Security Screening",Israel,Yellowknife,office,,2,,
pr,46,Economic,"Security Screening",Italy,"Calgary Citizenship and Immigration Canada",office,,1,,
pr,46,Economic,"Security Screening",Italy,"Case Processing Centre Edmonton",office,,5,,
pr,46,Economic,"Security Screening",Italy,"Case Processing Centre Ottawa",office,,7,,
pr,46,Economic,"Security Screening",Italy,"CIO Sydney NS",office,3,20,,
pr,46,Economic,"Security Screening",Italy,"DN West Virtual Team 1",office,,1,,
pr,46,Economic,"Security Screening",Italy,"Edmonton IRCC",office,,1,,
pr,46,Economic,"Security Screening",Italy,Etobicoke,office,,9,,
pr,46,Economic,"Security Screening",Italy,"HM Toronto",office,,1,,
pr,46,Economic,"Security Screening",Italy,London,office,,3,,
pr,46,Economic,"Security Screening",Italy,"Mexico City",office,,1,,
pr,46,Economic,"Security Screening",Italy,"Operational Support Performance Management And",office,,1,,
pr,46,Economic,"Security Screening",Italy,Ottawa,office,,1,,
pr,46,Economic,"Security Screening",Italy,Paris,office,,1,,
pr,46,Economic,"Security Screening",Italy,Rome,office,,1,,
pr,46,Economic,"Security Screening",Italy,RROC,office,,1,,
pr,46,Economic,"Security Screening",Italy,"Vancouver Immigration",office,1,4,,
pr,46,Economic,"Security Screening",Italy,"Whitehorse IRCC",office,,10,,
pr,46,Economic,"Security Screening",Italy,Winnipeg,office,1,2,,
pr,46,Economic,"Security Screening",Jamaica,"Calgary Citizenship and Immigration Canada",office,,1,,
pr,46,Economic,"Security Screening",Jamaica,"Case Processing Centre Edmonton",office,2,16,,
pr,46,Economic,"Security Screening",Jamaica,"Case Processing Centre Ottawa",office,1,18,,
pr,46,Economic,"Security Screening",Jamaica,"CIO Sydney NS",office,14,48,,
pr,46,Economic,"Security Screening",Jamaica,"DN West Virtual Team 1",office,,3,,
pr,46,Economic,"Security Screening",Jamaica,"Edmonton IRCC",office,,7,,
pr,46,Economic,"Security Screening",Jamaica,Etobicoke,office,,7,,
pr,46,Economic,"Security Screening",Jamaica,Halifax,office,1,4,,
pr,46,Economic,"Security Screening",Jamaica,"Mexico City",office,,2,,
pr,46,Economic,"Security Screening",Jamaica,"Montreal Immigration",office,2,7,,
pr,46,Economic,"Security Screening",Jamaica,"Vancouver Immigration",office,,14,,
pr,46,Economic,"Security Screening",Jamaica,"Whitehorse IRCC",office,,69,,
pr,46,Economic,"Security Screening",Jamaica,Windsor,office,,1,,
pr,46,Economic,"Security Screening",Jamaica,Winnipeg,office,2,13,,
pr,46,Economic,"Security Screening",Japan,"Case Processing Centre Edmonton",office,,11,,
pr,46,Economic,"Security Screening",Japan,"Case Processing Centre Ottawa",office,,4,,
pr,46,Economic,"Security Screening",Japan,"CIO Sydney NS",office,1,6,,
pr,46,Economic,"Security Screening",Japan,Etobicoke,office,,1,,
pr,46,Economic,"Security Screening",Japan,Halifax,office,,3,,
pr,46,Economic,"Security Screening",Japan,"Hong Kong",office,,1,,
pr,46,Economic,"Security Screening",Japan,"Montreal Immigration",office,,1,,
pr,46,Economic,"Security Screening",Japan,"Vancouver Immigration",office,1,1,,
pr,46,Economic,"Security Screening",Japan,"Whitehorse IRCC",office,,1,,
pr,46,Economic,"Security Screening",Jordan,"Calgary Citizenship and Immigration Canada",office,,1,,
pr,46,Economic,"Security Screening",Jordan,"Case Processing Centre Edmonton",office,,1,,
pr,46,Economic,"Security Screening",Jordan,"Case Processing Centre Ottawa",office,,65,,
pr,46,Economic,"Security Screening",Jordan,"CIO Sydney NS",office,5,49,,
pr,46,Economic,"Security Screening",Jordan,"Edmonton IRCC",office,,2,,
pr,46,Economic,"Security Screening",Jordan,Etobicoke,office,1,10,,
pr,46,Economic,"Security Screening",Jordan,Halifax,office,,3,,
pr,46,Economic,"Security Screening",Jordan,"HM Toronto",office,1,1,,
pr,46,Economic,"Security Screening",Jordan,"London England",office,,5,,
pr,46,Economic,"Security Screening",Jordan,"Montreal Immigration",office,2,10,,
pr,46,Economic,"Security Screening",Jordan,Paris,office,,4,,
pr,46,Economic,"Security Screening",Jordan,RROC,office,,2,,
pr,46,Economic,"Security Screening",Jordan,"Vancouver Immigration",office,4,9,,
pr,46,Economic,"Security Screening",Jordan,Warsaw,office,,1,,
pr,46,Economic,"Security Screening",Jordan,"Whitehorse IRCC",office,,41,,
pr,46,Economic,"Security Screening",Jordan,Windsor,office,2,3,,
pr,46,Economic,"Security Screening",Jordan,Winnipeg,office,,6,,
pr,47,Economic,"Security Screening",Kazakhstan,"Case Processing Centre Edmonton",office,3,8,,
pr,47,Economic,"Security Screening",Kazakhstan,"Case Processing Centre Ottawa",office,,24,,
pr,47,Economic,"Security Screening",Kazakhstan,"CIO Sydney NS",office,15,54,,
pr,47,Economic,"Security Screening",Kazakhstan,"Edmonton IRCC",office,,5,,
pr,47,Economic,"Security Screening",Kazakhstan,Etobicoke,office,1,3,,
pr,47,Economic,"Security Screening",Kazakhstan,"Montreal Immigration",office,3,12,,
pr,47,Economic,"Security Screening",Kazakhstan,Ottawa,office,,1,,
pr,47,Economic,"Security Screening",Kazakhstan,"Vancouver Immigration",office,1,4,,
pr,47,Economic,"Security Screening",Kazakhstan,Warsaw,office,,1,,
pr,47,Economic,"Security Screening",Kazakhstan,"Whitehorse IRCC",office,,7,,
pr,47,Economic,"Security Screening",Kazakhstan,Winnipeg,office,1,8,,
pr,47,Economic,"Security Screening",Kenya,"Case Processing Centre Edmonton",office,6,9,,
pr,47,Economic,"Security Screening",Kenya,"Case Processing Centre Ottawa",office,,6,,
pr,47,Economic,"Security Screening",Kenya,"CIO Sydney NS",office,,11,,
pr,47,Economic,"Security Screening",Kenya,"Edmonton IRCC",office,,2,,
pr,47,Economic,"Security Screening",Kenya,Etobicoke,office,,3,,
pr,47,Economic,"Security Screening",Kenya,Halifax,office,3,4,,
pr,47,Economic,"Security Screening",Kenya,London,office,,2,,
pr,47,Economic,"Security Screening",Kenya,RROC,office,2,2,,
pr,47,Economic,"Security Screening",Kenya,"Vancouver Immigration",office,1,8,,
pr,47,Economic,"Security Screening",Kenya,"Whitehorse IRCC",office,,11,,
pr,47,Economic,"Security Screening",Kenya,Windsor,office,,1,,
pr,47,Economic,"Security Screening","Korea, Republic of","Calgary Citizenship and Immigration Canada",office,,5,,
pr,47,Economic,"Security Screening","Korea, Republic of","Case Processing Centre Edmonton",office,4,18,,
pr,47,Economic,"Security Screening","Korea, Republic of","Case Processing Centre Ottawa",office,1,48,,
pr,47,Economic,"Security Screening","Korea, Republic of","CIO Sydney NS",office,32,83,,
pr,47,Economic,"Security Screening","Korea, Republic of","Dedicated Service Channel (DSC)",office,,1,,
pr,47,Economic,"Security Screening","Korea, Republic of","DN West Virtual Team 1",office,1,6,,
pr,47,Economic,"Security Screening","Korea, Republic of","Edmonton IRCC",office,,17,,
pr,47,Economic,"Security Screening","Korea, Republic of",Etobicoke,office,3,62,,
pr,47,Economic,"Security Screening","Korea, Republic of",Halifax,office,2,59,,
pr,47,Economic,"Security Screening","Korea, Republic of",Hamilton,office,,2,,
pr,47,Economic,"Security Screening","Korea, Republic of",London,office,,6,,
pr,47,Economic,"Security Screening","Korea, Republic of",Manila,office,,2,,
pr,47,Economic,"Security Screening","Korea, Republic of","Montreal Immigration",office,2,21,,
pr,47,Economic,"Security Screening","Korea, Republic of",Ottawa,office,,14,,
pr,47,Economic,"Security Screening","Korea, Republic of",RROC,office,1,2,,
pr,47,Economic,"Security Screening","Korea, Republic of","Vancouver Immigration",office,10,45,,
pr,47,Economic,"Security Screening","Korea, Republic of","Whitehorse IRCC",office,,113,,
pr,47,Economic,"Security Screening","Korea, Republic of",Windsor,office,5,12,,
pr,47,Economic,"Security Screening","Korea, Republic of",Winnipeg,office,7,22,,
pr,47,Economic,"Security Screening","Kosovo, Republic of","Calgary Citizenship and Immigration Canada",office,,1,,
pr,47,Economic,"Security Screening","Kosovo, Republic of","Case Processing Centre Ottawa",office,,5,,
pr,47,Economic,"Security Screening","Kosovo, Republic of","CIO Sydney NS",office,,1,,
pr,47,Economic,"Security Screening","Kosovo, Republic of",Ottawa,office,,4,,
pr,47,Economic,"Security Screening","Kosovo, Republic of",Vienna,office,,1,,
pr,47,Economic,"Security Screening","Kosovo, Republic of","Whitehorse IRCC",office,,1,,
pr,47,Economic,"Security Screening",Kuwait,"Case Processing Centre Ottawa",office,,1,,
pr,47,Economic,"Security Screening",Kuwait,"CIO Sydney NS",office,,3,,
pr,47,Economic,"Security Screening",Kuwait,Paris,office,,1,,
pr,47,Economic,"Security Screening",Kyrgyzstan,"Case Processing Centre Edmonton",office,,1,,
pr,47,Economic,"Security Screening",Kyrgyzstan,"Case Processing Centre Ottawa",office,,4,,
pr,47,Economic,"Security Screening",Kyrgyzstan,"CIO Sydney NS",office,3,25,,
pr,47,Economic,"Security Screening",Kyrgyzstan,Etobicoke,office,,3,,
pr,47,Economic,"Security Screening",Kyrgyzstan,"Montreal Immigration",office,,1,,
pr,47,Economic,"Security Screening",Kyrgyzstan,Winnipeg,office,,3,,
pr,47,Economic,"Security Screening",Latvia,"Case Processing Centre Edmonton",office,,1,,
pr,47,Economic,"Security Screening",Latvia,Etobicoke,office,,2,,
pr,47,Economic,"Security Screening",Latvia,"Whitehorse IRCC",office,,2,,
pr,47,Economic,"Security Screening",Lebanon,Accra,office,,2,,
pr,47,Economic,"Security Screening",Lebanon,Beirut,office,,4,,
pr,47,Economic,"Security Screening",Lebanon,Bucharest,office,,2,,
pr,47,Economic,"Security Screening",Lebanon,Cairo,office,,1,,
pr,47,Economic,"Security Screening",Lebanon,"Calgary Citizenship and Immigration Canada",office,,3,,
pr,47,Economic,"Security Screening",Lebanon,"Case Processing Centre Edmonton",office,5,11,,
pr,47,Economic,"Security Screening",Lebanon,"Case Processing Centre Ottawa",office,24,278,,
pr,47,Economic,"Security Screening",Lebanon,"CIO Sydney NS",office,95,447,,
pr,47,Economic,"Security Screening",Lebanon,Dakar,office,,6,,
pr,47,Economic,"Security Screening",Lebanon,"DN West Virtual Team 1",office,,2,,
pr,47,Economic,"Security Screening",Lebanon,"Edmonton IRCC",office,2,36,,
pr,47,Economic,"Security Screening",Lebanon,Etobicoke,office,4,41,,
pr,47,Economic,"Security Screening",Lebanon,Halifax,office,,9,,
pr,47,Economic,"Security Screening",Lebanon,Hamilton,office,,1,,
pr,47,Economic,"Security Screening",Lebanon,Lima,office,,1,,
pr,47,Economic,"Security Screening",Lebanon,London,office,,2,,
pr,47,Economic,"Security Screening",Lebanon,"London England",office,2,27,,
pr,47,Economic,"Security Screening",Lebanon,"Montreal Immigration",office,,34,,
pr,47,Economic,"Security Screening",Lebanon,Ottawa,office,,4,,
pr,47,Economic,"Security Screening",Lebanon,Paris,office,,100,,
pr,47,Economic,"Security Screening",Lebanon,Pretoria,office,,3,,
pr,47,Economic,"Security Screening",Lebanon,RROC,office,9,48,,
pr,47,Economic,"Security Screening",Lebanon,"Vancouver Immigration",office,5,32,,
pr,47,Economic,"Security Screening",Lebanon,Vienna,office,,1,,
pr,47,Economic,"Security Screening",Lebanon,Warsaw,office,,1,,
pr,47,Economic,"Security Screening",Lebanon,"Whitehorse IRCC",office,,22,,
pr,47,Economic,"Security Screening",Lebanon,Windsor,office,2,3,,
pr,47,Economic,"Security Screening",Lebanon,Winnipeg,office,,13,,
pr,47,Economic,"Security Screening",Libya,Bucharest,office,,1,,
pr,47,Economic,"Security Screening",Libya,"Calgary Citizenship and Immigration Canada",office,,3,,
pr,47,Economic,"Security Screening",Libya,"Case Processing Centre Edmonton",office,,7,,
pr,47,Economic,"Security Screening",Libya,"Case Processing Centre Ottawa",office,,27,,
pr,47,Economic,"Security Screening",Libya,"Charlottetown IRCC",office,,2,,
pr,47,Economic,"Security Screening",Libya,"CIO Sydney NS",office,9,140,,
pr,47,Economic,"Security Screening",Libya,"Edmonton IRCC",office,,4,,
pr,47,Economic,"Security Screening",Libya,Etobicoke,office,,10,,
pr,47,Economic,"Security Screening",Libya,Halifax,office,,12,,
pr,47,Economic,"Security Screening",Libya,"Montreal Immigration",office,,5,,
pr,47,Economic,"Security Screening",Libya,"Niagara Falls IRCC",office,,1,,
pr,47,Economic,"Security Screening",Libya,Ottawa,office,,1,,
pr,47,Economic,"Security Screening",Libya,Paris,office,,6,,
pr,47,Economic,"Security Screening",Libya,RROC,office,1,1,,
pr,47,Economic,"Security Screening",Libya,"Vancouver Immigration",office,,7,,
pr,47,Economic,"Security Screening",Libya,"Whitehorse IRCC",office,,4,,
pr,47,Economic,"Security Screening",Libya,Windsor,office,3,4,,
pr,47,Economic,"Security Screening",Libya,Winnipeg,office,,3,,
pr,47,Economic,"Security Screening",Lithuania,"Case Processing Centre Ottawa",office,,1,,
pr,47,Economic,"Security Screening",Lithuania,"CIO Sydney NS",office,,1,,
pr,47,Economic,"Security Screening",Lithuania,"Fredericton IRCC",office,,2,,
pr,47,Economic,"Security Screening","Macao SAR","Case Processing Centre Ottawa",office,,1,,
pr,47,Economic,"Security Screening","Macao SAR","CIO Sydney NS",office,,2,,
pr,47,Economic,"Security Screening","Macao SAR","Edmonton IRCC",office,,1,,
pr,47,Economic,"Security Screening","Macao SAR",Winnipeg,office,,2,,
pr,47,Economic,"Security Screening",Macedonia,"Calgary Citizenship and Immigration Canada",office,,1,,
pr,47,Economic,"Security Screening",Macedonia,"Case Processing Centre Edmonton",office,,1,,
pr,47,Economic,"Security Screening",Macedonia,"Case Processing Centre Ottawa",office,,1,,
pr,47,Economic,"Security Screening",Macedonia,Vienna,office,,1,,
pr,47,Economic,"Security Screening",Macedonia,"Whitehorse IRCC",office,,2,,
pr,47,Economic,"Security Screening",Macedonia,Winnipeg,office,1,3,,
pr,47,Economic,"Security Screening",Madagascar,"Case Processing Centre Ottawa",office,,2,,
pr,47,Economic,"Security Screening",Madagascar,"CIO Sydney NS",office,4,10,,
pr,47,Economic,"Security Screening",Madagascar,Etobicoke,office,,2,,
pr,47,Economic,"Security Screening",Madagascar,Pretoria,office,,3,,
pr,47,Economic,"Security Screening",Madagascar,RROC,office,1,3,,
pr,47,Economic,"Security Screening",Madagascar,"Vancouver Immigration",office,,1,,
pr,47,Economic,"Security Screening",Malaysia,"Calgary Citizenship and Immigration Canada",office,,1,,
pr,47,Economic,"Security Screening",Malaysia,"Case Processing Centre Ottawa",office,,2,,
pr,47,Economic,"Security Screening",Malaysia,"CIO Sydney NS",office,3,8,,
pr,47,Economic,"Security Screening",Malaysia,"Montreal Immigration",office,,1,,
pr,47,Economic,"Security Screening",Malaysia,RROC,office,,1,,
pr,47,Economic,"Security Screening",Malaysia,"Vancouver Immigration",office,,1,,
pr,47,Economic,"Security Screening",Malaysia,"Whitehorse IRCC",office,,2,,
pr,47,Economic,"Security Screening",Malaysia,Winnipeg,office,,1,,
pr,47,Economic,"Security Screening","Mali, Republic of","Case Processing Centre Ottawa",office,,1,,
pr,48,Economic,"Security Screening","Mali, Republic of","CIO Sydney NS",office,,6,,
pr,48,Economic,"Security Screening","Mali, Republic of",Dakar,office,,6,,
pr,48,Economic,"Security Screening","Mali, Republic of","Edmonton IRCC",office,,1,,
pr,48,Economic,"Security Screening","Mali, Republic of","Montreal Immigration",office,1,1,,
pr,48,Economic,"Security Screening","Mali, Republic of",Paris,office,,2,,
pr,48,Economic,"Security Screening","Mali, Republic of",RROC,office,,1,,
pr,48,Economic,"Security Screening","Mali, Republic of","Vancouver Immigration",office,,4,,
pr,48,Economic,"Security Screening","Mali, Republic of","Whitehorse IRCC",office,,1,,
pr,48,Economic,"Security Screening","Mali, Republic of",Windsor,office,1,1,,
pr,48,Economic,"Security Screening",Malta,Rome,office,,1,,
pr,48,Economic,"Security Screening",Malta,"Whitehorse IRCC",office,,1,,
pr,48,Economic,"Security Screening",Mauritania,"Case Processing Centre Ottawa",office,3,5,,
pr,48,Economic,"Security Screening",Mauritania,Etobicoke,office,,2,,
pr,48,Economic,"Security Screening",Mauritania,"Montreal Immigration",office,,1,,
pr,48,Economic,"Security Screening",Mauritius,"Case Processing Centre Edmonton",office,3,4,,
pr,48,Economic,"Security Screening",Mauritius,"Case Processing Centre Ottawa",office,5,14,,
pr,48,Economic,"Security Screening",Mauritius,"CIO Sydney NS",office,7,24,,
pr,48,Economic,"Security Screening",Mauritius,"Edmonton IRCC",office,,2,,
pr,48,Economic,"Security Screening",Mauritius,Etobicoke,office,,2,,
pr,48,Economic,"Security Screening",Mauritius,Halifax,office,,1,,
pr,48,Economic,"Security Screening",Mauritius,Pretoria,office,,8,,
pr,48,Economic,"Security Screening",Mauritius,RROC,office,1,4,,
pr,48,Economic,"Security Screening",Mauritius,"Vancouver Immigration",office,,4,,
pr,48,Economic,"Security Screening",Mauritius,"Whitehorse IRCC",office,,1,,
pr,48,Economic,"Security Screening",Mauritius,Winnipeg,office,2,4,,
pr,48,Economic,"Security Screening",Mauritius,Yellowknife,office,,2,,
pr,48,Economic,"Security Screening",Mexico,"Calgary Citizenship and Immigration Canada",office,,12,,
pr,48,Economic,"Security Screening",Mexico,"Case Processing Centre Edmonton",office,10,29,,
pr,48,Economic,"Security Screening",Mexico,"Case Processing Centre Ottawa",office,11,36,,
pr,48,Economic,"Security Screening",Mexico,"CIO Sydney NS",office,67,141,,
pr,48,Economic,"Security Screening",Mexico,"DN West Virtual Team 1",office,,3,,
pr,48,Economic,"Security Screening",Mexico,"Edmonton IRCC",office,5,13,,
pr,48,Economic,"Security Screening",Mexico,Etobicoke,office,1,19,,
pr,48,Economic,"Security Screening",Mexico,Halifax,office,,6,,
pr,48,Economic,"Security Screening",Mexico,"HM Toronto",office,,3,,
pr,48,Economic,"Security Screening",Mexico,Kitchener,office,,2,,
pr,48,Economic,"Security Screening",Mexico,London,office,,3,,
pr,48,Economic,"Security Screening",Mexico,"Mexico City",office,,3,,
pr,48,Economic,"Security Screening",Mexico,"Montreal Immigration",office,4,15,,
pr,48,Economic,"Security Screening",Mexico,Ottawa,office,,3,,
pr,48,Economic,"Security Screening",Mexico,RROC,office,1,2,,
pr,48,Economic,"Security Screening",Mexico,"Vancouver Immigration",office,4,29,,
pr,48,Economic,"Security Screening",Mexico,"Whitehorse IRCC",office,,106,,
pr,48,Economic,"Security Screening",Mexico,Windsor,office,4,4,,
pr,48,Economic,"Security Screening",Mexico,Winnipeg,office,7,12,,
pr,48,Economic,"Security Screening",Mexico,Yellowknife,office,,1,,
pr,48,Economic,"Security Screening",Moldova,"Case Processing Centre Ottawa",office,,4,,
pr,48,Economic,"Security Screening",Moldova,"CIO Sydney NS",office,,8,,
pr,48,Economic,"Security Screening",Moldova,"Edmonton IRCC",office,1,1,,
pr,48,Economic,"Security Screening",Moldova,Etobicoke,office,,1,,
pr,48,Economic,"Security Screening",Moldova,Halifax,office,,3,,
pr,48,Economic,"Security Screening",Moldova,London,office,,1,,
pr,48,Economic,"Security Screening",Moldova,"Montreal Immigration",office,,2,,
pr,48,Economic,"Security Screening",Moldova,Paris,office,,8,,
pr,48,Economic,"Security Screening",Moldova,RROC,office,,2,,
pr,48,Economic,"Security Screening",Moldova,"Vancouver Immigration",office,1,1,,
pr,48,Economic,"Security Screening","Mongolia, People's Republic of","Case Processing Centre Edmonton",office,,1,,
pr,48,Economic,"Security Screening","Mongolia, People's Republic of","Case Processing Centre Ottawa",office,1,1,,
pr,48,Economic,"Security Screening","Mongolia, People's Republic of","CIO Sydney NS",office,,1,,
pr,48,Economic,"Security Screening","Mongolia, People's Republic of","Hong Kong",office,,1,,
pr,48,Economic,"Security Screening","Mongolia, People's Republic of",Ottawa,office,,1,,
pr,48,Economic,"Security Screening","Mongolia, People's Republic of","Vancouver Immigration",office,,1,,
pr,48,Economic,"Security Screening","Montenegro, Republic of","Whitehorse IRCC",office,,1,,
pr,48,Economic,"Security Screening",Morocco,"Calgary Citizenship and Immigration Canada",office,,5,,
pr,48,Economic,"Security Screening",Morocco,"Case Processing Centre Edmonton",office,1,4,,
pr,48,Economic,"Security Screening",Morocco,"Case Processing Centre Ottawa",office,23,98,,
pr,48,Economic,"Security Screening",Morocco,"CIO Sydney NS",office,70,199,,
pr,48,Economic,"Security Screening",Morocco,"Edmonton IRCC",office,,7,,
pr,48,Economic,"Security Screening",Morocco,Etobicoke,office,2,8,,
pr,48,Economic,"Security Screening",Morocco,"Fredericton IRCC",office,,1,,
pr,48,Economic,"Security Screening",Morocco,Halifax,office,,7,,
pr,48,Economic,"Security Screening",Morocco,Hamilton,office,,2,,
pr,48,Economic,"Security Screening",Morocco,London,office,,1,,
pr,48,Economic,"Security Screening",Morocco,"London England",office,,2,,
pr,48,Economic,"Security Screening",Morocco,"Montreal Immigration",office,5,11,,
pr,48,Economic,"Security Screening",Morocco,Ottawa,office,,1,,
pr,48,Economic,"Security Screening",Morocco,Paris,office,1,8,,
pr,48,Economic,"Security Screening",Morocco,Rabat,office,,24,,
pr,48,Economic,"Security Screening",Morocco,RROC,office,5,27,,
pr,48,Economic,"Security Screening",Morocco,"Vancouver Immigration",office,4,21,,
pr,48,Economic,"Security Screening",Morocco,"Whitehorse IRCC",office,,8,,
pr,48,Economic,"Security Screening",Morocco,Winnipeg,office,2,9,,
pr,48,Economic,"Security Screening","Myanmar (Burma)","CIO Sydney NS",office,,2,,
pr,48,Economic,"Security Screening","Myanmar (Burma)",Etobicoke,office,1,1,,
pr,48,Economic,"Security Screening","Myanmar (Burma)","London England",office,,1,,
pr,48,Economic,"Security Screening","Myanmar (Burma)","Montreal Immigration",office,,1,,
pr,48,Economic,"Security Screening","Myanmar (Burma)","Whitehorse IRCC",office,,2,,
pr,48,Economic,"Security Screening",Namibia,"Vancouver Immigration",office,,1,,
pr,48,Economic,"Security Screening",Nepal,"Calgary Citizenship and Immigration Canada",office,,1,,
pr,48,Economic,"Security Screening",Nepal,"Case Processing Centre Edmonton",office,,6,,
pr,48,Economic,"Security Screening",Nepal,"Case Processing Centre Ottawa",office,,4,,
pr,48,Economic,"Security Screening",Nepal,"CIO Sydney NS",office,1,11,,
pr,48,Economic,"Security Screening",Nepal,"DN West Virtual Team 1",office,,1,,
pr,48,Economic,"Security Screening",Nepal,"Edmonton IRCC",office,,1,,
pr,48,Economic,"Security Screening",Nepal,Etobicoke,office,1,2,,
pr,48,Economic,"Security Screening",Nepal,Halifax,office,,10,,
pr,48,Economic,"Security Screening",Nepal,"Montreal Immigration",office,2,2,,
pr,48,Economic,"Security Screening",Nepal,"New Delhi",office,,4,,
pr,48,Economic,"Security Screening",Nepal,RROC,office,1,1,,
pr,48,Economic,"Security Screening",Nepal,"Vancouver Immigration",office,,2,,
pr,48,Economic,"Security Screening",Nepal,"Whitehorse IRCC",office,,10,,
pr,48,Economic,"Security Screening",Nepal,Windsor,office,1,1,,
pr,48,Economic,"Security Screening",Nepal,Winnipeg,office,1,7,,
pr,48,Economic,"Security Screening","New Zealand","Case Processing Centre Edmonton",office,,1,,
pr,48,Economic,"Security Screening","New Zealand","Case Processing Centre Ottawa",office,,2,,
pr,48,Economic,"Security Screening","New Zealand","CIO Sydney NS",office,,3,,
pr,48,Economic,"Security Screening","New Zealand",Etobicoke,office,,1,,
pr,48,Economic,"Security Screening","New Zealand","Montreal Immigration",office,,1,,
pr,48,Economic,"Security Screening",Nicaragua,"CIO Sydney NS",office,1,1,,
pr,48,Economic,"Security Screening",Nicaragua,"Edmonton IRCC",office,,1,,
pr,48,Economic,"Security Screening",Nicaragua,"Mexico City",office,,1,,
pr,48,Economic,"Security Screening",Nicaragua,"Vancouver Immigration",office,,1,,
pr,48,Economic,"Security Screening",Nigeria,Accra,office,1,15,,
pr,48,Economic,"Security Screening",Nigeria,"Calgary Citizenship and Immigration Canada",office,,24,,
pr,48,Economic,"Security Screening",Nigeria,"Case Processing Centre Edmonton",office,46,113,,
pr,48,Economic,"Security Screening",Nigeria,"Case Processing Centre Ottawa",office,28,153,,
pr,48,Economic,"Security Screening",Nigeria,"CIO Sydney NS",office,121,405,,
pr,48,Economic,"Security Screening",Nigeria,"DN West Virtual Team 1",office,2,10,,
pr,48,Economic,"Security Screening",Nigeria,"Edmonton IRCC",office,19,187,,
pr,48,Economic,"Security Screening",Nigeria,Etobicoke,office,7,42,,
pr,48,Economic,"Security Screening",Nigeria,Guangzhou,office,,1,,
pr,48,Economic,"Security Screening",Nigeria,Halifax,office,,14,,
pr,48,Economic,"Security Screening",Nigeria,"Hong Kong",office,,10,,
pr,48,Economic,"Security Screening",Nigeria,London,office,1,7,,
pr,48,Economic,"Security Screening",Nigeria,"London England",office,,4,,
pr,48,Economic,"Security Screening",Nigeria,"Montreal Immigration",office,15,145,,
pr,48,Economic,"Security Screening",Nigeria,"National Security Division Intelligence Directorate",office,,1,,
pr,48,Economic,"Security Screening",Nigeria,Ottawa,office,,11,,
pr,48,Economic,"Security Screening",Nigeria,Paris,office,,4,,
pr,48,Economic,"Security Screening",Nigeria,RROC,office,3,22,,
pr,48,Economic,"Security Screening",Nigeria,"Vancouver Immigration",office,31,200,,
pr,48,Economic,"Security Screening",Nigeria,"Whitehorse IRCC",office,1,124,,
pr,48,Economic,"Security Screening",Nigeria,Windsor,office,9,30,,
pr,48,Economic,"Security Screening",Nigeria,Winnipeg,office,24,68,,
pr,48,Economic,"Security Screening",Nigeria,Yellowknife,office,,11,,
pr,48,Economic,"Security Screening",Norway,"Calgary Citizenship and Immigration Canada",office,,2,,
pr,48,Economic,"Security Screening",Norway,"Vancouver Immigration",office,,1,,
pr,49,Economic,"Security Screening",Oman,"Vancouver Immigration",office,,1,,
pr,49,Economic,"Security Screening",Oman,"Whitehorse IRCC",office,,1,,
pr,49,Economic,"Security Screening",Other,"Case Processing Centre Ottawa",office,,1,,
pr,49,Economic,"Security Screening",Other,London,office,,1,,
pr,49,Economic,"Security Screening",Other,"Montreal Immigration",office,,1,,
pr,49,Economic,"Security Screening",Other,"Whitehorse IRCC",office,,1,,
pr,49,Economic,"Security Screening",Pakistan,"Abu Dhabi",office,,4,,
pr,49,Economic,"Security Screening",Pakistan,"Calgary Citizenship and Immigration Canada",office,,27,,
pr,49,Economic,"Security Screening",Pakistan,"Case Processing Centre Edmonton",office,14,102,,
pr,49,Economic,"Security Screening",Pakistan,"Case Processing Centre Ottawa",office,46,373,,
pr,49,Economic,"Security Screening",Pakistan,"CIO Sydney NS",office,75,336,,
pr,49,Economic,"Security Screening",Pakistan,Colombo,office,,3,,
pr,49,Economic,"Security Screening",Pakistan,Dar-Es-Salaam,office,,1,,
pr,49,Economic,"Security Screening",Pakistan,"DN West Virtual Team 1",office,2,9,,
pr,49,Economic,"Security Screening",Pakistan,"Edmonton IRCC",office,21,150,,
pr,49,Economic,"Security Screening",Pakistan,Etobicoke,office,34,199,,
pr,49,Economic,"Security Screening",Pakistan,Halifax,office,10,48,,
pr,49,Economic,"Security Screening",Pakistan,Hamilton,office,,6,,
pr,49,Economic,"Security Screening",Pakistan,"HM-New Ineligibility",office,,5,,
pr,49,Economic,"Security Screening",Pakistan,"Hong Kong",office,,1,,
pr,49,Economic,"Security Screening",Pakistan,Islamabad,office,1,3,,
pr,49,Economic,"Security Screening",Pakistan,Kitchener,office,,6,,
pr,49,Economic,"Security Screening",Pakistan,London,office,1,7,,
pr,49,Economic,"Security Screening",Pakistan,"London England",office,2,304,,
pr,49,Economic,"Security Screening",Pakistan,"Montreal Immigration",office,22,177,,
pr,49,Economic,"Security Screening",Pakistan,"Niagara Falls IRCC",office,,2,,
pr,49,Economic,"Security Screening",Pakistan,Ottawa,office,,17,,
pr,49,Economic,"Security Screening",Pakistan,Paris,office,1,11,,
pr,49,Economic,"Security Screening",Pakistan,Rome,office,,3,,
pr,49,Economic,"Security Screening",Pakistan,RROC,office,16,105,,
pr,49,Economic,"Security Screening",Pakistan,"Sydney Australia",office,,4,,
pr,49,Economic,"Security Screening",Pakistan,"Vancouver Immigration",office,34,171,,
pr,49,Economic,"Security Screening",Pakistan,Vienna,office,,5,,
pr,49,Economic,"Security Screening",Pakistan,"Whitehorse IRCC",office,,95,,
pr,49,Economic,"Security Screening",Pakistan,Windsor,office,23,71,,
pr,49,Economic,"Security Screening",Pakistan,Winnipeg,office,22,112,,
pr,49,Economic,"Security Screening",Pakistan,Yellowknife,office,,6,,
pr,49,Economic,"Security Screening","Palestinian Authority (Gaza/West Bank)",Beirut,office,,1,,
pr,49,Economic,"Security Screening","Palestinian Authority (Gaza/West Bank)","Case Processing Centre Edmonton",office,,2,,
pr,49,Economic,"Security Screening","Palestinian Authority (Gaza/West Bank)","Case Processing Centre Ottawa",office,4,18,,
pr,49,Economic,"Security Screening","Palestinian Authority (Gaza/West Bank)","CIO Sydney NS",office,7,17,,
pr,49,Economic,"Security Screening","Palestinian Authority (Gaza/West Bank)","Edmonton IRCC",office,,1,,
pr,49,Economic,"Security Screening","Palestinian Authority (Gaza/West Bank)",Etobicoke,office,,1,,
pr,49,Economic,"Security Screening","Palestinian Authority (Gaza/West Bank)",Halifax,office,,1,,
pr,49,Economic,"Security Screening","Palestinian Authority (Gaza/West Bank)","London England",office,,4,,
pr,49,Economic,"Security Screening","Palestinian Authority (Gaza/West Bank)","Montreal Immigration",office,,3,,
pr,49,Economic,"Security Screening","Palestinian Authority (Gaza/West Bank)",Paris,office,,2,,
pr,49,Economic,"Security Screening","Palestinian Authority (Gaza/West Bank)",RROC,office,1,6,,
pr,49,Economic,"Security Screening","Palestinian Authority (Gaza/West Bank)","Sydney Australia",office,,1,,
pr,49,Economic,"Security Screening","Palestinian Authority (Gaza/West Bank)","Vancouver Immigration",office,4,9,,
pr,49,Economic,"Security Screening","Palestinian Authority (Gaza/West Bank)","Whitehorse IRCC",office,,3,,
pr,49,Economic,"Security Screening","Panama, Republic of",Etobicoke,office,,3,,
pr,49,Economic,"Security Screening","Panama, Republic of","Mexico City",office,,1,,
pr,49,Economic,"Security Screening","Panama, Republic of","Vancouver Immigration",office,,1,,
pr,49,Economic,"Security Screening",Paraguay,Etobicoke,office,,1,,
pr,49,Economic,"Security Screening","Peoples Republic of Benin","Case Processing Centre Ottawa",office,1,4,,
pr,49,Economic,"Security Screening","Peoples Republic of Benin","CIO Sydney NS",office,9,14,,
pr,49,Economic,"Security Screening","Peoples Republic of Benin","Montreal Immigration",office,6,9,,
pr,49,Economic,"Security Screening","Peoples Republic of Benin",Paris,office,1,5,,
pr,49,Economic,"Security Screening","Peoples Republic of Benin",Pretoria,office,,1,,
pr,49,Economic,"Security Screening","Peoples Republic of Benin",RROC,office,7,8,,
pr,49,Economic,"Security Screening","Peoples Republic of Benin","Vancouver Immigration",office,1,1,,
pr,49,Economic,"Security Screening","Peoples Republic of Benin","Whitehorse IRCC",office,,8,,
pr,49,Economic,"Security Screening","People's Republic of China","Abu Dhabi",office,,1,,
pr,49,Economic,"Security Screening","People's Republic of China",Beijing,office,3,240,,
pr,49,Economic,"Security Screening","People's Republic of China","Calgary Citizenship and Immigration Canada",office,,165,,
pr,49,Economic,"Security Screening","People's Republic of China","Case Processing Centre Edmonton",office,30,428,,
pr,49,Economic,"Security Screening","People's Republic of China","Case Processing Centre Ottawa",office,83,635,,
pr,49,Economic,"Security Screening","People's Republic of China","Case Cases Review Citizenship And Immigration",office,,3,,
pr,49,Economic,"Security Screening","People's Republic of China","CIO Sydney NS",office,974,7470,,
pr,49,Economic,"Security Screening","People's Republic of China","DN West Virtual Team 1",office,1,49,,
pr,49,Economic,"Security Screening","People's Republic of China","Edmonton IRCC",office,36,453,,
pr,49,Economic,"Security Screening","People's Republic of China",Etobicoke,office,56,539,,
pr,49,Economic,"Security Screening","People's Republic of China","Fredericton IRCC",office,,7,,
pr,49,Economic,"Security Screening","People's Republic of China",Halifax,office,35,240,,
pr,49,Economic,"Security Screening","People's Republic of China",Hamilton,office,,16,,
pr,49,Economic,"Security Screening","People's Republic of China","HM Montreal",office,1,3,,
pr,49,Economic,"Security Screening","People's Republic of China","HM-New Ineligibility",office,,2,,
pr,49,Economic,"Security Screening","People's Republic of China","Hong Kong",office,17,2433,,
pr,49,Economic,"Security Screening","People's Republic of China",Kitchener,office,3,12,,
pr,49,Economic,"Security Screening","People's Republic of China",London,office,1,24,,
pr,49,Economic,"Security Screening","People's Republic of China","London England",office,6,11,,
pr,49,Economic,"Security Screening","People's Republic of China",Manila,office,,1,,
pr,49,Economic,"Security Screening","People's Republic of China","Mexico City",office,,10,,
pr,49,Economic,"Security Screening","People's Republic of China","Montreal Immigration",office,36,323,,
pr,49,Economic,"Security Screening","People's Republic of China",Nairobi,office,,2,,
pr,49,Economic,"Security Screening","People's Republic of China","New Delhi",office,,1,,
pr,49,Economic,"Security Screening","People's Republic of China","New York",office,,4,,
pr,49,Economic,"Security Screening","People's Republic of China","Niagara Falls IRCC",office,,10,,
pr,49,Economic,"Security Screening","People's Republic of China",Ottawa,office,,106,,
pr,49,Economic,"Security Screening","People's Republic of China","Ottawa IR",office,,12,,
pr,49,Economic,"Security Screening","People's Republic of China",Paris,office,,20,,
pr,49,Economic,"Security Screening","People's Republic of China",Pretoria,office,,5,,
pr,49,Economic,"Security Screening","People's Republic of China",RROC,office,45,132,,
pr,49,Economic,"Security Screening","People's Republic of China",Singapore,office,,6,,
pr,49,Economic,"Security Screening","People's Republic of China","St John's IRCC",office,,2,,
pr,49,Economic,"Security Screening","People's Republic of China","Sydney Australia",office,,6,,
pr,49,Economic,"Security Screening","People's Republic of China","Vancouver Immigration",office,103,567,,
pr,49,Economic,"Security Screening","People's Republic of China",Vienna,office,,7,,
pr,49,Economic,"Security Screening","People's Republic of China",Warsaw,office,,2,,
pr,49,Economic,"Security Screening","People's Republic of China","Whitehorse IRCC",office,,542,,
pr,49,Economic,"Security Screening","People's Republic of China",Windsor,office,34,155,,
pr,49,Economic,"Security Screening","People's Republic of China",Winnipeg,office,117,698,,
pr,49,Economic,"Security Screening","People's Republic of China",Yellowknife,office,,7,,
pr,49,Economic,"Security Screening",Peru,"Case Processing Centre Edmonton",office,,2,,
pr,49,Economic,"Security Screening",Peru,"Case Processing Centre Ottawa",office,,3,,
pr,49,Economic,"Security Screening",Peru,"CIO Sydney NS",office,5,15,,
pr,49,Economic,"Security Screening",Peru,"Edmonton IRCC",office,,5,,
pr,49,Economic,"Security Screening",Peru,Etobicoke,office,1,2,,
pr,49,Economic,"Security Screening",Peru,Halifax,office,,8,,
pr,49,Economic,"Security Screening",Peru,"Vancouver Immigration",office,2,7,,
pr,49,Economic,"Security Screening",Peru,"Whitehorse IRCC",office,,9,,
pr,49,Economic,"Security Screening",Philippines,"Calgary Citizenship and Immigration Canada",office,,4,,
pr,49,Economic,"Security Screening",Philippines,"Case Processing Centre Edmonton",office,4,447,,
pr,49,Economic,"Security Screening",Philippines,"Case Processing Centre Ottawa",office,4,15,,
pr,49,Economic,"Security Screening",Philippines,"CIO Sydney NS",office,35,147,,
pr,49,Economic,"Security Screening",Philippines,"DN West Virtual Team 1",office,3,31,,
pr,49,Economic,"Security Screening",Philippines,"Edmonton IRCC",office,3,35,,
pr,49,Economic,"Security Screening",Philippines,Etobicoke,office,,2,,
pr,49,Economic,"Security Screening",Philippines,"Fredericton IRCC",office,,3,,
pr,49,Economic,"Security Screening",Philippines,Halifax,office,4,31,,
pr,49,Economic,"Security Screening",Philippines,"HM Toronto",office,1,1,,
pr,49,Economic,"Security Screening",Philippines,London,office,,13,,
pr,49,Economic,"Security Screening",Philippines,Manila,office,15,94,,
pr,49,Economic,"Security Screening",Philippines,"Montreal Immigration",office,3,17,,
pr,49,Economic,"Security Screening",Philippines,Ottawa,office,,6,,
pr,49,Economic,"Security Screening",Philippines,RROC,office,1,5,,
pr,49,Economic,"Security Screening",Philippines,"Vancouver Immigration",office,11,34,,
pr,49,Economic,"Security Screening",Philippines,"Whitehorse IRCC",office,,153,,
pr,49,Economic,"Security Screening",Philippines,Windsor,office,10,37,,
pr,50,Economic,"Security Screening",Philippines,Winnipeg,office,5,40,,
pr,50,Economic,"Security Screening",Poland,"Calgary Citizenship and Immigration Canada",office,,2,,
pr,50,Economic,"Security Screening",Poland,"Case Processing Centre Edmonton",office,,5,,
pr,50,Economic,"Security Screening",Poland,"CIO Sydney NS",office,1,9,,
pr,50,Economic,"Security Screening",Poland,"Edmonton IRCC",office,,1,,
pr,50,Economic,"Security Screening",Poland,RROC,office,,1,,
pr,50,Economic,"Security Screening",Poland,"Vancouver Immigration",office,,4,,
pr,50,Economic,"Security Screening",Poland,Winnipeg,office,,2,,
pr,50,Economic,"Security Screening",Portugal,"Case Processing Centre Edmonton",office,,1,,
pr,50,Economic,"Security Screening",Portugal,"Case Processing Centre Ottawa",office,1,1,,
pr,50,Economic,"Security Screening",Portugal,"CIO Sydney NS",office,2,15,,
pr,50,Economic,"Security Screening",Portugal,"Edmonton IRCC",office,,1,,
pr,50,Economic,"Security Screening",Portugal,Etobicoke,office,1,7,,
pr,50,Economic,"Security Screening",Portugal,"HM Toronto",office,,11,,
pr,50,Economic,"Security Screening",Portugal,"Vancouver Immigration",office,,2,,
pr,50,Economic,"Security Screening",Portugal,"Whitehorse IRCC",office,,10,,
pr,50,Economic,"Security Screening",Portugal,Winnipeg,office,,1,,
pr,50,Economic,"Security Screening","Republic of Djibouti","Case Processing Centre Ottawa",office,1,1,,
pr,50,Economic,"Security Screening","Republic of Djibouti","CIO Sydney NS",office,,5,,
pr,50,Economic,"Security Screening","Republic of Djibouti","Montreal Immigration",office,,1,,
pr,50,Economic,"Security Screening","Republic of Djibouti",Nairobi,office,,6,,
pr,50,Economic,"Security Screening","Republic of Djibouti",Paris,office,,10,,
pr,50,Economic,"Security Screening","Republic of Indonesia","Calgary Citizenship and Immigration Canada",office,,1,,
pr,50,Economic,"Security Screening","Republic of Indonesia","Case Processing Centre Ottawa",office,,6,,
pr,50,Economic,"Security Screening","Republic of Indonesia","CIO Sydney NS",office,,3,,
pr,50,Economic,"Security Screening","Republic of Indonesia","Edmonton IRCC",office,,4,,
pr,50,Economic,"Security Screening","Republic of Indonesia","Vancouver Immigration",office,,2,,
pr,50,Economic,"Security Screening","Republic of Indonesia","Whitehorse IRCC",office,,3,,
pr,50,Economic,"Security Screening","Republic of Ireland","Calgary Citizenship and Immigration Canada",office,,1,,
pr,50,Economic,"Security Screening","Republic of Ireland","Case Processing Centre Edmonton",office,,7,,
pr,50,Economic,"Security Screening","Republic of Ireland","Case Processing Centre Ottawa",office,1,2,,
pr,50,Economic,"Security Screening","Republic of Ireland","CIO Sydney NS",office,1,2,,
pr,50,Economic,"Security Screening","Republic of Ireland","Edmonton IRCC",office,,6,,
pr,50,Economic,"Security Screening","Republic of Ireland","Montreal Immigration",office,,1,,
pr,50,Economic,"Security Screening","Republic of Ireland","Vancouver Immigration",office,1,3,,
pr,50,Economic,"Security Screening","Republic of Ireland","Whitehorse IRCC",office,,1,,
pr,50,Economic,"Security Screening","Republic of Ivory Coast",Bogota,office,1,1,,
pr,50,Economic,"Security Screening","Republic of Ivory Coast","Case Processing Centre Ottawa",office,1,6,,
pr,50,Economic,"Security Screening","Republic of Ivory Coast","CIO Sydney NS",office,19,41,,
pr,50,Economic,"Security Screening","Republic of Ivory Coast",Dakar,office,,13,,
pr,50,Economic,"Security Screening","Republic of Ivory Coast","Edmonton IRCC",office,,3,,
pr,50,Economic,"Security Screening","Republic of Ivory Coast",Halifax,office,,1,,
pr,50,Economic,"Security Screening","Republic of Ivory Coast","HM Montreal",office,,1,,
pr,50,Economic,"Security Screening","Republic of Ivory Coast","HM Niagara Falls",office,,1,,
pr,50,Economic,"Security Screening","Republic of Ivory Coast","London England",office,1,1,,
pr,50,Economic,"Security Screening","Republic of Ivory Coast","Montreal Immigration",office,3,7,,
pr,50,Economic,"Security Screening","Republic of Ivory Coast",Paris,office,,9,,
pr,50,Economic,"Security Screening","Republic of Ivory Coast",RROC,office,2,10,,
pr,50,Economic,"Security Screening","Republic of Ivory Coast","Vancouver Immigration",office,,2,,
pr,50,Economic,"Security Screening","Republic of Ivory Coast","Whitehorse IRCC",office,,8,,
pr,50,Economic,"Security Screening","Republic of Ivory Coast",Winnipeg,office,,3,,
pr,50,Economic,"Security Screening","Republic of South Africa","Calgary Citizenship and Immigration Canada",office,,1,,
pr,50,Economic,"Security Screening","Republic of South Africa","Case Processing Centre Edmonton",office,1,5,,
pr,50,Economic,"Security Screening","Republic of South Africa","Case Processing Centre Ottawa",office,,13,,
pr,50,Economic,"Security Screening","Republic of South Africa","CIO Sydney NS",office,13,42,,
pr,50,Economic,"Security Screening","Republic of South Africa","Edmonton IRCC",office,,3,,
pr,50,Economic,"Security Screening","Republic of South Africa",Etobicoke,office,,9,,
pr,50,Economic,"Security Screening","Republic of South Africa",Halifax,office,,6,,
pr,50,Economic,"Security Screening","Republic of South Africa",Kitchener,office,,1,,
pr,50,Economic,"Security Screening","Republic of South Africa","London England",office,,1,,
pr,50,Economic,"Security Screening","Republic of South Africa","Montreal Immigration",office,,8,,
pr,50,Economic,"Security Screening","Republic of South Africa",Ottawa,office,,1,,
pr,50,Economic,"Security Screening","Republic of South Africa",Pretoria,office,,5,,
pr,50,Economic,"Security Screening","Republic of South Africa",RROC,office,2,2,,
pr,50,Economic,"Security Screening","Republic of South Africa","Vancouver Immigration",office,,12,,
pr,50,Economic,"Security Screening","Republic of South Africa","Whitehorse IRCC",office,,5,,
pr,50,Economic,"Security Screening","Republic of South Africa",Winnipeg,office,1,4,,
pr,50,Economic,"Security Screening","Republic of the Niger","Case Processing Centre Ottawa",office,,4,,
pr,50,Economic,"Security Screening","Republic of the Niger","CIO Sydney NS",office,1,3,,
pr,50,Economic,"Security Screening","Republic of the Niger",Dakar,office,,1,,
pr,50,Economic,"Security Screening","Republic of the Niger","Edmonton IRCC",office,,1,,
pr,50,Economic,"Security Screening","Republic of the Niger",London,office,,1,,
pr,50,Economic,"Security Screening","Republic of the Niger","Mexico City",office,,2,,
pr,50,Economic,"Security Screening","Republic of the Niger",Paris,office,,2,,
pr,50,Economic,"Security Screening","Republic of the Niger","Whitehorse IRCC",office,,2,,
pr,50,Economic,"Security Screening",Romania,Bucharest,office,,1,,
pr,50,Economic,"Security Screening",Romania,"Case Processing Centre Ottawa",office,,6,,
pr,50,Economic,"Security Screening",Romania,"CIO Sydney NS",office,1,13,,
pr,50,Economic,"Security Screening",Romania,Etobicoke,office,,1,,
pr,50,Economic,"Security Screening",Romania,Halifax,office,,2,,
pr,50,Economic,"Security Screening",Romania,"Whitehorse IRCC",office,,6,,
pr,50,Economic,"Security Screening",Romania,Winnipeg,office,,3,,
pr,50,Economic,"Security Screening",Russia,"Calgary Citizenship and Immigration Canada",office,,12,,
pr,50,Economic,"Security Screening",Russia,"Case Processing Centre Edmonton",office,9,66,,
pr,50,Economic,"Security Screening",Russia,"Case Processing Centre Ottawa",office,22,272,,
pr,50,Economic,"Security Screening",Russia,"CIO Sydney NS",office,119,843,,
pr,50,Economic,"Security Screening",Russia,"DN West Virtual Team 1",office,,3,,
pr,50,Economic,"Security Screening",Russia,"Edmonton IRCC",office,9,61,,
pr,50,Economic,"Security Screening",Russia,Etobicoke,office,10,46,,
pr,50,Economic,"Security Screening",Russia,Halifax,office,5,48,,
pr,50,Economic,"Security Screening",Russia,Hamilton,office,,2,,
pr,50,Economic,"Security Screening",Russia,"Hong Kong",office,,1,,
pr,50,Economic,"Security Screening",Russia,Kitchener,office,,5,,
pr,50,Economic,"Security Screening",Russia,London,office,,1,,
pr,50,Economic,"Security Screening",Russia,"London England",office,1,3,,
pr,50,Economic,"Security Screening",Russia,"Montreal Immigration",office,4,54,,
pr,50,Economic,"Security Screening",Russia,Moscow,office,,2,,
pr,50,Economic,"Security Screening",Russia,"Niagara Falls IRCC",office,,2,,
pr,50,Economic,"Security Screening",Russia,Ottawa,office,,9,,
pr,50,Economic,"Security Screening",Russia,Paris,office,,2,,
pr,50,Economic,"Security Screening",Russia,Pretoria,office,,2,,
pr,50,Economic,"Security Screening",Russia,Rome,office,,3,,
pr,50,Economic,"Security Screening",Russia,RROC,office,17,144,,
pr,50,Economic,"Security Screening",Russia,"Sao Paulo",office,,2,,
pr,50,Economic,"Security Screening",Russia,"Vancouver Immigration",office,21,60,,
pr,50,Economic,"Security Screening",Russia,Vienna,office,,4,,
pr,50,Economic,"Security Screening",Russia,Warsaw,office,,11,,
pr,50,Economic,"Security Screening",Russia,"Whitehorse IRCC",office,,36,,
pr,50,Economic,"Security Screening",Russia,Windsor,office,7,16,,
pr,50,Economic,"Security Screening",Russia,Winnipeg,office,8,50,,
pr,50,Economic,"Security Screening",Rwanda,"Case Processing Centre Ottawa",office,4,15,,
pr,50,Economic,"Security Screening",Rwanda,"CIO Sydney NS",office,5,9,,
pr,50,Economic,"Security Screening",Rwanda,"Edmonton IRCC",office,,3,,
pr,50,Economic,"Security Screening",Rwanda,Etobicoke,office,,1,,
pr,50,Economic,"Security Screening",Rwanda,Halifax,office,,1,,
pr,50,Economic,"Security Screening",Rwanda,"Montreal Immigration",office,,4,,
pr,50,Economic,"Security Screening",Rwanda,Paris,office,,4,,
pr,50,Economic,"Security Screening",Rwanda,Pretoria,office,,2,,
pr,50,Economic,"Security Screening",Rwanda,RROC,office,4,6,,
pr,50,Economic,"Security Screening",Rwanda,"Vancouver Immigration",office,,2,,
pr,50,Economic,"Security Screening",Rwanda,"Whitehorse IRCC",office,,4,,
pr,50,Economic,"Security Screening",Rwanda,Winnipeg,office,1,1,,
pr,50,Economic,"Security Screening","Saudi Arabia","Calgary Citizenship and Immigration Canada",office,,1,,
pr,50,Economic,"Security Screening","Saudi Arabia","Case Processing Centre Edmonton",office,,9,,
pr,50,Economic,"Security Screening","Saudi Arabia","Case Processing Centre Ottawa",office,1,8,,
pr,50,Economic,"Security Screening","Saudi Arabia","CIO Sydney NS",office,4,28,,
pr,50,Economic,"Security Screening","Saudi Arabia","Edmonton IRCC",office,1,3,,
pr,50,Economic,"Security Screening","Saudi Arabia",Halifax,office,,3,,
pr,50,Economic,"Security Screening","Saudi Arabia",London,office,,2,,
pr,50,Economic,"Security Screening","Saudi Arabia","London England",office,,2,,
pr,50,Economic,"Security Screening","Saudi Arabia","Montreal Immigration",office,,5,,
pr,50,Economic,"Security Screening","Saudi Arabia",RROC,office,,1,,
pr,50,Economic,"Security Screening","Saudi Arabia","Vancouver Immigration",office,2,9,,
pr,50,Economic,"Security Screening","Saudi Arabia","Whitehorse IRCC",office,,7,,
pr,50,Economic,"Security Screening","Saudi Arabia",Winnipeg,office,,1,,
pr,51,Economic,"Security Screening",Senegal,Beijing,office,,1,,
pr,51,Economic,"Security Screening",Senegal,"Calgary Citizenship and Immigration Canada",office,,5,,
pr,51,Economic,"Security Screening",Senegal,"Case Processing Centre Ottawa",office,1,4,,
pr,51,Economic,"Security Screening",Senegal,"CIO Sydney NS",office,10,17,,
pr,51,Economic,"Security Screening",Senegal,Dakar,office,,2,,
pr,51,Economic,"Security Screening",Senegal,"Edmonton IRCC",office,,3,,
pr,51,Economic,"Security Screening",Senegal,Etobicoke,office,,3,,
pr,51,Economic,"Security Screening",Senegal,"London England",office,,1,,
pr,51,Economic,"Security Screening",Senegal,"Montreal Immigration",office,1,1,,
pr,51,Economic,"Security Screening",Senegal,Paris,office,,1,,
pr,51,Economic,"Security Screening",Senegal,RROC,office,,1,,
pr,51,Economic,"Security Screening",Senegal,"Vancouver Immigration",office,,3,,
pr,51,Economic,"Security Screening",Senegal,"Whitehorse IRCC",office,,3,,
pr,51,Economic,"Security Screening",Senegal,Winnipeg,office,1,1,,
pr,51,Economic,"Security Screening","Serbia, Republic of","Case Processing Centre Edmonton",office,,5,,
pr,51,Economic,"Security Screening","Serbia, Republic of","Case Processing Centre Ottawa",office,1,10,,
pr,51,Economic,"Security Screening","Serbia, Republic of","CIO Sydney NS",office,5,41,,
pr,51,Economic,"Security Screening","Serbia, Republic of","Edmonton IRCC",office,,1,,
pr,51,Economic,"Security Screening","Serbia, Republic of",Etobicoke,office,,6,,
pr,51,Economic,"Security Screening","Serbia, Republic of","Fredericton IRCC",office,,3,,
pr,51,Economic,"Security Screening","Serbia, Republic of",Halifax,office,,4,,
pr,51,Economic,"Security Screening","Serbia, Republic of","Montreal Immigration",office,,3,,
pr,51,Economic,"Security Screening","Serbia, Republic of","Niagara Falls IRCC",office,,1,,
pr,51,Economic,"Security Screening","Serbia, Republic of","Vancouver Immigration",office,,7,,
pr,51,Economic,"Security Screening","Serbia, Republic of","Whitehorse IRCC",office,,4,,
pr,51,Economic,"Security Screening","Serbia, Republic of",Windsor,office,2,3,,
pr,51,Economic,"Security Screening","Serbia, Republic of",Winnipeg,office,,2,,
pr,51,Economic,"Security Screening",Singapore,"Calgary Citizenship and Immigration Canada",office,,3,,
pr,51,Economic,"Security Screening",Singapore,"Case Processing Centre Edmonton",office,,12,,
pr,51,Economic,"Security Screening",Singapore,"Case Processing Centre Ottawa",office,,7,,
pr,51,Economic,"Security Screening",Singapore,"CIO Sydney NS",office,1,12,,
pr,51,Economic,"Security Screening",Singapore,"Edmonton IRCC",office,,5,,
pr,51,Economic,"Security Screening",Singapore,Halifax,office,,1,,
pr,51,Economic,"Security Screening",Singapore,"Hong Kong",office,,1,,
pr,51,Economic,"Security Screening",Singapore,"Montreal Immigration",office,,2,,
pr,51,Economic,"Security Screening",Singapore,RROC,office,,1,,
pr,51,Economic,"Security Screening",Singapore,"Vancouver Immigration",office,,1,,
pr,51,Economic,"Security Screening",Singapore,"Whitehorse IRCC",office,,4,,
pr,51,Economic,"Security Screening",Singapore,Windsor,office,,1,,
pr,51,Economic,"Security Screening",Singapore,Winnipeg,office,,1,,
pr,51,Economic,"Security Screening","Slovak Republic","Case Processing Centre Ottawa",office,,2,,
pr,51,Economic,"Security Screening","Slovak Republic","CIO Sydney NS",office,,1,,
pr,51,Economic,"Security Screening","Slovak Republic","Whitehorse IRCC",office,,1,,
pr,51,Economic,"Security Screening",Slovenia,"Montreal Immigration",office,,1,,
pr,51,Economic,"Security Screening","Socialist Republic of Vietnam","Calgary Citizenship and Immigration Canada",office,,3,,
pr,51,Economic,"Security Screening","Socialist Republic of Vietnam","Case Processing Centre Edmonton",office,2,6,,
pr,51,Economic,"Security Screening","Socialist Republic of Vietnam","Case Processing Centre Ottawa",office,,9,,
pr,51,Economic,"Security Screening","Socialist Republic of Vietnam","CIO Sydney NS",office,6,39,,
pr,51,Economic,"Security Screening","Socialist Republic of Vietnam","Edmonton IRCC",office,2,15,,
pr,51,Economic,"Security Screening","Socialist Republic of Vietnam",Etobicoke,office,1,8,,
pr,51,Economic,"Security Screening","Socialist Republic of Vietnam",Halifax,office,,3,,
pr,51,Economic,"Security Screening","Socialist Republic of Vietnam",London,office,,3,,
pr,51,Economic,"Security Screening","Socialist Republic of Vietnam","Montreal Immigration",office,3,35,,
pr,51,Economic,"Security Screening","Socialist Republic of Vietnam",Ottawa,office,,3,,
pr,51,Economic,"Security Screening","Socialist Republic of Vietnam",Singapore,office,,7,,
pr,51,Economic,"Security Screening","Socialist Republic of Vietnam","Vancouver Immigration",office,2,11,,
pr,51,Economic,"Security Screening","Socialist Republic of Vietnam","Whitehorse IRCC",office,,68,,
pr,51,Economic,"Security Screening","Socialist Republic of Vietnam",Windsor,office,1,3,,
pr,51,Economic,"Security Screening","Socialist Republic of Vietnam",Winnipeg,office,4,21,,
pr,51,Economic,"Security Screening","Solomons, The",Ottawa,office,,2,,
pr,51,Economic,"Security Screening","Solomons, The","Sydney Australia",office,,2,,
pr,51,Economic,"Security Screening","Somalia, Democratic Republic of","Edmonton IRCC",office,1,1,,
pr,51,Economic,"Security Screening","Somalia, Democratic Republic of",London,office,,1,,
pr,51,Economic,"Security Screening","Somalia, Democratic Republic of",Nairobi,office,1,8,,
pr,51,Economic,"Security Screening","Somalia, Democratic Republic of",RROC,office,,1,,
pr,51,Economic,"Security Screening","South Sudan, Republic Of","CIO Sydney NS",office,,1,,
pr,51,Economic,"Security Screening",Spain,"Case Processing Centre Edmonton",office,,3,,
pr,51,Economic,"Security Screening",Spain,"Case Processing Centre Ottawa",office,,4,,
pr,51,Economic,"Security Screening",Spain,"CIO Sydney NS",office,,13,,
pr,51,Economic,"Security Screening",Spain,"Edmonton IRCC",office,,3,,
pr,51,Economic,"Security Screening",Spain,Etobicoke,office,,3,,
pr,51,Economic,"Security Screening",Spain,"Montreal Immigration",office,,1,,
pr,51,Economic,"Security Screening",Spain,"Vancouver Immigration",office,1,2,,
pr,51,Economic,"Security Screening",Spain,"Whitehorse IRCC",office,,5,,
pr,51,Economic,"Security Screening",Spain,Winnipeg,office,,2,,
pr,51,Economic,"Security Screening","Sri Lanka","Case Processing Centre Edmonton",office,,7,,
pr,51,Economic,"Security Screening","Sri Lanka","Case Processing Centre Ottawa",office,3,11,,
pr,51,Economic,"Security Screening","Sri Lanka","CIO Sydney NS",office,14,37,,
pr,51,Economic,"Security Screening","Sri Lanka",Colombo,office,,3,,
pr,51,Economic,"Security Screening","Sri Lanka","Edmonton IRCC",office,,3,,
pr,51,Economic,"Security Screening","Sri Lanka",Etobicoke,office,,5,,
pr,51,Economic,"Security Screening","Sri Lanka",Halifax,office,5,8,,
pr,51,Economic,"Security Screening","Sri Lanka",London,office,,1,,
pr,51,Economic,"Security Screening","Sri Lanka","Montreal Immigration",office,1,2,,
pr,51,Economic,"Security Screening","Sri Lanka",RROC,office,1,1,,
pr,51,Economic,"Security Screening","Sri Lanka","Vancouver Immigration",office,3,8,,
pr,51,Economic,"Security Screening","Sri Lanka","Whitehorse IRCC",office,,15,,
pr,51,Economic,"Security Screening","Sri Lanka",Windsor,office,,3,,
pr,51,Economic,"Security Screening","Sri Lanka",Winnipeg,office,1,8,,
pr,51,Economic,"Security Screening","St. Kitts-Nevis","Case Processing Centre Ottawa",office,2,3,,
pr,51,Economic,"Security Screening","St. Kitts-Nevis","CIO Sydney NS",office,1,1,,
pr,51,Economic,"Security Screening","St. Kitts-Nevis","Montreal Immigration",office,,1,,
pr,51,Economic,"Security Screening","St. Kitts-Nevis",RROC,office,,1,,
pr,51,Economic,"Security Screening","St. Kitts-Nevis","Vancouver Immigration",office,,1,,
pr,51,Economic,"Security Screening","St. Kitts-Nevis","Whitehorse IRCC",office,,3,,
pr,51,Economic,"Security Screening","St. Lucia","Case Processing Centre Edmonton",office,,1,,
pr,51,Economic,"Security Screening","St. Lucia","Case Processing Centre Ottawa",office,,2,,
pr,51,Economic,"Security Screening","St. Lucia","HM Toronto",office,,1,,
pr,51,Economic,"Security Screening","St. Lucia","Montreal Immigration",office,,2,,
pr,51,Economic,"Security Screening","St. Lucia","Whitehorse IRCC",office,,1,,
pr,51,Economic,"Security Screening","St. Vincent and the Grenadines","CIO Sydney NS",office,,1,,
pr,51,Economic,"Security Screening","St. Vincent and the Grenadines","Whitehorse IRCC",office,,1,,
pr,51,Economic,"Security Screening","St. Vincent and the Grenadines",Winnipeg,office,,1,,
pr,51,Economic,"Security Screening",Stateless,Beirut,office,,3,,
pr,51,Economic,"Security Screening",Stateless,"Case Processing Centre Edmonton",office,,1,,
pr,51,Economic,"Security Screening",Stateless,"Case Processing Centre Ottawa",office,,20,,
pr,51,Economic,"Security Screening",Stateless,"CIO Sydney NS",office,,12,,
pr,51,Economic,"Security Screening",Stateless,"Edmonton IRCC",office,,2,,
pr,51,Economic,"Security Screening",Stateless,Etobicoke,office,1,1,,
pr,51,Economic,"Security Screening",Stateless,"Hong Kong",office,,1,,
pr,51,Economic,"Security Screening",Stateless,"London England",office,,4,,
pr,51,Economic,"Security Screening",Stateless,"Montreal Immigration",office,,3,,
pr,51,Economic,"Security Screening",Stateless,Paris,office,,3,,
pr,51,Economic,"Security Screening",Stateless,"Whitehorse IRCC",office,,6,,
pr,51,Economic,"Security Screening",Surinam,"Case Processing Centre Edmonton",office,,1,,
pr,51,Economic,"Security Screening",Surinam,"Vancouver Immigration",office,,1,,
pr,51,Economic,"Security Screening",Surinam,"Whitehorse IRCC",office,,1,,
pr,51,Economic,"Security Screening",Sweden,"Case Processing Centre Edmonton",office,,2,,
pr,51,Economic,"Security Screening",Sweden,"Case Processing Centre Ottawa",office,,2,,
pr,51,Economic,"Security Screening",Sweden,"CIO Sydney NS",office,,9,,
pr,51,Economic,"Security Screening",Sweden,"Edmonton IRCC",office,,1,,
pr,51,Economic,"Security Screening",Sweden,"Operational Support Performance Management And",office,,1,,
pr,51,Economic,"Security Screening",Sweden,Yellowknife,office,,1,,
pr,51,Economic,"Security Screening",Switzerland,"Case Processing Centre Edmonton",office,,1,,
pr,51,Economic,"Security Screening",Switzerland,"Case Processing Centre Ottawa",office,,2,,
pr,51,Economic,"Security Screening",Switzerland,"CIO Sydney NS",office,1,2,,
pr,51,Economic,"Security Screening",Switzerland,Halifax,office,,1,,
pr,51,Economic,"Security Screening",Switzerland,"Whitehorse IRCC",office,,1,,
pr,52,Economic,"Security Screening",Switzerland,Winnipeg,office,1,1,,
pr,52,Economic,"Security Screening",Syria,"Abu Dhabi",office,,3,,
pr,52,Economic,"Security Screening",Syria,Amman,office,,21,,
pr,52,Economic,"Security Screening",Syria,Beirut,office,,13,,
pr,52,Economic,"Security Screening",Syria,"Case Processing Centre Edmonton",office,1,6,,
pr,52,Economic,"Security Screening",Syria,"Case Processing Centre Ottawa",office,3,57,,
pr,52,Economic,"Security Screening",Syria,"CIO Sydney NS",office,1,23,,
pr,52,Economic,"Security Screening",Syria,"Edmonton IRCC",office,,6,,
pr,52,Economic,"Security Screening",Syria,Etobicoke,office,1,12,,
pr,52,Economic,"Security Screening",Syria,Halifax,office,,2,,
pr,52,Economic,"Security Screening",Syria,"London England",office,1,19,,
pr,52,Economic,"Security Screening",Syria,"Montreal Immigration",office,2,7,,
pr,52,Economic,"Security Screening",Syria,"Niagara Falls IRCC",office,,1,,
pr,52,Economic,"Security Screening",Syria,Paris,office,2,29,,
pr,52,Economic,"Security Screening",Syria,RROC,office,19,36,,
pr,52,Economic,"Security Screening",Syria,Singapore,office,,2,,
pr,52,Economic,"Security Screening",Syria,"Vancouver Immigration",office,6,20,,
pr,52,Economic,"Security Screening",Syria,Vienna,office,,1,,
pr,52,Economic,"Security Screening",Syria,"Whitehorse IRCC",office,,7,,
pr,52,Economic,"Security Screening",Syria,Windsor,office,1,3,,
pr,52,Economic,"Security Screening",Syria,Winnipeg,office,4,13,,
pr,52,Economic,"Security Screening",Tajikistan,"CIO Sydney NS",office,3,5,,
pr,52,Economic,"Security Screening",Tajikistan,Halifax,office,,2,,
pr,52,Economic,"Security Screening",Taiwan,Beijing,office,,2,,
pr,52,Economic,"Security Screening",Taiwan,"Calgary Citizenship and Immigration Canada",office,,4,,
pr,52,Economic,"Security Screening",Taiwan,"Case Processing Centre Edmonton",office,3,14,,
pr,52,Economic,"Security Screening",Taiwan,"Case Processing Centre Ottawa",office,,15,,
pr,52,Economic,"Security Screening",Taiwan,"CIO Sydney NS",office,21,64,,
pr,52,Economic,"Security Screening",Taiwan,"DN West Virtual Team 1",office,,1,,
pr,52,Economic,"Security Screening",Taiwan,"Edmonton IRCC",office,,8,,
pr,52,Economic,"Security Screening",Taiwan,Etobicoke,office,1,4,,
pr,52,Economic,"Security Screening",Taiwan,"Hong Kong",office,,5,,
pr,52,Economic,"Security Screening",Taiwan,Kitchener,office,,2,,
pr,52,Economic,"Security Screening",Taiwan,London,office,1,4,,
pr,52,Economic,"Security Screening",Taiwan,"Montreal Immigration",office,1,6,,
pr,52,Economic,"Security Screening",Taiwan,RROC,office,,2,,
pr,52,Economic,"Security Screening",Taiwan,"Vancouver Immigration",office,5,10,,
pr,52,Economic,"Security Screening",Taiwan,"Whitehorse IRCC",office,,20,,
pr,52,Economic,"Security Screening",Taiwan,Windsor,office,4,6,,
pr,52,Economic,"Security Screening",Taiwan,Winnipeg,office,,5,,
pr,52,Economic,"Security Screening",Thailand,"Case Processing Centre Edmonton",office,2,9,,
pr,52,Economic,"Security Screening",Thailand,"Case Processing Centre Ottawa",office,,3,,
pr,52,Economic,"Security Screening",Thailand,"CIO Sydney NS",office,1,2,,
pr,52,Economic,"Security Screening",Thailand,"DN West Virtual Team 1",office,,1,,
pr,52,Economic,"Security Screening",Thailand,"Edmonton IRCC",office,2,2,,
pr,52,Economic,"Security Screening",Thailand,"Montreal Immigration",office,,1,,
pr,52,Economic,"Security Screening",Thailand,Singapore,office,,2,,
pr,52,Economic,"Security Screening",Thailand,"Vancouver Immigration",office,,1,,
pr,52,Economic,"Security Screening",Thailand,Winnipeg,office,,2,,
pr,52,Economic,"Security Screening","The Netherlands","Case Processing Centre Edmonton",office,,3,,
pr,52,Economic,"Security Screening","The Netherlands","CIO Sydney NS",office,,6,,
pr,52,Economic,"Security Screening","The Netherlands",Halifax,office,,4,,
pr,52,Economic,"Security Screening","The Netherlands","Vancouver Immigration",office,,1,,
pr,52,Economic,"Security Screening","The Netherlands","Whitehorse IRCC",office,,3,,
pr,52,Economic,"Security Screening","The Netherlands",Winnipeg,office,1,1,,
pr,52,Economic,"Security Screening","Togo, Republic of","CIO Sydney NS",office,1,1,,
pr,52,Economic,"Security Screening","Togo, Republic of","Edmonton IRCC",office,,2,,
pr,52,Economic,"Security Screening","Togo, Republic of",Paris,office,1,3,,
pr,52,Economic,"Security Screening","Togo, Republic of",RROC,office,3,3,,
pr,52,Economic,"Security Screening","Togo, Republic of","Whitehorse IRCC",office,,3,,
pr,52,Economic,"Security Screening","Togo, Republic of",Winnipeg,office,,1,,
pr,52,Economic,"Security Screening","Trinidad and Tobago, Republic of","Case Processing Centre Ottawa",office,,2,,
pr,52,Economic,"Security Screening","Trinidad and Tobago, Republic of","CIO Sydney NS",office,3,9,,
pr,52,Economic,"Security Screening","Trinidad and Tobago, Republic of","Edmonton IRCC",office,,1,,
pr,52,Economic,"Security Screening","Trinidad and Tobago, Republic of",Etobicoke,office,,2,,
pr,52,Economic,"Security Screening","Trinidad and Tobago, Republic of",Halifax,office,,2,,
pr,52,Economic,"Security Screening","Trinidad and Tobago, Republic of","Mexico City",office,,1,,
pr,52,Economic,"Security Screening","Trinidad and Tobago, Republic of","Montreal Immigration",office,,1,,
pr,52,Economic,"Security Screening","Trinidad and Tobago, Republic of","Vancouver Immigration",office,,3,,
pr,52,Economic,"Security Screening","Trinidad and Tobago, Republic of","Whitehorse IRCC",office,,7,,
pr,52,Economic,"Security Screening",Tunisia,"Calgary Citizenship and Immigration Canada",office,,1,,
pr,52,Economic,"Security Screening",Tunisia,"Case Processing Centre Edmonton",office,,2,,
pr,52,Economic,"Security Screening",Tunisia,"Case Processing Centre Ottawa",office,7,70,,
pr,52,Economic,"Security Screening",Tunisia,"CIO Sydney NS",office,112,304,,
pr,52,Economic,"Security Screening",Tunisia,"Edmonton IRCC",office,,8,,
pr,52,Economic,"Security Screening",Tunisia,Etobicoke,office,2,11,,
pr,52,Economic,"Security Screening",Tunisia,"London England",office,,1,,
pr,52,Economic,"Security Screening",Tunisia,"Montreal Immigration",office,1,8,,
pr,52,Economic,"Security Screening",Tunisia,Ottawa,office,,2,,
pr,52,Economic,"Security Screening",Tunisia,Paris,office,,40,,
pr,52,Economic,"Security Screening",Tunisia,Rome,office,,1,,
pr,52,Economic,"Security Screening",Tunisia,RROC,office,12,27,,
pr,52,Economic,"Security Screening",Tunisia,"Vancouver Immigration",office,3,7,,
pr,52,Economic,"Security Screening",Tunisia,"Whitehorse IRCC",office,,7,,
pr,52,Economic,"Security Screening",Tunisia,Windsor,office,2,3,,
pr,52,Economic,"Security Screening",Tunisia,Winnipeg,office,,5,,
pr,52,Economic,"Security Screening",Turkey,"Calgary Citizenship and Immigration Canada",office,,1,,
pr,52,Economic,"Security Screening",Turkey,"Case Processing Centre Edmonton",office,,7,,
pr,52,Economic,"Security Screening",Turkey,"Case Processing Centre Ottawa",office,4,66,,
pr,52,Economic,"Security Screening",Turkey,"CIO Sydney NS",office,43,107,,
pr,52,Economic,"Security Screening",Turkey,"Edmonton IRCC",office,2,17,,
pr,52,Economic,"Security Screening",Turkey,Etobicoke,office,,7,,
pr,52,Economic,"Security Screening",Turkey,Halifax,office,1,7,,
pr,52,Economic,"Security Screening",Turkey,"HM Toronto",office,,1,,
pr,52,Economic,"Security Screening",Turkey,"HM-New Ineligibility",office,,1,,
pr,52,Economic,"Security Screening",Turkey,London,office,,3,,
pr,52,Economic,"Security Screening",Turkey,"Montreal Immigration",office,,18,,
pr,52,Economic,"Security Screening",Turkey,Paris,office,,17,,
pr,52,Economic,"Security Screening",Turkey,RROC,office,1,6,,
pr,52,Economic,"Security Screening",Turkey,"Vancouver Immigration",office,2,20,,
pr,52,Economic,"Security Screening",Turkey,Warsaw,office,,2,,
pr,52,Economic,"Security Screening",Turkey,"Whitehorse IRCC",office,,33,,
pr,52,Economic,"Security Screening",Turkey,Windsor,office,1,4,,
pr,52,Economic,"Security Screening",Turkey,Winnipeg,office,,4,,
pr,52,Economic,"Security Screening",Turkey,Yellowknife,office,,1,,
pr,52,Economic,"Security Screening",Turkmenistan,"Case Processing Centre Ottawa",office,,1,,
pr,52,Economic,"Security Screening",Turkmenistan,"CIO Sydney NS",office,,4,,
pr,52,Economic,"Security Screening",Turkmenistan,"Edmonton IRCC",office,,1,,
pr,52,Economic,"Security Screening",Turkmenistan,"Montreal Immigration",office,,1,,
pr,52,Economic,"Security Screening",Turkmenistan,Windsor,office,2,2,,
pr,52,Economic,"Security Screening",Turkmenistan,Winnipeg,office,1,1,,
pr,52,Economic,"Security Screening",Uganda,"Calgary Citizenship and Immigration Canada",office,,1,,
pr,52,Economic,"Security Screening",Uganda,"Case Processing Centre Edmonton",office,,2,,
pr,52,Economic,"Security Screening",Uganda,"Case Processing Centre Ottawa",office,,5,,
pr,52,Economic,"Security Screening",Uganda,"CIO Sydney NS",office,,3,,
pr,52,Economic,"Security Screening",Uganda,Paris,office,,1,,
pr,52,Economic,"Security Screening",Uganda,"Whitehorse IRCC",office,,6,,
pr,52,Economic,"Security Screening",Ukraine,"Calgary Citizenship and Immigration Canada",office,,16,,
pr,52,Economic,"Security Screening",Ukraine,"Case Processing Centre Edmonton",office,6,47,,
pr,52,Economic,"Security Screening",Ukraine,"Case Processing Centre Ottawa",office,15,100,,
pr,52,Economic,"Security Screening",Ukraine,"Charlottetown IRCC",office,,2,,
pr,52,Economic,"Security Screening",Ukraine,"CIO Sydney NS",office,369,1060,,
pr,52,Economic,"Security Screening",Ukraine,"Edmonton IRCC",office,9,32,,
pr,52,Economic,"Security Screening",Ukraine,Etobicoke,office,24,64,,
pr,52,Economic,"Security Screening",Ukraine,"Fredericton IRCC",office,,6,,
pr,52,Economic,"Security Screening",Ukraine,Halifax,office,3,46,,
pr,52,Economic,"Security Screening",Ukraine,"HM Niagara Falls",office,,11,,
pr,52,Economic,"Security Screening",Ukraine,"HM Toronto",office,81,130,,
pr,52,Economic,"Security Screening",Ukraine,Kitchener,office,1,6,,
pr,52,Economic,"Security Screening",Ukraine,London,office,1,4,,
pr,52,Economic,"Security Screening",Ukraine,"London England",office,,30,,
pr,52,Economic,"Security Screening",Ukraine,"Montreal Immigration",office,8,42,,
pr,52,Economic,"Security Screening",Ukraine,"Operational Support Performance Management And",office,,1,,
pr,52,Economic,"Security Screening",Ukraine,Ottawa,office,,5,,
pr,53,Economic,"Security Screening",Ukraine,Paris,office,,1,,
pr,53,Economic,"Security Screening",Ukraine,Pretoria,office,,2,,
pr,53,Economic,"Security Screening",Ukraine,"St John's IRCC",office,,1,,
pr,53,Economic,"Security Screening",Ukraine,"Vancouver Immigration",office,37,59,,
pr,53,Economic,"Security Screening",Ukraine,"Whitehorse IRCC",office,,24,,
pr,53,Economic,"Security Screening",Ukraine,Windsor,office,27,41,,
pr,53,Economic,"Security Screening",Ukraine,Winnipeg,office,36,68,,
pr,53,Economic,"Security Screening","United Arab Emirates","CIO Sydney NS",office,,1,,
pr,53,Economic,"Security Screening","United Arab Emirates","London England",office,,1,,
pr,53,Economic,"Security Screening","United Kingdom and Overseas Territories","Calgary Citizenship and Immigration Canada",office,,1,,
pr,53,Economic,"Security Screening","United Kingdom and Overseas Territories","Case Processing Centre Edmonton",office,,18,,
pr,53,Economic,"Security Screening","United Kingdom and Overseas Territories","Case Processing Centre Ottawa",office,,28,,
pr,53,Economic,"Security Screening","United Kingdom and Overseas Territories","CIO Sydney NS",office,13,37,,
pr,53,Economic,"Security Screening","United Kingdom and Overseas Territories","Edmonton IRCC",office,1,7,,
pr,53,Economic,"Security Screening","United Kingdom and Overseas Territories",Etobicoke,office,,11,,
pr,53,Economic,"Security Screening","United Kingdom and Overseas Territories",Halifax,office,,6,,
pr,53,Economic,"Security Screening","United Kingdom and Overseas Territories","London England",office,,4,,
pr,53,Economic,"Security Screening","United Kingdom and Overseas Territories","Montreal Immigration",office,1,15,,
pr,53,Economic,"Security Screening","United Kingdom and Overseas Territories",RROC,office,,2,,
pr,53,Economic,"Security Screening","United Kingdom and Overseas Territories","Vancouver Immigration",office,1,12,,
pr,53,Economic,"Security Screening","United Kingdom and Overseas Territories","Whitehorse IRCC",office,,19,,
pr,53,Economic,"Security Screening","United Kingdom and Overseas Territories",Winnipeg,office,,6,,
pr,53,Economic,"Security Screening","United Republic of Tanzania","Case Processing Centre Edmonton",office,,1,,
pr,53,Economic,"Security Screening","United Republic of Tanzania","Case Processing Centre Ottawa",office,,4,,
pr,53,Economic,"Security Screening","United Republic of Tanzania","CIO Sydney NS",office,2,3,,
pr,53,Economic,"Security Screening","United Republic of Tanzania",Kitchener,office,,1,,
pr,53,Economic,"Security Screening","United Republic of Tanzania","London England",office,,1,,
pr,53,Economic,"Security Screening","United Republic of Tanzania","Whitehorse IRCC",office,,6,,
pr,53,Economic,"Security Screening","United Republic of Tanzania",Winnipeg,office,,1,,
pr,53,Economic,"Security Screening","United States of America","Abu Dhabi",office,1,1,,
pr,53,Economic,"Security Screening","United States of America","Calgary Citizenship and Immigration Canada",office,,4,,
pr,53,Economic,"Security Screening","United States of America","Case Processing Centre Edmonton",office,2,13,,
pr,53,Economic,"Security Screening","United States of America","Case Processing Centre Ottawa",office,4,28,,
pr,53,Economic,"Security Screening","United States of America","CIO Sydney NS",office,9,42,,
pr,53,Economic,"Security Screening","United States of America","Edmonton IRCC",office,,2,,
pr,53,Economic,"Security Screening","United States of America",Etobicoke,office,,7,,
pr,53,Economic,"Security Screening","United States of America",Halifax,office,,1,,
pr,53,Economic,"Security Screening","United States of America",Kitchener,office,,1,,
pr,53,Economic,"Security Screening","United States of America",London,office,,1,,
pr,53,Economic,"Security Screening","United States of America","Montreal Immigration",office,1,9,,
pr,53,Economic,"Security Screening","United States of America",Paris,office,,1,,
pr,53,Economic,"Security Screening","United States of America",RROC,office,,1,,
pr,53,Economic,"Security Screening","United States of America","Vancouver Immigration",office,4,15,,
pr,53,Economic,"Security Screening","United States of America","Whitehorse IRCC",office,,6,,
pr,53,Economic,"Security Screening","United States of America",Windsor,office,2,3,,
pr,53,Economic,"Security Screening","United States of America",Winnipeg,office,,3,,
pr,53,Economic,"Security Screening",Uruguay,"CIO Sydney NS",office,,1,,
pr,53,Economic,"Security Screening",Uzbekistan,"Case Processing Centre Edmonton",office,,2,,
pr,53,Economic,"Security Screening",Uzbekistan,"Case Processing Centre Ottawa",office,1,10,,
pr,53,Economic,"Security Screening",Uzbekistan,"CIO Sydney NS",office,9,20,,
pr,53,Economic,"Security Screening",Uzbekistan,"Edmonton IRCC",office,,1,,
pr,53,Economic,"Security Screening",Uzbekistan,Etobicoke,office,2,3,,
pr,53,Economic,"Security Screening",Uzbekistan,Halifax,office,,3,,
pr,53,Economic,"Security Screening",Uzbekistan,"London England",office,,1,,
pr,53,Economic,"Security Screening",Uzbekistan,RROC,office,1,2,,
pr,53,Economic,"Security Screening",Uzbekistan,"Whitehorse IRCC",office,,1,,
pr,53,Economic,"Security Screening",Uzbekistan,Windsor,office,,4,,
pr,53,Economic,"Security Screening",Uzbekistan,Winnipeg,office,,2,,
pr,53,Economic,"Security Screening",Vanuatu,"Montreal Immigration",office,,1,,
pr,53,Economic,"Security Screening",Venezuela,"Case Processing Centre Edmonton",office,,7,,
pr,53,Economic,"Security Screening",Venezuela,"Case Processing Centre Ottawa",office,,19,,
pr,53,Economic,"Security Screening",Venezuela,"CIO Sydney NS",office,3,13,,
pr,53,Economic,"Security Screening",Venezuela,"Edmonton IRCC",office,,1,,
pr,53,Economic,"Security Screening",Venezuela,Etobicoke,office,,1,,
pr,53,Economic,"Security Screening",Venezuela,"Fredericton IRCC",office,,1,,
pr,53,Economic,"Security Screening",Venezuela,Halifax,office,,2,,
pr,53,Economic,"Security Screening",Venezuela,Kitchener,office,,1,,
pr,53,Economic,"Security Screening",Venezuela,"Mexico City",office,,9,,
pr,53,Economic,"Security Screening",Venezuela,"Montreal Immigration",office,1,8,,
pr,53,Economic,"Security Screening",Venezuela,Ottawa,office,,1,,
pr,53,Economic,"Security Screening",Venezuela,"Vancouver Immigration",office,,8,,
pr,53,Economic,"Security Screening",Venezuela,"Whitehorse IRCC",office,,5,,
pr,53,Economic,"Security Screening",Venezuela,Winnipeg,office,1,4,,
pr,53,Economic,"Security Screening","Yemen, Republic of","Calgary Citizenship and Immigration Canada",office,,1,,
pr,53,Economic,"Security Screening","Yemen, Republic of","Case Processing Centre Edmonton",office,1,3,,
pr,53,Economic,"Security Screening","Yemen, Republic of","Case Processing Centre Ottawa",office,,9,,
pr,53,Economic,"Security Screening","Yemen, Republic of","CIO Sydney NS",office,5,22,,
pr,53,Economic,"Security Screening","Yemen, Republic of","Edmonton IRCC",office,,1,,
pr,53,Economic,"Security Screening","Yemen, Republic of","Fredericton IRCC",office,,2,,
pr,53,Economic,"Security Screening","Yemen, Republic of",Halifax,office,,4,,
pr,53,Economic,"Security Screening","Yemen, Republic of","London England",office,,4,,
pr,53,Economic,"Security Screening","Yemen, Republic of","Montreal Immigration",office,,1,,
pr,53,Economic,"Security Screening","Yemen, Republic of",Ottawa,office,,1,,
pr,53,Economic,"Security Screening","Yemen, Republic of",Paris,office,,2,,
pr,53,Economic,"Security Screening","Yemen, Republic of",RROC,office,,1,,
pr,53,Economic,"Security Screening","Yemen, Republic of","Vancouver Immigration",office,,3,,
pr,53,Economic,"Security Screening","Yemen, Republic of","Whitehorse IRCC",office,,5,,
pr,53,Economic,"Security Screening","Yemen, Republic of",Windsor,office,3,4,,
pr,53,Economic,"Security Screening","Yemen, Republic of",Winnipeg,office,1,4,,
pr,53,Economic,"Security Screening",Zambia,"Case Processing Centre Edmonton",office,,1,,
pr,53,Economic,"Security Screening",Zambia,"CIO Sydney NS",office,,1,,
pr,53,Economic,"Security Screening",Zambia,"Whitehorse IRCC",office,,2,,
pr,53,Economic,"Security Screening",Zimbabwe,"Case Processing Centre Ottawa",office,,2,,
pr,53,Economic,"Security Screening",Zimbabwe,"CIO Sydney NS",office,,2,,
pr,53,Economic,"Security Screening",Zimbabwe,"DN West Virtual Team 1",office,,1,,
pr,53,Economic,"Security Screening",Zimbabwe,"Edmonton IRCC",office,,1,,
pr,53,Economic,"Security Screening",Zimbabwe,"Vancouver Immigration",office,1,2,,
pr,53,Economic,"Security Screening",Zimbabwe,"Whitehorse IRCC",office,,1,,
pr,53,Economic,"Security Screening",Zimbabwe,Winnipeg,office,,1,,
pr,41,Economic,"Security Screening","Missing data","Missing data",office,2,,MISSING_DATA_PLACEHOLDER,"Placeholder for data withheld from the ATIP release (s.16(1)(c) cell suppression): the printed parent total exceeds the visible rows by 2/0. Added so the group reconciles."
pr,53,"Family Class","HIRV Screening",Albania,Rome,office,,2,,
pr,53,"Family Class","HIRV Screening","Antigua and Barbuda","Case Processing Centre Mississauga",office,,1,,
pr,53,"Family Class","HIRV Screening",Bosnia-Hercegovina,Vienna,office,,3,,
pr,53,"Family Class","HIRV Screening",Brazil,"Case Processing Centre Mississauga",office,,2,,
pr,53,"Family Class","HIRV Screening",Brazil,"Mexico City",office,,1,,
pr,53,"Family Class","HIRV Screening",Brazil,"Niagara Falls IRCC",office,,1,,
pr,53,"Family Class","HIRV Screening",Colombia,Bogota,office,,5,,
pr,53,"Family Class","HIRV Screening",Colombia,"Case Processing Centre Mississauga",office,,1,,
pr,53,"Family Class","HIRV Screening",Colombia,"Sao Paulo",office,,1,,
pr,53,"Family Class","HIRV Screening","Congo, Democratic Republic of the","Irregular Migration BC",office,,1,,
pr,53,"Family Class","HIRV Screening",Croatia,"Case Processing Centre Mississauga",office,,2,,
pr,53,"Family Class","HIRV Screening",Croatia,Hamilton,office,,2,,
pr,53,"Family Class","HIRV Screening",Croatia,Vienna,office,1,2,,
pr,53,"Family Class","HIRV Screening",Cuba,"Mexico City",office,,2,,
pr,53,"Family Class","HIRV Screening",Cuba,"New York",office,,1,,
pr,53,"Family Class","HIRV Screening","Democratic Republic of Sudan","HM Niagara Falls",office,,1,,
pr,53,"Family Class","HIRV Screening","Dominican Republic","Mexico City",office,,1,,
pr,53,"Family Class","HIRV Screening",Ecuador,"Mexico City",office,,1,,
pr,53,"Family Class","HIRV Screening",Egypt,Cairo,office,,1,,
pr,53,"Family Class","HIRV Screening",Egypt,"Case Processing Centre Mississauga",office,,2,,
pr,53,"Family Class","HIRV Screening",Eritrea,"Sydney Australia",office,,1,,
pr,53,"Family Class","HIRV Screening",Ghana,Accra,office,,1,,
pr,54,"Family Class","HIRV Screening",Greece,Rome,office,,1,,
pr,54,"Family Class","HIRV Screening",Guatemala,"Mexico City",office,,1,,
pr,54,"Family Class","HIRV Screening",Haiti,"Kingston Jamaica",office,,2,,
pr,54,"Family Class","HIRV Screening",Haiti,"Mexico City",office,1,3,,
pr,54,"Family Class","HIRV Screening",Haiti,"New York",office,,1,,
pr,54,"Family Class","HIRV Screening",Haiti,Port-Au-Prince,office,1,39,,
pr,54,"Family Class","HIRV Screening",India,"Calgary Citizenship and Immigration Canada",office,,1,,
pr,54,"Family Class","HIRV Screening",India,Etobicoke,office,,1,,
pr,54,"Family Class","HIRV Screening",India,"New Delhi",office,,3,,
pr,54,"Family Class","HIRV Screening",Iran,Ankara,office,,1,,
pr,54,"Family Class","HIRV Screening",Iran,"Case Processing Centre Mississauga",office,,1,,
pr,54,"Family Class","HIRV Screening",Iraq,"Case Processing Centre Mississauga",office,,2,,
pr,54,"Family Class","HIRV Screening",Iraq,"London England",office,,1,,
pr,54,"Family Class","HIRV Screening",Iraq,"Los Angeles",office,,1,,
pr,54,"Family Class","HIRV Screening",Israel,"Case Processing Centre Mississauga",office,,1,,
pr,54,"Family Class","HIRV Screening",Israel,"Edmonton IRCC",office,,1,,
pr,54,"Family Class","HIRV Screening",Jamaica,"Case Processing Centre Mississauga",office,,4,,
pr,54,"Family Class","HIRV Screening",Jamaica,"Kingston Jamaica",office,,5,,
pr,54,"Family Class","HIRV Screening",Lebanon,Beirut,office,,3,,
pr,54,"Family Class","HIRV Screening",Lebanon,"Mexico City",office,,1,,
pr,54,"Family Class","HIRV Screening",Libya,Paris,office,,1,,
pr,54,"Family Class","HIRV Screening",Macedonia,Vienna,office,1,1,,
pr,54,"Family Class","HIRV Screening","Montenegro, Republic of",Vienna,office,,1,,
pr,54,"Family Class","HIRV Screening",Nicaragua,"Mexico City",office,,3,,
pr,54,"Family Class","HIRV Screening",Nigeria,Accra,office,1,7,,
pr,54,"Family Class","HIRV Screening","Palestinian Authority (Gaza/West Bank)","London England",office,,1,,
pr,54,"Family Class","HIRV Screening",Peru,"Mexico City",office,,1,,
pr,54,"Family Class","HIRV Screening",Peru,"Niagara Falls IRCC",office,,1,,
pr,54,"Family Class","HIRV Screening",Philippines,Manila,office,1,2,,
pr,54,"Family Class","HIRV Screening",Romania,Bucharest,office,,1,,
pr,54,"Family Class","HIRV Screening","Serbia, Republic of","Case Processing Centre Mississauga",office,,2,,
pr,54,"Family Class","HIRV Screening","Serbia, Republic of",Vienna,office,,4,,
pr,54,"Family Class","HIRV Screening","Sierra Leone","Case Processing Centre Mississauga",office,,1,,
pr,54,"Family Class","HIRV Screening","St. Kitts-Nevis","Mexico City",office,,1,,
pr,54,"Family Class","HIRV Screening",Stateless,Vienna,office,,1,,
pr,54,"Family Class","HIRV Screening",Syria,Amman,office,,1,,
pr,54,"Family Class","HIRV Screening",Syria,Vienna,office,,1,,
pr,54,"Family Class","HIRV Screening",Ukraine,"Case Processing Centre Mississauga",office,,1,,
pr,54,"Family Class","HIRV Screening","United States of America","Case Processing Centre Mississauga",office,,1,,
pr,54,"Family Class","HIRV Screening","United States of America","Case Processing Centre Ottawa",office,,1,,
pr,54,"Family Class","HIRV Screening",Venezuela,"Mexico City",office,,3,,
pr,54,"Family Class","HIRV Screening","Yemen, Republic of",Hamilton,office,,1,,
pr,53,"Family Class","HIRV Screening","Missing data","Missing data",office,,4,MISSING_DATA_PLACEHOLDER,"Placeholder for data withheld from the ATIP release (s.16(1)(c) cell suppression): the printed parent total exceeds the visible rows by 0/4. Added so the group reconciles."
pr,54,"Family Class","Org Crime Screening",Albania,"Case Processing Centre Mississauga",office,,1,,
pr,54,"Family Class","Org Crime Screening",Albania,"Montreal Immigration",office,,1,,
pr,54,"Family Class","Org Crime Screening",Albania,Rome,office,,2,,
pr,54,"Family Class","Org Crime Screening",Algeria,"Case Processing Centre Mississauga",office,,1,,
pr,54,"Family Class","Org Crime Screening",Argentina,"Hong Kong",office,1,1,,
pr,54,"Family Class","Org Crime Screening",Australia,"Case Processing Centre Mississauga",office,,1,,
pr,54,"Family Class","Org Crime Screening",Australia,"Sydney Australia",office,,1,,
pr,54,"Family Class","Org Crime Screening",Bangladesh,"Case Processing Centre Mississauga",office,,1,,
pr,54,"Family Class","Org Crime Screening",Barbados,"Case Processing Centre Mississauga",office,,3,,
pr,54,"Family Class","Org Crime Screening",Barbados,"Niagara Falls IRCC",office,,1,,
pr,54,"Family Class","Org Crime Screening",Bolivia,"Case Processing Centre Mississauga",office,,1,,
pr,54,"Family Class","Org Crime Screening",Brazil,"Case Processing Centre Mississauga",office,,4,,
pr,54,"Family Class","Org Crime Screening",Brazil,"Mexico City",office,,6,,
pr,54,"Family Class","Org Crime Screening",Bulgaria,Bucharest,office,,1,,
pr,54,"Family Class","Org Crime Screening",Chile,"Montreal Immigration",office,,2,,
pr,54,"Family Class","Org Crime Screening",Colombia,Bogota,office,,3,,
pr,54,"Family Class","Org Crime Screening",Colombia,"Case Processing Centre Mississauga",office,,3,,
pr,54,"Family Class","Org Crime Screening",Colombia,Etobicoke,office,,1,,
pr,54,"Family Class","Org Crime Screening",Colombia,"Mexico City",office,,1,,
pr,54,"Family Class","Org Crime Screening",Colombia,"Montreal Immigration",office,,1,,
pr,54,"Family Class","Org Crime Screening","Congo, Democratic Republic of the","Case Processing Centre Mississauga",office,,1,,
pr,54,"Family Class","Org Crime Screening","Costa Rica","Mexico City",office,,1,,
pr,54,"Family Class","Org Crime Screening",Cuba,"Mexico City",office,,1,,
pr,54,"Family Class","Org Crime Screening",Cuba,"Port of Spain",office,,1,,
pr,54,"Family Class","Org Crime Screening","Dominican Republic","Case Processing Centre Mississauga",office,1,2,,
pr,54,"Family Class","Org Crime Screening","Dominican Republic","Mexico City",office,,4,,
pr,54,"Family Class","Org Crime Screening","Dominican Republic","Montreal Immigration",office,,1,,
pr,54,"Family Class","Org Crime Screening",Ecuador,"Case Processing Centre Mississauga",office,,1,,
pr,54,"Family Class","Org Crime Screening",Ecuador,"Mexico City",office,,1,,
pr,54,"Family Class","Org Crime Screening",Egypt,"Case Processing Centre Mississauga",office,,1,,
pr,54,"Family Class","Org Crime Screening","El Salvador","Mexico City",office,,4,,
pr,54,"Family Class","Org Crime Screening","Federal Republic of Germany","Case Processing Centre Mississauga",office,,1,,
pr,54,"Family Class","Org Crime Screening",France,"Montreal Immigration",office,,1,,
pr,54,"Family Class","Org Crime Screening",Georgia,Ankara,office,,2,,
pr,54,"Family Class","Org Crime Screening",Ghana,"Case Processing Centre Mississauga",office,1,1,,
pr,54,"Family Class","Org Crime Screening",Grenada,"Mexico City",office,,1,,
pr,54,"Family Class","Org Crime Screening",Guatemala,"Mexico City",office,,4,,
pr,54,"Family Class","Org Crime Screening",Guyana,"Mexico City",office,,1,,
pr,54,"Family Class","Org Crime Screening",Haiti,"Mexico City",office,,3,,
pr,54,"Family Class","Org Crime Screening",Haiti,Port-Au-Prince,office,1,1,,
pr,54,"Family Class","Org Crime Screening",Honduras,"Case Processing Centre Mississauga",office,,1,,
pr,54,"Family Class","Org Crime Screening",Honduras,"Mexico City",office,,2,,
pr,54,"Family Class","Org Crime Screening","Hong Kong SAR","Case Processing Centre Mississauga",office,,3,,
pr,54,"Family Class","Org Crime Screening","Hong Kong SAR",Etobicoke,office,,1,,
pr,54,"Family Class","Org Crime Screening","Hong Kong SAR","Hong Kong",office,,4,,
pr,54,"Family Class","Org Crime Screening",Hungary,"Case Processing Centre Mississauga",office,,3,,
pr,54,"Family Class","Org Crime Screening",Hungary,Vienna,office,,1,,
pr,55,"Family Class","Org Crime Screening",India,"Case Processing Centre Mississauga",office,4,8,,
pr,55,"Family Class","Org Crime Screening",India,Etobicoke,office,,1,,
pr,55,"Family Class","Org Crime Screening",India,"New Delhi",office,,1,,
pr,55,"Family Class","Org Crime Screening",Iran,Ankara,office,,1,,
pr,55,"Family Class","Org Crime Screening",Iran,Vienna,office,,1,,
pr,55,"Family Class","Org Crime Screening",Israel,"Case Processing Centre Mississauga",office,,3,,
pr,55,"Family Class","Org Crime Screening",Israel,"Montreal Immigration",office,,1,,
pr,55,"Family Class","Org Crime Screening",Italy,"Case Processing Centre Mississauga",office,1,3,,
pr,55,"Family Class","Org Crime Screening",Italy,Rome,office,,2,,
pr,55,"Family Class","Org Crime Screening",Jamaica,"Case Processing Centre Mississauga",office,,4,,
pr,55,"Family Class","Org Crime Screening",Jamaica,"Kingston Jamaica",office,,4,,
pr,55,"Family Class","Org Crime Screening",Jamaica,"New York",office,1,1,,
pr,55,"Family Class","Org Crime Screening","Korea, Republic of","Case Processing Centre Mississauga",office,,3,,
pr,55,"Family Class","Org Crime Screening","Kosovo, Republic of",Vienna,office,,1,,
pr,55,"Family Class","Org Crime Screening",Lebanon,Beirut,office,,1,,
pr,55,"Family Class","Org Crime Screening",Lebanon,"Case Processing Centre Mississauga",office,,1,,
pr,55,"Family Class","Org Crime Screening",Lebanon,"Edmonton IRCC",office,,1,,
pr,55,"Family Class","Org Crime Screening",Mexico,"Calgary Citizenship and Immigration Canada",office,,1,,
pr,55,"Family Class","Org Crime Screening",Mexico,"Case Processing Centre Mississauga",office,1,13,,
pr,55,"Family Class","Org Crime Screening",Mexico,Etobicoke,office,,1,,
pr,55,"Family Class","Org Crime Screening",Mexico,London,office,,1,,
pr,55,"Family Class","Org Crime Screening",Mexico,"Mexico City",office,2,8,,
pr,55,"Family Class","Org Crime Screening",Mexico,"Montreal Immigration",office,,1,,
pr,55,"Family Class","Org Crime Screening","Montenegro, Republic of","Case Processing Centre Mississauga",office,,1,,
pr,55,"Family Class","Org Crime Screening",Morocco,"Case Processing Centre Mississauga",office,,1,,
pr,55,"Family Class","Org Crime Screening",Nicaragua,"Case Processing Centre Mississauga",office,,1,,
pr,55,"Family Class","Org Crime Screening",Nicaragua,"Mexico City",office,,2,,
pr,55,"Family Class","Org Crime Screening",Nigeria,Accra,office,2,3,,
pr,55,"Family Class","Org Crime Screening",Nigeria,"Case Processing Centre Mississauga",office,,7,,
pr,55,"Family Class","Org Crime Screening",Nigeria,"Montreal Immigration",office,,2,,
pr,55,"Family Class","Org Crime Screening",Pakistan,"Case Processing Centre Mississauga",office,,1,,
pr,55,"Family Class","Org Crime Screening",Pakistan,Warsaw,office,,1,,
pr,55,"Family Class","Org Crime Screening",Paraguay,"Buenos Aires",office,,1,,
pr,55,"Family Class","Org Crime Screening","Peoples Republic of Benin","Case Processing Centre Mississauga",office,,1,,
pr,55,"Family Class","Org Crime Screening","Peoples Republic of Benin","Montreal Immigration",office,,1,,
pr,55,"Family Class","Org Crime Screening","People's Republic of China","Calgary Citizenship and Immigration Canada",office,,2,,
pr,55,"Family Class","Org Crime Screening","People's Republic of China","Case Processing Centre Mississauga",office,2,15,,
pr,55,"Family Class","Org Crime Screening","People's Republic of China","Edmonton IRCC",office,,2,,
pr,55,"Family Class","Org Crime Screening","People's Republic of China",Etobicoke,office,,2,,
pr,55,"Family Class","Org Crime Screening","People's Republic of China","Hong Kong",office,,2,,
pr,55,"Family Class","Org Crime Screening","People's Republic of China","Montreal Immigration",office,,3,,
pr,55,"Family Class","Org Crime Screening","People's Republic of China",Vienna,office,,1,,
pr,55,"Family Class","Org Crime Screening",Peru,"Mexico City",office,,1,,
pr,55,"Family Class","Org Crime Screening",Philippines,"Case Processing Centre Mississauga",office,,3,,
pr,55,"Family Class","Org Crime Screening","Republic of Ivory Coast","Case Processing Centre Mississauga",office,,1,,
pr,55,"Family Class","Org Crime Screening",Russia,"Case Processing Centre Mississauga",office,,1,,
pr,55,"Family Class","Org Crime Screening","Socialist Republic of Vietnam","Case Processing Centre Mississauga",office,,7,,
pr,55,"Family Class","Org Crime Screening","Socialist Republic of Vietnam",Etobicoke,office,,1,,
pr,55,"Family Class","Org Crime Screening",Spain,"Mexico City",office,,1,,
pr,55,"Family Class","Org Crime Screening","Sri Lanka",Colombo,office,,1,,
pr,55,"Family Class","Org Crime Screening","Sri Lanka","Montreal Immigration",office,,1,,
pr,55,"Family Class","Org Crime Screening","St. Lucia","Case Processing Centre Mississauga",office,,1,,
pr,55,"Family Class","Org Crime Screening","St. Vincent and the Grenadines","Case Processing Centre Mississauga",office,,1,,
pr,55,"Family Class","Org Crime Screening",Taiwan,"Case Processing Centre Mississauga",office,,1,,
pr,55,"Family Class","Org Crime Screening",Ukraine,"Case Processing Centre Mississauga",office,,1,,
pr,55,"Family Class","Org Crime Screening","United Kingdom and Overseas Territories","Case Processing Centre Mississauga",office,,5,,
pr,55,"Family Class","Org Crime Screening","United Kingdom and Overseas Territories","London England",office,,1,,
pr,55,"Family Class","Org Crime Screening","United Kingdom and Overseas Territories","New York",office,,1,,
pr,55,"Family Class","Org Crime Screening","United States of America","Case Processing Centre Mississauga",office,,3,,
pr,55,"Family Class","Org Crime Screening",Venezuela,"Case Processing Centre Mississauga",office,,1,,
pr,55,"Family Class","Org Crime Screening",Venezuela,"Mexico City",office,,9,,
pr,54,"Family Class","Org Crime Screening","Missing data","Missing data",office,,2,MISSING_DATA_PLACEHOLDER,"Placeholder for data withheld from the ATIP release (s.16(1)(c) cell suppression): the printed parent total exceeds the visible rows by 0/2. Added so the group reconciles."
pr,55,"Family Class","Security Screening",Afghanistan,"Abu Dhabi",office,23,24,,
pr,55,"Family Class","Security Screening",Afghanistan,Ankara,office,2,15,,
pr,55,"Family Class","Security Screening",Afghanistan,"Calgary Citizenship and Immigration Canada",office,,3,,
pr,55,"Family Class","Security Screening",Afghanistan,"Case Processing Centre Mississauga",office,7,26,,
pr,55,"Family Class","Security Screening",Afghanistan,"Case Processing Centre Ottawa",office,,2,,
pr,55,"Family Class","Security Screening",Afghanistan,"DN West Virtual Team 1",office,,1,,
pr,55,"Family Class","Security Screening",Afghanistan,Etobicoke,office,,9,,
pr,55,"Family Class","Security Screening",Afghanistan,"HM Niagara Falls",office,,1,,
pr,55,"Family Class","Security Screening",Afghanistan,"Irregular Migration BC",office,,1,,
pr,55,"Family Class","Security Screening",Afghanistan,Islamabad,office,,2,,
pr,55,"Family Class","Security Screening",Afghanistan,Kitchener,office,,1,,
pr,55,"Family Class","Security Screening",Afghanistan,Kyiv,office,,1,,
pr,55,"Family Class","Security Screening",Afghanistan,"London England",office,,360,,
pr,55,"Family Class","Security Screening",Afghanistan,"Mexico City",office,,1,,
pr,55,"Family Class","Security Screening",Afghanistan,"Montreal Immigration",office,,4,,
pr,55,"Family Class","Security Screening",Afghanistan,"New Delhi",office,1,19,,
pr,55,"Family Class","Security Screening",Afghanistan,"New York",office,,1,,
pr,55,"Family Class","Security Screening",Afghanistan,Paris,office,7,9,,
pr,55,"Family Class","Security Screening",Afghanistan,Singapore,office,1,1,,
pr,55,"Family Class","Security Screening",Afghanistan,"Sydney Australia",office,,1,,
pr,55,"Family Class","Security Screening",Afghanistan,"Vancouver Immigration",office,,31,,
pr,55,"Family Class","Security Screening",Afghanistan,Vienna,office,1,37,,
pr,55,"Family Class","Security Screening",Afghanistan,Warsaw,office,,9,,
pr,55,"Family Class","Security Screening",Albania,"Case Processing Centre Mississauga",office,3,16,,
pr,55,"Family Class","Security Screening",Albania,Etobicoke,office,1,3,,
pr,55,"Family Class","Security Screening",Albania,"Irregular Migration BC",office,,1,,
pr,55,"Family Class","Security Screening",Albania,London,office,,2,,
pr,55,"Family Class","Security Screening",Albania,"Montreal Immigration",office,,3,,
pr,55,"Family Class","Security Screening",Albania,"New York",office,,1,,
pr,55,"Family Class","Security Screening",Albania,"Ottawa IR",office,,1,,
pr,55,"Family Class","Security Screening",Albania,Rome,office,,9,,
pr,55,"Family Class","Security Screening",Albania,"Vancouver Immigration",office,2,8,,
pr,55,"Family Class","Security Screening",Algeria,"Case Processing Centre Mississauga",office,30,78,,
pr,55,"Family Class","Security Screening",Algeria,"Case Processing Centre Ottawa",office,,1,,
pr,55,"Family Class","Security Screening",Algeria,Etobicoke,office,1,3,,
pr,55,"Family Class","Security Screening",Algeria,"HM Niagara Falls",office,,3,,
pr,55,"Family Class","Security Screening",Algeria,"Irregular Migration BC",office,,1,,
pr,55,"Family Class","Security Screening",Algeria,"London England",office,,2,,
pr,55,"Family Class","Security Screening",Algeria,Manila,office,,1,,
pr,55,"Family Class","Security Screening",Algeria,"Montreal Immigration",office,,30,,
pr,55,"Family Class","Security Screening",Algeria,"New York",office,,1,,
pr,55,"Family Class","Security Screening",Algeria,Paris,office,,67,,
pr,55,"Family Class","Security Screening",Algeria,Tunis,office,,2,,
pr,55,"Family Class","Security Screening",Algeria,"Vancouver Immigration",office,,2,,
pr,55,"Family Class","Security Screening",Algeria,Vienna,office,,2,,
pr,55,"Family Class","Security Screening",Angola,"Case Processing Centre Mississauga",office,1,1,,
pr,55,"Family Class","Security Screening",Angola,Paris,office,,1,,
pr,55,"Family Class","Security Screening","Antigua and Barbuda","Case Processing Centre Mississauga",office,,1,,
pr,55,"Family Class","Security Screening","Antigua and Barbuda","Edmonton IRCC",office,,1,,
pr,55,"Family Class","Security Screening","Antigua and Barbuda",Etobicoke,office,,1,,
pr,56,"Family Class","Security Screening",Argentina,"Case Processing Centre Mississauga",office,1,7,,
pr,56,"Family Class","Security Screening",Argentina,Hamilton,office,,1,,
pr,56,"Family Class","Security Screening",Argentina,London,office,,1,,
pr,56,"Family Class","Security Screening",Argentina,"Mexico City",office,,1,,
pr,56,"Family Class","Security Screening",Argentina,"Vancouver Immigration",office,,2,,
pr,56,"Family Class","Security Screening",Armenia,"Abu Dhabi",office,1,2,,
pr,56,"Family Class","Security Screening",Armenia,Amman,office,,3,,
pr,56,"Family Class","Security Screening",Armenia,Beirut,office,,2,,
pr,56,"Family Class","Security Screening",Armenia,"Case Processing Centre Mississauga",office,1,5,,
pr,56,"Family Class","Security Screening",Armenia,London,office,,7,,
pr,56,"Family Class","Security Screening",Armenia,"London England",office,,1,,
pr,56,"Family Class","Security Screening",Armenia,"Montreal Immigration",office,,1,,
pr,56,"Family Class","Security Screening",Armenia,"Vancouver Immigration",office,,2,,
pr,56,"Family Class","Security Screening",Armenia,Warsaw,office,,10,,
pr,56,"Family Class","Security Screening",Australia,"Case Processing Centre Mississauga",office,3,12,,
pr,56,"Family Class","Security Screening",Australia,"Case Processing Centre Ottawa",office,,3,,
pr,56,"Family Class","Security Screening",Australia,Etobicoke,office,,1,,
pr,56,"Family Class","Security Screening",Australia,"Sydney Australia",office,,2,,
pr,56,"Family Class","Security Screening",Austria,"Case Processing Centre Mississauga",office,,1,,
pr,56,"Family Class","Security Screening",Austria,"Case Processing Centre Ottawa",office,,1,,
pr,56,"Family Class","Security Screening",Austria,Etobicoke,office,,1,,
pr,56,"Family Class","Security Screening",Austria,Vienna,office,,2,,
pr,56,"Family Class","Security Screening",Azerbaijan,Ankara,office,,3,,
pr,56,"Family Class","Security Screening",Azerbaijan,"Case Processing Centre Mississauga",office,,4,,
pr,56,"Family Class","Security Screening",Azerbaijan,"DN West Virtual Team 1",office,,1,,
pr,56,"Family Class","Security Screening",Azerbaijan,London,office,,2,,
pr,56,"Family Class","Security Screening",Azerbaijan,"London England",office,,1,,
pr,56,"Family Class","Security Screening",Azerbaijan,"Montreal Immigration",office,1,1,,
pr,56,"Family Class","Security Screening","Bahama Islands, The","Case Processing Centre Mississauga",office,,2,,
pr,56,"Family Class","Security Screening",Bahrain,"Case Processing Centre Mississauga",office,,1,,
pr,56,"Family Class","Security Screening",Bahrain,"London England",office,,1,,
pr,56,"Family Class","Security Screening",Bangladesh,"Case Processing Centre Mississauga",office,33,106,,
pr,56,"Family Class","Security Screening",Bangladesh,"Case Processing Centre Ottawa",office,,5,,
pr,56,"Family Class","Security Screening",Bangladesh,"Edmonton IRCC",office,,1,,
pr,56,"Family Class","Security Screening",Bangladesh,Etobicoke,office,,5,,
pr,56,"Family Class","Security Screening",Bangladesh,"HM Niagara Falls",office,,1,,
pr,56,"Family Class","Security Screening",Bangladesh,"Irregular Migration BC",office,,1,,
pr,56,"Family Class","Security Screening",Bangladesh,Kitchener,office,,2,,
pr,56,"Family Class","Security Screening",Bangladesh,London,office,,21,,
pr,56,"Family Class","Security Screening",Bangladesh,"London England",office,,3,,
pr,56,"Family Class","Security Screening",Bangladesh,"Montreal Immigration",office,,6,,
pr,56,"Family Class","Security Screening",Bangladesh,"New York",office,,2,,
pr,56,"Family Class","Security Screening",Bangladesh,"Niagara Falls IRCC",office,,1,,
pr,56,"Family Class","Security Screening",Bangladesh,Paris,office,,1,,
pr,56,"Family Class","Security Screening",Bangladesh,Singapore,office,17,52,,
pr,56,"Family Class","Security Screening",Bangladesh,"Vancouver Immigration",office,,12,,
pr,56,"Family Class","Security Screening",Bangladesh,Vienna,office,,1,,
pr,56,"Family Class","Security Screening",Barbados,"Case Processing Centre Mississauga",office,1,5,,
pr,56,"Family Class","Security Screening",Barbados,Etobicoke,office,,1,,
pr,56,"Family Class","Security Screening",Barbados,"HM Montreal",office,1,1,,
pr,56,"Family Class","Security Screening",Barbados,"Irregular Migration BC",office,,1,,
pr,56,"Family Class","Security Screening",Barbados,Kitchener,office,,1,,
pr,56,"Family Class","Security Screening",Barbados,"Mexico City",office,,1,,
pr,56,"Family Class","Security Screening",Barbados,"Niagara Falls IRCC",office,,1,,
pr,56,"Family Class","Security Screening",Belarus,"Case Processing Centre Mississauga",office,5,12,,
pr,56,"Family Class","Security Screening",Belarus,"Hong Kong",office,,2,,
pr,56,"Family Class","Security Screening",Belarus,London,office,,5,,
pr,56,"Family Class","Security Screening",Belarus,"Montreal Immigration",office,,6,,
pr,56,"Family Class","Security Screening",Belarus,"Vancouver Immigration",office,,2,,
pr,56,"Family Class","Security Screening",Belarus,Warsaw,office,1,4,,
pr,56,"Family Class","Security Screening",Belgium,"Case Processing Centre Mississauga",office,,3,,
pr,56,"Family Class","Security Screening",Belgium,Etobicoke,office,,1,,
pr,56,"Family Class","Security Screening",Belgium,Paris,office,1,5,,
pr,56,"Family Class","Security Screening",Bolivia,"Case Processing Centre Mississauga",office,,1,,
pr,56,"Family Class","Security Screening",Bolivia,London,office,,1,,
pr,56,"Family Class","Security Screening",Bosnia-Hercegovina,"Case Processing Centre Mississauga",office,,4,,
pr,56,"Family Class","Security Screening",Bosnia-Hercegovina,"Irregular Migration BC",office,,1,,
pr,56,"Family Class","Security Screening",Bosnia-Hercegovina,London,office,,1,,
pr,56,"Family Class","Security Screening",Bosnia-Hercegovina,"Montreal Immigration",office,,3,,
pr,56,"Family Class","Security Screening",Bosnia-Hercegovina,"Vancouver Immigration",office,,1,,
pr,56,"Family Class","Security Screening",Bosnia-Hercegovina,Vienna,office,1,4,,
pr,56,"Family Class","Security Screening","Botswana, Republic of","Case Processing Centre Mississauga",office,,3,,
pr,56,"Family Class","Security Screening",Brazil,Beirut,office,,2,,
pr,56,"Family Class","Security Screening",Brazil,"Case Processing Centre Mississauga",office,7,39,,
pr,56,"Family Class","Security Screening",Brazil,"Case Processing Centre Ottawa",office,,1,,
pr,56,"Family Class","Security Screening",Brazil,Etobicoke,office,,6,,
pr,56,"Family Class","Security Screening",Brazil,"HM-New Ineligibility",office,,1,,
pr,56,"Family Class","Security Screening",Brazil,"Irregular Migration BC",office,,6,,
pr,56,"Family Class","Security Screening",Brazil,London,office,,17,,
pr,56,"Family Class","Security Screening",Brazil,"Mexico City",office,,18,,
pr,56,"Family Class","Security Screening",Brazil,"Montreal Immigration",office,,6,,
pr,56,"Family Class","Security Screening",Brazil,"Niagara Falls IRCC",office,,1,,
pr,56,"Family Class","Security Screening",Brazil,Paris,office,1,1,,
pr,56,"Family Class","Security Screening",Brazil,"Sao Paulo",office,,2,,
pr,56,"Family Class","Security Screening",Brazil,"Vancouver Immigration",office,,10,,
pr,56,"Family Class","Security Screening",Bulgaria,"Case Processing Centre Mississauga",office,3,7,,
pr,56,"Family Class","Security Screening",Bulgaria,"London England",office,,1,,
pr,56,"Family Class","Security Screening",Bulgaria,"Montreal Immigration",office,,1,,
pr,56,"Family Class","Security Screening",Bulgaria,Paris,office,1,6,,
pr,56,"Family Class","Security Screening",Burkina-Faso,"Case Processing Centre Mississauga",office,8,12,,
pr,56,"Family Class","Security Screening",Burkina-Faso,Dakar,office,,10,,
pr,56,"Family Class","Security Screening",Burkina-Faso,"New York",office,,1,,
pr,56,"Family Class","Security Screening",Burkina-Faso,Paris,office,,1,,
pr,56,"Family Class","Security Screening",Burundi,Beijing,office,,1,,
pr,56,"Family Class","Security Screening",Burundi,"Case Processing Centre Mississauga",office,2,5,,
pr,56,"Family Class","Security Screening",Burundi,Dar-Es-Salaam,office,,7,,
pr,56,"Family Class","Security Screening",Burundi,"Montreal Immigration",office,,1,,
pr,56,"Family Class","Security Screening",Burundi,Nairobi,office,,2,,
pr,56,"Family Class","Security Screening",Burundi,"Ottawa IR",office,,1,,
pr,56,"Family Class","Security Screening",Burundi,Paris,office,,1,,
pr,56,"Family Class","Security Screening",Burundi,"Vancouver Immigration",office,,5,,
pr,56,"Family Class","Security Screening",Burundi,Warsaw,office,1,1,,
pr,56,"Family Class","Security Screening",Cambodia,"Case Processing Centre Mississauga",office,2,2,,
pr,56,"Family Class","Security Screening",Cambodia,"Montreal Immigration",office,,2,,
pr,56,"Family Class","Security Screening",Cambodia,Singapore,office,1,5,,
pr,56,"Family Class","Security Screening",Cambodia,"Vancouver Immigration",office,,4,,
pr,56,"Family Class","Security Screening","Central African Republic","Case Processing Centre Mississauga",office,,1,,
pr,56,"Family Class","Security Screening","Chad, Republic of","Case Processing Centre Mississauga",office,,1,,
pr,56,"Family Class","Security Screening","Chad, Republic of",Dakar,office,,6,,
pr,56,"Family Class","Security Screening","Chad, Republic of","London England",office,,1,,
pr,56,"Family Class","Security Screening",Chile,"Case Processing Centre Mississauga",office,1,11,,
pr,56,"Family Class","Security Screening",Chile,Etobicoke,office,1,1,,
pr,56,"Family Class","Security Screening",Chile,"Irregular Migration BC",office,,2,,
pr,56,"Family Class","Security Screening",Chile,"Mexico City",office,,3,,
pr,56,"Family Class","Security Screening",Chile,"Ottawa IR",office,,1,,
pr,56,"Family Class","Security Screening",Colombia,Beirut,office,,1,,
pr,56,"Family Class","Security Screening",Colombia,Bogota,office,6,38,,
pr,56,"Family Class","Security Screening",Colombia,"Case Processing Centre Mississauga",office,15,46,,
pr,56,"Family Class","Security Screening",Colombia,"Case Processing Centre Ottawa",office,,1,,
pr,56,"Family Class","Security Screening",Colombia,Etobicoke,office,,12,,
pr,56,"Family Class","Security Screening",Colombia,"HM-New Ineligibility",office,,1,,
pr,56,"Family Class","Security Screening",Colombia,"Irregular Migration BC",office,,2,,
pr,56,"Family Class","Security Screening",Colombia,London,office,,4,,
pr,56,"Family Class","Security Screening",Colombia,"Mexico City",office,,3,,
pr,56,"Family Class","Security Screening",Colombia,"Montreal Immigration",office,1,22,,
pr,56,"Family Class","Security Screening",Colombia,"New York",office,,2,,
pr,56,"Family Class","Security Screening",Colombia,"Ottawa IR",office,,3,,
pr,56,"Family Class","Security Screening",Colombia,"Vancouver Immigration",office,,19,,
pr,57,"Family Class","Security Screening",Comoros,"London England",office,,1,,
pr,57,"Family Class","Security Screening","Congo, Democratic Republic of the","Case Processing Centre Mississauga",office,,5,,
pr,57,"Family Class","Security Screening","Congo, Democratic Republic of the",Dakar,office,,11,,
pr,57,"Family Class","Security Screening","Congo, Democratic Republic of the",Etobicoke,office,,2,,
pr,57,"Family Class","Security Screening","Congo, Democratic Republic of the","Irregular Migration BC",office,,2,,
pr,57,"Family Class","Security Screening","Congo, Democratic Republic of the","Montreal Immigration",office,,6,,
pr,57,"Family Class","Security Screening","Congo, Democratic Republic of the",Nairobi,office,4,6,,
pr,57,"Family Class","Security Screening","Congo, Democratic Republic of the","New York",office,,3,,
pr,57,"Family Class","Security Screening","Congo, Democratic Republic of the",Paris,office,,3,,
pr,57,"Family Class","Security Screening","Congo, Democratic Republic of the",Pretoria,office,,3,,
pr,57,"Family Class","Security Screening","Congo, Democratic Republic of the",Vienna,office,1,1,,
pr,57,"Family Class","Security Screening","Congo, People's Republic of the","Case Processing Centre Mississauga",office,1,7,,
pr,57,"Family Class","Security Screening","Congo, People's Republic of the",Dakar,office,,9,,
pr,57,"Family Class","Security Screening","Congo, People's Republic of the","Edmonton IRCC",office,,1,,
pr,57,"Family Class","Security Screening","Congo, People's Republic of the",Paris,office,,3,,
pr,57,"Family Class","Security Screening","Congo, People's Republic of the",Pretoria,office,,1,,
pr,57,"Family Class","Security Screening","Congo, People's Republic of the","Whitehorse IRCC",office,,1,,
pr,57,"Family Class","Security Screening","Costa Rica","Case Processing Centre Mississauga",office,,3,,
pr,57,"Family Class","Security Screening","Costa Rica",Etobicoke,office,1,4,,
pr,57,"Family Class","Security Screening","Costa Rica","Mexico City",office,,3,,
pr,57,"Family Class","Security Screening",Croatia,"Calgary Citizenship and Immigration Canada",office,,1,,
pr,57,"Family Class","Security Screening",Croatia,"Case Processing Centre Mississauga",office,2,12,,
pr,57,"Family Class","Security Screening",Croatia,"Case Processing Centre Ottawa",office,,1,,
pr,57,"Family Class","Security Screening",Croatia,Etobicoke,office,,1,,
pr,57,"Family Class","Security Screening",Croatia,Hamilton,office,,2,,
pr,57,"Family Class","Security Screening",Croatia,"Irregular Migration BC",office,,2,,
pr,57,"Family Class","Security Screening",Croatia,"Montreal Immigration",office,,2,,
pr,57,"Family Class","Security Screening",Cuba,Beijing,office,,3,,
pr,57,"Family Class","Security Screening",Cuba,Bogota,office,,1,,
pr,57,"Family Class","Security Screening",Cuba,"Case Processing Centre Mississauga",office,7,15,,
pr,57,"Family Class","Security Screening",Cuba,"Case Processing Centre Ottawa",office,,1,,
pr,57,"Family Class","Security Screening",Cuba,"Edmonton IRCC",office,,1,,
pr,57,"Family Class","Security Screening",Cuba,Etobicoke,office,,1,,
pr,57,"Family Class","Security Screening",Cuba,"HM Niagara Falls",office,,2,,
pr,57,"Family Class","Security Screening",Cuba,London,office,,11,,
pr,57,"Family Class","Security Screening",Cuba,"Mexico City",office,11,71,,
pr,57,"Family Class","Security Screening",Cuba,"Montreal Immigration",office,,3,,
pr,57,"Family Class","Security Screening",Cuba,"New York",office,,2,,
pr,57,"Family Class","Security Screening",Cuba,"Ottawa IR",office,,5,,
pr,57,"Family Class","Security Screening",Cuba,"Sao Paulo",office,,1,,
pr,57,"Family Class","Security Screening",Cuba,"Vancouver Immigration",office,,3,,
pr,57,"Family Class","Security Screening",Cuba,Warsaw,office,,1,,
pr,57,"Family Class","Security Screening",Cyprus,Ankara,office,,1,,
pr,57,"Family Class","Security Screening",Cyprus,"Case Processing Centre Mississauga",office,,3,,
pr,57,"Family Class","Security Screening","Czech Republic","Case Processing Centre Mississauga",office,,4,,
pr,57,"Family Class","Security Screening","Democratic Republic of Sudan","Abu Dhabi",office,1,1,,
pr,57,"Family Class","Security Screening","Democratic Republic of Sudan",Cairo,office,,1,,
pr,57,"Family Class","Security Screening","Democratic Republic of Sudan","Case Processing Centre Mississauga",office,1,3,,
pr,57,"Family Class","Security Screening","Democratic Republic of Sudan",Etobicoke,office,,2,,
pr,57,"Family Class","Security Screening","Democratic Republic of Sudan","HM Niagara Falls",office,,2,,
pr,57,"Family Class","Security Screening","Democratic Republic of Sudan","Irregular Migration BC",office,,1,,
pr,57,"Family Class","Security Screening","Democratic Republic of Sudan",London,office,,4,,
pr,57,"Family Class","Security Screening","Democratic Republic of Sudan","London England",office,,6,,
pr,57,"Family Class","Security Screening","Democratic Republic of Sudan","Montreal Immigration",office,,7,,
pr,57,"Family Class","Security Screening","Democratic Republic of Sudan",Nairobi,office,,1,,
pr,57,"Family Class","Security Screening","Democratic Republic of Sudan","New York",office,,1,,
pr,57,"Family Class","Security Screening","Democratic Republic of Sudan",Paris,office,,1,,
pr,57,"Family Class","Security Screening","Democratic Republic of Sudan",Rome,office,,29,,
pr,57,"Family Class","Security Screening","Democratic Republic of Sudan","Vancouver Immigration",office,,3,,
pr,57,"Family Class","Security Screening","Democratic Republic of Sudan",Vienna,office,,4,,
pr,57,"Family Class","Security Screening",Denmark,"Case Processing Centre Mississauga",office,,4,,
pr,57,"Family Class","Security Screening",Denmark,"Irregular Migration BC",office,,1,,
pr,57,"Family Class","Security Screening","Dominican Republic","Case Processing Centre Mississauga",office,2,7,,
pr,57,"Family Class","Security Screening","Dominican Republic",Etobicoke,office,1,2,,
pr,57,"Family Class","Security Screening","Dominican Republic",London,office,,1,,
pr,57,"Family Class","Security Screening","Dominican Republic","Mexico City",office,1,10,,
pr,57,"Family Class","Security Screening","Dominican Republic","Montreal Immigration",office,,4,,
pr,57,"Family Class","Security Screening","Dominican Republic","Vancouver Immigration",office,,1,,
pr,57,"Family Class","Security Screening","East Timor, Democratic Republic of",Singapore,office,,1,,
pr,57,"Family Class","Security Screening",Ecuador,"Case Processing Centre Mississauga",office,4,11,,
pr,57,"Family Class","Security Screening",Ecuador,Etobicoke,office,,4,,
pr,57,"Family Class","Security Screening",Ecuador,London,office,,2,,
pr,57,"Family Class","Security Screening",Ecuador,"Mexico City",office,,7,,
pr,57,"Family Class","Security Screening",Ecuador,"Montreal Immigration",office,,2,,
pr,57,"Family Class","Security Screening",Ecuador,Shanghai,office,,1,,
pr,57,"Family Class","Security Screening",Ecuador,Windsor,office,,1,,
pr,57,"Family Class","Security Screening",Egypt,"Abu Dhabi",office,2,2,,
pr,57,"Family Class","Security Screening",Egypt,Ankara,office,,1,,
pr,57,"Family Class","Security Screening",Egypt,Beijing,office,,2,,
pr,57,"Family Class","Security Screening",Egypt,Beirut,office,,1,,
pr,57,"Family Class","Security Screening",Egypt,Cairo,office,8,33,,
pr,57,"Family Class","Security Screening",Egypt,"Calgary Citizenship and Immigration Canada",office,,1,,
pr,57,"Family Class","Security Screening",Egypt,"Case Processing Centre Mississauga",office,11,85,,
pr,57,"Family Class","Security Screening",Egypt,"Case Processing Centre Ottawa",office,,9,,
pr,57,"Family Class","Security Screening",Egypt,Etobicoke,office,,9,,
pr,57,"Family Class","Security Screening",Egypt,"International RO",office,,1,,
pr,57,"Family Class","Security Screening",Egypt,"Irregular Migration BC",office,,1,,
pr,57,"Family Class","Security Screening",Egypt,London,office,,3,,
pr,57,"Family Class","Security Screening",Egypt,"London England",office,,12,,
pr,57,"Family Class","Security Screening",Egypt,"Los Angeles",office,,2,,
pr,57,"Family Class","Security Screening",Egypt,"Montreal Immigration",office,,6,,
pr,57,"Family Class","Security Screening",Egypt,"New York",office,,1,,
pr,57,"Family Class","Security Screening",Egypt,"Ottawa IR",office,,5,,
pr,57,"Family Class","Security Screening",Egypt,Paris,office,1,1,,
pr,57,"Family Class","Security Screening",Egypt,"Vancouver Immigration",office,,12,,
pr,57,"Family Class","Security Screening",Egypt,Vienna,office,,3,,
pr,57,"Family Class","Security Screening",Egypt,Windsor,office,,1,,
pr,57,"Family Class","Security Screening","El Salvador","Case Processing Centre Mississauga",office,2,15,,
pr,57,"Family Class","Security Screening","El Salvador",London,office,,4,,
pr,57,"Family Class","Security Screening","El Salvador","Mexico City",office,2,8,,
pr,57,"Family Class","Security Screening","El Salvador","Montreal Immigration",office,,3,,
pr,57,"Family Class","Security Screening","El Salvador","Vancouver Immigration",office,,1,,
pr,57,"Family Class","Security Screening","El Salvador",Windsor,office,,1,,
pr,57,"Family Class","Security Screening",Eritrea,"Abu Dhabi",office,1,2,,
pr,57,"Family Class","Security Screening",Eritrea,Beijing,office,,1,,
pr,57,"Family Class","Security Screening",Eritrea,Cairo,office,,6,,
pr,57,"Family Class","Security Screening",Eritrea,"Case Processing Centre Mississauga",office,1,4,,
pr,57,"Family Class","Security Screening",Eritrea,Dar-Es-Salaam,office,5,18,,
pr,57,"Family Class","Security Screening",Eritrea,Etobicoke,office,,1,,
pr,57,"Family Class","Security Screening",Eritrea,"London England",office,,9,,
pr,57,"Family Class","Security Screening",Eritrea,Nairobi,office,10,46,,
pr,57,"Family Class","Security Screening",Eritrea,"New York",office,,1,,
pr,57,"Family Class","Security Screening",Eritrea,Paris,office,3,9,,
pr,57,"Family Class","Security Screening",Eritrea,Pretoria,office,1,11,,
pr,57,"Family Class","Security Screening",Eritrea,Rome,office,,3,,
pr,57,"Family Class","Security Screening",Eritrea,"Vancouver Immigration",office,,2,,
pr,57,"Family Class","Security Screening",Eritrea,Vienna,office,1,10,,
pr,57,"Family Class","Security Screening",Estonia,"Case Processing Centre Mississauga",office,,1,,
pr,57,"Family Class","Security Screening",Ethiopia,Cairo,office,,1,,
pr,57,"Family Class","Security Screening",Ethiopia,"Case Processing Centre Mississauga",office,1,9,,
pr,57,"Family Class","Security Screening",Ethiopia,Dar-Es-Salaam,office,,4,,
pr,57,"Family Class","Security Screening",Ethiopia,"DN West Virtual Team 1",office,,1,,
pr,57,"Family Class","Security Screening",Ethiopia,Etobicoke,office,,4,,
pr,57,"Family Class","Security Screening",Ethiopia,"London England",office,,3,,
pr,58,"Family Class","Security Screening",Ethiopia,Nairobi,office,13,65,,
pr,58,"Family Class","Security Screening",Ethiopia,Ottawa,office,,1,,
pr,58,"Family Class","Security Screening",Ethiopia,Paris,office,1,1,,
pr,58,"Family Class","Security Screening",Ethiopia,Pretoria,office,1,8,,
pr,58,"Family Class","Security Screening",Ethiopia,"Vancouver Immigration",office,,6,,
pr,58,"Family Class","Security Screening",Ethiopia,Vienna,office,,2,,
pr,58,"Family Class","Security Screening","Federal Republic of Cameroon","Calgary Citizenship and Immigration Canada",office,,1,,
pr,58,"Family Class","Security Screening","Federal Republic of Cameroon","Case Processing Centre Mississauga",office,19,35,,
pr,58,"Family Class","Security Screening","Federal Republic of Cameroon",Dakar,office,,60,,
pr,58,"Family Class","Security Screening","Federal Republic of Cameroon","DN West Virtual Team 1",office,,2,,
pr,58,"Family Class","Security Screening","Federal Republic of Cameroon","Edmonton IRCC",office,,1,,
pr,58,"Family Class","Security Screening","Federal Republic of Cameroon","HM Niagara Falls",office,,1,,
pr,58,"Family Class","Security Screening","Federal Republic of Cameroon","HM-New Ineligibility",office,,1,,
pr,58,"Family Class","Security Screening","Federal Republic of Cameroon","Irregular Migration BC",office,,1,,
pr,58,"Family Class","Security Screening","Federal Republic of Cameroon",London,office,,2,,
pr,58,"Family Class","Security Screening","Federal Republic of Cameroon","Montreal Immigration",office,,13,,
pr,58,"Family Class","Security Screening","Federal Republic of Cameroon",Paris,office,,1,,
pr,58,"Family Class","Security Screening","Federal Republic of Cameroon","Vancouver Immigration",office,1,5,,
pr,58,"Family Class","Security Screening","Federal Republic of Germany",Amman,office,,1,,
pr,58,"Family Class","Security Screening","Federal Republic of Germany","Case Processing Centre Mississauga",office,4,22,,
pr,58,"Family Class","Security Screening","Federal Republic of Germany","Case Processing Centre Ottawa",office,,1,,
pr,58,"Family Class","Security Screening","Federal Republic of Germany","Irregular Migration BC",office,,1,,
pr,58,"Family Class","Security Screening","Federal Republic of Germany",London,office,,1,,
pr,58,"Family Class","Security Screening","Federal Republic of Germany","Mexico City",office,,2,,
pr,58,"Family Class","Security Screening","Federal Republic of Germany",Vienna,office,,4,,
pr,58,"Family Class","Security Screening",Fiji,Etobicoke,office,,1,,
pr,58,"Family Class","Security Screening",Finland,"Case Processing Centre Mississauga",office,1,1,,
pr,58,"Family Class","Security Screening",Finland,"Vancouver Immigration",office,,1,,
pr,58,"Family Class","Security Screening",France,Amman,office,,1,,
pr,58,"Family Class","Security Screening",France,"Case Processing Centre Mississauga",office,7,24,,
pr,58,"Family Class","Security Screening",France,"Case Processing Centre Ottawa",office,,2,,
pr,58,"Family Class","Security Screening",France,"Irregular Migration BC",office,,2,,
pr,58,"Family Class","Security Screening",France,London,office,,2,,
pr,58,"Family Class","Security Screening",France,"London England",office,,1,,
pr,58,"Family Class","Security Screening",France,"Mexico City",office,1,1,,
pr,58,"Family Class","Security Screening",France,"Montreal Immigration",office,,6,,
pr,58,"Family Class","Security Screening",France,Paris,office,1,3,,
pr,58,"Family Class","Security Screening",France,"Vancouver Immigration",office,,1,,
pr,58,"Family Class","Security Screening","Gabon Republic",Dakar,office,,2,,
pr,58,"Family Class","Security Screening","Gabon Republic","London England",office,,1,,
pr,58,"Family Class","Security Screening","Gabon Republic","Montreal Immigration",office,,3,,
pr,58,"Family Class","Security Screening",Gambia,Dakar,office,,2,,
pr,58,"Family Class","Security Screening",Gambia,Etobicoke,office,,1,,
pr,58,"Family Class","Security Screening",Gambia,"Matching Centre",office,,1,,
pr,58,"Family Class","Security Screening",Gambia,Rome,office,,1,,
pr,58,"Family Class","Security Screening",Georgia,Ankara,office,,2,,
pr,58,"Family Class","Security Screening",Georgia,"Case Processing Centre Mississauga",office,3,12,,
pr,58,"Family Class","Security Screening",Georgia,"DN West Virtual Team 1",office,,1,,
pr,58,"Family Class","Security Screening",Georgia,Etobicoke,office,,1,,
pr,58,"Family Class","Security Screening",Georgia,"Irregular Migration BC",office,,1,,
pr,58,"Family Class","Security Screening",Georgia,London,office,,1,,
pr,58,"Family Class","Security Screening",Ghana,Accra,office,1,7,,
pr,58,"Family Class","Security Screening",Ghana,"Calgary Citizenship and Immigration Canada",office,,1,,
pr,58,"Family Class","Security Screening",Ghana,"Case Processing Centre Mississauga",office,5,28,,
pr,58,"Family Class","Security Screening",Ghana,Etobicoke,office,2,7,,
pr,58,"Family Class","Security Screening",Ghana,Hamilton,office,,1,,
pr,58,"Family Class","Security Screening",Ghana,"Irregular Migration BC",office,,1,,
pr,58,"Family Class","Security Screening",Ghana,Kitchener,office,,1,,
pr,58,"Family Class","Security Screening",Ghana,London,office,,3,,
pr,58,"Family Class","Security Screening",Ghana,"London England",office,,1,,
pr,58,"Family Class","Security Screening",Ghana,"Montreal Immigration",office,,8,,
pr,58,"Family Class","Security Screening",Ghana,"Saskatoon IRCC",office,,1,,
pr,58,"Family Class","Security Screening",Ghana,"Vancouver Immigration",office,,1,,
pr,58,"Family Class","Security Screening",Greece,"Case Processing Centre Mississauga",office,,6,,
pr,58,"Family Class","Security Screening",Greece,"Montreal Immigration",office,,2,,
pr,58,"Family Class","Security Screening",Greece,Rome,office,,2,,
pr,58,"Family Class","Security Screening",Grenada,"Case Processing Centre Mississauga",office,,3,,
pr,58,"Family Class","Security Screening",Grenada,"Mexico City",office,,3,,
pr,58,"Family Class","Security Screening",Guatemala,"Case Processing Centre Mississauga",office,1,7,,
pr,58,"Family Class","Security Screening",Guatemala,Etobicoke,office,1,1,,
pr,58,"Family Class","Security Screening",Guatemala,"HM Niagara Falls",office,,1,,
pr,58,"Family Class","Security Screening",Guatemala,London,office,,1,,
pr,58,"Family Class","Security Screening",Guatemala,"Mexico City",office,,7,,
pr,58,"Family Class","Security Screening",Guatemala,"Vancouver Immigration",office,,3,,
pr,58,"Family Class","Security Screening","Guinea, Republic of","Case Processing Centre Mississauga",office,10,11,,
pr,58,"Family Class","Security Screening","Guinea, Republic of",Dakar,office,,10,,
pr,58,"Family Class","Security Screening","Guinea, Republic of","Irregular Migration BC",office,,1,,
pr,58,"Family Class","Security Screening","Guinea, Republic of","Montreal Immigration",office,,3,,
pr,58,"Family Class","Security Screening","Guinea, Republic of",Paris,office,1,3,,
pr,58,"Family Class","Security Screening","Guinea, Republic of","Vancouver Immigration",office,,2,,
pr,58,"Family Class","Security Screening",Guyana,"Case Processing Centre Mississauga",office,1,3,,
pr,58,"Family Class","Security Screening",Guyana,Etobicoke,office,,3,,
pr,58,"Family Class","Security Screening",Guyana,London,office,,5,,
pr,58,"Family Class","Security Screening",Guyana,"Mexico City",office,,7,,
pr,58,"Family Class","Security Screening",Guyana,"Montreal Immigration",office,,1,,
pr,58,"Family Class","Security Screening",Guyana,"Port of Spain",office,,1,,
pr,58,"Family Class","Security Screening",Haiti,"Case Processing Centre Mississauga",office,8,38,,
pr,58,"Family Class","Security Screening",Haiti,Etobicoke,office,1,5,,
pr,58,"Family Class","Security Screening",Haiti,"Irregular Migration BC",office,,1,,
pr,58,"Family Class","Security Screening",Haiti,London,office,,1,,
pr,58,"Family Class","Security Screening",Haiti,"Mexico City",office,14,36,,
pr,58,"Family Class","Security Screening",Haiti,"Montreal Immigration",office,,12,,
pr,58,"Family Class","Security Screening",Haiti,"New York",office,,1,,
pr,58,"Family Class","Security Screening",Haiti,"Sao Paulo",office,1,1,,
pr,58,"Family Class","Security Screening",Haiti,"Vancouver Immigration",office,2,2,,
pr,58,"Family Class","Security Screening",Honduras,"Case Processing Centre Mississauga",office,,9,,
pr,58,"Family Class","Security Screening",Honduras,"Case Processing Centre Ottawa",office,,1,,
pr,58,"Family Class","Security Screening",Honduras,Etobicoke,office,,3,,
pr,58,"Family Class","Security Screening",Honduras,London,office,,2,,
pr,58,"Family Class","Security Screening",Honduras,"Mexico City",office,1,6,,
pr,58,"Family Class","Security Screening",Honduras,"Montreal Immigration",office,,2,,
pr,58,"Family Class","Security Screening",Honduras,"Vancouver Immigration",office,,1,,
pr,58,"Family Class","Security Screening","Hong Kong SAR",Beijing,office,,2,,
pr,58,"Family Class","Security Screening","Hong Kong SAR","Case Processing Centre Mississauga",office,5,58,,
pr,58,"Family Class","Security Screening","Hong Kong SAR","Case Processing Centre Ottawa",office,,1,,
pr,58,"Family Class","Security Screening","Hong Kong SAR","DN West Virtual Team 1",office,,2,,
pr,58,"Family Class","Security Screening","Hong Kong SAR",Etobicoke,office,,1,,
pr,58,"Family Class","Security Screening","Hong Kong SAR","Hong Kong",office,,12,,
pr,58,"Family Class","Security Screening","Hong Kong SAR","Irregular Migration BC",office,,4,,
pr,58,"Family Class","Security Screening","Hong Kong SAR","Vancouver Immigration",office,,3,,
pr,58,"Family Class","Security Screening",Hungary,"Case Processing Centre Mississauga",office,,4,,
pr,58,"Family Class","Security Screening",Hungary,Etobicoke,office,,1,,
pr,58,"Family Class","Security Screening",Hungary,"Niagara Falls IRCC",office,,1,,
pr,58,"Family Class","Security Screening",Hungary,"Vancouver Immigration",office,,2,,
pr,58,"Family Class","Security Screening",Hungary,Vienna,office,,1,,
pr,58,"Family Class","Security Screening",Iceland,"Case Processing Centre Mississauga",office,,1,,
pr,58,"Family Class","Security Screening",India,Beijing,office,,1,,
pr,58,"Family Class","Security Screening",India,"Case Processing Centre Mississauga",office,370,1396,,
pr,58,"Family Class","Security Screening",India,"Case Processing Centre Ottawa",office,,35,,
pr,58,"Family Class","Security Screening",India,Dakar,office,,1,,
pr,58,"Family Class","Security Screening",India,"DN West Virtual Team 1",office,,10,,
pr,58,"Family Class","Security Screening",India,"Edmonton IRCC",office,,5,,
pr,58,"Family Class","Security Screening",India,Etobicoke,office,9,178,,
pr,58,"Family Class","Security Screening",India,Hamilton,office,,2,,
pr,58,"Family Class","Security Screening",India,"HM Montreal",office,,2,,
pr,58,"Family Class","Security Screening",India,"HM Niagara Falls",office,,6,,
pr,58,"Family Class","Security Screening",India,"HM-New Ineligibility",office,,3,,
pr,59,"Family Class","Security Screening",India,"Hong Kong",office,,1,,
pr,59,"Family Class","Security Screening",India,"Irregular Migration BC",office,,8,,
pr,59,"Family Class","Security Screening",India,London,office,,33,,
pr,59,"Family Class","Security Screening",India,"London England",office,,5,,
pr,59,"Family Class","Security Screening",India,Manila,office,,1,,
pr,59,"Family Class","Security Screening",India,"Montreal Immigration",office,5,44,,
pr,59,"Family Class","Security Screening",India,Nairobi,office,,1,,
pr,59,"Family Class","Security Screening",India,"New Delhi",office,61,309,,
pr,59,"Family Class","Security Screening",India,"New York",office,,10,,
pr,59,"Family Class","Security Screening",India,Ottawa,office,,1,,
pr,59,"Family Class","Security Screening",India,"Ottawa IR",office,,1,,
pr,59,"Family Class","Security Screening",India,Paris,office,,2,,
pr,59,"Family Class","Security Screening",India,Pretoria,office,,2,,
pr,59,"Family Class","Security Screening",India,"Sydney Australia",office,1,1,,
pr,59,"Family Class","Security Screening",India,"Vancouver Immigration",office,8,264,,
pr,59,"Family Class","Security Screening",India,Warsaw,office,,2,,
pr,59,"Family Class","Security Screening",India,Windsor,office,,2,,
pr,59,"Family Class","Security Screening",Iran,"Abu Dhabi",office,,1,,
pr,59,"Family Class","Security Screening",Iran,Amman,office,,1,,
pr,59,"Family Class","Security Screening",Iran,Ankara,office,16,268,,
pr,59,"Family Class","Security Screening",Iran,Beijing,office,,2,,
pr,59,"Family Class","Security Screening",Iran,Beirut,office,1,2,,
pr,59,"Family Class","Security Screening",Iran,"Case Processing Centre Mississauga",office,178,1059,,
pr,59,"Family Class","Security Screening",Iran,"Case Processing Centre Ottawa",office,,74,,
pr,59,"Family Class","Security Screening",Iran,"Case Cases Review Citizenship And Immigration",office,1,1,,
pr,59,"Family Class","Security Screening",Iran,Colombo,office,,1,,
pr,59,"Family Class","Security Screening",Iran,"Edmonton IRCC",office,,1,,
pr,59,"Family Class","Security Screening",Iran,Etobicoke,office,,16,,
pr,59,"Family Class","Security Screening",Iran,Hamilton,office,,6,,
pr,59,"Family Class","Security Screening",Iran,"HM Niagara Falls",office,,12,,
pr,59,"Family Class","Security Screening",Iran,"HM-New Ineligibility",office,,1,,
pr,59,"Family Class","Security Screening",Iran,"Irregular Migration BC",office,,28,,
pr,59,"Family Class","Security Screening",Iran,Kitchener,office,,2,,
pr,59,"Family Class","Security Screening",Iran,London,office,,72,,
pr,59,"Family Class","Security Screening",Iran,"London England",office,1,20,,
pr,59,"Family Class","Security Screening",Iran,"Mexico City",office,,1,,
pr,59,"Family Class","Security Screening",Iran,"Montreal Immigration",office,,23,,
pr,59,"Family Class","Security Screening",Iran,Nairobi,office,,1,,
pr,59,"Family Class","Security Screening",Iran,"New York",office,,11,,
pr,59,"Family Class","Security Screening",Iran,"Niagara Falls IRCC",office,,1,,
pr,59,"Family Class","Security Screening",Iran,Ottawa,office,,2,,
pr,59,"Family Class","Security Screening",Iran,"Port of Spain",office,,1,,
pr,59,"Family Class","Security Screening",Iran,Rome,office,,2,,
pr,59,"Family Class","Security Screening",Iran,"Sao Paulo",office,1,1,,
pr,59,"Family Class","Security Screening",Iran,Singapore,office,,3,,
pr,59,"Family Class","Security Screening",Iran,"Vancouver Immigration",office,4,63,,
pr,59,"Family Class","Security Screening",Iran,Vienna,office,,6,,
pr,59,"Family Class","Security Screening",Iran,Warsaw,office,,1,,
pr,59,"Family Class","Security Screening",Iran,Windsor,office,,1,,
pr,59,"Family Class","Security Screening",Iraq,"Abu Dhabi",office,1,1,,
pr,59,"Family Class","Security Screening",Iraq,Amman,office,19,118,,
pr,59,"Family Class","Security Screening",Iraq,Ankara,office,2,12,,
pr,59,"Family Class","Security Screening",Iraq,Beijing,office,,3,,
pr,59,"Family Class","Security Screening",Iraq,Beirut,office,,1,,
pr,59,"Family Class","Security Screening",Iraq,Bucharest,office,,9,,
pr,59,"Family Class","Security Screening",Iraq,Cairo,office,1,3,,
pr,59,"Family Class","Security Screening",Iraq,"Case Processing Centre Mississauga",office,3,39,,
pr,59,"Family Class","Security Screening",Iraq,Etobicoke,office,,8,,
pr,59,"Family Class","Security Screening",Iraq,Hamilton,office,,1,,
pr,59,"Family Class","Security Screening",Iraq,"Irregular Migration BC",office,,3,,
pr,59,"Family Class","Security Screening",Iraq,London,office,,4,,
pr,59,"Family Class","Security Screening",Iraq,"London England",office,,17,,
pr,59,"Family Class","Security Screening",Iraq,"Los Angeles",office,,1,,
pr,59,"Family Class","Security Screening",Iraq,"Montreal Immigration",office,,2,,
pr,59,"Family Class","Security Screening",Iraq,"New York",office,,6,,
pr,59,"Family Class","Security Screening",Iraq,"Ottawa IR",office,,16,,
pr,59,"Family Class","Security Screening",Iraq,Paris,office,,19,,
pr,59,"Family Class","Security Screening",Iraq,Rome,office,1,2,,
pr,59,"Family Class","Security Screening",Iraq,Singapore,office,2,4,,
pr,59,"Family Class","Security Screening",Iraq,"Sydney Australia",office,,2,,
pr,59,"Family Class","Security Screening",Iraq,"Vancouver Immigration",office,,25,,
pr,59,"Family Class","Security Screening",Iraq,Vienna,office,1,11,,
pr,59,"Family Class","Security Screening",Iraq,Windsor,office,,1,,
pr,59,"Family Class","Security Screening",Israel,"Case Processing Centre Mississauga",office,19,96,,
pr,59,"Family Class","Security Screening",Israel,"Case Processing Centre Ottawa",office,,1,,
pr,59,"Family Class","Security Screening",Israel,"Edmonton IRCC",office,,1,,
pr,59,"Family Class","Security Screening",Israel,Etobicoke,office,,5,,
pr,59,"Family Class","Security Screening",Israel,"HM Montreal",office,,1,,
pr,59,"Family Class","Security Screening",Israel,"HM Niagara Falls",office,,1,,
pr,59,"Family Class","Security Screening",Israel,"Irregular Migration BC",office,,4,,
pr,59,"Family Class","Security Screening",Israel,London,office,,10,,
pr,59,"Family Class","Security Screening",Israel,"London England",office,,1,,
pr,59,"Family Class","Security Screening",Israel,"Montreal Immigration",office,,5,,
pr,59,"Family Class","Security Screening",Israel,"Ottawa IR",office,,1,,
pr,59,"Family Class","Security Screening",Israel,"Tel Aviv",office,1,5,,
pr,59,"Family Class","Security Screening",Israel,"Vancouver Immigration",office,,12,,
pr,59,"Family Class","Security Screening",Italy,"Case Processing Centre Mississauga",office,,4,,
pr,59,"Family Class","Security Screening",Italy,"Case Processing Centre Ottawa",office,,3,,
pr,59,"Family Class","Security Screening",Italy,Etobicoke,office,,2,,
pr,59,"Family Class","Security Screening",Italy,"Irregular Migration BC",office,,1,,
pr,59,"Family Class","Security Screening",Italy,"Mexico City",office,,1,,
pr,59,"Family Class","Security Screening",Italy,"Montreal Immigration",office,,3,,
pr,59,"Family Class","Security Screening",Italy,Rome,office,,3,,
pr,59,"Family Class","Security Screening",Jamaica,"Case Processing Centre Mississauga",office,5,36,,
pr,59,"Family Class","Security Screening",Jamaica,"Case Processing Centre Ottawa",office,,1,,
pr,59,"Family Class","Security Screening",Jamaica,"DN West Virtual Team 1",office,,1,,
pr,59,"Family Class","Security Screening",Jamaica,Etobicoke,office,,4,,
pr,59,"Family Class","Security Screening",Jamaica,"HM Niagara Falls",office,,3,,
pr,59,"Family Class","Security Screening",Jamaica,"Irregular Migration BC",office,,1,,
pr,59,"Family Class","Security Screening",Jamaica,"Kingston Jamaica",office,2,2,,
pr,59,"Family Class","Security Screening",Jamaica,London,office,,4,,
pr,59,"Family Class","Security Screening",Jamaica,"Mexico City",office,,1,,
pr,59,"Family Class","Security Screening",Jamaica,"Montreal Immigration",office,,2,,
pr,59,"Family Class","Security Screening",Jamaica,"New York",office,,2,,
pr,59,"Family Class","Security Screening",Jamaica,"Vancouver Immigration",office,2,2,,
pr,59,"Family Class","Security Screening",Jamaica,Windsor,office,,1,,
pr,59,"Family Class","Security Screening",Japan,"Case Processing Centre Mississauga",office,1,6,,
pr,59,"Family Class","Security Screening",Japan,Etobicoke,office,,1,,
pr,59,"Family Class","Security Screening",Japan,Manila,office,1,1,,
pr,59,"Family Class","Security Screening",Japan,"Montreal Immigration",office,,2,,
pr,59,"Family Class","Security Screening",Jordan,"Abu Dhabi",office,1,2,,
pr,59,"Family Class","Security Screening",Jordan,Amman,office,4,21,,
pr,59,"Family Class","Security Screening",Jordan,Cairo,office,,1,,
pr,59,"Family Class","Security Screening",Jordan,"Calgary Citizenship and Immigration Canada",office,,1,,
pr,59,"Family Class","Security Screening",Jordan,"Case Processing Centre Mississauga",office,10,40,,
pr,59,"Family Class","Security Screening",Jordan,"DN West Virtual Team 1",office,,2,,
pr,59,"Family Class","Security Screening",Jordan,"Edmonton IRCC",office,,2,,
pr,59,"Family Class","Security Screening",Jordan,Etobicoke,office,,4,,
pr,59,"Family Class","Security Screening",Jordan,Hamilton,office,,1,,
pr,59,"Family Class","Security Screening",Jordan,"Irregular Migration BC",office,,3,,
pr,59,"Family Class","Security Screening",Jordan,London,office,,3,,
pr,59,"Family Class","Security Screening",Jordan,"London England",office,,11,,
pr,59,"Family Class","Security Screening",Jordan,"Montreal Immigration",office,2,6,,
pr,59,"Family Class","Security Screening",Jordan,Ottawa,office,,4,,
pr,59,"Family Class","Security Screening",Jordan,"Ottawa IR",office,,4,,
pr,59,"Family Class","Security Screening",Jordan,Paris,office,,5,,
pr,59,"Family Class","Security Screening",Jordan,"Tel Aviv",office,,1,,
pr,59,"Family Class","Security Screening",Jordan,"Vancouver Immigration",office,2,15,,
pr,59,"Family Class","Security Screening",Jordan,Vienna,office,,7,,
pr,59,"Family Class","Security Screening",Kazakhstan,"Case Processing Centre Mississauga",office,2,8,,
pr,59,"Family Class","Security Screening",Kazakhstan,Hamilton,office,,1,,
pr,59,"Family Class","Security Screening",Kazakhstan,"Hong Kong",office,,1,,
pr,59,"Family Class","Security Screening",Kazakhstan,"Irregular Migration BC",office,,1,,
pr,59,"Family Class","Security Screening",Kazakhstan,London,office,,1,,
pr,59,"Family Class","Security Screening",Kazakhstan,"Montreal Immigration",office,,1,,
pr,59,"Family Class","Security Screening",Kazakhstan,"Vancouver Immigration",office,,3,,
pr,59,"Family Class","Security Screening",Kazakhstan,Warsaw,office,,3,,
pr,60,"Family Class","Security Screening",Kenya,"Case Processing Centre Mississauga",office,4,14,,
pr,60,"Family Class","Security Screening",Kenya,Etobicoke,office,,3,,
pr,60,"Family Class","Security Screening",Kenya,"Montreal Immigration",office,,2,,
pr,60,"Family Class","Security Screening",Kenya,Nairobi,office,5,43,,
pr,60,"Family Class","Security Screening",Kenya,"New York",office,,1,,
pr,60,"Family Class","Security Screening",Kenya,"Ottawa IR",office,,1,,
pr,60,"Family Class","Security Screening",Kenya,"Vancouver Immigration",office,,5,,
pr,60,"Family Class","Security Screening","Korea, People's Democratic Republic of",Etobicoke,office,,1,,
pr,60,"Family Class","Security Screening","Korea, Republic of","Case Processing Centre Mississauga",office,4,64,,
pr,60,"Family Class","Security Screening","Korea, Republic of","Case Processing Centre Ottawa",office,,2,,
pr,60,"Family Class","Security Screening","Korea, Republic of","DN West Virtual Team 1",office,,2,,
pr,60,"Family Class","Security Screening","Korea, Republic of",Etobicoke,office,2,12,,
pr,60,"Family Class","Security Screening","Korea, Republic of","Irregular Migration BC",office,,5,,
pr,60,"Family Class","Security Screening","Korea, Republic of",London,office,,4,,
pr,60,"Family Class","Security Screening","Korea, Republic of","Montreal Immigration",office,,3,,
pr,60,"Family Class","Security Screening","Korea, Republic of",Ottawa,office,,2,,
pr,60,"Family Class","Security Screening","Korea, Republic of","Vancouver Immigration",office,1,2,,
pr,60,"Family Class","Security Screening","Kosovo, Republic of","Case Processing Centre Mississauga",office,1,6,,
pr,60,"Family Class","Security Screening","Kosovo, Republic of",Etobicoke,office,,1,,
pr,60,"Family Class","Security Screening","Kosovo, Republic of","Irregular Migration BC",office,,1,,
pr,60,"Family Class","Security Screening","Kosovo, Republic of","Montreal Immigration",office,,5,,
pr,60,"Family Class","Security Screening","Kosovo, Republic of","Vancouver Immigration",office,1,4,,
pr,60,"Family Class","Security Screening","Kosovo, Republic of",Vienna,office,,3,,
pr,60,"Family Class","Security Screening",Kuwait,"Case Processing Centre Mississauga",office,,2,,
pr,60,"Family Class","Security Screening",Kyrgyzstan,Ankara,office,,1,,
pr,60,"Family Class","Security Screening",Kyrgyzstan,"Montreal Immigration",office,,1,,
pr,60,"Family Class","Security Screening",Kyrgyzstan,Warsaw,office,,2,,
pr,60,"Family Class","Security Screening",Laos,"Case Processing Centre Mississauga",office,,1,,
pr,60,"Family Class","Security Screening",Latvia,"Case Processing Centre Mississauga",office,,2,,
pr,60,"Family Class","Security Screening",Lebanon,Accra,office,,3,,
pr,60,"Family Class","Security Screening",Lebanon,Amman,office,1,1,,
pr,60,"Family Class","Security Screening",Lebanon,Beirut,office,51,818,,
pr,60,"Family Class","Security Screening",Lebanon,"Calgary Citizenship and Immigration Canada",office,,1,,
pr,60,"Family Class","Security Screening",Lebanon,"Case Processing Centre Mississauga",office,32,183,,
pr,60,"Family Class","Security Screening",Lebanon,"Case Processing Centre Ottawa",office,,2,,
pr,60,"Family Class","Security Screening",Lebanon,Dakar,office,,7,,
pr,60,"Family Class","Security Screening",Lebanon,"DN West Virtual Team 1",office,,1,,
pr,60,"Family Class","Security Screening",Lebanon,"Edmonton IRCC",office,,6,,
pr,60,"Family Class","Security Screening",Lebanon,Etobicoke,office,,25,,
pr,60,"Family Class","Security Screening",Lebanon,"HM Montreal",office,,1,,
pr,60,"Family Class","Security Screening",Lebanon,"HM Vancouver",office,,1,,
pr,60,"Family Class","Security Screening",Lebanon,"Irregular Migration BC",office,,1,,
pr,60,"Family Class","Security Screening",Lebanon,London,office,,3,,
pr,60,"Family Class","Security Screening",Lebanon,"London England",office,,18,,
pr,60,"Family Class","Security Screening",Lebanon,"Mexico City",office,,2,,
pr,60,"Family Class","Security Screening",Lebanon,"Montreal Immigration",office,,15,,
pr,60,"Family Class","Security Screening",Lebanon,"New York",office,,1,,
pr,60,"Family Class","Security Screening",Lebanon,"Operational Support Performance Management And",office,,1,,
pr,60,"Family Class","Security Screening",Lebanon,Ottawa,office,,1,,
pr,60,"Family Class","Security Screening",Lebanon,"Ottawa IR",office,,1,,
pr,60,"Family Class","Security Screening",Lebanon,Pretoria,office,,1,,
pr,60,"Family Class","Security Screening",Lebanon,"Sao Paulo",office,,2,,
pr,60,"Family Class","Security Screening",Lebanon,"Vancouver Immigration",office,1,31,,
pr,60,"Family Class","Security Screening",Lebanon,Vienna,office,,1,,
pr,60,"Family Class","Security Screening",Lebanon,Warsaw,office,,1,,
pr,60,"Family Class","Security Screening",Lebanon,Windsor,office,,1,,
pr,60,"Family Class","Security Screening",Liberia,Accra,office,,1,,
pr,60,"Family Class","Security Screening",Liberia,"Case Processing Centre Mississauga",office,,1,,
pr,60,"Family Class","Security Screening",Libya,Amman,office,,1,,
pr,60,"Family Class","Security Screening",Libya,Ankara,office,,1,,
pr,60,"Family Class","Security Screening",Libya,Beirut,office,,1,,
pr,60,"Family Class","Security Screening",Libya,"Case Processing Centre Mississauga",office,3,38,,
pr,60,"Family Class","Security Screening",Libya,Etobicoke,office,,2,,
pr,60,"Family Class","Security Screening",Libya,London,office,,1,,
pr,60,"Family Class","Security Screening",Libya,"London England",office,,1,,
pr,60,"Family Class","Security Screening",Libya,"Montreal Immigration",office,,3,,
pr,60,"Family Class","Security Screening",Libya,"New York",office,,1,,
pr,60,"Family Class","Security Screening",Libya,"Ottawa IR",office,,2,,
pr,60,"Family Class","Security Screening",Libya,Paris,office,6,84,,
pr,60,"Family Class","Security Screening",Libya,Singapore,office,1,1,,
pr,60,"Family Class","Security Screening",Libya,"Vancouver Immigration",office,,2,,
pr,60,"Family Class","Security Screening",Lithuania,Warsaw,office,,2,,
pr,60,"Family Class","Security Screening","Macao SAR","Hong Kong",office,,1,,
pr,60,"Family Class","Security Screening",Macedonia,"Case Processing Centre Mississauga",office,1,5,,
pr,60,"Family Class","Security Screening",Macedonia,Etobicoke,office,,1,,
pr,60,"Family Class","Security Screening",Macedonia,"Vancouver Immigration",office,,4,,
pr,60,"Family Class","Security Screening",Macedonia,Vienna,office,,2,,
pr,60,"Family Class","Security Screening",Madagascar,Etobicoke,office,,1,,
pr,60,"Family Class","Security Screening",Malawi,"Case Processing Centre Mississauga",office,,1,,
pr,60,"Family Class","Security Screening",Malaysia,"Calgary Citizenship and Immigration Canada",office,,1,,
pr,60,"Family Class","Security Screening",Malaysia,"Case Processing Centre Mississauga",office,1,2,,
pr,60,"Family Class","Security Screening",Malaysia,London,office,,1,,
pr,60,"Family Class","Security Screening","Mali, Republic of","Case Processing Centre Mississauga",office,,2,,
pr,60,"Family Class","Security Screening","Mali, Republic of",Dakar,office,,3,,
pr,60,"Family Class","Security Screening","Mali, Republic of",Etobicoke,office,,1,,
pr,60,"Family Class","Security Screening","Mali, Republic of","Montreal Immigration",office,,1,,
pr,60,"Family Class","Security Screening","Mali, Republic of","Vancouver Immigration",office,,1,,
pr,60,"Family Class","Security Screening",Mauritania,"Case Processing Centre Mississauga",office,,2,,
pr,60,"Family Class","Security Screening",Mauritania,Dakar,office,,2,,
pr,60,"Family Class","Security Screening",Mauritania,"Edmonton IRCC",office,,2,,
pr,60,"Family Class","Security Screening",Mauritius,"Case Processing Centre Mississauga",office,2,5,,
pr,60,"Family Class","Security Screening",Mauritius,Pretoria,office,,5,,
pr,60,"Family Class","Security Screening",Mauritius,"Vancouver Immigration",office,,2,,
pr,60,"Family Class","Security Screening",Mexico,"Calgary Citizenship and Immigration Canada",office,,3,,
pr,60,"Family Class","Security Screening",Mexico,"Case Processing Centre Mississauga",office,32,176,,
pr,60,"Family Class","Security Screening",Mexico,"Case Processing Centre Ottawa",office,,1,,
pr,60,"Family Class","Security Screening",Mexico,"Case Cases Review Citizenship And Immigration",office,,2,,
pr,60,"Family Class","Security Screening",Mexico,"DN West Virtual Team 1",office,,4,,
pr,60,"Family Class","Security Screening",Mexico,"Edmonton IRCC",office,,2,,
pr,60,"Family Class","Security Screening",Mexico,Etobicoke,office,7,24,,
pr,60,"Family Class","Security Screening",Mexico,"Irregular Migration BC",office,,3,,
pr,60,"Family Class","Security Screening",Mexico,London,office,,7,,
pr,60,"Family Class","Security Screening",Mexico,"Mexico City",office,3,18,,
pr,60,"Family Class","Security Screening",Mexico,"Montreal Immigration",office,,11,,
pr,60,"Family Class","Security Screening",Mexico,"Niagara Falls IRCC",office,,1,,
pr,60,"Family Class","Security Screening",Mexico,Ottawa,office,,2,,
pr,60,"Family Class","Security Screening",Mexico,"Vancouver Immigration",office,,13,,
pr,60,"Family Class","Security Screening",Moldova,"Case Processing Centre Mississauga",office,10,12,,
pr,60,"Family Class","Security Screening",Moldova,"HM Niagara Falls",office,,2,,
pr,60,"Family Class","Security Screening",Moldova,"Irregular Migration BC",office,,1,,
pr,60,"Family Class","Security Screening",Moldova,London,office,,2,,
pr,60,"Family Class","Security Screening",Moldova,"Montreal Immigration",office,,15,,
pr,60,"Family Class","Security Screening",Moldova,Paris,office,,7,,
pr,60,"Family Class","Security Screening",Moldova,Rome,office,,1,,
pr,60,"Family Class","Security Screening",Moldova,"Vancouver Immigration",office,,2,,
pr,60,"Family Class","Security Screening","Mongolia, People's Republic of","Case Processing Centre Mississauga",office,2,4,,
pr,60,"Family Class","Security Screening","Mongolia, People's Republic of","DN West Virtual Team 1",office,,1,,
pr,60,"Family Class","Security Screening","Mongolia, People's Republic of","Hong Kong",office,,8,,
pr,60,"Family Class","Security Screening","Mongolia, People's Republic of","Montreal Immigration",office,,2,,
pr,60,"Family Class","Security Screening","Mongolia, People's Republic of","New York",office,,1,,
pr,60,"Family Class","Security Screening","Montenegro, Republic of","Case Processing Centre Mississauga",office,,1,,
pr,61,"Family Class","Security Screening",Morocco,Beijing,office,,1,,
pr,61,"Family Class","Security Screening",Morocco,"Case Processing Centre Mississauga",office,6,55,,
pr,61,"Family Class","Security Screening",Morocco,"Case Processing Centre Ottawa",office,,2,,
pr,61,"Family Class","Security Screening",Morocco,Etobicoke,office,1,1,,
pr,61,"Family Class","Security Screening",Morocco,"HM Niagara Falls",office,,1,,
pr,61,"Family Class","Security Screening",Morocco,"Irregular Migration BC",office,,1,,
pr,61,"Family Class","Security Screening",Morocco,"London England",office,,5,,
pr,61,"Family Class","Security Screening",Morocco,"Montreal Immigration",office,,5,,
pr,61,"Family Class","Security Screening",Morocco,Ottawa,office,,1,,
pr,61,"Family Class","Security Screening",Morocco,Paris,office,,4,,
pr,61,"Family Class","Security Screening",Morocco,Rabat,office,,27,,
pr,61,"Family Class","Security Screening",Morocco,Rome,office,,1,,
pr,61,"Family Class","Security Screening",Mozambique,"Case Processing Centre Mississauga",office,1,2,,
pr,61,"Family Class","Security Screening","Myanmar (Burma)","Case Processing Centre Mississauga",office,,2,,
pr,61,"Family Class","Security Screening","Myanmar (Burma)",Singapore,office,,1,,
pr,61,"Family Class","Security Screening",Namibia,"Irregular Migration BC",office,,1,,
pr,61,"Family Class","Security Screening",Namibia,"Vancouver Immigration",office,,1,,
pr,61,"Family Class","Security Screening",Nepal,"Case Processing Centre Mississauga",office,10,15,,
pr,61,"Family Class","Security Screening",Nepal,Etobicoke,office,,1,,
pr,61,"Family Class","Security Screening",Nepal,London,office,,4,,
pr,61,"Family Class","Security Screening",Nepal,"Montreal Immigration",office,,5,,
pr,61,"Family Class","Security Screening",Nepal,"New Delhi",office,,1,,
pr,61,"Family Class","Security Screening",Nepal,"Vancouver Immigration",office,,14,,
pr,61,"Family Class","Security Screening","New Zealand","Case Processing Centre Mississauga",office,1,4,,
pr,61,"Family Class","Security Screening","New Zealand","Case Processing Centre Ottawa",office,,4,,
pr,61,"Family Class","Security Screening","New Zealand","Hong Kong",office,,1,,
pr,61,"Family Class","Security Screening","New Zealand","Irregular Migration BC",office,,1,,
pr,61,"Family Class","Security Screening",Nicaragua,"Case Processing Centre Mississauga",office,1,2,,
pr,61,"Family Class","Security Screening",Nicaragua,"Irregular Migration BC",office,,1,,
pr,61,"Family Class","Security Screening",Nicaragua,"Mexico City",office,,12,,
pr,61,"Family Class","Security Screening",Nigeria,Accra,office,11,41,,
pr,61,"Family Class","Security Screening",Nigeria,Amman,office,2,2,,
pr,61,"Family Class","Security Screening",Nigeria,"Bucharest Global Operations Centre",office,3,4,,
pr,61,"Family Class","Security Screening",Nigeria,"Calgary Citizenship and Immigration Canada",office,,2,,
pr,61,"Family Class","Security Screening",Nigeria,"Case Processing Centre Mississauga",office,59,156,,
pr,61,"Family Class","Security Screening",Nigeria,Dakar,office,,2,,
pr,61,"Family Class","Security Screening",Nigeria,"DN West Virtual Team 1",office,,2,,
pr,61,"Family Class","Security Screening",Nigeria,"Edmonton IRCC",office,,3,,
pr,61,"Family Class","Security Screening",Nigeria,Etobicoke,office,5,22,,
pr,61,"Family Class","Security Screening",Nigeria,Hamilton,office,,4,,
pr,61,"Family Class","Security Screening",Nigeria,"HM Niagara Falls",office,,6,,
pr,61,"Family Class","Security Screening",Nigeria,"Irregular Migration BC",office,,3,,
pr,61,"Family Class","Security Screening",Nigeria,Kitchener,office,,2,,
pr,61,"Family Class","Security Screening",Nigeria,Lagos,office,,1,,
pr,61,"Family Class","Security Screening",Nigeria,London,office,,44,,
pr,61,"Family Class","Security Screening",Nigeria,"London England",office,,2,,
pr,61,"Family Class","Security Screening",Nigeria,"Montreal Immigration",office,,60,,
pr,61,"Family Class","Security Screening",Nigeria,Ottawa,office,,1,,
pr,61,"Family Class","Security Screening",Nigeria,"Vancouver Immigration",office,2,39,,
pr,61,"Family Class","Security Screening",Nigeria,Warsaw,office,,1,,
pr,61,"Family Class","Security Screening",Nigeria,Windsor,office,,2,,
pr,61,"Family Class","Security Screening",Norway,"Case Processing Centre Mississauga",office,2,7,,
pr,61,"Family Class","Security Screening",Norway,London,office,,1,,
pr,61,"Family Class","Security Screening",Norway,"London England",office,,4,,
pr,61,"Family Class","Security Screening",Norway,"Montreal Immigration",office,,1,,
pr,61,"Family Class","Security Screening",Norway,"Vancouver Immigration",office,,1,,
pr,61,"Family Class","Security Screening",Oman,"Case Processing Centre Mississauga",office,,1,,
pr,61,"Family Class","Security Screening",Pakistan,"Abu Dhabi",office,7,8,,
pr,61,"Family Class","Security Screening",Pakistan,"Calgary Citizenship and Immigration Canada",office,,2,,
pr,61,"Family Class","Security Screening",Pakistan,"Case Processing Centre Mississauga",office,110,263,,
pr,61,"Family Class","Security Screening",Pakistan,"Case Processing Centre Ottawa",office,,2,,
pr,61,"Family Class","Security Screening",Pakistan,"DN West Virtual Team 1",office,,3,,
pr,61,"Family Class","Security Screening",Pakistan,"Edmonton IRCC",office,,2,,
pr,61,"Family Class","Security Screening",Pakistan,Etobicoke,office,,93,,
pr,61,"Family Class","Security Screening",Pakistan,Hamilton,office,,1,,
pr,61,"Family Class","Security Screening",Pakistan,"HM Montreal",office,,2,,
pr,61,"Family Class","Security Screening",Pakistan,"HM Niagara Falls",office,,5,,
pr,61,"Family Class","Security Screening",Pakistan,"HM Vancouver",office,,2,,
pr,61,"Family Class","Security Screening",Pakistan,"Hong Kong",office,,4,,
pr,61,"Family Class","Security Screening",Pakistan,"Irregular Migration BC",office,,8,,
pr,61,"Family Class","Security Screening",Pakistan,Islamabad,office,,1,,
pr,61,"Family Class","Security Screening",Pakistan,"Kingston Jamaica",office,,1,,
pr,61,"Family Class","Security Screening",Pakistan,Kyiv,office,,4,,
pr,61,"Family Class","Security Screening",Pakistan,London,office,,34,,
pr,61,"Family Class","Security Screening",Pakistan,"London England",office,16,733,,
pr,61,"Family Class","Security Screening",Pakistan,Manila,office,,2,,
pr,61,"Family Class","Security Screening",Pakistan,"Montreal Immigration",office,7,85,,
pr,61,"Family Class","Security Screening",Pakistan,"New Delhi",office,1,1,,
pr,61,"Family Class","Security Screening",Pakistan,"New York",office,,6,,
pr,61,"Family Class","Security Screening",Pakistan,Ottawa,office,,1,,
pr,61,"Family Class","Security Screening",Pakistan,Paris,office,1,9,,
pr,61,"Family Class","Security Screening",Pakistan,Rome,office,,2,,
pr,61,"Family Class","Security Screening",Pakistan,Singapore,office,1,3,,
pr,61,"Family Class","Security Screening",Pakistan,"Sydney Australia",office,,3,,
pr,61,"Family Class","Security Screening",Pakistan,"Vancouver Immigration",office,7,311,,
pr,61,"Family Class","Security Screening",Pakistan,Vienna,office,2,38,,
pr,61,"Family Class","Security Screening",Pakistan,Warsaw,office,,20,,
pr,61,"Family Class","Security Screening","Palestinian Authority (Gaza/West Bank)","Abu Dhabi",office,,2,,
pr,61,"Family Class","Security Screening","Palestinian Authority (Gaza/West Bank)",Amman,office,13,51,,
pr,61,"Family Class","Security Screening","Palestinian Authority (Gaza/West Bank)",Ankara,office,1,1,,
pr,61,"Family Class","Security Screening","Palestinian Authority (Gaza/West Bank)",Beirut,office,,7,,
pr,61,"Family Class","Security Screening","Palestinian Authority (Gaza/West Bank)",Cairo,office,2,15,,
pr,61,"Family Class","Security Screening","Palestinian Authority (Gaza/West Bank)","Case Processing Centre Mississauga",office,10,28,,
pr,61,"Family Class","Security Screening","Palestinian Authority (Gaza/West Bank)","Case Processing Centre Ottawa",office,,2,,
pr,61,"Family Class","Security Screening","Palestinian Authority (Gaza/West Bank)",Etobicoke,office,,2,,
pr,61,"Family Class","Security Screening","Palestinian Authority (Gaza/West Bank)","HM Toronto",office,2,2,,
pr,61,"Family Class","Security Screening","Palestinian Authority (Gaza/West Bank)","London England",office,,25,,
pr,61,"Family Class","Security Screening","Palestinian Authority (Gaza/West Bank)","Montreal Immigration",office,,8,,
pr,61,"Family Class","Security Screening","Palestinian Authority (Gaza/West Bank)","Ottawa IR",office,,3,,
pr,61,"Family Class","Security Screening","Palestinian Authority (Gaza/West Bank)",Paris,office,,2,,
pr,61,"Family Class","Security Screening","Palestinian Authority (Gaza/West Bank)",Singapore,office,,1,,
pr,61,"Family Class","Security Screening","Palestinian Authority (Gaza/West Bank)","Tel Aviv",office,,6,,
pr,61,"Family Class","Security Screening","Palestinian Authority (Gaza/West Bank)","Vancouver Immigration",office,,3,,
pr,61,"Family Class","Security Screening","Palestinian Authority (Gaza/West Bank)",Vienna,office,,2,,
pr,61,"Family Class","Security Screening","Panama, Republic of","Case Processing Centre Mississauga",office,,1,,
pr,61,"Family Class","Security Screening","Panama, Republic of","Hong Kong",office,,1,,
pr,61,"Family Class","Security Screening","Panama, Republic of","Mexico City",office,,2,,
pr,61,"Family Class","Security Screening","Papua New Guinea","Vancouver Immigration",office,,2,,
pr,61,"Family Class","Security Screening",Paraguay,"Case Processing Centre Mississauga",office,,2,,
pr,61,"Family Class","Security Screening","Peoples Republic of Benin",Accra,office,,2,,
pr,61,"Family Class","Security Screening","Peoples Republic of Benin","Case Processing Centre Mississauga",office,4,13,,
pr,61,"Family Class","Security Screening","Peoples Republic of Benin","Montreal Immigration",office,,5,,
pr,61,"Family Class","Security Screening","People's Republic of China","Abu Dhabi",office,1,1,,
pr,61,"Family Class","Security Screening","People's Republic of China",Beijing,office,47,120,,
pr,61,"Family Class","Security Screening","People's Republic of China","Calgary Citizenship and Immigration Canada",office,,9,,
pr,61,"Family Class","Security Screening","People's Republic of China","Case Processing Centre Mississauga",office,484,3561,,
pr,61,"Family Class","Security Screening","People's Republic of China","Case Processing Centre Ottawa",office,,149,,
pr,61,"Family Class","Security Screening","People's Republic of China","DN West Virtual Team 1",office,,6,,
pr,61,"Family Class","Security Screening","People's Republic of China","Edmonton IRCC",office,,2,,
pr,61,"Family Class","Security Screening","People's Republic of China",Etobicoke,office,10,50,,
pr,61,"Family Class","Security Screening","People's Republic of China",Hamilton,office,,4,,
pr,61,"Family Class","Security Screening","People's Republic of China","HM Montreal",office,2,5,,
pr,61,"Family Class","Security Screening","People's Republic of China","HM Niagara Falls",office,,7,,
pr,61,"Family Class","Security Screening","People's Republic of China","HM Vancouver",office,,1,,
pr,61,"Family Class","Security Screening","People's Republic of China","Hong Kong",office,4,1044,,
pr,61,"Family Class","Security Screening","People's Republic of China","Irregular Migration BC",office,,36,,
pr,61,"Family Class","Security Screening","People's Republic of China",Kitchener,office,,1,,
pr,61,"Family Class","Security Screening","People's Republic of China",London,office,,18,,
pr,61,"Family Class","Security Screening","People's Republic of China","London England",office,,6,,
pr,61,"Family Class","Security Screening","People's Republic of China",Manila,office,1,2,,
pr,61,"Family Class","Security Screening","People's Republic of China","Montreal Immigration",office,1,41,,
pr,62,"Family Class","Security Screening","People's Republic of China","New York",office,2,21,,
pr,62,"Family Class","Security Screening","People's Republic of China","Niagara Falls IRCC",office,,1,,
pr,62,"Family Class","Security Screening","People's Republic of China",Ottawa,office,,2,,
pr,62,"Family Class","Security Screening","People's Republic of China","Ottawa IR",office,,11,,
pr,62,"Family Class","Security Screening","People's Republic of China",Paris,office,1,2,,
pr,62,"Family Class","Security Screening","People's Republic of China",Pretoria,office,,1,,
pr,62,"Family Class","Security Screening","People's Republic of China",RROC,office,,4,,
pr,62,"Family Class","Security Screening","People's Republic of China","Saskatoon IRCC",office,,1,,
pr,62,"Family Class","Security Screening","People's Republic of China",Singapore,office,1,1,,
pr,62,"Family Class","Security Screening","People's Republic of China","Sydney Australia",office,,4,,
pr,62,"Family Class","Security Screening","People's Republic of China","Vancouver Immigration",office,3,226,,
pr,62,"Family Class","Security Screening","People's Republic of China",Vienna,office,1,6,,
pr,62,"Family Class","Security Screening","People's Republic of China","Whitehorse IRCC",office,,1,,
pr,62,"Family Class","Security Screening","People's Republic of China",Windsor,office,,4,,
pr,62,"Family Class","Security Screening","People's Republic of China",Winnipeg,office,,1,,
pr,62,"Family Class","Security Screening",Peru,"Case Processing Centre Mississauga",office,2,14,,
pr,62,"Family Class","Security Screening",Peru,Etobicoke,office,,1,,
pr,62,"Family Class","Security Screening",Peru,"Irregular Migration BC",office,,1,,
pr,62,"Family Class","Security Screening",Peru,London,office,,16,,
pr,62,"Family Class","Security Screening",Peru,Manila,office,,1,,
pr,62,"Family Class","Security Screening",Peru,"Mexico City",office,1,22,,
pr,62,"Family Class","Security Screening",Peru,"Niagara Falls IRCC",office,,2,,
pr,62,"Family Class","Security Screening",Peru,"Vancouver Immigration",office,,5,,
pr,62,"Family Class","Security Screening",Philippines,Beijing,office,,1,,
pr,62,"Family Class","Security Screening",Philippines,"Case Processing Centre Mississauga",office,87,302,,
pr,62,"Family Class","Security Screening",Philippines,"Case Processing Centre Ottawa",office,,25,,
pr,62,"Family Class","Security Screening",Philippines,"DN West Virtual Team 1",office,,2,,
pr,62,"Family Class","Security Screening",Philippines,"Edmonton IRCC",office,,4,,
pr,62,"Family Class","Security Screening",Philippines,Etobicoke,office,1,6,,
pr,62,"Family Class","Security Screening",Philippines,Hamilton,office,,1,,
pr,62,"Family Class","Security Screening",Philippines,"HM Niagara Falls",office,,7,,
pr,62,"Family Class","Security Screening",Philippines,London,office,,25,,
pr,62,"Family Class","Security Screening",Philippines,"London England",office,,2,,
pr,62,"Family Class","Security Screening",Philippines,Manila,office,15,54,,
pr,62,"Family Class","Security Screening",Philippines,"Montreal Immigration",office,,36,,
pr,62,"Family Class","Security Screening",Philippines,"Niagara Falls IRCC",office,,1,,
pr,62,"Family Class","Security Screening",Philippines,"Ottawa IR",office,,4,,
pr,62,"Family Class","Security Screening",Philippines,"Saskatoon IRCC",office,,1,,
pr,62,"Family Class","Security Screening",Philippines,"Vancouver Immigration",office,2,15,,
pr,62,"Family Class","Security Screening",Philippines,Windsor,office,,1,,
pr,62,"Family Class","Security Screening",Poland,"Case Processing Centre Mississauga",office,1,3,,
pr,62,"Family Class","Security Screening",Poland,Etobicoke,office,1,2,,
pr,62,"Family Class","Security Screening",Poland,London,office,,1,,
pr,62,"Family Class","Security Screening",Poland,"London England",office,,1,,
pr,62,"Family Class","Security Screening",Poland,"Montreal Immigration",office,,1,,
pr,62,"Family Class","Security Screening",Poland,"Vancouver Immigration",office,,2,,
pr,62,"Family Class","Security Screening",Portugal,"Case Processing Centre Mississauga",office,2,6,,
pr,62,"Family Class","Security Screening",Portugal,Etobicoke,office,,3,,
pr,62,"Family Class","Security Screening",Portugal,Hamilton,office,,1,,
pr,62,"Family Class","Security Screening",Portugal,London,office,,1,,
pr,62,"Family Class","Security Screening",Portugal,"Montreal Immigration",office,,2,,
pr,62,"Family Class","Security Screening",Portugal,Paris,office,,2,,
pr,62,"Family Class","Security Screening",Qatar,"Case Processing Centre Mississauga",office,,1,,
pr,62,"Family Class","Security Screening","Republic of Djibouti","Case Processing Centre Mississauga",office,1,5,,
pr,62,"Family Class","Security Screening","Republic of Djibouti",Etobicoke,office,,1,,
pr,62,"Family Class","Security Screening","Republic of Djibouti","London England",office,,2,,
pr,62,"Family Class","Security Screening","Republic of Djibouti","Montreal Immigration",office,,2,,
pr,62,"Family Class","Security Screening","Republic of Djibouti",Nairobi,office,,19,,
pr,62,"Family Class","Security Screening","Republic of Djibouti",Vienna,office,,1,,
pr,62,"Family Class","Security Screening","Republic of Indonesia","Calgary Citizenship and Immigration Canada",office,,1,,
pr,62,"Family Class","Security Screening","Republic of Indonesia","Case Processing Centre Mississauga",office,,2,,
pr,62,"Family Class","Security Screening","Republic of Indonesia","Irregular Migration BC",office,,1,,
pr,62,"Family Class","Security Screening","Republic of Indonesia",London,office,,1,,
pr,62,"Family Class","Security Screening","Republic of Indonesia",Singapore,office,,1,,
pr,62,"Family Class","Security Screening","Republic of Ireland","Case Processing Centre Mississauga",office,1,5,,
pr,62,"Family Class","Security Screening","Republic of Ireland",Etobicoke,office,1,1,,
pr,62,"Family Class","Security Screening","Republic of Ivory Coast",Beijing,office,,2,,
pr,62,"Family Class","Security Screening","Republic of Ivory Coast","Case Processing Centre Mississauga",office,1,9,,
pr,62,"Family Class","Security Screening","Republic of Ivory Coast",Dakar,office,,22,,
pr,62,"Family Class","Security Screening","Republic of Ivory Coast",Etobicoke,office,,1,,
pr,62,"Family Class","Security Screening","Republic of Ivory Coast","Montreal Immigration",office,,2,,
pr,62,"Family Class","Security Screening","Republic of Ivory Coast",Paris,office,,2,,
pr,62,"Family Class","Security Screening","Republic of South Africa","Calgary Citizenship and Immigration Canada",office,,1,,
pr,62,"Family Class","Security Screening","Republic of South Africa","Case Processing Centre Mississauga",office,1,9,,
pr,62,"Family Class","Security Screening","Republic of South Africa",Hamilton,office,,1,,
pr,62,"Family Class","Security Screening","Republic of South Africa","HM Niagara Falls",office,,2,,
pr,62,"Family Class","Security Screening","Republic of South Africa","London England",office,,1,,
pr,62,"Family Class","Security Screening","Republic of South Africa","Montreal Immigration",office,,3,,
pr,62,"Family Class","Security Screening","Republic of South Africa",Pretoria,office,,16,,
pr,62,"Family Class","Security Screening","Republic of South Africa",Singapore,office,1,1,,
pr,62,"Family Class","Security Screening","Republic of South Africa","Vancouver Immigration",office,,8,,
pr,62,"Family Class","Security Screening","Republic of the Niger","Case Processing Centre Mississauga",office,2,3,,
pr,62,"Family Class","Security Screening","Republic of the Niger",Dakar,office,,3,,
pr,62,"Family Class","Security Screening",Romania,Bucharest,office,,1,,
pr,62,"Family Class","Security Screening",Romania,"Case Processing Centre Mississauga",office,3,20,,
pr,62,"Family Class","Security Screening",Romania,"Case Processing Centre Ottawa",office,,1,,
pr,62,"Family Class","Security Screening",Romania,"London England",office,,1,,
pr,62,"Family Class","Security Screening",Romania,"Montreal Immigration",office,,1,,
pr,62,"Family Class","Security Screening",Romania,"Ottawa IR",office,,1,,
pr,62,"Family Class","Security Screening",Romania,Paris,office,1,3,,
pr,62,"Family Class","Security Screening",Romania,Vienna,office,,1,,
pr,62,"Family Class","Security Screening",Russia,Amman,office,1,1,,
pr,62,"Family Class","Security Screening",Russia,Ankara,office,1,1,,
pr,62,"Family Class","Security Screening",Russia,Beijing,office,,1,,
pr,62,"Family Class","Security Screening",Russia,Beirut,office,,1,,
pr,62,"Family Class","Security Screening",Russia,"Case Processing Centre Mississauga",office,37,269,,
pr,62,"Family Class","Security Screening",Russia,"Case Processing Centre Ottawa",office,,10,,
pr,62,"Family Class","Security Screening",Russia,Etobicoke,office,,6,,
pr,62,"Family Class","Security Screening",Russia,"Hong Kong",office,,1,,
pr,62,"Family Class","Security Screening",Russia,"Irregular Migration BC",office,,5,,
pr,62,"Family Class","Security Screening",Russia,Kitchener,office,,1,,
pr,62,"Family Class","Security Screening",Russia,London,office,,10,,
pr,62,"Family Class","Security Screening",Russia,"London England",office,,2,,
pr,62,"Family Class","Security Screening",Russia,"Mexico City",office,1,3,,
pr,62,"Family Class","Security Screening",Russia,"Montreal Immigration",office,,8,,
pr,62,"Family Class","Security Screening",Russia,Moscow,office,,2,,
pr,62,"Family Class","Security Screening",Russia,Ottawa,office,,2,,
pr,62,"Family Class","Security Screening",Russia,"Ottawa IR",office,,4,,
pr,62,"Family Class","Security Screening",Russia,Paris,office,1,2,,
pr,62,"Family Class","Security Screening",Russia,"Sao Paulo",office,1,1,,
pr,62,"Family Class","Security Screening",Russia,Singapore,office,1,1,,
pr,62,"Family Class","Security Screening",Russia,"Vancouver Immigration",office,,17,,
pr,62,"Family Class","Security Screening",Russia,Warsaw,office,4,54,,
pr,62,"Family Class","Security Screening",Rwanda,"Case Processing Centre Mississauga",office,3,8,,
pr,62,"Family Class","Security Screening",Rwanda,Dakar,office,,1,,
pr,62,"Family Class","Security Screening",Rwanda,Dar-Es-Salaam,office,1,9,,
pr,62,"Family Class","Security Screening",Rwanda,"Irregular Migration BC",office,,1,,
pr,62,"Family Class","Security Screening",Rwanda,London,office,,1,,
pr,62,"Family Class","Security Screening",Rwanda,"London England",office,,1,,
pr,62,"Family Class","Security Screening",Rwanda,"Ottawa IR",office,,1,,
pr,62,"Family Class","Security Screening",Rwanda,Pretoria,office,,1,,
pr,62,"Family Class","Security Screening",Rwanda,"Vancouver Immigration",office,,2,,
pr,62,"Family Class","Security Screening","Saudi Arabia","Case Processing Centre Mississauga",office,3,31,,
pr,62,"Family Class","Security Screening","Saudi Arabia",Etobicoke,office,,4,,
pr,62,"Family Class","Security Screening","Saudi Arabia","Irregular Migration BC",office,,2,,
pr,62,"Family Class","Security Screening","Saudi Arabia","London England",office,,4,,
pr,62,"Family Class","Security Screening",Senegal,"Calgary Citizenship and Immigration Canada",office,,1,,
pr,62,"Family Class","Security Screening",Senegal,"Case Processing Centre Mississauga",office,3,7,,
pr,62,"Family Class","Security Screening",Senegal,Dakar,office,,7,,
pr,62,"Family Class","Security Screening",Senegal,"HM Niagara Falls",office,,1,,
pr,62,"Family Class","Security Screening",Senegal,"Montreal Immigration",office,,2,,
pr,63,"Family Class","Security Screening","Serbia, Republic of","Case Processing Centre Mississauga",office,1,11,,
pr,63,"Family Class","Security Screening","Serbia, Republic of",Etobicoke,office,,2,,
pr,63,"Family Class","Security Screening","Serbia, Republic of","Irregular Migration BC",office,,1,,
pr,63,"Family Class","Security Screening","Serbia, Republic of","Montreal Immigration",office,1,3,,
pr,63,"Family Class","Security Screening","Serbia, Republic of","Ottawa IR",office,,1,,
pr,63,"Family Class","Security Screening","Serbia, Republic of","Vancouver Immigration",office,,5,,
pr,63,"Family Class","Security Screening","Serbia, Republic of",Vienna,office,,6,,
pr,63,"Family Class","Security Screening","Sierra Leone",Accra,office,,2,,
pr,63,"Family Class","Security Screening","Sierra Leone","London England",office,,1,,
pr,63,"Family Class","Security Screening",Singapore,"Case Processing Centre Mississauga",office,2,14,,
pr,63,"Family Class","Security Screening",Singapore,"Case Processing Centre Ottawa",office,,1,,
pr,63,"Family Class","Security Screening",Singapore,"Irregular Migration BC",office,,1,,
pr,63,"Family Class","Security Screening",Singapore,London,office,,1,,
pr,63,"Family Class","Security Screening",Singapore,"Montreal Immigration",office,,1,,
pr,63,"Family Class","Security Screening","Slovak Republic","Case Processing Centre Mississauga",office,,2,,
pr,63,"Family Class","Security Screening","Slovak Republic","Irregular Migration BC",office,,1,,
pr,63,"Family Class","Security Screening","Slovak Republic","Vancouver Immigration",office,,1,,
pr,63,"Family Class","Security Screening",Slovenia,Vienna,office,,1,,
pr,63,"Family Class","Security Screening","Socialist Republic of Vietnam","Calgary Citizenship and Immigration Canada",office,,1,,
pr,63,"Family Class","Security Screening","Socialist Republic of Vietnam","Case Processing Centre Mississauga",office,10,53,,
pr,63,"Family Class","Security Screening","Socialist Republic of Vietnam","Case Processing Centre Ottawa",office,,10,,
pr,63,"Family Class","Security Screening","Socialist Republic of Vietnam","DN West Virtual Team 1",office,,2,,
pr,63,"Family Class","Security Screening","Socialist Republic of Vietnam",Etobicoke,office,2,11,,
pr,63,"Family Class","Security Screening","Socialist Republic of Vietnam","HM Niagara Falls",office,,1,,
pr,63,"Family Class","Security Screening","Socialist Republic of Vietnam","Irregular Migration BC",office,,2,,
pr,63,"Family Class","Security Screening","Socialist Republic of Vietnam",Kitchener,office,,1,,
pr,63,"Family Class","Security Screening","Socialist Republic of Vietnam",London,office,,17,,
pr,63,"Family Class","Security Screening","Socialist Republic of Vietnam","Montreal Immigration",office,,4,,
pr,63,"Family Class","Security Screening","Socialist Republic of Vietnam",Singapore,office,,9,,
pr,63,"Family Class","Security Screening","Socialist Republic of Vietnam","Vancouver Immigration",office,,14,,
pr,63,"Family Class","Security Screening","Somalia, Democratic Republic of","Abu Dhabi",office,2,2,,
pr,63,"Family Class","Security Screening","Somalia, Democratic Republic of",Ankara,office,,4,,
pr,63,"Family Class","Security Screening","Somalia, Democratic Republic of",Cairo,office,,3,,
pr,63,"Family Class","Security Screening","Somalia, Democratic Republic of","Case Processing Centre Mississauga",office,4,12,,
pr,63,"Family Class","Security Screening","Somalia, Democratic Republic of","Case Processing Centre Ottawa",office,,1,,
pr,63,"Family Class","Security Screening","Somalia, Democratic Republic of",Dar-Es-Salaam,office,1,34,,
pr,63,"Family Class","Security Screening","Somalia, Democratic Republic of",Etobicoke,office,1,5,,
pr,63,"Family Class","Security Screening","Somalia, Democratic Republic of","HM-New Ineligibility",office,,1,,
pr,63,"Family Class","Security Screening","Somalia, Democratic Republic of","Hong Kong",office,,1,,
pr,63,"Family Class","Security Screening","Somalia, Democratic Republic of","London England",office,,10,,
pr,63,"Family Class","Security Screening","Somalia, Democratic Republic of",Nairobi,office,22,98,,
pr,63,"Family Class","Security Screening","Somalia, Democratic Republic of",Ottawa,office,,1,,
pr,63,"Family Class","Security Screening","Somalia, Democratic Republic of","Ottawa IR",office,,1,,
pr,63,"Family Class","Security Screening","Somalia, Democratic Republic of",Paris,office,1,5,,
pr,63,"Family Class","Security Screening","Somalia, Democratic Republic of",Pretoria,office,2,23,,
pr,63,"Family Class","Security Screening","Somalia, Democratic Republic of",Rome,office,1,3,,
pr,63,"Family Class","Security Screening","Somalia, Democratic Republic of",Singapore,office,1,3,,
pr,63,"Family Class","Security Screening","Somalia, Democratic Republic of","Vancouver Immigration",office,,2,,
pr,63,"Family Class","Security Screening","Somalia, Democratic Republic of",Vienna,office,,8,,
pr,63,"Family Class","Security Screening","Somalia, Democratic Republic of",Windsor,office,,1,,
pr,63,"Family Class","Security Screening","South Sudan, Republic Of","Case Processing Centre Mississauga",office,1,2,,
pr,63,"Family Class","Security Screening","South Sudan, Republic Of","Montreal Immigration",office,,1,,
pr,63,"Family Class","Security Screening","South Sudan, Republic Of",Nairobi,office,1,1,,
pr,63,"Family Class","Security Screening",Spain,"Case Processing Centre Mississauga",office,,10,,
pr,63,"Family Class","Security Screening",Spain,"Hong Kong",office,,1,,
pr,63,"Family Class","Security Screening",Spain,"Vancouver Immigration",office,,1,,
pr,63,"Family Class","Security Screening","Sri Lanka","Case Processing Centre Mississauga",office,13,37,,
pr,63,"Family Class","Security Screening","Sri Lanka",Colombo,office,8,50,,
pr,63,"Family Class","Security Screening","Sri Lanka","DN West Virtual Team 1",office,,1,,
pr,63,"Family Class","Security Screening","Sri Lanka",Etobicoke,office,,8,,
pr,63,"Family Class","Security Screening","Sri Lanka",Hamilton,office,,1,,
pr,63,"Family Class","Security Screening","Sri Lanka","HM Montreal",office,,1,,
pr,63,"Family Class","Security Screening","Sri Lanka","HM Niagara Falls",office,,1,,
pr,63,"Family Class","Security Screening","Sri Lanka","HM Vancouver",office,,2,,
pr,63,"Family Class","Security Screening","Sri Lanka","London England",office,,2,,
pr,63,"Family Class","Security Screening","Sri Lanka","Montreal Immigration",office,,3,,
pr,63,"Family Class","Security Screening","Sri Lanka","New York",office,,1,,
pr,63,"Family Class","Security Screening","Sri Lanka","Ottawa IR",office,,5,,
pr,63,"Family Class","Security Screening","Sri Lanka",Paris,office,,11,,
pr,63,"Family Class","Security Screening","Sri Lanka","Sydney Australia",office,,1,,
pr,63,"Family Class","Security Screening","Sri Lanka","Vancouver Immigration",office,,24,,
pr,63,"Family Class","Security Screening","St. Kitts-Nevis","Case Processing Centre Mississauga",office,,1,,
pr,63,"Family Class","Security Screening","St. Kitts-Nevis",London,office,,2,,
pr,63,"Family Class","Security Screening","St. Kitts-Nevis","Mexico City",office,,1,,
pr,63,"Family Class","Security Screening","St. Lucia","Case Processing Centre Mississauga",office,,5,,
pr,63,"Family Class","Security Screening","St. Lucia",Etobicoke,office,,1,,
pr,63,"Family Class","Security Screening","St. Lucia","HM Niagara Falls",office,,1,,
pr,63,"Family Class","Security Screening","St. Lucia","Irregular Migration BC",office,,1,,
pr,63,"Family Class","Security Screening","St. Lucia","Mexico City",office,,1,,
pr,63,"Family Class","Security Screening","St. Lucia","Montreal Immigration",office,,1,,
pr,63,"Family Class","Security Screening","St. Vincent and the Grenadines",Etobicoke,office,,1,,
pr,63,"Family Class","Security Screening","St. Vincent and the Grenadines",London,office,,1,,
pr,63,"Family Class","Security Screening","St. Vincent and the Grenadines","Mexico City",office,,3,,
pr,63,"Family Class","Security Screening","St. Vincent and the Grenadines",Ottawa,office,,1,,
pr,63,"Family Class","Security Screening",Stateless,Amman,office,,7,,
pr,63,"Family Class","Security Screening",Stateless,Beirut,office,5,56,,
pr,63,"Family Class","Security Screening",Stateless,Bucharest,office,,1,,
pr,63,"Family Class","Security Screening",Stateless,"Case Processing Centre Mississauga",office,6,11,,
pr,63,"Family Class","Security Screening",Stateless,"Edmonton IRCC",office,,1,,
pr,63,"Family Class","Security Screening",Stateless,"Irregular Migration BC",office,,2,,
pr,63,"Family Class","Security Screening",Stateless,"London England",office,1,16,,
pr,63,"Family Class","Security Screening",Stateless,"New Delhi",office,,3,,
pr,63,"Family Class","Security Screening",Stateless,"Ottawa IR",office,,1,,
pr,63,"Family Class","Security Screening",Stateless,Paris,office,2,3,,
pr,63,"Family Class","Security Screening",Stateless,"Vancouver Immigration",office,,1,,
pr,63,"Family Class","Security Screening",Stateless,Vienna,office,,7,,
pr,63,"Family Class","Security Screening",Stateless,Warsaw,office,,1,,
pr,63,"Family Class","Security Screening",Sweden,"Case Processing Centre Mississauga",office,1,13,,
pr,63,"Family Class","Security Screening",Sweden,"London England",office,,6,,
pr,63,"Family Class","Security Screening",Switzerland,Paris,office,,2,,
pr,63,"Family Class","Security Screening",Syria,"Abu Dhabi",office,6,7,,
pr,63,"Family Class","Security Screening",Syria,Amman,office,27,189,,
pr,63,"Family Class","Security Screening",Syria,Ankara,office,,6,,
pr,63,"Family Class","Security Screening",Syria,Beirut,office,5,34,,
pr,63,"Family Class","Security Screening",Syria,Bucharest,office,,17,,
pr,63,"Family Class","Security Screening",Syria,Cairo,office,6,8,,
pr,63,"Family Class","Security Screening",Syria,"Case Processing Centre Mississauga",office,22,54,,
pr,63,"Family Class","Security Screening",Syria,"Case Processing Centre Ottawa",office,,2,,
pr,63,"Family Class","Security Screening",Syria,Etobicoke,office,,11,,
pr,63,"Family Class","Security Screening",Syria,Hamilton,office,,1,,
pr,63,"Family Class","Security Screening",Syria,"HM Niagara Falls",office,,2,,
pr,63,"Family Class","Security Screening",Syria,"Hong Kong",office,,1,,
pr,63,"Family Class","Security Screening",Syria,"Irregular Migration BC",office,,3,,
pr,63,"Family Class","Security Screening",Syria,London,office,,4,,
pr,63,"Family Class","Security Screening",Syria,"London England",office,2,66,,
pr,63,"Family Class","Security Screening",Syria,"Montreal Immigration",office,,6,,
pr,63,"Family Class","Security Screening",Syria,Paris,office,1,18,,
pr,63,"Family Class","Security Screening",Syria,Rome,office,,3,,
pr,63,"Family Class","Security Screening",Syria,Singapore,office,,1,,
pr,63,"Family Class","Security Screening",Syria,"Sydney Australia",office,,2,,
pr,63,"Family Class","Security Screening",Syria,"Vancouver Immigration",office,,33,,
pr,63,"Family Class","Security Screening",Syria,Vienna,office,2,40,,
pr,63,"Family Class","Security Screening",Tajikistan,"Calgary Citizenship and Immigration Canada",office,,1,,
pr,63,"Family Class","Security Screening",Tajikistan,"Case Processing Centre Mississauga",office,,3,,
pr,63,"Family Class","Security Screening",Tajikistan,London,office,,1,,
pr,63,"Family Class","Security Screening",Tajikistan,Warsaw,office,,2,,
pr,63,"Family Class","Security Screening",Taiwan,"Case Processing Centre Mississauga",office,4,63,,
pr,63,"Family Class","Security Screening",Taiwan,"Case Processing Centre Ottawa",office,,2,,
pr,64,"Family Class","Security Screening",Taiwan,Etobicoke,office,,2,,
pr,64,"Family Class","Security Screening",Taiwan,"HM Niagara Falls",office,,1,,
pr,64,"Family Class","Security Screening",Taiwan,"Hong Kong",office,,12,,
pr,64,"Family Class","Security Screening",Taiwan,"Irregular Migration BC",office,,3,,
pr,64,"Family Class","Security Screening",Taiwan,"Montreal Immigration",office,,6,,
pr,64,"Family Class","Security Screening",Taiwan,"Vancouver Immigration",office,,6,,
pr,64,"Family Class","Security Screening",Thailand,"Case Processing Centre Mississauga",office,1,5,,
pr,64,"Family Class","Security Screening",Thailand,Etobicoke,office,1,2,,
pr,64,"Family Class","Security Screening",Thailand,Singapore,office,1,2,,
pr,64,"Family Class","Security Screening",Thailand,Windsor,office,,1,,
pr,64,"Family Class","Security Screening","The Netherlands","Case Processing Centre Mississauga",office,1,6,,
pr,64,"Family Class","Security Screening","The Netherlands","Case Processing Centre Ottawa",office,,1,,
pr,64,"Family Class","Security Screening","The Netherlands",Etobicoke,office,,2,,
pr,64,"Family Class","Security Screening","The Netherlands",Kitchener,office,,1,,
pr,64,"Family Class","Security Screening","The Netherlands","London England",office,,1,,
pr,64,"Family Class","Security Screening","The Netherlands",Vienna,office,,4,,
pr,64,"Family Class","Security Screening","Togo, Republic of",Accra,office,,1,,
pr,64,"Family Class","Security Screening","Togo, Republic of","Case Processing Centre Mississauga",office,4,5,,
pr,64,"Family Class","Security Screening","Togo, Republic of","Montreal Immigration",office,,3,,
pr,64,"Family Class","Security Screening","Trinidad and Tobago, Republic of","Case Processing Centre Mississauga",office,,5,,
pr,64,"Family Class","Security Screening","Trinidad and Tobago, Republic of",Etobicoke,office,1,1,,
pr,64,"Family Class","Security Screening","Trinidad and Tobago, Republic of","Irregular Migration BC",office,,1,,
pr,64,"Family Class","Security Screening","Trinidad and Tobago, Republic of",London,office,,4,,
pr,64,"Family Class","Security Screening","Trinidad and Tobago, Republic of","Mexico City",office,,8,,
pr,64,"Family Class","Security Screening","Trinidad and Tobago, Republic of","Montreal Immigration",office,,1,,
pr,64,"Family Class","Security Screening","Trinidad and Tobago, Republic of","Port of Spain",office,,3,,
pr,64,"Family Class","Security Screening",Tunisia,"Case Processing Centre Mississauga",office,6,32,,
pr,64,"Family Class","Security Screening",Tunisia,"HM Niagara Falls",office,,1,,
pr,64,"Family Class","Security Screening",Tunisia,"Irregular Migration BC",office,,2,,
pr,64,"Family Class","Security Screening",Tunisia,"London England",office,,4,,
pr,64,"Family Class","Security Screening",Tunisia,"Montreal Immigration",office,,5,,
pr,64,"Family Class","Security Screening",Tunisia,Paris,office,3,31,,
pr,64,"Family Class","Security Screening",Tunisia,Tunis,office,,17,,
pr,64,"Family Class","Security Screening",Turkey,Ankara,office,,6,,
pr,64,"Family Class","Security Screening",Turkey,Beirut,office,,1,,
pr,64,"Family Class","Security Screening",Turkey,"Calgary Citizenship and Immigration Canada",office,,1,,
pr,64,"Family Class","Security Screening",Turkey,"Case Processing Centre Mississauga",office,6,47,,
pr,64,"Family Class","Security Screening",Turkey,"DN West Virtual Team 1",office,,1,,
pr,64,"Family Class","Security Screening",Turkey,"Edmonton IRCC",office,,1,,
pr,64,"Family Class","Security Screening",Turkey,Etobicoke,office,1,2,,
pr,64,"Family Class","Security Screening",Turkey,"Irregular Migration BC",office,,2,,
pr,64,"Family Class","Security Screening",Turkey,London,office,,3,,
pr,64,"Family Class","Security Screening",Turkey,"London England",office,,1,,
pr,64,"Family Class","Security Screening",Turkey,"Montreal Immigration",office,,2,,
pr,64,"Family Class","Security Screening",Turkey,"Ottawa IR",office,,1,,
pr,64,"Family Class","Security Screening",Turkey,Pretoria,office,,1,,
pr,64,"Family Class","Security Screening",Turkey,Rome,office,1,1,,
pr,64,"Family Class","Security Screening",Turkey,"Vancouver Immigration",office,,3,,
pr,64,"Family Class","Security Screening",Turkey,Vienna,office,,1,,
pr,64,"Family Class","Security Screening",Uganda,"Case Processing Centre Mississauga",office,,1,,
pr,64,"Family Class","Security Screening",Uganda,"Case Processing Centre Ottawa",office,,1,,
pr,64,"Family Class","Security Screening",Uganda,Dar-Es-Salaam,office,,3,,
pr,64,"Family Class","Security Screening",Uganda,Etobicoke,office,,1,,
pr,64,"Family Class","Security Screening",Uganda,"New York",office,,1,,
pr,64,"Family Class","Security Screening",Uganda,Paris,office,,1,,
pr,64,"Family Class","Security Screening",Ukraine,"Calgary Citizenship and Immigration Canada",office,,2,,
pr,64,"Family Class","Security Screening",Ukraine,"Case Processing Centre Mississauga",office,6,120,,
pr,64,"Family Class","Security Screening",Ukraine,"Case Processing Centre Ottawa",office,,10,,
pr,64,"Family Class","Security Screening",Ukraine,"CIO Sydney NS",office,,1,,
pr,64,"Family Class","Security Screening",Ukraine,Etobicoke,office,,5,,
pr,64,"Family Class","Security Screening",Ukraine,Hamilton,office,,1,,
pr,64,"Family Class","Security Screening",Ukraine,"Hong Kong",office,,2,,
pr,64,"Family Class","Security Screening",Ukraine,"Irregular Migration BC",office,,5,,
pr,64,"Family Class","Security Screening",Ukraine,Kyiv,office,,9,,
pr,64,"Family Class","Security Screening",Ukraine,London,office,,3,,
pr,64,"Family Class","Security Screening",Ukraine,"London England",office,1,85,,
pr,64,"Family Class","Security Screening",Ukraine,"Montreal Immigration",office,,5,,
pr,64,"Family Class","Security Screening",Ukraine,"Vancouver Immigration",office,,17,,
pr,64,"Family Class","Security Screening","United Kingdom and Overseas Territories",Beirut,office,,1,,
pr,64,"Family Class","Security Screening","United Kingdom and Overseas Territories","Case Processing Centre Mississauga",office,8,67,,
pr,64,"Family Class","Security Screening","United Kingdom and Overseas Territories","Case Processing Centre Ottawa",office,,6,,
pr,64,"Family Class","Security Screening","United Kingdom and Overseas Territories","Edmonton IRCC",office,,1,,
pr,64,"Family Class","Security Screening","United Kingdom and Overseas Territories",Etobicoke,office,,2,,
pr,64,"Family Class","Security Screening","United Kingdom and Overseas Territories","HM Niagara Falls",office,,1,,
pr,64,"Family Class","Security Screening","United Kingdom and Overseas Territories","Hong Kong",office,,6,,
pr,64,"Family Class","Security Screening","United Kingdom and Overseas Territories","Irregular Migration BC",office,,2,,
pr,64,"Family Class","Security Screening","United Kingdom and Overseas Territories",London,office,,3,,
pr,64,"Family Class","Security Screening","United Kingdom and Overseas Territories","London England",office,,12,,
pr,64,"Family Class","Security Screening","United Kingdom and Overseas Territories","Montreal Immigration",office,,5,,
pr,64,"Family Class","Security Screening","United Kingdom and Overseas Territories",Nairobi,office,,1,,
pr,64,"Family Class","Security Screening","United Kingdom and Overseas Territories",Pretoria,office,,1,,
pr,64,"Family Class","Security Screening","United Kingdom and Overseas Territories","Vancouver Immigration",office,,1,,
pr,64,"Family Class","Security Screening","United Kingdom and Overseas Territories",Vienna,office,,1,,
pr,64,"Family Class","Security Screening","United Republic of Tanzania","Case Processing Centre Mississauga",office,,3,,
pr,64,"Family Class","Security Screening","United Republic of Tanzania",Dar-Es-Salaam,office,,1,,
pr,64,"Family Class","Security Screening","United Republic of Tanzania",Etobicoke,office,,1,,
pr,64,"Family Class","Security Screening","United Republic of Tanzania","HM Niagara Falls",office,,2,,
pr,64,"Family Class","Security Screening","United Republic of Tanzania","Montreal Immigration",office,,1,,
pr,64,"Family Class","Security Screening","United Republic of Tanzania","Vancouver Immigration",office,,1,,
pr,64,"Family Class","Security Screening","United States of America",Ankara,office,,1,,
pr,64,"Family Class","Security Screening","United States of America",Bogota,office,1,1,,
pr,64,"Family Class","Security Screening","United States of America","Case Processing Centre Mississauga",office,14,112,,
pr,64,"Family Class","Security Screening","United States of America","Case Processing Centre Ottawa",office,,23,,
pr,64,"Family Class","Security Screening","United States of America","DN West Virtual Team 1",office,,1,,
pr,64,"Family Class","Security Screening","United States of America",Etobicoke,office,,5,,
pr,64,"Family Class","Security Screening","United States of America","Irregular Migration BC",office,,9,,
pr,64,"Family Class","Security Screening","United States of America","Irregular Migration Montreal",office,,2,,
pr,64,"Family Class","Security Screening","United States of America",Kitchener,office,,1,,
pr,64,"Family Class","Security Screening","United States of America",London,office,,4,,
pr,64,"Family Class","Security Screening","United States of America","London England",office,,1,,
pr,64,"Family Class","Security Screening","United States of America",Manila,office,,1,,
pr,64,"Family Class","Security Screening","United States of America","Montreal Immigration",office,,16,,
pr,64,"Family Class","Security Screening","United States of America","New York",office,1,27,,
pr,64,"Family Class","Security Screening","United States of America",Ottawa,office,,3,,
pr,64,"Family Class","Security Screening","United States of America","Vancouver Immigration",office,,4,,
pr,64,"Family Class","Security Screening","United States of America",Vienna,office,,1,,
pr,64,"Family Class","Security Screening",Uruguay,"Case Processing Centre Mississauga",office,,3,,
pr,64,"Family Class","Security Screening",Uruguay,"Mexico City",office,,1,,
pr,64,"Family Class","Security Screening",Uzbekistan,Ankara,office,,1,,
pr,64,"Family Class","Security Screening",Uzbekistan,"Case Processing Centre Mississauga",office,,6,,
pr,64,"Family Class","Security Screening",Uzbekistan,Etobicoke,office,,1,,
pr,64,"Family Class","Security Screening",Uzbekistan,"Montreal Immigration",office,,1,,
pr,64,"Family Class","Security Screening",Uzbekistan,Warsaw,office,,3,,
pr,64,"Family Class","Security Screening",Vanuatu,"Case Processing Centre Mississauga",office,,1,,
pr,64,"Family Class","Security Screening",Venezuela,"Calgary Citizenship and Immigration Canada",office,,1,,
pr,64,"Family Class","Security Screening",Venezuela,"Case Processing Centre Mississauga",office,4,25,,
pr,64,"Family Class","Security Screening",Venezuela,Etobicoke,office,1,1,,
pr,64,"Family Class","Security Screening",Venezuela,Hamilton,office,,1,,
pr,64,"Family Class","Security Screening",Venezuela,"HM Niagara Falls",office,,2,,
pr,64,"Family Class","Security Screening",Venezuela,"Hong Kong",office,,2,,
pr,64,"Family Class","Security Screening",Venezuela,"Irregular Migration BC",office,,1,,
pr,64,"Family Class","Security Screening",Venezuela,Kitchener,office,,1,,
pr,64,"Family Class","Security Screening",Venezuela,London,office,,16,,
pr,64,"Family Class","Security Screening",Venezuela,"Mexico City",office,,44,,
pr,64,"Family Class","Security Screening",Venezuela,"Montreal Immigration",office,,13,,
pr,64,"Family Class","Security Screening",Venezuela,RROC,office,,1,,
pr,64,"Family Class","Security Screening",Venezuela,"Vancouver Immigration",office,,7,,
pr,64,"Family Class","Security Screening","Yemen, Republic of","Abu Dhabi",office,1,1,,
pr,64,"Family Class","Security Screening","Yemen, Republic of",Amman,office,,1,,
pr,64,"Family Class","Security Screening","Yemen, Republic of",Ankara,office,,2,,
pr,64,"Family Class","Security Screening","Yemen, Republic of",Beirut,office,,1,,
pr,65,"Family Class","Security Screening","Yemen, Republic of",Cairo,office,2,3,,
pr,65,"Family Class","Security Screening","Yemen, Republic of","Case Processing Centre Mississauga",office,3,7,,
pr,65,"Family Class","Security Screening","Yemen, Republic of",Etobicoke,office,,4,,
pr,65,"Family Class","Security Screening","Yemen, Republic of",Hamilton,office,,1,,
pr,65,"Family Class","Security Screening","Yemen, Republic of","Irregular Migration BC",office,,1,,
pr,65,"Family Class","Security Screening","Yemen, Republic of",London,office,,1,,
pr,65,"Family Class","Security Screening","Yemen, Republic of","London England",office,,28,,
pr,65,"Family Class","Security Screening","Yemen, Republic of","Montreal Immigration",office,,5,,
pr,65,"Family Class","Security Screening","Yemen, Republic of",Nairobi,office,1,2,,
pr,65,"Family Class","Security Screening","Yemen, Republic of","New York",office,,1,,
pr,65,"Family Class","Security Screening","Yemen, Republic of",Pretoria,office,,1,,
pr,65,"Family Class","Security Screening","Yemen, Republic of",Rome,office,,1,,
pr,65,"Family Class","Security Screening","Yemen, Republic of",Singapore,office,1,3,,
pr,65,"Family Class","Security Screening","Yemen, Republic of","Vancouver Immigration",office,2,15,,
pr,65,"Family Class","Security Screening","Yemen, Republic of",Vienna,office,,2,,
pr,65,"Family Class","Security Screening",Zambia,"Irregular Migration BC",office,,1,,
pr,65,"Family Class","Security Screening",Zimbabwe,"Case Processing Centre Mississauga",office,2,5,,
pr,65,"Family Class","Security Screening",Zimbabwe,London,office,,1,,
pr,65,"Family Class","Security Screening",Zimbabwe,"Ottawa IR",office,,1,,
pr,65,"Family Class","Security Screening",Zimbabwe,Pretoria,office,1,6,,
pr,65,"Family Class","Security Screening",Zimbabwe,"Vancouver Immigration",office,,9,,
pr,55,"Family Class","Security Screening","Missing data","Missing data",office,2,1,MISSING_DATA_PLACEHOLDER,"Placeholder for data withheld from the ATIP release (s.16(1)(c) cell suppression): the printed parent total exceeds the visible rows by 2/1. Added so the group reconciles."
pr,65,"Humanitarian & Compassionate / Public Policy","HIRV Screening",Angola,"Case Cases Review Citizenship And Immigration",office,,1,,
pr,65,"Humanitarian & Compassionate / Public Policy","HIRV Screening",Cuba,"Kingston Jamaica",office,,1,,
pr,65,"Humanitarian & Compassionate / Public Policy","HIRV Screening",Jamaica,"HM Niagara Falls",office,,1,,
pr,65,"Humanitarian & Compassionate / Public Policy","HIRV Screening",Libya,"Case Cases Review Citizenship And Immigration",office,,1,,
pr,65,"Humanitarian & Compassionate / Public Policy","Org Crime Screening",Angola,"HM Vancouver",office,1,1,,
pr,65,"Humanitarian & Compassionate / Public Policy","Org Crime Screening",France,"HM Montreal",office,,1,,
pr,65,"Humanitarian & Compassionate / Public Policy","Org Crime Screening",Georgia,"Case Processing Centre Mississauga",office,,1,,
pr,65,"Humanitarian & Compassionate / Public Policy","Org Crime Screening",Haiti,"HM Montreal",office,,1,,
pr,65,"Humanitarian & Compassionate / Public Policy","Org Crime Screening",Nigeria,"HM Montreal",office,,1,,
pr,65,"Humanitarian & Compassionate / Public Policy","Org Crime Screening",Nigeria,"HM Niagara Falls",office,,2,,
pr,65,"Humanitarian & Compassionate / Public Policy","Org Crime Screening","People's Republic of China","HM Niagara Falls",office,,1,,
pr,65,"Humanitarian & Compassionate / Public Policy","Org Crime Screening","United States of America","Case Cases Review Citizenship And Immigration",office,,1,,
pr,65,"Humanitarian & Compassionate / Public Policy","Security Screening",Afghanistan,"Abu Dhabi",office,14,374,,
pr,65,"Humanitarian & Compassionate / Public Policy","Security Screening",Afghanistan,"Case Processing Centre Mississauga",office,,2,,
pr,65,"Humanitarian & Compassionate / Public Policy","Security Screening",Afghanistan,"Case Cases Review Citizenship And Immigration",office,,1,,
pr,65,"Humanitarian & Compassionate / Public Policy","Security Screening",Afghanistan,"HM Niagara Falls",office,11,62,,
pr,65,"Humanitarian & Compassionate / Public Policy","Security Screening",Afghanistan,"HM Vancouver",office,1,2,,
pr,65,"Humanitarian & Compassionate / Public Policy","Security Screening",Afghanistan,Islamabad,office,,4,,
pr,65,"Humanitarian & Compassionate / Public Policy","Security Screening",Afghanistan,Paris,office,,1,,
pr,65,"Humanitarian & Compassionate / Public Policy","Security Screening",Afghanistan,Vienna,office,,1,,
pr,65,"Humanitarian & Compassionate / Public Policy","Security Screening",Albania,"HM Niagara Falls",office,1,7,,
pr,65,"Humanitarian & Compassionate / Public Policy","Security Screening",Algeria,"HM Montreal",office,,11,,
pr,65,"Humanitarian & Compassionate / Public Policy","Security Screening",Algeria,"HM Niagara Falls",office,,22,,
pr,65,"Humanitarian & Compassionate / Public Policy","Security Screening",Algeria,"HM Toronto",office,1,3,,
pr,65,"Humanitarian & Compassionate / Public Policy","Security Screening",Algeria,"HM Vancouver",office,,9,,
pr,65,"Humanitarian & Compassionate / Public Policy","Security Screening",Angola,"HM Montreal",office,,2,,
pr,65,"Humanitarian & Compassionate / Public Policy","Security Screening",Angola,"HM Niagara Falls",office,,15,,
pr,65,"Humanitarian & Compassionate / Public Policy","Security Screening",Angola,"HM Toronto",office,,1,,
pr,65,"Humanitarian & Compassionate / Public Policy","Security Screening",Angola,"HM Vancouver",office,1,6,,
pr,65,"Humanitarian & Compassionate / Public Policy","Security Screening","Antigua and Barbuda","HM Niagara Falls",office,,1,,
pr,65,"Humanitarian & Compassionate / Public Policy","Security Screening",Armenia,"HM Niagara Falls",office,1,6,,
pr,65,"Humanitarian & Compassionate / Public Policy","Security Screening",Australia,"HM Niagara Falls",office,1,3,,
pr,65,"Humanitarian & Compassionate / Public Policy","Security Screening",Azerbaijan,"HM Montreal",office,,1,,
pr,65,"Humanitarian & Compassionate / Public Policy","Security Screening",Azerbaijan,"HM Niagara Falls",office,,10,,
pr,65,"Humanitarian & Compassionate / Public Policy","Security Screening","Bahama Islands, The","HM Toronto",office,,2,,
pr,65,"Humanitarian & Compassionate / Public Policy","Security Screening",Bangladesh,"HM Montreal",office,,1,,
pr,65,"Humanitarian & Compassionate / Public Policy","Security Screening",Bangladesh,"HM Niagara Falls",office,,19,,
pr,65,"Humanitarian & Compassionate / Public Policy","Security Screening",Bangladesh,"HM Toronto",office,,2,,
pr,65,"Humanitarian & Compassionate / Public Policy","Security Screening",Bangladesh,"HM Vancouver",office,,2,,
pr,65,"Humanitarian & Compassionate / Public Policy","Security Screening",Barbados,"HM Niagara Falls",office,,1,,
pr,65,"Humanitarian & Compassionate / Public Policy","Security Screening",Belarus,"HM Niagara Falls",office,,2,,
pr,65,"Humanitarian & Compassionate / Public Policy","Security Screening",Bosnia-Hercegovina,"HM Niagara Falls",office,,3,,
pr,65,"Humanitarian & Compassionate / Public Policy","Security Screening",Brazil,"HM Niagara Falls",office,1,29,,
pr,65,"Humanitarian & Compassionate / Public Policy","Security Screening",Brazil,"HM Toronto",office,,2,,
pr,65,"Humanitarian & Compassionate / Public Policy","Security Screening",Bulgaria,"HM Niagara Falls",office,,2,,
pr,65,"Humanitarian & Compassionate / Public Policy","Security Screening",Bulgaria,"HM Vancouver",office,,1,,
pr,65,"Humanitarian & Compassionate / Public Policy","Security Screening",Bulgaria,Ottawa,office,,1,,
pr,65,"Humanitarian & Compassionate / Public Policy","Security Screening",Burkina-Faso,"HM Niagara Falls",office,,2,,
pr,65,"Humanitarian & Compassionate / Public Policy","Security Screening",Burkina-Faso,"HM Vancouver",office,,1,,
pr,65,"Humanitarian & Compassionate / Public Policy","Security Screening",Burundi,"HM Montreal",office,,13,,
pr,65,"Humanitarian & Compassionate / Public Policy","Security Screening",Burundi,"HM Niagara Falls",office,,15,,
pr,65,"Humanitarian & Compassionate / Public Policy","Security Screening",Burundi,"HM Vancouver",office,,12,,
pr,65,"Humanitarian & Compassionate / Public Policy","Security Screening",Cambodia,"HM Niagara Falls",office,,1,,
pr,65,"Humanitarian & Compassionate / Public Policy","Security Screening","Central African Republic","HM Niagara Falls",office,,2,,
pr,65,"Humanitarian & Compassionate / Public Policy","Security Screening","Chad, Republic of","HM Montreal",office,,3,,
pr,65,"Humanitarian & Compassionate / Public Policy","Security Screening","Chad, Republic of","HM Niagara Falls",office,,3,,
pr,65,"Humanitarian & Compassionate / Public Policy","Security Screening",Chile,"HM Montreal",office,,3,,
pr,65,"Humanitarian & Compassionate / Public Policy","Security Screening",Chile,"HM Niagara Falls",office,,3,,
pr,65,"Humanitarian & Compassionate / Public Policy","Security Screening",Colombia,Bogota,office,4,10,,
pr,65,"Humanitarian & Compassionate / Public Policy","Security Screening",Colombia,Etobicoke,office,,1,,
pr,65,"Humanitarian & Compassionate / Public Policy","Security Screening",Colombia,"HM Montreal",office,,7,,
pr,65,"Humanitarian & Compassionate / Public Policy","Security Screening",Colombia,"HM Niagara Falls",office,5,60,,
pr,65,"Humanitarian & Compassionate / Public Policy","Security Screening",Colombia,"HM Toronto",office,,6,,
pr,65,"Humanitarian & Compassionate / Public Policy","Security Screening",Colombia,"HM Vancouver",office,,6,,
pr,65,"Humanitarian & Compassionate / Public Policy","Security Screening",Colombia,"Mexico City",office,,1,,
pr,65,"Humanitarian & Compassionate / Public Policy","Security Screening",Colombia,"Ottawa IR",office,,123,,
pr,65,"Humanitarian & Compassionate / Public Policy","Security Screening","Congo, Democratic Republic of the","HM Montreal",office,,51,,
pr,65,"Humanitarian & Compassionate / Public Policy","Security Screening","Congo, Democratic Republic of the","HM Niagara Falls",office,2,71,,
pr,65,"Humanitarian & Compassionate / Public Policy","Security Screening","Congo, Democratic Republic of the","HM Toronto",office,,1,,
pr,65,"Humanitarian & Compassionate / Public Policy","Security Screening","Congo, Democratic Republic of the","HM Vancouver",office,,24,,
pr,65,"Humanitarian & Compassionate / Public Policy","Security Screening","Congo, People's Republic of the","HM Montreal",office,,3,,
pr,65,"Humanitarian & Compassionate / Public Policy","Security Screening","Congo, People's Republic of the","HM Niagara Falls",office,,6,,
pr,65,"Humanitarian & Compassionate / Public Policy","Security Screening","Congo, People's Republic of the","HM Toronto",office,,1,,
pr,65,"Humanitarian & Compassionate / Public Policy","Security Screening","Costa Rica","HM Niagara Falls",office,,2,,
pr,65,"Humanitarian & Compassionate / Public Policy","Security Screening",Croatia,"HM Niagara Falls",office,1,6,,
pr,65,"Humanitarian & Compassionate / Public Policy","Security Screening",Croatia,"HM Vancouver",office,,1,,
pr,65,"Humanitarian & Compassionate / Public Policy","Security Screening",Cuba,"HM Montreal",office,,1,,
pr,66,"Humanitarian & Compassionate / Public Policy","Security Screening",Cuba,"HM Niagara Falls",office,,2,,
pr,66,"Humanitarian & Compassionate / Public Policy","Security Screening",Cuba,"Kingston Jamaica",office,,1,,
pr,66,"Humanitarian & Compassionate / Public Policy","Security Screening","Czech Republic","HM Niagara Falls",office,,1,,
pr,66,"Humanitarian & Compassionate / Public Policy","Security Screening","Democratic Republic of Sudan","HM Niagara Falls",office,1,27,,
pr,66,"Humanitarian & Compassionate / Public Policy","Security Screening","Democratic Republic of Sudan","HM Toronto",office,,1,,
pr,66,"Humanitarian & Compassionate / Public Policy","Security Screening","Democratic Republic of Sudan","HM Vancouver",office,,1,,
pr,66,"Humanitarian & Compassionate / Public Policy","Security Screening","Democratic Republic of Sudan",Rome,office,70,164,,
pr,66,"Humanitarian & Compassionate / Public Policy","Security Screening",Denmark,"HM Niagara Falls",office,,1,,
pr,66,"Humanitarian & Compassionate / Public Policy","Security Screening",Dominica,"HM Vancouver",office,,1,,
pr,66,"Humanitarian & Compassionate / Public Policy","Security Screening","Dominican Republic","HM Niagara Falls",office,,1,,
pr,66,"Humanitarian & Compassionate / Public Policy","Security Screening","Dominican Republic","HM Toronto",office,,1,,
pr,66,"Humanitarian & Compassionate / Public Policy","Security Screening",Ecuador,"HM Niagara Falls",office,,3,,
pr,66,"Humanitarian & Compassionate / Public Policy","Security Screening",Egypt,"HM Niagara Falls",office,,22,,
pr,66,"Humanitarian & Compassionate / Public Policy","Security Screening",Egypt,"HM Vancouver",office,,2,,
pr,66,"Humanitarian & Compassionate / Public Policy","Security Screening","El Salvador","HM Montreal",office,,6,,
pr,66,"Humanitarian & Compassionate / Public Policy","Security Screening","El Salvador","HM Niagara Falls",office,1,17,,
pr,66,"Humanitarian & Compassionate / Public Policy","Security Screening","El Salvador","HM Toronto",office,,3,,
pr,66,"Humanitarian & Compassionate / Public Policy","Security Screening",Eritrea,"HM Niagara Falls",office,1,5,,
pr,66,"Humanitarian & Compassionate / Public Policy","Security Screening",Eritrea,Rome,office,5,6,,
pr,66,"Humanitarian & Compassionate / Public Policy","Security Screening",Ethiopia,"HM Niagara Falls",office,1,7,,
pr,66,"Humanitarian & Compassionate / Public Policy","Security Screening",Ethiopia,"HM Toronto",office,,1,,
pr,66,"Humanitarian & Compassionate / Public Policy","Security Screening",Ethiopia,"HM Vancouver",office,,2,,
pr,66,"Humanitarian & Compassionate / Public Policy","Security Screening",Ethiopia,Rome,office,1,1,,
pr,66,"Humanitarian & Compassionate / Public Policy","Security Screening","Federal Republic of Cameroon","HM Montreal",office,,8,,
pr,66,"Humanitarian & Compassionate / Public Policy","Security Screening","Federal Republic of Cameroon","HM Niagara Falls",office,1,25,,
pr,66,"Humanitarian & Compassionate / Public Policy","Security Screening","Federal Republic of Cameroon","HM Toronto",office,,2,,
pr,66,"Humanitarian & Compassionate / Public Policy","Security Screening","Federal Republic of Cameroon","HM Vancouver",office,,15,,
pr,66,"Humanitarian & Compassionate / Public Policy","Security Screening","Federal Republic of Germany","HM Montreal",office,,1,,
pr,66,"Humanitarian & Compassionate / Public Policy","Security Screening","Federal Republic of Germany","HM Niagara Falls",office,,4,,
pr,66,"Humanitarian & Compassionate / Public Policy","Security Screening","Federal Republic of Germany","HM Vancouver",office,,1,,
pr,66,"Humanitarian & Compassionate / Public Policy","Security Screening",Fiji,"HM Niagara Falls",office,,2,,
pr,66,"Humanitarian & Compassionate / Public Policy","Security Screening",France,"HM Montreal",office,,1,,
pr,66,"Humanitarian & Compassionate / Public Policy","Security Screening",France,"HM Niagara Falls",office,,2,,
pr,66,"Humanitarian & Compassionate / Public Policy","Security Screening","Gabon Republic","HM Vancouver",office,,1,,
pr,66,"Humanitarian & Compassionate / Public Policy","Security Screening",Gambia,"HM Niagara Falls",office,,6,,
pr,66,"Humanitarian & Compassionate / Public Policy","Security Screening",Georgia,"HM Niagara Falls",office,,2,,
pr,66,"Humanitarian & Compassionate / Public Policy","Security Screening",Ghana,"HM Niagara Falls",office,1,7,,
pr,66,"Humanitarian & Compassionate / Public Policy","Security Screening",Ghana,"HM Vancouver",office,,1,,
pr,66,"Humanitarian & Compassionate / Public Policy","Security Screening",Greece,"HM Niagara Falls",office,,1,,
pr,66,"Humanitarian & Compassionate / Public Policy","Security Screening",Grenada,"HM Montreal",office,,1,,
pr,66,"Humanitarian & Compassionate / Public Policy","Security Screening",Grenada,"HM Niagara Falls",office,,4,,
pr,66,"Humanitarian & Compassionate / Public Policy","Security Screening",Guatemala,"HM Montreal",office,,3,,
pr,66,"Humanitarian & Compassionate / Public Policy","Security Screening",Guatemala,"HM Niagara Falls",office,,1,,
pr,66,"Humanitarian & Compassionate / Public Policy","Security Screening","Guinea, Republic of","HM Montreal",office,,6,,
pr,66,"Humanitarian & Compassionate / Public Policy","Security Screening","Guinea, Republic of","HM Niagara Falls",office,,5,,
pr,66,"Humanitarian & Compassionate / Public Policy","Security Screening","Guinea, Republic of","HM Vancouver",office,,1,,
pr,66,"Humanitarian & Compassionate / Public Policy","Security Screening",Guyana,"HM Niagara Falls",office,,3,,
pr,66,"Humanitarian & Compassionate / Public Policy","Security Screening",Guyana,"HM Toronto",office,,1,,
pr,66,"Humanitarian & Compassionate / Public Policy","Security Screening",Haiti,"HM Montreal",office,,77,,
pr,66,"Humanitarian & Compassionate / Public Policy","Security Screening",Haiti,"HM Niagara Falls",office,6,190,,
pr,66,"Humanitarian & Compassionate / Public Policy","Security Screening",Haiti,"HM Toronto",office,,10,,
pr,66,"Humanitarian & Compassionate / Public Policy","Security Screening",Haiti,"HM Vancouver",office,,37,,
pr,66,"Humanitarian & Compassionate / Public Policy","Security Screening",Haiti,"Mexico City",office,1,2,,
pr,66,"Humanitarian & Compassionate / Public Policy","Security Screening",Haiti,"Ottawa IR",office,1,26,,
pr,66,"Humanitarian & Compassionate / Public Policy","Security Screening",Honduras,"HM Montreal",office,,2,,
pr,66,"Humanitarian & Compassionate / Public Policy","Security Screening",Honduras,"HM Niagara Falls",office,2,6,,
pr,66,"Humanitarian & Compassionate / Public Policy","Security Screening",Honduras,"HM Vancouver",office,,3,,
pr,66,"Humanitarian & Compassionate / Public Policy","Security Screening","Hong Kong SAR","HM Niagara Falls",office,,7,,
pr,66,"Humanitarian & Compassionate / Public Policy","Security Screening","Hong Kong SAR","HM Toronto",office,,8,,
pr,66,"Humanitarian & Compassionate / Public Policy","Security Screening","Hong Kong SAR","HM Vancouver",office,,3,,
pr,66,"Humanitarian & Compassionate / Public Policy","Security Screening",Hungary,"HM Niagara Falls",office,1,18,,
pr,66,"Humanitarian & Compassionate / Public Policy","Security Screening",Hungary,"HM Toronto",office,,2,,
pr,66,"Humanitarian & Compassionate / Public Policy","Security Screening",India,"HM Montreal",office,,5,,
pr,66,"Humanitarian & Compassionate / Public Policy","Security Screening",India,"HM Niagara Falls",office,15,90,,
pr,66,"Humanitarian & Compassionate / Public Policy","Security Screening",India,"HM Toronto",office,2,5,,
pr,66,"Humanitarian & Compassionate / Public Policy","Security Screening",India,"HM Vancouver",office,,7,,
pr,66,"Humanitarian & Compassionate / Public Policy","Security Screening",Iran,"HM Montreal",office,,4,,
pr,66,"Humanitarian & Compassionate / Public Policy","Security Screening",Iran,"HM Niagara Falls",office,5,64,,
pr,66,"Humanitarian & Compassionate / Public Policy","Security Screening",Iran,"HM Toronto",office,,4,,
pr,66,"Humanitarian & Compassionate / Public Policy","Security Screening",Iran,"HM Vancouver",office,1,2,,
pr,66,"Humanitarian & Compassionate / Public Policy","Security Screening",Iran,Paris,office,,1,,
pr,66,"Humanitarian & Compassionate / Public Policy","Security Screening",Iraq,"HM Montreal",office,,4,,
pr,66,"Humanitarian & Compassionate / Public Policy","Security Screening",Iraq,"HM Niagara Falls",office,,66,,
pr,66,"Humanitarian & Compassionate / Public Policy","Security Screening",Iraq,"HM Toronto",office,,5,,
pr,66,"Humanitarian & Compassionate / Public Policy","Security Screening",Iraq,"HM Vancouver",office,,3,,
pr,66,"Humanitarian & Compassionate / Public Policy","Security Screening",Israel,"HM Niagara Falls",office,1,19,,
pr,66,"Humanitarian & Compassionate / Public Policy","Security Screening",Italy,"HM Niagara Falls",office,1,4,,
pr,66,"Humanitarian & Compassionate / Public Policy","Security Screening",Italy,"HM Vancouver",office,,2,,
pr,66,"Humanitarian & Compassionate / Public Policy","Security Screening",Italy,"Ottawa IR",office,,1,,
pr,66,"Humanitarian & Compassionate / Public Policy","Security Screening",Jamaica,"HM Montreal",office,,1,,
pr,66,"Humanitarian & Compassionate / Public Policy","Security Screening",Jamaica,"HM Niagara Falls",office,2,25,,
pr,66,"Humanitarian & Compassionate / Public Policy","Security Screening",Jamaica,"HM Toronto",office,,2,,
pr,66,"Humanitarian & Compassionate / Public Policy","Security Screening",Jamaica,"HM Vancouver",office,,5,,
pr,66,"Humanitarian & Compassionate / Public Policy","Security Screening",Jordan,"HM Montreal",office,,2,,
pr,66,"Humanitarian & Compassionate / Public Policy","Security Screening",Jordan,"HM Niagara Falls",office,7,22,,
pr,66,"Humanitarian & Compassionate / Public Policy","Security Screening",Jordan,"HM Toronto",office,,1,,
pr,66,"Humanitarian & Compassionate / Public Policy","Security Screening",Kazakhstan,"HM Niagara Falls",office,,2,,
pr,66,"Humanitarian & Compassionate / Public Policy","Security Screening",Kenya,"HM Niagara Falls",office,,8,,
pr,66,"Humanitarian & Compassionate / Public Policy","Security Screening",Kenya,"HM Vancouver",office,,12,,
pr,66,"Humanitarian & Compassionate / Public Policy","Security Screening","Korea, People's Democratic Republic of","HM Niagara Falls",office,,16,,
pr,66,"Humanitarian & Compassionate / Public Policy","Security Screening","Korea, Republic of","HM Montreal",office,,1,,
pr,66,"Humanitarian & Compassionate / Public Policy","Security Screening","Korea, Republic of","HM Niagara Falls",office,3,30,,
pr,66,"Humanitarian & Compassionate / Public Policy","Security Screening","Korea, Republic of","HM Toronto",office,,1,,
pr,66,"Humanitarian & Compassionate / Public Policy","Security Screening","Kosovo, Republic of","HM Niagara Falls",office,,4,,
pr,66,"Humanitarian & Compassionate / Public Policy","Security Screening",Kyrgyzstan,"HM Niagara Falls",office,,2,,
pr,66,"Humanitarian & Compassionate / Public Policy","Security Screening",Lebanon,"HM Montreal",office,2,6,,
pr,66,"Humanitarian & Compassionate / Public Policy","Security Screening",Lebanon,"HM Niagara Falls",office,4,42,,
pr,66,"Humanitarian & Compassionate / Public Policy","Security Screening",Lebanon,"HM Toronto",office,,2,,
pr,66,"Humanitarian & Compassionate / Public Policy","Security Screening",Lebanon,"HM Vancouver",office,,1,,
pr,66,"Humanitarian & Compassionate / Public Policy","Security Screening",Liberia,"HM Montreal",office,,2,,
pr,66,"Humanitarian & Compassionate / Public Policy","Security Screening",Liberia,"HM Niagara Falls",office,,6,,
pr,66,"Humanitarian & Compassionate / Public Policy","Security Screening",Liberia,"HM Toronto",office,,1,,
pr,66,"Humanitarian & Compassionate / Public Policy","Security Screening",Liberia,"HM Vancouver",office,,4,,
pr,66,"Humanitarian & Compassionate / Public Policy","Security Screening",Libya,"Case Review Citizenship And Immigration Cases",office,1,1,,
pr,66,"Humanitarian & Compassionate / Public Policy","Security Screening",Libya,"HM Montreal",office,,7,,
pr,66,"Humanitarian & Compassionate / Public Policy","Security Screening",Libya,"HM Niagara Falls",office,7,199,,
pr,66,"Humanitarian & Compassionate / Public Policy","Security Screening",Libya,"HM Toronto",office,,9,,
pr,66,"Humanitarian & Compassionate / Public Policy","Security Screening",Lithuania,"HM Toronto",office,,1,,
pr,67,"Humanitarian & Compassionate / Public Policy","Security Screening",Malaysia,"HM Niagara Falls",office,,1,,
pr,67,"Humanitarian & Compassionate / Public Policy","Security Screening","Mali, Republic of","HM Montreal",office,,6,,
pr,67,"Humanitarian & Compassionate / Public Policy","Security Screening","Mali, Republic of","HM Niagara Falls",office,,5,,
pr,67,"Humanitarian & Compassionate / Public Policy","Security Screening",Mauritania,"HM Niagara Falls",office,,1,,
pr,67,"Humanitarian & Compassionate / Public Policy","Security Screening",Mexico,"Case Cases Review Citizenship And Immigration",office,,1,,
pr,67,"Humanitarian & Compassionate / Public Policy","Security Screening",Mexico,"HM Montreal",office,,8,,
pr,67,"Humanitarian & Compassionate / Public Policy","Security Screening",Mexico,"HM Niagara Falls",office,6,61,,
pr,67,"Humanitarian & Compassionate / Public Policy","Security Screening",Mexico,"HM Toronto",office,,6,,
pr,67,"Humanitarian & Compassionate / Public Policy","Security Screening",Mexico,"HM Vancouver",office,1,3,,
pr,67,"Humanitarian & Compassionate / Public Policy","Security Screening",Mexico,"Permanent Resident Card Centre Sydney",office,1,1,,
pr,67,"Humanitarian & Compassionate / Public Policy","Security Screening",Mexico,"Vancouver International Airport",office,,1,,
pr,67,"Humanitarian & Compassionate / Public Policy","Security Screening",Moldova,"HM Niagara Falls",office,,3,,
pr,67,"Humanitarian & Compassionate / Public Policy","Security Screening","Mongolia, People's Republic of","HM Niagara Falls",office,,1,,
pr,67,"Humanitarian & Compassionate / Public Policy","Security Screening",Morocco,"HM Montreal",office,,8,,
pr,67,"Humanitarian & Compassionate / Public Policy","Security Screening",Morocco,"HM Niagara Falls",office,2,15,,
pr,67,"Humanitarian & Compassionate / Public Policy","Security Screening",Namibia,"HM Montreal",office,,1,,
pr,67,"Humanitarian & Compassionate / Public Policy","Security Screening",Namibia,"HM Niagara Falls",office,,2,,
pr,67,"Humanitarian & Compassionate / Public Policy","Security Screening",Nepal,"HM Niagara Falls",office,,2,,
pr,67,"Humanitarian & Compassionate / Public Policy","Security Screening","New Zealand","HM Niagara Falls",office,1,1,,
pr,67,"Humanitarian & Compassionate / Public Policy","Security Screening",Nicaragua,"HM Niagara Falls",office,1,3,,
pr,67,"Humanitarian & Compassionate / Public Policy","Security Screening",Nigeria,"HM Montreal",office,,11,,
pr,67,"Humanitarian & Compassionate / Public Policy","Security Screening",Nigeria,"HM Niagara Falls",office,5,626,,
pr,67,"Humanitarian & Compassionate / Public Policy","Security Screening",Nigeria,"HM Toronto",office,,27,,
pr,67,"Humanitarian & Compassionate / Public Policy","Security Screening",Nigeria,"HM Vancouver",office,,204,,
pr,67,"Humanitarian & Compassionate / Public Policy","Security Screening",Nigeria,"Permanent Resident Card Centre Sydney",office,1,1,,
pr,67,"Humanitarian & Compassionate / Public Policy","Security Screening",Pakistan,"Case Cases Review Citizenship And Immigration",office,,1,,
pr,67,"Humanitarian & Compassionate / Public Policy","Security Screening",Pakistan,"HM Montreal",office,,2,,
pr,67,"Humanitarian & Compassionate / Public Policy","Security Screening",Pakistan,"HM Niagara Falls",office,6,58,,
pr,67,"Humanitarian & Compassionate / Public Policy","Security Screening",Pakistan,"HM Toronto",office,1,2,,
pr,67,"Humanitarian & Compassionate / Public Policy","Security Screening",Pakistan,"HM Vancouver",office,,5,,
pr,67,"Humanitarian & Compassionate / Public Policy","Security Screening",Pakistan,"London England",office,,7,,
pr,67,"Humanitarian & Compassionate / Public Policy","Security Screening","Palestinian Authority (Gaza/West Bank)","HM Niagara Falls",office,3,14,,
pr,67,"Humanitarian & Compassionate / Public Policy","Security Screening","Palestinian Authority (Gaza/West Bank)","HM Vancouver",office,,5,,
pr,67,"Humanitarian & Compassionate / Public Policy","Security Screening","Peoples Republic of Benin","HM Montreal",office,,2,,
pr,67,"Humanitarian & Compassionate / Public Policy","Security Screening","Peoples Republic of Benin","HM Niagara Falls",office,,2,,
pr,67,"Humanitarian & Compassionate / Public Policy","Security Screening","People's Republic of China","HM Montreal",office,,2,,
pr,67,"Humanitarian & Compassionate / Public Policy","Security Screening","People's Republic of China","HM Niagara Falls",office,1,83,,
pr,67,"Humanitarian & Compassionate / Public Policy","Security Screening","People's Republic of China","HM Toronto",office,5,12,,
pr,67,"Humanitarian & Compassionate / Public Policy","Security Screening","People's Republic of China","HM Vancouver",office,,3,,
pr,67,"Humanitarian & Compassionate / Public Policy","Security Screening",Peru,"HM Montreal",office,,1,,
pr,67,"Humanitarian & Compassionate / Public Policy","Security Screening",Peru,"HM Niagara Falls",office,,6,,
pr,67,"Humanitarian & Compassionate / Public Policy","Security Screening",Peru,"HM Vancouver",office,,3,,
pr,67,"Humanitarian & Compassionate / Public Policy","Security Screening",Philippines,"HM Montreal",office,,1,,
pr,67,"Humanitarian & Compassionate / Public Policy","Security Screening",Philippines,"HM Niagara Falls",office,2,29,,
pr,67,"Humanitarian & Compassionate / Public Policy","Security Screening",Philippines,"HM Toronto",office,,3,,
pr,67,"Humanitarian & Compassionate / Public Policy","Security Screening",Philippines,"HM Vancouver",office,,6,,
pr,67,"Humanitarian & Compassionate / Public Policy","Security Screening",Poland,"HM Niagara Falls",office,,2,,
pr,67,"Humanitarian & Compassionate / Public Policy","Security Screening",Poland,"HM Vancouver",office,,1,,
pr,67,"Humanitarian & Compassionate / Public Policy","Security Screening",Portugal,"HM Montreal",office,,1,,
pr,67,"Humanitarian & Compassionate / Public Policy","Security Screening",Portugal,"HM Niagara Falls",office,,2,,
pr,67,"Humanitarian & Compassionate / Public Policy","Security Screening",Portugal,"HM Vancouver",office,,1,,
pr,67,"Humanitarian & Compassionate / Public Policy","Security Screening","Republic of Djibouti","HM Montreal",office,,6,,
pr,67,"Humanitarian & Compassionate / Public Policy","Security Screening","Republic of Djibouti","HM Niagara Falls",office,,7,,
pr,67,"Humanitarian & Compassionate / Public Policy","Security Screening","Republic of Indonesia","HM Niagara Falls",office,,2,,
pr,67,"Humanitarian & Compassionate / Public Policy","Security Screening","Republic of Indonesia","HM Toronto",office,,1,,
pr,67,"Humanitarian & Compassionate / Public Policy","Security Screening","Republic of Ivory Coast","HM Montreal",office,,1,,
pr,67,"Humanitarian & Compassionate / Public Policy","Security Screening","Republic of Ivory Coast","HM Niagara Falls",office,,6,,
pr,67,"Humanitarian & Compassionate / Public Policy","Security Screening","Republic of Ivory Coast","HM Vancouver",office,,2,,
pr,67,"Humanitarian & Compassionate / Public Policy","Security Screening","Republic of South Africa","HM Montreal",office,,1,,
pr,67,"Humanitarian & Compassionate / Public Policy","Security Screening","Republic of South Africa","HM Niagara Falls",office,,3,,
pr,67,"Humanitarian & Compassionate / Public Policy","Security Screening","Republic of the Niger","HM Montreal",office,,1,,
pr,67,"Humanitarian & Compassionate / Public Policy","Security Screening","Republic of the Niger","HM Vancouver",office,,1,,
pr,67,"Humanitarian & Compassionate / Public Policy","Security Screening",Romania,Etobicoke,office,,1,,
pr,67,"Humanitarian & Compassionate / Public Policy","Security Screening",Romania,"HM Montreal",office,,2,,
pr,67,"Humanitarian & Compassionate / Public Policy","Security Screening",Romania,"HM Niagara Falls",office,,2,,
pr,67,"Humanitarian & Compassionate / Public Policy","Security Screening",Romania,"HM Toronto",office,,1,,
pr,67,"Humanitarian & Compassionate / Public Policy","Security Screening",Russia,"HM Montreal",office,,7,,
pr,67,"Humanitarian & Compassionate / Public Policy","Security Screening",Russia,"HM Niagara Falls",office,4,32,,
pr,67,"Humanitarian & Compassionate / Public Policy","Security Screening",Rwanda,"HM Montreal",office,,5,,
pr,67,"Humanitarian & Compassionate / Public Policy","Security Screening",Rwanda,"HM Niagara Falls",office,1,26,,
pr,67,"Humanitarian & Compassionate / Public Policy","Security Screening",Rwanda,"HM Vancouver",office,,11,,
pr,67,"Humanitarian & Compassionate / Public Policy","Security Screening","Saudi Arabia","HM Niagara Falls",office,,1,,
pr,67,"Humanitarian & Compassionate / Public Policy","Security Screening","Saudi Arabia","HM Toronto",office,,1,,
pr,67,"Humanitarian & Compassionate / Public Policy","Security Screening",Senegal,"HM Montreal",office,,1,,
pr,67,"Humanitarian & Compassionate / Public Policy","Security Screening",Senegal,"HM Niagara Falls",office,1,4,,
pr,67,"Humanitarian & Compassionate / Public Policy","Security Screening",Senegal,"HM Vancouver",office,,1,,
pr,67,"Humanitarian & Compassionate / Public Policy","Security Screening","Serbia, Republic of","HM Niagara Falls",office,,3,,
pr,67,"Humanitarian & Compassionate / Public Policy","Security Screening","Sierra Leone","HM Montreal",office,,1,,
pr,67,"Humanitarian & Compassionate / Public Policy","Security Screening","Sierra Leone","HM Niagara Falls",office,,2,,
pr,67,"Humanitarian & Compassionate / Public Policy","Security Screening","Sierra Leone","HM Vancouver",office,,1,,
pr,67,"Humanitarian & Compassionate / Public Policy","Security Screening",Singapore,"HM Niagara Falls",office,,1,,
pr,67,"Humanitarian & Compassionate / Public Policy","Security Screening","Socialist Republic of Vietnam","HM Niagara Falls",office,,4,,
pr,67,"Humanitarian & Compassionate / Public Policy","Security Screening","Somalia, Democratic Republic of","HM Montreal",office,,2,,
pr,67,"Humanitarian & Compassionate / Public Policy","Security Screening","Somalia, Democratic Republic of","HM Niagara Falls",office,3,33,,
pr,67,"Humanitarian & Compassionate / Public Policy","Security Screening","South Sudan, Republic Of","HM Niagara Falls",office,,1,,
pr,67,"Humanitarian & Compassionate / Public Policy","Security Screening",Spain,"HM Niagara Falls",office,,3,,
pr,67,"Humanitarian & Compassionate / Public Policy","Security Screening","Sri Lanka","HM Montreal",office,,2,,
pr,67,"Humanitarian & Compassionate / Public Policy","Security Screening","Sri Lanka","HM Niagara Falls",office,1,38,,
pr,67,"Humanitarian & Compassionate / Public Policy","Security Screening","Sri Lanka","HM Vancouver",office,,4,,
pr,67,"Humanitarian & Compassionate / Public Policy","Security Screening","St. Lucia","HM Niagara Falls",office,,2,,
pr,67,"Humanitarian & Compassionate / Public Policy","Security Screening","St. Lucia","HM Toronto",office,,1,,
pr,67,"Humanitarian & Compassionate / Public Policy","Security Screening","St. Vincent and the Grenadines","HM Montreal",office,,1,,
pr,67,"Humanitarian & Compassionate / Public Policy","Security Screening","St. Vincent and the Grenadines","HM Niagara Falls",office,,4,,
pr,67,"Humanitarian & Compassionate / Public Policy","Security Screening",Stateless,"HM Montreal",office,,1,,
pr,67,"Humanitarian & Compassionate / Public Policy","Security Screening",Stateless,"HM Niagara Falls",office,3,33,,
pr,67,"Humanitarian & Compassionate / Public Policy","Security Screening",Stateless,"HM Toronto",office,,1,,
pr,67,"Humanitarian & Compassionate / Public Policy","Security Screening",Stateless,"HM Vancouver",office,,1,,
pr,68,"Humanitarian & Compassionate / Public Policy","Security Screening",Swaziland,"HM Niagara Falls",office,,1,,
pr,68,"Humanitarian & Compassionate / Public Policy","Security Screening",Switzerland,"HM Montreal",office,,1,,
pr,68,"Humanitarian & Compassionate / Public Policy","Security Screening",Syria,Amman,office,,1,,
pr,68,"Humanitarian & Compassionate / Public Policy","Security Screening",Syria,"HM Montreal",office,,2,,
pr,68,"Humanitarian & Compassionate / Public Policy","Security Screening",Syria,"HM Niagara Falls",office,,15,,
pr,68,"Humanitarian & Compassionate / Public Policy","Security Screening",Syria,"HM Toronto",office,,2,,
pr,68,"Humanitarian & Compassionate / Public Policy","Security Screening",Taiwan,"HM Niagara Falls",office,,2,,
pr,68,"Humanitarian & Compassionate / Public Policy","Security Screening",Thailand,"HM Niagara Falls",office,,1,,
pr,68,"Humanitarian & Compassionate / Public Policy","Security Screening","The Netherlands","HM Niagara Falls",office,,4,,
pr,68,"Humanitarian & Compassionate / Public Policy","Security Screening","Togo, Republic of","HM Montreal",office,,1,,
pr,68,"Humanitarian & Compassionate / Public Policy","Security Screening","Togo, Republic of","HM Niagara Falls",office,,4,,
pr,68,"Humanitarian & Compassionate / Public Policy","Security Screening",Tonga,"HM Toronto",office,,1,,
pr,68,"Humanitarian & Compassionate / Public Policy","Security Screening","Trinidad and Tobago, Republic of","HM Montreal",office,,1,,
pr,68,"Humanitarian & Compassionate / Public Policy","Security Screening","Trinidad and Tobago, Republic of","HM Niagara Falls",office,,1,,
pr,68,"Humanitarian & Compassionate / Public Policy","Security Screening","Trinidad and Tobago, Republic of","HM Vancouver",office,,3,,
pr,68,"Humanitarian & Compassionate / Public Policy","Security Screening",Tunisia,"HM Montreal",office,,4,,
pr,68,"Humanitarian & Compassionate / Public Policy","Security Screening",Tunisia,"HM Niagara Falls",office,,2,,
pr,68,"Humanitarian & Compassionate / Public Policy","Security Screening",Turkey,"Case Processing Centre Mississauga",office,,1,,
pr,68,"Humanitarian & Compassionate / Public Policy","Security Screening",Turkey,"HM Montreal",office,,4,,
pr,68,"Humanitarian & Compassionate / Public Policy","Security Screening",Turkey,"HM Niagara Falls",office,3,19,,
pr,68,"Humanitarian & Compassionate / Public Policy","Security Screening",Turkey,"HM Toronto",office,,1,,
pr,68,"Humanitarian & Compassionate / Public Policy","Security Screening",Turkey,"HM Vancouver",office,,1,,
pr,68,"Humanitarian & Compassionate / Public Policy","Security Screening",Turkey,"Permanent Resident Card Centre Sydney",office,1,1,,
pr,68,"Humanitarian & Compassionate / Public Policy","Security Screening",Uganda,"HM Niagara Falls",office,,22,,
pr,68,"Humanitarian & Compassionate / Public Policy","Security Screening",Uganda,"HM Vancouver",office,,6,,
pr,68,"Humanitarian & Compassionate / Public Policy","Security Screening",Ukraine,"HM Montreal",office,,3,,
pr,68,"Humanitarian & Compassionate / Public Policy","Security Screening",Ukraine,"HM Niagara Falls",office,4,139,,
pr,68,"Humanitarian & Compassionate / Public Policy","Security Screening",Ukraine,"HM Vancouver",office,,2,,
pr,68,"Humanitarian & Compassionate / Public Policy","Security Screening","United Kingdom and Overseas Territories","HM Montreal",office,,3,,
pr,68,"Humanitarian & Compassionate / Public Policy","Security Screening","United Kingdom and Overseas Territories","HM Niagara Falls",office,,7,,
pr,68,"Humanitarian & Compassionate / Public Policy","Security Screening","United Kingdom and Overseas Territories","HM Toronto",office,,2,,
pr,68,"Humanitarian & Compassionate / Public Policy","Security Screening","United Kingdom and Overseas Territories","HM Vancouver",office,,3,,
pr,68,"Humanitarian & Compassionate / Public Policy","Security Screening","United Republic of Tanzania","HM Vancouver",office,,1,,
pr,68,"Humanitarian & Compassionate / Public Policy","Security Screening","United States of America","HM Montreal",office,,3,,
pr,68,"Humanitarian & Compassionate / Public Policy","Security Screening","United States of America","HM Niagara Falls",office,,9,,
pr,68,"Humanitarian & Compassionate / Public Policy","Security Screening","United States of America","HM Toronto",office,,1,,
pr,68,"Humanitarian & Compassionate / Public Policy","Security Screening","United States of America","HM Vancouver",office,,3,,
pr,68,"Humanitarian & Compassionate / Public Policy","Security Screening","","HM Montreal",office,,1,,
pr,68,"Humanitarian & Compassionate / Public Policy","Security Screening","","HM Niagara Falls",office,1,2,,
pr,68,"Humanitarian & Compassionate / Public Policy","Security Screening","","HM Toronto",office,,1,,
pr,68,"Humanitarian & Compassionate / Public Policy","Security Screening","","HM Vancouver",office,,1,,
pr,68,"Humanitarian & Compassionate / Public Policy","Security Screening",Uruguay,"HM Niagara Falls",office,,2,,
pr,68,"Humanitarian & Compassionate / Public Policy","Security Screening",Venezuela,Bogota,office,,1,,
pr,68,"Humanitarian & Compassionate / Public Policy","Security Screening",Venezuela,"HM Montreal",office,,3,,
pr,68,"Humanitarian & Compassionate / Public Policy","Security Screening",Venezuela,"HM Niagara Falls",office,4,29,,
pr,68,"Humanitarian & Compassionate / Public Policy","Security Screening",Venezuela,"HM Toronto",office,,2,,
pr,68,"Humanitarian & Compassionate / Public Policy","Security Screening",Venezuela,"Ottawa IR",office,,40,,
pr,68,"Humanitarian & Compassionate / Public Policy","Security Screening",Venezuela,"Permanent Resident Card Centre Sydney",office,1,1,,
pr,68,"Humanitarian & Compassionate / Public Policy","Security Screening","Yemen, Republic of","Case Processing Centre Mississauga",office,,2,,
pr,68,"Humanitarian & Compassionate / Public Policy","Security Screening","Yemen, Republic of","HM Niagara Falls",office,2,20,,
pr,68,"Humanitarian & Compassionate / Public Policy","Security Screening",Zambia,"HM Niagara Falls",office,,1,,
pr,68,"Humanitarian & Compassionate / Public Policy","Security Screening",Zambia,"HM Vancouver",office,,1,,
pr,68,"Humanitarian & Compassionate / Public Policy","Security Screening",Zimbabwe,"HM Montreal",office,,2,,
pr,68,"Humanitarian & Compassionate / Public Policy","Security Screening",Zimbabwe,"HM Niagara Falls",office,1,9,,
pr,68,"Humanitarian & Compassionate / Public Policy","Security Screening",Zimbabwe,"HM Vancouver",office,,4,,
pr,65,"Humanitarian & Compassionate / Public Policy","Security Screening","Missing data","Missing data",office,,2,MISSING_DATA_PLACEHOLDER,"Placeholder for data withheld from the ATIP release (s.16(1)(c) cell suppression): the printed parent total exceeds the visible rows by 0/2. Added so the group reconciles."
pr,68,"Permit Holders Class","HIRV Screening","Democratic Republic of Sudan",Windsor,office,,1,,
pr,68,"Permit Holders Class","Security Screening","Democratic Republic of Sudan",Etobicoke,office,,1,,
pr,68,"Permit Holders Class","Security Screening","Democratic Republic of Sudan",Windsor,office,,1,,
pr,68,"Permit Holders Class","Security Screening",Haiti,"Case Processing Centre Edmonton",office,,1,,
pr,68,"Permit Holders Class","Security Screening",Libya,"HM Niagara Falls",office,2,2,,
pr,68,"Permit Holders Class","Security Screening",Mexico,"HM Niagara Falls",office,1,1,,
pr,68,"Permit Holders Class","Security Screening","Palestinian Authority (Gaza/West Bank)","HM Niagara Falls",office,,2,,
pr,68,"Permit Holders Class","Security Screening","Saudi Arabia","HM Niagara Falls",office,1,1,,
pr,68,"Permit Holders Class","Security Screening","Sri Lanka","HM Niagara Falls",office,,1,,
pr,68,"Permit Holders Class","Security Screening",Stateless,"HM Niagara Falls",office,,1,,
pr,68,"Permit Holders Class","Security Screening",Syria,"HM Niagara Falls",office,1,1,,
pr,68,"Permit Holders Class","Security Screening",Turkey,"HM Niagara Falls",office,1,1,,
pr,68,"Permit Holders Class","Security Screening","United Kingdom and Overseas Territories","HM Niagara Falls",office,,1,,
pr,68,"Permit Holders Class","Security Screening","United Kingdom and Overseas Territories",Windsor,office,,1,,
pr,68,"Permit Holders Class","Security Screening","United States of America","Case Processing Centre Edmonton",office,,1,,
pr,68,"Protected Persons","HIRV Screening",Afghanistan,"Case Processing Centre Mississauga",office,,1,,
pr,68,"Protected Persons","HIRV Screening",Afghanistan,"Case Cases Review Citizenship And Immigration",office,1,1,,
pr,68,"Protected Persons","HIRV Screening",Burundi,"Case Processing Centre Mississauga",office,,1,,
pr,68,"Protected Persons","HIRV Screening",Burundi,Dar-Es-Salaam,office,2,6,,
pr,68,"Protected Persons","HIRV Screening","Congo, Democratic Republic of the","Case Processing Centre Mississauga",office,,1,,
pr,68,"Protected Persons","HIRV Screening","Congo, Democratic Republic of the",Nairobi,office,,1,,
pr,68,"Protected Persons","HIRV Screening","El Salvador","Mexico City",office,,1,,
pr,68,"Protected Persons","HIRV Screening",Eritrea,Dar-Es-Salaam,office,3,10,,
pr,68,"Protected Persons","HIRV Screening",Eritrea,Nairobi,office,,3,,
pr,68,"Protected Persons","HIRV Screening",Eritrea,Pretoria,office,,1,,
pr,68,"Protected Persons","HIRV Screening",Eritrea,"Tel Aviv",office,1,3,,
pr,68,"Protected Persons","HIRV Screening",Ethiopia,Dar-Es-Salaam,office,1,2,,
pr,68,"Protected Persons","HIRV Screening",Ethiopia,Paris,office,,1,,
pr,68,"Protected Persons","HIRV Screening",Haiti,Port-Au-Prince,office,,2,,
pr,68,"Protected Persons","HIRV Screening",Iraq,"Mexico City",office,,1,,
pr,68,"Protected Persons","HIRV Screening",Pakistan,Hamilton,office,1,2,,
pr,68,"Protected Persons","HIRV Screening",Pakistan,Vienna,office,,1,,
pr,68,"Protected Persons","HIRV Screening","Republic of Ivory Coast",Rabat,office,,1,,
pr,68,"Protected Persons","HIRV Screening",Russia,"Niagara Falls IRCC",office,,1,,
pr,68,"Protected Persons","HIRV Screening",Rwanda,Dar-Es-Salaam,office,,1,,
pr,68,"Protected Persons","HIRV Screening",Rwanda,Pretoria,office,2,7,,
pr,68,"Protected Persons","HIRV Screening","Somalia, Democratic Republic of",Pretoria,office,,1,,
pr,69,"Protected Persons","HIRV Screening",Syria,Ankara,office,,1,,
pr,69,"Protected Persons","HIRV Screening",Syria,Beirut,office,,1,,
pr,69,"Protected Persons","HIRV Screening",Syria,"Mexico City",office,,1,,
pr,69,"Protected Persons","HIRV Screening",Syria,Port-Au-Prince,office,,1,,
pr,69,"Protected Persons","HIRV Screening","Togo, Republic of",Accra,office,,1,,
pr,69,"Protected Persons","HIRV Screening",Turkey,"Case Cases Review Citizenship And Immigration",office,,1,,
pr,69,"Protected Persons","HIRV Screening",Turkey,"Los Angeles",office,,1,,
pr,69,"Protected Persons","Org Crime Screening",Afghanistan,"New York",office,,1,,
pr,69,"Protected Persons","Org Crime Screening",Afghanistan,Washington,office,,2,,
pr,69,"Protected Persons","Org Crime Screening",Barbados,"Case Processing Centre Mississauga",office,,1,,
pr,69,"Protected Persons","Org Crime Screening",Colombia,"Case Processing Centre Mississauga",office,,12,,
pr,69,"Protected Persons","Org Crime Screening",Colombia,Hamilton,office,1,1,,
pr,69,"Protected Persons","Org Crime Screening",Croatia,"Case Processing Centre Mississauga",office,,1,,
pr,69,"Protected Persons","Org Crime Screening",Cuba,"Case Processing Centre Mississauga",office,,1,,
pr,69,"Protected Persons","Org Crime Screening","El Salvador","Case Processing Centre Mississauga",office,,1,,
pr,69,"Protected Persons","Org Crime Screening","El Salvador","Mexico City",office,,2,,
pr,69,"Protected Persons","Org Crime Screening",Eritrea,"Case Processing Centre Mississauga",office,,1,,
pr,69,"Protected Persons","Org Crime Screening",Ethiopia,"Case Processing Centre Mississauga",office,,1,,
pr,69,"Protected Persons","Org Crime Screening",Georgia,"Case Processing Centre Mississauga",office,,3,,
pr,69,"Protected Persons","Org Crime Screening",Haiti,"Case Processing Centre Mississauga",office,,2,,
pr,69,"Protected Persons","Org Crime Screening",Honduras,"Case Processing Centre Mississauga",office,,2,,
pr,69,"Protected Persons","Org Crime Screening",Hungary,"Case Processing Centre Mississauga",office,,18,,
pr,69,"Protected Persons","Org Crime Screening",India,"Case Processing Centre Mississauga",office,,2,,
pr,69,"Protected Persons","Org Crime Screening",Iran,Ankara,office,1,1,,
pr,69,"Protected Persons","Org Crime Screening",Iran,"Case Processing Centre Mississauga",office,,3,,
pr,69,"Protected Persons","Org Crime Screening",Iran,"Missing data",office,1,1,MISSING_DATA_PLACEHOLDER,"Placeholder for data withheld from the ATIP release (s.16(1)(c) cell suppression): the printed parent total exceeds the visible rows by 1/1. Added so the group reconciles."
pr,69,"Protected Persons","Org Crime Screening",Singapore,"Missing data",office,1,1,MISSING_DATA_PLACEHOLDER,"Placeholder for data withheld from the ATIP release (s.16(1)(c) cell suppression): the printed parent total exceeds the visible rows by 1/1. Added so the group reconciles."
pr,69,"Protected Persons","Org Crime Screening",Jamaica,"Case Processing Centre Mississauga",office,,2,,
pr,69,"Protected Persons","Org Crime Screening",Kazakhstan,"Case Processing Centre Mississauga",office,,2,,
pr,69,"Protected Persons","Org Crime Screening",Mexico,"Mexico City",office,,1,,
pr,69,"Protected Persons","Org Crime Screening","Mongolia, People's Republic of","Case Processing Centre Mississauga",office,,1,,
pr,69,"Protected Persons","Org Crime Screening",Namibia,"Case Processing Centre Mississauga",office,,2,,
pr,69,"Protected Persons","Org Crime Screening",Nigeria,"Case Processing Centre Mississauga",office,1,4,,
pr,69,"Protected Persons","Org Crime Screening",Nigeria,Hamilton,office,,2,,
pr,69,"Protected Persons","Org Crime Screening",Nigeria,Windsor,office,,1,,
pr,69,"Protected Persons","Org Crime Screening",Pakistan,"Case Processing Centre Mississauga",office,,2,,
pr,69,"Protected Persons","Org Crime Screening",Pakistan,Hamilton,office,1,2,,
pr,69,"Protected Persons","Org Crime Screening","Panama, Republic of","Case Processing Centre Mississauga",office,,2,,
pr,69,"Protected Persons","Org Crime Screening","Peoples Republic of Benin","Case Processing Centre Mississauga",office,,1,,
pr,69,"Protected Persons","Org Crime Screening","People's Republic of China","Case Processing Centre Mississauga",office,,5,,
pr,69,"Protected Persons","Org Crime Screening","People's Republic of China",Hamilton,office,1,1,,
pr,69,"Protected Persons","Org Crime Screening","People's Republic of China","Hong Kong",office,,1,,
pr,69,"Protected Persons","Org Crime Screening",Peru,"Niagara Falls IRCC",office,,1,,
pr,69,"Protected Persons","Org Crime Screening",Philippines,"Case Processing Centre Mississauga",office,,1,,
pr,69,"Protected Persons","Org Crime Screening",Poland,"Case Processing Centre Mississauga",office,,2,,
pr,69,"Protected Persons","Org Crime Screening",Romania,"Case Processing Centre Mississauga",office,,11,,
pr,69,"Protected Persons","Org Crime Screening",Romania,"HM Montreal",office,,1,,
pr,69,"Protected Persons","Org Crime Screening",Senegal,"Case Processing Centre Mississauga",office,,1,,
pr,69,"Protected Persons","Org Crime Screening","Slovak Republic","Case Processing Centre Mississauga",office,,2,,
pr,69,"Protected Persons","Org Crime Screening","Sri Lanka","Case Processing Centre Mississauga",office,,3,,
pr,69,"Protected Persons","Org Crime Screening","Sri Lanka","Niagara Falls IRCC",office,,1,,
pr,69,"Protected Persons","Org Crime Screening","St. Lucia","Case Processing Centre Mississauga",office,,1,,
pr,69,"Protected Persons","Org Crime Screening",Stateless,"Case Processing Centre Mississauga",office,,1,,
pr,69,"Protected Persons","Org Crime Screening",Syria,"Abu Dhabi",office,,2,,
pr,69,"Protected Persons","Org Crime Screening",Syria,Beirut,office,,1,,
pr,69,"Protected Persons","Org Crime Screening",Turkey,"Mexico City",office,,1,,
pr,69,"Protected Persons","Org Crime Screening","United Republic of Tanzania","Case Processing Centre Mississauga",office,,1,,
pr,69,"Protected Persons","Org Crime Screening",Zimbabwe,"Case Processing Centre Mississauga",office,,1,,
pr,69,"Protected Persons","Org Crime Screening","Missing data","Missing data",office,-1,-1,MISSING_DATA_PLACEHOLDER,"Placeholder reconciling the source's own inconsistency: the printed parent total differs from the sum of its printed detail rows by -1/-1 (the document does not foot). Added so the group reconciles."
pr,69,"Protected Persons","Security Screening",Afghanistan,"Abu Dhabi",office,27,1646,,
pr,69,"Protected Persons","Security Screening",Afghanistan,Amman,office,1,8,,
pr,69,"Protected Persons","Security Screening",Afghanistan,Ankara,office,208,942,,
pr,69,"Protected Persons","Security Screening",Afghanistan,Beijing,office,,1,,
pr,69,"Protected Persons","Security Screening",Afghanistan,Beirut,office,,1,,
pr,69,"Protected Persons","Security Screening",Afghanistan,Bucharest,office,,1,,
pr,69,"Protected Persons","Security Screening",Afghanistan,"Case Processing Centre Mississauga",office,237,1517,,
pr,69,"Protected Persons","Security Screening",Afghanistan,"Case Processing Centre Ottawa",office,,3,,
pr,69,"Protected Persons","Security Screening",Afghanistan,"Case Cases Review Citizenship And Immigration",office,,6,,
pr,69,"Protected Persons","Security Screening",Afghanistan,Colombo,office,,18,,
pr,69,"Protected Persons","Security Screening",Afghanistan,Dar-Es-Salaam,office,,4,,
pr,69,"Protected Persons","Security Screening",Afghanistan,Etobicoke,office,,1,,
pr,69,"Protected Persons","Security Screening",Afghanistan,"Fort Erie Refugee Processing Centre",office,,1,,
pr,69,"Protected Persons","Security Screening",Afghanistan,Hamilton,office,2,3,,
pr,69,"Protected Persons","Security Screening",Afghanistan,"HM Montreal",office,,4,,
pr,69,"Protected Persons","Security Screening",Afghanistan,"HM Niagara Falls",office,,1,,
pr,69,"Protected Persons","Security Screening",Afghanistan,"HM Vancouver",office,,57,,
pr,69,"Protected Persons","Security Screening",Afghanistan,"Hong Kong",office,,5,,
pr,69,"Protected Persons","Security Screening",Afghanistan,Islamabad,office,69,635,,
pr,69,"Protected Persons","Security Screening",Afghanistan,Jakarta,office,,3,,
pr,69,"Protected Persons","Security Screening",Afghanistan,Kyiv,office,,6,,
pr,69,"Protected Persons","Security Screening",Afghanistan,London,office,,2,,
pr,69,"Protected Persons","Security Screening",Afghanistan,"London England",office,1,60,,
pr,69,"Protected Persons","Security Screening",Afghanistan,Manila,office,,4,,
pr,69,"Protected Persons","Security Screening",Afghanistan,"Mexico City",office,1,26,,
pr,69,"Protected Persons","Security Screening",Afghanistan,Moscow,office,,5,,
pr,69,"Protected Persons","Security Screening",Afghanistan,Nairobi,office,4,6,,
pr,69,"Protected Persons","Security Screening",Afghanistan,"New Delhi",office,4,183,,
pr,69,"Protected Persons","Security Screening",Afghanistan,"New York",office,,12,,
pr,69,"Protected Persons","Security Screening",Afghanistan,"Niagara Falls IRCC",office,,2,,
pr,69,"Protected Persons","Security Screening",Afghanistan,"Operational Support Performance Management And",office,,4,,
pr,69,"Protected Persons","Security Screening",Afghanistan,"Ottawa IR",office,,1,,
pr,69,"Protected Persons","Security Screening",Afghanistan,Paris,office,,128,,
pr,69,"Protected Persons","Security Screening",Afghanistan,Rabat,office,,1,,
pr,69,"Protected Persons","Security Screening",Afghanistan,"Risk Mitigation Branch",office,,1,,
pr,69,"Protected Persons","Security Screening",Afghanistan,Rome,office,2,215,,
pr,69,"Protected Persons","Security Screening",Afghanistan,RROC,office,,4,,
pr,69,"Protected Persons","Security Screening",Afghanistan,Singapore,office,5,144,,
pr,69,"Protected Persons","Security Screening",Afghanistan,"Sydney Australia",office,1,21,,
pr,69,"Protected Persons","Security Screening",Afghanistan,"Vancouver Immigration",office,,11,,
pr,69,"Protected Persons","Security Screening",Afghanistan,Vienna,office,,310,,
pr,69,"Protected Persons","Security Screening",Afghanistan,Warsaw,office,,32,,
pr,69,"Protected Persons","Security Screening",Afghanistan,Washington,office,,3,,
pr,69,"Protected Persons","Security Screening",Afghanistan,Windsor,office,,7,,
pr,69,"Protected Persons","Security Screening",Albania,"Case Processing Centre Mississauga",office,1,68,,
pr,69,"Protected Persons","Security Screening",Albania,"New York",office,,1,,
pr,70,"Protected Persons","Security Screening",Algeria,"Abu Dhabi",office,,1,,
pr,70,"Protected Persons","Security Screening",Algeria,Beirut,office,,1,,
pr,70,"Protected Persons","Security Screening",Algeria,"Case Processing Centre Mississauga",office,11,80,,
pr,70,"Protected Persons","Security Screening",Algeria,"Montreal Immigration",office,,1,,
pr,70,"Protected Persons","Security Screening",Algeria,Paris,office,1,5,,
pr,70,"Protected Persons","Security Screening",Angola,"Case Processing Centre Mississauga",office,6,59,,
pr,70,"Protected Persons","Security Screening","Antigua and Barbuda","Case Processing Centre Mississauga",office,,1,,
pr,70,"Protected Persons","Security Screening",Argentina,Ankara,office,,1,,
pr,70,"Protected Persons","Security Screening",Argentina,"Case Processing Centre Mississauga",office,,1,,
pr,70,"Protected Persons","Security Screening",Armenia,"Abu Dhabi",office,,1,,
pr,70,"Protected Persons","Security Screening",Armenia,"Case Processing Centre Mississauga",office,,4,,
pr,70,"Protected Persons","Security Screening",Azerbaijan,Ankara,office,,1,,
pr,70,"Protected Persons","Security Screening",Azerbaijan,"Case Processing Centre Mississauga",office,,131,,
pr,70,"Protected Persons","Security Screening",Azerbaijan,"Case Processing Centre Ottawa",office,,1,,
pr,70,"Protected Persons","Security Screening","Bahama Islands, The","Case Processing Centre Mississauga",office,2,26,,
pr,70,"Protected Persons","Security Screening",Bahrain,"Case Processing Centre Mississauga",office,,9,,
pr,70,"Protected Persons","Security Screening",Bangladesh,"Abu Dhabi",office,1,2,,
pr,70,"Protected Persons","Security Screening",Bangladesh,"Calgary Citizenship and Immigration Canada",office,,2,,
pr,70,"Protected Persons","Security Screening",Bangladesh,"Case Processing Centre Mississauga",office,6,213,,
pr,70,"Protected Persons","Security Screening",Bangladesh,"Case Processing Centre Ottawa",office,,1,,
pr,70,"Protected Persons","Security Screening",Bangladesh,Hamilton,office,,1,,
pr,70,"Protected Persons","Security Screening",Bangladesh,"HM Montreal",office,1,6,,
pr,70,"Protected Persons","Security Screening",Bangladesh,"HM Vancouver",office,,3,,
pr,70,"Protected Persons","Security Screening",Bangladesh,"Operational Support Performance Management And",office,,1,,
pr,70,"Protected Persons","Security Screening",Bangladesh,Singapore,office,2,2,,
pr,70,"Protected Persons","Security Screening",Bangladesh,"Sydney Australia",office,,3,,
pr,70,"Protected Persons","Security Screening",Barbados,"Case Processing Centre Mississauga",office,1,11,,
pr,70,"Protected Persons","Security Screening",Belarus,"Case Processing Centre Mississauga",office,,8,,
pr,70,"Protected Persons","Security Screening",Belgium,"Case Processing Centre Mississauga",office,1,1,,
pr,70,"Protected Persons","Security Screening",Belize,"Operational Support Performance Management And",office,,1,,
pr,70,"Protected Persons","Security Screening",Bolivia,"Case Processing Centre Mississauga",office,2,8,,
pr,70,"Protected Persons","Security Screening",Bolivia,"Mexico City",office,1,1,,
pr,70,"Protected Persons","Security Screening",Bosnia-Hercegovina,"Case Processing Centre Mississauga",office,1,3,,
pr,70,"Protected Persons","Security Screening","Botswana, Republic of","Case Processing Centre Mississauga",office,,6,,
pr,70,"Protected Persons","Security Screening",Brazil,"Case Processing Centre Mississauga",office,1,12,,
pr,70,"Protected Persons","Security Screening",Bulgaria,"Case Processing Centre Mississauga",office,,13,,
pr,70,"Protected Persons","Security Screening",Burkina-Faso,"Case Processing Centre Mississauga",office,5,10,,
pr,70,"Protected Persons","Security Screening",Burkina-Faso,Dakar,office,1,2,,
pr,70,"Protected Persons","Security Screening",Burkina-Faso,Windsor,office,,1,,
pr,70,"Protected Persons","Security Screening",Burundi,"Abu Dhabi",office,,1,,
pr,70,"Protected Persons","Security Screening",Burundi,"Case Processing Centre Mississauga",office,47,408,,
pr,70,"Protected Persons","Security Screening",Burundi,"Case Processing Centre Ottawa",office,,3,,
pr,70,"Protected Persons","Security Screening",Burundi,Dakar,office,,4,,
pr,70,"Protected Persons","Security Screening",Burundi,Dar-Es-Salaam,office,13,98,,
pr,70,"Protected Persons","Security Screening",Burundi,"Edmonton IRCC",office,,1,,
pr,70,"Protected Persons","Security Screening",Burundi,"HM Montreal",office,,1,,
pr,70,"Protected Persons","Security Screening",Burundi,"Mexico City",office,,1,,
pr,70,"Protected Persons","Security Screening",Burundi,Nairobi,office,,8,,
pr,70,"Protected Persons","Security Screening",Burundi,Ottawa,office,,1,,
pr,70,"Protected Persons","Security Screening",Burundi,Paris,office,,2,,
pr,70,"Protected Persons","Security Screening",Burundi,Pretoria,office,,2,,
pr,70,"Protected Persons","Security Screening",Cambodia,"Case Processing Centre Mississauga",office,,8,,
pr,70,"Protected Persons","Security Screening",Cambodia,"Case Processing Centre Ottawa",office,,1,,
pr,70,"Protected Persons","Security Screening",Cambodia,Dar-Es-Salaam,office,,1,,
pr,70,"Protected Persons","Security Screening",Cambodia,Singapore,office,,8,,
pr,70,"Protected Persons","Security Screening","Central African Republic",Accra,office,,1,,
pr,70,"Protected Persons","Security Screening","Central African Republic","Case Processing Centre Mississauga",office,,6,,
pr,70,"Protected Persons","Security Screening","Central African Republic",Dakar,office,6,21,,
pr,70,"Protected Persons","Security Screening","Central African Republic",Nairobi,office,1,1,,
pr,70,"Protected Persons","Security Screening","Chad, Republic of","Abu Dhabi",office,,2,,
pr,70,"Protected Persons","Security Screening","Chad, Republic of","Case Processing Centre Mississauga",office,55,127,,
pr,70,"Protected Persons","Security Screening","Chad, Republic of",Dakar,office,2,5,,
pr,70,"Protected Persons","Security Screening","Chad, Republic of",Hamilton,office,,1,,
pr,70,"Protected Persons","Security Screening","Chad, Republic of","Niagara Falls IRCC",office,,1,,
pr,70,"Protected Persons","Security Screening","Chad, Republic of","Operational Support Performance Management And",office,,1,,
pr,70,"Protected Persons","Security Screening","Chad, Republic of",Vienna,office,,1,,
pr,70,"Protected Persons","Security Screening",Chile,"Case Processing Centre Mississauga",office,1,11,,
pr,70,"Protected Persons","Security Screening",Colombia,Bogota,office,6,11,,
pr,70,"Protected Persons","Security Screening",Colombia,"Case Processing Centre Mississauga",office,89,615,,
pr,70,"Protected Persons","Security Screening",Colombia,"Case Processing Centre Ottawa",office,,1,,
pr,70,"Protected Persons","Security Screening",Colombia,Hamilton,office,,2,,
pr,70,"Protected Persons","Security Screening",Colombia,"HM Niagara Falls",office,2,2,,
pr,70,"Protected Persons","Security Screening",Colombia,Lima,office,,1,,
pr,70,"Protected Persons","Security Screening",Colombia,"Mexico City",office,,3,,
pr,70,"Protected Persons","Security Screening",Colombia,"Ottawa IR",office,,2,,
pr,70,"Protected Persons","Security Screening",Colombia,Windsor,office,,1,,
pr,70,"Protected Persons","Security Screening",Comoros,"Case Processing Centre Mississauga",office,,2,,
pr,70,"Protected Persons","Security Screening",Comoros,Pretoria,office,,1,,
pr,70,"Protected Persons","Security Screening","Congo, Democratic Republic of the","Case Processing Centre Mississauga",office,54,249,,
pr,70,"Protected Persons","Security Screening","Congo, Democratic Republic of the",Dakar,office,1,4,,
pr,70,"Protected Persons","Security Screening","Congo, Democratic Republic of the",Dar-Es-Salaam,office,5,33,,
pr,70,"Protected Persons","Security Screening","Congo, Democratic Republic of the","Matching Centre",office,,1,,
pr,70,"Protected Persons","Security Screening","Congo, Democratic Republic of the",Nairobi,office,3,14,,
pr,70,"Protected Persons","Security Screening","Congo, Democratic Republic of the",Pretoria,office,2,4,,
pr,70,"Protected Persons","Security Screening","Congo, Democratic Republic of the",Rome,office,1,1,,
pr,70,"Protected Persons","Security Screening","Congo, Democratic Republic of the",Vienna,office,,1,,
pr,70,"Protected Persons","Security Screening","Congo, Democratic Republic of the","Whitehorse IRCC",office,,1,,
pr,70,"Protected Persons","Security Screening","Congo, People's Republic of the","Case Processing Centre Mississauga",office,3,33,,
pr,70,"Protected Persons","Security Screening","Congo, People's Republic of the",Dar-Es-Salaam,office,,1,,
pr,70,"Protected Persons","Security Screening","Congo, People's Republic of the",Nairobi,office,,2,,
pr,70,"Protected Persons","Security Screening","Costa Rica","Case Processing Centre Mississauga",office,,1,,
pr,70,"Protected Persons","Security Screening",Croatia,"Case Processing Centre Mississauga",office,,29,,
pr,70,"Protected Persons","Security Screening",Cuba,"Case Processing Centre Mississauga",office,10,33,,
pr,70,"Protected Persons","Security Screening",Cuba,"Mexico City",office,,1,,
pr,70,"Protected Persons","Security Screening",Cuba,"Port of Spain",office,,1,,
pr,70,"Protected Persons","Security Screening","Czech Republic","Case Processing Centre Mississauga",office,,32,,
pr,70,"Protected Persons","Security Screening","Democratic Republic of Sudan","Abu Dhabi",office,10,47,,
pr,70,"Protected Persons","Security Screening","Democratic Republic of Sudan",Amman,office,9,45,,
pr,70,"Protected Persons","Security Screening","Democratic Republic of Sudan",Ankara,office,,4,,
pr,70,"Protected Persons","Security Screening","Democratic Republic of Sudan",Beirut,office,5,38,,
pr,70,"Protected Persons","Security Screening","Democratic Republic of Sudan",Bucharest,office,,1,,
pr,70,"Protected Persons","Security Screening","Democratic Republic of Sudan",Cairo,office,3,20,,
pr,70,"Protected Persons","Security Screening","Democratic Republic of Sudan","Case Processing Centre Mississauga",office,22,373,,
pr,70,"Protected Persons","Security Screening","Democratic Republic of Sudan","Case Processing Centre Ottawa",office,,4,,
pr,70,"Protected Persons","Security Screening","Democratic Republic of Sudan",Dakar,office,6,17,,
pr,70,"Protected Persons","Security Screening","Democratic Republic of Sudan",Dar-Es-Salaam,office,,8,,
pr,70,"Protected Persons","Security Screening","Democratic Republic of Sudan",Hamilton,office,2,3,,
pr,70,"Protected Persons","Security Screening","Democratic Republic of Sudan","HM Montreal",office,,1,,
pr,70,"Protected Persons","Security Screening","Democratic Republic of Sudan","Hong Kong",office,,2,,
pr,71,"Protected Persons","Security Screening","Democratic Republic of Sudan","Matching Centre",office,,1,,
pr,71,"Protected Persons","Security Screening","Democratic Republic of Sudan",Nairobi,office,7,10,,
pr,71,"Protected Persons","Security Screening","Democratic Republic of Sudan","New Delhi",office,1,3,,
pr,71,"Protected Persons","Security Screening","Democratic Republic of Sudan","New York",office,1,2,,
pr,71,"Protected Persons","Security Screening","Democratic Republic of Sudan","Niagara Falls IRCC",office,,1,,
pr,71,"Protected Persons","Security Screening","Democratic Republic of Sudan","Operational Support Performance Management And",office,,3,,
pr,71,"Protected Persons","Security Screening","Democratic Republic of Sudan",Paris,office,,21,,
pr,71,"Protected Persons","Security Screening","Democratic Republic of Sudan",Rabat,office,1,1,,
pr,71,"Protected Persons","Security Screening","Democratic Republic of Sudan",Rome,office,16,62,,
pr,71,"Protected Persons","Security Screening","Democratic Republic of Sudan",Singapore,office,,9,,
pr,71,"Protected Persons","Security Screening","Democratic Republic of Sudan","Sydney Australia",office,,3,,
pr,71,"Protected Persons","Security Screening","Democratic Republic of Sudan","Tel Aviv",office,2,3,,
pr,71,"Protected Persons","Security Screening","Democratic Republic of Sudan",Vienna,office,,1,,
pr,71,"Protected Persons","Security Screening","Democratic Republic of Sudan",Windsor,office,,1,,
pr,71,"Protected Persons","Security Screening",Dominica,"Case Processing Centre Mississauga",office,,2,,
pr,71,"Protected Persons","Security Screening",Dominica,"London England",office,,1,,
pr,71,"Protected Persons","Security Screening","Dominican Republic","Case Processing Centre Mississauga",office,1,11,,
pr,71,"Protected Persons","Security Screening","Dominican Republic","Mexico City",office,,1,,
pr,71,"Protected Persons","Security Screening","East Timor, Democratic Republic of","Case Processing Centre Mississauga",office,,1,,
pr,71,"Protected Persons","Security Screening",Ecuador,"Case Processing Centre Mississauga",office,,7,,
pr,71,"Protected Persons","Security Screening",Egypt,"Abu Dhabi",office,6,24,,
pr,71,"Protected Persons","Security Screening",Egypt,Amman,office,,13,,
pr,71,"Protected Persons","Security Screening",Egypt,Ankara,office,1,3,,
pr,71,"Protected Persons","Security Screening",Egypt,Beirut,office,1,20,,
pr,71,"Protected Persons","Security Screening",Egypt,Cairo,office,2,12,,
pr,71,"Protected Persons","Security Screening",Egypt,"Case Processing Centre Mississauga",office,13,403,,
pr,71,"Protected Persons","Security Screening",Egypt,"Case Processing Centre Ottawa",office,,2,,
pr,71,"Protected Persons","Security Screening",Egypt,Dakar,office,,1,,
pr,71,"Protected Persons","Security Screening",Egypt,Hamilton,office,,1,,
pr,71,"Protected Persons","Security Screening",Egypt,"Hong Kong",office,,1,,
pr,71,"Protected Persons","Security Screening",Egypt,"Mexico City",office,,1,,
pr,71,"Protected Persons","Security Screening",Egypt,"Operational Performance Management And Support",office,,1,,
pr,71,"Protected Persons","Security Screening",Egypt,Paris,office,1,2,,
pr,71,"Protected Persons","Security Screening",Egypt,Rome,office,,3,,
pr,71,"Protected Persons","Security Screening",Egypt,Singapore,office,,1,,
pr,71,"Protected Persons","Security Screening",Egypt,Windsor,office,,1,,
pr,71,"Protected Persons","Security Screening",Singapore,Windsor,office,,1,,
pr,71,"Protected Persons","Security Screening","El Salvador","Case Processing Centre Mississauga",office,9,200,,
pr,71,"Protected Persons","Security Screening","El Salvador","HM Montreal",office,1,1,,
pr,71,"Protected Persons","Security Screening","El Salvador","Mexico City",office,1,9,,
pr,71,"Protected Persons","Security Screening","El Salvador","Niagara Falls IRCC",office,,2,,
pr,71,"Protected Persons","Security Screening",Eritrea,"Abu Dhabi",office,18,76,,
pr,71,"Protected Persons","Security Screening",Eritrea,Accra,office,,1,,
pr,71,"Protected Persons","Security Screening",Eritrea,Amman,office,,1,,
pr,71,"Protected Persons","Security Screening",Eritrea,Ankara,office,,1,,
pr,71,"Protected Persons","Security Screening",Eritrea,Beirut,office,,2,,
pr,71,"Protected Persons","Security Screening",Eritrea,Cairo,office,25,47,,
pr,71,"Protected Persons","Security Screening",Eritrea,"Case Processing Centre Mississauga",office,8,281,,
pr,71,"Protected Persons","Security Screening",Eritrea,"Case Processing Centre Ottawa",office,,1,,
pr,71,"Protected Persons","Security Screening",Eritrea,Dakar,office,9,9,,
pr,71,"Protected Persons","Security Screening",Eritrea,Dar-Es-Salaam,office,120,398,,
pr,71,"Protected Persons","Security Screening",Eritrea,Hamilton,office,1,2,,
pr,71,"Protected Persons","Security Screening",Eritrea,"HM Montreal",office,,1,,
pr,71,"Protected Persons","Security Screening",Eritrea,"HM Niagara Falls",office,,1,,
pr,71,"Protected Persons","Security Screening",Eritrea,"London England",office,2,2,,
pr,71,"Protected Persons","Security Screening",Eritrea,"Mexico City",office,,2,,
pr,71,"Protected Persons","Security Screening",Eritrea,Nairobi,office,111,710,,
pr,71,"Protected Persons","Security Screening",Eritrea,"New Delhi",office,,1,,
pr,71,"Protected Persons","Security Screening",Eritrea,"Operational Performance Management And Support",office,,8,,
pr,71,"Protected Persons","Security Screening",Eritrea,Paris,office,,7,,
pr,71,"Protected Persons","Security Screening",Eritrea,"Port of Spain",office,,1,,
pr,71,"Protected Persons","Security Screening",Eritrea,Pretoria,office,3,44,,
pr,71,"Protected Persons","Security Screening",Eritrea,Rome,office,11,73,,
pr,71,"Protected Persons","Security Screening",Eritrea,Singapore,office,,5,,
pr,71,"Protected Persons","Security Screening",Eritrea,"Tel Aviv",office,31,59,,
pr,71,"Protected Persons","Security Screening",Eritrea,"Vancouver Immigration",office,,5,,
pr,71,"Protected Persons","Security Screening",Eritrea,Vienna,office,1,1,,
pr,71,"Protected Persons","Security Screening",Estonia,Dar-Es-Salaam,office,,1,,
pr,71,"Protected Persons","Security Screening",Ethiopia,"Abu Dhabi",office,7,17,,
pr,71,"Protected Persons","Security Screening",Ethiopia,Ankara,office,,1,,
pr,71,"Protected Persons","Security Screening",Ethiopia,Beirut,office,,6,,
pr,71,"Protected Persons","Security Screening",Ethiopia,Cairo,office,8,18,,
pr,71,"Protected Persons","Security Screening",Ethiopia,"Case Processing Centre Mississauga",office,5,263,,
pr,71,"Protected Persons","Security Screening",Ethiopia,"Case Processing Centre Ottawa",office,,1,,
pr,71,"Protected Persons","Security Screening",Ethiopia,"Case Cases Review Citizenship And Immigration",office,,1,,
pr,71,"Protected Persons","Security Screening",Ethiopia,Dakar,office,1,1,,
pr,71,"Protected Persons","Security Screening",Ethiopia,Dar-Es-Salaam,office,9,72,,
pr,71,"Protected Persons","Security Screening",Ethiopia,Hamilton,office,,2,,
pr,71,"Protected Persons","Security Screening",Ethiopia,"HM Montreal",office,,1,,
pr,71,"Protected Persons","Security Screening",Ethiopia,"HM Niagara Falls",office,,1,,
pr,71,"Protected Persons","Security Screening",Ethiopia,"London England",office,1,1,,
pr,71,"Protected Persons","Security Screening",Ethiopia,Nairobi,office,54,170,,
pr,71,"Protected Persons","Security Screening",Ethiopia,"New York",office,,1,,
pr,71,"Protected Persons","Security Screening",Ethiopia,"Operational Support Performance Management And",office,,2,,
pr,71,"Protected Persons","Security Screening",Ethiopia,Paris,office,,1,,
pr,71,"Protected Persons","Security Screening",Ethiopia,Pretoria,office,13,71,,
pr,71,"Protected Persons","Security Screening",Ethiopia,Rome,office,5,16,,
pr,71,"Protected Persons","Security Screening",Ethiopia,Singapore,office,,13,,
pr,71,"Protected Persons","Security Screening",Ethiopia,"Tel Aviv",office,4,11,,
pr,71,"Protected Persons","Security Screening",Ethiopia,Vienna,office,,4,,
pr,71,"Protected Persons","Security Screening",Ethiopia,Windsor,office,,1,,
pr,71,"Protected Persons","Security Screening","Federal Republic of Cameroon",Accra,office,1,1,,
pr,71,"Protected Persons","Security Screening","Federal Republic of Cameroon",Cairo,office,1,1,,
pr,71,"Protected Persons","Security Screening","Federal Republic of Cameroon","Case Processing Centre Mississauga",office,15,143,,
pr,71,"Protected Persons","Security Screening","Federal Republic of Cameroon","Case Processing Centre Ottawa",office,,1,,
pr,71,"Protected Persons","Security Screening","Federal Republic of Cameroon",Dakar,office,,2,,
pr,71,"Protected Persons","Security Screening","Federal Republic of Cameroon",Rabat,office,,2,,
pr,71,"Protected Persons","Security Screening","Federal Republic of Germany",Vienna,office,1,1,,
pr,71,"Protected Persons","Security Screening",France,Paris,office,,1,,
pr,71,"Protected Persons","Security Screening","Gabon Republic","Case Processing Centre Mississauga",office,3,10,,
pr,71,"Protected Persons","Security Screening",Gambia,"Case Processing Centre Mississauga",office,1,11,,
pr,71,"Protected Persons","Security Screening",Gambia,Dakar,office,,1,,
pr,71,"Protected Persons","Security Screening",Georgia,"Case Processing Centre Mississauga",office,3,110,,
pr,71,"Protected Persons","Security Screening",Georgia,"Case Cases Review Citizenship And Immigration",office,,1,,
pr,71,"Protected Persons","Security Screening",Georgia,"Operational Support Performance Management And",office,,1,,
pr,71,"Protected Persons","Security Screening",Georgia,Windsor,office,,1,,
pr,71,"Protected Persons","Security Screening",Ghana,"Case Processing Centre Mississauga",office,4,28,,
pr,71,"Protected Persons","Security Screening",Ghana,"Case Cases Review Citizenship And Immigration",office,,1,,
pr,71,"Protected Persons","Security Screening",Ghana,Windsor,office,,1,,
pr,71,"Protected Persons","Security Screening",Greece,"Case Processing Centre Mississauga",office,,3,,
pr,71,"Protected Persons","Security Screening",Grenada,"Abu Dhabi",office,,1,,
pr,71,"Protected Persons","Security Screening",Guatemala,"Case Processing Centre Mississauga",office,3,47,,
pr,71,"Protected Persons","Security Screening",Guatemala,"HM Niagara Falls",office,1,1,,
pr,71,"Protected Persons","Security Screening",Guatemala,"Mexico City",office,2,7,,
pr,71,"Protected Persons","Security Screening","Guinea, Republic of","Case Processing Centre Mississauga",office,9,35,,
pr,71,"Protected Persons","Security Screening","Guinea, Republic of",Rabat,office,,1,,
pr,71,"Protected Persons","Security Screening",Guyana,"Case Processing Centre Mississauga",office,,10,,
pr,71,"Protected Persons","Security Screening",Haiti,"Case Processing Centre Mississauga",office,100,434,,
pr,72,"Protected Persons","Security Screening",Haiti,"Case Processing Centre Ottawa",office,,1,,
pr,72,"Protected Persons","Security Screening",Haiti,Hamilton,office,,2,,
pr,72,"Protected Persons","Security Screening",Haiti,"Kingston Jamaica",office,,1,,
pr,72,"Protected Persons","Security Screening",Haiti,"Mexico City",office,8,16,,
pr,72,"Protected Persons","Security Screening",Haiti,"New York",office,,1,,
pr,72,"Protected Persons","Security Screening",Haiti,"Ottawa IR",office,1,1,,
pr,72,"Protected Persons","Security Screening",Honduras,"Case Processing Centre Mississauga",office,3,67,,
pr,72,"Protected Persons","Security Screening",Honduras,"Mexico City",office,,2,,
pr,72,"Protected Persons","Security Screening",Honduras,"Vancouver Immigration",office,,1,,
pr,72,"Protected Persons","Security Screening","Hong Kong SAR","Case Processing Centre Mississauga",office,,6,,
pr,72,"Protected Persons","Security Screening",Hungary,"Case Processing Centre Mississauga",office,,281,,
pr,72,"Protected Persons","Security Screening",India,"Abu Dhabi",office,1,3,,
pr,72,"Protected Persons","Security Screening",India,"Case Processing Centre Mississauga",office,1,400,,
pr,72,"Protected Persons","Security Screening",India,"Case Processing Centre Ottawa",office,,4,,
pr,72,"Protected Persons","Security Screening",India,Hamilton,office,1,1,,
pr,72,"Protected Persons","Security Screening",India,"HM Montreal",office,,1,,
pr,72,"Protected Persons","Security Screening",India,"HM Niagara Falls",office,2,3,,
pr,72,"Protected Persons","Security Screening",India,"London England",office,,1,,
pr,72,"Protected Persons","Security Screening",India,Manila,office,,1,,
pr,72,"Protected Persons","Security Screening",India,"New Delhi",office,2,3,,
pr,72,"Protected Persons","Security Screening",India,"New York",office,,1,,
pr,72,"Protected Persons","Security Screening",India,"Niagara Falls IRCC",office,,2,,
pr,72,"Protected Persons","Security Screening",India,"Operational Support Performance Management And",office,,1,,
pr,72,"Protected Persons","Security Screening",India,"Vancouver Immigration",office,,2,,
pr,72,"Protected Persons","Security Screening",Iran,"Abu Dhabi",office,4,11,,
pr,72,"Protected Persons","Security Screening",Iran,Amman,office,7,49,,
pr,72,"Protected Persons","Security Screening",Iran,Ankara,office,56,312,,
pr,72,"Protected Persons","Security Screening",Iran,Beirut,office,1,8,,
pr,72,"Protected Persons","Security Screening",Iran,"Case Processing Centre Mississauga",office,152,1574,,
pr,72,"Protected Persons","Security Screening",Iran,"Case Processing Centre Ottawa",office,,1,,
pr,72,"Protected Persons","Security Screening",Iran,"Case Cases Review Citizenship And Immigration",office,,1,,
pr,72,"Protected Persons","Security Screening",Iran,Colombo,office,,14,,
pr,72,"Protected Persons","Security Screening",Iran,Dar-Es-Salaam,office,1,2,,
pr,72,"Protected Persons","Security Screening",Iran,Hamilton,office,4,12,,
pr,72,"Protected Persons","Security Screening",Iran,"HM Montreal",office,2,4,,
pr,72,"Protected Persons","Security Screening",Iran,"HM Vancouver",office,,1,,
pr,72,"Protected Persons","Security Screening",Iran,Jakarta,office,,1,,
pr,72,"Protected Persons","Security Screening",Iran,"London England",office,1,3,,
pr,72,"Protected Persons","Security Screening",Iran,"New Delhi",office,,2,,
pr,72,"Protected Persons","Security Screening",Iran,Ottawa,office,,1,,
pr,72,"Protected Persons","Security Screening",Iran,Singapore,office,2,32,,
pr,72,"Protected Persons","Security Screening",Iran,"Sydney Australia",office,,41,,
pr,72,"Protected Persons","Security Screening",Iran,Vienna,office,1,7,,
pr,72,"Protected Persons","Security Screening",Iran,Windsor,office,,6,,
pr,72,"Protected Persons","Security Screening",Iraq,"Abu Dhabi",office,16,123,,
pr,72,"Protected Persons","Security Screening",Iraq,Amman,office,84,628,,
pr,72,"Protected Persons","Security Screening",Iraq,Ankara,office,38,643,,
pr,72,"Protected Persons","Security Screening",Iraq,Beirut,office,9,294,,
pr,72,"Protected Persons","Security Screening",Iraq,Bogota,office,,1,,
pr,72,"Protected Persons","Security Screening",Iraq,Cairo,office,4,17,,
pr,72,"Protected Persons","Security Screening",Iraq,"Case Processing Centre Mississauga",office,9,530,,
pr,72,"Protected Persons","Security Screening",Iraq,"Case Processing Centre Ottawa",office,,5,,
pr,72,"Protected Persons","Security Screening",Iraq,Etobicoke,office,,1,,
pr,72,"Protected Persons","Security Screening",Iraq,"HM Montreal",office,,2,,
pr,72,"Protected Persons","Security Screening",Iraq,"Hong Kong",office,,1,,
pr,72,"Protected Persons","Security Screening",Iraq,"London England",office,,4,,
pr,72,"Protected Persons","Security Screening",Iraq,"Matching Centre",office,,2,,
pr,72,"Protected Persons","Security Screening",Iraq,"Mexico City",office,,1,,
pr,72,"Protected Persons","Security Screening",Iraq,Nairobi,office,,1,,
pr,72,"Protected Persons","Security Screening",Iraq,"New Delhi",office,,2,,
pr,72,"Protected Persons","Security Screening",Iraq,"Operational Support Performance Management And",office,,3,,
pr,72,"Protected Persons","Security Screening",Iraq,Paris,office,,3,,
pr,72,"Protected Persons","Security Screening",Iraq,Rabat,office,2,2,,
pr,72,"Protected Persons","Security Screening",Iraq,Rome,office,,7,,
pr,72,"Protected Persons","Security Screening",Iraq,Singapore,office,,56,,
pr,72,"Protected Persons","Security Screening",Iraq,"Sydney Australia",office,,12,,
pr,72,"Protected Persons","Security Screening",Iraq,"Vancouver Immigration",office,,1,,
pr,72,"Protected Persons","Security Screening",Iraq,Vienna,office,,8,,
pr,72,"Protected Persons","Security Screening",Iraq,Warsaw,office,,1,,
pr,72,"Protected Persons","Security Screening",Israel,"Case Processing Centre Mississauga",office,1,15,,
pr,72,"Protected Persons","Security Screening",Italy,"Case Processing Centre Mississauga",office,,4,,
pr,72,"Protected Persons","Security Screening",Jamaica,"Case Processing Centre Mississauga",office,2,43,,
pr,72,"Protected Persons","Security Screening",Japan,"Case Processing Centre Mississauga",office,,1,,
pr,72,"Protected Persons","Security Screening",Jordan,"Abu Dhabi",office,,9,,
pr,72,"Protected Persons","Security Screening",Jordan,Amman,office,1,7,,
pr,72,"Protected Persons","Security Screening",Jordan,Beirut,office,,1,,
pr,72,"Protected Persons","Security Screening",Jordan,"Case Processing Centre Mississauga",office,9,111,,
pr,72,"Protected Persons","Security Screening",Jordan,Etobicoke,office,,1,,
pr,72,"Protected Persons","Security Screening",Jordan,Singapore,office,,2,,
pr,72,"Protected Persons","Security Screening",Kazakhstan,"Case Processing Centre Mississauga",office,1,21,,
pr,72,"Protected Persons","Security Screening",Kenya,"Abu Dhabi",office,,1,,
pr,72,"Protected Persons","Security Screening",Kenya,"Case Processing Centre Mississauga",office,4,53,,
pr,72,"Protected Persons","Security Screening",Kenya,Nairobi,office,,2,,
pr,72,"Protected Persons","Security Screening","Korea, Republic of","Case Processing Centre Mississauga",office,,13,,
pr,72,"Protected Persons","Security Screening","Kosovo, Republic of","Case Processing Centre Mississauga",office,,21,,
pr,72,"Protected Persons","Security Screening","Kosovo, Republic of",Hamilton,office,,1,,
pr,72,"Protected Persons","Security Screening",Kuwait,"Case Processing Centre Mississauga",office,,2,,
pr,72,"Protected Persons","Security Screening",Kuwait,"Case Processing Centre Ottawa",office,,1,,
pr,72,"Protected Persons","Security Screening",Kuwait,"Vancouver Immigration",office,,1,,
pr,72,"Protected Persons","Security Screening",Kyrgyzstan,Ankara,office,1,1,,
pr,72,"Protected Persons","Security Screening",Kyrgyzstan,"Case Processing Centre Mississauga",office,,7,,
pr,72,"Protected Persons","Security Screening",Latvia,"Case Processing Centre Mississauga",office,,4,,
pr,72,"Protected Persons","Security Screening",Lebanon,"Abu Dhabi",office,2,7,,
pr,72,"Protected Persons","Security Screening",Lebanon,Ankara,office,,1,,
pr,72,"Protected Persons","Security Screening",Lebanon,Beirut,office,4,44,,
pr,72,"Protected Persons","Security Screening",Lebanon,"Case Processing Centre Mississauga",office,15,223,,
pr,72,"Protected Persons","Security Screening",Lebanon,"Case Processing Centre Ottawa",office,,2,,
pr,72,"Protected Persons","Security Screening",Lebanon,Etobicoke,office,,2,,
pr,72,"Protected Persons","Security Screening",Lebanon,Hamilton,office,1,2,,
pr,72,"Protected Persons","Security Screening",Lebanon,"HM Montreal",office,,2,,
pr,72,"Protected Persons","Security Screening",Lebanon,"Hong Kong",office,,1,,
pr,72,"Protected Persons","Security Screening",Lebanon,"Operational Support Performance Management And",office,,2,,
pr,72,"Protected Persons","Security Screening",Lebanon,RROC,office,,1,,
pr,72,"Protected Persons","Security Screening",Liberia,"Case Processing Centre Mississauga",office,2,17,,
pr,72,"Protected Persons","Security Screening",Liberia,Dakar,office,,1,,
pr,72,"Protected Persons","Security Screening",Libya,"Abu Dhabi",office,1,1,,
pr,72,"Protected Persons","Security Screening",Libya,Amman,office,,1,,
pr,72,"Protected Persons","Security Screening",Libya,Beirut,office,,1,,
pr,72,"Protected Persons","Security Screening",Libya,"Case Processing Centre Mississauga",office,6,628,,
pr,72,"Protected Persons","Security Screening",Libya,"Case Review Citizenship And Immigration Cases",office,,4,,
pr,72,"Protected Persons","Security Screening",Libya,Hamilton,office,1,1,,
pr,72,"Protected Persons","Security Screening",Libya,"HM Montreal",office,1,2,,
pr,72,"Protected Persons","Security Screening",Libya,"HM Vancouver",office,,1,,
pr,72,"Protected Persons","Security Screening",Libya,"Operational Performance Management And Support",office,,6,,
pr,72,"Protected Persons","Security Screening",Libya,Ottawa,office,,1,,
pr,72,"Protected Persons","Security Screening",Libya,Paris,office,,6,,
pr,72,"Protected Persons","Security Screening",Libya,Singapore,office,,1,,
pr,72,"Protected Persons","Security Screening",Libya,Vienna,office,,1,,
pr,72,"Protected Persons","Security Screening",Libya,Winnipeg,office,,1,,
pr,72,"Protected Persons","Security Screening",Lithuania,"Case Processing Centre Mississauga",office,,1,,
pr,73,"Protected Persons","Security Screening",Macedonia,"Case Processing Centre Mississauga",office,,3,,
pr,73,"Protected Persons","Security Screening",Madagascar,"Case Processing Centre Mississauga",office,,3,,
pr,73,"Protected Persons","Security Screening",Malawi,"Case Processing Centre Mississauga",office,1,2,,
pr,73,"Protected Persons","Security Screening",Malawi,Pretoria,office,,1,,
pr,73,"Protected Persons","Security Screening","Maldives, Republic of","Case Processing Centre Mississauga",office,,1,,
pr,73,"Protected Persons","Security Screening","Maldives, Republic of",Colombo,office,,2,,
pr,73,"Protected Persons","Security Screening","Mali, Republic of","Case Processing Centre Mississauga",office,1,23,,
pr,73,"Protected Persons","Security Screening","Mali, Republic of",Dakar,office,1,3,,
pr,73,"Protected Persons","Security Screening","Mali, Republic of","New York",office,,1,,
pr,73,"Protected Persons","Security Screening","Mali, Republic of",Rome,office,2,4,,
pr,73,"Protected Persons","Security Screening",Malta,Rome,office,,1,,
pr,73,"Protected Persons","Security Screening",Mauritania,"Case Processing Centre Mississauga",office,6,26,,
pr,73,"Protected Persons","Security Screening",Mauritania,Paris,office,,1,,
pr,73,"Protected Persons","Security Screening",Mauritius,"Case Processing Centre Mississauga",office,,2,,
pr,73,"Protected Persons","Security Screening",Mexico,"Case Processing Centre Mississauga",office,38,338,,
pr,73,"Protected Persons","Security Screening",Mexico,Hamilton,office,,1,,
pr,73,"Protected Persons","Security Screening",Mexico,"Mexico City",office,,1,,
pr,73,"Protected Persons","Security Screening",Mexico,"New York",office,,1,,
pr,73,"Protected Persons","Security Screening",Mexico,Ottawa,office,,4,,
pr,73,"Protected Persons","Security Screening",Moldova,"Case Processing Centre Mississauga",office,1,6,,
pr,73,"Protected Persons","Security Screening","Mongolia, People's Republic of","Case Processing Centre Mississauga",office,1,17,,
pr,73,"Protected Persons","Security Screening","Montenegro, Republic of","Case Processing Centre Mississauga",office,,3,,
pr,73,"Protected Persons","Security Screening",Morocco,"Abu Dhabi",office,,1,,
pr,73,"Protected Persons","Security Screening",Morocco,"Case Processing Centre Mississauga",office,,14,,
pr,73,"Protected Persons","Security Screening",Morocco,Paris,office,,2,,
pr,73,"Protected Persons","Security Screening","Myanmar (Burma)","Abu Dhabi",office,1,1,,
pr,73,"Protected Persons","Security Screening","Myanmar (Burma)","Case Processing Centre Mississauga",office,1,8,,
pr,73,"Protected Persons","Security Screening","Myanmar (Burma)","New Delhi",office,,3,,
pr,73,"Protected Persons","Security Screening","Myanmar (Burma)","Missing data",office,,11,MISSING_DATA_PLACEHOLDER,"Placeholder for data withheld from the ATIP release (s.16(1)(c) cell suppression): the printed parent total exceeds the visible rows by 0/11. Added so the group reconciles."
pr,73,"Protected Persons","Security Screening",Singapore,"Sydney Australia",office,,1,,
pr,73,"Protected Persons","Security Screening",Singapore,"Missing data",office,,9,MISSING_DATA_PLACEHOLDER,"Placeholder for data withheld from the ATIP release (s.16(1)(c) cell suppression): the printed parent total exceeds the visible rows by 0/9. Added so the group reconciles."
pr,73,"Protected Persons","Security Screening",Namibia,"Case Processing Centre Mississauga",office,,20,,
pr,73,"Protected Persons","Security Screening",Nepal,"Case Processing Centre Mississauga",office,4,98,,
pr,73,"Protected Persons","Security Screening",Nepal,"New Delhi",office,,2,,
pr,73,"Protected Persons","Security Screening",Nicaragua,"Case Processing Centre Mississauga",office,10,59,,
pr,73,"Protected Persons","Security Screening",Nicaragua,"Mexico City",office,1,2,,
pr,73,"Protected Persons","Security Screening",Nigeria,"Abu Dhabi",office,,1,,
pr,73,"Protected Persons","Security Screening",Nigeria,Accra,office,9,20,,
pr,73,"Protected Persons","Security Screening",Nigeria,Amman,office,1,1,,
pr,73,"Protected Persons","Security Screening",Nigeria,"Case Processing Centre Mississauga",office,10,688,,
pr,73,"Protected Persons","Security Screening",Nigeria,Colombo,office,,1,,
pr,73,"Protected Persons","Security Screening",Nigeria,Dakar,office,,2,,
pr,73,"Protected Persons","Security Screening",Nigeria,Etobicoke,office,,1,,
pr,73,"Protected Persons","Security Screening",Nigeria,Hamilton,office,,3,,
pr,73,"Protected Persons","Security Screening",Nigeria,"HM Niagara Falls",office,,2,,
pr,73,"Protected Persons","Security Screening",Nigeria,Nairobi,office,,2,,
pr,73,"Protected Persons","Security Screening",Nigeria,"Niagara Falls IRCC",office,,2,,
pr,73,"Protected Persons","Security Screening",Nigeria,"Operational Performance Management And Support",office,,1,,
pr,73,"Protected Persons","Security Screening",Nigeria,Paris,office,,1,,
pr,73,"Protected Persons","Security Screening",Nigeria,Pretoria,office,,1,,
pr,73,"Protected Persons","Security Screening",Nigeria,Rome,office,5,10,,
pr,73,"Protected Persons","Security Screening",Nigeria,Windsor,office,,2,,
pr,73,"Protected Persons","Security Screening",Norway,"Case Processing Centre Mississauga",office,,1,,
pr,73,"Protected Persons","Security Screening",Norway,"London England",office,,1,,
pr,73,"Protected Persons","Security Screening",Oman,"Case Processing Centre Mississauga",office,1,1,,
pr,73,"Protected Persons","Security Screening",Other,"Case Processing Centre Mississauga",office,2,3,,
pr,73,"Protected Persons","Security Screening",Pakistan,"Abu Dhabi",office,4,19,,
pr,73,"Protected Persons","Security Screening",Pakistan,Accra,office,,5,,
pr,73,"Protected Persons","Security Screening",Pakistan,Ankara,office,,1,,
pr,73,"Protected Persons","Security Screening",Pakistan,Bogota,office,,1,,
pr,73,"Protected Persons","Security Screening",Pakistan,"Calgary Citizenship and Immigration Canada",office,,2,,
pr,73,"Protected Persons","Security Screening",Pakistan,"Case Processing Centre Mississauga",office,42,969,,
pr,73,"Protected Persons","Security Screening",Pakistan,"Case Processing Centre Ottawa",office,,6,,
pr,73,"Protected Persons","Security Screening",Pakistan,"Case Review Citizenship And Immigration Cases",office,,2,,
pr,73,"Protected Persons","Security Screening",Pakistan,Colombo,office,7,183,,
pr,73,"Protected Persons","Security Screening",Pakistan,Dar-Es-Salaam,office,,15,,
pr,73,"Protected Persons","Security Screening",Pakistan,Etobicoke,office,,1,,
pr,73,"Protected Persons","Security Screening",Pakistan,Hamilton,office,6,12,,
pr,73,"Protected Persons","Security Screening",Pakistan,"HM Montreal",office,,1,,
pr,73,"Protected Persons","Security Screening",Pakistan,"HM Niagara Falls",office,2,2,,
pr,73,"Protected Persons","Security Screening",Pakistan,"HM Vancouver",office,,1,,
pr,73,"Protected Persons","Security Screening",Pakistan,"Hong Kong",office,,3,,
pr,73,"Protected Persons","Security Screening",Pakistan,Islamabad,office,,6,,
pr,73,"Protected Persons","Security Screening",Pakistan,"London England",office,2,31,,
pr,73,"Protected Persons","Security Screening",Pakistan,"Mexico City",office,,1,,
pr,73,"Protected Persons","Security Screening",Pakistan,"New Delhi",office,,3,,
pr,73,"Protected Persons","Security Screening",Pakistan,"Operational Performance Management And Support",office,,11,,
pr,73,"Protected Persons","Security Screening",Pakistan,Ottawa,office,,2,,
pr,73,"Protected Persons","Security Screening",Pakistan,Paris,office,,1,,
pr,73,"Protected Persons","Security Screening",Pakistan,"Port of Spain",office,,3,,
pr,73,"Protected Persons","Security Screening",Pakistan,Rabat,office,,1,,
pr,73,"Protected Persons","Security Screening",Pakistan,Singapore,office,10,47,,
pr,73,"Protected Persons","Security Screening",Pakistan,"Sydney Australia",office,,20,,
pr,73,"Protected Persons","Security Screening",Pakistan,"Vancouver Immigration",office,,1,,
pr,73,"Protected Persons","Security Screening",Pakistan,Vienna,office,,2,,
pr,73,"Protected Persons","Security Screening",Pakistan,Windsor,office,,6,,
pr,73,"Protected Persons","Security Screening","Palestinian Authority (Gaza/West Bank)","Abu Dhabi",office,16,36,,
pr,73,"Protected Persons","Security Screening","Palestinian Authority (Gaza/West Bank)",Amman,office,10,50,,
pr,73,"Protected Persons","Security Screening","Palestinian Authority (Gaza/West Bank)",Ankara,office,4,19,,
pr,73,"Protected Persons","Security Screening","Palestinian Authority (Gaza/West Bank)",Beirut,office,,4,,
pr,73,"Protected Persons","Security Screening","Palestinian Authority (Gaza/West Bank)",Cairo,office,,21,,
pr,73,"Protected Persons","Security Screening","Palestinian Authority (Gaza/West Bank)","Case Processing Centre Mississauga",office,15,246,,
pr,73,"Protected Persons","Security Screening","Palestinian Authority (Gaza/West Bank)",Colombo,office,,5,,
pr,73,"Protected Persons","Security Screening","Palestinian Authority (Gaza/West Bank)",Etobicoke,office,,1,,
pr,73,"Protected Persons","Security Screening","Palestinian Authority (Gaza/West Bank)",Hamilton,office,1,2,,
pr,73,"Protected Persons","Security Screening","Palestinian Authority (Gaza/West Bank)","Mexico City",office,1,1,,
pr,73,"Protected Persons","Security Screening","Palestinian Authority (Gaza/West Bank)","New Delhi",office,,3,,
pr,73,"Protected Persons","Security Screening","Palestinian Authority (Gaza/West Bank)","New York",office,,1,,
pr,73,"Protected Persons","Security Screening","Palestinian Authority (Gaza/West Bank)",Paris,office,1,5,,
pr,73,"Protected Persons","Security Screening","Palestinian Authority (Gaza/West Bank)",Singapore,office,1,69,,
pr,73,"Protected Persons","Security Screening","Palestinian Authority (Gaza/West Bank)","Tel Aviv",office,,2,,
pr,73,"Protected Persons","Security Screening","Palestinian Authority (Gaza/West Bank)",Vienna,office,,2,,
pr,73,"Protected Persons","Security Screening","Palestinian Authority (Gaza/West Bank)",Windsor,office,,2,,
pr,73,"Protected Persons","Security Screening","Panama, Republic of","Case Processing Centre Mississauga",office,,4,,
pr,73,"Protected Persons","Security Screening",Paraguay,"Case Processing Centre Mississauga",office,,1,,
pr,73,"Protected Persons","Security Screening","Peoples Republic of Benin","Case Processing Centre Mississauga",office,3,12,,
pr,73,"Protected Persons","Security Screening","People's Republic of China","Abu Dhabi",office,4,6,,
pr,73,"Protected Persons","Security Screening","People's Republic of China",Ankara,office,256,291,,
pr,73,"Protected Persons","Security Screening","People's Republic of China","Case Processing Centre Mississauga",office,27,385,,
pr,73,"Protected Persons","Security Screening","People's Republic of China","Case Cases Review Citizenship And Immigration",office,,2,,
pr,73,"Protected Persons","Security Screening","People's Republic of China",Etobicoke,office,,1,,
pr,73,"Protected Persons","Security Screening","People's Republic of China",Hamilton,office,1,3,,
pr,73,"Protected Persons","Security Screening","People's Republic of China","Hong Kong",office,2,22,,
pr,73,"Protected Persons","Security Screening","People's Republic of China","Los Angeles",office,,1,,
pr,73,"Protected Persons","Security Screening","People's Republic of China","New York",office,,7,,
pr,74,"Protected Persons","Security Screening","People's Republic of China","Operational Support Performance Management And",office,,3,,
pr,74,"Protected Persons","Security Screening","People's Republic of China",Rabat,office,1,2,,
pr,74,"Protected Persons","Security Screening","People's Republic of China",Singapore,office,5,10,,
pr,74,"Protected Persons","Security Screening","People's Republic of China","Vancouver Immigration",office,,1,,
pr,74,"Protected Persons","Security Screening","People's Republic of China",Windsor,office,,1,,
pr,74,"Protected Persons","Security Screening",Peru,"Case Processing Centre Mississauga",office,1,6,,
pr,74,"Protected Persons","Security Screening",Peru,"HM Montreal",office,,2,,
pr,74,"Protected Persons","Security Screening",Peru,"Niagara Falls IRCC",office,,1,,
pr,74,"Protected Persons","Security Screening",Philippines,Beirut,office,,1,,
pr,74,"Protected Persons","Security Screening",Philippines,"Case Processing Centre Mississauga",office,1,15,,
pr,74,"Protected Persons","Security Screening",Philippines,Singapore,office,,1,,
pr,74,"Protected Persons","Security Screening",Poland,"Case Processing Centre Mississauga",office,,10,,
pr,74,"Protected Persons","Security Screening",Portugal,"Case Processing Centre Mississauga",office,,2,,
pr,74,"Protected Persons","Security Screening","Republic of Djibouti","Abu Dhabi",office,,1,,
pr,74,"Protected Persons","Security Screening","Republic of Djibouti","Case Processing Centre Mississauga",office,13,70,,
pr,74,"Protected Persons","Security Screening","Republic of Djibouti",Nairobi,office,1,14,,
pr,74,"Protected Persons","Security Screening","Republic of Djibouti",Pretoria,office,,1,,
pr,74,"Protected Persons","Security Screening","Republic of Djibouti",Windsor,office,,1,,
pr,74,"Protected Persons","Security Screening","Republic of Indonesia","Case Processing Centre Mississauga",office,1,10,,
pr,74,"Protected Persons","Security Screening","Republic of Ivory Coast","Case Processing Centre Mississauga",office,5,27,,
pr,74,"Protected Persons","Security Screening","Republic of Ivory Coast","Case Processing Centre Ottawa",office,,1,,
pr,74,"Protected Persons","Security Screening","Republic of Ivory Coast",Dakar,office,,1,,
pr,74,"Protected Persons","Security Screening","Republic of Ivory Coast",Rabat,office,,2,,
pr,74,"Protected Persons","Security Screening","Republic of South Africa","Case Processing Centre Mississauga",office,,10,,
pr,74,"Protected Persons","Security Screening","Republic of South Africa",Pretoria,office,,2,,
pr,74,"Protected Persons","Security Screening","Republic of the Niger","Case Processing Centre Mississauga",office,1,3,,
pr,74,"Protected Persons","Security Screening","Republic of the Niger",Dakar,office,,1,,
pr,74,"Protected Persons","Security Screening",Romania,"Case Processing Centre Mississauga",office,,34,,
pr,74,"Protected Persons","Security Screening",Romania,Etobicoke,office,,1,,
pr,74,"Protected Persons","Security Screening",Romania,"HM Montreal",office,,6,,
pr,74,"Protected Persons","Security Screening",Russia,"Abu Dhabi",office,1,3,,
pr,74,"Protected Persons","Security Screening",Russia,Ankara,office,,1,,
pr,74,"Protected Persons","Security Screening",Russia,"Case Processing Centre Mississauga",office,6,115,,
pr,74,"Protected Persons","Security Screening",Russia,Hamilton,office,,1,,
pr,74,"Protected Persons","Security Screening",Russia,"HM Montreal",office,,1,,
pr,74,"Protected Persons","Security Screening",Russia,"Niagara Falls IRCC",office,,1,,
pr,74,"Protected Persons","Security Screening",Russia,"Port of Spain",office,1,1,,
pr,74,"Protected Persons","Security Screening",Russia,Warsaw,office,,5,,
pr,74,"Protected Persons","Security Screening",Rwanda,"Case Processing Centre Mississauga",office,26,151,,
pr,74,"Protected Persons","Security Screening",Rwanda,Dakar,office,,2,,
pr,74,"Protected Persons","Security Screening",Rwanda,Dar-Es-Salaam,office,1,15,,
pr,74,"Protected Persons","Security Screening",Rwanda,"Hong Kong",office,1,4,,
pr,74,"Protected Persons","Security Screening",Rwanda,Nairobi,office,,10,,
pr,74,"Protected Persons","Security Screening",Rwanda,Ottawa,office,,1,,
pr,74,"Protected Persons","Security Screening",Rwanda,Pretoria,office,,6,,
pr,74,"Protected Persons","Security Screening","Saudi Arabia","Abu Dhabi",office,,4,,
pr,74,"Protected Persons","Security Screening","Saudi Arabia",Beirut,office,,1,,
pr,74,"Protected Persons","Security Screening","Saudi Arabia","Case Processing Centre Mississauga",office,2,61,,
pr,74,"Protected Persons","Security Screening","Saudi Arabia","Case Processing Centre Ottawa",office,,1,,
pr,74,"Protected Persons","Security Screening","Saudi Arabia","Case Cases Review Citizenship And Immigration",office,,1,,
pr,74,"Protected Persons","Security Screening","Saudi Arabia","Operational Support Performance Management And",office,,1,,
pr,74,"Protected Persons","Security Screening","Saudi Arabia",Paris,office,1,1,,
pr,74,"Protected Persons","Security Screening",Senegal,"Case Processing Centre Mississauga",office,5,21,,
pr,74,"Protected Persons","Security Screening",Senegal,Rabat,office,,2,,
pr,74,"Protected Persons","Security Screening","Serbia, Republic of","Case Processing Centre Mississauga",office,,4,,
pr,74,"Protected Persons","Security Screening","Sierra Leone","Case Processing Centre Mississauga",office,,10,,
pr,74,"Protected Persons","Security Screening","Sierra Leone",Singapore,office,,1,,
pr,74,"Protected Persons","Security Screening",Singapore,"Case Processing Centre Mississauga",office,,1,,
pr,74,"Protected Persons","Security Screening","Slovak Republic","Case Processing Centre Mississauga",office,,95,,
pr,74,"Protected Persons","Security Screening","Slovak Republic","Operational Performance Management And Support",office,,1,,
pr,74,"Protected Persons","Security Screening","Slovak Republic",Windsor,office,,2,,
pr,74,"Protected Persons","Security Screening",Slovenia,"Case Processing Centre Mississauga",office,1,2,,
pr,74,"Protected Persons","Security Screening","Socialist Republic of Vietnam","Case Processing Centre Mississauga",office,7,13,,
pr,74,"Protected Persons","Security Screening","Socialist Republic of Vietnam",Singapore,office,,16,,
pr,74,"Protected Persons","Security Screening","Somalia, Democratic Republic of","Abu Dhabi",office,15,36,,
pr,74,"Protected Persons","Security Screening","Somalia, Democratic Republic of",Amman,office,,16,,
pr,74,"Protected Persons","Security Screening","Somalia, Democratic Republic of",Ankara,office,18,39,,
pr,74,"Protected Persons","Security Screening","Somalia, Democratic Republic of",Cairo,office,,4,,
pr,74,"Protected Persons","Security Screening","Somalia, Democratic Republic of","Case Processing Centre Mississauga",office,6,214,,
pr,74,"Protected Persons","Security Screening","Somalia, Democratic Republic of",Colombo,office,,1,,
pr,74,"Protected Persons","Security Screening","Somalia, Democratic Republic of",Dar-Es-Salaam,office,104,570,,
pr,74,"Protected Persons","Security Screening","Somalia, Democratic Republic of",Etobicoke,office,,1,,
pr,74,"Protected Persons","Security Screening","Somalia, Democratic Republic of",Hamilton,office,5,6,,
pr,74,"Protected Persons","Security Screening","Somalia, Democratic Republic of","HM Niagara Falls",office,1,1,,
pr,74,"Protected Persons","Security Screening","Somalia, Democratic Republic of","Hong Kong",office,,2,,
pr,74,"Protected Persons","Security Screening","Somalia, Democratic Republic of",Islamabad,office,,1,,
pr,74,"Protected Persons","Security Screening","Somalia, Democratic Republic of",Jakarta,office,,1,,
pr,74,"Protected Persons","Security Screening","Somalia, Democratic Republic of","Matching Centre",office,,1,,
pr,74,"Protected Persons","Security Screening","Somalia, Democratic Republic of",Nairobi,office,77,418,,
pr,74,"Protected Persons","Security Screening","Somalia, Democratic Republic of","New Delhi",office,,10,,
pr,74,"Protected Persons","Security Screening","Somalia, Democratic Republic of","New York",office,,1,,
pr,74,"Protected Persons","Security Screening","Somalia, Democratic Republic of","Niagara Falls IRCC",office,,2,,
pr,74,"Protected Persons","Security Screening","Somalia, Democratic Republic of",Paris,office,,1,,
pr,74,"Protected Persons","Security Screening","Somalia, Democratic Republic of",Pretoria,office,15,83,,
pr,74,"Protected Persons","Security Screening","Somalia, Democratic Republic of",Rome,office,,13,,
pr,74,"Protected Persons","Security Screening","Somalia, Democratic Republic of",Singapore,office,2,34,,
pr,74,"Protected Persons","Security Screening","Somalia, Democratic Republic of","Sydney Australia",office,,6,,
pr,74,"Protected Persons","Security Screening","Somalia, Democratic Republic of",Vienna,office,,4,,
pr,74,"Protected Persons","Security Screening","South Sudan, Republic Of",Cairo,office,,1,,
pr,74,"Protected Persons","Security Screening","South Sudan, Republic Of","Case Processing Centre Mississauga",office,,3,,
pr,74,"Protected Persons","Security Screening","South Sudan, Republic Of",Dar-Es-Salaam,office,1,7,,
pr,74,"Protected Persons","Security Screening","South Sudan, Republic Of",Nairobi,office,,1,,
pr,74,"Protected Persons","Security Screening","South Sudan, Republic Of",Rome,office,,2,,
pr,74,"Protected Persons","Security Screening",Spain,"Case Processing Centre Mississauga",office,,3,,
pr,74,"Protected Persons","Security Screening","Sri Lanka","Case Processing Centre Mississauga",office,14,584,,
pr,74,"Protected Persons","Security Screening","Sri Lanka","Case Processing Centre Ottawa",office,,1,,
pr,74,"Protected Persons","Security Screening","Sri Lanka",Colombo,office,2,9,,
pr,74,"Protected Persons","Security Screening","Sri Lanka",Hamilton,office,,2,,
pr,74,"Protected Persons","Security Screening","Sri Lanka","HM Montreal",office,,6,,
pr,74,"Protected Persons","Security Screening","Sri Lanka","HM Vancouver",office,,1,,
pr,74,"Protected Persons","Security Screening","Sri Lanka","Hong Kong",office,,2,,
pr,74,"Protected Persons","Security Screening","Sri Lanka","Matching Centre",office,,1,,
pr,74,"Protected Persons","Security Screening","Sri Lanka","New Delhi",office,,29,,
pr,74,"Protected Persons","Security Screening","Sri Lanka","New York",office,,1,,
pr,74,"Protected Persons","Security Screening","Sri Lanka","Niagara Falls IRCC",office,,2,,
pr,74,"Protected Persons","Security Screening","Sri Lanka","Operational Support Performance Management And",office,,2,,
pr,74,"Protected Persons","Security Screening","Sri Lanka",Paris,office,,1,,
pr,74,"Protected Persons","Security Screening","Sri Lanka",Singapore,office,1,21,,
pr,74,"Protected Persons","Security Screening","Sri Lanka","Sydney Australia",office,,10,,
pr,74,"Protected Persons","Security Screening","Sri Lanka",Windsor,office,,1,,
pr,74,"Protected Persons","Security Screening","St. Kitts-Nevis","Case Processing Centre Mississauga",office,,1,,
pr,74,"Protected Persons","Security Screening","St. Lucia","Case Processing Centre Mississauga",office,1,19,,
pr,74,"Protected Persons","Security Screening","St. Vincent and the Grenadines","Case Processing Centre Mississauga",office,,13,,
pr,74,"Protected Persons","Security Screening",Stateless,"Abu Dhabi",office,10,56,,
pr,75,"Protected Persons","Security Screening",Stateless,Amman,office,,15,,
pr,75,"Protected Persons","Security Screening",Stateless,Ankara,office,1,6,,
pr,75,"Protected Persons","Security Screening",Stateless,Beirut,office,3,39,,
pr,75,"Protected Persons","Security Screening",Stateless,Cairo,office,,2,,
pr,75,"Protected Persons","Security Screening",Stateless,"Case Processing Centre Mississauga",office,9,203,,
pr,75,"Protected Persons","Security Screening",Stateless,"Case Processing Centre Ottawa",office,,1,,
pr,75,"Protected Persons","Security Screening",Stateless,Etobicoke,office,,1,,
pr,75,"Protected Persons","Security Screening",Stateless,"New Delhi",office,,1,,
pr,75,"Protected Persons","Security Screening",Stateless,"Niagara Falls IRCC",office,,2,,
pr,75,"Protected Persons","Security Screening",Stateless,"Operational Support Performance Management And",office,,2,,
pr,75,"Protected Persons","Security Screening",Stateless,Paris,office,,3,,
pr,75,"Protected Persons","Security Screening",Singapore,Warsaw,office,,2,,
pr,75,"Protected Persons","Security Screening",Singapore,"Missing data",office,,2,MISSING_DATA_PLACEHOLDER,"Placeholder for data withheld from the ATIP release (s.16(1)(c) cell suppression): the printed parent total exceeds the visible rows by 0/2. Added so the group reconciles."
pr,75,"Protected Persons","Security Screening",Swaziland,"Case Processing Centre Mississauga",office,,5,,
pr,75,"Protected Persons","Security Screening",Swaziland,"Edmonton IRCC",office,,2,,
pr,75,"Protected Persons","Security Screening",Syria,"Abu Dhabi",office,161,831,,
pr,75,"Protected Persons","Security Screening",Syria,Accra,office,2,7,,
pr,75,"Protected Persons","Security Screening",Syria,Amman,office,88,1290,,
pr,75,"Protected Persons","Security Screening",Syria,Ankara,office,58,874,,
pr,75,"Protected Persons","Security Screening",Syria,Beirut,office,104,1696,,
pr,75,"Protected Persons","Security Screening",Syria,Bogota,office,,5,,
pr,75,"Protected Persons","Security Screening",Syria,Bucharest,office,,1,,
pr,75,"Protected Persons","Security Screening",Syria,Cairo,office,3,95,,
pr,75,"Protected Persons","Security Screening",Syria,"Case Processing Centre Mississauga",office,17,426,,
pr,75,"Protected Persons","Security Screening",Syria,"Case Processing Centre Ottawa",office,,1,,
pr,75,"Protected Persons","Security Screening",Syria,Colombo,office,,11,,
pr,75,"Protected Persons","Security Screening",Syria,Dakar,office,,7,,
pr,75,"Protected Persons","Security Screening",Syria,Dar-Es-Salaam,office,1,1,,
pr,75,"Protected Persons","Security Screening",Syria,Etobicoke,office,,2,,
pr,75,"Protected Persons","Security Screening",Syria,Hamilton,office,,4,,
pr,75,"Protected Persons","Security Screening",Syria,"HM Montreal",office,1,2,,
pr,75,"Protected Persons","Security Screening",Syria,Manila,office,,2,,
pr,75,"Protected Persons","Security Screening",Syria,"Matching Centre",office,,1,,
pr,75,"Protected Persons","Security Screening",Syria,"Mexico City",office,1,8,,
pr,75,"Protected Persons","Security Screening",Syria,"New Delhi",office,1,1,,
pr,75,"Protected Persons","Security Screening",Syria,"New York",office,,1,,
pr,75,"Protected Persons","Security Screening",Syria,"Niagara Falls IRCC",office,,1,,
pr,75,"Protected Persons","Security Screening",Syria,"Operational Support Performance Management And",office,,2,,
pr,75,"Protected Persons","Security Screening",Syria,Paris,office,2,92,,
pr,75,"Protected Persons","Security Screening",Syria,"Port of Spain",office,,8,,
pr,75,"Protected Persons","Security Screening",Syria,Port-Au-Prince,office,,2,,
pr,75,"Protected Persons","Security Screening",Syria,Rabat,office,,14,,
pr,75,"Protected Persons","Security Screening",Syria,Rome,office,3,43,,
pr,75,"Protected Persons","Security Screening",Syria,Shanghai,office,,1,,
pr,75,"Protected Persons","Security Screening",Syria,Singapore,office,,38,,
pr,75,"Protected Persons","Security Screening",Syria,"Tel Aviv",office,2,18,,
pr,75,"Protected Persons","Security Screening",Syria,Vienna,office,1,22,,
pr,75,"Protected Persons","Security Screening",Syria,Warsaw,office,,4,,
pr,75,"Protected Persons","Security Screening",Syria,Windsor,office,,1,,
pr,75,"Protected Persons","Security Screening",Tajikistan,Ankara,office,3,4,,
pr,75,"Protected Persons","Security Screening",Tajikistan,"Case Processing Centre Mississauga",office,,7,,
pr,75,"Protected Persons","Security Screening",Taiwan,"Case Processing Centre Mississauga",office,,1,,
pr,75,"Protected Persons","Security Screening","The Netherlands","Case Processing Centre Mississauga",office,,1,,
pr,75,"Protected Persons","Security Screening","The Netherlands",Vienna,office,,1,,
pr,75,"Protected Persons","Security Screening","Togo, Republic of",Accra,office,,2,,
pr,75,"Protected Persons","Security Screening","Togo, Republic of","Case Processing Centre Mississauga",office,4,18,,
pr,75,"Protected Persons","Security Screening","Trinidad and Tobago, Republic of","Case Processing Centre Mississauga",office,,3,,
pr,75,"Protected Persons","Security Screening",Tunisia,"Abu Dhabi",office,,1,,
pr,75,"Protected Persons","Security Screening",Tunisia,"Case Processing Centre Mississauga",office,,11,,
pr,75,"Protected Persons","Security Screening",Tunisia,Colombo,office,,1,,
pr,75,"Protected Persons","Security Screening",Tunisia,"HM Montreal",office,,2,,
pr,75,"Protected Persons","Security Screening",Tunisia,"HM Niagara Falls",office,,1,,
pr,75,"Protected Persons","Security Screening",Tunisia,Ottawa,office,,1,,
pr,75,"Protected Persons","Security Screening",Tunisia,Rabat,office,,1,,
pr,75,"Protected Persons","Security Screening",Turkey,"Abu Dhabi",office,,1,,
pr,75,"Protected Persons","Security Screening",Turkey,Amman,office,3,15,,
pr,75,"Protected Persons","Security Screening",Turkey,Ankara,office,15,18,,
pr,75,"Protected Persons","Security Screening",Turkey,Beirut,office,,2,,
pr,75,"Protected Persons","Security Screening",Turkey,Bogota,office,,1,,
pr,75,"Protected Persons","Security Screening",Turkey,Cairo,office,2,3,,
pr,75,"Protected Persons","Security Screening",Turkey,"Case Processing Centre Mississauga",office,68,1236,,
pr,75,"Protected Persons","Security Screening",Turkey,"Case Processing Centre Ottawa",office,,11,,
pr,75,"Protected Persons","Security Screening",Turkey,"Case Cases Review Citizenship And Immigration",office,,5,,
pr,75,"Protected Persons","Security Screening",Turkey,Dar-Es-Salaam,office,,9,,
pr,75,"Protected Persons","Security Screening",Turkey,"Edmonton IRCC",office,,1,,
pr,75,"Protected Persons","Security Screening",Turkey,Hamilton,office,,1,,
pr,75,"Protected Persons","Security Screening",Turkey,"Hong Kong",office,,1,,
pr,75,"Protected Persons","Security Screening",Turkey,Islamabad,office,,4,,
pr,75,"Protected Persons","Security Screening",Turkey,Kitchener,office,,1,,
pr,75,"Protected Persons","Security Screening",Turkey,"London England",office,,1,,
pr,75,"Protected Persons","Security Screening",Turkey,"Los Angeles",office,,1,,
pr,75,"Protected Persons","Security Screening",Turkey,"Mexico City",office,,3,,
pr,75,"Protected Persons","Security Screening",Turkey,Nairobi,office,6,7,,
pr,75,"Protected Persons","Security Screening",Turkey,"New York",office,,3,,
pr,75,"Protected Persons","Security Screening",Turkey,"Niagara Falls IRCC",office,,2,,
pr,75,"Protected Persons","Security Screening",Turkey,"Operational Support Performance Management And",office,,11,,
pr,75,"Protected Persons","Security Screening",Turkey,Paris,office,1,5,,
pr,75,"Protected Persons","Security Screening",Turkey,Pretoria,office,,1,,
pr,75,"Protected Persons","Security Screening",Turkey,Rome,office,,1,,
pr,75,"Protected Persons","Security Screening",Turkey,Singapore,office,,1,,
pr,75,"Protected Persons","Security Screening",Turkey,Vienna,office,,2,,
pr,75,"Protected Persons","Security Screening",Turkey,Windsor,office,,1,,
pr,75,"Protected Persons","Security Screening",Turkmenistan,"Case Processing Centre Mississauga",office,,5,,
pr,75,"Protected Persons","Security Screening",Tuvalu,"Case Processing Centre Mississauga",office,,1,,
pr,75,"Protected Persons","Security Screening",Uganda,"Abu Dhabi",office,2,2,,
pr,75,"Protected Persons","Security Screening",Uganda,"Case Processing Centre Mississauga",office,7,120,,
pr,75,"Protected Persons","Security Screening",Uganda,Dar-Es-Salaam,office,2,7,,
pr,75,"Protected Persons","Security Screening",Uganda,Nairobi,office,2,5,,
pr,75,"Protected Persons","Security Screening",Uganda,"New York",office,,1,,
pr,75,"Protected Persons","Security Screening",Uganda,Pretoria,office,,1,,
pr,75,"Protected Persons","Security Screening",Ukraine,"Case Processing Centre Mississauga",office,3,233,,
pr,75,"Protected Persons","Security Screening",Ukraine,"HM Montreal",office,,1,,
pr,75,"Protected Persons","Security Screening",Ukraine,"London England",office,,1,,
pr,75,"Protected Persons","Security Screening",Ukraine,"Operational Support Performance Management And",office,,4,,
pr,75,"Protected Persons","Security Screening",Ukraine,Windsor,office,,2,,
pr,75,"Protected Persons","Security Screening","United Arab Emirates","Case Processing Centre Mississauga",office,,2,,
pr,75,"Protected Persons","Security Screening","United Kingdom and Overseas Territories","Case Processing Centre Mississauga",office,,5,,
pr,75,"Protected Persons","Security Screening","United Kingdom and Overseas Territories",Etobicoke,office,,1,,
pr,75,"Protected Persons","Security Screening","United Kingdom and Overseas Territories","New York",office,,1,,
pr,75,"Protected Persons","Security Screening","United Republic of Tanzania","Case Processing Centre Mississauga",office,2,10,,
pr,75,"Protected Persons","Security Screening","United States of America","Abu Dhabi",office,,1,,
pr,75,"Protected Persons","Security Screening","United States of America","Case Processing Centre Mississauga",office,,9,,
pr,75,"Protected Persons","Security Screening","United States of America","Montreal Immigration",office,,1,,
pr,75,"Protected Persons","Security Screening","United States of America","New York",office,,6,,
pr,75,"Protected Persons","Security Screening","United States of America",Windsor,office,,1,,
pr,75,"Protected Persons","Security Screening",Uzbekistan,Ankara,office,2,4,,
pr,75,"Protected Persons","Security Screening",Uzbekistan,"Case Processing Centre Mississauga",office,,16,,
pr,75,"Protected Persons","Security Screening",Uzbekistan,"HM Montreal",office,,1,,
pr,75,"Protected Persons","Security Screening",Uzbekistan,"Operational Support Performance Management And",office,,1,,
pr,75,"Protected Persons","Security Screening",Venezuela,Bogota,office,9,26,,
pr,75,"Protected Persons","Security Screening",Venezuela,"Case Processing Centre Mississauga",office,21,379,,
pr,75,"Protected Persons","Security Screening",Venezuela,"Case Processing Centre Ottawa",office,,,,
pr,76,"Protected Persons","Security Screening",Venezuela,"Case Cases Review Citizenship And Immigration",office,,1,,
pr,76,"Protected Persons","Security Screening",Venezuela,Hamilton,office,,2,,
pr,76,"Protected Persons","Security Screening",Venezuela,Lima,office,1,10,,
pr,76,"Protected Persons","Security Screening",Venezuela,"Mexico City",office,1,6,,
pr,76,"Protected Persons","Security Screening",Venezuela,"New York",office,,1,,
pr,76,"Protected Persons","Security Screening",Venezuela,"Niagara Falls IRCC",office,,1,,
pr,76,"Protected Persons","Security Screening",Venezuela,"Operational Support Performance Management And",office,,1,,
pr,76,"Protected Persons","Security Screening",Venezuela,"Port of Spain",office,,1,,
pr,76,"Protected Persons","Security Screening",Venezuela,"Western Sahara",office,,1,,
pr,76,"Protected Persons","Security Screening",Venezuela,"Case Processing Centre Mississauga",office,,1,,
pr,76,"Protected Persons","Security Screening","Yemen, Republic of","Abu Dhabi",office,20,94,,
pr,76,"Protected Persons","Security Screening","Yemen, Republic of",Amman,office,6,41,,
pr,76,"Protected Persons","Security Screening","Yemen, Republic of",Ankara,office,,2,,
pr,76,"Protected Persons","Security Screening","Yemen, Republic of",Beirut,office,,2,,
pr,76,"Protected Persons","Security Screening","Yemen, Republic of",Cairo,office,9,15,,
pr,76,"Protected Persons","Security Screening","Yemen, Republic of","Case Processing Centre Mississauga",office,16,671,,
pr,76,"Protected Persons","Security Screening","Yemen, Republic of",Colombo,office,,8,,
pr,76,"Protected Persons","Security Screening","Yemen, Republic of",Dar-Es-Salaam,office,,2,,
pr,76,"Protected Persons","Security Screening","Yemen, Republic of",Hamilton,office,,2,,
pr,76,"Protected Persons","Security Screening","Yemen, Republic of","HM Vancouver",office,1,2,,
pr,76,"Protected Persons","Security Screening","Yemen, Republic of",Nairobi,office,2,14,,
pr,76,"Protected Persons","Security Screening","Yemen, Republic of","New Delhi",office,,2,,
pr,76,"Protected Persons","Security Screening","Yemen, Republic of","New York",office,,3,,
pr,76,"Protected Persons","Security Screening","Yemen, Republic of","Niagara Falls IRCC",office,,2,,
pr,76,"Protected Persons","Security Screening","Yemen, Republic of",Paris,office,,7,,
pr,76,"Protected Persons","Security Screening","Yemen, Republic of",Rome,office,1,3,,
pr,76,"Protected Persons","Security Screening","Yemen, Republic of",Singapore,office,1,24,,
pr,76,"Protected Persons","Security Screening","Yemen, Republic of",Vienna,office,,1,,
pr,76,"Protected Persons","Security Screening",Zambia,"Case Processing Centre Mississauga",office,,6,,
pr,76,"Protected Persons","Security Screening",Zimbabwe,"Case Processing Centre Mississauga",office,35,96,,
pr,76,"Protected Persons","Security Screening",Zimbabwe,Pretoria,office,,2,,
pr,69,"Protected Persons","Security Screening","Missing data","Missing data",office,92,-12,MISSING_DATA_PLACEHOLDER,"Placeholder reconciling the source's own inconsistency: the printed parent total differs from the sum of its printed detail rows by 92/-12 (the document does not foot). Added so the group reconciles."
pr,76,Unspecified,"Security Screening",Afghanistan,"Abu Dhabi",office,1,3,,
pr,76,Unspecified,"Security Screening",Afghanistan,Ankara,office,1,1,,
pr,76,Unspecified,"Security Screening",Afghanistan,Islamabad,office,,7,,
pr,76,Unspecified,"Security Screening",Afghanistan,Paris,office,,1,,
pr,76,Unspecified,"Security Screening","Democratic Republic of Sudan","Abu Dhabi",office,6,7,,
pr,76,Unspecified,"Security Screening",Iran,Ankara,office,3,5,,
pr,76,Unspecified,"Security Screening",Iraq,Ankara,office,1,1,,
pr,76,Unspecified,"Security Screening",Jordan,"Abu Dhabi",office,5,29,,
pr,76,Unspecified,"Security Screening",Jordan,Amman,office,1,2,,
pr,76,Unspecified,"Security Screening",Jordan,Cairo,office,1,1,,
pr,76,Unspecified,"Security Screening",Lebanon,"Abu Dhabi",office,,2,,
pr,76,Unspecified,"Security Screening",Lebanon,Beirut,office,,1,,
pr,76,Unspecified,"Security Screening",Lebanon,Nairobi,office,,1,,
pr,76,Unspecified,"Security Screening","Palestinian Authority (Gaza/West Bank)","Abu Dhabi",office,17,50,,
pr,76,Unspecified,"Security Screening","Palestinian Authority (Gaza/West Bank)",Amman,office,5,20,,
pr,76,Unspecified,"Security Screening","Palestinian Authority (Gaza/West Bank)",Cairo,office,19,31,,
pr,76,Unspecified,"Security Screening","Palestinian Authority (Gaza/West Bank)","London England",office,2,2,,
pr,76,Unspecified,"Security Screening","Palestinian Authority (Gaza/West Bank)",Singapore,office,,2,,
pr,76,Unspecified,"Security Screening","Somalia, Democratic Republic of","Abu Dhabi",office,,1,,
pr,76,Unspecified,"Security Screening","Somalia, Democratic Republic of",Nairobi,office,,2,,
pr,76,Unspecified,"Security Screening","St. Kitts-Nevis","Abu Dhabi",office,,1,,
pr,76,Unspecified,"Security Screening",Stateless,"Abu Dhabi",office,8,54,,
pr,76,Unspecified,"Security Screening",Stateless,Amman,office,2,3,,
pr,76,Unspecified,"Security Screening",Stateless,Beirut,office,5,20,,
pr,76,Unspecified,"Security Screening",Stateless,Pretoria,office,2,2,,
pr,76,Unspecified,"Security Screening",Syria,"Abu Dhabi",office,7,19,,
pr,76,Unspecified,"Security Screening",Syria,Amman,office,,24,,
pr,76,Unspecified,"Security Screening",Syria,Ankara,office,5,5,,
pr,76,Unspecified,"Security Screening",Syria,Beirut,office,,1,,
pr,76,Unspecified,"Security Screening",Ukraine,"Abu Dhabi",office,,1,,
