source,page,category,activity_type,citizenship,office,level,total_2025,total_2019_to_2025,fix_status,fix_note
trv,1,SP,"","","",application_type,1801,18019,,
trv,1,SP,"VIT 34","","",activity_type,1798,17932,,
trv,1,SP,"VIT 34",Afghanistan,"",citizenship,3,56,,
trv,1,SP,"VIT 34",Albania,"",citizenship,,3,,
trv,1,SP,"VIT 34",Algeria,"",citizenship,3,75,,
trv,1,SP,"VIT 34",Angola,"",citizenship,,1,,
trv,1,SP,"VIT 34","Antigua and Barbuda","",citizenship,,2,,
trv,1,SP,"VIT 34",Argentina,"",citizenship,,1,,
trv,1,SP,"VIT 34",Armenia,"",citizenship,,4,,
trv,1,SP,"VIT 34",Australia,"",citizenship,,2,,
trv,1,SP,"VIT 34",Austria,"",citizenship,,1,,
trv,1,SP,"VIT 34",Azerbaijan,"",citizenship,1,18,,
trv,1,SP,"VIT 34","Bahama Islands, The","",citizenship,,2,,
trv,1,SP,"VIT 34",Bahrain,"",citizenship,,3,,
trv,1,SP,"VIT 34",Bangladesh,"",citizenship,7,77,,
trv,1,SP,"VIT 34",Barbados,"",citizenship,,1,,
trv,1,SP,"VIT 34",Belarus,"",citizenship,1,6,,
trv,1,SP,"VIT 34",Belgium,"",citizenship,,2,,
trv,1,SP,"VIT 34",Belize,"",citizenship,,1,,
trv,1,SP,"VIT 34",Brazil,"",citizenship,2,16,,
trv,1,SP,"VIT 34",Burkina-Faso,"",citizenship,,4,,
trv,1,SP,"VIT 34",Burundi,"",citizenship,,1,,
trv,1,SP,"VIT 34","Chad, Republic of","",citizenship,1,1,,
trv,1,SP,"VIT 34",Chile,"",citizenship,,4,,
trv,1,SP,"VIT 34",Colombia,"",citizenship,,60,,
trv,1,SP,"VIT 34",Comoros,"",citizenship,,1,,
trv,1,SP,"VIT 34","Congo, Democratic Republic of the","",citizenship,,11,,
trv,2,SP,"VIT 34","Congo, People's Republic of the","",citizenship,,2,,
trv,2,SP,"VIT 34",Cuba,"",citizenship,,6,,
trv,2,SP,"VIT 34",Cyprus,"",citizenship,,1,,
trv,2,SP,"VIT 34","Czech Republic","",citizenship,1,1,,
trv,2,SP,"VIT 34","Democratic Republic of Sudan","",citizenship,,26,,
trv,2,SP,"VIT 34",Dominica,"",citizenship,,5,,
trv,2,SP,"VIT 34","Dominican Republic","",citizenship,,5,,
trv,2,SP,"VIT 34",Ecuador,"",citizenship,,5,,
trv,2,SP,"VIT 34",Egypt,"",citizenship,8,367,,
trv,2,SP,"VIT 34","El Salvador","",citizenship,,1,,
trv,2,SP,"VIT 34","Equatorial Guinea","",citizenship,,2,,
trv,2,SP,"VIT 34",Eritrea,"",citizenship,,1,,
trv,2,SP,"VIT 34",Ethiopia,"",citizenship,,3,,
trv,2,SP,"VIT 34","Federal Republic of Cameroon","",citizenship,,22,,
trv,2,SP,"VIT 34","Federal Republic of Germany","",citizenship,,4,,
trv,2,SP,"VIT 34",Finland,"",citizenship,1,1,,
trv,2,SP,"VIT 34",France,"",citizenship,1,40,,
trv,2,SP,"VIT 34","Gabon Republic","",citizenship,,1,,
trv,2,SP,"VIT 34",Gambia,"",citizenship,2,4,,
trv,2,SP,"VIT 34",Georgia,"",citizenship,,2,,
trv,2,SP,"VIT 34",Ghana,"",citizenship,2,41,,
trv,2,SP,"VIT 34","Guinea, Republic of","",citizenship,1,13,,
trv,2,SP,"VIT 34",Haiti,"",citizenship,2,17,,
trv,2,SP,"VIT 34",Honduras,"",citizenship,,3,,
trv,2,SP,"VIT 34","Hong Kong SAR","",citizenship,1,33,,
trv,3,SP,"VIT 34",India,"",citizenship,4,297,,
trv,3,SP,"VIT 34",Iran,"",citizenship,744,7886,,
trv,3,SP,"VIT 34",Iraq,"",citizenship,5,108,,
trv,3,SP,"VIT 34",Israel,"",citizenship,1,10,,
trv,3,SP,"VIT 34",Italy,"",citizenship,,2,,
trv,3,SP,"VIT 34",Jamaica,"",citizenship,,1,,
trv,3,SP,"VIT 34",Japan,"",citizenship,,5,,
trv,3,SP,"VIT 34",Jordan,"",citizenship,,448,,
trv,3,SP,"VIT 34",Kazakhstan,"",citizenship,,6,,
trv,3,SP,"VIT 34",Kenya,"",citizenship,1,8,,
trv,3,SP,"VIT 34","Korea, Republic of","",citizenship,,9,,
trv,3,SP,"VIT 34","Kosovo, Republic of","",citizenship,,1,,
trv,3,SP,"VIT 34",Kuwait,"",citizenship,,3,,
trv,3,SP,"VIT 34",Lebanon,"",citizenship,2,208,,
trv,4,SP,"VIT 34",Liberia,"",citizenship,,2,,
trv,4,SP,"VIT 34",Libya,"",citizenship,1,139,,
trv,4,SP,"VIT 34","Macao SAR","",citizenship,,1,,
trv,4,SP,"VIT 34",Madagascar,"",citizenship,,2,,
trv,4,SP,"VIT 34","Mali, Republic of","",citizenship,1,1,,
trv,4,SP,"VIT 34",Mauritania,"",citizenship,,5,,
trv,4,SP,"VIT 34",Mauritius,"",citizenship,1,4,,
trv,4,SP,"VIT 34",Mexico,"",citizenship,,11,,
trv,4,SP,"VIT 34","Mongolia, People's Republic of","",citizenship,,3,,
trv,4,SP,"VIT 34",Morocco,"",citizenship,,57,,
trv,4,SP,"VIT 34","Myanmar (Burma)","",citizenship,,1,,
trv,4,SP,"VIT 34",Nepal,"",citizenship,,7,,
trv,4,SP,"VIT 34",Nicaragua,"",citizenship,,1,,
trv,4,SP,"VIT 34",Nigeria,"",citizenship,30,122,,
trv,4,SP,"VIT 34",Oman,"",citizenship,,3,,
trv,4,SP,"VIT 34",Pakistan,"",citizenship,70,902,,
trv,4,SP,"VIT 34","Palestinian Authority (Gaza/West Bank)","",citizenship,59,204,,
trv,4,SP,"VIT 34","Panama, Republic of","",citizenship,,3,,
trv,5,SP,"VIT 34","Peoples Republic of Benin","",citizenship,,9,,
trv,5,SP,"VIT 34","People's Republic of China","",citizenship,797,5364,,
trv,5,SP,"VIT 34",Peru,"",citizenship,,3,,
trv,5,SP,"VIT 34",Philippines,"",citizenship,1,20,,
trv,5,SP,"VIT 34",Poland,"",citizenship,,1,,
trv,5,SP,"VIT 34",Qatar,"",citizenship,,3,,
trv,5,SP,"VIT 34","Republic of Djibouti","",citizenship,,1,,
trv,5,SP,"VIT 34","Republic of Indonesia","",citizenship,1,3,,
trv,5,SP,"VIT 34","Republic of Ireland","",citizenship,,2,,
trv,5,SP,"VIT 34","Republic of Ivory Coast","",citizenship,,17,,
trv,5,SP,"VIT 34","Republic of South Africa","",citizenship,1,4,,
trv,5,SP,"VIT 34","Republic of the Niger","",citizenship,,9,,
trv,5,SP,"VIT 34",Romania,"",citizenship,,1,,
trv,5,SP,"VIT 34",Russia,"",citizenship,12,125,,
trv,5,SP,"VIT 34",Rwanda,"",citizenship,,9,,
trv,5,SP,"VIT 34","Saudi Arabia","",citizenship,1,45,,
trv,6,SP,"VIT 34",Senegal,"",citizenship,,8,,
trv,6,SP,"VIT 34","Sierra Leone","",citizenship,,1,,
trv,6,SP,"VIT 34","Socialist Republic of Vietnam","",citizenship,4,10,,
trv,6,SP,"VIT 34","Somalia, Democratic Republic of","",citizenship,1,4,,
trv,6,SP,"VIT 34",Spain,"",citizenship,,1,,
trv,6,SP,"VIT 34","Sri Lanka","",citizenship,,6,,
trv,6,SP,"VIT 34","St. Kitts-Nevis","",citizenship,,5,,
trv,6,SP,"VIT 34","St. Lucia","",citizenship,,1,,
trv,6,SP,"VIT 34",Stateless,"",citizenship,1,45,,
trv,6,SP,"VIT 34",Syria,"",citizenship,2,80,,
trv,6,SP,"VIT 34",Tajikistan,"",citizenship,,4,,
trv,6,SP,"VIT 34",Taiwan,"",citizenship,3,12,,
trv,6,SP,"VIT 34","Togo, Republic of","",citizenship,,5,,
trv,6,SP,"VIT 34","Trinidad and Tobago, Republic of","",citizenship,,1,,
trv,6,SP,"VIT 34",Tunisia,"",citizenship,2,567,,
trv,6,SP,"VIT 34",Turkey,"",citizenship,,39,,
trv,6,SP,"VIT 34",Turkmenistan,"",citizenship,,4,,
trv,6,SP,"VIT 34",Uganda,"",citizenship,2,3,,
trv,7,SP,"VIT 34",Ukraine,"",citizenship,1,8,,
trv,7,SP,"VIT 34","United Kingdom and Overseas Territories","",citizenship,,11,,
trv,7,SP,"VIT 34","United Republic of Tanzania","",citizenship,,3,,
trv,7,SP,"VIT 34","United States of America","",citizenship,4,8,,
trv,7,SP,"VIT 34",Uzbekistan,"",citizenship,,6,,
trv,7,SP,"VIT 34",Venezuela,"",citizenship,,13,,
trv,7,SP,"VIT 34","Yemen, Republic of","",citizenship,6,45,,
trv,7,SP,"VIT 34",Zambia,"",citizenship,2,3,,
trv,7,SP,"VIT 34",Zimbabwe,"",citizenship,1,4,,
trv,7,SP,"VIT 35","","",activity_type,3,59,,
trv,7,SP,"VIT 35",Algeria,"",citizenship,,1,,
trv,7,SP,"VIT 35",Bangladesh,"",citizenship,,1,,
trv,7,SP,"VIT 35","Chad, Republic of","",citizenship,,1,,
trv,7,SP,"VIT 35",Ghana,"",citizenship,,5,,
trv,7,SP,"VIT 35",Haiti,"",citizenship,,2,,
trv,7,SP,"VIT 35","Hong Kong SAR","",citizenship,,2,,
trv,7,SP,"VIT 35",India,"",citizenship,,14,,
trv,7,SP,"VIT 35",Iran,"",citizenship,,7,,
trv,7,SP,"VIT 35",Morocco,"",citizenship,,2,,
trv,7,SP,"VIT 35",Nigeria,"",citizenship,1,3,,
trv,7,SP,"VIT 35",Pakistan,"",citizenship,,2,,
trv,7,SP,"VIT 35","Peoples Republic of Benin","",citizenship,,1,,
trv,7,SP,"VIT 35","People's Republic of China","",citizenship,1,2,,
trv,7,SP,"VIT 35",Peru,"",citizenship,,1,,
trv,7,SP,"VIT 35",Philippines,"",citizenship,,2,,
trv,7,SP,"VIT 35","Republic of Ivory Coast","",citizenship,,1,,
trv,7,SP,"VIT 35",Rwanda,"",citizenship,,1,,
trv,7,SP,"VIT 35","Saudi Arabia","",citizenship,,1,,
trv,7,SP,"VIT 35",Syria,"",citizenship,,1,,
trv,7,SP,"VIT 35","Togo, Republic of","",citizenship,,1,,
trv,7,SP,"VIT 35",Tunisia,"",citizenship,,5,,
trv,7,SP,"VIT 35",Uganda,"",citizenship,1,1,,
trv,7,SP,"VIT 35",Venezuela,"",citizenship,,1,,
trv,8,SP,"VIT 35","Yemen, Republic of","",citizenship,,1,,
trv,8,SP,"VIT 37","","",activity_type,,28,,
trv,8,SP,"VIT 37",Albania,"",citizenship,,1,,
trv,8,SP,"VIT 37",Colombia,"",citizenship,,2,,
trv,8,SP,"VIT 37",Cyprus,"",citizenship,,1,,
trv,8,SP,"VIT 37","Guinea, Republic of","",citizenship,,1,,
trv,8,SP,"VIT 37","Hong Kong SAR","",citizenship,,1,,
trv,8,SP,"VIT 37",India,"",citizenship,,2,,
trv,8,SP,"VIT 37",Kenya,"",citizenship,,1,,
trv,8,SP,"VIT 37",Mexico,"",citizenship,,6,,
trv,8,SP,"VIT 37",Nigeria,"",citizenship,,3,,
trv,8,SP,"VIT 37","Peoples Republic of Benin","",citizenship,,1,,
trv,8,SP,"VIT 37","Republic of Ivory Coast","",citizenship,,2,,
trv,8,SP,"VIT 37",Russia,"",citizenship,,3,,
trv,8,SP,"VIT 37","Saudi Arabia","",citizenship,,1,,
trv,8,SP,"VIT 37","United Kingdom and Overseas Territories","",citizenship,,1,,
trv,8,SP,"VIT 37",Venezuela,"",citizenship,,2,,
trv,8,SP-EXT,"","","",application_type,61,104,,
trv,8,SP-EXT,"VIT 34","","",activity_type,61,102,,
trv,8,SP-EXT,"VIT 34",Bangladesh,"",citizenship,1,1,,
trv,8,SP-EXT,"VIT 34","Botswana, Republic of","",citizenship,,1,,
trv,8,SP-EXT,"VIT 34","Democratic Republic of Sudan","",citizenship,1,1,,
trv,8,SP-EXT,"VIT 34",Eritrea,"",citizenship,1,1,,
trv,8,SP-EXT,"VIT 34",Ethiopia,"",citizenship,1,1,,
trv,8,SP-EXT,"VIT 34","Federal Republic of Cameroon","",citizenship,1,1,,
trv,8,SP-EXT,"VIT 34",India,"",citizenship,8,10,,
trv,8,SP-EXT,"VIT 34",Iran,"",citizenship,17,29,,
trv,8,SP-EXT,"VIT 34",Israel,"",citizenship,,1,,
trv,8,SP-EXT,"VIT 34",Jordan,"",citizenship,1,2,,
trv,8,SP-EXT,"VIT 34",Kenya,"",citizenship,1,1,,
trv,8,SP-EXT,"VIT 34","Korea, Republic of","",citizenship,,1,,
trv,8,SP-EXT,"VIT 34",Libya,"",citizenship,1,1,,
trv,8,SP-EXT,"VIT 34",Mexico,"",citizenship,,1,,
trv,8,SP-EXT,"VIT 34",Nigeria,"",citizenship,2,2,,
trv,8,SP-EXT,"VIT 34",Pakistan,"",citizenship,1,1,,
trv,8,SP-EXT,"VIT 34","Palestinian Authority (Gaza/West Bank)","",citizenship,5,18,,
trv,8,SP-EXT,"VIT 34","People's Republic of China","",citizenship,17,23,,
trv,8,SP-EXT,"VIT 34","Saudi Arabia","",citizenship,,1,,
trv,8,SP-EXT,"VIT 34","Togo, Republic of","",citizenship,,1,,
trv,8,SP-EXT,"VIT 34",Tunisia,"",citizenship,,1,,
trv,8,SP-EXT,"VIT 34",Ukraine,"",citizenship,3,3,,
trv,8,SP-EXT,"VIT 35","","",activity_type,,2,,
trv,8,SP-EXT,"VIT 35","Korea, Republic of","",citizenship,,1,,
trv,8,SP-EXT,"VIT 35",Taiwan,"",citizenship,,1,,
trv,8,TRV,"","","",application_type,23728,152303,,
trv,8,TRV,"VIT 34","","",activity_type,22288,139685,,
trv,8,TRV,"VIT 34",Afghanistan,"",citizenship,56,587,,
trv,9,TRV,"VIT 34",Albania,"",citizenship,20,87,,
trv,9,TRV,"VIT 34",Algeria,"",citizenship,98,725,,
trv,9,TRV,"VIT 34",Angola,"",citizenship,3,18,,
trv,9,TRV,"VIT 34","Antigua and Barbuda","",citizenship,1,9,,
trv,9,TRV,"VIT 34",Argentina,"",citizenship,2,9,,
trv,9,TRV,"VIT 34",Armenia,"",citizenship,17,169,,
trv,9,TRV,"VIT 34",Australia,"",citizenship,,1,,
trv,9,TRV,"VIT 34",Azerbaijan,"",citizenship,9,46,,
trv,9,TRV,"VIT 34","Bahama Islands, The","",citizenship,,1,,
trv,9,TRV,"VIT 34",Bahrain,"",citizenship,3,25,,
trv,9,TRV,"VIT 34",Bangladesh,"",citizenship,386,1663,,
trv,10,TRV,"VIT 34",Belarus,"",citizenship,22,170,,
trv,10,TRV,"VIT 34",Belgium,"",citizenship,,3,,
trv,10,TRV,"VIT 34",Belize,"",citizenship,1,3,,
trv,10,TRV,"VIT 34",Bhutan,"",citizenship,1,2,,
trv,10,TRV,"VIT 34",Bolivia,"",citizenship,2,11,,
trv,10,TRV,"VIT 34",Bosnia-Hercegovina,"",citizenship,13,43,,
trv,10,TRV,"VIT 34","Botswana, Republic of","",citizenship,,3,,
trv,10,TRV,"VIT 34",Brazil,"",citizenship,21,157,,
trv,10,TRV,"VIT 34",Brunei,"",citizenship,,1,,
trv,10,TRV,"VIT 34",Bulgaria,"",citizenship,1,1,,
trv,10,TRV,"VIT 34",Burkina-Faso,"",citizenship,15,89,,
trv,10,TRV,"VIT 34",Burundi,"",citizenship,9,32,,
trv,11,TRV,"VIT 34",Cambodia,"",citizenship,13,73,,
trv,11,TRV,"VIT 34","Cape Verde Islands","",citizenship,,10,,
trv,11,TRV,"VIT 34","Central African Republic","",citizenship,2,3,,
trv,11,TRV,"VIT 34","Chad, Republic of","",citizenship,1,11,,
trv,11,TRV,"VIT 34",Chile,"",citizenship,,3,,
trv,11,TRV,"VIT 34",Colombia,"",citizenship,181,692,,
trv,11,TRV,"VIT 34","Congo, Democratic Republic of the","",citizenship,28,156,,
trv,11,TRV,"VIT 34","Congo, People's Republic of the","",citizenship,,13,,
trv,11,TRV,"VIT 34","Costa Rica","",citizenship,4,11,,
trv,11,TRV,"VIT 34",Cuba,"",citizenship,38,223,,
trv,11,TRV,"VIT 34","Democratic Republic of Sudan","",citizenship,14,201,,
trv,12,TRV,"VIT 34",Dominica,"",citizenship,15,144,,
trv,12,TRV,"VIT 34","Dominican Republic","",citizenship,57,171,,
trv,12,TRV,"VIT 34","East Timor, Democratic Republic of","",citizenship,,2,,
trv,12,TRV,"VIT 34",Ecuador,"",citizenship,10,84,,
trv,12,TRV,"VIT 34",Egypt,"",citizenship,101,1301,,
trv,12,TRV,"VIT 34","El Salvador","",citizenship,23,77,,
trv,12,TRV,"VIT 34","Equatorial Guinea","",citizenship,,1,,
trv,12,TRV,"VIT 34",Eritrea,"",citizenship,7,15,,
trv,12,TRV,"VIT 34",Ethiopia,"",citizenship,19,69,,
trv,13,TRV,"VIT 34","Federal Republic of Cameroon","",citizenship,21,123,,
trv,13,TRV,"VIT 34","Federal Republic of Germany","",citizenship,,5,,
trv,13,TRV,"VIT 34",Fiji,"",citizenship,3,9,,
trv,13,TRV,"VIT 34",France,"",citizenship,,1,,
trv,13,TRV,"VIT 34","Gabon Republic","",citizenship,6,34,,
trv,13,TRV,"VIT 34",Gambia,"",citizenship,6,16,,
trv,13,TRV,"VIT 34",Georgia,"",citizenship,9,57,,
trv,13,TRV,"VIT 34",Ghana,"",citizenship,77,334,,
trv,13,TRV,"VIT 34",Grenada,"",citizenship,3,22,,
trv,13,TRV,"VIT 34",Guatemala,"",citizenship,24,71,,
trv,13,TRV,"VIT 34","Guinea, Republic of","",citizenship,11,52,,
trv,14,TRV,"VIT 34",Guinea-Bissau,"",citizenship,,1,,
trv,14,TRV,"VIT 34",Guyana,"",citizenship,4,20,,
trv,14,TRV,"VIT 34",Haiti,"",citizenship,39,216,,
trv,14,TRV,"VIT 34",Honduras,"",citizenship,19,59,,
trv,14,TRV,"VIT 34","Hong Kong SAR","",citizenship,6,12,,
trv,14,TRV,"VIT 34",Hungary,"",citizenship,1,1,,
trv,14,TRV,"VIT 34",Iceland,"",citizenship,,1,,
trv,14,TRV,"VIT 34",India,"",citizenship,2020,6081,,
trv,14,TRV,"VIT 34",Iran,"",citizenship,2033,20902,,
trv,15,TRV,"VIT 34",Iraq,"",citizenship,111,1673,,
trv,15,TRV,"VIT 34",Israel,"",citizenship,17,42,,
trv,15,TRV,"VIT 34",Italy,"",citizenship,1,2,,
trv,15,TRV,"VIT 34",Jamaica,"",citizenship,26,64,,
trv,15,TRV,"VIT 34",Jordan,"",citizenship,49,1199,,
trv,16,TRV,"VIT 34",Kazakhstan,"",citizenship,40,245,,
trv,16,TRV,"VIT 34",Kenya,"",citizenship,14,137,,
trv,16,TRV,"VIT 34","Korea, People's Democratic Republic of","",citizenship,9,32,,
trv,16,TRV,"VIT 34","Korea, Republic of","",citizenship,1,4,,
trv,16,TRV,"VIT 34","Kosovo, Republic of","",citizenship,6,84,,
trv,16,TRV,"VIT 34",Kuwait,"",citizenship,,26,,
trv,16,TRV,"VIT 34",Kyrgyzstan,"",citizenship,7,47,,
trv,16,TRV,"VIT 34",Latvia,"",citizenship,,1,,
trv,16,TRV,"VIT 34",Lebanon,"",citizenship,267,4314,,
trv,17,TRV,"VIT 34",Lesotho,"",citizenship,,1,,
trv,17,TRV,"VIT 34",Liberia,"",citizenship,,5,,
trv,17,TRV,"VIT 34",Libya,"",citizenship,40,846,,
trv,17,TRV,"VIT 34","Macao SAR","",citizenship,5,19,,
trv,17,TRV,"VIT 34",Macedonia,"",citizenship,8,35,,
trv,17,TRV,"VIT 34",Madagascar,"",citizenship,2,28,,
trv,17,TRV,"VIT 34",Malawi,"",citizenship,,9,,
trv,17,TRV,"VIT 34",Malaysia,"",citizenship,3,38,,
trv,17,TRV,"VIT 34","Maldives, Republic of","",citizenship,,1,,
trv,17,TRV,"VIT 34","Mali, Republic of","",citizenship,7,32,,
trv,17,TRV,"VIT 34",Malta,"",citizenship,,1,,
trv,17,TRV,"VIT 34",Mauritania,"",citizenship,1,22,,
trv,17,TRV,"VIT 34",Mauritius,"",citizenship,8,65,,
trv,18,TRV,"VIT 34",Mexico,"",citizenship,127,323,,
trv,18,TRV,"VIT 34",Moldova,"",citizenship,2,32,,
trv,18,TRV,"VIT 34","Mongolia, People's Republic of","",citizenship,3,31,,
trv,18,TRV,"VIT 34","Montenegro, Republic of","",citizenship,2,11,,
trv,18,TRV,"VIT 34",Morocco,"",citizenship,106,691,,
trv,18,TRV,"VIT 34",Mozambique,"",citizenship,,2,,
trv,18,TRV,"VIT 34","Myanmar (Burma)","",citizenship,11,26,,
trv,18,TRV,"VIT 34",Namibia,"",citizenship,,2,,
trv,18,TRV,"VIT 34",Nepal,"",citizenship,67,132,,
trv,18,TRV,"VIT 34",Nicaragua,"",citizenship,4,17,,
trv,18,TRV,"VIT 34",Nigeria,"",citizenship,516,1533,,
trv,19,TRV,"VIT 34",Oman,"",citizenship,1,11,,
trv,19,TRV,"VIT 34",Other,"",citizenship,1,10,,
trv,19,TRV,"VIT 34",Pakistan,"",citizenship,702,6334,,
trv,19,TRV,"VIT 34","Palestinian Authority (Gaza/West Bank)","",citizenship,830,5893,,
trv,19,TRV,"VIT 34","Panama, Republic of","",citizenship,,15,,
trv,20,TRV,"VIT 34",Paraguay,"",citizenship,,2,,
trv,20,TRV,"VIT 34","Peoples Republic of Benin","",citizenship,6,32,,
trv,20,TRV,"VIT 34","People's Republic of China","",citizenship,11581,63254,,
trv,20,TRV,"VIT 34",Peru,"",citizenship,82,276,,
trv,20,TRV,"VIT 34",Philippines,"",citizenship,255,635,,
trv,21,TRV,"VIT 34",Poland,"",citizenship,,1,,
trv,21,TRV,"VIT 34",Portugal,"",citizenship,,1,,
trv,21,TRV,"VIT 34",Qatar,"",citizenship,4,26,,
trv,21,TRV,"VIT 34","Republic of Djibouti","",citizenship,2,20,,
trv,21,TRV,"VIT 34","Republic of Indonesia","",citizenship,17,56,,
trv,21,TRV,"VIT 34","Republic of Ivory Coast","",citizenship,17,75,,
trv,21,TRV,"VIT 34","Republic of South Africa","",citizenship,40,317,,
trv,21,TRV,"VIT 34","Republic of The Marshall Islands","",citizenship,1,1,,
trv,21,TRV,"VIT 34","Republic of the Niger","",citizenship,12,28,,
trv,21,TRV,"VIT 34",Romania,"",citizenship,1,2,,
trv,21,TRV,"VIT 34",Russia,"",citizenship,462,3513,,
trv,22,TRV,"VIT 34",Rwanda,"",citizenship,11,79,,
trv,22,TRV,"VIT 34","Saudi Arabia","",citizenship,105,1089,,
trv,22,TRV,"VIT 34",Senegal,"",citizenship,19,66,,
trv,22,TRV,"VIT 34","Serbia, Republic of","",citizenship,9,88,,
trv,22,TRV,"VIT 34",Seychelles,"",citizenship,,1,,
trv,22,TRV,"VIT 34","Sierra Leone","",citizenship,3,13,,
trv,22,TRV,"VIT 34","Socialist Republic of Vietnam","",citizenship,131,498,,
trv,22,TRV,"VIT 34","Somalia, Democratic Republic of","",citizenship,5,33,,
trv,23,TRV,"VIT 34","South Sudan, Republic Of","",citizenship,1,10,,
trv,23,TRV,"VIT 34","Sri Lanka","",citizenship,38,284,,
trv,23,TRV,"VIT 34","St. Kitts-Nevis","",citizenship,5,64,,
trv,23,TRV,"VIT 34","St. Lucia","",citizenship,1,6,,
trv,23,TRV,"VIT 34","St. Vincent and the Grenadines","",citizenship,,2,,
trv,23,TRV,"VIT 34",Stateless,"",citizenship,14,371,,
trv,23,TRV,"VIT 34",Swaziland,"",citizenship,,3,,
trv,23,TRV,"VIT 34",Syria,"",citizenship,87,1240,,
trv,23,TRV,"VIT 34",Tajikistan,"",citizenship,3,33,,
trv,24,TRV,"VIT 34",Taiwan,"",citizenship,3,34,,
trv,24,TRV,"VIT 34",Thailand,"",citizenship,10,69,,
trv,24,TRV,"VIT 34","The Netherlands","",citizenship,,1,,
trv,24,TRV,"VIT 34","Togo, Republic of","",citizenship,3,13,,
trv,24,TRV,"VIT 34","Trinidad and Tobago, Republic of","",citizenship,8,28,,
trv,24,TRV,"VIT 34",Tunisia,"",citizenship,213,1296,,
trv,24,TRV,"VIT 34",Turkey,"",citizenship,62,376,,
trv,24,TRV,"VIT 34",Turkmenistan,"",citizenship,2,8,,
trv,24,TRV,"VIT 34",Uganda,"",citizenship,13,62,,
trv,24,TRV,"VIT 34",Ukraine,"",citizenship,543,5976,,
trv,25,TRV,"VIT 34","United Arab Emirates","",citizenship,1,7,,
trv,25,TRV,"VIT 34","United Kingdom and Overseas Territories","",citizenship,1,6,,
trv,25,TRV,"VIT 34","United Republic of Tanzania","",citizenship,1,15,,
trv,25,TRV,"VIT 34","United States of America","",citizenship,,3,,
trv,25,TRV,"VIT 34",Unspecified,"",citizenship,1,2,,
trv,25,TRV,"VIT 34",Uruguay,"",citizenship,,6,,
trv,25,TRV,"VIT 34",Uzbekistan,"",citizenship,9,60,,
trv,25,TRV,"VIT 34",Vanuatu,"",citizenship,,6,,
trv,25,TRV,"VIT 34",Venezuela,"",citizenship,9,76,,
trv,25,TRV,"VIT 34","Yemen, Republic of","",citizenship,13,288,,
trv,25,TRV,"VIT 34",Zambia,"",citizenship,5,15,,
trv,26,TRV,"VIT 34",Zimbabwe,"",citizenship,10,52,,
trv,26,TRV,"VIT 35","","",activity_type,1393,12366,,
trv,26,TRV,"VIT 35",Afghanistan,"",citizenship,2,4,,
trv,26,TRV,"VIT 35",Albania,"",citizenship,2,24,,
trv,26,TRV,"VIT 35",Algeria,"",citizenship,,48,,
trv,26,TRV,"VIT 35",Argentina,"",citizenship,4,87,,
trv,26,TRV,"VIT 35",Armenia,"",citizenship,,1,,
trv,26,TRV,"VIT 35",Bangladesh,"",citizenship,10,127,,
trv,26,TRV,"VIT 35",Belarus,"",citizenship,1,1,,
trv,26,TRV,"VIT 35",Bolivia,"",citizenship,1,5,,
trv,26,TRV,"VIT 35",Bosnia-Hercegovina,"",citizenship,37,184,,
trv,26,TRV,"VIT 35",Brazil,"",citizenship,,21,,
trv,26,TRV,"VIT 35",Burkina-Faso,"",citizenship,,10,,
trv,26,TRV,"VIT 35",Burundi,"",citizenship,2,16,,
trv,26,TRV,"VIT 35",Cambodia,"",citizenship,2,2,,
trv,26,TRV,"VIT 35","Central African Republic","",citizenship,,1,,
trv,26,TRV,"VIT 35","Chad, Republic of","",citizenship,,2,,
trv,26,TRV,"VIT 35",Colombia,"",citizenship,,18,,
trv,26,TRV,"VIT 35","Congo, Democratic Republic of the","",citizenship,1,15,,
trv,26,TRV,"VIT 35","Congo, People's Republic of the","",citizenship,,6,,
trv,26,TRV,"VIT 35",Croatia,"",citizenship,,1,,
trv,26,TRV,"VIT 35",Cuba,"",citizenship,,3,,
trv,26,TRV,"VIT 35","Democratic Republic of Sudan","",citizenship,,1,,
trv,26,TRV,"VIT 35","Dominican Republic","",citizenship,,1,,
trv,26,TRV,"VIT 35",Ecuador,"",citizenship,,2,,
trv,26,TRV,"VIT 35",Egypt,"",citizenship,3,24,,
trv,26,TRV,"VIT 35","El Salvador","",citizenship,1,4,,
trv,26,TRV,"VIT 35",Ethiopia,"",citizenship,,5,,
trv,26,TRV,"VIT 35","Federal Republic of Cameroon","",citizenship,3,30,,
trv,27,TRV,"VIT 35","Gabon Republic","",citizenship,,8,,
trv,27,TRV,"VIT 35",Gambia,"",citizenship,,1,,
trv,27,TRV,"VIT 35",Georgia,"",citizenship,1,1,,
trv,27,TRV,"VIT 35",Ghana,"",citizenship,1,44,,
trv,27,TRV,"VIT 35",Guatemala,"",citizenship,1,5,,
trv,27,TRV,"VIT 35","Guinea, Republic of","",citizenship,3,9,,
trv,27,TRV,"VIT 35",Haiti,"",citizenship,,20,,
trv,27,TRV,"VIT 35",Honduras,"",citizenship,,1,,
trv,27,TRV,"VIT 35",Hungary,"",citizenship,,1,,
trv,27,TRV,"VIT 35",Iceland,"",citizenship,1,2,,
trv,27,TRV,"VIT 35",India,"",citizenship,1120,10311,,
trv,27,TRV,"VIT 35",Iran,"",citizenship,1,6,,
trv,27,TRV,"VIT 35",Iraq,"",citizenship,,2,,
trv,27,TRV,"VIT 35",Jamaica,"",citizenship,,7,,
trv,27,TRV,"VIT 35",Jordan,"",citizenship,,2,,
trv,27,TRV,"VIT 35",Kazakhstan,"",citizenship,,2,,
trv,27,TRV,"VIT 35",Kenya,"",citizenship,1,7,,
trv,27,TRV,"VIT 35","Kosovo, Republic of","",citizenship,1,24,,
trv,27,TRV,"VIT 35",Kuwait,"",citizenship,,1,,
trv,27,TRV,"VIT 35",Lebanon,"",citizenship,1,9,,
trv,27,TRV,"VIT 35",Liberia,"",citizenship,,1,,
trv,27,TRV,"VIT 35",Libya,"",citizenship,,22,,
trv,27,TRV,"VIT 35",Macedonia,"",citizenship,3,16,,
trv,27,TRV,"VIT 35",Madagascar,"",citizenship,,2,,
trv,27,TRV,"VIT 35","Mali, Republic of","",citizenship,1,10,,
trv,27,TRV,"VIT 35",Mauritania,"",citizenship,,1,,
trv,27,TRV,"VIT 35",Mexico,"",citizenship,,1,,
trv,27,TRV,"VIT 35","Montenegro, Republic of","",citizenship,3,14,,
trv,27,TRV,"VIT 35",Morocco,"",citizenship,,171,,
trv,27,TRV,"VIT 35",Nepal,"",citizenship,,35,,
trv,28,TRV,"VIT 35",Nigeria,"",citizenship,4,48,,
trv,28,TRV,"VIT 35",Pakistan,"",citizenship,7,40,,
trv,28,TRV,"VIT 35","Palestinian Authority (Gaza/West Bank)","",citizenship,1,1,,
trv,28,TRV,"VIT 35","Peoples Republic of Benin","",citizenship,,1,,
trv,28,TRV,"VIT 35","People's Republic of China","",citizenship,2,34,,
trv,28,TRV,"VIT 35",Peru,"",citizenship,62,222,,
trv,28,TRV,"VIT 35",Philippines,"",citizenship,16,115,,
trv,28,TRV,"VIT 35","Republic of Ivory Coast","",citizenship,1,20,,
trv,28,TRV,"VIT 35","Republic of South Africa","",citizenship,,5,,
trv,28,TRV,"VIT 35","Republic of the Niger","",citizenship,,1,,
trv,28,TRV,"VIT 35",Russia,"",citizenship,2,21,,
trv,28,TRV,"VIT 35",Rwanda,"",citizenship,4,28,,
trv,28,TRV,"VIT 35","Saudi Arabia","",citizenship,,3,,
trv,28,TRV,"VIT 35",Senegal,"",citizenship,,7,,
trv,28,TRV,"VIT 35","Serbia, Republic of","",citizenship,44,186,,
trv,28,TRV,"VIT 35","Sierra Leone","",citizenship,,4,,
trv,28,TRV,"VIT 35","Socialist Republic of Vietnam","",citizenship,1,10,,
trv,28,TRV,"VIT 35","Somalia, Democratic Republic of","",citizenship,,1,,
trv,28,TRV,"VIT 35","South Sudan, Republic Of","",citizenship,,1,,
trv,28,TRV,"VIT 35","Sri Lanka","",citizenship,35,74,,
trv,28,TRV,"VIT 35",Stateless,"",citizenship,,2,,
trv,28,TRV,"VIT 35",Syria,"",citizenship,,9,,
trv,29,TRV,"VIT 35",Thailand,"",citizenship,,1,,
trv,29,TRV,"VIT 35","Togo, Republic of","",citizenship,2,6,,
trv,29,TRV,"VIT 35","Trinidad and Tobago, Republic of","",citizenship,,1,,
trv,29,TRV,"VIT 35",Tunisia,"",citizenship,1,102,,
trv,29,TRV,"VIT 35",Turkey,"",citizenship,1,2,,
trv,29,TRV,"VIT 35",Uganda,"",citizenship,5,13,,
trv,29,TRV,"VIT 35",Ukraine,"",citizenship,1,10,,
trv,29,TRV,"VIT 35","United Republic of Tanzania","",citizenship,,2,,
trv,29,TRV,"VIT 35","United States of America","",citizenship,,1,,
trv,29,TRV,"VIT 35",Uruguay,"",citizenship,,8,,
trv,29,TRV,"VIT 35",Venezuela,"",citizenship,,1,,
trv,29,TRV,"VIT 35","Yemen, Republic of","",citizenship,,3,,
trv,29,TRV,"VIT 35",Zimbabwe,"",citizenship,,4,,
trv,26,TRV,"VIT 35","Missing data","",citizenship,-3,,MISSING_DATA_PLACEHOLDER,"Placeholder reconciling the source's own inconsistency: the printed parent total differs from the sum of its printed detail rows by -3/0 (the document does not foot). Added so the group reconciles."
trv,29,TRV,"VIT 37","","",activity_type,47,252,,
trv,29,TRV,"VIT 37",Afghanistan,"",citizenship,,2,,
trv,29,TRV,"VIT 37",Albania,"",citizenship,4,6,,
trv,29,TRV,"VIT 37",Algeria,"",citizenship,1,1,,
trv,29,TRV,"VIT 37",Armenia,"",citizenship,1,1,,
trv,29,TRV,"VIT 37",Bangladesh,"",citizenship,1,5,,
trv,29,TRV,"VIT 37",Belarus,"",citizenship,1,1,,
trv,29,TRV,"VIT 37",Bosnia-Hercegovina,"",citizenship,1,7,,
trv,29,TRV,"VIT 37",Burkina-Faso,"",citizenship,,2,,
trv,29,TRV,"VIT 37",Cambodia,"",citizenship,1,1,,
trv,29,TRV,"VIT 37",Colombia,"",citizenship,1,5,,
trv,29,TRV,"VIT 37","Congo, Democratic Republic of the","",citizenship,,7,,
trv,29,TRV,"VIT 37","Congo, People's Republic of the","",citizenship,,3,,
trv,29,TRV,"VIT 37","Costa Rica","",citizenship,,1,,
trv,29,TRV,"VIT 37",Cuba,"",citizenship,,1,,
trv,29,TRV,"VIT 37","Democratic Republic of Sudan","",citizenship,,2,,
trv,29,TRV,"VIT 37","Dominican Republic","",citizenship,,4,,
trv,29,TRV,"VIT 37",Egypt,"",citizenship,,1,,
trv,29,TRV,"VIT 37",Ethiopia,"",citizenship,,1,,
trv,29,TRV,"VIT 37","Federal Republic of Cameroon","",citizenship,,2,,
trv,29,TRV,"VIT 37",Georgia,"",citizenship,,1,,
trv,29,TRV,"VIT 37",Ghana,"",citizenship,3,5,,
trv,29,TRV,"VIT 37",Grenada,"",citizenship,,1,,
trv,29,TRV,"VIT 37","Guinea, Republic of","",citizenship,,3,,
trv,29,TRV,"VIT 37",Guyana,"",citizenship,,2,,
trv,29,TRV,"VIT 37",Haiti,"",citizenship,,1,,
trv,29,TRV,"VIT 37",Honduras,"",citizenship,,1,,
trv,29,TRV,"VIT 37",India,"",citizenship,1,16,,
trv,30,TRV,"VIT 37",Iran,"",citizenship,,7,,
trv,30,TRV,"VIT 37",Jamaica,"",citizenship,,3,,
trv,30,TRV,"VIT 37",Kazakhstan,"",citizenship,,2,,
trv,30,TRV,"VIT 37",Kenya,"",citizenship,1,1,,
trv,30,TRV,"VIT 37","Kosovo, Republic of","",citizenship,,6,,
trv,30,TRV,"VIT 37",Lebanon,"",citizenship,2,5,,
trv,30,TRV,"VIT 37",Liberia,"",citizenship,1,1,,
trv,30,TRV,"VIT 37","Macao SAR","",citizenship,,1,,
trv,30,TRV,"VIT 37",Macedonia,"",citizenship,,3,,
trv,30,TRV,"VIT 37","Mali, Republic of","",citizenship,5,6,,
trv,30,TRV,"VIT 37",Mauritania,"",citizenship,,1,,
trv,30,TRV,"VIT 37","Montenegro, Republic of","",citizenship,,4,,
trv,30,TRV,"VIT 37",Nepal,"",citizenship,1,1,,
trv,30,TRV,"VIT 37",Nicaragua,"",citizenship,,1,,
trv,30,TRV,"VIT 37",Nigeria,"",citizenship,4,10,,
trv,30,TRV,"VIT 37",Pakistan,"",citizenship,2,10,,
trv,30,TRV,"VIT 37","Panama, Republic of","",citizenship,,3,,
trv,30,TRV,"VIT 37","Peoples Republic of Benin","",citizenship,1,6,,
trv,30,TRV,"VIT 37","People's Republic of China","",citizenship,2,11,,
trv,30,TRV,"VIT 37",Peru,"",citizenship,2,4,,
trv,30,TRV,"VIT 37",Philippines,"",citizenship,1,7,,
trv,30,TRV,"VIT 37","Republic of Djibouti","",citizenship,,1,,
trv,30,TRV,"VIT 37","Republic of Ivory Coast","",citizenship,1,5,,
trv,30,TRV,"VIT 37","Republic of South Africa","",citizenship,,1,,
trv,30,TRV,"VIT 37","Republic of the Niger","",citizenship,,1,,
trv,30,TRV,"VIT 37",Russia,"",citizenship,2,28,,
trv,30,TRV,"VIT 37",Rwanda,"",citizenship,,1,,
trv,30,TRV,"VIT 37","Serbia, Republic of","",citizenship,,2,,
trv,30,TRV,"VIT 37","Socialist Republic of Vietnam","",citizenship,2,3,,
trv,30,TRV,"VIT 37","Sri Lanka","",citizenship,,3,,
trv,30,TRV,"VIT 37","St. Kitts-Nevis","",citizenship,,3,,
trv,30,TRV,"VIT 37",Stateless,"",citizenship,,1,,
trv,30,TRV,"VIT 37",Taiwan,"",citizenship,,1,,
trv,30,TRV,"VIT 37","Togo, Republic of","",citizenship,,1,,
trv,31,TRV,"VIT 37",Tunisia,"",citizenship,,1,,
trv,31,TRV,"VIT 37",Turkey,"",citizenship,,3,,
trv,31,TRV,"VIT 37",Uganda,"",citizenship,2,2,,
trv,31,TRV,"VIT 37",Ukraine,"",citizenship,1,12,,
trv,31,TRV,"VIT 37","United States of America","",citizenship,1,1,,
trv,31,TRV,"VIT 37",Venezuela,"",citizenship,,5,,
trv,31,TRV,"VIT 37",Zimbabwe,"",citizenship,1,1,,
trv,31,VR-EXT,"","","",application_type,20,97,,
trv,31,VR-EXT,"VIT 34","","",activity_type,20,92,,
trv,31,VR-EXT,"VIT 34",Brazil,"",citizenship,,1,,
trv,31,VR-EXT,"VIT 34","Federal Republic of Cameroon","",citizenship,,1,,
trv,31,VR-EXT,"VIT 34","Hong Kong SAR","",citizenship,,1,,
trv,31,VR-EXT,"VIT 34",Iceland,"",citizenship,,1,,
trv,31,VR-EXT,"VIT 34",India,"",citizenship,,22,,
trv,31,VR-EXT,"VIT 34",Iran,"",citizenship,1,6,,
trv,31,VR-EXT,"VIT 34",Israel,"",citizenship,,6,,
trv,31,VR-EXT,"VIT 34",Jordan,"",citizenship,2,2,,
trv,31,VR-EXT,"VIT 34",Mexico,"",citizenship,,7,,
trv,31,VR-EXT,"VIT 34",Pakistan,"",citizenship,,1,,
trv,31,VR-EXT,"VIT 34","Palestinian Authority (Gaza/West Bank)","",citizenship,7,11,,
trv,31,VR-EXT,"VIT 34","People's Republic of China","",citizenship,4,17,,
trv,31,VR-EXT,"VIT 34",Philippines,"",citizenship,4,7,,
trv,31,VR-EXT,"VIT 34",Russia,"",citizenship,1,3,,
trv,31,VR-EXT,"VIT 34","Socialist Republic of Vietnam","",citizenship,,2,,
trv,31,VR-EXT,"VIT 34",Sweden,"",citizenship,,1,,
trv,31,VR-EXT,"VIT 34",Syria,"",citizenship,,1,,
trv,31,VR-EXT,"VIT 34","The Netherlands","",citizenship,1,1,,
trv,31,VR-EXT,"VIT 34","United Kingdom and Overseas Territories","",citizenship,,1,,
trv,31,VR-EXT,"VIT 35","","",activity_type,,4,,
trv,31,VR-EXT,"VIT 35",India,"",citizenship,,4,,
trv,31,VR-EXT,"VIT 37","","",activity_type,,1,,
trv,31,VR-EXT,"VIT 37",Mexico,"",citizenship,,1,,
trv,31,WP,"","","",application_type,1590,24056,,
trv,31,WP,"VIT 34","","",activity_type,1565,23821,,
trv,31,WP,"VIT 34",Afghanistan,"",citizenship,2,44,,
trv,31,WP,"VIT 34",Albania,"",citizenship,2,9,,
trv,31,WP,"VIT 34",Algeria,"",citizenship,10,99,,
trv,31,WP,"VIT 34",Angola,"",citizenship,,2,,
trv,31,WP,"VIT 34",Argentina,"",citizenship,,11,,
trv,31,WP,"VIT 34",Armenia,"",citizenship,,18,,
trv,32,WP,"VIT 34",Australia,"",citizenship,2,16,,
trv,32,WP,"VIT 34",Austria,"",citizenship,,2,,
trv,32,WP,"VIT 34",Azerbaijan,"",citizenship,,25,,
trv,32,WP,"VIT 34",Bahrain,"",citizenship,,2,,
trv,32,WP,"VIT 34",Bangladesh,"",citizenship,,35,,
trv,32,WP,"VIT 34",Belarus,"",citizenship,,31,,
trv,32,WP,"VIT 34",Belgium,"",citizenship,,1,,
trv,32,WP,"VIT 34",Belize,"",citizenship,1,2,,
trv,32,WP,"VIT 34",Bolivia,"",citizenship,,1,,
trv,32,WP,"VIT 34",Bosnia-Hercegovina,"",citizenship,,1,,
trv,32,WP,"VIT 34","Botswana, Republic of","",citizenship,,5,,
trv,32,WP,"VIT 34",Brazil,"",citizenship,3,75,,
trv,32,WP,"VIT 34",Bulgaria,"",citizenship,,1,,
trv,32,WP,"VIT 34",Burkina-Faso,"",citizenship,,2,,
trv,32,WP,"VIT 34",Cambodia,"",citizenship,,2,,
trv,32,WP,"VIT 34",Chile,"",citizenship,,1,,
trv,32,WP,"VIT 34",Colombia,"",citizenship,12,93,,
trv,32,WP,"VIT 34","Congo, Democratic Republic of the","",citizenship,,1,,
trv,32,WP,"VIT 34","Congo, People's Republic of the","",citizenship,,2,,
trv,32,WP,"VIT 34","Costa Rica","",citizenship,,3,,
trv,32,WP,"VIT 34",Croatia,"",citizenship,,1,,
trv,32,WP,"VIT 34",Cuba,"",citizenship,2,24,,
trv,32,WP,"VIT 34",Cyprus,"",citizenship,,3,,
trv,32,WP,"VIT 34","Democratic Republic of Sudan","",citizenship,2,19,,
trv,32,WP,"VIT 34",Denmark,"",citizenship,,1,,
trv,32,WP,"VIT 34",Dominica,"",citizenship,2,2,,
trv,32,WP,"VIT 34","Dominican Republic","",citizenship,,2,,
trv,32,WP,"VIT 34",Ecuador,"",citizenship,,6,,
trv,33,WP,"VIT 34",Egypt,"",citizenship,6,176,,
trv,33,WP,"VIT 34","El Salvador","",citizenship,3,7,,
trv,33,WP,"VIT 34",Ethiopia,"",citizenship,1,6,,
trv,33,WP,"VIT 34","Federal Republic of Cameroon","",citizenship,3,19,,
trv,33,WP,"VIT 34","Federal Republic of Germany","",citizenship,,6,,
trv,33,WP,"VIT 34",Fiji,"",citizenship,,1,,
trv,33,WP,"VIT 34",Finland,"",citizenship,,1,,
trv,33,WP,"VIT 34",France,"",citizenship,2,23,,
trv,33,WP,"VIT 34",Georgia,"",citizenship,,22,,
trv,33,WP,"VIT 34",Ghana,"",citizenship,3,20,,
trv,33,WP,"VIT 34",Greece,"",citizenship,1,2,,
trv,33,WP,"VIT 34",Grenada,"",citizenship,,1,,
trv,33,WP,"VIT 34",Guatemala,"",citizenship,17,218,,
trv,33,WP,"VIT 34",Haiti,"",citizenship,2,15,,
trv,33,WP,"VIT 34",Honduras,"",citizenship,2,20,,
trv,33,WP,"VIT 34","Hong Kong SAR","",citizenship,29,229,,
trv,33,WP,"VIT 34",Hungary,"",citizenship,,2,,
trv,33,WP,"VIT 34",India,"",citizenship,22,288,,
trv,33,WP,"VIT 34",Iran,"",citizenship,507,4056,,
trv,34,WP,"VIT 34",Iraq,"",citizenship,3,103,,
trv,34,WP,"VIT 34",Israel,"",citizenship,,45,,
trv,34,WP,"VIT 34",Italy,"",citizenship,1,5,,
trv,34,WP,"VIT 34",Jamaica,"",citizenship,,2,,
trv,34,WP,"VIT 34",Japan,"",citizenship,1,1,,
trv,34,WP,"VIT 34",Jordan,"",citizenship,5,189,,
trv,34,WP,"VIT 34",Kazakhstan,"",citizenship,,10,,
trv,34,WP,"VIT 34",Kenya,"",citizenship,5,9,,
trv,34,WP,"VIT 34","Korea, Republic of","",citizenship,2,13,,
trv,34,WP,"VIT 34","Kosovo, Republic of","",citizenship,,2,,
trv,34,WP,"VIT 34",Kuwait,"",citizenship,,6,,
trv,34,WP,"VIT 34",Kyrgyzstan,"",citizenship,,4,,
trv,34,WP,"VIT 34",Lebanon,"",citizenship,2,264,,
trv,35,WP,"VIT 34",Liberia,"",citizenship,1,1,,
trv,35,WP,"VIT 34",Libya,"",citizenship,1,97,,
trv,35,WP,"VIT 34",Madagascar,"",citizenship,4,15,,
trv,35,WP,"VIT 34",Malawi,"",citizenship,,1,,
trv,35,WP,"VIT 34",Malaysia,"",citizenship,,5,,
trv,35,WP,"VIT 34",Mauritius,"",citizenship,3,35,,
trv,35,WP,"VIT 34",Mexico,"",citizenship,13,209,,
trv,35,WP,"VIT 34",Moldova,"",citizenship,,9,,
trv,35,WP,"VIT 34","Mongolia, People's Republic of","",citizenship,,3,,
trv,35,WP,"VIT 34","Montenegro, Republic of","",citizenship,,1,,
trv,35,WP,"VIT 34",Morocco,"",citizenship,12,237,,
trv,35,WP,"VIT 34",Mozambique,"",citizenship,,1,,
trv,35,WP,"VIT 34",Nepal,"",citizenship,1,8,,
trv,35,WP,"VIT 34","New Zealand","",citizenship,,3,,
trv,35,WP,"VIT 34",Nicaragua,"",citizenship,,2,,
trv,35,WP,"VIT 34",Nigeria,"",citizenship,7,104,,
trv,35,WP,"VIT 34",Oman,"",citizenship,,1,,
trv,35,WP,"VIT 34",Other,"",citizenship,,1,,
trv,35,WP,"VIT 34",Pakistan,"",citizenship,28,452,,
trv,35,WP,"VIT 34","Palestinian Authority (Gaza/West Bank)","",citizenship,17,98,,
trv,36,WP,"VIT 34",Paraguay,"",citizenship,,1,,
trv,36,WP,"VIT 34","Peoples Republic of Benin","",citizenship,,1,,
trv,36,WP,"VIT 34","People's Republic of China","",citizenship,711,6237,,
trv,36,WP,"VIT 34",Peru,"",citizenship,1,9,,
trv,36,WP,"VIT 34",Philippines,"",citizenship,11,44,,
trv,36,WP,"VIT 34",Poland,"",citizenship,1,2,,
trv,36,WP,"VIT 34","Republic of Ireland","",citizenship,,3,,
trv,36,WP,"VIT 34","Republic of Ivory Coast","",citizenship,2,13,,
trv,36,WP,"VIT 34","Republic of South Africa","",citizenship,6,90,,
trv,36,WP,"VIT 34","Republic of the Niger","",citizenship,,3,,
trv,36,WP,"VIT 34",Romania,"",citizenship,,1,,
trv,36,WP,"VIT 34",Russia,"",citizenship,35,712,,
trv,36,WP,"VIT 34",Rwanda,"",citizenship,,4,,
trv,36,WP,"VIT 34","Saudi Arabia","",citizenship,2,72,,
trv,37,WP,"VIT 34",Senegal,"",citizenship,1,4,,
trv,37,WP,"VIT 34","Serbia, Republic of","",citizenship,,14,,
trv,37,WP,"VIT 34","Sierra Leone","",citizenship,,2,,
trv,37,WP,"VIT 34",Singapore,"",citizenship,,1,,
trv,37,WP,"VIT 34","Socialist Republic of Vietnam","",citizenship,4,19,,
trv,37,WP,"VIT 34",Spain,"",citizenship,,1,,
trv,37,WP,"VIT 34","Sri Lanka","",citizenship,3,20,,
trv,37,WP,"VIT 34","St. Kitts-Nevis","",citizenship,1,5,,
trv,37,WP,"VIT 34","St. Vincent and the Grenadines","",citizenship,,1,,
trv,37,WP,"VIT 34",Stateless,"",citizenship,1,14,,
trv,37,WP,"VIT 34",Sweden,"",citizenship,,7,,
trv,37,WP,"VIT 34",Switzerland,"",citizenship,,1,,
trv,37,WP,"VIT 34",Syria,"",citizenship,6,155,,
trv,37,WP,"VIT 34",Tajikistan,"",citizenship,,3,,
trv,37,WP,"VIT 34",Taiwan,"",citizenship,,4,,
trv,37,WP,"VIT 34",Thailand,"",citizenship,,1,,
trv,37,WP,"VIT 34","The Netherlands","",citizenship,,2,,
trv,37,WP,"VIT 34","Togo, Republic of","",citizenship,,3,,
trv,37,WP,"VIT 34","Trinidad and Tobago, Republic of","",citizenship,,1,,
trv,37,WP,"VIT 34",Tunisia,"",citizenship,20,3199,,
trv,37,WP,"VIT 34",Turkey,"",citizenship,2,60,,
trv,37,WP,"VIT 34",Uganda,"",citizenship,,4,,
trv,37,WP,"VIT 34",Ukraine,"",citizenship,4,5416,,
trv,38,WP,"VIT 34","United Kingdom and Overseas Territories","",citizenship,1,34,,
trv,38,WP,"VIT 34","United States of America","",citizenship,1,7,,
trv,38,WP,"VIT 34",Uzbekistan,"",citizenship,,7,,
trv,38,WP,"VIT 34",Vanuatu,"",citizenship,,1,,
trv,38,WP,"VIT 34",Venezuela,"",citizenship,1,8,,
trv,38,WP,"VIT 34","Yemen, Republic of","",citizenship,5,32,,
trv,38,WP,"VIT 34",Zambia,"",citizenship,3,4,,
trv,38,WP,"VIT 34",Zimbabwe,"",citizenship,1,9,,
trv,38,WP,"VIT 35","","",activity_type,12,186,,
trv,38,WP,"VIT 35",Albania,"",citizenship,,3,,
trv,38,WP,"VIT 35",Belarus,"",citizenship,,1,,
trv,38,WP,"VIT 35",Bosnia-Hercegovina,"",citizenship,1,16,,
trv,38,WP,"VIT 35",Bulgaria,"",citizenship,,1,,
trv,38,WP,"VIT 35",Colombia,"",citizenship,,4,,
trv,38,WP,"VIT 35","Congo, Democratic Republic of the","",citizenship,,1,,
trv,38,WP,"VIT 35","Costa Rica","",citizenship,,1,,
trv,38,WP,"VIT 35",Croatia,"",citizenship,,1,,
trv,38,WP,"VIT 35","Democratic Republic of Sudan","",citizenship,,1,,
trv,38,WP,"VIT 35",Egypt,"",citizenship,,1,,
trv,38,WP,"VIT 35","Federal Republic of Cameroon","",citizenship,,1,,
trv,38,WP,"VIT 35",Ghana,"",citizenship,,2,,
trv,38,WP,"VIT 35","Hong Kong SAR","",citizenship,,1,,
trv,38,WP,"VIT 35",Hungary,"",citizenship,,1,,
trv,38,WP,"VIT 35",India,"",citizenship,5,30,,
trv,38,WP,"VIT 35",Iran,"",citizenship,,22,,
trv,38,WP,"VIT 35",Jamaica,"",citizenship,,1,,
trv,38,WP,"VIT 35",Macedonia,"",citizenship,,1,,
trv,38,WP,"VIT 35","Montenegro, Republic of","",citizenship,,1,,
trv,38,WP,"VIT 35",Morocco,"",citizenship,,2,,
trv,39,WP,"VIT 35",Nigeria,"",citizenship,,2,,
trv,39,WP,"VIT 35",Pakistan,"",citizenship,,1,,
trv,39,WP,"VIT 35","Peoples Republic of Benin","",citizenship,,1,,
trv,39,WP,"VIT 35","Republic of Ivory Coast","",citizenship,,1,,
trv,39,WP,"VIT 35","Republic of South Africa","",citizenship,,1,,
trv,39,WP,"VIT 35",Russia,"",citizenship,1,2,,
trv,39,WP,"VIT 35",Rwanda,"",citizenship,,1,,
trv,39,WP,"VIT 35","Serbia, Republic of","",citizenship,4,60,,
trv,39,WP,"VIT 35","Socialist Republic of Vietnam","",citizenship,,1,,
trv,39,WP,"VIT 35",Tunisia,"",citizenship,,21,,
trv,39,WP,"VIT 35",Ukraine,"",citizenship,,2,,
trv,39,WP,"VIT 35",Venezuela,"",citizenship,1,1,,
trv,39,WP,"VIT 37","","",activity_type,13,49,,
trv,39,WP,"VIT 37",Albania,"",citizenship,,1,,
trv,39,WP,"VIT 37",Australia,"",citizenship,,1,,
trv,39,WP,"VIT 37","Czech Republic","",citizenship,,1,,
trv,39,WP,"VIT 37",Egypt,"",citizenship,,1,,
trv,39,WP,"VIT 37",France,"",citizenship,,1,,
trv,39,WP,"VIT 37","Hong Kong SAR","",citizenship,,1,,
trv,39,WP,"VIT 37",India,"",citizenship,,1,,
trv,39,WP,"VIT 37",Iran,"",citizenship,,11,,
trv,39,WP,"VIT 37","Kosovo, Republic of","",citizenship,,2,,
trv,39,WP,"VIT 37",Mexico,"",citizenship,1,2,,
trv,39,WP,"VIT 37",Nigeria,"",citizenship,,2,,
trv,39,WP,"VIT 37","People's Republic of China","",citizenship,,1,,
trv,39,WP,"VIT 37","Republic of Ireland","",citizenship,7,8,,
trv,39,WP,"VIT 37",Russia,"",citizenship,3,8,,
trv,39,WP,"VIT 37","Serbia, Republic of","",citizenship,,1,,
trv,39,WP,"VIT 37",Taiwan,"",citizenship,,1,,
trv,39,WP,"VIT 37",Tunisia,"",citizenship,,1,,
trv,39,WP,"VIT 37",Ukraine,"",citizenship,1,4,,
trv,39,WP,"VIT 37","United Kingdom and Overseas Territories","",citizenship,1,1,,
trv,39,WP-EXT,"","","",application_type,327,645,,
trv,39,WP-EXT,"VIT 34","","",activity_type,321,638,,
trv,39,WP-EXT,"VIT 34",Afghanistan,"",citizenship,6,6,,
trv,39,WP-EXT,"VIT 34",Armenia,"",citizenship,,1,,
trv,39,WP-EXT,"VIT 34",Bangladesh,"",citizenship,1,4,,
trv,39,WP-EXT,"VIT 34",Brazil,"",citizenship,2,5,,
trv,39,WP-EXT,"VIT 34",Cambodia,"",citizenship,,1,,
trv,39,WP-EXT,"VIT 34",Colombia,"",citizenship,,3,,
trv,39,WP-EXT,"VIT 34",Egypt,"",citizenship,1,3,,
trv,39,WP-EXT,"VIT 34",Eritrea,"",citizenship,1,1,,
trv,39,WP-EXT,"VIT 34","Federal Republic of Cameroon","",citizenship,5,6,,
trv,39,WP-EXT,"VIT 34","Federal Republic of Germany","",citizenship,,2,,
trv,39,WP-EXT,"VIT 34",France,"",citizenship,,2,,
trv,39,WP-EXT,"VIT 34",Georgia,"",citizenship,,1,,
trv,39,WP-EXT,"VIT 34",Greece,"",citizenship,,1,,
trv,39,WP-EXT,"VIT 34",Honduras,"",citizenship,,1,,
trv,40,WP-EXT,"VIT 34",India,"",citizenship,12,35,,
trv,40,WP-EXT,"VIT 34",Iran,"",citizenship,111,237,,
trv,40,WP-EXT,"VIT 34",Israel,"",citizenship,26,71,,
trv,40,WP-EXT,"VIT 34",Italy,"",citizenship,,1,,
trv,40,WP-EXT,"VIT 34",Jamaica,"",citizenship,,1,,
trv,40,WP-EXT,"VIT 34",Jordan,"",citizenship,2,4,,
trv,40,WP-EXT,"VIT 34",Kenya,"",citizenship,,1,,
trv,40,WP-EXT,"VIT 34","Korea, Republic of","",citizenship,,1,,
trv,40,WP-EXT,"VIT 34",Kuwait,"",citizenship,,2,,
trv,40,WP-EXT,"VIT 34",Lebanon,"",citizenship,8,10,,
trv,40,WP-EXT,"VIT 34",Mexico,"",citizenship,,2,,
trv,40,WP-EXT,"VIT 34",Morocco,"",citizenship,,2,,
trv,40,WP-EXT,"VIT 34",Nigeria,"",citizenship,,3,,
trv,40,WP-EXT,"VIT 34",Pakistan,"",citizenship,5,8,,
trv,40,WP-EXT,"VIT 34","Palestinian Authority (Gaza/West Bank)","",citizenship,46,70,,
trv,40,WP-EXT,"VIT 34","People's Republic of China","",citizenship,25,53,,
trv,40,WP-EXT,"VIT 34",Peru,"",citizenship,,1,,
trv,40,WP-EXT,"VIT 34",Philippines,"",citizenship,3,3,,
trv,40,WP-EXT,"VIT 34",Poland,"",citizenship,1,1,,
trv,40,WP-EXT,"VIT 34",Russia,"",citizenship,4,9,,
trv,40,WP-EXT,"VIT 34","Serbia, Republic of","",citizenship,,1,,
trv,40,WP-EXT,"VIT 34","Sri Lanka","",citizenship,1,1,,
trv,40,WP-EXT,"VIT 34",Syria,"",citizenship,3,4,,
trv,40,WP-EXT,"VIT 34","The Netherlands","",citizenship,1,1,,
trv,40,WP-EXT,"VIT 34",Tunisia,"",citizenship,1,2,,
trv,40,WP-EXT,"VIT 34",Turkey,"",citizenship,,3,,
trv,40,WP-EXT,"VIT 34",Ukraine,"",citizenship,52,70,,
trv,40,WP-EXT,"VIT 34","United Kingdom and Overseas Territories","",citizenship,3,3,,
trv,40,WP-EXT,"VIT 34","United States of America","",citizenship,1,1,,
trv,40,WP-EXT,"VIT 35","","",activity_type,4,4,,
trv,40,WP-EXT,"VIT 35",Colombia,"",citizenship,2,2,,
trv,40,WP-EXT,"VIT 35",Haiti,"",citizenship,1,1,,
trv,40,WP-EXT,"VIT 35",India,"",citizenship,1,1,,
trv,40,WP-EXT,"VIT 37","","",activity_type,2,3,,
trv,40,WP-EXT,"VIT 37",Ghana,"",citizenship,1,1,,
trv,40,WP-EXT,"VIT 37",India,"",citizenship,,1,,
trv,40,WP-EXT,"VIT 37",Mexico,"",citizenship,1,1,,
trv,40,"Grand Total","","","",report_total,27527,195224,,
pr,41,Economic,"","","",immigration_category,8043,54714,,
pr,41,Economic,"HIRV Screening","","",activity_type,2,40,,
pr,41,Economic,"HIRV Screening",Algeria,"",citizenship,,3,,
pr,41,Economic,"HIRV Screening",Bangladesh,"",citizenship,,1,,
pr,41,Economic,"HIRV Screening","Congo, Democratic Republic of the","",citizenship,,1,,
pr,41,Economic,"HIRV Screening",Cuba,"",citizenship,,1,,
pr,41,Economic,"HIRV Screening",Egypt,"",citizenship,,1,,
pr,41,Economic,"HIRV Screening",Haiti,"",citizenship,,1,,
pr,41,Economic,"HIRV Screening",India,"",citizenship,1,3,,
pr,41,Economic,"HIRV Screening",Iran,"",citizenship,,2,,
pr,41,Economic,"HIRV Screening",Iraq,"",citizenship,,2,,
pr,41,Economic,"HIRV Screening",Jamaica,"",citizenship,,2,,
pr,41,Economic,"HIRV Screening","Korea, Republic of","",citizenship,,2,,
pr,41,Economic,"HIRV Screening",Nigeria,"",citizenship,,3,,
pr,41,Economic,"HIRV Screening",Pakistan,"",citizenship,,1,,
pr,41,Economic,"HIRV Screening","People's Republic of China","",citizenship,,3,,
pr,41,Economic,"HIRV Screening",Philippines,"",citizenship,1,6,,
pr,41,Economic,"HIRV Screening",Poland,"",citizenship,,1,,
pr,41,Economic,"HIRV Screening",Rwanda,"",citizenship,,3,,
pr,41,Economic,"HIRV Screening","Serbia, Republic of","",citizenship,,2,,
pr,41,Economic,"HIRV Screening",Tunisia,"",citizenship,,1,,
pr,41,Economic,"HIRV Screening",Venezuela,"",citizenship,,1,,
pr,41,Economic,"Org Crime Screening","","",activity_type,9,93,,
pr,41,Economic,"Org Crime Screening",Albania,"",citizenship,,2,,
pr,41,Economic,"Org Crime Screening",Bangladesh,"",citizenship,,2,,
pr,41,Economic,"Org Crime Screening",Brazil,"",citizenship,,6,,
pr,41,Economic,"Org Crime Screening",Burkina-Faso,"",citizenship,1,1,,
pr,41,Economic,"Org Crime Screening",Colombia,"",citizenship,,3,,
pr,41,Economic,"Org Crime Screening","El Salvador","",citizenship,,2,,
pr,41,Economic,"Org Crime Screening","Federal Republic of Cameroon","",citizenship,1,3,,
pr,41,Economic,"Org Crime Screening",France,"",citizenship,,4,,
pr,41,Economic,"Org Crime Screening",Haiti,"",citizenship,,1,,
pr,41,Economic,"Org Crime Screening",Hungary,"",citizenship,,1,,
pr,41,Economic,"Org Crime Screening",India,"",citizenship,,4,,
pr,41,Economic,"Org Crime Screening",Iran,"",citizenship,,6,,
pr,41,Economic,"Org Crime Screening",Italy,"",citizenship,,2,,
pr,41,Economic,"Org Crime Screening",Jamaica,"",citizenship,,2,,
pr,41,Economic,"Org Crime Screening",Libya,"",citizenship,,1,,
pr,41,Economic,"Org Crime Screening",Mexico,"",citizenship,,8,,
pr,41,Economic,"Org Crime Screening",Moldova,"",citizenship,,1,,
pr,41,Economic,"Org Crime Screening",Morocco,"",citizenship,,1,,
pr,41,Economic,"Org Crime Screening",Nigeria,"",citizenship,1,5,,
pr,41,Economic,"Org Crime Screening",Pakistan,"",citizenship,,1,,
pr,41,Economic,"Org Crime Screening","Peoples Republic of Benin","",citizenship,4,12,,
pr,41,Economic,"Org Crime Screening","People's Republic of China","",citizenship,,7,,
pr,41,Economic,"Org Crime Screening",Philippines,"",citizenship,,1,,
pr,41,Economic,"Org Crime Screening","Republic of Ivory Coast","",citizenship,2,6,,
pr,41,Economic,"Org Crime Screening","Republic of the Niger","",citizenship,,1,,
pr,41,Economic,"Org Crime Screening",Romania,"",citizenship,,1,,
pr,41,Economic,"Org Crime Screening",Russia,"",citizenship,,3,,
pr,41,Economic,"Org Crime Screening","Sri Lanka","",citizenship,,1,,
pr,41,Economic,"Org Crime Screening","St. Kitts-Nevis","",citizenship,,2,,
pr,41,Economic,"Org Crime Screening",Ukraine,"",citizenship,,2,,
pr,41,Economic,"Org Crime Screening","United Republic of Tanzania","",citizenship,,1,,
pr,41,Economic,"Security Screening","","",activity_type,8032,54581,,
pr,41,Economic,"Security Screening",Afghanistan,"",citizenship,5,39,,
pr,42,Economic,"Security Screening",Albania,"",citizenship,13,77,,
pr,42,Economic,"Security Screening",Algeria,"",citizenship,187,793,,
pr,42,Economic,"Security Screening",Angola,"",citizenship,,3,,
pr,42,Economic,"Security Screening","Antigua and Barbuda","",citizenship,,3,,
pr,42,Economic,"Security Screening",Argentina,"",citizenship,2,24,,
pr,42,Economic,"Security Screening",Armenia,"",citizenship,7,56,,
pr,42,Economic,"Security Screening",Australia,"",citizenship,6,46,,
pr,42,Economic,"Security Screening",Austria,"",citizenship,,8,,
pr,42,Economic,"Security Screening",Azerbaijan,"",citizenship,13,71,,
pr,42,Economic,"Security Screening","Bahama Islands, The","",citizenship,1,9,,
pr,42,Economic,"Security Screening",Bahrain,"",citizenship,,7,,
pr,42,Economic,"Security Screening",Bangladesh,"",citizenship,69,582,,
pr,42,Economic,"Security Screening",Barbados,"",citizenship,,4,,
pr,42,Economic,"Security Screening",Belarus,"",citizenship,13,94,,
pr,43,Economic,"Security Screening",Belgium,"",citizenship,3,23,,
pr,43,Economic,"Security Screening",Belize,"",citizenship,1,4,,
pr,43,Economic,"Security Screening",Bhutan,"",citizenship,1,5,,
pr,43,Economic,"Security Screening",Bolivia,"",citizenship,3,7,,
pr,43,Economic,"Security Screening",Bosnia-Hercegovina,"",citizenship,,23,,
pr,43,Economic,"Security Screening","Botswana, Republic of","",citizenship,,2,,
pr,43,Economic,"Security Screening",Brazil,"",citizenship,96,638,,
pr,43,Economic,"Security Screening",Bulgaria,"",citizenship,,5,,
pr,43,Economic,"Security Screening",Burkina-Faso,"",citizenship,8,28,,
pr,43,Economic,"Security Screening",Burundi,"",citizenship,7,25,,
pr,43,Economic,"Security Screening",Cambodia,"",citizenship,,3,,
pr,43,Economic,"Security Screening","Central African Republic","",citizenship,1,2,,
pr,43,Economic,"Security Screening","Chad, Republic of","",citizenship,1,4,,
pr,43,Economic,"Security Screening",Chile,"",citizenship,4,37,,
pr,43,Economic,"Security Screening",Colombia,"",citizenship,102,423,,
pr,43,Economic,"Security Screening",Comoros,"",citizenship,,3,,
pr,43,Economic,"Security Screening","Congo, Democratic Republic of the","",citizenship,9,40,,
pr,43,Economic,"Security Screening","Congo, People's Republic of the","",citizenship,3,7,,
pr,43,Economic,"Security Screening","Costa Rica","",citizenship,1,7,,
pr,43,Economic,"Security Screening",Croatia,"",citizenship,1,32,,
pr,44,Economic,"Security Screening",Cuba,"",citizenship,9,33,,
pr,44,Economic,"Security Screening",Cyprus,"",citizenship,,1,,
pr,44,Economic,"Security Screening","Czech Republic","",citizenship,2,13,,
pr,44,Economic,"Security Screening","Democratic Republic of Sudan","",citizenship,8,52,,
pr,44,Economic,"Security Screening",Denmark,"",citizenship,,2,,
pr,44,Economic,"Security Screening",Dominica,"",citizenship,,8,,
pr,44,Economic,"Security Screening","Dominican Republic","",citizenship,6,28,,
pr,44,Economic,"Security Screening",Ecuador,"",citizenship,5,36,,
pr,44,Economic,"Security Screening",Egypt,"",citizenship,83,583,,
pr,44,Economic,"Security Screening","El Salvador","",citizenship,4,15,,
pr,44,Economic,"Security Screening",Eritrea,"",citizenship,,2,,
pr,44,Economic,"Security Screening",Ethiopia,"",citizenship,2,11,,
pr,44,Economic,"Security Screening","Federal Republic of Cameroon","",citizenship,143,317,,
pr,44,Economic,"Security Screening","Federal Republic of Germany","",citizenship,8,59,,
pr,45,Economic,"Security Screening",Fiji,"",citizenship,,2,,
pr,45,Economic,"Security Screening",Finland,"",citizenship,,8,,
pr,45,Economic,"Security Screening",France,"",citizenship,70,224,,
pr,45,Economic,"Security Screening","Gabon Republic","",citizenship,,2,,
pr,45,Economic,"Security Screening",Gambia,"",citizenship,,2,,
pr,45,Economic,"Security Screening",Georgia,"",citizenship,1,12,,
pr,45,Economic,"Security Screening",Ghana,"",citizenship,20,74,,
pr,45,Economic,"Security Screening",Greece,"",citizenship,3,16,,
pr,45,Economic,"Security Screening",Grenada,"",citizenship,1,4,,
pr,45,Economic,"Security Screening",Guatemala,"",citizenship,1,7,,
pr,45,Economic,"Security Screening","Guinea, Republic of","",citizenship,8,20,,
pr,45,Economic,"Security Screening",Guyana,"",citizenship,,9,,
pr,45,Economic,"Security Screening",Haiti,"",citizenship,38,79,,
pr,45,Economic,"Security Screening",Honduras,"",citizenship,,13,,
pr,45,Economic,"Security Screening","Hong Kong SAR","",citizenship,8,231,,
pr,45,Economic,"Security Screening",Hungary,"",citizenship,3,15,,
pr,45,Economic,"Security Screening",India,"",citizenship,667,4764,,
pr,46,Economic,"Security Screening",Iran,"",citizenship,1920,12956,,
pr,46,Economic,"Security Screening",Iraq,"",citizenship,24,171,,
pr,46,Economic,"Security Screening",Israel,"",citizenship,129,503,,
pr,46,Economic,"Security Screening",Italy,"",citizenship,5,70,,
pr,46,Economic,"Security Screening",Jamaica,"",citizenship,22,210,,
pr,46,Economic,"Security Screening",Japan,"",citizenship,2,29,,
pr,46,Economic,"Security Screening",Jordan,"",citizenship,15,213,,
pr,46,Economic,"Security Screening",Kazakhstan,"",citizenship,24,127,,
pr,47,Economic,"Security Screening",Kenya,"",citizenship,12,59,,
pr,47,Economic,"Security Screening","Korea, Republic of","",citizenship,68,538,,
pr,47,Economic,"Security Screening","Kosovo, Republic of","",citizenship,,13,,
pr,47,Economic,"Security Screening",Kuwait,"",citizenship,,5,,
pr,47,Economic,"Security Screening",Kyrgyzstan,"",citizenship,3,37,,
pr,47,Economic,"Security Screening",Latvia,"",citizenship,,5,,
pr,47,Economic,"Security Screening",Lebanon,"",citizenship,148,1134,,
pr,47,Economic,"Security Screening",Libya,"",citizenship,13,238,,
pr,47,Economic,"Security Screening",Lithuania,"",citizenship,,4,,
pr,47,Economic,"Security Screening","Macao SAR","",citizenship,,6,,
pr,47,Economic,"Security Screening",Macedonia,"",citizenship,1,9,,
pr,47,Economic,"Security Screening",Madagascar,"",citizenship,5,21,,
pr,47,Economic,"Security Screening",Malaysia,"",citizenship,3,17,,
pr,47,Economic,"Security Screening","Mali, Republic of","",citizenship,2,24,,
pr,48,Economic,"Security Screening",Malta,"",citizenship,,2,,
pr,48,Economic,"Security Screening",Mauritania,"",citizenship,3,8,,
pr,48,Economic,"Security Screening",Mauritius,"",citizenship,18,70,,
pr,48,Economic,"Security Screening",Mexico,"",citizenship,114,442,,
pr,48,Economic,"Security Screening",Moldova,"",citizenship,2,31,,
pr,48,Economic,"Security Screening","Mongolia, People's Republic of","",citizenship,1,6,,
pr,48,Economic,"Security Screening","Montenegro, Republic of","",citizenship,,1,,
pr,48,Economic,"Security Screening",Morocco,"",citizenship,113,443,,
pr,48,Economic,"Security Screening","Myanmar (Burma)","",citizenship,1,7,,
pr,48,Economic,"Security Screening",Namibia,"",citizenship,,1,,
pr,48,Economic,"Security Screening",Nepal,"",citizenship,7,63,,
pr,48,Economic,"Security Screening","New Zealand","",citizenship,,8,,
pr,48,Economic,"Security Screening",Nicaragua,"",citizenship,1,4,,
pr,48,Economic,"Security Screening",Nigeria,"",citizenship,308,1601,,
pr,48,Economic,"Security Screening",Norway,"",citizenship,,3,,
pr,49,Economic,"Security Screening",Oman,"",citizenship,,2,,
pr,49,Economic,"Security Screening",Other,"",citizenship,,4,,
pr,49,Economic,"Security Screening",Pakistan,"",citizenship,324,2363,,
pr,49,Economic,"Security Screening","Palestinian Authority (Gaza/West Bank)","",citizenship,16,69,,
pr,49,Economic,"Security Screening","Panama, Republic of","",citizenship,,5,,
pr,49,Economic,"Security Screening",Paraguay,"",citizenship,,1,,
pr,49,Economic,"Security Screening","Peoples Republic of Benin","",citizenship,25,50,,
pr,49,Economic,"Security Screening","People's Republic of China","",citizenship,1581,15349,,
pr,49,Economic,"Security Screening",Peru,"",citizenship,8,51,,
pr,49,Economic,"Security Screening",Philippines,"",citizenship,99,1115,,
pr,50,Economic,"Security Screening",Poland,"",citizenship,1,24,,
pr,50,Economic,"Security Screening",Portugal,"",citizenship,4,49,,
pr,50,Economic,"Security Screening","Republic of Djibouti","",citizenship,1,23,,
pr,50,Economic,"Security Screening","Republic of Indonesia","",citizenship,,19,,
pr,50,Economic,"Security Screening","Republic of Ireland","",citizenship,3,23,,
pr,50,Economic,"Security Screening","Republic of Ivory Coast","",citizenship,27,107,,
pr,50,Economic,"Security Screening","Republic of South Africa","",citizenship,17,118,,
pr,50,Economic,"Security Screening","Republic of the Niger","",citizenship,1,16,,
pr,50,Economic,"Security Screening",Romania,"",citizenship,1,32,,
pr,50,Economic,"Security Screening",Russia,"",citizenship,232,1760,,
pr,50,Economic,"Security Screening",Rwanda,"",citizenship,14,52,,
pr,50,Economic,"Security Screening","Saudi Arabia","",citizenship,8,79,,
pr,51,Economic,"Security Screening",Senegal,"",citizenship,13,46,,
pr,51,Economic,"Security Screening","Serbia, Republic of","",citizenship,8,90,,
pr,51,Economic,"Security Screening",Singapore,"",citizenship,1,51,,
pr,51,Economic,"Security Screening","Slovak Republic","",citizenship,,4,,
pr,51,Economic,"Security Screening",Slovenia,"",citizenship,,1,,
pr,51,Economic,"Security Screening","Socialist Republic of Vietnam","",citizenship,21,234,,
pr,51,Economic,"Security Screening","Solomons, The","",citizenship,,4,,
pr,51,Economic,"Security Screening","Somalia, Democratic Republic of","",citizenship,2,11,,
pr,51,Economic,"Security Screening","South Sudan, Republic Of","",citizenship,,1,,
pr,51,Economic,"Security Screening",Spain,"",citizenship,1,36,,
pr,51,Economic,"Security Screening","Sri Lanka","",citizenship,28,112,,
pr,51,Economic,"Security Screening","St. Kitts-Nevis","",citizenship,3,10,,
pr,51,Economic,"Security Screening","St. Lucia","",citizenship,,7,,
pr,51,Economic,"Security Screening","St. Vincent and the Grenadines","",citizenship,,3,,
pr,51,Economic,"Security Screening",Stateless,"",citizenship,1,56,,
pr,51,Economic,"Security Screening",Surinam,"",citizenship,,3,,
pr,51,Economic,"Security Screening",Sweden,"",citizenship,,16,,
pr,51,Economic,"Security Screening",Switzerland,"",citizenship,2,8,,
pr,52,Economic,"Security Screening",Syria,"",citizenship,41,281,,
pr,52,Economic,"Security Screening",Tajikistan,"",citizenship,3,7,,
pr,52,Economic,"Security Screening",Taiwan,"",citizenship,36,172,,
pr,52,Economic,"Security Screening",Thailand,"",citizenship,5,23,,
pr,52,Economic,"Security Screening","The Netherlands","",citizenship,1,18,,
pr,52,Economic,"Security Screening","Togo, Republic of","",citizenship,5,13,,
pr,52,Economic,"Security Screening","Trinidad and Tobago, Republic of","",citizenship,3,28,,
pr,52,Economic,"Security Screening",Tunisia,"",citizenship,139,497,,
pr,52,Economic,"Security Screening",Turkey,"",citizenship,54,322,,
pr,52,Economic,"Security Screening",Turkmenistan,"",citizenship,3,10,,
pr,52,Economic,"Security Screening",Uganda,"",citizenship,,18,,
pr,52,Economic,"Security Screening",Ukraine,"",citizenship,617,1798,,
pr,53,Economic,"Security Screening","United Arab Emirates","",citizenship,,2,,
pr,53,Economic,"Security Screening","United Kingdom and Overseas Territories","",citizenship,16,166,,
pr,53,Economic,"Security Screening","United Republic of Tanzania","",citizenship,2,17,,
pr,53,Economic,"Security Screening","United States of America","",citizenship,23,138,,
pr,53,Economic,"Security Screening",Uruguay,"",citizenship,,1,,
pr,53,Economic,"Security Screening",Uzbekistan,"",citizenship,13,49,,
pr,53,Economic,"Security Screening",Vanuatu,"",citizenship,,1,,
pr,53,Economic,"Security Screening",Venezuela,"",citizenship,5,80,,
pr,53,Economic,"Security Screening","Yemen, Republic of","",citizenship,10,67,,
pr,53,Economic,"Security Screening",Zambia,"",citizenship,,4,,
pr,53,Economic,"Security Screening",Zimbabwe,"",citizenship,1,10,,
pr,41,Economic,"Security Screening","Missing data","",citizenship,2,,MISSING_DATA_PLACEHOLDER,"Placeholder for data withheld from the ATIP release (s.16(1)(c) cell suppression): the printed parent total exceeds the visible rows by 2/0. Added so the group reconciles."
pr,53,"Family Class","","","",immigration_category,2589,21238,,
pr,53,"Family Class","HIRV Screening","","",activity_type,6,149,,
pr,53,"Family Class","HIRV Screening",Albania,"",citizenship,,2,,
pr,53,"Family Class","HIRV Screening","Antigua and Barbuda","",citizenship,,1,,
pr,53,"Family Class","HIRV Screening",Bosnia-Hercegovina,"",citizenship,,3,,
pr,53,"Family Class","HIRV Screening",Brazil,"",citizenship,,4,,
pr,53,"Family Class","HIRV Screening",Colombia,"",citizenship,,7,,
pr,53,"Family Class","HIRV Screening","Congo, Democratic Republic of the","",citizenship,,1,,
pr,53,"Family Class","HIRV Screening",Croatia,"",citizenship,1,6,,
pr,53,"Family Class","HIRV Screening",Cuba,"",citizenship,,3,,
pr,53,"Family Class","HIRV Screening","Democratic Republic of Sudan","",citizenship,,1,,
pr,53,"Family Class","HIRV Screening","Dominican Republic","",citizenship,,1,,
pr,53,"Family Class","HIRV Screening",Ecuador,"",citizenship,,1,,
pr,53,"Family Class","HIRV Screening",Egypt,"",citizenship,,3,,
pr,53,"Family Class","HIRV Screening",Eritrea,"",citizenship,,1,,
pr,53,"Family Class","HIRV Screening",Ghana,"",citizenship,,1,,
pr,54,"Family Class","HIRV Screening",Greece,"",citizenship,,1,,
pr,54,"Family Class","HIRV Screening",Guatemala,"",citizenship,,1,,
pr,54,"Family Class","HIRV Screening",Haiti,"",citizenship,2,45,,
pr,54,"Family Class","HIRV Screening",India,"",citizenship,,5,,
pr,54,"Family Class","HIRV Screening",Iran,"",citizenship,,2,,
pr,54,"Family Class","HIRV Screening",Iraq,"",citizenship,,4,,
pr,54,"Family Class","HIRV Screening",Israel,"",citizenship,,2,,
pr,54,"Family Class","HIRV Screening",Jamaica,"",citizenship,,9,,
pr,54,"Family Class","HIRV Screening",Lebanon,"",citizenship,,4,,
pr,54,"Family Class","HIRV Screening",Libya,"",citizenship,,1,,
pr,54,"Family Class","HIRV Screening",Macedonia,"",citizenship,1,1,,
pr,54,"Family Class","HIRV Screening","Montenegro, Republic of","",citizenship,,1,,
pr,54,"Family Class","HIRV Screening",Nicaragua,"",citizenship,,3,,
pr,54,"Family Class","HIRV Screening",Nigeria,"",citizenship,1,7,,
pr,54,"Family Class","HIRV Screening","Palestinian Authority (Gaza/West Bank)","",citizenship,,1,,
pr,54,"Family Class","HIRV Screening",Peru,"",citizenship,,2,,
pr,54,"Family Class","HIRV Screening",Philippines,"",citizenship,1,2,,
pr,54,"Family Class","HIRV Screening",Romania,"",citizenship,,1,,
pr,54,"Family Class","HIRV Screening","Serbia, Republic of","",citizenship,,6,,
pr,54,"Family Class","HIRV Screening","Sierra Leone","",citizenship,,1,,
pr,54,"Family Class","HIRV Screening","St. Kitts-Nevis","",citizenship,,1,,
pr,54,"Family Class","HIRV Screening",Stateless,"",citizenship,,1,,
pr,54,"Family Class","HIRV Screening",Syria,"",citizenship,,2,,
pr,54,"Family Class","HIRV Screening",Ukraine,"",citizenship,,1,,
pr,54,"Family Class","HIRV Screening","United States of America","",citizenship,,2,,
pr,54,"Family Class","HIRV Screening",Venezuela,"",citizenship,,3,,
pr,54,"Family Class","HIRV Screening","Yemen, Republic of","",citizenship,,1,,
pr,53,"Family Class","HIRV Screening","Missing data","",citizenship,,4,MISSING_DATA_PLACEHOLDER,"Placeholder for data withheld from the ATIP release (s.16(1)(c) cell suppression): the printed parent total exceeds the visible rows by 0/4. Added so the group reconciles."
pr,54,"Family Class","Org Crime Screening","","",activity_type,17,238,,
pr,54,"Family Class","Org Crime Screening",Albania,"",citizenship,,4,,
pr,54,"Family Class","Org Crime Screening",Algeria,"",citizenship,,1,,
pr,54,"Family Class","Org Crime Screening",Argentina,"",citizenship,1,1,,
pr,54,"Family Class","Org Crime Screening",Australia,"",citizenship,,2,,
pr,54,"Family Class","Org Crime Screening",Bangladesh,"",citizenship,,1,,
pr,54,"Family Class","Org Crime Screening",Barbados,"",citizenship,,4,,
pr,54,"Family Class","Org Crime Screening",Bolivia,"",citizenship,,1,,
pr,54,"Family Class","Org Crime Screening",Brazil,"",citizenship,,10,,
pr,54,"Family Class","Org Crime Screening",Bulgaria,"",citizenship,,1,,
pr,54,"Family Class","Org Crime Screening",Chile,"",citizenship,,2,,
pr,54,"Family Class","Org Crime Screening",Colombia,"",citizenship,,9,,
pr,54,"Family Class","Org Crime Screening","Congo, Democratic Republic of the","",citizenship,,1,,
pr,54,"Family Class","Org Crime Screening","Costa Rica","",citizenship,,1,,
pr,54,"Family Class","Org Crime Screening",Cuba,"",citizenship,,2,,
pr,54,"Family Class","Org Crime Screening","Dominican Republic","",citizenship,1,7,,
pr,54,"Family Class","Org Crime Screening",Ecuador,"",citizenship,,2,,
pr,54,"Family Class","Org Crime Screening",Egypt,"",citizenship,,1,,
pr,54,"Family Class","Org Crime Screening","El Salvador","",citizenship,,4,,
pr,54,"Family Class","Org Crime Screening","Federal Republic of Germany","",citizenship,,1,,
pr,54,"Family Class","Org Crime Screening",France,"",citizenship,,1,,
pr,54,"Family Class","Org Crime Screening",Georgia,"",citizenship,,2,,
pr,54,"Family Class","Org Crime Screening",Ghana,"",citizenship,1,1,,
pr,54,"Family Class","Org Crime Screening",Grenada,"",citizenship,,1,,
pr,54,"Family Class","Org Crime Screening",Guatemala,"",citizenship,,4,,
pr,54,"Family Class","Org Crime Screening",Guyana,"",citizenship,,1,,
pr,54,"Family Class","Org Crime Screening",Haiti,"",citizenship,1,4,,
pr,54,"Family Class","Org Crime Screening",Honduras,"",citizenship,,3,,
pr,54,"Family Class","Org Crime Screening","Hong Kong SAR","",citizenship,,8,,
pr,54,"Family Class","Org Crime Screening",Hungary,"",citizenship,,4,,
pr,55,"Family Class","Org Crime Screening",India,"",citizenship,4,10,,
pr,55,"Family Class","Org Crime Screening",Iran,"",citizenship,,2,,
pr,55,"Family Class","Org Crime Screening",Israel,"",citizenship,,4,,
pr,55,"Family Class","Org Crime Screening",Italy,"",citizenship,1,5,,
pr,55,"Family Class","Org Crime Screening",Jamaica,"",citizenship,1,9,,
pr,55,"Family Class","Org Crime Screening","Korea, Republic of","",citizenship,,3,,
pr,55,"Family Class","Org Crime Screening","Kosovo, Republic of","",citizenship,,1,,
pr,55,"Family Class","Org Crime Screening",Lebanon,"",citizenship,,3,,
pr,55,"Family Class","Org Crime Screening",Mexico,"",citizenship,3,25,,
pr,55,"Family Class","Org Crime Screening","Montenegro, Republic of","",citizenship,,1,,
pr,55,"Family Class","Org Crime Screening",Morocco,"",citizenship,,1,,
pr,55,"Family Class","Org Crime Screening",Nicaragua,"",citizenship,,3,,
pr,55,"Family Class","Org Crime Screening",Nigeria,"",citizenship,2,12,,
pr,55,"Family Class","Org Crime Screening",Pakistan,"",citizenship,,2,,
pr,55,"Family Class","Org Crime Screening",Paraguay,"",citizenship,,1,,
pr,55,"Family Class","Org Crime Screening","Peoples Republic of Benin","",citizenship,,2,,
pr,55,"Family Class","Org Crime Screening","People's Republic of China","",citizenship,2,27,,
pr,55,"Family Class","Org Crime Screening",Peru,"",citizenship,,1,,
pr,55,"Family Class","Org Crime Screening",Philippines,"",citizenship,,3,,
pr,55,"Family Class","Org Crime Screening","Republic of Ivory Coast","",citizenship,,1,,
pr,55,"Family Class","Org Crime Screening",Russia,"",citizenship,,1,,
pr,55,"Family Class","Org Crime Screening","Socialist Republic of Vietnam","",citizenship,,8,,
pr,55,"Family Class","Org Crime Screening",Spain,"",citizenship,,1,,
pr,55,"Family Class","Org Crime Screening","Sri Lanka","",citizenship,,2,,
pr,55,"Family Class","Org Crime Screening","St. Lucia","",citizenship,,1,,
pr,55,"Family Class","Org Crime Screening","St. Vincent and the Grenadines","",citizenship,,1,,
pr,55,"Family Class","Org Crime Screening",Taiwan,"",citizenship,,1,,
pr,55,"Family Class","Org Crime Screening",Ukraine,"",citizenship,,1,,
pr,55,"Family Class","Org Crime Screening","United Kingdom and Overseas Territories","",citizenship,,7,,
pr,55,"Family Class","Org Crime Screening","United States of America","",citizenship,,3,,
pr,55,"Family Class","Org Crime Screening",Venezuela,"",citizenship,,10,,
pr,54,"Family Class","Org Crime Screening","Missing data","",citizenship,,2,MISSING_DATA_PLACEHOLDER,"Placeholder for data withheld from the ATIP release (s.16(1)(c) cell suppression): the printed parent total exceeds the visible rows by 0/2. Added so the group reconciles."
pr,55,"Family Class","Security Screening","","",activity_type,2566,20851,,
pr,55,"Family Class","Security Screening",Afghanistan,"",citizenship,42,559,,
pr,55,"Family Class","Security Screening",Albania,"",citizenship,6,44,,
pr,55,"Family Class","Security Screening",Algeria,"",citizenship,31,193,,
pr,55,"Family Class","Security Screening",Angola,"",citizenship,1,2,,
pr,55,"Family Class","Security Screening","Antigua and Barbuda","",citizenship,,3,,
pr,56,"Family Class","Security Screening",Argentina,"",citizenship,1,12,,
pr,56,"Family Class","Security Screening",Armenia,"",citizenship,2,33,,
pr,56,"Family Class","Security Screening",Australia,"",citizenship,3,18,,
pr,56,"Family Class","Security Screening",Austria,"",citizenship,,5,,
pr,56,"Family Class","Security Screening",Azerbaijan,"",citizenship,1,12,,
pr,56,"Family Class","Security Screening","Bahama Islands, The","",citizenship,,2,,
pr,56,"Family Class","Security Screening",Bahrain,"",citizenship,,2,,
pr,56,"Family Class","Security Screening",Bangladesh,"",citizenship,50,220,,
pr,56,"Family Class","Security Screening",Barbados,"",citizenship,2,11,,
pr,56,"Family Class","Security Screening",Belarus,"",citizenship,6,31,,
pr,56,"Family Class","Security Screening",Belgium,"",citizenship,1,9,,
pr,56,"Family Class","Security Screening",Bolivia,"",citizenship,,2,,
pr,56,"Family Class","Security Screening",Bosnia-Hercegovina,"",citizenship,1,14,,
pr,56,"Family Class","Security Screening","Botswana, Republic of","",citizenship,,3,,
pr,56,"Family Class","Security Screening",Brazil,"",citizenship,8,110,,
pr,56,"Family Class","Security Screening",Bulgaria,"",citizenship,4,15,,
pr,56,"Family Class","Security Screening",Burkina-Faso,"",citizenship,8,24,,
pr,56,"Family Class","Security Screening",Burundi,"",citizenship,3,24,,
pr,56,"Family Class","Security Screening",Cambodia,"",citizenship,3,13,,
pr,56,"Family Class","Security Screening","Central African Republic","",citizenship,,1,,
pr,56,"Family Class","Security Screening","Chad, Republic of","",citizenship,,8,,
pr,56,"Family Class","Security Screening",Chile,"",citizenship,2,18,,
pr,56,"Family Class","Security Screening",Colombia,"",citizenship,22,154,,
pr,57,"Family Class","Security Screening",Comoros,"",citizenship,,1,,
pr,57,"Family Class","Security Screening","Congo, Democratic Republic of the","",citizenship,5,42,,
pr,57,"Family Class","Security Screening","Congo, People's Republic of the","",citizenship,1,22,,
pr,57,"Family Class","Security Screening","Costa Rica","",citizenship,1,10,,
pr,57,"Family Class","Security Screening",Croatia,"",citizenship,2,21,,
pr,57,"Family Class","Security Screening",Cuba,"",citizenship,18,121,,
pr,57,"Family Class","Security Screening",Cyprus,"",citizenship,,4,,
pr,57,"Family Class","Security Screening","Czech Republic","",citizenship,,4,,
pr,57,"Family Class","Security Screening","Democratic Republic of Sudan","",citizenship,2,66,,
pr,57,"Family Class","Security Screening",Denmark,"",citizenship,,5,,
pr,57,"Family Class","Security Screening","Dominican Republic","",citizenship,4,25,,
pr,57,"Family Class","Security Screening","East Timor, Democratic Republic of","",citizenship,,1,,
pr,57,"Family Class","Security Screening",Ecuador,"",citizenship,4,28,,
pr,57,"Family Class","Security Screening",Egypt,"",citizenship,22,191,,
pr,57,"Family Class","Security Screening","El Salvador","",citizenship,4,32,,
pr,57,"Family Class","Security Screening",Eritrea,"",citizenship,22,123,,
pr,57,"Family Class","Security Screening",Estonia,"",citizenship,,1,,
pr,57,"Family Class","Security Screening",Ethiopia,"",citizenship,16,105,,
pr,58,"Family Class","Security Screening","Federal Republic of Cameroon","",citizenship,20,123,,
pr,58,"Family Class","Security Screening","Federal Republic of Germany","",citizenship,4,32,,
pr,58,"Family Class","Security Screening",Fiji,"",citizenship,,1,,
pr,58,"Family Class","Security Screening",Finland,"",citizenship,1,2,,
pr,58,"Family Class","Security Screening",France,"",citizenship,9,43,,
pr,58,"Family Class","Security Screening","Gabon Republic","",citizenship,,6,,
pr,58,"Family Class","Security Screening",Gambia,"",citizenship,,5,,
pr,58,"Family Class","Security Screening",Georgia,"",citizenship,3,18,,
pr,58,"Family Class","Security Screening",Ghana,"",citizenship,8,60,,
pr,58,"Family Class","Security Screening",Greece,"",citizenship,,10,,
pr,58,"Family Class","Security Screening",Grenada,"",citizenship,,6,,
pr,58,"Family Class","Security Screening",Guatemala,"",citizenship,2,20,,
pr,58,"Family Class","Security Screening","Guinea, Republic of","",citizenship,11,30,,
pr,58,"Family Class","Security Screening",Guyana,"",citizenship,1,20,,
pr,58,"Family Class","Security Screening",Haiti,"",citizenship,26,97,,
pr,58,"Family Class","Security Screening",Honduras,"",citizenship,1,24,,
pr,58,"Family Class","Security Screening","Hong Kong SAR","",citizenship,5,83,,
pr,58,"Family Class","Security Screening",Hungary,"",citizenship,,9,,
pr,58,"Family Class","Security Screening",Iceland,"",citizenship,,1,,
pr,58,"Family Class","Security Screening",India,"",citizenship,454,2326,,
pr,59,"Family Class","Security Screening",Iran,"",citizenship,202,1684,,
pr,59,"Family Class","Security Screening",Iraq,"",citizenship,30,308,,
pr,59,"Family Class","Security Screening",Israel,"",citizenship,20,143,,
pr,59,"Family Class","Security Screening",Italy,"",citizenship,,17,,
pr,59,"Family Class","Security Screening",Jamaica,"",citizenship,9,60,,
pr,59,"Family Class","Security Screening",Japan,"",citizenship,2,10,,
pr,59,"Family Class","Security Screening",Jordan,"",citizenship,19,133,,
pr,59,"Family Class","Security Screening",Kazakhstan,"",citizenship,2,19,,
pr,59,"Family Class","Security Screening",Kenya,"",citizenship,9,69,,
pr,60,"Family Class","Security Screening","Korea, People's Democratic Republic of","",citizenship,,1,,
pr,60,"Family Class","Security Screening","Korea, Republic of","",citizenship,7,96,,
pr,60,"Family Class","Security Screening","Kosovo, Republic of","",citizenship,2,20,,
pr,60,"Family Class","Security Screening",Kuwait,"",citizenship,,2,,
pr,60,"Family Class","Security Screening",Kyrgyzstan,"",citizenship,,4,,
pr,60,"Family Class","Security Screening",Laos,"",citizenship,,1,,
pr,60,"Family Class","Security Screening",Latvia,"",citizenship,,2,,
pr,60,"Family Class","Security Screening",Lebanon,"",citizenship,85,1129,,
pr,60,"Family Class","Security Screening",Liberia,"",citizenship,,2,,
pr,60,"Family Class","Security Screening",Libya,"",citizenship,10,138,,
pr,60,"Family Class","Security Screening",Lithuania,"",citizenship,,2,,
pr,60,"Family Class","Security Screening","Macao SAR","",citizenship,,1,,
pr,60,"Family Class","Security Screening",Macedonia,"",citizenship,1,12,,
pr,60,"Family Class","Security Screening",Madagascar,"",citizenship,,1,,
pr,60,"Family Class","Security Screening",Malawi,"",citizenship,,1,,
pr,60,"Family Class","Security Screening",Malaysia,"",citizenship,1,4,,
pr,60,"Family Class","Security Screening","Mali, Republic of","",citizenship,,8,,
pr,60,"Family Class","Security Screening",Mauritania,"",citizenship,,6,,
pr,60,"Family Class","Security Screening",Mauritius,"",citizenship,2,12,,
pr,60,"Family Class","Security Screening",Mexico,"",citizenship,42,267,,
pr,60,"Family Class","Security Screening",Moldova,"",citizenship,10,42,,
pr,60,"Family Class","Security Screening","Mongolia, People's Republic of","",citizenship,2,16,,
pr,60,"Family Class","Security Screening","Montenegro, Republic of","",citizenship,,1,,
pr,60,"Family Class","Security Screening",Morocco,"",citizenship,7,104,,
pr,61,"Family Class","Security Screening",Mozambique,"",citizenship,1,2,,
pr,61,"Family Class","Security Screening","Myanmar (Burma)","",citizenship,,3,,
pr,61,"Family Class","Security Screening",Namibia,"",citizenship,,2,,
pr,61,"Family Class","Security Screening",Nepal,"",citizenship,10,40,,
pr,61,"Family Class","Security Screening","New Zealand","",citizenship,1,10,,
pr,61,"Family Class","Security Screening",Nicaragua,"",citizenship,1,15,,
pr,61,"Family Class","Security Screening",Nigeria,"",citizenship,82,399,,
pr,61,"Family Class","Security Screening",Norway,"",citizenship,2,14,,
pr,61,"Family Class","Security Screening",Oman,"",citizenship,,1,,
pr,61,"Family Class","Security Screening",Pakistan,"",citizenship,152,1649,,
pr,61,"Family Class","Security Screening","Palestinian Authority (Gaza/West Bank)","",citizenship,28,160,,
pr,61,"Family Class","Security Screening","Panama, Republic of","",citizenship,,4,,
pr,61,"Family Class","Security Screening","Papua New Guinea","",citizenship,,2,,
pr,61,"Family Class","Security Screening",Paraguay,"",citizenship,,2,,
pr,61,"Family Class","Security Screening","Peoples Republic of Benin","",citizenship,4,20,,
pr,61,"Family Class","Security Screening","People's Republic of China","",citizenship,558,5349,,
pr,62,"Family Class","Security Screening",Peru,"",citizenship,3,62,,
pr,62,"Family Class","Security Screening",Philippines,"",citizenship,105,487,,
pr,62,"Family Class","Security Screening",Poland,"",citizenship,2,10,,
pr,62,"Family Class","Security Screening",Portugal,"",citizenship,2,15,,
pr,62,"Family Class","Security Screening",Qatar,"",citizenship,,1,,
pr,62,"Family Class","Security Screening","Republic of Djibouti","",citizenship,1,30,,
pr,62,"Family Class","Security Screening","Republic of Indonesia","",citizenship,,6,,
pr,62,"Family Class","Security Screening","Republic of Ireland","",citizenship,2,6,,
pr,62,"Family Class","Security Screening","Republic of Ivory Coast","",citizenship,1,38,,
pr,62,"Family Class","Security Screening","Republic of South Africa","",citizenship,2,42,,
pr,62,"Family Class","Security Screening","Republic of the Niger","",citizenship,2,6,,
pr,62,"Family Class","Security Screening",Romania,"",citizenship,4,29,,
pr,62,"Family Class","Security Screening",Russia,"",citizenship,47,402,,
pr,62,"Family Class","Security Screening",Rwanda,"",citizenship,4,25,,
pr,62,"Family Class","Security Screening","Saudi Arabia","",citizenship,3,41,,
pr,62,"Family Class","Security Screening",Senegal,"",citizenship,3,18,,
pr,63,"Family Class","Security Screening","Serbia, Republic of","",citizenship,2,29,,
pr,63,"Family Class","Security Screening","Sierra Leone","",citizenship,,3,,
pr,63,"Family Class","Security Screening",Singapore,"",citizenship,2,18,,
pr,63,"Family Class","Security Screening","Slovak Republic","",citizenship,,4,,
pr,63,"Family Class","Security Screening",Slovenia,"",citizenship,,1,,
pr,63,"Family Class","Security Screening","Socialist Republic of Vietnam","",citizenship,12,125,,
pr,63,"Family Class","Security Screening","Somalia, Democratic Republic of","",citizenship,35,218,,
pr,63,"Family Class","Security Screening","South Sudan, Republic Of","",citizenship,2,4,,
pr,63,"Family Class","Security Screening",Spain,"",citizenship,,12,,
pr,63,"Family Class","Security Screening","Sri Lanka","",citizenship,21,148,,
pr,63,"Family Class","Security Screening","St. Kitts-Nevis","",citizenship,,4,,
pr,63,"Family Class","Security Screening","St. Lucia","",citizenship,,10,,
pr,63,"Family Class","Security Screening","St. Vincent and the Grenadines","",citizenship,,6,,
pr,63,"Family Class","Security Screening",Stateless,"",citizenship,14,110,,
pr,63,"Family Class","Security Screening",Sweden,"",citizenship,1,19,,
pr,63,"Family Class","Security Screening",Switzerland,"",citizenship,,2,,
pr,63,"Family Class","Security Screening",Syria,"",citizenship,71,508,,
pr,63,"Family Class","Security Screening",Tajikistan,"",citizenship,,7,,
pr,63,"Family Class","Security Screening",Taiwan,"",citizenship,4,95,,
pr,64,"Family Class","Security Screening",Thailand,"",citizenship,3,10,,
pr,64,"Family Class","Security Screening","The Netherlands","",citizenship,1,15,,
pr,64,"Family Class","Security Screening","Togo, Republic of","",citizenship,4,9,,
pr,64,"Family Class","Security Screening","Trinidad and Tobago, Republic of","",citizenship,1,23,,
pr,64,"Family Class","Security Screening",Tunisia,"",citizenship,9,92,,
pr,64,"Family Class","Security Screening",Turkey,"",citizenship,8,74,,
pr,64,"Family Class","Security Screening",Uganda,"",citizenship,,8,,
pr,64,"Family Class","Security Screening",Ukraine,"",citizenship,7,265,,
pr,64,"Family Class","Security Screening","United Kingdom and Overseas Territories","",citizenship,8,110,,
pr,64,"Family Class","Security Screening","United Republic of Tanzania","",citizenship,,9,,
pr,64,"Family Class","Security Screening","United States of America","",citizenship,16,212,,
pr,64,"Family Class","Security Screening",Uruguay,"",citizenship,,4,,
pr,64,"Family Class","Security Screening",Uzbekistan,"",citizenship,,12,,
pr,64,"Family Class","Security Screening",Vanuatu,"",citizenship,,1,,
pr,64,"Family Class","Security Screening",Venezuela,"",citizenship,5,115,,
pr,64,"Family Class","Security Screening","Yemen, Republic of","",citizenship,10,80,,
pr,65,"Family Class","Security Screening",Zambia,"",citizenship,,1,,
pr,65,"Family Class","Security Screening",Zimbabwe,"",citizenship,3,22,,
pr,55,"Family Class","Security Screening","Missing data","",citizenship,2,1,MISSING_DATA_PLACEHOLDER,"Placeholder for data withheld from the ATIP release (s.16(1)(c) cell suppression): the printed parent total exceeds the visible rows by 2/1. Added so the group reconciles."
pr,65,"Humanitarian & Compassionate / Public Policy","","","",immigration_category,255,4454,,
pr,65,"Humanitarian & Compassionate / Public Policy","HIRV Screening","","",activity_type,,4,,
pr,65,"Humanitarian & Compassionate / Public Policy","HIRV Screening",Angola,"",citizenship,,1,,
pr,65,"Humanitarian & Compassionate / Public Policy","HIRV Screening",Cuba,"",citizenship,,1,,
pr,65,"Humanitarian & Compassionate / Public Policy","HIRV Screening",Jamaica,"",citizenship,,1,,
pr,65,"Humanitarian & Compassionate / Public Policy","HIRV Screening",Libya,"",citizenship,,1,,
pr,65,"Humanitarian & Compassionate / Public Policy","Org Crime Screening","","",activity_type,1,9,,
pr,65,"Humanitarian & Compassionate / Public Policy","Org Crime Screening",Angola,"",citizenship,1,1,,
pr,65,"Humanitarian & Compassionate / Public Policy","Org Crime Screening",France,"",citizenship,,1,,
pr,65,"Humanitarian & Compassionate / Public Policy","Org Crime Screening",Georgia,"",citizenship,,1,,
pr,65,"Humanitarian & Compassionate / Public Policy","Org Crime Screening",Haiti,"",citizenship,,1,,
pr,65,"Humanitarian & Compassionate / Public Policy","Org Crime Screening",Nigeria,"",citizenship,,3,,
pr,65,"Humanitarian & Compassionate / Public Policy","Org Crime Screening","People's Republic of China","",citizenship,,1,,
pr,65,"Humanitarian & Compassionate / Public Policy","Org Crime Screening","United States of America","",citizenship,,1,,
pr,65,"Humanitarian & Compassionate / Public Policy","Security Screening","","",activity_type,254,4441,,
pr,65,"Humanitarian & Compassionate / Public Policy","Security Screening",Afghanistan,"",citizenship,26,447,,
pr,65,"Humanitarian & Compassionate / Public Policy","Security Screening",Albania,"",citizenship,1,7,,
pr,65,"Humanitarian & Compassionate / Public Policy","Security Screening",Algeria,"",citizenship,1,45,,
pr,65,"Humanitarian & Compassionate / Public Policy","Security Screening",Angola,"",citizenship,1,24,,
pr,65,"Humanitarian & Compassionate / Public Policy","Security Screening","Antigua and Barbuda","",citizenship,,1,,
pr,65,"Humanitarian & Compassionate / Public Policy","Security Screening",Armenia,"",citizenship,1,6,,
pr,65,"Humanitarian & Compassionate / Public Policy","Security Screening",Australia,"",citizenship,1,3,,
pr,65,"Humanitarian & Compassionate / Public Policy","Security Screening",Azerbaijan,"",citizenship,,11,,
pr,65,"Humanitarian & Compassionate / Public Policy","Security Screening","Bahama Islands, The","",citizenship,,2,,
pr,65,"Humanitarian & Compassionate / Public Policy","Security Screening",Bangladesh,"",citizenship,,24,,
pr,65,"Humanitarian & Compassionate / Public Policy","Security Screening",Barbados,"",citizenship,,1,,
pr,65,"Humanitarian & Compassionate / Public Policy","Security Screening",Belarus,"",citizenship,,2,,
pr,65,"Humanitarian & Compassionate / Public Policy","Security Screening",Bosnia-Hercegovina,"",citizenship,,3,,
pr,65,"Humanitarian & Compassionate / Public Policy","Security Screening",Brazil,"",citizenship,1,31,,
pr,65,"Humanitarian & Compassionate / Public Policy","Security Screening",Bulgaria,"",citizenship,,4,,
pr,65,"Humanitarian & Compassionate / Public Policy","Security Screening",Burkina-Faso,"",citizenship,,3,,
pr,65,"Humanitarian & Compassionate / Public Policy","Security Screening",Burundi,"",citizenship,,40,,
pr,65,"Humanitarian & Compassionate / Public Policy","Security Screening",Cambodia,"",citizenship,,1,,
pr,65,"Humanitarian & Compassionate / Public Policy","Security Screening","Central African Republic","",citizenship,,2,,
pr,65,"Humanitarian & Compassionate / Public Policy","Security Screening","Chad, Republic of","",citizenship,,6,,
pr,65,"Humanitarian & Compassionate / Public Policy","Security Screening",Chile,"",citizenship,,6,,
pr,65,"Humanitarian & Compassionate / Public Policy","Security Screening",Colombia,"",citizenship,9,214,,
pr,65,"Humanitarian & Compassionate / Public Policy","Security Screening","Congo, Democratic Republic of the","",citizenship,2,147,,
pr,65,"Humanitarian & Compassionate / Public Policy","Security Screening","Congo, People's Republic of the","",citizenship,,10,,
pr,65,"Humanitarian & Compassionate / Public Policy","Security Screening","Costa Rica","",citizenship,,2,,
pr,65,"Humanitarian & Compassionate / Public Policy","Security Screening",Croatia,"",citizenship,1,7,,
pr,65,"Humanitarian & Compassionate / Public Policy","Security Screening",Cuba,"",citizenship,,4,,
pr,66,"Humanitarian & Compassionate / Public Policy","Security Screening","Czech Republic","",citizenship,,1,,
pr,66,"Humanitarian & Compassionate / Public Policy","Security Screening","Democratic Republic of Sudan","",citizenship,71,193,,
pr,66,"Humanitarian & Compassionate / Public Policy","Security Screening",Denmark,"",citizenship,,1,,
pr,66,"Humanitarian & Compassionate / Public Policy","Security Screening",Dominica,"",citizenship,,1,,
pr,66,"Humanitarian & Compassionate / Public Policy","Security Screening","Dominican Republic","",citizenship,,2,,
pr,66,"Humanitarian & Compassionate / Public Policy","Security Screening",Ecuador,"",citizenship,,3,,
pr,66,"Humanitarian & Compassionate / Public Policy","Security Screening",Egypt,"",citizenship,,24,,
pr,66,"Humanitarian & Compassionate / Public Policy","Security Screening","El Salvador","",citizenship,1,26,,
pr,66,"Humanitarian & Compassionate / Public Policy","Security Screening",Eritrea,"",citizenship,6,11,,
pr,66,"Humanitarian & Compassionate / Public Policy","Security Screening",Ethiopia,"",citizenship,2,11,,
pr,66,"Humanitarian & Compassionate / Public Policy","Security Screening","Federal Republic of Cameroon","",citizenship,1,50,,
pr,66,"Humanitarian & Compassionate / Public Policy","Security Screening","Federal Republic of Germany","",citizenship,,6,,
pr,66,"Humanitarian & Compassionate / Public Policy","Security Screening",Fiji,"",citizenship,,2,,
pr,66,"Humanitarian & Compassionate / Public Policy","Security Screening",France,"",citizenship,,3,,
pr,66,"Humanitarian & Compassionate / Public Policy","Security Screening","Gabon Republic","",citizenship,,1,,
pr,66,"Humanitarian & Compassionate / Public Policy","Security Screening",Gambia,"",citizenship,,6,,
pr,66,"Humanitarian & Compassionate / Public Policy","Security Screening",Georgia,"",citizenship,,2,,
pr,66,"Humanitarian & Compassionate / Public Policy","Security Screening",Ghana,"",citizenship,1,8,,
pr,66,"Humanitarian & Compassionate / Public Policy","Security Screening",Greece,"",citizenship,,1,,
pr,66,"Humanitarian & Compassionate / Public Policy","Security Screening",Grenada,"",citizenship,,5,,
pr,66,"Humanitarian & Compassionate / Public Policy","Security Screening",Guatemala,"",citizenship,,4,,
pr,66,"Humanitarian & Compassionate / Public Policy","Security Screening","Guinea, Republic of","",citizenship,,12,,
pr,66,"Humanitarian & Compassionate / Public Policy","Security Screening",Guyana,"",citizenship,,4,,
pr,66,"Humanitarian & Compassionate / Public Policy","Security Screening",Haiti,"",citizenship,8,342,,
pr,66,"Humanitarian & Compassionate / Public Policy","Security Screening",Honduras,"",citizenship,2,11,,
pr,66,"Humanitarian & Compassionate / Public Policy","Security Screening","Hong Kong SAR","",citizenship,,18,,
pr,66,"Humanitarian & Compassionate / Public Policy","Security Screening",Hungary,"",citizenship,1,20,,
pr,66,"Humanitarian & Compassionate / Public Policy","Security Screening",India,"",citizenship,17,107,,
pr,66,"Humanitarian & Compassionate / Public Policy","Security Screening",Iran,"",citizenship,6,75,,
pr,66,"Humanitarian & Compassionate / Public Policy","Security Screening",Iraq,"",citizenship,,78,,
pr,66,"Humanitarian & Compassionate / Public Policy","Security Screening",Israel,"",citizenship,1,19,,
pr,66,"Humanitarian & Compassionate / Public Policy","Security Screening",Italy,"",citizenship,1,7,,
pr,66,"Humanitarian & Compassionate / Public Policy","Security Screening",Jamaica,"",citizenship,2,33,,
pr,66,"Humanitarian & Compassionate / Public Policy","Security Screening",Jordan,"",citizenship,7,25,,
pr,66,"Humanitarian & Compassionate / Public Policy","Security Screening",Kazakhstan,"",citizenship,,2,,
pr,66,"Humanitarian & Compassionate / Public Policy","Security Screening",Kenya,"",citizenship,,20,,
pr,66,"Humanitarian & Compassionate / Public Policy","Security Screening","Korea, People's Democratic Republic of","",citizenship,,16,,
pr,66,"Humanitarian & Compassionate / Public Policy","Security Screening","Korea, Republic of","",citizenship,3,32,,
pr,66,"Humanitarian & Compassionate / Public Policy","Security Screening","Kosovo, Republic of","",citizenship,,4,,
pr,66,"Humanitarian & Compassionate / Public Policy","Security Screening",Kyrgyzstan,"",citizenship,,2,,
pr,66,"Humanitarian & Compassionate / Public Policy","Security Screening",Lebanon,"",citizenship,6,51,,
pr,66,"Humanitarian & Compassionate / Public Policy","Security Screening",Liberia,"",citizenship,,13,,
pr,66,"Humanitarian & Compassionate / Public Policy","Security Screening",Libya,"",citizenship,8,216,,
pr,66,"Humanitarian & Compassionate / Public Policy","Security Screening",Lithuania,"",citizenship,,1,,
pr,67,"Humanitarian & Compassionate / Public Policy","Security Screening",Malaysia,"",citizenship,,1,,
pr,67,"Humanitarian & Compassionate / Public Policy","Security Screening","Mali, Republic of","",citizenship,,11,,
pr,67,"Humanitarian & Compassionate / Public Policy","Security Screening",Mauritania,"",citizenship,,1,,
pr,67,"Humanitarian & Compassionate / Public Policy","Security Screening",Mexico,"",citizenship,8,81,,
pr,67,"Humanitarian & Compassionate / Public Policy","Security Screening",Moldova,"",citizenship,,3,,
pr,67,"Humanitarian & Compassionate / Public Policy","Security Screening","Mongolia, People's Republic of","",citizenship,,1,,
pr,67,"Humanitarian & Compassionate / Public Policy","Security Screening",Morocco,"",citizenship,2,23,,
pr,67,"Humanitarian & Compassionate / Public Policy","Security Screening",Namibia,"",citizenship,,3,,
pr,67,"Humanitarian & Compassionate / Public Policy","Security Screening",Nepal,"",citizenship,,2,,
pr,67,"Humanitarian & Compassionate / Public Policy","Security Screening","New Zealand","",citizenship,1,1,,
pr,67,"Humanitarian & Compassionate / Public Policy","Security Screening",Nicaragua,"",citizenship,1,3,,
pr,67,"Humanitarian & Compassionate / Public Policy","Security Screening",Nigeria,"",citizenship,6,869,,
pr,67,"Humanitarian & Compassionate / Public Policy","Security Screening",Pakistan,"",citizenship,7,75,,
pr,67,"Humanitarian & Compassionate / Public Policy","Security Screening","Palestinian Authority (Gaza/West Bank)","",citizenship,3,19,,
pr,67,"Humanitarian & Compassionate / Public Policy","Security Screening","Peoples Republic of Benin","",citizenship,,4,,
pr,67,"Humanitarian & Compassionate / Public Policy","Security Screening","People's Republic of China","",citizenship,6,100,,
pr,67,"Humanitarian & Compassionate / Public Policy","Security Screening",Peru,"",citizenship,,10,,
pr,67,"Humanitarian & Compassionate / Public Policy","Security Screening",Philippines,"",citizenship,2,39,,
pr,67,"Humanitarian & Compassionate / Public Policy","Security Screening",Poland,"",citizenship,,3,,
pr,67,"Humanitarian & Compassionate / Public Policy","Security Screening",Portugal,"",citizenship,,4,,
pr,67,"Humanitarian & Compassionate / Public Policy","Security Screening","Republic of Djibouti","",citizenship,,13,,
pr,67,"Humanitarian & Compassionate / Public Policy","Security Screening","Republic of Indonesia","",citizenship,,3,,
pr,67,"Humanitarian & Compassionate / Public Policy","Security Screening","Republic of Ivory Coast","",citizenship,,9,,
pr,67,"Humanitarian & Compassionate / Public Policy","Security Screening","Republic of South Africa","",citizenship,,4,,
pr,67,"Humanitarian & Compassionate / Public Policy","Security Screening","Republic of the Niger","",citizenship,,2,,
pr,67,"Humanitarian & Compassionate / Public Policy","Security Screening",Romania,"",citizenship,,6,,
pr,67,"Humanitarian & Compassionate / Public Policy","Security Screening",Russia,"",citizenship,4,39,,
pr,67,"Humanitarian & Compassionate / Public Policy","Security Screening",Rwanda,"",citizenship,1,42,,
pr,67,"Humanitarian & Compassionate / Public Policy","Security Screening","Saudi Arabia","",citizenship,,2,,
pr,67,"Humanitarian & Compassionate / Public Policy","Security Screening",Senegal,"",citizenship,1,6,,
pr,67,"Humanitarian & Compassionate / Public Policy","Security Screening","Serbia, Republic of","",citizenship,,3,,
pr,67,"Humanitarian & Compassionate / Public Policy","Security Screening","Sierra Leone","",citizenship,,4,,
pr,67,"Humanitarian & Compassionate / Public Policy","Security Screening",Singapore,"",citizenship,,1,,
pr,67,"Humanitarian & Compassionate / Public Policy","Security Screening","Socialist Republic of Vietnam","",citizenship,,4,,
pr,67,"Humanitarian & Compassionate / Public Policy","Security Screening","Somalia, Democratic Republic of","",citizenship,3,35,,
pr,67,"Humanitarian & Compassionate / Public Policy","Security Screening","South Sudan, Republic Of","",citizenship,,1,,
pr,67,"Humanitarian & Compassionate / Public Policy","Security Screening",Spain,"",citizenship,,3,,
pr,67,"Humanitarian & Compassionate / Public Policy","Security Screening","Sri Lanka","",citizenship,1,44,,
pr,67,"Humanitarian & Compassionate / Public Policy","Security Screening","St. Lucia","",citizenship,,3,,
pr,67,"Humanitarian & Compassionate / Public Policy","Security Screening","St. Vincent and the Grenadines","",citizenship,,5,,
pr,67,"Humanitarian & Compassionate / Public Policy","Security Screening",Stateless,"",citizenship,3,36,,
pr,68,"Humanitarian & Compassionate / Public Policy","Security Screening",Swaziland,"",citizenship,,1,,
pr,68,"Humanitarian & Compassionate / Public Policy","Security Screening",Switzerland,"",citizenship,,1,,
pr,68,"Humanitarian & Compassionate / Public Policy","Security Screening",Syria,"",citizenship,,20,,
pr,68,"Humanitarian & Compassionate / Public Policy","Security Screening",Taiwan,"",citizenship,,2,,
pr,68,"Humanitarian & Compassionate / Public Policy","Security Screening",Thailand,"",citizenship,,1,,
pr,68,"Humanitarian & Compassionate / Public Policy","Security Screening","The Netherlands","",citizenship,,4,,
pr,68,"Humanitarian & Compassionate / Public Policy","Security Screening","Togo, Republic of","",citizenship,,5,,
pr,68,"Humanitarian & Compassionate / Public Policy","Security Screening",Tonga,"",citizenship,,1,,
pr,68,"Humanitarian & Compassionate / Public Policy","Security Screening","Trinidad and Tobago, Republic of","",citizenship,,5,,
pr,68,"Humanitarian & Compassionate / Public Policy","Security Screening",Tunisia,"",citizenship,,6,,
pr,68,"Humanitarian & Compassionate / Public Policy","Security Screening",Turkey,"",citizenship,4,27,,
pr,68,"Humanitarian & Compassionate / Public Policy","Security Screening",Uganda,"",citizenship,,28,,
pr,68,"Humanitarian & Compassionate / Public Policy","Security Screening",Ukraine,"",citizenship,4,144,,
pr,68,"Humanitarian & Compassionate / Public Policy","Security Screening","United Kingdom and Overseas Territories","",citizenship,,15,,
pr,68,"Humanitarian & Compassionate / Public Policy","Security Screening","United Republic of Tanzania","",citizenship,,1,,
pr,68,"Humanitarian & Compassionate / Public Policy","Security Screening","United States of America","",citizenship,,16,,
pr,68,"Humanitarian & Compassionate / Public Policy","Security Screening",Unspecified,"",citizenship,1,5,,
pr,68,"Humanitarian & Compassionate / Public Policy","Security Screening",Uruguay,"",citizenship,,2,,
pr,68,"Humanitarian & Compassionate / Public Policy","Security Screening",Venezuela,"",citizenship,5,76,,
pr,68,"Humanitarian & Compassionate / Public Policy","Security Screening","Yemen, Republic of","",citizenship,2,22,,
pr,68,"Humanitarian & Compassionate / Public Policy","Security Screening",Zambia,"",citizenship,,2,,
pr,68,"Humanitarian & Compassionate / Public Policy","Security Screening",Zimbabwe,"",citizenship,1,15,,
pr,65,"Humanitarian & Compassionate / Public Policy","Security Screening","Missing data","",citizenship,,2,MISSING_DATA_PLACEHOLDER,"Placeholder for data withheld from the ATIP release (s.16(1)(c) cell suppression): the printed parent total exceeds the visible rows by 0/2. Added so the group reconciles."
pr,68,"Permit Holders Class","","","",immigration_category,6,17,,
pr,68,"Permit Holders Class","HIRV Screening","","",activity_type,,1,,
pr,68,"Permit Holders Class","HIRV Screening","Democratic Republic of Sudan","",citizenship,,1,,
pr,68,"Permit Holders Class","Security Screening","","",activity_type,6,16,,
pr,68,"Permit Holders Class","Security Screening","Democratic Republic of Sudan","",citizenship,,2,,
pr,68,"Permit Holders Class","Security Screening",Haiti,"",citizenship,,1,,
pr,68,"Permit Holders Class","Security Screening",Libya,"",citizenship,2,2,,
pr,68,"Permit Holders Class","Security Screening",Mexico,"",citizenship,1,1,,
pr,68,"Permit Holders Class","Security Screening","Palestinian Authority (Gaza/West Bank)","",citizenship,,2,,
pr,68,"Permit Holders Class","Security Screening","Saudi Arabia","",citizenship,1,1,,
pr,68,"Permit Holders Class","Security Screening","Sri Lanka","",citizenship,,1,,
pr,68,"Permit Holders Class","Security Screening",Stateless,"",citizenship,,1,,
pr,68,"Permit Holders Class","Security Screening",Syria,"",citizenship,1,1,,
pr,68,"Permit Holders Class","Security Screening",Turkey,"",citizenship,1,1,,
pr,68,"Permit Holders Class","Security Screening","United Kingdom and Overseas Territories","",citizenship,,2,,
pr,68,"Permit Holders Class","Security Screening","United States of America","",citizenship,,1,,
pr,68,"Protected Persons","","","",immigration_category,3759,36003,,
pr,68,"Protected Persons","HIRV Screening","","",activity_type,11,56,,
pr,68,"Protected Persons","HIRV Screening",Afghanistan,"",citizenship,1,2,,
pr,68,"Protected Persons","HIRV Screening",Burundi,"",citizenship,2,7,,
pr,68,"Protected Persons","HIRV Screening","Congo, Democratic Republic of the","",citizenship,,2,,
pr,68,"Protected Persons","HIRV Screening","El Salvador","",citizenship,,1,,
pr,68,"Protected Persons","HIRV Screening",Eritrea,"",citizenship,4,17,,
pr,68,"Protected Persons","HIRV Screening",Ethiopia,"",citizenship,1,3,,
pr,68,"Protected Persons","HIRV Screening",Haiti,"",citizenship,,2,,
pr,68,"Protected Persons","HIRV Screening",Iraq,"",citizenship,,1,,
pr,68,"Protected Persons","HIRV Screening",Pakistan,"",citizenship,1,3,,
pr,68,"Protected Persons","HIRV Screening","Republic of Ivory Coast","",citizenship,,1,,
pr,68,"Protected Persons","HIRV Screening",Russia,"",citizenship,,1,,
pr,68,"Protected Persons","HIRV Screening",Rwanda,"",citizenship,2,8,,
pr,68,"Protected Persons","HIRV Screening","Somalia, Democratic Republic of","",citizenship,,1,,
pr,68,"Protected Persons","HIRV Screening",Syria,"",citizenship,,4,,
pr,69,"Protected Persons","HIRV Screening","Togo, Republic of","",citizenship,,1,,
pr,69,"Protected Persons","HIRV Screening",Turkey,"",citizenship,,2,,
pr,69,"Protected Persons","Org Crime Screening","","",activity_type,6,116,,
pr,69,"Protected Persons","Org Crime Screening",Afghanistan,"",citizenship,,3,,
pr,69,"Protected Persons","Org Crime Screening",Barbados,"",citizenship,,1,,
pr,69,"Protected Persons","Org Crime Screening",Colombia,"",citizenship,1,13,,
pr,69,"Protected Persons","Org Crime Screening",Croatia,"",citizenship,,1,,
pr,69,"Protected Persons","Org Crime Screening",Cuba,"",citizenship,,1,,
pr,69,"Protected Persons","Org Crime Screening","El Salvador","",citizenship,,3,,
pr,69,"Protected Persons","Org Crime Screening",Eritrea,"",citizenship,,1,,
pr,69,"Protected Persons","Org Crime Screening",Ethiopia,"",citizenship,,1,,
pr,69,"Protected Persons","Org Crime Screening",Georgia,"",citizenship,,3,,
pr,69,"Protected Persons","Org Crime Screening",Haiti,"",citizenship,,2,,
pr,69,"Protected Persons","Org Crime Screening",Honduras,"",citizenship,,2,,
pr,69,"Protected Persons","Org Crime Screening",Hungary,"",citizenship,,18,,
pr,69,"Protected Persons","Org Crime Screening",India,"",citizenship,,2,,
pr,69,"Protected Persons","Org Crime Screening",Iran,"",citizenship,2,5,,
pr,69,"Protected Persons","Org Crime Screening",Singapore,"",citizenship,1,1,,
pr,69,"Protected Persons","Org Crime Screening",Jamaica,"",citizenship,,2,,
pr,69,"Protected Persons","Org Crime Screening",Kazakhstan,"",citizenship,,2,,
pr,69,"Protected Persons","Org Crime Screening",Mexico,"",citizenship,,1,,
pr,69,"Protected Persons","Org Crime Screening","Mongolia, People's Republic of","",citizenship,,1,,
pr,69,"Protected Persons","Org Crime Screening",Namibia,"",citizenship,,2,,
pr,69,"Protected Persons","Org Crime Screening",Nigeria,"",citizenship,1,7,,
pr,69,"Protected Persons","Org Crime Screening",Pakistan,"",citizenship,1,4,,
pr,69,"Protected Persons","Org Crime Screening","Panama, Republic of","",citizenship,,2,,
pr,69,"Protected Persons","Org Crime Screening","Peoples Republic of Benin","",citizenship,,1,,
pr,69,"Protected Persons","Org Crime Screening","People's Republic of China","",citizenship,1,7,,
pr,69,"Protected Persons","Org Crime Screening",Peru,"",citizenship,,1,,
pr,69,"Protected Persons","Org Crime Screening",Philippines,"",citizenship,,1,,
pr,69,"Protected Persons","Org Crime Screening",Poland,"",citizenship,,2,,
pr,69,"Protected Persons","Org Crime Screening",Romania,"",citizenship,,12,,
pr,69,"Protected Persons","Org Crime Screening",Senegal,"",citizenship,,1,,
pr,69,"Protected Persons","Org Crime Screening","Slovak Republic","",citizenship,,2,,
pr,69,"Protected Persons","Org Crime Screening","Sri Lanka","",citizenship,,4,,
pr,69,"Protected Persons","Org Crime Screening","St. Lucia","",citizenship,,1,,
pr,69,"Protected Persons","Org Crime Screening",Stateless,"",citizenship,,1,,
pr,69,"Protected Persons","Org Crime Screening",Syria,"",citizenship,,3,,
pr,69,"Protected Persons","Org Crime Screening",Turkey,"",citizenship,,1,,
pr,69,"Protected Persons","Org Crime Screening","United Republic of Tanzania","",citizenship,,1,,
pr,69,"Protected Persons","Org Crime Screening",Zimbabwe,"",citizenship,,1,,
pr,69,"Protected Persons","Org Crime Screening","Missing data","",citizenship,-1,-1,MISSING_DATA_PLACEHOLDER,"Placeholder reconciling the source's own inconsistency: the printed parent total differs from the sum of its printed detail rows by -1/-1 (the document does not foot). Added so the group reconciles."
pr,69,"Protected Persons","Security Screening","","",activity_type,3742,35831,,
pr,69,"Protected Persons","Security Screening",Afghanistan,"",citizenship,562,6045,,
pr,69,"Protected Persons","Security Screening",Albania,"",citizenship,1,69,,
pr,70,"Protected Persons","Security Screening",Algeria,"",citizenship,12,88,,
pr,70,"Protected Persons","Security Screening",Angola,"",citizenship,6,59,,
pr,70,"Protected Persons","Security Screening","Antigua and Barbuda","",citizenship,,1,,
pr,70,"Protected Persons","Security Screening",Argentina,"",citizenship,,2,,
pr,70,"Protected Persons","Security Screening",Armenia,"",citizenship,,5,,
pr,70,"Protected Persons","Security Screening",Azerbaijan,"",citizenship,,133,,
pr,70,"Protected Persons","Security Screening","Bahama Islands, The","",citizenship,2,26,,
pr,70,"Protected Persons","Security Screening",Bahrain,"",citizenship,,9,,
pr,70,"Protected Persons","Security Screening",Bangladesh,"",citizenship,10,234,,
pr,70,"Protected Persons","Security Screening",Barbados,"",citizenship,1,11,,
pr,70,"Protected Persons","Security Screening",Belarus,"",citizenship,,8,,
pr,70,"Protected Persons","Security Screening",Belgium,"",citizenship,1,1,,
pr,70,"Protected Persons","Security Screening",Belize,"",citizenship,,1,,
pr,70,"Protected Persons","Security Screening",Bolivia,"",citizenship,3,9,,
pr,70,"Protected Persons","Security Screening",Bosnia-Hercegovina,"",citizenship,1,3,,
pr,70,"Protected Persons","Security Screening","Botswana, Republic of","",citizenship,,6,,
pr,70,"Protected Persons","Security Screening",Brazil,"",citizenship,1,12,,
pr,70,"Protected Persons","Security Screening",Bulgaria,"",citizenship,,13,,
pr,70,"Protected Persons","Security Screening",Burkina-Faso,"",citizenship,6,13,,
pr,70,"Protected Persons","Security Screening",Burundi,"",citizenship,60,530,,
pr,70,"Protected Persons","Security Screening",Cambodia,"",citizenship,,18,,
pr,70,"Protected Persons","Security Screening","Central African Republic","",citizenship,7,29,,
pr,70,"Protected Persons","Security Screening","Chad, Republic of","",citizenship,57,138,,
pr,70,"Protected Persons","Security Screening",Chile,"",citizenship,1,11,,
pr,70,"Protected Persons","Security Screening",Colombia,"",citizenship,97,638,,
pr,70,"Protected Persons","Security Screening",Comoros,"",citizenship,,3,,
pr,70,"Protected Persons","Security Screening","Congo, Democratic Republic of the","",citizenship,66,308,,
pr,70,"Protected Persons","Security Screening","Congo, People's Republic of the","",citizenship,3,36,,
pr,70,"Protected Persons","Security Screening","Costa Rica","",citizenship,,1,,
pr,70,"Protected Persons","Security Screening",Croatia,"",citizenship,,29,,
pr,70,"Protected Persons","Security Screening",Cuba,"",citizenship,10,35,,
pr,70,"Protected Persons","Security Screening","Czech Republic","",citizenship,,32,,
pr,70,"Protected Persons","Security Screening","Democratic Republic of Sudan","",citizenship,85,684,,
pr,71,"Protected Persons","Security Screening",Dominica,"",citizenship,,3,,
pr,71,"Protected Persons","Security Screening","Dominican Republic","",citizenship,1,12,,
pr,71,"Protected Persons","Security Screening","East Timor, Democratic Republic of","",citizenship,,1,,
pr,71,"Protected Persons","Security Screening",Ecuador,"",citizenship,,7,,
pr,71,"Protected Persons","Security Screening",Egypt,"",citizenship,24,489,,
pr,71,"Protected Persons","Security Screening",Singapore,"",citizenship,,1,,
pr,71,"Protected Persons","Security Screening","El Salvador","",citizenship,11,212,,
pr,71,"Protected Persons","Security Screening",Eritrea,"",citizenship,340,1739,,
pr,71,"Protected Persons","Security Screening",Estonia,"",citizenship,,1,,
pr,71,"Protected Persons","Security Screening",Ethiopia,"",citizenship,107,675,,
pr,71,"Protected Persons","Security Screening","Federal Republic of Cameroon","",citizenship,17,150,,
pr,71,"Protected Persons","Security Screening","Federal Republic of Germany","",citizenship,1,1,,
pr,71,"Protected Persons","Security Screening",France,"",citizenship,,1,,
pr,71,"Protected Persons","Security Screening","Gabon Republic","",citizenship,3,10,,
pr,71,"Protected Persons","Security Screening",Gambia,"",citizenship,1,12,,
pr,71,"Protected Persons","Security Screening",Georgia,"",citizenship,3,113,,
pr,71,"Protected Persons","Security Screening",Ghana,"",citizenship,4,30,,
pr,71,"Protected Persons","Security Screening",Greece,"",citizenship,,3,,
pr,71,"Protected Persons","Security Screening",Grenada,"",citizenship,,1,,
pr,71,"Protected Persons","Security Screening",Guatemala,"",citizenship,6,55,,
pr,71,"Protected Persons","Security Screening","Guinea, Republic of","",citizenship,9,36,,
pr,71,"Protected Persons","Security Screening",Guyana,"",citizenship,,10,,
pr,71,"Protected Persons","Security Screening",Haiti,"",citizenship,109,456,,
pr,72,"Protected Persons","Security Screening",Honduras,"",citizenship,3,70,,
pr,72,"Protected Persons","Security Screening","Hong Kong SAR","",citizenship,,6,,
pr,72,"Protected Persons","Security Screening",Hungary,"",citizenship,,281,,
pr,72,"Protected Persons","Security Screening",India,"",citizenship,7,423,,
pr,72,"Protected Persons","Security Screening",Iran,"",citizenship,231,2082,,
pr,72,"Protected Persons","Security Screening",Iraq,"",citizenship,162,2348,,
pr,72,"Protected Persons","Security Screening",Israel,"",citizenship,1,15,,
pr,72,"Protected Persons","Security Screening",Italy,"",citizenship,,4,,
pr,72,"Protected Persons","Security Screening",Jamaica,"",citizenship,2,43,,
pr,72,"Protected Persons","Security Screening",Japan,"",citizenship,,1,,
pr,72,"Protected Persons","Security Screening",Jordan,"",citizenship,10,131,,
pr,72,"Protected Persons","Security Screening",Kazakhstan,"",citizenship,1,21,,
pr,72,"Protected Persons","Security Screening",Kenya,"",citizenship,4,56,,
pr,72,"Protected Persons","Security Screening","Korea, Republic of","",citizenship,,13,,
pr,72,"Protected Persons","Security Screening","Kosovo, Republic of","",citizenship,,22,,
pr,72,"Protected Persons","Security Screening",Kuwait,"",citizenship,,4,,
pr,72,"Protected Persons","Security Screening",Kyrgyzstan,"",citizenship,1,8,,
pr,72,"Protected Persons","Security Screening",Latvia,"",citizenship,,4,,
pr,72,"Protected Persons","Security Screening",Lebanon,"",citizenship,22,287,,
pr,72,"Protected Persons","Security Screening",Liberia,"",citizenship,2,18,,
pr,72,"Protected Persons","Security Screening",Libya,"",citizenship,9,655,,
pr,72,"Protected Persons","Security Screening",Lithuania,"",citizenship,,1,,
pr,73,"Protected Persons","Security Screening",Macedonia,"",citizenship,,3,,
pr,73,"Protected Persons","Security Screening",Madagascar,"",citizenship,,3,,
pr,73,"Protected Persons","Security Screening",Malawi,"",citizenship,1,3,,
pr,73,"Protected Persons","Security Screening","Maldives, Republic of","",citizenship,,3,,
pr,73,"Protected Persons","Security Screening","Mali, Republic of","",citizenship,4,31,,
pr,73,"Protected Persons","Security Screening",Malta,"",citizenship,,1,,
pr,73,"Protected Persons","Security Screening",Mauritania,"",citizenship,6,27,,
pr,73,"Protected Persons","Security Screening",Mauritius,"",citizenship,,2,,
pr,73,"Protected Persons","Security Screening",Mexico,"",citizenship,38,345,,
pr,73,"Protected Persons","Security Screening",Moldova,"",citizenship,1,6,,
pr,73,"Protected Persons","Security Screening","Mongolia, People's Republic of","",citizenship,1,17,,
pr,73,"Protected Persons","Security Screening","Montenegro, Republic of","",citizenship,,3,,
pr,73,"Protected Persons","Security Screening",Morocco,"",citizenship,,17,,
pr,73,"Protected Persons","Security Screening","Myanmar (Burma)","",citizenship,2,23,,
pr,73,"Protected Persons","Security Screening",Singapore,"",citizenship,,10,,
pr,73,"Protected Persons","Security Screening",Namibia,"",citizenship,,20,,
pr,73,"Protected Persons","Security Screening",Nepal,"",citizenship,4,100,,
pr,73,"Protected Persons","Security Screening",Nicaragua,"",citizenship,11,61,,
pr,73,"Protected Persons","Security Screening",Nigeria,"",citizenship,25,738,,
pr,73,"Protected Persons","Security Screening",Norway,"",citizenship,,2,,
pr,73,"Protected Persons","Security Screening",Oman,"",citizenship,1,1,,
pr,73,"Protected Persons","Security Screening",Other,"",citizenship,2,3,,
pr,73,"Protected Persons","Security Screening",Pakistan,"",citizenship,73,1358,,
pr,73,"Protected Persons","Security Screening","Palestinian Authority (Gaza/West Bank)","",citizenship,49,469,,
pr,73,"Protected Persons","Security Screening","Panama, Republic of","",citizenship,,4,,
pr,73,"Protected Persons","Security Screening",Paraguay,"",citizenship,,1,,
pr,73,"Protected Persons","Security Screening","Peoples Republic of Benin","",citizenship,3,12,,
pr,73,"Protected Persons","Security Screening","People's Republic of China","",citizenship,296,735,,
pr,74,"Protected Persons","Security Screening",Peru,"",citizenship,1,9,,
pr,74,"Protected Persons","Security Screening",Philippines,"",citizenship,1,17,,
pr,74,"Protected Persons","Security Screening",Poland,"",citizenship,,10,,
pr,74,"Protected Persons","Security Screening",Portugal,"",citizenship,,2,,
pr,74,"Protected Persons","Security Screening","Republic of Djibouti","",citizenship,14,87,,
pr,74,"Protected Persons","Security Screening","Republic of Indonesia","",citizenship,1,10,,
pr,74,"Protected Persons","Security Screening","Republic of Ivory Coast","",citizenship,5,31,,
pr,74,"Protected Persons","Security Screening","Republic of South Africa","",citizenship,,12,,
pr,74,"Protected Persons","Security Screening","Republic of the Niger","",citizenship,1,4,,
pr,74,"Protected Persons","Security Screening",Romania,"",citizenship,,41,,
pr,74,"Protected Persons","Security Screening",Russia,"",citizenship,8,128,,
pr,74,"Protected Persons","Security Screening",Rwanda,"",citizenship,28,189,,
pr,74,"Protected Persons","Security Screening","Saudi Arabia","",citizenship,3,70,,
pr,74,"Protected Persons","Security Screening",Senegal,"",citizenship,5,23,,
pr,74,"Protected Persons","Security Screening","Serbia, Republic of","",citizenship,,4,,
pr,74,"Protected Persons","Security Screening","Sierra Leone","",citizenship,,11,,
pr,74,"Protected Persons","Security Screening",Singapore,"",citizenship,,1,,
pr,74,"Protected Persons","Security Screening","Slovak Republic","",citizenship,,98,,
pr,74,"Protected Persons","Security Screening",Slovenia,"",citizenship,1,2,,
pr,74,"Protected Persons","Security Screening","Socialist Republic of Vietnam","",citizenship,7,29,,
pr,74,"Protected Persons","Security Screening","Somalia, Democratic Republic of","",citizenship,243,1465,,
pr,74,"Protected Persons","Security Screening","South Sudan, Republic Of","",citizenship,1,14,,
pr,74,"Protected Persons","Security Screening",Spain,"",citizenship,,3,,
pr,74,"Protected Persons","Security Screening","Sri Lanka","",citizenship,17,673,,
pr,74,"Protected Persons","Security Screening","St. Kitts-Nevis","",citizenship,,1,,
pr,74,"Protected Persons","Security Screening","St. Lucia","",citizenship,1,19,,
pr,74,"Protected Persons","Security Screening","St. Vincent and the Grenadines","",citizenship,,13,,
pr,74,"Protected Persons","Security Screening",Stateless,"",citizenship,23,331,,
pr,75,"Protected Persons","Security Screening",Singapore,"",citizenship,,4,,
pr,75,"Protected Persons","Security Screening",Swaziland,"",citizenship,,7,,
pr,75,"Protected Persons","Security Screening",Syria,"",citizenship,445,5512,,
pr,75,"Protected Persons","Security Screening",Tajikistan,"",citizenship,3,11,,
pr,75,"Protected Persons","Security Screening",Taiwan,"",citizenship,,1,,
pr,75,"Protected Persons","Security Screening","The Netherlands","",citizenship,,2,,
pr,75,"Protected Persons","Security Screening","Togo, Republic of","",citizenship,4,20,,
pr,75,"Protected Persons","Security Screening","Trinidad and Tobago, Republic of","",citizenship,,3,,
pr,75,"Protected Persons","Security Screening",Tunisia,"",citizenship,,18,,
pr,75,"Protected Persons","Security Screening",Turkey,"",citizenship,95,1348,,
pr,75,"Protected Persons","Security Screening",Turkmenistan,"",citizenship,,5,,
pr,75,"Protected Persons","Security Screening",Tuvalu,"",citizenship,,1,,
pr,75,"Protected Persons","Security Screening",Uganda,"",citizenship,13,136,,
pr,75,"Protected Persons","Security Screening",Ukraine,"",citizenship,3,241,,
pr,75,"Protected Persons","Security Screening","United Arab Emirates","",citizenship,,2,,
pr,75,"Protected Persons","Security Screening","United Kingdom and Overseas Territories","",citizenship,,7,,
pr,75,"Protected Persons","Security Screening","United Republic of Tanzania","",citizenship,2,10,,
pr,75,"Protected Persons","Security Screening","United States of America","",citizenship,,18,,
pr,75,"Protected Persons","Security Screening",Uzbekistan,"",citizenship,2,22,,
pr,75,"Protected Persons","Security Screening",Venezuela,"",citizenship,32,430,,
pr,76,"Protected Persons","Security Screening","Yemen, Republic of","",citizenship,56,895,,
pr,76,"Protected Persons","Security Screening",Zambia,"",citizenship,,6,,
pr,76,"Protected Persons","Security Screening",Zimbabwe,"",citizenship,35,98,,
pr,69,"Protected Persons","Security Screening","Missing data","",citizenship,92,-12,MISSING_DATA_PLACEHOLDER,"Placeholder reconciling the source's own inconsistency: the printed parent total differs from the sum of its printed detail rows by 92/-12 (the document does not foot). Added so the group reconciles."
pr,76,Unspecified,"","","",immigration_category,91,299,,
pr,76,Unspecified,"Security Screening","","",activity_type,91,299,,
pr,76,Unspecified,"Security Screening",Afghanistan,"",citizenship,2,12,,
pr,76,Unspecified,"Security Screening","Democratic Republic of Sudan","",citizenship,6,7,,
pr,76,Unspecified,"Security Screening",Iran,"",citizenship,3,5,,
pr,76,Unspecified,"Security Screening",Iraq,"",citizenship,1,1,,
pr,76,Unspecified,"Security Screening",Jordan,"",citizenship,7,32,,
pr,76,Unspecified,"Security Screening",Lebanon,"",citizenship,,4,,
pr,76,Unspecified,"Security Screening","Palestinian Authority (Gaza/West Bank)","",citizenship,43,105,,
pr,76,Unspecified,"Security Screening","Somalia, Democratic Republic of","",citizenship,,3,,
pr,76,Unspecified,"Security Screening","St. Kitts-Nevis","",citizenship,,1,,
pr,76,Unspecified,"Security Screening",Stateless,"",citizenship,17,79,,
pr,76,Unspecified,"Security Screening",Syria,"",citizenship,12,49,,
pr,76,Unspecified,"Security Screening",Ukraine,"",citizenship,,1,,
pr,76,"Grand Total","","","",report_total,14743,116725,,
