page,immigration_category,activity_type,citizenship,office,level,total_2025,grand_total,children_sum_2025,children_sum_grand,check,ocr_confidence_2025,ocr_confidence_grand
41,Economic,,,,immigration_category,8043,54714,8043,54714,reconciled,majority,majority
41,Economic,HIRV Screening,,,activity_type,2,40,2,39,MISMATCH,agree,agree
41,Economic,HIRV Screening,Alaeria,,citizenship,,3,0,3,reconciled,empty,agree
41,Economic,HIRV Screening,Alaeria,Paris,office,,3,,,ok_group,empty,agree
41,Economic,HIRV Screening,Banadladesh,,citizenship,,1,0,1,reconciled,empty,agree
41,Economic,HIRV Screening,Banadladesh,CIO Sydney NS,office,,1,,,ok_group,empty,agree
41,Economic,HIRV Screening,"Condo, Democratic Republic of the",,citizenship,,1,0,1,reconciled,empty,agree
41,Economic,HIRV Screening,"Condo, Democratic Republic of the",Case Processing Centre Ottawa,office,,1,,,ok_group,empty,agree
41,Economic,HIRV Screening,Cuba,,citizenship,,1,0,3,MISMATCH,empty,agree
41,Economic,HIRV Screening,Cuba,Mexico City,office,,1,,,IN_FAILED_GROUP,empty,agree
41,Economic,HIRV Screening,Cuba,Eaypt,office,,1,,,IN_FAILED_GROUP,empty,agree
41,Economic,HIRV Screening,Cuba,CIO Sydney NS,office,,1,,,IN_FAILED_GROUP,empty,agree
41,Economic,HIRV Screening,Haiti,,citizenship,,1,0,1,reconciled,empty,agree
41,Economic,HIRV Screening,Haiti,Mexico City,office,,1,,,ok_group,empty,agree
41,Economic,HIRV Screening,India,,citizenship,1,3,1,3,reconciled,agree,agree
41,Economic,HIRV Screening,India,Case Processing Centre Ottawa,office,,1,,,ok_group,empty,agree
41,Economic,HIRV Screening,India,CIO Sydney NS,office,,1,,,ok_group,empty,agree
41,Economic,HIRV Screening,India,Vancouver Immiaration,office,1,1,,,ok_group,agree,agree
41,Economic,HIRV Screening,Iran,,citizenship,,2,0,2,reconciled,empty,agree
41,Economic,HIRV Screening,Iran,Case Processing Centre Ottawa,office,,1,,,ok_group,empty,agree
41,Economic,HIRV Screening,Iran,RROC,office,,1,,,ok_group,empty,agree
41,Economic,HIRV Screening,Iraq,,citizenship,,2,0,2,reconciled,empty,agree
41,Economic,HIRV Screening,Iraq,Abu Dhabi,office,,1,,,ok_group,empty,agree
41,Economic,HIRV Screening,Iraq,RROC,office,,1,,,ok_group,empty,agree
41,Economic,HIRV Screening,Jamaica,,citizenship,,2,0,2,reconciled,empty,agree
41,Economic,HIRV Screening,Jamaica,CIO Sydney NS,office,,1,,,ok_group,empty,agree
41,Economic,HIRV Screening,Jamaica,Vancouver Immiaration,office,,1,,,ok_group,empty,agree
41,Economic,HIRV Screening,"Korea, Republic of",,citizenship,,2,0,2,reconciled,empty,agree
41,Economic,HIRV Screening,"Korea, Republic of",CIO Sydney NS,office,,2,,,ok_group,empty,agree
41,Economic,HIRV Screening,Nigeria,,citizenship,,3,0,3,reconciled,empty,agree
41,Economic,HIRV Screening,Nigeria,Accra,office,,2,,,ok_group,empty,agree
41,Economic,HIRV Screening,Nigeria,CIO Sydney NS,office,,1,,,ok_group,empty,agree
41,Economic,HIRV Screening,Pakistan,,citizenship,,1,0,1,reconciled,empty,agree
41,Economic,HIRV Screening,Pakistan,London Enaland,office,,1,,,ok_group,empty,agree
41,Economic,HIRV Screening,People's Republic of China,,citizenship,,3,0,3,reconciled,empty,agree
41,Economic,HIRV Screening,People's Republic of China,CIO Sydney NS,office,,1,,,ok_group,empty,agree
41,Economic,HIRV Screening,People's Republic of China,Mexico City,office,,1,,,ok_group,empty,agree
41,Economic,HIRV Screening,People's Republic of China,Montreal Immiaration,office,,1,,,ok_group,empty,agree
41,Economic,HIRV Screening,Philippines,,citizenship,1,6,1,6,reconciled,agree,agree
41,Economic,HIRV Screening,Philippines,CIO Sydney NS,office,,3,,,ok_group,empty,agree
41,Economic,HIRV Screening,Philippines,London Enaland,office,,1,,,ok_group,empty,agree
41,Economic,HIRV Screening,Philippines,Manila,office,1,2,,,ok_group,agree,agree
41,Economic,HIRV Screening,Poland,,citizenship,,1,0,1,reconciled,empty,agree
41,Economic,HIRV Screening,Poland,Vancouver Immiaration,office,,1,,,ok_group,empty,agree
41,Economic,HIRV Screening,Rwanda,,citizenship,,3,0,3,reconciled,empty,agree
41,Economic,HIRV Screening,Rwanda,Case Processing Centre Ottawa,office,,1,,,ok_group,empty,agree
41,Economic,HIRV Screening,Rwanda,CIO Sydney NS,office,,1,,,ok_group,empty,agree
41,Economic,HIRV Screening,Rwanda,Paris,office,,1,,,ok_group,empty,agree
41,Economic,HIRV Screening,"Serbia, Republic of",,citizenship,,2,0,2,reconciled,empty,agree
41,Economic,HIRV Screening,"Serbia, Republic of",Vancouver Immiaration,office,,1,,,ok_group,empty,agree
41,Economic,HIRV Screening,"Serbia, Republic of",Vienna,office,,1,,,ok_group,empty,agree
41,Economic,HIRV Screening,Tunisia,,citizenship,,1,0,1,reconciled,empty,agree
41,Economic,HIRV Screening,Tunisia,CIO Sydney NS,office,,1,,,ok_group,empty,agree
41,Economic,HIRV Screening,Venezuela,,citizenship,,1,0,1,reconciled,empty,agree
41,Economic,HIRV Screening,Venezuela,Mexico City,office,,1,,,ok_group,empty,agree
41,Economic,Org Crime Screening,,,activity_type,9,93,9,91,MISMATCH,agree,agree
41,Economic,Org Crime Screening,Albania,,citizenship,,2,0,2,reconciled,empty,agree
41,Economic,Org Crime Screening,Albania,CIO Sydney NS,office,,2,,,ok_group,empty,agree
41,Economic,Org Crime Screening,Banadladesh,,citizenship,,2,0,2,reconciled,empty,agree
41,Economic,Org Crime Screening,Banadladesh,CIO Sydney NS,office,,2,,,ok_group,empty,agree
41,Economic,Org Crime Screening,Brazil,,citizenship,,6,0,6,reconciled,empty,agree
41,Economic,Org Crime Screening,Brazil,CIO Sydney NS,office,,3,,,ok_group,empty,agree
41,Economic,Org Crime Screening,Brazil,Mexico City,office,,3,,,ok_group,empty,agree
41,Economic,Org Crime Screening,Burkina-Faso,,citizenship,1,1,1,1,reconciled,agree,agree
41,Economic,Org Crime Screening,Burkina-Faso,Montreal Immiaration,office,1,1,,,ok_group,agree,agree
41,Economic,Org Crime Screening,Colombia,,citizenship,,3,0,3,reconciled,empty,agree
41,Economic,Org Crime Screening,Colombia,CIO Sydney NS,office,,3,,,ok_group,empty,agree
41,Economic,Org Crime Screening,El Salvador,,citizenship,,2,0,2,reconciled,empty,agree
41,Economic,Org Crime Screening,El Salvador,Mexico City,office,,2,,,ok_group,empty,agree
41,Economic,Org Crime Screening,Federal Republic of Cameroon,,citizenship,1,3,1,3,reconciled,agree,agree
41,Economic,Org Crime Screening,Federal Republic of Cameroon,Montreal Immiaration,office,1,3,,,ok_group,agree,agree
41,Economic,Org Crime Screening,France,,citizenship,,4,0,4,reconciled,empty,agree
41,Economic,Org Crime Screening,France,CIO Sydney NS,office,,1,,,ok_group,empty,agree
41,Economic,Org Crime Screening,France,Montreal Immiaration,office,,3,,,ok_group,empty,agree
41,Economic,Org Crime Screening,Haiti,,citizenship,,1,0,1,reconciled,empty,agree
41,Economic,Org Crime Screening,Haiti,Mexico City,office,,1,,,ok_group,empty,agree
41,Economic,Org Crime Screening,Hunaary,,citizenship,,1,0,1,reconciled,empty,agree
41,Economic,Org Crime Screening,Hunaary,Vienna,office,,1,,,ok_group,empty,agree
41,Economic,Org Crime Screening,India,,citizenship,,4,0,4,reconciled,empty,agree
41,Economic,Org Crime Screening,India,Case Processing Centre Ottawa,office,,2,,,ok_group,empty,agree
41,Economic,Org Crime Screening,India,CIO Sydney NS,office,,2,,,ok_group,empty,agree
41,Economic,Org Crime Screening,Iran,,citizenship,,6,0,6,reconciled,empty,agree
41,Economic,Org Crime Screening,Iran,CIO Sydney NS,office,,2,,,ok_group,empty,agree
41,Economic,Org Crime Screening,Iran,Paris,office,,4,,,ok_group,empty,agree
41,Economic,Org Crime Screening,Italy,,citizenship,,2,0,2,reconciled,empty,agree
41,Economic,Org Crime Screening,Italy,CIO Sydney NS,office,,2,,,ok_group,empty,agree
41,Economic,Org Crime Screening,Jamaica,,citizenship,,2,0,2,reconciled,empty,agree
41,Economic,Org Crime Screening,Jamaica,Kinaston Jamaica,office,,1,,,ok_group,empty,agree
41,Economic,Org Crime Screening,Jamaica,Mexico City,office,,1,,,ok_group,empty,agree
41,Economic,Org Crime Screening,Libya,,citizenship,,1,0,1,reconciled,empty,agree
41,Economic,Org Crime Screening,Libya,CIO Sydney NS,office,,1,,,ok_group,empty,agree
41,Economic,Org Crime Screening,Mexico,,citizenship,,8,0,8,reconciled,empty,agree
41,Economic,Org Crime Screening,Mexico,CIO Sydney NS,office,,6,,,ok_group,empty,agree
41,Economic,Org Crime Screening,Mexico,Mexico City,office,,2,,,ok_group,empty,agree
41,Economic,Org Crime Screening,Moldova,,citizenship,,1,0,1,reconciled,empty,agree
41,Economic,Org Crime Screening,Moldova,Paris,office,,1,,,ok_group,empty,agree
41,Economic,Org Crime Screening,Morocco,,citizenship,,1,0,1,reconciled,empty,agree
41,Economic,Org Crime Screening,Morocco,Case Processing Centre Ottawa,office,,1,,,ok_group,empty,agree
41,Economic,Org Crime Screening,Nigeria,,citizenship,1,3,1,5,MISMATCH,agree,majority
41,Economic,Org Crime Screening,Nigeria,Accra,office,1,1,,,IN_FAILED_GROUP,agree,agree
41,Economic,Org Crime Screening,Nigeria,Case Processing Centre Ottawa,office,,3,,,IN_FAILED_GROUP,empty,agree
41,Economic,Org Crime Screening,Nigeria,Windsor,office,,1,,,IN_FAILED_GROUP,empty,agree
41,Economic,Org Crime Screening,Pakistan,,citizenship,,1,0,1,reconciled,empty,agree
41,Economic,Org Crime Screening,Pakistan,Hamilton,office,,1,,,ok_group,empty,agree
41,Economic,Org Crime Screening,Peoples Republic of Benin,,citizenship,4,12,4,12,reconciled,agree,agree
41,Economic,Org Crime Screening,Peoples Republic of Benin,CIO Sydney NS,office,1,1,,,ok_group,agree,agree
41,Economic,Org Crime Screening,Peoples Republic of Benin,Montreal Immiaration,office,3,11,,,ok_group,agree,agree
41,Economic,Org Crime Screening,People's Republic of China,,citizenship,,7,0,7,reconciled,empty,agree
41,Economic,Org Crime Screening,People's Republic of China,Case Processing Centre Ottawa,office,,3,,,ok_group,empty,agree
41,Economic,Org Crime Screening,People's Republic of China,Honda Kona,office,,2,,,ok_group,empty,agree
41,Economic,Org Crime Screening,People's Republic of China,Mexico City,office,,1,,,ok_group,empty,agree
41,Economic,Org Crime Screening,People's Republic of China,Vancouver Immiaration,office,,1,,,ok_group,empty,agree
41,Economic,Org Crime Screening,Philippines,,citizenship,,1,0,1,reconciled,empty,agree
41,Economic,Org Crime Screening,Philippines,CIO Sydney NS,office,,1,,,ok_group,empty,agree
41,Economic,Org Crime Screening,Republic of Ivory Coast,,citizenship,2,6,2,6,reconciled,agree,agree
41,Economic,Org Crime Screening,Republic of Ivory Coast,CIO Sydney NS,office,,2,,,ok_group,empty,agree
41,Economic,Org Crime Screening,Republic of Ivory Coast,Montreal Immiaration,office,2,4,,,ok_group,agree,agree
41,Economic,Org Crime Screening,Republic of the Niger,,citizenship,,1,0,1,reconciled,empty,agree
41,Economic,Org Crime Screening,Republic of the Niger,Dakar,office,,1,,,ok_group,empty,agree
41,Economic,Org Crime Screening,Romania,,citizenship,,1,0,1,reconciled,empty,agree
41,Economic,Org Crime Screening,Romania,CIO Sydney NS,office,,1,,,ok_group,empty,agree
41,Economic,Org Crime Screening,Russia,,citizenship,,3,0,3,reconciled,empty,agree
41,Economic,Org Crime Screening,Russia,CIO Sydney NS,office,,2,,,ok_group,empty,agree
41,Economic,Org Crime Screening,Russia,Montreal Immiaration,office,,1,,,ok_group,empty,agree
41,Economic,Org Crime Screening,Sri Lanka,,citizenship,,1,0,1,reconciled,empty,agree
41,Economic,Org Crime Screening,Sri Lanka,Edmonton IRCC,office,,1,,,ok_group,empty,agree
41,Economic,Org Crime Screening,St. Kitts-Nevis,,citizenship,,2,0,2,reconciled,empty,agree
41,Economic,Org Crime Screening,St. Kitts-Nevis,Case Processing Centre Ottawa,office,,2,,,ok_group,empty,agree
41,Economic,Org Crime Screening,Ukraine,,citizenship,,2,0,2,reconciled,empty,agree
41,Economic,Org Crime Screening,Ukraine,CIO Sydney NS,office,,1,,,ok_group,empty,agree
41,Economic,Org Crime Screening,Ukraine,Paris,office,,1,,,ok_group,empty,agree
41,Economic,Org Crime Screening,United Republic of Tanzania,,citizenship,,1,0,1,reconciled,empty,agree
41,Economic,Org Crime Screening,United Republic of Tanzania,Case Processing Centre Edmonton,office,,1,,,ok_group,empty,agree
41,Economic,Security Screening,,,activity_type,8032,54581,8519,53324,MISMATCH,majority,majority
41,Economic,Security Screening,Afghanistan,,citizenship,3,39,5,31,MISMATCH,agree,agree
41,Economic,Security Screening,Afghanistan,Case Processing Centre Ottawa,office,,6,,,IN_FAILED_GROUP,empty,agree
41,Economic,Security Screening,Afghanistan,CIO Sydney NS,office,,3,,,IN_FAILED_GROUP,empty,majority
41,Economic,Security Screening,Afghanistan,Edmonton IRCC,office,1,3,,,IN_FAILED_GROUP,agree,majority
41,Economic,Security Screening,Afghanistan,Etobicoke,office,,,,,IN_FAILED_GROUP,empty,none
41,Economic,Security Screening,Afghanistan,Islamabad,office,,,,,IN_FAILED_GROUP,empty,none
42,Economic,Security Screening,Afghanistan,London Enaland,office,,11,,,IN_FAILED_GROUP,empty,agree
42,Economic,Security Screening,Afghanistan,Montreal Immiaration,office,1,1,,,IN_FAILED_GROUP,agree,agree
42,Economic,Security Screening,Afghanistan,Vancouver Immiaration,office,1,2,,,IN_FAILED_GROUP,agree,agree
42,Economic,Security Screening,Afghanistan,Windsor,office,1,2,,,IN_FAILED_GROUP,agree,agree
42,Economic,Security Screening,Afghanistan,Winnipeq,office,1,3,,,IN_FAILED_GROUP,agree,agree
42,Economic,Security Screening,Albania,,citizenship,413,7,13,67,MISMATCH,majority,agree
42,Economic,Security Screening,Albania,Calaary Citizenship and Immiaration Canada,office,,2,,,IN_FAILED_GROUP,empty,agree
42,Economic,Security Screening,Albania,Case Processing Centre Ottawa,office,2,3,,,IN_FAILED_GROUP,agree,majority
42,Economic,Security Screening,Albania,CIO Sydney NS,office,7,16,,,IN_FAILED_GROUP,agree,agree
42,Economic,Security Screening,Albania,Edmonton IRCC,office,,3,,,IN_FAILED_GROUP,empty,majority
42,Economic,Security Screening,Albania,Etobicoke,office,2,3,,,IN_FAILED_GROUP,agree,majority
42,Economic,Security Screening,Albania,Halifax,office,,11,,,IN_FAILED_GROUP,empty,agree
42,Economic,Security Screening,Albania,Montreal Immiaration,office,,3,,,IN_FAILED_GROUP,empty,majority
42,Economic,Security Screening,Albania,Paris,office,,1,,,IN_FAILED_GROUP,empty,agree
42,Economic,Security Screening,Albania,Vancouver Immiaration,office,2,3,,,IN_FAILED_GROUP,agree,majority
42,Economic,Security Screening,Albania,Whitehorse IRCC,office,,18,,,IN_FAILED_GROUP,empty,agree
42,Economic,Security Screening,Albania,Winnipeq,office,,4,,,IN_FAILED_GROUP,empty,agree
42,Economic,Security Screening,Alaeria,,citizenship,187,798,187,778,MISMATCH,agree,majority
42,Economic,Security Screening,Alaeria,Calaary Citizenship and Immiaration Canada,office,,4,,,IN_FAILED_GROUP,empty,agree
42,Economic,Security Screening,Alaeria,Case Processing Centre Ottawa,office,29,152,,,IN_FAILED_GROUP,agree,agree
42,Economic,Security Screening,Alaeria,Charlottetown IRCC,office,,4,,,IN_FAILED_GROUP,empty,agree
42,Economic,Security Screening,Alaeria,CIO Sydney NS,office,125,406,,,IN_FAILED_GROUP,agree,agree
42,Economic,Security Screening,Alaeria,Dakar,office,,2,,,IN_FAILED_GROUP,empty,agree
42,Economic,Security Screening,Alaeria,Edmonton IRCC,office,1,18,,,IN_FAILED_GROUP,agree,agree
42,Economic,Security Screening,Alaeria,Etobicoke,office,1,2,,,IN_FAILED_GROUP,agree,majority
42,Economic,Security Screening,Alaeria,Honda Kona,office,,1,,,IN_FAILED_GROUP,empty,agree
42,Economic,Security Screening,Alaeria,London,office,,1,,,IN_FAILED_GROUP,empty,agree
42,Economic,Security Screening,Alaeria,London Enaland,office,,1,,,IN_FAILED_GROUP,empty,agree
42,Economic,Security Screening,Alaeria,Montreal Immiaration,office,3,12,,,IN_FAILED_GROUP,agree,agree
42,Economic,Security Screening,Alaeria,Ottawa,office,,1,,,IN_FAILED_GROUP,empty,agree
42,Economic,Security Screening,Alaeria,Paris,office,16,76,,,IN_FAILED_GROUP,agree,agree
42,Economic,Security Screening,Alaeria,RROC,office,7,26,,,IN_FAILED_GROUP,agree,agree
42,Economic,Security Screening,Alaeria,Singapore,office,,2,,,IN_FAILED_GROUP,empty,agree
42,Economic,Security Screening,Alaeria,Vancouver Immiaration,office,2,22,,,IN_FAILED_GROUP,agree,agree
42,Economic,Security Screening,Alaeria,Whitehorse IRCC,office,,15,,,IN_FAILED_GROUP,empty,agree
42,Economic,Security Screening,Alaeria,Windsor,office,2,3,,,IN_FAILED_GROUP,agree,agree
42,Economic,Security Screening,Alaeria,Winnipeq,office,1,24,,,IN_FAILED_GROUP,agree,agree
42,Economic,Security Screening,Alaeria,Anaola,office,,3,,,IN_FAILED_GROUP,empty,agree
42,Economic,Security Screening,Alaeria,Case Processing Centre Edmonton,office,,2,,,IN_FAILED_GROUP,empty,agree
42,Economic,Security Screening,Alaeria,Case Processing Centre Ottawa,office,,1,,,IN_FAILED_GROUP,empty,agree
42,Economic,Security Screening,Antigua and Barbuda,,citizenship,,3,0,3,reconciled,empty,agree
42,Economic,Security Screening,Antigua and Barbuda,Case Processing Centre Ottawa,office,,1,,,ok_group,empty,agree
42,Economic,Security Screening,Antigua and Barbuda,CIO Sydney NS,office,,2,,,ok_group,empty,agree
42,Economic,Security Screening,Ardentina,,citizenship,2,24,2,24,reconciled,agree,agree
42,Economic,Security Screening,Ardentina,Case Processing Centre Edmonton,office,,2,,,ok_group,empty,agree
42,Economic,Security Screening,Ardentina,Case Processing Centre Ottawa,office,,1,,,ok_group,empty,agree
42,Economic,Security Screening,Ardentina,CIO Sydney NS,office,1,12,,,ok_group,agree,agree
42,Economic,Security Screening,Ardentina,Etobicoke,office,,1,,,ok_group,empty,agree
42,Economic,Security Screening,Ardentina,Mexico City,office,,1,,,ok_group,empty,agree
42,Economic,Security Screening,Ardentina,Montreal Immiaration,office,,2,,,ok_group,empty,agree
42,Economic,Security Screening,Ardentina,RROC,office,,1,,,ok_group,empty,agree
42,Economic,Security Screening,Ardentina,Whitehorse IRCC,office,,2,,,ok_group,empty,agree
42,Economic,Security Screening,Ardentina,Windsor,office,1,1,,,ok_group,agree,agree
42,Economic,Security Screening,Ardentina,Winnipeq,office,,1,,,ok_group,empty,agree
42,Economic,Security Screening,Armenia,,citizenship,7,56,7,54,MISMATCH,agree,agree
42,Economic,Security Screening,Armenia,Case Processing Centre Edmonton,office,,2,,,IN_FAILED_GROUP,empty,agree
42,Economic,Security Screening,Armenia,Case Processing Centre Ottawa,office,2,11,,,IN_FAILED_GROUP,agree,agree
42,Economic,Security Screening,Armenia,CIO Sydney NS,office,2,10,,,IN_FAILED_GROUP,agree,agree
42,Economic,Security Screening,Armenia,DN West Virtual Team 1,office,,1,,,IN_FAILED_GROUP,empty,agree
42,Economic,Security Screening,Armenia,Edmonton IRCC,office,1,6,,,IN_FAILED_GROUP,agree,agree
42,Economic,Security Screening,Armenia,Etobicoke,office,,2,,,IN_FAILED_GROUP,empty,agree
42,Economic,Security Screening,Armenia,Halifax,office,,1,,,IN_FAILED_GROUP,empty,agree
42,Economic,Security Screening,Armenia,London Enaland,office,,1,,,IN_FAILED_GROUP,empty,agree
42,Economic,Security Screening,Armenia,RROC,office,1,9,,,IN_FAILED_GROUP,agree,agree
42,Economic,Security Screening,Armenia,Vancouver Immiaration,office,1,2,,,IN_FAILED_GROUP,agree,agree
42,Economic,Security Screening,Armenia,Warsaw,office,,3,,,IN_FAILED_GROUP,empty,majority
42,Economic,Security Screening,Armenia,Winnipeq,office,,6,,,IN_FAILED_GROUP,empty,agree
42,Economic,Security Screening,Australia,,citizenship,6,46,6,44,MISMATCH,agree,agree
42,Economic,Security Screening,Australia,Calaary Citizenship and Immiaration Canada,office,,1,,,IN_FAILED_GROUP,empty,agree
42,Economic,Security Screening,Australia,Case Processing Centre Edmonton,office,,6,,,IN_FAILED_GROUP,empty,agree
42,Economic,Security Screening,Australia,Case Processing Centre Ottawa,office,1,11,,,IN_FAILED_GROUP,agree,agree
42,Economic,Security Screening,Australia,CIO Sydney NS,office,4,14,,,IN_FAILED_GROUP,agree,agree
42,Economic,Security Screening,Australia,Edmonton IRCC,office,,1,,,IN_FAILED_GROUP,empty,agree
42,Economic,Security Screening,Australia,Etobicoke,office,,1,,,IN_FAILED_GROUP,empty,agree
42,Economic,Security Screening,Australia,Halifax,office,,2,,,IN_FAILED_GROUP,empty,agree
42,Economic,Security Screening,Australia,Montreal Immiaration,office,,1,,,IN_FAILED_GROUP,empty,agree
42,Economic,Security Screening,Australia,Sydney Australia,office,,3,,,IN_FAILED_GROUP,empty,majority
42,Economic,Security Screening,Australia,Vancouver Immiaration,office,,1,,,IN_FAILED_GROUP,empty,agree
42,Economic,Security Screening,Australia,Whitehorse IRCC,office,,2,,,IN_FAILED_GROUP,empty,agree
42,Economic,Security Screening,Australia,Windsor,office,1,1,,,IN_FAILED_GROUP,agree,agree
42,Economic,Security Screening,Austria,,citizenship,,8,0,8,reconciled,empty,agree
42,Economic,Security Screening,Austria,Case Processing Centre Ottawa,office,,2,,,ok_group,empty,agree
42,Economic,Security Screening,Austria,CIO Sydney NS,office,,3,,,ok_group,empty,agree
42,Economic,Security Screening,Austria,RROC,office,,1,,,ok_group,empty,agree
42,Economic,Security Screening,Austria,Whitehorse IRCC,office,,1,,,ok_group,empty,agree
42,Economic,Security Screening,Austria,Winnipeq,office,,1,,,ok_group,empty,agree
42,Economic,Security Screening,Azerbaiian,,citizenship,123,7,13,69,MISMATCH,majority,majority
42,Economic,Security Screening,Azerbaiian,Calaary Citizenship and Immiaration Canada,office,,2,,,IN_FAILED_GROUP,empty,agree
42,Economic,Security Screening,Azerbaiian,Case Processing Centre Edmonton,office,,2,,,IN_FAILED_GROUP,empty,agree
42,Economic,Security Screening,Azerbaiian,Case Processing Centre Ottawa,office,,13,,,IN_FAILED_GROUP,empty,agree
42,Economic,Security Screening,Azerbaiian,CIO Sydney NS,office,6,29,,,IN_FAILED_GROUP,agree,agree
42,Economic,Security Screening,Azerbaiian,Etobicoke,office,2,2,,,IN_FAILED_GROUP,agree,agree
42,Economic,Security Screening,Azerbaiian,Halifax,office,2,3,,,IN_FAILED_GROUP,agree,agree
42,Economic,Security Screening,Azerbaiian,London,office,,2,,,IN_FAILED_GROUP,empty,agree
42,Economic,Security Screening,Azerbaiian,Montreal Immiaration,office,2,3,,,IN_FAILED_GROUP,agree,majority
42,Economic,Security Screening,Azerbaiian,Paris,office,,6,,,IN_FAILED_GROUP,empty,agree
42,Economic,Security Screening,Azerbaiian,RROC,office,1,1,,,IN_FAILED_GROUP,agree,agree
42,Economic,Security Screening,Azerbaiian,Vancouver Immiaration,office,,2,,,IN_FAILED_GROUP,empty,agree
42,Economic,Security Screening,Azerbaiian,Whitehorse IRCC,office,,1,,,IN_FAILED_GROUP,empty,agree
42,Economic,Security Screening,Azerbaiian,Windsor,office,,1,,,IN_FAILED_GROUP,empty,agree
42,Economic,Security Screening,Azerbaiian,Yellowknife,office,,2,,,IN_FAILED_GROUP,empty,agree
42,Economic,Security Screening,"Bahama Islands, The",,citizenship,1,9,1,9,reconciled,agree,agree
42,Economic,Security Screening,"Bahama Islands, The",CIO Sydney NS,office,,1,,,ok_group,empty,agree
42,Economic,Security Screening,"Bahama Islands, The",Halifax,office,1,1,,,ok_group,agree,agree
42,Economic,Security Screening,"Bahama Islands, The",Montreal Immiaration,office,,1,,,ok_group,empty,agree
42,Economic,Security Screening,"Bahama Islands, The",Vancouver Immiaration,office,,2,,,ok_group,empty,agree
42,Economic,Security Screening,"Bahama Islands, The",Whitehorse IRCC,office,,4,,,ok_group,empty,agree
42,Economic,Security Screening,Bahrain,,citizenship,,7,0,7,reconciled,empty,agree
42,Economic,Security Screening,Bahrain,Case Processing Centre Ottawa,office,,4,,,ok_group,empty,agree
42,Economic,Security Screening,Bahrain,Vancouver Immiaration,office,,1,,,ok_group,empty,agree
42,Economic,Security Screening,Bahrain,Whitehorse IRCC,office,,1,,,ok_group,empty,agree
42,Economic,Security Screening,Bahrain,Winnipeq,office,,1,,,ok_group,empty,agree
42,Economic,Security Screening,Banadladesh,,citizenship,6,582,27,562,MISMATCH,majority,majority
42,Economic,Security Screening,Banadladesh,Calaary Citizenship and Immiaration Canada,office,,9,,,IN_FAILED_GROUP,empty,agree
42,Economic,Security Screening,Banadladesh,Case Processing Centre Edmonton,office,4,37,,,IN_FAILED_GROUP,agree,majority
42,Economic,Security Screening,Banadladesh,Case Processing Centre Ottawa,office,,51,,,IN_FAILED_GROUP,none,majority
42,Economic,Security Screening,Banadladesh,CIO Sydney NS,office,2,174,,,IN_FAILED_GROUP,majority,agree
42,Economic,Security Screening,Banadladesh,DN West Virtual Team 1,office,,2,,,IN_FAILED_GROUP,empty,agree
42,Economic,Security Screening,Banadladesh,Edmonton IRCC,office,2,7,,,IN_FAILED_GROUP,majority,majority
42,Economic,Security Screening,Banadladesh,Etobicoke,office,2,33,,,IN_FAILED_GROUP,agree,agree
42,Economic,Security Screening,Banadladesh,Halifax,office,6,14,,,IN_FAILED_GROUP,agree,agree
42,Economic,Security Screening,Banadladesh,HM-New Ineliaibility,office,,1,,,IN_FAILED_GROUP,empty,agree
42,Economic,Security Screening,Banadladesh,London,office,1,1,,,IN_FAILED_GROUP,agree,agree
42,Economic,Security Screening,Banadladesh,London Enaland,office,,1,,,IN_FAILED_GROUP,empty,agree
42,Economic,Security Screening,Banadladesh,Montreal Immiaration,office,2,24,,,IN_FAILED_GROUP,agree,agree
42,Economic,Security Screening,Banadladesh,Ottawa,office,,9,,,IN_FAILED_GROUP,empty,agree
42,Economic,Security Screening,Banadladesh,Rome,office,,1,,,IN_FAILED_GROUP,empty,agree
42,Economic,Security Screening,Banadladesh,RROC,office,1,13,,,IN_FAILED_GROUP,agree,agree
42,Economic,Security Screening,Banadladesh,Singapore,office,,18,,,IN_FAILED_GROUP,empty,agree
42,Economic,Security Screening,Banadladesh,Sydney Australia,office,,1,,,IN_FAILED_GROUP,empty,agree
42,Economic,Security Screening,Banadladesh,Vancouver Immiaration,office,5,29,,,IN_FAILED_GROUP,majority,agree
42,Economic,Security Screening,Banadladesh,Whitehorse IRCC,office,,81,,,IN_FAILED_GROUP,empty,agree
42,Economic,Security Screening,Banadladesh,Windsor,office,,26,,,IN_FAILED_GROUP,none,agree
42,Economic,Security Screening,Banadladesh,Winnipeq,office,2,28,,,IN_FAILED_GROUP,agree,agree
42,Economic,Security Screening,Banadladesh,Yellowknife,office,,2,,,IN_FAILED_GROUP,empty,agree
42,Economic,Security Screening,Barbados,,citizenship,,4,0,4,reconciled,empty,agree
42,Economic,Security Screening,Barbados,Case Processing Centre Edmonton,office,,3,,,ok_group,empty,agree
42,Economic,Security Screening,Barbados,Case Processing Centre Ottawa,office,,1,,,ok_group,empty,agree
42,Economic,Security Screening,Belarus,,citizenship,123,94,4,87,MISMATCH,majority,agree
42,Economic,Security Screening,Belarus,Calaary Citizenship and Immiaration Canada,office,,3,,,IN_FAILED_GROUP,empty,agree
42,Economic,Security Screening,Belarus,Case Processing Centre Edmonton,office,,1,,,IN_FAILED_GROUP,empty,agree
42,Economic,Security Screening,Belarus,Case Processing Centre Ottawa,office,,9,,,IN_FAILED_GROUP,empty,agree
42,Economic,Security Screening,Belarus,CIO Sydney NS,office,,51,,,IN_FAILED_GROUP,none,majority
42,Economic,Security Screening,Belarus,Edmonton IRCC,office,,1,,,IN_FAILED_GROUP,empty,agree
42,Economic,Security Screening,Belarus,Etobicoke,office,,3,,,IN_FAILED_GROUP,empty,agree
42,Economic,Security Screening,Belarus,Fredericton IRCC,office,,2,,,IN_FAILED_GROUP,empty,agree
42,Economic,Security Screening,Belarus,Halifax,office,,,,,IN_FAILED_GROUP,empty,none
43,Economic,Security Screening,Belarus,Mexico City,office,,1,,,IN_FAILED_GROUP,empty,agree
43,Economic,Security Screening,Belarus,Montreal Immiaration,office,,1,,,IN_FAILED_GROUP,empty,agree
43,Economic,Security Screening,Belarus,RROC,office,,1,,,IN_FAILED_GROUP,empty,agree
43,Economic,Security Screening,Belarus,Sydney Australia,office,,1,,,IN_FAILED_GROUP,empty,agree
43,Economic,Security Screening,Belarus,Vancouver Immiaration,office,4,3,,,IN_FAILED_GROUP,agree,majority
43,Economic,Security Screening,Belarus,Warsaw,office,,3,,,IN_FAILED_GROUP,empty,majority
43,Economic,Security Screening,Belarus,Whitehorse IRCC,office,,6,,,IN_FAILED_GROUP,empty,agree
43,Economic,Security Screening,Belarus,Windsor,office,,1,,,IN_FAILED_GROUP,empty,agree
43,Economic,Security Screening,Beldium,,citizenship,3,2,3,23,MISMATCH,agree,majority
43,Economic,Security Screening,Beldium,Case Processing Centre Ottawa,office,1,7,,,IN_FAILED_GROUP,agree,agree
43,Economic,Security Screening,Beldium,CIO Sydney NS,office,1,4,,,IN_FAILED_GROUP,agree,agree
43,Economic,Security Screening,Beldium,Etobicoke,office,1,3,,,IN_FAILED_GROUP,agree,agree
43,Economic,Security Screening,Beldium,Montreal Immiaration,office,,2,,,IN_FAILED_GROUP,empty,agree
43,Economic,Security Screening,Beldium,Paris,office,,6,,,IN_FAILED_GROUP,empty,agree
43,Economic,Security Screening,Beldium,Whitehorse IRCC,office,,1,,,IN_FAILED_GROUP,empty,agree
43,Economic,Security Screening,Belize,,citizenship,1,4,1,4,reconciled,agree,agree
43,Economic,Security Screening,Belize,Case Processing Centre Edmonton,office,,2,,,ok_group,empty,agree
43,Economic,Security Screening,Belize,CIO Sydney NS,office,1,1,,,ok_group,agree,agree
43,Economic,Security Screening,Belize,Mexico City,office,,1,,,ok_group,empty,agree
43,Economic,Security Screening,Bhutan,,citizenship,1,3,1,5,MISMATCH,agree,majority
43,Economic,Security Screening,Bhutan,CIO Sydney NS,office,1,1,,,IN_FAILED_GROUP,agree,agree
43,Economic,Security Screening,Bhutan,Whitehorse IRCC,office,,4,,,IN_FAILED_GROUP,empty,agree
43,Economic,Security Screening,Bolivia,,citizenship,2,7,3,7,MISMATCH,majority,agree
43,Economic,Security Screening,Bolivia,Case Processing Centre Edmonton,office,,1,,,IN_FAILED_GROUP,empty,agree
43,Economic,Security Screening,Bolivia,Case Processing Centre Ottawa,office,,1,,,IN_FAILED_GROUP,empty,agree
43,Economic,Security Screening,Bolivia,CIO Sydney NS,office,3,4,,,IN_FAILED_GROUP,agree,agree
43,Economic,Security Screening,Bolivia,Whitehorse IRCC,office,,1,,,IN_FAILED_GROUP,empty,agree
43,Economic,Security Screening,Bosnia-Herceqovina,,citizenship,,2,0,23,MISMATCH,empty,majority
43,Economic,Security Screening,Bosnia-Herceqovina,Calaary Citizenship and Immiaration Canada,office,,1,,,IN_FAILED_GROUP,empty,agree
43,Economic,Security Screening,Bosnia-Herceqovina,Case Processing Centre Edmonton,office,,1,,,IN_FAILED_GROUP,empty,agree
43,Economic,Security Screening,Bosnia-Herceqovina,Case Processing Centre Ottawa,office,,2,,,IN_FAILED_GROUP,empty,agree
43,Economic,Security Screening,Bosnia-Herceqovina,CIO Sydney NS,office,,9,,,IN_FAILED_GROUP,empty,agree
43,Economic,Security Screening,Bosnia-Herceqovina,Etobicoke,office,,3,,,IN_FAILED_GROUP,empty,agree
43,Economic,Security Screening,Bosnia-Herceqovina,Halifax,office,,4,,,IN_FAILED_GROUP,empty,agree
43,Economic,Security Screening,Bosnia-Herceqovina,Montreal Immiaration,office,,1,,,IN_FAILED_GROUP,empty,agree
43,Economic,Security Screening,Bosnia-Herceqovina,Vancouver Immiaration,office,,1,,,IN_FAILED_GROUP,empty,agree
43,Economic,Security Screening,Bosnia-Herceqovina,Whitehorse IRCC,office,,1,,,IN_FAILED_GROUP,empty,agree
43,Economic,Security Screening,"Botswana, Republic of",,citizenship,,2,0,2,reconciled,empty,agree
43,Economic,Security Screening,"Botswana, Republic of",Vancouver Immiaration,office,,2,,,ok_group,empty,agree
43,Economic,Security Screening,Brazil,,citizenship,96,638,36,618,MISMATCH,agree,agree
43,Economic,Security Screening,Brazil,Calaary Citizenship and Immiaration Canada,office,,6,,,IN_FAILED_GROUP,empty,agree
43,Economic,Security Screening,Brazil,Case Processing Centre Edmonton,office,2,32,,,IN_FAILED_GROUP,agree,agree
43,Economic,Security Screening,Brazil,Case Processing Centre Ottawa,office,6,45,,,IN_FAILED_GROUP,agree,agree
43,Economic,Security Screening,Brazil,CIO Sydney NS,office,7,286,,,IN_FAILED_GROUP,majority,agree
43,Economic,Security Screening,Brazil,DN West Virtual Team 1,office,1,1,,,IN_FAILED_GROUP,agree,agree
43,Economic,Security Screening,Brazil,Edmonton IRCC,office,2,29,,,IN_FAILED_GROUP,agree,agree
43,Economic,Security Screening,Brazil,Etobicoke,office,,11,,,IN_FAILED_GROUP,empty,agree
43,Economic,Security Screening,Brazil,Fredericton IRCC,office,,2,,,IN_FAILED_GROUP,empty,agree
43,Economic,Security Screening,Brazil,Halifax,office,4,21,,,IN_FAILED_GROUP,agree,agree
43,Economic,Security Screening,Brazil,HM Toronto,office,6,28,,,IN_FAILED_GROUP,agree,agree
43,Economic,Security Screening,Brazil,HM Vancouver,office,,3,,,IN_FAILED_GROUP,empty,agree
43,Economic,Security Screening,Brazil,London,office,,2,,,IN_FAILED_GROUP,empty,agree
43,Economic,Security Screening,Brazil,Mexico City,office,,7,,,IN_FAILED_GROUP,empty,agree
43,Economic,Security Screening,Brazil,Montreal Immiaration,office,1,26,,,IN_FAILED_GROUP,agree,agree
43,Economic,Security Screening,Brazil,Niagara Falls IRCC,office,,1,,,IN_FAILED_GROUP,empty,agree
43,Economic,Security Screening,Brazil,Ottawa,office,,1,,,IN_FAILED_GROUP,empty,agree
43,Economic,Security Screening,Brazil,RROC,office,1,3,,,IN_FAILED_GROUP,agree,agree
43,Economic,Security Screening,Brazil,Vancouver Immiaration,office,2,7,,,IN_FAILED_GROUP,agree,majority
43,Economic,Security Screening,Brazil,Whitehorse IRCC,office,,92,,,IN_FAILED_GROUP,empty,agree
43,Economic,Security Screening,Brazil,Windsor,office,,1,,,IN_FAILED_GROUP,empty,agree
43,Economic,Security Screening,Brazil,Winnipeq,office,4,14,,,IN_FAILED_GROUP,agree,agree
43,Economic,Security Screening,Bulaaria,,citizenship,,3,0,5,MISMATCH,empty,majority
43,Economic,Security Screening,Bulaaria,Case Processing Centre Ottawa,office,,1,,,IN_FAILED_GROUP,empty,agree
43,Economic,Security Screening,Bulaaria,CIO Sydney NS,office,,1,,,IN_FAILED_GROUP,empty,agree
43,Economic,Security Screening,Bulaaria,Edmonton IRCC,office,,1,,,IN_FAILED_GROUP,empty,agree
43,Economic,Security Screening,Bulaaria,Vancouver Immiaration,office,,2,,,IN_FAILED_GROUP,empty,agree
43,Economic,Security Screening,Burkina-Faso,,citizenship,,28,8,28,MISMATCH,none,agree
43,Economic,Security Screening,Burkina-Faso,Case Processing Centre Ottawa,office,,4,,,IN_FAILED_GROUP,empty,agree
43,Economic,Security Screening,Burkina-Faso,CIO Sydney NS,office,4,10,,,IN_FAILED_GROUP,agree,agree
43,Economic,Security Screening,Burkina-Faso,Dakar,office,,3,,,IN_FAILED_GROUP,empty,agree
43,Economic,Security Screening,Burkina-Faso,Montreal Immiaration,office,1,1,,,IN_FAILED_GROUP,agree,agree
43,Economic,Security Screening,Burkina-Faso,Paris,office,2,3,,,IN_FAILED_GROUP,agree,agree
43,Economic,Security Screening,Burkina-Faso,RROC,office,1,4,,,IN_FAILED_GROUP,agree,agree
43,Economic,Security Screening,Burkina-Faso,Vancouver Immiaration,office,,1,,,IN_FAILED_GROUP,empty,agree
43,Economic,Security Screening,Burkina-Faso,Whitehorse IRCC,office,,2,,,IN_FAILED_GROUP,empty,agree
43,Economic,Security Screening,Burundi,,citizenship,7,25,7,25,reconciled,agree,agree
43,Economic,Security Screening,Burundi,Bogota,office,1,1,,,ok_group,agree,agree
43,Economic,Security Screening,Burundi,CIO Sydney NS,office,4,9,,,ok_group,agree,agree
43,Economic,Security Screening,Burundi,Dar-Es-Salaam,office,,1,,,ok_group,empty,agree
43,Economic,Security Screening,Burundi,Mexico City,office,,1,,,ok_group,empty,agree
43,Economic,Security Screening,Burundi,Paris,office,,11,,,ok_group,empty,agree
43,Economic,Security Screening,Burundi,RROC,office,2,2,,,ok_group,agree,agree
43,Economic,Security Screening,Cambodia,,citizenship,,3,0,3,reconciled,empty,agree
43,Economic,Security Screening,Cambodia,Montreal Immiaration,office,,2,,,ok_group,empty,agree
43,Economic,Security Screening,Cambodia,Whitehorse IRCC,office,,1,,,ok_group,empty,agree
43,Economic,Security Screening,Central African Republic,,citizenship,1,2,1,2,reconciled,agree,agree
43,Economic,Security Screening,Central African Republic,Case Processing Centre Ottawa,office,1,1,,,ok_group,agree,agree
43,Economic,Security Screening,Central African Republic,Etobicoke,office,,1,,,ok_group,empty,agree
43,Economic,Security Screening,"Chad, Republic of",,citizenship,1,4,1,4,reconciled,agree,agree
43,Economic,Security Screening,"Chad, Republic of",Case Processing Centre Ottawa,office,1,1,,,ok_group,agree,agree
43,Economic,Security Screening,"Chad, Republic of",Dakar,office,,1,,,ok_group,empty,agree
43,Economic,Security Screening,"Chad, Republic of",Montreal Immiaration,office,,1,,,ok_group,empty,agree
43,Economic,Security Screening,"Chad, Republic of",Whitehorse IRCC,office,,1,,,ok_group,empty,agree
43,Economic,Security Screening,Chile,,citizenship,4,37,4,35,MISMATCH,agree,majority
43,Economic,Security Screening,Chile,Calaary Citizenship and Immiaration Canada,office,,1,,,IN_FAILED_GROUP,empty,agree
43,Economic,Security Screening,Chile,Case Processing Centre Edmonton,office,,2,,,IN_FAILED_GROUP,empty,agree
43,Economic,Security Screening,Chile,Case Processing Centre Ottawa,office,,2,,,IN_FAILED_GROUP,empty,agree
43,Economic,Security Screening,Chile,CIO Sydney NS,office,1,4,,,IN_FAILED_GROUP,agree,agree
43,Economic,Security Screening,Chile,Etobicoke,office,,3,,,IN_FAILED_GROUP,empty,majority
43,Economic,Security Screening,Chile,Halifax,office,,2,,,IN_FAILED_GROUP,empty,agree
43,Economic,Security Screening,Chile,London,office,,2,,,IN_FAILED_GROUP,empty,agree
43,Economic,Security Screening,Chile,Montreal Immiaration,office,2,4,,,IN_FAILED_GROUP,agree,agree
43,Economic,Security Screening,Chile,Vancouver Immiaration,office,,3,,,IN_FAILED_GROUP,empty,agree
43,Economic,Security Screening,Chile,Whitehorse IRCC,office,,10,,,IN_FAILED_GROUP,empty,agree
43,Economic,Security Screening,Chile,Winnipeq,office,1,2,,,IN_FAILED_GROUP,agree,agree
43,Economic,Security Screening,Colombia,,citizenship,102,423,102,423,reconciled,agree,agree
43,Economic,Security Screening,Colombia,Case Processing Centre Edmonton,office,4,21,,,ok_group,agree,agree
43,Economic,Security Screening,Colombia,Case Processing Centre Ottawa,office,4,24,,,ok_group,agree,agree
43,Economic,Security Screening,Colombia,CIO Sydney NS,office,64,173,,,ok_group,agree,majority
43,Economic,Security Screening,Colombia,DN West Virtual Team 1,office,1,1,,,ok_group,agree,agree
43,Economic,Security Screening,Colombia,Edmonton IRCC,office,,15,,,ok_group,empty,agree
43,Economic,Security Screening,Colombia,Etobicoke,office,4,24,,,ok_group,agree,agree
43,Economic,Security Screening,Colombia,Halifax,office,3,16,,,ok_group,agree,agree
43,Economic,Security Screening,Colombia,HM-New Ineliaibility,office,,1,,,ok_group,empty,agree
43,Economic,Security Screening,Colombia,London,office,,1,,,ok_group,empty,agree
43,Economic,Security Screening,Colombia,Mexico City,office,,4,,,ok_group,empty,agree
43,Economic,Security Screening,Colombia,Montreal Immiaration,office,4,14,,,ok_group,agree,agree
43,Economic,Security Screening,Colombia,RROC,office,1,6,,,ok_group,agree,agree
43,Economic,Security Screening,Colombia,Vancouver Immiaration,office,7,30,,,ok_group,agree,agree
43,Economic,Security Screening,Colombia,Whitehorse IRCC,office,,58,,,ok_group,empty,agree
43,Economic,Security Screening,Colombia,Windsor,office,3,4,,,ok_group,agree,agree
43,Economic,Security Screening,Colombia,Winnipeq,office,7,31,,,ok_group,agree,agree
43,Economic,Security Screening,Comoros,,citizenship,,3,0,3,reconciled,empty,agree
43,Economic,Security Screening,Comoros,CIO Sydney NS,office,,2,,,ok_group,empty,agree
43,Economic,Security Screening,Comoros,Whitehorse IRCC,office,,1,,,ok_group,empty,agree
43,Economic,Security Screening,"Condo, Democratic Republic of the",,citizenship,2,40,9,38,MISMATCH,agree,agree
43,Economic,Security Screening,"Condo, Democratic Republic of the",Case Processing Centre Edmonton,office,2,3,,,IN_FAILED_GROUP,agree,majority
43,Economic,Security Screening,"Condo, Democratic Republic of the",Case Processing Centre Ottawa,office,2,9,,,IN_FAILED_GROUP,agree,agree
43,Economic,Security Screening,"Condo, Democratic Republic of the",CIO Sydney NS,office,3,11,,,IN_FAILED_GROUP,agree,agree
43,Economic,Security Screening,"Condo, Democratic Republic of the",Dakar,office,,1,,,IN_FAILED_GROUP,empty,agree
43,Economic,Security Screening,"Condo, Democratic Republic of the",RROC,office,2,3,,,IN_FAILED_GROUP,agree,agree
43,Economic,Security Screening,"Condo, Democratic Republic of the",Vancouver Immiaration,office,,4,,,IN_FAILED_GROUP,empty,agree
43,Economic,Security Screening,"Condo, Democratic Republic of the",Whitehorse IRCC,office,,4,,,IN_FAILED_GROUP,empty,agree
43,Economic,Security Screening,"Condo, Democratic Republic of the",Winnipeq,office,,2,,,IN_FAILED_GROUP,empty,agree
43,Economic,Security Screening,"Condo, Democratic Republic of the",Yellowknife,office,,1,,,IN_FAILED_GROUP,empty,agree
43,Economic,Security Screening,"Condo, People's Republic of the",,citizenship,3,7,3,7,reconciled,agree,agree
43,Economic,Security Screening,"Condo, People's Republic of the",Case Processing Centre Ottawa,office,,1,,,ok_group,empty,agree
43,Economic,Security Screening,"Condo, People's Republic of the",CIO Sydney NS,office,2,3,,,ok_group,agree,agree
43,Economic,Security Screening,"Condo, People's Republic of the",Dakar,office,,1,,,ok_group,empty,agree
43,Economic,Security Screening,"Condo, People's Republic of the",RROC,office,1,1,,,ok_group,agree,agree
43,Economic,Security Screening,"Condo, People's Republic of the",Vancouver Immiaration,office,,1,,,ok_group,empty,agree
43,Economic,Security Screening,Costa Rica,,citizenship,1,7,1,7,reconciled,agree,agree
43,Economic,Security Screening,Costa Rica,Case Processing Centre Ottawa,office,,1,,,ok_group,empty,agree
43,Economic,Security Screening,Costa Rica,Edmonton IRCC,office,1,1,,,ok_group,agree,agree
43,Economic,Security Screening,Costa Rica,Etobicoke,office,,1,,,ok_group,empty,agree
43,Economic,Security Screening,Costa Rica,Whitehorse IRCC,office,,4,,,ok_group,empty,agree
43,Economic,Security Screening,Croatia,,citizenship,1,,1,32,MISMATCH,agree,none
44,Economic,Security Screening,Croatia,Calaary Citizenship and Immiaration Canada,office,,2,,,IN_FAILED_GROUP,empty,agree
44,Economic,Security Screening,Croatia,Case Processing Centre Edmonton,office,,4,,,IN_FAILED_GROUP,empty,agree
44,Economic,Security Screening,Croatia,Case Processing Centre Ottawa,office,,2,,,IN_FAILED_GROUP,empty,agree
44,Economic,Security Screening,Croatia,CIO Sydney NS,office,,11,,,IN_FAILED_GROUP,empty,agree
44,Economic,Security Screening,Croatia,Etobicoke,office,,1,,,IN_FAILED_GROUP,empty,agree
44,Economic,Security Screening,Croatia,Montreal Immiaration,office,,3,,,IN_FAILED_GROUP,empty,agree
44,Economic,Security Screening,Croatia,Vancouver Immiaration,office,,2,,,IN_FAILED_GROUP,empty,agree
44,Economic,Security Screening,Croatia,Whitehorse IRCC,office,,4,,,IN_FAILED_GROUP,empty,agree
44,Economic,Security Screening,Croatia,Winnipeq,office,1,3,,,IN_FAILED_GROUP,agree,agree
44,Economic,Security Screening,Cuba,,citizenship,2,33,7,33,MISMATCH,agree,agree
44,Economic,Security Screening,Cuba,Case Processing Centre Edmonton,office,,2,,,IN_FAILED_GROUP,empty,agree
44,Economic,Security Screening,Cuba,Case Processing Centre Ottawa,office,,3,,,IN_FAILED_GROUP,empty,agree
44,Economic,Security Screening,Cuba,CIO Sydney NS,office,3,10,,,IN_FAILED_GROUP,agree,agree
44,Economic,Security Screening,Cuba,Edmonton IRCC,office,,2,,,IN_FAILED_GROUP,empty,agree
44,Economic,Security Screening,Cuba,Mexico City,office,,7,,,IN_FAILED_GROUP,empty,agree
44,Economic,Security Screening,Cuba,Montreal Immiaration,office,1,1,,,IN_FAILED_GROUP,agree,agree
44,Economic,Security Screening,Cuba,Port of Spain,office,,1,,,IN_FAILED_GROUP,empty,agree
44,Economic,Security Screening,Cuba,RROC,office,3,3,,,IN_FAILED_GROUP,agree,agree
44,Economic,Security Screening,Cuba,Whitehorse IRCC,office,,4,,,IN_FAILED_GROUP,empty,agree
44,Economic,Security Screening,Cyprus,,citizenship,,1,0,1,reconciled,empty,agree
44,Economic,Security Screening,Cyprus,Case Processing Centre Ottawa,office,,1,,,ok_group,empty,agree
44,Economic,Security Screening,Czech Republic,,citizenship,2,13,2,13,reconciled,agree,agree
44,Economic,Security Screening,Czech Republic,Case Processing Centre Edmonton,office,,2,,,ok_group,empty,agree
44,Economic,Security Screening,Czech Republic,Case Processing Centre Ottawa,office,1,1,,,ok_group,agree,agree
44,Economic,Security Screening,Czech Republic,CIO Sydney NS,office,,1,,,ok_group,empty,agree
44,Economic,Security Screening,Czech Republic,RROC,office,,1,,,ok_group,empty,agree
44,Economic,Security Screening,Czech Republic,Vancouver Immiaration,office,1,4,,,ok_group,agree,agree
44,Economic,Security Screening,Czech Republic,Whitehorse IRCC,office,,2,,,ok_group,empty,agree
44,Economic,Security Screening,Czech Republic,Winnipeq,office,,2,,,ok_group,empty,agree
44,Economic,Security Screening,Democratic Republic of Sudan,,citizenship,8,52,8,52,reconciled,agree,agree
44,Economic,Security Screening,Democratic Republic of Sudan,Cairo,office,,3,,,ok_group,empty,agree
44,Economic,Security Screening,Democratic Republic of Sudan,Case Processing Centre Edmonton,office,2,3,,,ok_group,agree,agree
44,Economic,Security Screening,Democratic Republic of Sudan,Case Processing Centre Ottawa,office,2,19,,,ok_group,agree,agree
44,Economic,Security Screening,Democratic Republic of Sudan,CIO Sydney NS,office,3,13,,,ok_group,agree,agree
44,Economic,Security Screening,Democratic Republic of Sudan,Edmonton IRCC,office,,2,,,ok_group,empty,agree
44,Economic,Security Screening,Democratic Republic of Sudan,Etobicoke,office,,2,,,ok_group,empty,agree
44,Economic,Security Screening,Democratic Republic of Sudan,London Enaland,office,,1,,,ok_group,empty,agree
44,Economic,Security Screening,Democratic Republic of Sudan,Paris,office,,3,,,ok_group,empty,agree
44,Economic,Security Screening,Democratic Republic of Sudan,Rome,office,,1,,,ok_group,empty,agree
44,Economic,Security Screening,Democratic Republic of Sudan,Whitehorse IRCC,office,,3,,,ok_group,empty,agree
44,Economic,Security Screening,Democratic Republic of Sudan,Winnipeq,office,1,2,,,ok_group,agree,agree
44,Economic,Security Screening,Denmark,,citizenship,,2,0,2,reconciled,empty,agree
44,Economic,Security Screening,Denmark,Etobicoke,office,,1,,,ok_group,empty,agree
44,Economic,Security Screening,Denmark,Montreal Immiaration,office,,1,,,ok_group,empty,agree
44,Economic,Security Screening,Dominica,,citizenship,,8,0,8,reconciled,empty,agree
44,Economic,Security Screening,Dominica,CIO Sydney NS,office,,1,,,ok_group,empty,agree
44,Economic,Security Screening,Dominica,Edmonton IRCC,office,,2,,,ok_group,empty,agree
44,Economic,Security Screening,Dominica,London Enaland,office,,1,,,ok_group,empty,agree
44,Economic,Security Screening,Dominica,Vancouver Immiaration,office,,1,,,ok_group,empty,agree
44,Economic,Security Screening,Dominica,Whitehorse IRCC,office,,3,,,ok_group,empty,agree
44,Economic,Security Screening,Dominican Republic,,citizenship,6,28,6,26,MISMATCH,agree,agree
44,Economic,Security Screening,Dominican Republic,Calaary Citizenship and Immiaration Canada,office,,1,,,IN_FAILED_GROUP,empty,agree
44,Economic,Security Screening,Dominican Republic,Case Processing Centre Ottawa,office,,1,,,IN_FAILED_GROUP,empty,agree
44,Economic,Security Screening,Dominican Republic,CIO Sydney NS,office,6,9,,,IN_FAILED_GROUP,agree,agree
44,Economic,Security Screening,Dominican Republic,Etobicoke,office,,4,,,IN_FAILED_GROUP,empty,agree
44,Economic,Security Screening,Dominican Republic,Halifax,office,,3,,,IN_FAILED_GROUP,empty,majority
44,Economic,Security Screening,Dominican Republic,Mexico City,office,,3,,,IN_FAILED_GROUP,empty,agree
44,Economic,Security Screening,Dominican Republic,Vancouver Immiaration,office,,1,,,IN_FAILED_GROUP,empty,agree
44,Economic,Security Screening,Dominican Republic,Whitehorse IRCC,office,,3,,,IN_FAILED_GROUP,empty,agree
44,Economic,Security Screening,Dominican Republic,Winnipeq,office,,1,,,IN_FAILED_GROUP,empty,agree
44,Economic,Security Screening,Ecuador,,citizenship,3,36,4277,1196,MISMATCH,agree,agree
44,Economic,Security Screening,Ecuador,Case Processing Centre Ottawa,office,,1,,,IN_FAILED_GROUP,empty,agree
44,Economic,Security Screening,Ecuador,CIO Sydney NS,office,2,13,,,IN_FAILED_GROUP,agree,agree
44,Economic,Security Screening,Ecuador,Edmonton IRCC,office,,3,,,IN_FAILED_GROUP,empty,majority
44,Economic,Security Screening,Ecuador,HM Toronto,office,,2,,,IN_FAILED_GROUP,empty,agree
44,Economic,Security Screening,Ecuador,Montreal Immiaration,office,1,3,,,IN_FAILED_GROUP,agree,agree
44,Economic,Security Screening,Ecuador,Whitehorse IRCC,office,,9,,,IN_FAILED_GROUP,empty,agree
44,Economic,Security Screening,Ecuador,Winnipeq,office,2,3,,,IN_FAILED_GROUP,agree,agree
44,Economic,Security Screening,Ecuador,Eaypt,office,83,583,,,IN_FAILED_GROUP,agree,majority
44,Economic,Security Screening,Ecuador,Ankara,office,,1,,,IN_FAILED_GROUP,empty,agree
44,Economic,Security Screening,Ecuador,Cairo,office,,6,,,IN_FAILED_GROUP,empty,agree
44,Economic,Security Screening,Ecuador,Calaary Citizenship and Immiaration Canada,office,,3,,,IN_FAILED_GROUP,empty,majority
44,Economic,Security Screening,Ecuador,Case Processing Centre Edmonton,office,3,15,,,IN_FAILED_GROUP,agree,agree
44,Economic,Security Screening,Ecuador,Case Processing Centre Ottawa,office,4120,151,,,IN_FAILED_GROUP,majority,agree
44,Economic,Security Screening,Ecuador,CIO Sydney NS,office,42,160,,,IN_FAILED_GROUP,agree,agree
44,Economic,Security Screening,Ecuador,DN West Virtual Team 1,office,,2,,,IN_FAILED_GROUP,empty,agree
44,Economic,Security Screening,Ecuador,Edmonton IRCC,office,4,34,,,IN_FAILED_GROUP,agree,agree
44,Economic,Security Screening,Ecuador,Etobicoke,office,,22,,,IN_FAILED_GROUP,empty,agree
44,Economic,Security Screening,Ecuador,Halifax,office,2,25,,,IN_FAILED_GROUP,agree,agree
44,Economic,Security Screening,Ecuador,Hamilton,office,,1,,,IN_FAILED_GROUP,empty,agree
44,Economic,Security Screening,Ecuador,Kitchener,office,,1,,,IN_FAILED_GROUP,empty,agree
44,Economic,Security Screening,Ecuador,London,office,,8,,,IN_FAILED_GROUP,empty,agree
44,Economic,Security Screening,Ecuador,London Enaland,office,,7,,,IN_FAILED_GROUP,empty,agree
44,Economic,Security Screening,Ecuador,Montreal Immiaration,office,6,34,,,IN_FAILED_GROUP,agree,agree
44,Economic,Security Screening,Ecuador,Ottawa,office,,3,,,IN_FAILED_GROUP,empty,majority
44,Economic,Security Screening,Ecuador,Paris,office,,7,,,IN_FAILED_GROUP,empty,agree
44,Economic,Security Screening,Ecuador,RROC,office,1,8,,,IN_FAILED_GROUP,agree,agree
44,Economic,Security Screening,Ecuador,Sydney Australia,office,,1,,,IN_FAILED_GROUP,empty,agree
44,Economic,Security Screening,Ecuador,Vancouver Immiaration,office,3,24,,,IN_FAILED_GROUP,agree,agree
44,Economic,Security Screening,Ecuador,Whitehorse IRCC,office,,42,,,IN_FAILED_GROUP,empty,agree
44,Economic,Security Screening,Ecuador,Windsor,office,5,9,,,IN_FAILED_GROUP,majority,agree
44,Economic,Security Screening,Ecuador,Winnipeq,office,3,15,,,IN_FAILED_GROUP,agree,agree
44,Economic,Security Screening,El Salvador,,citizenship,4,15,4,15,reconciled,agree,agree
44,Economic,Security Screening,El Salvador,Case Processing Centre Edmonton,office,3,4,,,ok_group,agree,agree
44,Economic,Security Screening,El Salvador,Case Processing Centre Ottawa,office,,1,,,ok_group,empty,agree
44,Economic,Security Screening,El Salvador,CIO Sydney NS,office,,1,,,ok_group,empty,agree
44,Economic,Security Screening,El Salvador,Edmonton IRCC,office,1,2,,,ok_group,agree,agree
44,Economic,Security Screening,El Salvador,Halifax,office,,2,,,ok_group,empty,agree
44,Economic,Security Screening,El Salvador,Mexico City,office,,2,,,ok_group,empty,agree
44,Economic,Security Screening,El Salvador,Montreal Immiaration,office,,1,,,ok_group,empty,agree
44,Economic,Security Screening,El Salvador,Vancouver Immiaration,office,,1,,,ok_group,empty,agree
44,Economic,Security Screening,El Salvador,Whitehorse IRCC,office,,1,,,ok_group,empty,agree
44,Economic,Security Screening,Eritrea,,citizenship,,2,0,2,reconciled,empty,agree
44,Economic,Security Screening,Eritrea,Case Processing Centre Edmonton,office,,1,,,ok_group,empty,agree
44,Economic,Security Screening,Eritrea,Dar-Es-Salaam,office,,1,,,ok_group,empty,agree
44,Economic,Security Screening,Ethiopia,,citizenship,2,11,2,11,reconciled,agree,agree
44,Economic,Security Screening,Ethiopia,Case Processing Centre Ottawa,office,,3,,,ok_group,empty,agree
44,Economic,Security Screening,Ethiopia,CIO Sydney NS,office,1,2,,,ok_group,agree,agree
44,Economic,Security Screening,Ethiopia,Montreal Immiaration,office,,1,,,ok_group,empty,agree
44,Economic,Security Screening,Ethiopia,Nairobi,office,,2,,,ok_group,empty,agree
44,Economic,Security Screening,Ethiopia,RROC,office,1,1,,,ok_group,agree,agree
44,Economic,Security Screening,Ethiopia,Vancouver Immiaration,office,,1,,,ok_group,empty,agree
44,Economic,Security Screening,Ethiopia,Whitehorse IRCC,office,,1,,,ok_group,empty,agree
44,Economic,Security Screening,Federal Republic of Cameroon,,citizenship,143,317,141,315,MISMATCH,majority,majority
44,Economic,Security Screening,Federal Republic of Cameroon,Calaary Citizenship and Immiaration Canada,office,,1,,,IN_FAILED_GROUP,empty,agree
44,Economic,Security Screening,Federal Republic of Cameroon,Case Processing Centre Edmonton,office,1,3,,,IN_FAILED_GROUP,agree,agree
44,Economic,Security Screening,Federal Republic of Cameroon,Case Processing Centre Ottawa,office,30,50,,,IN_FAILED_GROUP,agree,majority
44,Economic,Security Screening,Federal Republic of Cameroon,CIO Sydney NS,office,68,138,,,IN_FAILED_GROUP,agree,agree
44,Economic,Security Screening,Federal Republic of Cameroon,Dakar,office,,7,,,IN_FAILED_GROUP,empty,agree
44,Economic,Security Screening,Federal Republic of Cameroon,Edmonton IRCC,office,1,8,,,IN_FAILED_GROUP,agree,agree
44,Economic,Security Screening,Federal Republic of Cameroon,Etobicoke,office,3,6,,,IN_FAILED_GROUP,agree,agree
44,Economic,Security Screening,Federal Republic of Cameroon,Halifax,office,,4,,,IN_FAILED_GROUP,empty,agree
44,Economic,Security Screening,Federal Republic of Cameroon,Honda Kona,office,,1,,,IN_FAILED_GROUP,empty,agree
44,Economic,Security Screening,Federal Republic of Cameroon,London,office,,2,,,IN_FAILED_GROUP,empty,agree
44,Economic,Security Screening,Federal Republic of Cameroon,Montreal Immiaration,office,2,12,,,IN_FAILED_GROUP,agree,agree
44,Economic,Security Screening,Federal Republic of Cameroon,Ottawa IR,office,,1,,,IN_FAILED_GROUP,empty,agree
44,Economic,Security Screening,Federal Republic of Cameroon,Paris,office,,3,,,IN_FAILED_GROUP,empty,majority
44,Economic,Security Screening,Federal Republic of Cameroon,Rabat,office,,1,,,IN_FAILED_GROUP,empty,agree
44,Economic,Security Screening,Federal Republic of Cameroon,RROC,office,26,45,,,IN_FAILED_GROUP,agree,agree
44,Economic,Security Screening,Federal Republic of Cameroon,Vancouver Immiaration,office,3,12,,,IN_FAILED_GROUP,agree,agree
44,Economic,Security Screening,Federal Republic of Cameroon,Whitehorse IRCC,office,,7,,,IN_FAILED_GROUP,empty,agree
44,Economic,Security Screening,Federal Republic of Cameroon,Windsor,office,4,6,,,IN_FAILED_GROUP,agree,agree
44,Economic,Security Screening,Federal Republic of Cameroon,Winnipeq,office,3,8,,,IN_FAILED_GROUP,agree,agree
44,Economic,Security Screening,Federal Republic of Germany,,citizenship,8,59,8,55,MISMATCH,agree,agree
44,Economic,Security Screening,Federal Republic of Germany,Beiiina,office,,1,,,IN_FAILED_GROUP,empty,agree
44,Economic,Security Screening,Federal Republic of Germany,Case Processing Centre Edmonton,office,,6,,,IN_FAILED_GROUP,empty,agree
44,Economic,Security Screening,Federal Republic of Germany,Case Processing Centre Ottawa,office,,7,,,IN_FAILED_GROUP,empty,agree
44,Economic,Security Screening,Federal Republic of Germany,CIO Sydney NS,office,4,17,,,IN_FAILED_GROUP,agree,agree
44,Economic,Security Screening,Federal Republic of Germany,Edmonton IRCC,office,1,3,,,IN_FAILED_GROUP,agree,majority
44,Economic,Security Screening,Federal Republic of Germany,Etobicoke,office,1,7,,,IN_FAILED_GROUP,agree,agree
44,Economic,Security Screening,Federal Republic of Germany,Halifax,office,,2,,,IN_FAILED_GROUP,empty,agree
44,Economic,Security Screening,Federal Republic of Germany,London,office,,1,,,IN_FAILED_GROUP,empty,agree
44,Economic,Security Screening,Federal Republic of Germany,London Enaland,office,,1,,,IN_FAILED_GROUP,empty,agree
44,Economic,Security Screening,Federal Republic of Germany,Montreal Immiaration,office,,1,,,IN_FAILED_GROUP,empty,agree
44,Economic,Security Screening,Federal Republic of Germany,Vancouver Immiaration,office,,4,,,IN_FAILED_GROUP,empty,agree
44,Economic,Security Screening,Federal Republic of Germany,Warsaw,office,,1,,,IN_FAILED_GROUP,empty,agree
44,Economic,Security Screening,Federal Republic of Germany,Whitehorse IRCC,office,,,,,IN_FAILED_GROUP,empty,none
45,Economic,Security Screening,Federal Republic of Germany,Windsor,office,1,1,,,IN_FAILED_GROUP,agree,agree
45,Economic,Security Screening,Federal Republic of Germany,Winnipeq,office,1,3,,,IN_FAILED_GROUP,agree,agree
45,Economic,Security Screening,Fiii,,citizenship,,2,0,2,reconciled,empty,agree
45,Economic,Security Screening,Fiii,Case Processing Centre Edmonton,office,,2,,,ok_group,empty,agree
45,Economic,Security Screening,Finland,,citizenship,,8,0,8,reconciled,empty,agree
45,Economic,Security Screening,Finland,Case Processing Centre Ottawa,office,,2,,,ok_group,empty,agree
45,Economic,Security Screening,Finland,CIO Sydney NS,office,,3,,,ok_group,empty,agree
45,Economic,Security Screening,Finland,Montreal Immiaration,office,,2,,,ok_group,empty,agree
45,Economic,Security Screening,Finland,Vancouver Immiaration,office,,1,,,ok_group,empty,agree
45,Economic,Security Screening,France,,citizenship,70,224,70,224,reconciled,agree,agree
45,Economic,Security Screening,France,Case Processing Centre Edmonton,office,2,14,,,ok_group,agree,agree
45,Economic,Security Screening,France,Case Processing Centre Ottawa,office,12,36,,,ok_group,agree,agree
45,Economic,Security Screening,France,CIO Sydney NS,office,53,132,,,ok_group,majority,agree
45,Economic,Security Screening,France,Edmonton IRCC,office,,2,,,ok_group,empty,agree
45,Economic,Security Screening,France,Etobicoke,office,2,4,,,ok_group,agree,agree
45,Economic,Security Screening,France,Halifax,office,,4,,,ok_group,empty,agree
45,Economic,Security Screening,France,Montreal Immiaration,office,,10,,,ok_group,empty,agree
45,Economic,Security Screening,France,New York,office,,1,,,ok_group,empty,agree
45,Economic,Security Screening,France,Paris,office,1,12,,,ok_group,agree,agree
45,Economic,Security Screening,France,RROC,office,,1,,,ok_group,empty,agree
45,Economic,Security Screening,France,Vancouver Immiaration,office,,4,,,ok_group,empty,agree
45,Economic,Security Screening,France,Whitehorse IRCC,office,,3,,,ok_group,empty,agree
45,Economic,Security Screening,France,Winnipeq,office,,1,,,ok_group,empty,agree
45,Economic,Security Screening,Gabon Republic,,citizenship,,2,0,2,reconciled,empty,agree
45,Economic,Security Screening,Gabon Republic,CIO Sydney NS,office,,2,,,ok_group,empty,agree
45,Economic,Security Screening,Gambia,,citizenship,,2,0,2,reconciled,empty,agree
45,Economic,Security Screening,Gambia,Case Processing Centre Edmonton,office,,1,,,ok_group,empty,agree
45,Economic,Security Screening,Gambia,Whitehorse IRCC,office,,1,,,ok_group,empty,agree
45,Economic,Security Screening,Georagia,,citizenship,1,12,1,12,reconciled,agree,agree
45,Economic,Security Screening,Georagia,Case Processing Centre Edmonton,office,,3,,,ok_group,empty,agree
45,Economic,Security Screening,Georagia,Case Processing Centre Ottawa,office,,4,,,ok_group,empty,agree
45,Economic,Security Screening,Georagia,CIO Sydney NS,office,1,3,,,ok_group,agree,agree
45,Economic,Security Screening,Georagia,Etobicoke,office,,1,,,ok_group,empty,agree
45,Economic,Security Screening,Georagia,Vancouver Immiaration,office,,1,,,ok_group,empty,agree
45,Economic,Security Screening,Ghana,,citizenship,200,74,4128,72,MISMATCH,majority,majority
45,Economic,Security Screening,Ghana,Case Processing Centre Edmonton,office,2,6,,,IN_FAILED_GROUP,agree,agree
45,Economic,Security Screening,Ghana,Case Processing Centre Ottawa,office,3,9,,,IN_FAILED_GROUP,agree,agree
45,Economic,Security Screening,Ghana,CIO Sydney NS,office,4120,18,,,IN_FAILED_GROUP,majority,agree
45,Economic,Security Screening,Ghana,Edmonton IRCC,office,,3,,,IN_FAILED_GROUP,empty,agree
45,Economic,Security Screening,Ghana,Etobicoke,office,1,3,,,IN_FAILED_GROUP,agree,agree
45,Economic,Security Screening,Ghana,Montreal Immiaration,office,,3,,,IN_FAILED_GROUP,empty,majority
45,Economic,Security Screening,Ghana,Vancouver Immiaration,office,2,6,,,IN_FAILED_GROUP,agree,agree
45,Economic,Security Screening,Ghana,Whitehorse IRCC,office,,22,,,IN_FAILED_GROUP,empty,agree
45,Economic,Security Screening,Ghana,Winnipeq,office,,2,,,IN_FAILED_GROUP,empty,agree
45,Economic,Security Screening,Greece,,citizenship,3,16,3,16,reconciled,agree,agree
45,Economic,Security Screening,Greece,Case Processing Centre Ottawa,office,,1,,,ok_group,empty,agree
45,Economic,Security Screening,Greece,CIO Sydney NS,office,2,6,,,ok_group,agree,agree
45,Economic,Security Screening,Greece,Edmonton IRCC,office,,2,,,ok_group,empty,agree
45,Economic,Security Screening,Greece,Hamilton,office,,1,,,ok_group,empty,agree
45,Economic,Security Screening,Greece,Ottawa,office,,1,,,ok_group,empty,agree
45,Economic,Security Screening,Greece,Vancouver Immiaration,office,1,2,,,ok_group,agree,agree
45,Economic,Security Screening,Greece,Whitehorse IRCC,office,,3,,,ok_group,empty,agree
45,Economic,Security Screening,Grenada,,citizenship,1,4,1,4,reconciled,agree,agree
45,Economic,Security Screening,Grenada,Case Processing Centre Edmonton,office,,2,,,ok_group,empty,agree
45,Economic,Security Screening,Grenada,CIO Sydney NS,office,1,1,,,ok_group,agree,agree
45,Economic,Security Screening,Grenada,Whitehorse IRCC,office,,1,,,ok_group,empty,agree
45,Economic,Security Screening,Guatemala,,citizenship,1,7,1,7,reconciled,agree,agree
45,Economic,Security Screening,Guatemala,Case Processing Centre Ottawa,office,,1,,,ok_group,empty,agree
45,Economic,Security Screening,Guatemala,CIO Sydney NS,office,,2,,,ok_group,empty,agree
45,Economic,Security Screening,Guatemala,Etobicoke,office,,1,,,ok_group,empty,agree
45,Economic,Security Screening,Guatemala,Vancouver Immiaration,office,1,1,,,ok_group,agree,agree
45,Economic,Security Screening,Guatemala,Whitehorse IRCC,office,,2,,,ok_group,empty,agree
45,Economic,Security Screening,"Guinea, Republic of",,citizenship,,20,8,20,MISMATCH,none,agree
45,Economic,Security Screening,"Guinea, Republic of",Case Processing Centre Ottawa,office,,2,,,IN_FAILED_GROUP,empty,agree
45,Economic,Security Screening,"Guinea, Republic of",CIO Sydney NS,office,6,8,,,IN_FAILED_GROUP,agree,agree
45,Economic,Security Screening,"Guinea, Republic of",Dakar,office,,3,,,IN_FAILED_GROUP,empty,agree
45,Economic,Security Screening,"Guinea, Republic of",Edmonton IRCC,office,,1,,,IN_FAILED_GROUP,empty,agree
45,Economic,Security Screening,"Guinea, Republic of",Etobicoke,office,1,2,,,IN_FAILED_GROUP,agree,agree
45,Economic,Security Screening,"Guinea, Republic of",Paris,office,,1,,,IN_FAILED_GROUP,empty,agree
45,Economic,Security Screening,"Guinea, Republic of",RROC,office,1,1,,,IN_FAILED_GROUP,agree,agree
45,Economic,Security Screening,"Guinea, Republic of",Whitehorse IRCC,office,,2,,,IN_FAILED_GROUP,empty,agree
45,Economic,Security Screening,Guyana,,citizenship,,9,0,7,MISMATCH,empty,agree
45,Economic,Security Screening,Guyana,Case Processing Centre Edmonton,office,,1,,,IN_FAILED_GROUP,empty,agree
45,Economic,Security Screening,Guyana,CIO Sydney NS,office,,2,,,IN_FAILED_GROUP,empty,agree
45,Economic,Security Screening,Guyana,Edmonton IRCC,office,,1,,,IN_FAILED_GROUP,empty,agree
45,Economic,Security Screening,Guyana,Whitehorse IRCC,office,,3,,,IN_FAILED_GROUP,empty,majority
45,Economic,Security Screening,Haiti,,citizenship,38,79,38,79,reconciled,majority,agree
45,Economic,Security Screening,Haiti,Case Processing Centre Ottawa,office,,7,,,ok_group,empty,agree
45,Economic,Security Screening,Haiti,CIO Sydney NS,office,36,49,,,ok_group,agree,agree
45,Economic,Security Screening,Haiti,London,office,,1,,,ok_group,empty,agree
45,Economic,Security Screening,Haiti,Mexico City,office,,13,,,ok_group,empty,agree
45,Economic,Security Screening,Haiti,RROC,office,2,4,,,ok_group,agree,agree
45,Economic,Security Screening,Haiti,Vancouver Immiaration,office,,3,,,ok_group,empty,agree
45,Economic,Security Screening,Haiti,Winnipeq,office,,2,,,ok_group,empty,agree
45,Economic,Security Screening,Honduras,,citizenship,,13,0,13,reconciled,empty,agree
45,Economic,Security Screening,Honduras,Case Processing Centre Edmonton,office,,2,,,ok_group,empty,agree
45,Economic,Security Screening,Honduras,Case Processing Centre Ottawa,office,,3,,,ok_group,empty,agree
45,Economic,Security Screening,Honduras,CIO Sydney NS,office,,3,,,ok_group,empty,agree
45,Economic,Security Screening,Honduras,Mexico City,office,,1,,,ok_group,empty,agree
45,Economic,Security Screening,Honduras,Whitehorse IRCC,office,,1,,,ok_group,empty,agree
45,Economic,Security Screening,Honduras,Windsor,office,,1,,,ok_group,empty,agree
45,Economic,Security Screening,Honduras,Winnipeq,office,,2,,,ok_group,empty,agree
45,Economic,Security Screening,Honda Kong SAR,,citizenship,8,231,7,231,MISMATCH,agree,agree
45,Economic,Security Screening,Honda Kong SAR,Case Processing Centre Edmonton,office,2,6,,,IN_FAILED_GROUP,agree,agree
45,Economic,Security Screening,Honda Kong SAR,Case Processing Centre Ottawa,office,,10,,,IN_FAILED_GROUP,empty,agree
45,Economic,Security Screening,Honda Kong SAR,CIO Sydney NS,office,3,76,,,IN_FAILED_GROUP,agree,agree
45,Economic,Security Screening,Honda Kong SAR,DN West Virtual Team 1,office,,2,,,IN_FAILED_GROUP,empty,agree
45,Economic,Security Screening,Honda Kong SAR,Edmonton IRCC,office,,4,,,IN_FAILED_GROUP,empty,agree
45,Economic,Security Screening,Honda Kong SAR,Etobicoke,office,,15,,,IN_FAILED_GROUP,empty,agree
45,Economic,Security Screening,Honda Kong SAR,Halifax,office,,2,,,IN_FAILED_GROUP,empty,agree
45,Economic,Security Screening,Honda Kong SAR,Honda Kona,office,,15,,,IN_FAILED_GROUP,empty,agree
45,Economic,Security Screening,Honda Kong SAR,London,office,,3,,,IN_FAILED_GROUP,empty,agree
45,Economic,Security Screening,Honda Kong SAR,Montreal Immiaration,office,2,32,,,IN_FAILED_GROUP,majority,agree
45,Economic,Security Screening,Honda Kong SAR,Ottawa,office,,2,,,IN_FAILED_GROUP,empty,agree
45,Economic,Security Screening,Honda Kong SAR,Vancouver Immiaration,office,,17,,,IN_FAILED_GROUP,empty,agree
45,Economic,Security Screening,Honda Kong SAR,Whitehorse IRCC,office,,32,,,IN_FAILED_GROUP,empty,agree
45,Economic,Security Screening,Honda Kong SAR,Windsor,office,,4,,,IN_FAILED_GROUP,empty,agree
45,Economic,Security Screening,Honda Kong SAR,Winnipeq,office,,11,,,IN_FAILED_GROUP,empty,agree
45,Economic,Security Screening,Hunaary,,citizenship,3,15,3,13,MISMATCH,agree,agree
45,Economic,Security Screening,Hunaary,Case Processing Centre Ottawa,office,,1,,,IN_FAILED_GROUP,empty,agree
45,Economic,Security Screening,Hunaary,CIO Sydney NS,office,1,4,,,IN_FAILED_GROUP,agree,agree
45,Economic,Security Screening,Hunaary,Edmonton IRCC,office,,2,,,IN_FAILED_GROUP,empty,agree
45,Economic,Security Screening,Hunaary,Etobicoke,office,1,1,,,IN_FAILED_GROUP,agree,agree
45,Economic,Security Screening,Hunaary,Montreal Immiaration,office,1,1,,,IN_FAILED_GROUP,agree,agree
45,Economic,Security Screening,Hunaary,Vancouver Immiaration,office,,1,,,IN_FAILED_GROUP,empty,agree
45,Economic,Security Screening,Hunaary,Whitehorse IRCC,office,,3,,,IN_FAILED_GROUP,empty,majority
45,Economic,Security Screening,India,,citizenship,667,4764,657,3806,MISMATCH,majority,agree
45,Economic,Security Screening,India,Calaary Citizenship and Immiaration Canada,office,,47,,,IN_FAILED_GROUP,empty,agree
45,Economic,Security Screening,India,Case Processing Centre Edmonton,office,48,307,,,IN_FAILED_GROUP,agree,agree
45,Economic,Security Screening,India,Case Processing Centre Ottawa,office,99,572,,,IN_FAILED_GROUP,agree,majority
45,Economic,Security Screening,India,Chandigarh,office,,1,,,IN_FAILED_GROUP,empty,agree
45,Economic,Security Screening,India,Charlottetown IRCC,office,,1,,,IN_FAILED_GROUP,empty,agree
45,Economic,Security Screening,India,CIO Sydney NS,office,302,937,,,IN_FAILED_GROUP,agree,agree
45,Economic,Security Screening,India,DN West Virtual Team 1,office,1,29,,,IN_FAILED_GROUP,agree,agree
45,Economic,Security Screening,India,Edmonton IRCC,office,8,240,,,IN_FAILED_GROUP,agree,agree
45,Economic,Security Screening,India,Etobicoke,office,47,460,,,IN_FAILED_GROUP,agree,agree
45,Economic,Security Screening,India,Fredericton IRCC,office,,1,,,IN_FAILED_GROUP,empty,agree
45,Economic,Security Screening,India,Halifax,office,12,157,,,IN_FAILED_GROUP,agree,agree
45,Economic,Security Screening,India,Hamilton,office,,3,,,IN_FAILED_GROUP,empty,agree
45,Economic,Security Screening,India,HM Montreal,office,,2,,,IN_FAILED_GROUP,empty,agree
45,Economic,Security Screening,India,HM Toronto,office,,2,,,IN_FAILED_GROUP,empty,agree
45,Economic,Security Screening,India,HM-New Ineliaibility,office,,3,,,IN_FAILED_GROUP,empty,agree
45,Economic,Security Screening,India,Kitchener,office,,6,,,IN_FAILED_GROUP,empty,agree
45,Economic,Security Screening,India,London,office,3,7,,,IN_FAILED_GROUP,agree,majority
45,Economic,Security Screening,India,London Enaland,office,,10,,,IN_FAILED_GROUP,empty,agree
45,Economic,Security Screening,India,Montreal Immiaration,office,15,301,,,IN_FAILED_GROUP,agree,agree
45,Economic,Security Screening,India,New Delhi,office,1,53,,,IN_FAILED_GROUP,agree,majority
45,Economic,Security Screening,India,Niagara Falls IRCC,office,,3,,,IN_FAILED_GROUP,empty,majority
45,Economic,Security Screening,India,Ottawa,office,,44,,,IN_FAILED_GROUP,empty,agree
45,Economic,Security Screening,India,Paris,office,,1,,,IN_FAILED_GROUP,empty,agree
45,Economic,Security Screening,India,RROC,office,1,38,,,IN_FAILED_GROUP,agree,agree
45,Economic,Security Screening,India,Singapore,office,,1,,,IN_FAILED_GROUP,empty,agree
45,Economic,Security Screening,India,St John's IRCC,office,,1,,,IN_FAILED_GROUP,empty,agree
45,Economic,Security Screening,India,Vancouver Immiaration,office,46,331,,,IN_FAILED_GROUP,agree,agree
45,Economic,Security Screening,India,Warsaw,office,,1,,,IN_FAILED_GROUP,empty,agree
45,Economic,Security Screening,India,Whitehorse IRCC,office,,41,,,IN_FAILED_GROUP,empty,agree
45,Economic,Security Screening,India,Windsor,office,35,,,,IN_FAILED_GROUP,agree,none
46,Economic,Security Screening,India,Winnipeq,office,39,204,,,IN_FAILED_GROUP,agree,agree
46,Economic,Security Screening,India,Yellowknife,office,,2,,,IN_FAILED_GROUP,empty,agree
46,Economic,Security Screening,Iran,,citizenship,1920,12956,2450,12383,MISMATCH,agree,agree
46,Economic,Security Screening,Iran,Abu Dhabi,office,,1,,,IN_FAILED_GROUP,empty,agree
46,Economic,Security Screening,Iran,Ankara,office,1,12,,,IN_FAILED_GROUP,agree,agree
46,Economic,Security Screening,Iran,Calaary Citizenship and Immiaration Canada,office,,56,,,IN_FAILED_GROUP,empty,agree
46,Economic,Security Screening,Iran,Case Processing Centre Edmonton,office,67,509,,,IN_FAILED_GROUP,agree,majority
46,Economic,Security Screening,Iran,Case Processing Centre Ottawa,office,193,1535,,,IN_FAILED_GROUP,majority,majority
46,Economic,Security Screening,Iran,Charlottetown IRCC,office,,7,,,IN_FAILED_GROUP,empty,agree
46,Economic,Security Screening,Iran,CIO Sydney NS,office,1153,5569,,,IN_FAILED_GROUP,majority,majority
46,Economic,Security Screening,Iran,DN West Virtual Team 1,office,5,25,,,IN_FAILED_GROUP,majority,agree
46,Economic,Security Screening,Iran,Edmonton IRCC,office,43,356,,,IN_FAILED_GROUP,majority,agree
46,Economic,Security Screening,Iran,Etobicoke,office,37,293,,,IN_FAILED_GROUP,majority,majority
46,Economic,Security Screening,Iran,Fredericton IRCC,office,,3,,,IN_FAILED_GROUP,empty,majority
46,Economic,Security Screening,Iran,Halifax,office,300,231,,,IN_FAILED_GROUP,majority,agree
46,Economic,Security Screening,Iran,Hamilton,office,,7,,,IN_FAILED_GROUP,empty,agree
46,Economic,Security Screening,Iran,HM Niagara Falls,office,,2,,,IN_FAILED_GROUP,empty,agree
46,Economic,Security Screening,Iran,HM Toronto,office,2,16,,,IN_FAILED_GROUP,agree,agree
46,Economic,Security Screening,Iran,Irrequiar Miaration Montreal,office,,1,,,IN_FAILED_GROUP,empty,agree
46,Economic,Security Screening,Iran,Kitchener,office,1,2,,,IN_FAILED_GROUP,agree,majority
46,Economic,Security Screening,Iran,London,office,3,41,,,IN_FAILED_GROUP,agree,agree
46,Economic,Security Screening,Iran,London Enaland,office,,41,,,IN_FAILED_GROUP,empty,agree
46,Economic,Security Screening,Iran,Mexico City,office,,1,,,IN_FAILED_GROUP,empty,agree
46,Economic,Security Screening,Iran,Montreal Immiaration,office,74,61,,,IN_FAILED_GROUP,agree,majority
46,Economic,Security Screening,Iran,Niagara Falls IRCC,office,,7,,,IN_FAILED_GROUP,empty,agree
46,Economic,Security Screening,Iran,Ottawa,office,,22,,,IN_FAILED_GROUP,empty,agree
46,Economic,Security Screening,Iran,Paris,office,1,817,,,IN_FAILED_GROUP,agree,majority
46,Economic,Security Screening,Iran,Pretoria,office,,2,,,IN_FAILED_GROUP,empty,agree
46,Economic,Security Screening,Iran,Rome,office,,1,,,IN_FAILED_GROUP,empty,agree
46,Economic,Security Screening,Iran,RROC,office,96,387,,,IN_FAILED_GROUP,agree,agree
46,Economic,Security Screening,Iran,Sao Paulo,office,,1,,,IN_FAILED_GROUP,empty,agree
46,Economic,Security Screening,Iran,Shanghai,office,2,2,,,IN_FAILED_GROUP,agree,agree
46,Economic,Security Screening,Iran,Singapore,office,,2,,,IN_FAILED_GROUP,empty,agree
46,Economic,Security Screening,Iran,Sydney Australia,office,,1,,,IN_FAILED_GROUP,empty,agree
46,Economic,Security Screening,Iran,Vancouver Immiaration,office,96,335,,,IN_FAILED_GROUP,agree,agree
46,Economic,Security Screening,Iran,Vienna,office,,8,,,IN_FAILED_GROUP,empty,agree
46,Economic,Security Screening,Iran,Warsaw,office,1,38,,,IN_FAILED_GROUP,agree,agree
46,Economic,Security Screening,Iran,Whitehorse IRCC,office,,1638,,,IN_FAILED_GROUP,empty,agree
46,Economic,Security Screening,Iran,Windsor,office,300,106,,,IN_FAILED_GROUP,majority,agree
46,Economic,Security Screening,Iran,Winnipeq,office,75,241,,,IN_FAILED_GROUP,agree,agree
46,Economic,Security Screening,Iran,Yellowknife,office,,6,,,IN_FAILED_GROUP,empty,agree
46,Economic,Security Screening,Iraq,,citizenship,24,7,24,165,MISMATCH,agree,majority
46,Economic,Security Screening,Iraq,Abu Dhabi,office,,2,,,IN_FAILED_GROUP,empty,agree
46,Economic,Security Screening,Iraq,Beirut,office,,1,,,IN_FAILED_GROUP,empty,agree
46,Economic,Security Screening,Iraq,Case Processing Centre Edmonton,office,,3,,,IN_FAILED_GROUP,empty,majority
46,Economic,Security Screening,Iraq,Case Processing Centre Ottawa,office,4,31,,,IN_FAILED_GROUP,agree,agree
46,Economic,Security Screening,Iraq,CIO Sydney NS,office,1,22,,,IN_FAILED_GROUP,agree,agree
46,Economic,Security Screening,Iraq,Edmonton IRCC,office,2,6,,,IN_FAILED_GROUP,agree,agree
46,Economic,Security Screening,Iraq,Etobicoke,office,,9,,,IN_FAILED_GROUP,empty,agree
46,Economic,Security Screening,Iraq,Halifax,office,,2,,,IN_FAILED_GROUP,empty,agree
46,Economic,Security Screening,Iraq,HM-New Ineliaibility,office,,1,,,IN_FAILED_GROUP,empty,agree
46,Economic,Security Screening,Iraq,London Enaland,office,,14,,,IN_FAILED_GROUP,empty,agree
46,Economic,Security Screening,Iraq,Montreal Immiaration,office,,4,,,IN_FAILED_GROUP,empty,agree
46,Economic,Security Screening,Iraq,Ottawa,office,,3,,,IN_FAILED_GROUP,empty,majority
46,Economic,Security Screening,Iraq,Paris,office,,18,,,IN_FAILED_GROUP,empty,agree
46,Economic,Security Screening,Iraq,RROC,office,7,11,,,IN_FAILED_GROUP,agree,agree
46,Economic,Security Screening,Iraq,Vancouver Immiaration,office,4,3,,,IN_FAILED_GROUP,agree,majority
46,Economic,Security Screening,Iraq,Whitehorse IRCC,office,,19,,,IN_FAILED_GROUP,empty,agree
46,Economic,Security Screening,Iraq,Windsor,office,,4,,,IN_FAILED_GROUP,empty,agree
46,Economic,Security Screening,Iraq,Winnipeq,office,6,12,,,IN_FAILED_GROUP,agree,agree
46,Economic,Security Screening,Israel,,citizenship,129,503,120,482,MISMATCH,agree,majority
46,Economic,Security Screening,Israel,Calaary Citizenship and Immiaration Canada,office,,8,,,IN_FAILED_GROUP,empty,agree
46,Economic,Security Screening,Israel,Case Processing Centre Edmonton,office,2,2,,,IN_FAILED_GROUP,majority,majority
46,Economic,Security Screening,Israel,Case Processing Centre Ottawa,office,7,54,,,IN_FAILED_GROUP,agree,agree
46,Economic,Security Screening,Israel,CIO Sydney NS,office,98,253,,,IN_FAILED_GROUP,agree,majority
46,Economic,Security Screening,Israel,Edmonton IRCC,office,4,24,,,IN_FAILED_GROUP,agree,agree
46,Economic,Security Screening,Israel,Etobicoke,office,2,14,,,IN_FAILED_GROUP,majority,agree
46,Economic,Security Screening,Israel,Fredericton IRCC,office,,4,,,IN_FAILED_GROUP,empty,agree
46,Economic,Security Screening,Israel,Halifax,office,1,19,,,IN_FAILED_GROUP,agree,agree
46,Economic,Security Screening,Israel,HM Montreal,office,,1,,,IN_FAILED_GROUP,empty,agree
46,Economic,Security Screening,Israel,Kitchener,office,,2,,,IN_FAILED_GROUP,empty,agree
46,Economic,Security Screening,Israel,London,office,,1,,,IN_FAILED_GROUP,empty,agree
46,Economic,Security Screening,Israel,Montreal Immiaration,office,2,12,,,IN_FAILED_GROUP,agree,agree
46,Economic,Security Screening,Israel,Ottawa,office,,1,,,IN_FAILED_GROUP,empty,agree
46,Economic,Security Screening,Israel,Paris,office,,4,,,IN_FAILED_GROUP,empty,agree
46,Economic,Security Screening,Israel,Rome,office,,7,,,IN_FAILED_GROUP,empty,agree
46,Economic,Security Screening,Israel,Tel Aviv,office,,1,,,IN_FAILED_GROUP,empty,agree
46,Economic,Security Screening,Israel,Vancouver Immiaration,office,2,34,,,IN_FAILED_GROUP,agree,agree
46,Economic,Security Screening,Israel,Warsaw,office,,1,,,IN_FAILED_GROUP,empty,agree
46,Economic,Security Screening,Israel,Whitehorse IRCC,office,,24,,,IN_FAILED_GROUP,empty,agree
46,Economic,Security Screening,Israel,Windsor,office,,4,,,IN_FAILED_GROUP,empty,agree
46,Economic,Security Screening,Israel,Winnipeq,office,2,10,,,IN_FAILED_GROUP,agree,agree
46,Economic,Security Screening,Israel,Yellowknife,office,,2,,,IN_FAILED_GROUP,empty,agree
46,Economic,Security Screening,Italy,,citizenship,3,70,5,68,MISMATCH,majority,agree
46,Economic,Security Screening,Italy,Calaary Citizenship and Immiaration Canada,office,,1,,,IN_FAILED_GROUP,empty,agree
46,Economic,Security Screening,Italy,Case Processing Centre Edmonton,office,,3,,,IN_FAILED_GROUP,empty,majority
46,Economic,Security Screening,Italy,Case Processing Centre Ottawa,office,,7,,,IN_FAILED_GROUP,empty,agree
46,Economic,Security Screening,Italy,CIO Sydney NS,office,3,20,,,IN_FAILED_GROUP,agree,agree
46,Economic,Security Screening,Italy,DN West Virtual Team 1,office,,1,,,IN_FAILED_GROUP,empty,agree
46,Economic,Security Screening,Italy,Edmonton IRCC,office,,1,,,IN_FAILED_GROUP,empty,agree
46,Economic,Security Screening,Italy,Etobicoke,office,,9,,,IN_FAILED_GROUP,empty,agree
46,Economic,Security Screening,Italy,HM Toronto,office,,1,,,IN_FAILED_GROUP,empty,agree
46,Economic,Security Screening,Italy,London,office,,3,,,IN_FAILED_GROUP,empty,agree
46,Economic,Security Screening,Italy,Mexico City,office,,1,,,IN_FAILED_GROUP,empty,agree
46,Economic,Security Screening,Italy,Operational Support Performance Management And,office,,1,,,IN_FAILED_GROUP,empty,agree
46,Economic,Security Screening,Italy,Ottawa,office,,1,,,IN_FAILED_GROUP,empty,agree
46,Economic,Security Screening,Italy,Paris,office,,1,,,IN_FAILED_GROUP,empty,agree
46,Economic,Security Screening,Italy,Rome,office,,1,,,IN_FAILED_GROUP,empty,agree
46,Economic,Security Screening,Italy,RROC,office,,1,,,IN_FAILED_GROUP,empty,agree
46,Economic,Security Screening,Italy,Vancouver Immiaration,office,1,4,,,IN_FAILED_GROUP,agree,agree
46,Economic,Security Screening,Italy,Whitehorse IRCC,office,,10,,,IN_FAILED_GROUP,empty,agree
46,Economic,Security Screening,Italy,Winnipeq,office,1,2,,,IN_FAILED_GROUP,agree,agree
46,Economic,Security Screening,Jamaica,,citizenship,22,210,22,210,reconciled,agree,agree
46,Economic,Security Screening,Jamaica,Calaary Citizenship and Immiaration Canada,office,,1,,,ok_group,empty,agree
46,Economic,Security Screening,Jamaica,Case Processing Centre Edmonton,office,2,16,,,ok_group,agree,agree
46,Economic,Security Screening,Jamaica,Case Processing Centre Ottawa,office,1,18,,,ok_group,agree,agree
46,Economic,Security Screening,Jamaica,CIO Sydney NS,office,14,48,,,ok_group,agree,majority
46,Economic,Security Screening,Jamaica,DN West Virtual Team 1,office,,3,,,ok_group,empty,agree
46,Economic,Security Screening,Jamaica,Edmonton IRCC,office,,7,,,ok_group,empty,agree
46,Economic,Security Screening,Jamaica,Etobicoke,office,,7,,,ok_group,empty,agree
46,Economic,Security Screening,Jamaica,Halifax,office,1,4,,,ok_group,agree,agree
46,Economic,Security Screening,Jamaica,Mexico City,office,,2,,,ok_group,empty,agree
46,Economic,Security Screening,Jamaica,Montreal Immiaration,office,2,7,,,ok_group,agree,agree
46,Economic,Security Screening,Jamaica,Vancouver Immiaration,office,,14,,,ok_group,empty,agree
46,Economic,Security Screening,Jamaica,Whitehorse IRCC,office,,69,,,ok_group,empty,agree
46,Economic,Security Screening,Jamaica,Windsor,office,,1,,,ok_group,empty,agree
46,Economic,Security Screening,Jamaica,Winnipeq,office,2,13,,,ok_group,agree,agree
46,Economic,Security Screening,Japan,,citizenship,2,29,2,29,reconciled,agree,agree
46,Economic,Security Screening,Japan,Case Processing Centre Edmonton,office,,11,,,ok_group,empty,agree
46,Economic,Security Screening,Japan,Case Processing Centre Ottawa,office,,4,,,ok_group,empty,agree
46,Economic,Security Screening,Japan,CIO Sydney NS,office,1,6,,,ok_group,agree,agree
46,Economic,Security Screening,Japan,Etobicoke,office,,1,,,ok_group,empty,agree
46,Economic,Security Screening,Japan,Halifax,office,,3,,,ok_group,empty,agree
46,Economic,Security Screening,Japan,Honda Kona,office,,1,,,ok_group,empty,agree
46,Economic,Security Screening,Japan,Montreal Immiaration,office,,1,,,ok_group,empty,agree
46,Economic,Security Screening,Japan,Vancouver Immiaration,office,1,1,,,ok_group,agree,agree
46,Economic,Security Screening,Japan,Whitehorse IRCC,office,,1,,,ok_group,empty,agree
46,Economic,Security Screening,Jordan,,citizenship,1,213,13,211,MISMATCH,majority,majority
46,Economic,Security Screening,Jordan,Calaary Citizenship and Immiaration Canada,office,,1,,,IN_FAILED_GROUP,empty,agree
46,Economic,Security Screening,Jordan,Case Processing Centre Edmonton,office,,1,,,IN_FAILED_GROUP,empty,agree
46,Economic,Security Screening,Jordan,Case Processing Centre Ottawa,office,,65,,,IN_FAILED_GROUP,empty,agree
46,Economic,Security Screening,Jordan,CIO Sydney NS,office,3,49,,,IN_FAILED_GROUP,agree,agree
46,Economic,Security Screening,Jordan,Edmonton IRCC,office,,2,,,IN_FAILED_GROUP,empty,agree
46,Economic,Security Screening,Jordan,Etobicoke,office,1,10,,,IN_FAILED_GROUP,agree,agree
46,Economic,Security Screening,Jordan,Halifax,office,,3,,,IN_FAILED_GROUP,empty,agree
46,Economic,Security Screening,Jordan,HM Toronto,office,1,1,,,IN_FAILED_GROUP,agree,agree
46,Economic,Security Screening,Jordan,London Enaland,office,,3,,,IN_FAILED_GROUP,empty,majority
46,Economic,Security Screening,Jordan,Montreal Immiaration,office,2,10,,,IN_FAILED_GROUP,agree,agree
46,Economic,Security Screening,Jordan,Paris,office,,4,,,IN_FAILED_GROUP,empty,agree
46,Economic,Security Screening,Jordan,RROC,office,,2,,,IN_FAILED_GROUP,empty,agree
46,Economic,Security Screening,Jordan,Vancouver Immiaration,office,4,9,,,IN_FAILED_GROUP,agree,agree
46,Economic,Security Screening,Jordan,Warsaw,office,,1,,,IN_FAILED_GROUP,empty,agree
46,Economic,Security Screening,Jordan,Whitehorse IRCC,office,,41,,,IN_FAILED_GROUP,empty,agree
46,Economic,Security Screening,Jordan,Windsor,office,2,3,,,IN_FAILED_GROUP,agree,agree
46,Economic,Security Screening,Jordan,Winnipeq,office,,6,,,IN_FAILED_GROUP,empty,agree
46,Economic,Security Screening,Kazakhstan,,citizenship,24,,24,125,MISMATCH,agree,none
47,Economic,Security Screening,Kazakhstan,Case Processing Centre Edmonton,office,3,8,,,IN_FAILED_GROUP,agree,agree
47,Economic,Security Screening,Kazakhstan,Case Processing Centre Ottawa,office,,24,,,IN_FAILED_GROUP,empty,agree
47,Economic,Security Screening,Kazakhstan,CIO Sydney NS,office,15,54,,,IN_FAILED_GROUP,agree,agree
47,Economic,Security Screening,Kazakhstan,Edmonton IRCC,office,,3,,,IN_FAILED_GROUP,empty,majority
47,Economic,Security Screening,Kazakhstan,Etobicoke,office,1,3,,,IN_FAILED_GROUP,agree,agree
47,Economic,Security Screening,Kazakhstan,Montreal Immiaration,office,3,12,,,IN_FAILED_GROUP,agree,agree
47,Economic,Security Screening,Kazakhstan,Ottawa,office,,1,,,IN_FAILED_GROUP,empty,agree
47,Economic,Security Screening,Kazakhstan,Vancouver Immiaration,office,1,4,,,IN_FAILED_GROUP,agree,agree
47,Economic,Security Screening,Kazakhstan,Warsaw,office,,1,,,IN_FAILED_GROUP,empty,agree
47,Economic,Security Screening,Kazakhstan,Whitehorse IRCC,office,,7,,,IN_FAILED_GROUP,empty,agree
47,Economic,Security Screening,Kazakhstan,Winnipeq,office,1,8,,,IN_FAILED_GROUP,agree,agree
47,Economic,Security Screening,Kenya,,citizenship,12,59,12,59,reconciled,agree,agree
47,Economic,Security Screening,Kenya,Case Processing Centre Edmonton,office,6,9,,,ok_group,agree,agree
47,Economic,Security Screening,Kenya,Case Processing Centre Ottawa,office,,6,,,ok_group,empty,agree
47,Economic,Security Screening,Kenya,CIO Sydney NS,office,,11,,,ok_group,empty,agree
47,Economic,Security Screening,Kenya,Edmonton IRCC,office,,2,,,ok_group,empty,agree
47,Economic,Security Screening,Kenya,Etobicoke,office,,3,,,ok_group,empty,agree
47,Economic,Security Screening,Kenya,Halifax,office,3,4,,,ok_group,agree,agree
47,Economic,Security Screening,Kenya,London,office,,2,,,ok_group,empty,agree
47,Economic,Security Screening,Kenya,RROC,office,2,2,,,ok_group,agree,agree
47,Economic,Security Screening,Kenya,Vancouver Immiaration,office,1,8,,,ok_group,agree,agree
47,Economic,Security Screening,Kenya,Whitehorse IRCC,office,,11,,,ok_group,empty,agree
47,Economic,Security Screening,Kenya,Windsor,office,,1,,,ok_group,empty,agree
47,Economic,Security Screening,"Korea, Republic of",,citizenship,6,538,66,536,MISMATCH,majority,majority
47,Economic,Security Screening,"Korea, Republic of",Calaary Citizenship and Immiaration Canada,office,,3,,,IN_FAILED_GROUP,empty,majority
47,Economic,Security Screening,"Korea, Republic of",Case Processing Centre Edmonton,office,4,18,,,IN_FAILED_GROUP,agree,agree
47,Economic,Security Screening,"Korea, Republic of",Case Processing Centre Ottawa,office,1,48,,,IN_FAILED_GROUP,agree,majority
47,Economic,Security Screening,"Korea, Republic of",CIO Sydney NS,office,32,83,,,IN_FAILED_GROUP,agree,agree
47,Economic,Security Screening,"Korea, Republic of",Dedicated Service Channel (DSC),office,,1,,,IN_FAILED_GROUP,empty,agree
47,Economic,Security Screening,"Korea, Republic of",DN West Virtual Team 1,office,1,6,,,IN_FAILED_GROUP,agree,agree
47,Economic,Security Screening,"Korea, Republic of",Edmonton IRCC,office,,17,,,IN_FAILED_GROUP,empty,agree
47,Economic,Security Screening,"Korea, Republic of",Etobicoke,office,3,62,,,IN_FAILED_GROUP,agree,agree
47,Economic,Security Screening,"Korea, Republic of",Halifax,office,2,59,,,IN_FAILED_GROUP,agree,agree
47,Economic,Security Screening,"Korea, Republic of",Hamilton,office,,2,,,IN_FAILED_GROUP,empty,agree
47,Economic,Security Screening,"Korea, Republic of",London,office,,6,,,IN_FAILED_GROUP,empty,agree
47,Economic,Security Screening,"Korea, Republic of",Manila,office,,2,,,IN_FAILED_GROUP,empty,agree
47,Economic,Security Screening,"Korea, Republic of",Montreal Immiaration,office,2,21,,,IN_FAILED_GROUP,agree,agree
47,Economic,Security Screening,"Korea, Republic of",Ottawa,office,,14,,,IN_FAILED_GROUP,empty,agree
47,Economic,Security Screening,"Korea, Republic of",RROC,office,1,2,,,IN_FAILED_GROUP,agree,agree
47,Economic,Security Screening,"Korea, Republic of",Vancouver Immiaration,office,10,45,,,IN_FAILED_GROUP,agree,agree
47,Economic,Security Screening,"Korea, Republic of",Whitehorse IRCC,office,,113,,,IN_FAILED_GROUP,empty,majority
47,Economic,Security Screening,"Korea, Republic of",Windsor,office,3,12,,,IN_FAILED_GROUP,agree,agree
47,Economic,Security Screening,"Korea, Republic of",Winnipeq,office,7,22,,,IN_FAILED_GROUP,agree,agree
47,Economic,Security Screening,"Kosovo, Republic of",,citizenship,,13,0,11,MISMATCH,empty,agree
47,Economic,Security Screening,"Kosovo, Republic of",Calaary Citizenship and Immiaration Canada,office,,1,,,IN_FAILED_GROUP,empty,agree
47,Economic,Security Screening,"Kosovo, Republic of",Case Processing Centre Ottawa,office,,3,,,IN_FAILED_GROUP,empty,majority
47,Economic,Security Screening,"Kosovo, Republic of",CIO Sydney NS,office,,1,,,IN_FAILED_GROUP,empty,agree
47,Economic,Security Screening,"Kosovo, Republic of",Ottawa,office,,4,,,IN_FAILED_GROUP,empty,agree
47,Economic,Security Screening,"Kosovo, Republic of",Vienna,office,,1,,,IN_FAILED_GROUP,empty,agree
47,Economic,Security Screening,"Kosovo, Republic of",Whitehorse IRCC,office,,1,,,IN_FAILED_GROUP,empty,agree
47,Economic,Security Screening,Kuwait,,citizenship,,3,0,5,MISMATCH,empty,majority
47,Economic,Security Screening,Kuwait,Case Processing Centre Ottawa,office,,1,,,IN_FAILED_GROUP,empty,agree
47,Economic,Security Screening,Kuwait,CIO Sydney NS,office,,3,,,IN_FAILED_GROUP,empty,agree
47,Economic,Security Screening,Kuwait,Paris,office,,1,,,IN_FAILED_GROUP,empty,agree
47,Economic,Security Screening,Kyrayzstan,,citizenship,2,37,3,37,MISMATCH,majority,majority
47,Economic,Security Screening,Kyrayzstan,Case Processing Centre Edmonton,office,,1,,,IN_FAILED_GROUP,empty,agree
47,Economic,Security Screening,Kyrayzstan,Case Processing Centre Ottawa,office,,4,,,IN_FAILED_GROUP,empty,agree
47,Economic,Security Screening,Kyrayzstan,CIO Sydney NS,office,3,25,,,IN_FAILED_GROUP,agree,agree
47,Economic,Security Screening,Kyrayzstan,Etobicoke,office,,3,,,IN_FAILED_GROUP,empty,agree
47,Economic,Security Screening,Kyrayzstan,Montreal Immiaration,office,,1,,,IN_FAILED_GROUP,empty,agree
47,Economic,Security Screening,Kyrayzstan,Winnipeq,office,,3,,,IN_FAILED_GROUP,empty,agree
47,Economic,Security Screening,Latvia,,citizenship,,3,0,5,MISMATCH,empty,majority
47,Economic,Security Screening,Latvia,Case Processing Centre Edmonton,office,,1,,,IN_FAILED_GROUP,empty,agree
47,Economic,Security Screening,Latvia,Etobicoke,office,,2,,,IN_FAILED_GROUP,empty,agree
47,Economic,Security Screening,Latvia,Whitehorse IRCC,office,,2,,,IN_FAILED_GROUP,empty,agree
47,Economic,Security Screening,Lebanon,,citizenship,48,1134,135,1114,MISMATCH,majority,agree
47,Economic,Security Screening,Lebanon,Accra,office,,2,,,IN_FAILED_GROUP,empty,agree
47,Economic,Security Screening,Lebanon,Beirut,office,,4,,,IN_FAILED_GROUP,empty,agree
47,Economic,Security Screening,Lebanon,Bucharest,office,,2,,,IN_FAILED_GROUP,empty,agree
47,Economic,Security Screening,Lebanon,Cairo,office,,1,,,IN_FAILED_GROUP,empty,agree
47,Economic,Security Screening,Lebanon,Calaary Citizenship and Immiaration Canada,office,,3,,,IN_FAILED_GROUP,empty,agree
47,Economic,Security Screening,Lebanon,Case Processing Centre Edmonton,office,3,11,,,IN_FAILED_GROUP,majority,agree
47,Economic,Security Screening,Lebanon,Case Processing Centre Ottawa,office,24,278,,,IN_FAILED_GROUP,agree,agree
47,Economic,Security Screening,Lebanon,CIO Sydney NS,office,95,447,,,IN_FAILED_GROUP,agree,agree
47,Economic,Security Screening,Lebanon,Dakar,office,,6,,,IN_FAILED_GROUP,empty,agree
47,Economic,Security Screening,Lebanon,DN West Virtual Team 1,office,,2,,,IN_FAILED_GROUP,empty,agree
47,Economic,Security Screening,Lebanon,Edmonton IRCC,office,2,36,,,IN_FAILED_GROUP,agree,agree
47,Economic,Security Screening,Lebanon,Etobicoke,office,4,41,,,IN_FAILED_GROUP,agree,agree
47,Economic,Security Screening,Lebanon,Halifax,office,,9,,,IN_FAILED_GROUP,empty,agree
47,Economic,Security Screening,Lebanon,Hamilton,office,,1,,,IN_FAILED_GROUP,empty,agree
47,Economic,Security Screening,Lebanon,Lima,office,,1,,,IN_FAILED_GROUP,empty,agree
47,Economic,Security Screening,Lebanon,London,office,,2,,,IN_FAILED_GROUP,empty,agree
47,Economic,Security Screening,Lebanon,London Enaland,office,2,7,,,IN_FAILED_GROUP,agree,majority
47,Economic,Security Screening,Lebanon,Montreal Immiaration,office,,34,,,IN_FAILED_GROUP,empty,agree
47,Economic,Security Screening,Lebanon,Ottawa,office,,4,,,IN_FAILED_GROUP,empty,agree
47,Economic,Security Screening,Lebanon,Paris,office,,100,,,IN_FAILED_GROUP,empty,agree
47,Economic,Security Screening,Lebanon,Pretoria,office,,3,,,IN_FAILED_GROUP,empty,agree
47,Economic,Security Screening,Lebanon,RROC,office,,48,,,IN_FAILED_GROUP,none,majority
47,Economic,Security Screening,Lebanon,Vancouver Immiaration,office,3,32,,,IN_FAILED_GROUP,agree,agree
47,Economic,Security Screening,Lebanon,Vienna,office,,1,,,IN_FAILED_GROUP,empty,agree
47,Economic,Security Screening,Lebanon,Warsaw,office,,1,,,IN_FAILED_GROUP,empty,agree
47,Economic,Security Screening,Lebanon,Whitehorse IRCC,office,,22,,,IN_FAILED_GROUP,empty,agree
47,Economic,Security Screening,Lebanon,Windsor,office,2,3,,,IN_FAILED_GROUP,agree,agree
47,Economic,Security Screening,Lebanon,Winnipeq,office,,13,,,IN_FAILED_GROUP,empty,agree
47,Economic,Security Screening,Libya,,citizenship,123,238,4,224,MISMATCH,majority,agree
47,Economic,Security Screening,Libya,Bucharest,office,,1,,,IN_FAILED_GROUP,empty,agree
47,Economic,Security Screening,Libya,Calaary Citizenship and Immiaration Canada,office,,3,,,IN_FAILED_GROUP,empty,agree
47,Economic,Security Screening,Libya,Case Processing Centre Edmonton,office,,7,,,IN_FAILED_GROUP,empty,agree
47,Economic,Security Screening,Libya,Case Processing Centre Ottawa,office,,7,,,IN_FAILED_GROUP,empty,majority
47,Economic,Security Screening,Libya,Charlottetown IRCC,office,,2,,,IN_FAILED_GROUP,empty,agree
47,Economic,Security Screening,Libya,CIO Sydney NS,office,,140,,,IN_FAILED_GROUP,none,agree
47,Economic,Security Screening,Libya,Edmonton IRCC,office,,4,,,IN_FAILED_GROUP,empty,agree
47,Economic,Security Screening,Libya,Etobicoke,office,,10,,,IN_FAILED_GROUP,empty,agree
47,Economic,Security Screening,Libya,Halifax,office,,12,,,IN_FAILED_GROUP,empty,agree
47,Economic,Security Screening,Libya,Montreal Immiaration,office,,3,,,IN_FAILED_GROUP,empty,majority
47,Economic,Security Screening,Libya,Niagara Falls IRCC,office,,1,,,IN_FAILED_GROUP,empty,agree
47,Economic,Security Screening,Libya,Ottawa,office,,1,,,IN_FAILED_GROUP,empty,agree
47,Economic,Security Screening,Libya,Paris,office,,6,,,IN_FAILED_GROUP,empty,agree
47,Economic,Security Screening,Libya,RROC,office,1,1,,,IN_FAILED_GROUP,agree,agree
47,Economic,Security Screening,Libya,Vancouver Immiaration,office,,7,,,IN_FAILED_GROUP,empty,agree
47,Economic,Security Screening,Libya,Whitehorse IRCC,office,,4,,,IN_FAILED_GROUP,empty,agree
47,Economic,Security Screening,Libya,Windsor,office,3,4,,,IN_FAILED_GROUP,agree,agree
47,Economic,Security Screening,Libya,Winnipeq,office,,3,,,IN_FAILED_GROUP,empty,agree
47,Economic,Security Screening,Libya,Lithuania,office,,4,,,IN_FAILED_GROUP,empty,agree
47,Economic,Security Screening,Libya,Case Processing Centre Ottawa,office,,1,,,IN_FAILED_GROUP,empty,agree
47,Economic,Security Screening,Libya,CIO Sydney NS,office,,1,,,IN_FAILED_GROUP,empty,agree
47,Economic,Security Screening,Libya,Fredericton IRCC,office,,2,,,IN_FAILED_GROUP,empty,agree
47,Economic,Security Screening,Macao SAR,,citizenship,,6,0,6,reconciled,empty,agree
47,Economic,Security Screening,Macao SAR,Case Processing Centre Ottawa,office,,1,,,ok_group,empty,agree
47,Economic,Security Screening,Macao SAR,CIO Sydney NS,office,,2,,,ok_group,empty,agree
47,Economic,Security Screening,Macao SAR,Edmonton IRCC,office,,1,,,ok_group,empty,agree
47,Economic,Security Screening,Macao SAR,Winnipeq,office,,2,,,ok_group,empty,agree
47,Economic,Security Screening,Macedonia,,citizenship,1,9,1,9,reconciled,agree,agree
47,Economic,Security Screening,Macedonia,Calaary Citizenship and Immiaration Canada,office,,1,,,ok_group,empty,agree
47,Economic,Security Screening,Macedonia,Case Processing Centre Edmonton,office,,1,,,ok_group,empty,agree
47,Economic,Security Screening,Macedonia,Case Processing Centre Ottawa,office,,1,,,ok_group,empty,agree
47,Economic,Security Screening,Macedonia,Vienna,office,,1,,,ok_group,empty,agree
47,Economic,Security Screening,Macedonia,Whitehorse IRCC,office,,2,,,ok_group,empty,agree
47,Economic,Security Screening,Macedonia,Winnipeq,office,1,3,,,ok_group,agree,agree
47,Economic,Security Screening,Madaaascar,,citizenship,3,21,5,21,MISMATCH,agree,agree
47,Economic,Security Screening,Madaaascar,Case Processing Centre Ottawa,office,,2,,,IN_FAILED_GROUP,empty,agree
47,Economic,Security Screening,Madaaascar,CIO Sydney NS,office,4,10,,,IN_FAILED_GROUP,agree,agree
47,Economic,Security Screening,Madaaascar,Etobicoke,office,,2,,,IN_FAILED_GROUP,empty,agree
47,Economic,Security Screening,Madaaascar,Pretoria,office,,3,,,IN_FAILED_GROUP,empty,agree
47,Economic,Security Screening,Madaaascar,RROC,office,1,3,,,IN_FAILED_GROUP,agree,agree
47,Economic,Security Screening,Madaaascar,Vancouver Immiaration,office,,1,,,IN_FAILED_GROUP,empty,agree
47,Economic,Security Screening,Malaysia,,citizenship,3,17,3,17,reconciled,agree,agree
47,Economic,Security Screening,Malaysia,Calaary Citizenship and Immiaration Canada,office,,1,,,ok_group,empty,agree
47,Economic,Security Screening,Malaysia,Case Processing Centre Ottawa,office,,2,,,ok_group,empty,agree
47,Economic,Security Screening,Malaysia,CIO Sydney NS,office,3,8,,,ok_group,agree,agree
47,Economic,Security Screening,Malaysia,Montreal Immiaration,office,,1,,,ok_group,empty,agree
47,Economic,Security Screening,Malaysia,RROC,office,,1,,,ok_group,empty,agree
47,Economic,Security Screening,Malaysia,Vancouver Immiaration,office,,1,,,ok_group,empty,agree
47,Economic,Security Screening,Malaysia,Whitehorse IRCC,office,,2,,,ok_group,empty,agree
47,Economic,Security Screening,Malaysia,Winnipeq,office,,1,,,ok_group,empty,agree
47,Economic,Security Screening,"Mali, Republic of",,citizenship,2,4,2,23,MISMATCH,agree,majority
47,Economic,Security Screening,"Mali, Republic of",Case Processing Centre Ottawa,office,,,,,IN_FAILED_GROUP,empty,none
48,Economic,Security Screening,"Mali, Republic of",CIO Sydney NS,office,,6,,,IN_FAILED_GROUP,empty,agree
48,Economic,Security Screening,"Mali, Republic of",Dakar,office,,6,,,IN_FAILED_GROUP,empty,agree
48,Economic,Security Screening,"Mali, Republic of",Edmonton IRCC,office,,1,,,IN_FAILED_GROUP,empty,agree
48,Economic,Security Screening,"Mali, Republic of",Montreal Immiaration,office,1,1,,,IN_FAILED_GROUP,agree,agree
48,Economic,Security Screening,"Mali, Republic of",Paris,office,,2,,,IN_FAILED_GROUP,empty,agree
48,Economic,Security Screening,"Mali, Republic of",RROC,office,,1,,,IN_FAILED_GROUP,empty,agree
48,Economic,Security Screening,"Mali, Republic of",Vancouver Immiaration,office,,4,,,IN_FAILED_GROUP,empty,agree
48,Economic,Security Screening,"Mali, Republic of",Whitehorse IRCC,office,,1,,,IN_FAILED_GROUP,empty,agree
48,Economic,Security Screening,"Mali, Republic of",Windsor,office,1,1,,,IN_FAILED_GROUP,agree,agree
48,Economic,Security Screening,Malta,,citizenship,,2,0,2,reconciled,empty,agree
48,Economic,Security Screening,Malta,Rome,office,,1,,,ok_group,empty,agree
48,Economic,Security Screening,Malta,Whitehorse IRCC,office,,1,,,ok_group,empty,agree
48,Economic,Security Screening,Mauritania,,citizenship,3,8,3,6,MISMATCH,agree,agree
48,Economic,Security Screening,Mauritania,Case Processing Centre Ottawa,office,3,3,,,IN_FAILED_GROUP,agree,majority
48,Economic,Security Screening,Mauritania,Etobicoke,office,,2,,,IN_FAILED_GROUP,empty,agree
48,Economic,Security Screening,Mauritania,Montreal Immiaration,office,,1,,,IN_FAILED_GROUP,empty,agree
48,Economic,Security Screening,Mauritius,,citizenship,18,70,18,70,reconciled,agree,agree
48,Economic,Security Screening,Mauritius,Case Processing Centre Edmonton,office,3,4,,,ok_group,agree,agree
48,Economic,Security Screening,Mauritius,Case Processing Centre Ottawa,office,5,14,,,ok_group,majority,agree
48,Economic,Security Screening,Mauritius,CIO Sydney NS,office,7,24,,,ok_group,agree,agree
48,Economic,Security Screening,Mauritius,Edmonton IRCC,office,,2,,,ok_group,empty,agree
48,Economic,Security Screening,Mauritius,Etobicoke,office,,2,,,ok_group,empty,agree
48,Economic,Security Screening,Mauritius,Halifax,office,,1,,,ok_group,empty,agree
48,Economic,Security Screening,Mauritius,Pretoria,office,,8,,,ok_group,empty,agree
48,Economic,Security Screening,Mauritius,RROC,office,1,4,,,ok_group,agree,agree
48,Economic,Security Screening,Mauritius,Vancouver Immiaration,office,,4,,,ok_group,empty,agree
48,Economic,Security Screening,Mauritius,Whitehorse IRCC,office,,1,,,ok_group,empty,agree
48,Economic,Security Screening,Mauritius,Winnipeq,office,2,4,,,ok_group,agree,agree
48,Economic,Security Screening,Mauritius,Yellowknife,office,,2,,,ok_group,empty,agree
48,Economic,Security Screening,Mexico,,citizenship,114,442,102,315,MISMATCH,agree,agree
48,Economic,Security Screening,Mexico,Calaary Citizenship and Immiaration Canada,office,,12,,,IN_FAILED_GROUP,empty,agree
48,Economic,Security Screening,Mexico,Case Processing Centre Edmonton,office,10,29,,,IN_FAILED_GROUP,agree,agree
48,Economic,Security Screening,Mexico,Case Processing Centre Ottawa,office,1,36,,,IN_FAILED_GROUP,agree,agree
48,Economic,Security Screening,Mexico,CIO Sydney NS,office,67,14,,,IN_FAILED_GROUP,agree,majority
48,Economic,Security Screening,Mexico,DN West Virtual Team 1,office,,3,,,IN_FAILED_GROUP,empty,agree
48,Economic,Security Screening,Mexico,Edmonton IRCC,office,3,13,,,IN_FAILED_GROUP,majority,agree
48,Economic,Security Screening,Mexico,Etobicoke,office,1,19,,,IN_FAILED_GROUP,agree,agree
48,Economic,Security Screening,Mexico,Halifax,office,,6,,,IN_FAILED_GROUP,empty,agree
48,Economic,Security Screening,Mexico,HM Toronto,office,,3,,,IN_FAILED_GROUP,empty,agree
48,Economic,Security Screening,Mexico,Kitchener,office,,2,,,IN_FAILED_GROUP,empty,agree
48,Economic,Security Screening,Mexico,London,office,,3,,,IN_FAILED_GROUP,empty,agree
48,Economic,Security Screening,Mexico,Mexico City,office,,3,,,IN_FAILED_GROUP,empty,agree
48,Economic,Security Screening,Mexico,Montreal Immiaration,office,4,15,,,IN_FAILED_GROUP,agree,agree
48,Economic,Security Screening,Mexico,Ottawa,office,,3,,,IN_FAILED_GROUP,empty,agree
48,Economic,Security Screening,Mexico,RROC,office,1,2,,,IN_FAILED_GROUP,agree,agree
48,Economic,Security Screening,Mexico,Vancouver Immiaration,office,4,29,,,IN_FAILED_GROUP,agree,agree
48,Economic,Security Screening,Mexico,Whitehorse IRCC,office,,106,,,IN_FAILED_GROUP,empty,agree
48,Economic,Security Screening,Mexico,Windsor,office,4,4,,,IN_FAILED_GROUP,agree,agree
48,Economic,Security Screening,Mexico,Winnipeq,office,7,12,,,IN_FAILED_GROUP,agree,agree
48,Economic,Security Screening,Mexico,Yellowknife,office,,1,,,IN_FAILED_GROUP,empty,agree
48,Economic,Security Screening,Moldova,,citizenship,2,31,2,31,reconciled,agree,agree
48,Economic,Security Screening,Moldova,Case Processing Centre Ottawa,office,,4,,,ok_group,empty,agree
48,Economic,Security Screening,Moldova,CIO Sydney NS,office,,8,,,ok_group,empty,agree
48,Economic,Security Screening,Moldova,Edmonton IRCC,office,1,1,,,ok_group,agree,agree
48,Economic,Security Screening,Moldova,Etobicoke,office,,1,,,ok_group,empty,agree
48,Economic,Security Screening,Moldova,Halifax,office,,3,,,ok_group,empty,agree
48,Economic,Security Screening,Moldova,London,office,,1,,,ok_group,empty,agree
48,Economic,Security Screening,Moldova,Montreal Immiaration,office,,2,,,ok_group,empty,agree
48,Economic,Security Screening,Moldova,Paris,office,,8,,,ok_group,empty,agree
48,Economic,Security Screening,Moldova,RROC,office,,2,,,ok_group,empty,agree
48,Economic,Security Screening,Moldova,Vancouver Immiaration,office,1,1,,,ok_group,agree,agree
48,Economic,Security Screening,"Monaolia, People's Republic of",,citizenship,1,6,1,6,reconciled,agree,agree
48,Economic,Security Screening,"Monaolia, People's Republic of",Case Processing Centre Edmonton,office,,1,,,ok_group,empty,agree
48,Economic,Security Screening,"Monaolia, People's Republic of",Case Processing Centre Ottawa,office,1,1,,,ok_group,agree,agree
48,Economic,Security Screening,"Monaolia, People's Republic of",CIO Sydney NS,office,,1,,,ok_group,empty,agree
48,Economic,Security Screening,"Monaolia, People's Republic of",Honda Kona,office,,1,,,ok_group,empty,agree
48,Economic,Security Screening,"Monaolia, People's Republic of",Ottawa,office,,1,,,ok_group,empty,agree
48,Economic,Security Screening,"Monaolia, People's Republic of",Vancouver Immiaration,office,,1,,,ok_group,empty,agree
48,Economic,Security Screening,"Montenearo, Republic of",,citizenship,,1,0,1,reconciled,empty,agree
48,Economic,Security Screening,"Montenearo, Republic of",Whitehorse IRCC,office,,1,,,ok_group,empty,agree
48,Economic,Security Screening,Morocco,,citizenship,113,443,92,421,MISMATCH,agree,agree
48,Economic,Security Screening,Morocco,Calaary Citizenship and Immiaration Canada,office,,3,,,IN_FAILED_GROUP,empty,majority
48,Economic,Security Screening,Morocco,Case Processing Centre Edmonton,office,1,4,,,IN_FAILED_GROUP,agree,agree
48,Economic,Security Screening,Morocco,Case Processing Centre Ottawa,office,2,98,,,IN_FAILED_GROUP,majority,agree
48,Economic,Security Screening,Morocco,CIO Sydney NS,office,70,199,,,IN_FAILED_GROUP,agree,agree
48,Economic,Security Screening,Morocco,Edmonton IRCC,office,,7,,,IN_FAILED_GROUP,empty,agree
48,Economic,Security Screening,Morocco,Etobicoke,office,2,8,,,IN_FAILED_GROUP,agree,agree
48,Economic,Security Screening,Morocco,Fredericton IRCC,office,,1,,,IN_FAILED_GROUP,empty,agree
48,Economic,Security Screening,Morocco,Halifax,office,,7,,,IN_FAILED_GROUP,empty,agree
48,Economic,Security Screening,Morocco,Hamilton,office,,2,,,IN_FAILED_GROUP,empty,agree
48,Economic,Security Screening,Morocco,London,office,,1,,,IN_FAILED_GROUP,empty,agree
48,Economic,Security Screening,Morocco,London Enaland,office,,2,,,IN_FAILED_GROUP,empty,agree
48,Economic,Security Screening,Morocco,Montreal Immiaration,office,5,11,,,IN_FAILED_GROUP,majority,agree
48,Economic,Security Screening,Morocco,Ottawa,office,,1,,,IN_FAILED_GROUP,empty,agree
48,Economic,Security Screening,Morocco,Paris,office,1,8,,,IN_FAILED_GROUP,agree,agree
48,Economic,Security Screening,Morocco,Rabat,office,,24,,,IN_FAILED_GROUP,empty,agree
48,Economic,Security Screening,Morocco,RROC,office,5,7,,,IN_FAILED_GROUP,majority,majority
48,Economic,Security Screening,Morocco,Vancouver Immiaration,office,4,21,,,IN_FAILED_GROUP,agree,agree
48,Economic,Security Screening,Morocco,Whitehorse IRCC,office,,8,,,IN_FAILED_GROUP,empty,agree
48,Economic,Security Screening,Morocco,Winnipeq,office,2,9,,,IN_FAILED_GROUP,agree,agree
48,Economic,Security Screening,Myanmar (Burma),,citizenship,1,7,1,7,reconciled,agree,agree
48,Economic,Security Screening,Myanmar (Burma),CIO Sydney NS,office,,2,,,ok_group,empty,agree
48,Economic,Security Screening,Myanmar (Burma),Etobicoke,office,1,1,,,ok_group,agree,agree
48,Economic,Security Screening,Myanmar (Burma),London Enaland,office,,1,,,ok_group,empty,agree
48,Economic,Security Screening,Myanmar (Burma),Montreal Immiaration,office,,1,,,ok_group,empty,agree
48,Economic,Security Screening,Myanmar (Burma),Whitehorse IRCC,office,,2,,,ok_group,empty,agree
48,Economic,Security Screening,Namibia,,citizenship,,1,0,1,reconciled,empty,agree
48,Economic,Security Screening,Namibia,Vancouver Immiaration,office,,1,,,ok_group,empty,agree
48,Economic,Security Screening,Nepal,,citizenship,7,63,7,63,reconciled,agree,agree
48,Economic,Security Screening,Nepal,Calaary Citizenship and Immiaration Canada,office,,1,,,ok_group,empty,agree
48,Economic,Security Screening,Nepal,Case Processing Centre Edmonton,office,,6,,,ok_group,empty,agree
48,Economic,Security Screening,Nepal,Case Processing Centre Ottawa,office,,4,,,ok_group,empty,agree
48,Economic,Security Screening,Nepal,CIO Sydney NS,office,1,11,,,ok_group,agree,agree
48,Economic,Security Screening,Nepal,DN West Virtual Team 1,office,,1,,,ok_group,empty,agree
48,Economic,Security Screening,Nepal,Edmonton IRCC,office,,1,,,ok_group,empty,agree
48,Economic,Security Screening,Nepal,Etobicoke,office,1,2,,,ok_group,agree,agree
48,Economic,Security Screening,Nepal,Halifax,office,,10,,,ok_group,empty,agree
48,Economic,Security Screening,Nepal,Montreal Immiaration,office,2,2,,,ok_group,agree,agree
48,Economic,Security Screening,Nepal,New Delhi,office,,4,,,ok_group,empty,agree
48,Economic,Security Screening,Nepal,RROC,office,1,1,,,ok_group,agree,agree
48,Economic,Security Screening,Nepal,Vancouver Immiaration,office,,2,,,ok_group,empty,agree
48,Economic,Security Screening,Nepal,Whitehorse IRCC,office,,10,,,ok_group,empty,agree
48,Economic,Security Screening,Nepal,Windsor,office,1,1,,,ok_group,agree,agree
48,Economic,Security Screening,Nepal,Winnipeq,office,1,7,,,ok_group,agree,agree
48,Economic,Security Screening,New Zealand,,citizenship,,8,0,8,reconciled,empty,agree
48,Economic,Security Screening,New Zealand,Case Processing Centre Edmonton,office,,1,,,ok_group,empty,agree
48,Economic,Security Screening,New Zealand,Case Processing Centre Ottawa,office,,2,,,ok_group,empty,agree
48,Economic,Security Screening,New Zealand,CIO Sydney NS,office,,3,,,ok_group,empty,agree
48,Economic,Security Screening,New Zealand,Etobicoke,office,,1,,,ok_group,empty,agree
48,Economic,Security Screening,New Zealand,Montreal Immiaration,office,,1,,,ok_group,empty,agree
48,Economic,Security Screening,Nicaraqua,,citizenship,1,4,1,4,reconciled,agree,agree
48,Economic,Security Screening,Nicaraqua,CIO Sydney NS,office,1,1,,,ok_group,agree,agree
48,Economic,Security Screening,Nicaraqua,Edmonton IRCC,office,,1,,,ok_group,empty,agree
48,Economic,Security Screening,Nicaraqua,Mexico City,office,,1,,,ok_group,empty,agree
48,Economic,Security Screening,Nicaraqua,Vancouver Immiaration,office,,1,,,ok_group,empty,agree
48,Economic,Security Screening,Nigeria,,citizenship,308,1601,271,1283,MISMATCH,agree,agree
48,Economic,Security Screening,Nigeria,Accra,office,1,15,,,IN_FAILED_GROUP,agree,agree
48,Economic,Security Screening,Nigeria,Calaary Citizenship and Immiaration Canada,office,,24,,,IN_FAILED_GROUP,empty,agree
48,Economic,Security Screening,Nigeria,Case Processing Centre Edmonton,office,46,113,,,IN_FAILED_GROUP,agree,majority
48,Economic,Security Screening,Nigeria,Case Processing Centre Ottawa,office,28,153,,,IN_FAILED_GROUP,majority,agree
48,Economic,Security Screening,Nigeria,CIO Sydney NS,office,121,405,,,IN_FAILED_GROUP,agree,agree
48,Economic,Security Screening,Nigeria,DN West Virtual Team 1,office,2,10,,,IN_FAILED_GROUP,agree,agree
48,Economic,Security Screening,Nigeria,Edmonton IRCC,office,19,187,,,IN_FAILED_GROUP,agree,agree
48,Economic,Security Screening,Nigeria,Etobicoke,office,7,42,,,IN_FAILED_GROUP,agree,agree
48,Economic,Security Screening,Nigeria,Guanazhou,office,,1,,,IN_FAILED_GROUP,empty,agree
48,Economic,Security Screening,Nigeria,Halifax,office,,14,,,IN_FAILED_GROUP,empty,agree
48,Economic,Security Screening,Nigeria,Honda Kona,office,,10,,,IN_FAILED_GROUP,empty,agree
48,Economic,Security Screening,Nigeria,London,office,1,7,,,IN_FAILED_GROUP,agree,agree
48,Economic,Security Screening,Nigeria,London Enaland,office,,4,,,IN_FAILED_GROUP,empty,agree
48,Economic,Security Screening,Nigeria,Montreal Immiaration,office,15,145,,,IN_FAILED_GROUP,agree,agree
48,Economic,Security Screening,Nigeria,Directorate National Security Division Intelligence,office,,1,,,IN_FAILED_GROUP,empty,agree
48,Economic,Security Screening,Nigeria,Ottawa,office,,11,,,IN_FAILED_GROUP,empty,agree
48,Economic,Security Screening,Nigeria,Paris,office,,4,,,IN_FAILED_GROUP,empty,agree
48,Economic,Security Screening,Nigeria,RROC,office,3,22,,,IN_FAILED_GROUP,agree,agree
48,Economic,Security Screening,Nigeria,Vancouver Immiaration,office,3,,,,IN_FAILED_GROUP,agree,none
48,Economic,Security Screening,Nigeria,Whitehorse IRCC,office,1,,,,IN_FAILED_GROUP,agree,none
49,Economic,Security Screening,Nigeria,Windsor,office,,30,,,IN_FAILED_GROUP,none,agree
49,Economic,Security Screening,Nigeria,Winnipeq,office,24,68,,,IN_FAILED_GROUP,agree,agree
49,Economic,Security Screening,Nigeria,Yellowknife,office,,11,,,IN_FAILED_GROUP,empty,agree
49,Economic,Security Screening,Nigeria,Nonway,office,,3,,,IN_FAILED_GROUP,empty,agree
49,Economic,Security Screening,Nigeria,Calaary Citizenship and Immiaration Canada,office,,2,,,IN_FAILED_GROUP,empty,agree
49,Economic,Security Screening,Nigeria,Vancouver Immiaration,office,,1,,,IN_FAILED_GROUP,empty,agree
49,Economic,Security Screening,Oman,,citizenship,,2,0,2,reconciled,empty,agree
49,Economic,Security Screening,Oman,Vancouver Immiaration,office,,1,,,ok_group,empty,agree
49,Economic,Security Screening,Oman,Whitehorse IRCC,office,,1,,,ok_group,empty,agree
49,Economic,Security Screening,Other,,citizenship,,4,0,4,reconciled,empty,agree
49,Economic,Security Screening,Other,Case Processing Centre Ottawa,office,,1,,,ok_group,empty,agree
49,Economic,Security Screening,Other,London,office,,1,,,ok_group,empty,agree
49,Economic,Security Screening,Other,Montreal Immiaration,office,,1,,,ok_group,empty,agree
49,Economic,Security Screening,Other,Whitehorse IRCC,office,,1,,,ok_group,empty,agree
49,Economic,Security Screening,Pakistan,,citizenship,324,2363,264,2011,MISMATCH,agree,majority
49,Economic,Security Screening,Pakistan,Abu Dhabi,office,,4,,,IN_FAILED_GROUP,empty,agree
49,Economic,Security Screening,Pakistan,Calaary Citizenship and Immiaration Canada,office,,7,,,IN_FAILED_GROUP,empty,majority
49,Economic,Security Screening,Pakistan,Case Processing Centre Edmonton,office,14,102,,,IN_FAILED_GROUP,agree,agree
49,Economic,Security Screening,Pakistan,Case Processing Centre Ottawa,office,46,373,,,IN_FAILED_GROUP,agree,majority
49,Economic,Security Screening,Pakistan,CIO Sydney NS,office,75,336,,,IN_FAILED_GROUP,agree,agree
49,Economic,Security Screening,Pakistan,Colombo,office,,3,,,IN_FAILED_GROUP,empty,agree
49,Economic,Security Screening,Pakistan,Dar-Es-Salaam,office,,1,,,IN_FAILED_GROUP,empty,agree
49,Economic,Security Screening,Pakistan,DN West Virtual Team 1,office,2,9,,,IN_FAILED_GROUP,agree,agree
49,Economic,Security Screening,Pakistan,Edmonton IRCC,office,2,150,,,IN_FAILED_GROUP,majority,agree
49,Economic,Security Screening,Pakistan,Etobicoke,office,34,199,,,IN_FAILED_GROUP,agree,agree
49,Economic,Security Screening,Pakistan,Halifax,office,10,48,,,IN_FAILED_GROUP,agree,majority
49,Economic,Security Screening,Pakistan,Hamilton,office,,6,,,IN_FAILED_GROUP,empty,agree
49,Economic,Security Screening,Pakistan,HM-New Ineliaibility,office,,3,,,IN_FAILED_GROUP,empty,majority
49,Economic,Security Screening,Pakistan,Honda Kona,office,,1,,,IN_FAILED_GROUP,empty,agree
49,Economic,Security Screening,Pakistan,Islamabad,office,1,3,,,IN_FAILED_GROUP,agree,agree
49,Economic,Security Screening,Pakistan,Kitchener,office,,6,,,IN_FAILED_GROUP,empty,agree
49,Economic,Security Screening,Pakistan,London,office,1,7,,,IN_FAILED_GROUP,agree,agree
49,Economic,Security Screening,Pakistan,London Enaland,office,2,304,,,IN_FAILED_GROUP,agree,agree
49,Economic,Security Screening,Pakistan,Montreal Immiaration,office,22,77,,,IN_FAILED_GROUP,agree,majority
49,Economic,Security Screening,Pakistan,Niagara Falls IRCC,office,,2,,,IN_FAILED_GROUP,empty,agree
49,Economic,Security Screening,Pakistan,Ottawa,office,,17,,,IN_FAILED_GROUP,empty,agree
49,Economic,Security Screening,Pakistan,Paris,office,1,11,,,IN_FAILED_GROUP,agree,agree
49,Economic,Security Screening,Pakistan,Rome,office,,3,,,IN_FAILED_GROUP,empty,agree
49,Economic,Security Screening,Pakistan,RROC,office,16,105,,,IN_FAILED_GROUP,agree,agree
49,Economic,Security Screening,Pakistan,Sydney Australia,office,,4,,,IN_FAILED_GROUP,empty,agree
49,Economic,Security Screening,Pakistan,Vancouver Immiaration,office,34,7,,,IN_FAILED_GROUP,agree,majority
49,Economic,Security Screening,Pakistan,Vienna,office,,3,,,IN_FAILED_GROUP,empty,majority
49,Economic,Security Screening,Pakistan,Whitehorse IRCC,office,,95,,,IN_FAILED_GROUP,empty,agree
49,Economic,Security Screening,Pakistan,Windsor,office,2,7,,,IN_FAILED_GROUP,majority,majority
49,Economic,Security Screening,Pakistan,Winnipeq,office,2,112,,,IN_FAILED_GROUP,majority,agree
49,Economic,Security Screening,Pakistan,Yellowknife,office,,6,,,IN_FAILED_GROUP,empty,agree
49,Economic,Security Screening,Palestinian Authority (Gaza/West Bank),,citizenship,16,69,16,69,reconciled,agree,agree
49,Economic,Security Screening,Palestinian Authority (Gaza/West Bank),Beirut,office,,1,,,ok_group,empty,agree
49,Economic,Security Screening,Palestinian Authority (Gaza/West Bank),Case Processing Centre Edmonton,office,,2,,,ok_group,empty,agree
49,Economic,Security Screening,Palestinian Authority (Gaza/West Bank),Case Processing Centre Ottawa,office,4,18,,,ok_group,agree,agree
49,Economic,Security Screening,Palestinian Authority (Gaza/West Bank),CIO Sydney NS,office,7,17,,,ok_group,agree,agree
49,Economic,Security Screening,Palestinian Authority (Gaza/West Bank),Edmonton IRCC,office,,1,,,ok_group,empty,agree
49,Economic,Security Screening,Palestinian Authority (Gaza/West Bank),Etobicoke,office,,1,,,ok_group,empty,agree
49,Economic,Security Screening,Palestinian Authority (Gaza/West Bank),Halifax,office,,1,,,ok_group,empty,agree
49,Economic,Security Screening,Palestinian Authority (Gaza/West Bank),London Enaland,office,,4,,,ok_group,empty,agree
49,Economic,Security Screening,Palestinian Authority (Gaza/West Bank),Montreal Immiaration,office,,3,,,ok_group,empty,agree
49,Economic,Security Screening,Palestinian Authority (Gaza/West Bank),Paris,office,,2,,,ok_group,empty,agree
49,Economic,Security Screening,Palestinian Authority (Gaza/West Bank),RROC,office,1,6,,,ok_group,agree,agree
49,Economic,Security Screening,Palestinian Authority (Gaza/West Bank),Sydney Australia,office,,1,,,ok_group,empty,agree
49,Economic,Security Screening,Palestinian Authority (Gaza/West Bank),Vancouver Immiaration,office,4,9,,,ok_group,agree,agree
49,Economic,Security Screening,Palestinian Authority (Gaza/West Bank),Whitehorse IRCC,office,,3,,,ok_group,empty,agree
49,Economic,Security Screening,"Panama, Republic of",,citizenship,,3,0,5,MISMATCH,empty,majority
49,Economic,Security Screening,"Panama, Republic of",Etobicoke,office,,3,,,IN_FAILED_GROUP,empty,agree
49,Economic,Security Screening,"Panama, Republic of",Mexico City,office,,1,,,IN_FAILED_GROUP,empty,agree
49,Economic,Security Screening,"Panama, Republic of",Vancouver Immiaration,office,,1,,,IN_FAILED_GROUP,empty,agree
49,Economic,Security Screening,Paraquay,,citizenship,,1,0,1,reconciled,empty,agree
49,Economic,Security Screening,Paraquay,Etobicoke,office,,1,,,ok_group,empty,agree
49,Economic,Security Screening,Peoples Republic of Benin,,citizenship,25,50,18,48,MISMATCH,agree,majority
49,Economic,Security Screening,Peoples Republic of Benin,Case Processing Centre Ottawa,office,1,4,,,IN_FAILED_GROUP,agree,agree
49,Economic,Security Screening,Peoples Republic of Benin,CIO Sydney NS,office,2,14,,,IN_FAILED_GROUP,agree,agree
49,Economic,Security Screening,Peoples Republic of Benin,Montreal Immiaration,office,6,9,,,IN_FAILED_GROUP,agree,agree
49,Economic,Security Screening,Peoples Republic of Benin,Paris,office,1,3,,,IN_FAILED_GROUP,agree,majority
49,Economic,Security Screening,Peoples Republic of Benin,Pretoria,office,,1,,,IN_FAILED_GROUP,empty,agree
49,Economic,Security Screening,Peoples Republic of Benin,RROC,office,7,8,,,IN_FAILED_GROUP,agree,agree
49,Economic,Security Screening,Peoples Republic of Benin,Vancouver Immiaration,office,1,1,,,IN_FAILED_GROUP,agree,agree
49,Economic,Security Screening,Peoples Republic of Benin,Whitehorse IRCC,office,,8,,,IN_FAILED_GROUP,empty,agree
49,Economic,Security Screening,People's Republic of China,,citizenship,1581,15349,1419,15347,MISMATCH,agree,agree
49,Economic,Security Screening,People's Republic of China,Abu Dhabi,office,,1,,,IN_FAILED_GROUP,empty,agree
49,Economic,Security Screening,People's Republic of China,Beiiina,office,2,240,,,IN_FAILED_GROUP,majority,agree
49,Economic,Security Screening,People's Republic of China,Calaary Citizenship and Immiaration Canada,office,,165,,,IN_FAILED_GROUP,empty,agree
49,Economic,Security Screening,People's Republic of China,Case Processing Centre Edmonton,office,30,428,,,IN_FAILED_GROUP,agree,agree
49,Economic,Security Screening,People's Republic of China,Case Processing Centre Ottawa,office,83,635,,,IN_FAILED_GROUP,agree,agree
49,Economic,Security Screening,People's Republic of China,Case Cases Review Citizenship And Immigration,office,,3,,,IN_FAILED_GROUP,empty,agree
49,Economic,Security Screening,People's Republic of China,CIO Sydney NS,office,974,7470,,,IN_FAILED_GROUP,agree,majority
49,Economic,Security Screening,People's Republic of China,DN West Virtual Team 1,office,1,49,,,IN_FAILED_GROUP,agree,agree
49,Economic,Security Screening,People's Republic of China,Edmonton IRCC,office,36,453,,,IN_FAILED_GROUP,agree,majority
49,Economic,Security Screening,People's Republic of China,Etobicoke,office,56,539,,,IN_FAILED_GROUP,majority,majority
49,Economic,Security Screening,People's Republic of China,Fredericton IRCC,office,,7,,,IN_FAILED_GROUP,empty,agree
49,Economic,Security Screening,People's Republic of China,Halifax,office,35,240,,,IN_FAILED_GROUP,agree,agree
49,Economic,Security Screening,People's Republic of China,Hamilton,office,,16,,,IN_FAILED_GROUP,empty,agree
49,Economic,Security Screening,People's Republic of China,HM Montreal,office,1,3,,,IN_FAILED_GROUP,agree,agree
49,Economic,Security Screening,People's Republic of China,HM-New Ineliaibility,office,,2,,,IN_FAILED_GROUP,empty,agree
49,Economic,Security Screening,People's Republic of China,Honda Kona,office,7,2433,,,IN_FAILED_GROUP,majority,majority
49,Economic,Security Screening,People's Republic of China,Kitchener,office,2,12,,,IN_FAILED_GROUP,majority,agree
49,Economic,Security Screening,People's Republic of China,London,office,1,24,,,IN_FAILED_GROUP,agree,agree
49,Economic,Security Screening,People's Republic of China,London Enaland,office,6,11,,,IN_FAILED_GROUP,agree,agree
49,Economic,Security Screening,People's Republic of China,Manila,office,,1,,,IN_FAILED_GROUP,empty,agree
49,Economic,Security Screening,People's Republic of China,Mexico City,office,,10,,,IN_FAILED_GROUP,empty,agree
49,Economic,Security Screening,People's Republic of China,Montreal Immiaration,office,36,323,,,IN_FAILED_GROUP,agree,majority
49,Economic,Security Screening,People's Republic of China,Nairobi,office,,2,,,IN_FAILED_GROUP,empty,agree
49,Economic,Security Screening,People's Republic of China,New Delhi,office,,1,,,IN_FAILED_GROUP,empty,agree
49,Economic,Security Screening,People's Republic of China,New York,office,,4,,,IN_FAILED_GROUP,empty,agree
49,Economic,Security Screening,People's Republic of China,Niagara Falls IRCC,office,,10,,,IN_FAILED_GROUP,empty,agree
49,Economic,Security Screening,People's Republic of China,Ottawa,office,,106,,,IN_FAILED_GROUP,empty,agree
49,Economic,Security Screening,People's Republic of China,Ottawa IR,office,,12,,,IN_FAILED_GROUP,empty,agree
49,Economic,Security Screening,People's Republic of China,Paris,office,,20,,,IN_FAILED_GROUP,empty,agree
49,Economic,Security Screening,People's Republic of China,Pretoria,office,,3,,,IN_FAILED_GROUP,empty,majority
49,Economic,Security Screening,People's Republic of China,RROC,office,5,132,,,IN_FAILED_GROUP,majority,agree
49,Economic,Security Screening,People's Republic of China,Singapore,office,,6,,,IN_FAILED_GROUP,empty,agree
49,Economic,Security Screening,People's Republic of China,St John's IRCC,office,,2,,,IN_FAILED_GROUP,empty,agree
49,Economic,Security Screening,People's Republic of China,Sydney Australia,office,,6,,,IN_FAILED_GROUP,empty,agree
49,Economic,Security Screening,People's Republic of China,Vancouver Immiaration,office,103,567,,,IN_FAILED_GROUP,agree,majority
49,Economic,Security Screening,People's Republic of China,Vienna,office,,7,,,IN_FAILED_GROUP,empty,agree
49,Economic,Security Screening,People's Republic of China,Warsaw,office,,2,,,IN_FAILED_GROUP,empty,agree
49,Economic,Security Screening,People's Republic of China,Whitehorse IRCC,office,,542,,,IN_FAILED_GROUP,empty,majority
49,Economic,Security Screening,People's Republic of China,Windsor,office,34,155,,,IN_FAILED_GROUP,agree,agree
49,Economic,Security Screening,People's Republic of China,Winnipeq,office,7,698,,,IN_FAILED_GROUP,majority,agree
49,Economic,Security Screening,People's Republic of China,Yellowknife,office,,7,,,IN_FAILED_GROUP,empty,agree
49,Economic,Security Screening,Peru,,citizenship,8,51,8,49,MISMATCH,agree,majority
49,Economic,Security Screening,Peru,Case Processing Centre Edmonton,office,,2,,,IN_FAILED_GROUP,empty,agree
49,Economic,Security Screening,Peru,Case Processing Centre Ottawa,office,,3,,,IN_FAILED_GROUP,empty,agree
49,Economic,Security Screening,Peru,CIO Sydney NS,office,5,15,,,IN_FAILED_GROUP,majority,agree
49,Economic,Security Screening,Peru,Edmonton IRCC,office,,3,,,IN_FAILED_GROUP,empty,majority
49,Economic,Security Screening,Peru,Etobicoke,office,1,2,,,IN_FAILED_GROUP,agree,agree
49,Economic,Security Screening,Peru,Halifax,office,,8,,,IN_FAILED_GROUP,empty,agree
49,Economic,Security Screening,Peru,Vancouver Immiaration,office,2,7,,,IN_FAILED_GROUP,agree,agree
49,Economic,Security Screening,Peru,Whitehorse IRCC,office,,9,,,IN_FAILED_GROUP,empty,agree
49,Economic,Security Screening,Philippines,,citizenship,99,1115,162,1076,MISMATCH,agree,agree
49,Economic,Security Screening,Philippines,Calaary Citizenship and Immiaration Canada,office,,4,,,IN_FAILED_GROUP,empty,agree
49,Economic,Security Screening,Philippines,Case Processing Centre Edmonton,office,4,447,,,IN_FAILED_GROUP,agree,agree
49,Economic,Security Screening,Philippines,Case Processing Centre Ottawa,office,4,15,,,IN_FAILED_GROUP,agree,agree
49,Economic,Security Screening,Philippines,CIO Sydney NS,office,35,147,,,IN_FAILED_GROUP,majority,agree
49,Economic,Security Screening,Philippines,DN West Virtual Team 1,office,3,31,,,IN_FAILED_GROUP,agree,agree
49,Economic,Security Screening,Philippines,Edmonton IRCC,office,2,35,,,IN_FAILED_GROUP,majority,majority
49,Economic,Security Screening,Philippines,Etobicoke,office,,2,,,IN_FAILED_GROUP,empty,majority
49,Economic,Security Screening,Philippines,Fredericton IRCC,office,,3,,,IN_FAILED_GROUP,empty,agree
49,Economic,Security Screening,Philippines,Halifax,office,4,31,,,IN_FAILED_GROUP,agree,agree
49,Economic,Security Screening,Philippines,HM Toronto,office,1,1,,,IN_FAILED_GROUP,agree,agree
49,Economic,Security Screening,Philippines,London,office,,13,,,IN_FAILED_GROUP,empty,agree
49,Economic,Security Screening,Philippines,Manila,office,1,94,,,IN_FAILED_GROUP,majority,agree
49,Economic,Security Screening,Philippines,Montreal Immiaration,office,3,17,,,IN_FAILED_GROUP,agree,agree
49,Economic,Security Screening,Philippines,Ottawa,office,,6,,,IN_FAILED_GROUP,empty,agree
49,Economic,Security Screening,Philippines,RROC,office,1,3,,,IN_FAILED_GROUP,agree,majority
49,Economic,Security Screening,Philippines,Vancouver Immiaration,office,1,34,,,IN_FAILED_GROUP,agree,agree
49,Economic,Security Screening,Philippines,Whitehorse IRCC,office,,153,,,IN_FAILED_GROUP,empty,majority
49,Economic,Security Screening,Philippines,Windsor,office,100,,,,IN_FAILED_GROUP,majority,none
50,Economic,Security Screening,Philippines,Winnipeq,office,3,40,,,IN_FAILED_GROUP,agree,agree
50,Economic,Security Screening,Poland,,citizenship,1,24,1,22,MISMATCH,agree,agree
50,Economic,Security Screening,Poland,Calaary Citizenship and Immiaration Canada,office,,2,,,IN_FAILED_GROUP,empty,agree
50,Economic,Security Screening,Poland,Case Processing Centre Edmonton,office,,3,,,IN_FAILED_GROUP,empty,majority
50,Economic,Security Screening,Poland,CIO Sydney NS,office,1,9,,,IN_FAILED_GROUP,agree,agree
50,Economic,Security Screening,Poland,Edmonton IRCC,office,,1,,,IN_FAILED_GROUP,empty,agree
50,Economic,Security Screening,Poland,RROC,office,,1,,,IN_FAILED_GROUP,empty,agree
50,Economic,Security Screening,Poland,Vancouver Immiaration,office,,4,,,IN_FAILED_GROUP,empty,agree
50,Economic,Security Screening,Poland,Winnipeq,office,,2,,,IN_FAILED_GROUP,empty,agree
50,Economic,Security Screening,Portuaal,,citizenship,4,49,4,49,reconciled,agree,agree
50,Economic,Security Screening,Portuaal,Case Processing Centre Edmonton,office,,1,,,ok_group,empty,agree
50,Economic,Security Screening,Portuaal,Case Processing Centre Ottawa,office,1,1,,,ok_group,agree,agree
50,Economic,Security Screening,Portuaal,CIO Sydney NS,office,2,15,,,ok_group,agree,agree
50,Economic,Security Screening,Portuaal,Edmonton IRCC,office,,1,,,ok_group,empty,agree
50,Economic,Security Screening,Portuaal,Etobicoke,office,1,7,,,ok_group,agree,agree
50,Economic,Security Screening,Portuaal,HM Toronto,office,,11,,,ok_group,empty,agree
50,Economic,Security Screening,Portuaal,Vancouver Immiaration,office,,2,,,ok_group,empty,agree
50,Economic,Security Screening,Portuaal,Whitehorse IRCC,office,,10,,,ok_group,empty,agree
50,Economic,Security Screening,Portuaal,Winnipeq,office,,1,,,ok_group,empty,agree
50,Economic,Security Screening,Republic of Diibouti,,citizenship,1,2,1,21,MISMATCH,agree,majority
50,Economic,Security Screening,Republic of Diibouti,Case Processing Centre Ottawa,office,1,1,,,IN_FAILED_GROUP,agree,agree
50,Economic,Security Screening,Republic of Diibouti,CIO Sydney NS,office,,3,,,IN_FAILED_GROUP,empty,majority
50,Economic,Security Screening,Republic of Diibouti,Montreal Immiaration,office,,1,,,IN_FAILED_GROUP,empty,agree
50,Economic,Security Screening,Republic of Diibouti,Nairobi,office,,6,,,IN_FAILED_GROUP,empty,agree
50,Economic,Security Screening,Republic of Diibouti,Paris,office,,10,,,IN_FAILED_GROUP,empty,agree
50,Economic,Security Screening,Republic of Indonesia,,citizenship,,19,0,19,reconciled,empty,agree
50,Economic,Security Screening,Republic of Indonesia,Calaary Citizenship and Immiaration Canada,office,,1,,,ok_group,empty,agree
50,Economic,Security Screening,Republic of Indonesia,Case Processing Centre Ottawa,office,,6,,,ok_group,empty,agree
50,Economic,Security Screening,Republic of Indonesia,CIO Sydney NS,office,,3,,,ok_group,empty,agree
50,Economic,Security Screening,Republic of Indonesia,Edmonton IRCC,office,,4,,,ok_group,empty,agree
50,Economic,Security Screening,Republic of Indonesia,Vancouver Immiaration,office,,2,,,ok_group,empty,agree
50,Economic,Security Screening,Republic of Indonesia,Whitehorse IRCC,office,,3,,,ok_group,empty,agree
50,Economic,Security Screening,Republic of Ireland,,citizenship,3,2,3,23,MISMATCH,agree,majority
50,Economic,Security Screening,Republic of Ireland,Calaary Citizenship and Immiaration Canada,office,,1,,,IN_FAILED_GROUP,empty,agree
50,Economic,Security Screening,Republic of Ireland,Case Processing Centre Edmonton,office,,7,,,IN_FAILED_GROUP,empty,agree
50,Economic,Security Screening,Republic of Ireland,Case Processing Centre Ottawa,office,1,2,,,IN_FAILED_GROUP,agree,agree
50,Economic,Security Screening,Republic of Ireland,CIO Sydney NS,office,1,2,,,IN_FAILED_GROUP,agree,agree
50,Economic,Security Screening,Republic of Ireland,Edmonton IRCC,office,,6,,,IN_FAILED_GROUP,empty,agree
50,Economic,Security Screening,Republic of Ireland,Montreal Immiaration,office,,1,,,IN_FAILED_GROUP,empty,agree
50,Economic,Security Screening,Republic of Ireland,Vancouver Immiaration,office,1,3,,,IN_FAILED_GROUP,agree,agree
50,Economic,Security Screening,Republic of Ireland,Whitehorse IRCC,office,,1,,,IN_FAILED_GROUP,empty,agree
50,Economic,Security Screening,Republic of Ivory Coast,,citizenship,2,107,27,107,MISMATCH,agree,agree
50,Economic,Security Screening,Republic of Ivory Coast,Bogota,office,1,1,,,IN_FAILED_GROUP,agree,agree
50,Economic,Security Screening,Republic of Ivory Coast,Case Processing Centre Ottawa,office,1,6,,,IN_FAILED_GROUP,agree,agree
50,Economic,Security Screening,Republic of Ivory Coast,CIO Sydney NS,office,19,41,,,IN_FAILED_GROUP,agree,agree
50,Economic,Security Screening,Republic of Ivory Coast,Dakar,office,,13,,,IN_FAILED_GROUP,empty,agree
50,Economic,Security Screening,Republic of Ivory Coast,Edmonton IRCC,office,,3,,,IN_FAILED_GROUP,empty,agree
50,Economic,Security Screening,Republic of Ivory Coast,Halifax,office,,1,,,IN_FAILED_GROUP,empty,agree
50,Economic,Security Screening,Republic of Ivory Coast,HM Montreal,office,,1,,,IN_FAILED_GROUP,empty,agree
50,Economic,Security Screening,Republic of Ivory Coast,HM Niagara Falls,office,,1,,,IN_FAILED_GROUP,empty,agree
50,Economic,Security Screening,Republic of Ivory Coast,London Enaland,office,1,1,,,IN_FAILED_GROUP,agree,agree
50,Economic,Security Screening,Republic of Ivory Coast,Montreal Immiaration,office,3,7,,,IN_FAILED_GROUP,agree,agree
50,Economic,Security Screening,Republic of Ivory Coast,Paris,office,,9,,,IN_FAILED_GROUP,empty,agree
50,Economic,Security Screening,Republic of Ivory Coast,RROC,office,2,10,,,IN_FAILED_GROUP,agree,agree
50,Economic,Security Screening,Republic of Ivory Coast,Vancouver Immiaration,office,,2,,,IN_FAILED_GROUP,empty,agree
50,Economic,Security Screening,Republic of Ivory Coast,Whitehorse IRCC,office,,8,,,IN_FAILED_GROUP,empty,agree
50,Economic,Security Screening,Republic of Ivory Coast,Winnipeq,office,,3,,,IN_FAILED_GROUP,empty,agree
50,Economic,Security Screening,Republic of South Africa,,citizenship,7,118,417,112,MISMATCH,majority,agree
50,Economic,Security Screening,Republic of South Africa,Calaary Citizenship and Immiaration Canada,office,,1,,,IN_FAILED_GROUP,empty,agree
50,Economic,Security Screening,Republic of South Africa,Case Processing Centre Edmonton,office,1,3,,,IN_FAILED_GROUP,agree,majority
50,Economic,Security Screening,Republic of South Africa,Case Processing Centre Ottawa,office,,13,,,IN_FAILED_GROUP,empty,agree
50,Economic,Security Screening,Republic of South Africa,CIO Sydney NS,office,413,42,,,IN_FAILED_GROUP,majority,agree
50,Economic,Security Screening,Republic of South Africa,Edmonton IRCC,office,,3,,,IN_FAILED_GROUP,empty,agree
50,Economic,Security Screening,Republic of South Africa,Etobicoke,office,,9,,,IN_FAILED_GROUP,empty,agree
50,Economic,Security Screening,Republic of South Africa,Halifax,office,,6,,,IN_FAILED_GROUP,empty,agree
50,Economic,Security Screening,Republic of South Africa,Kitchener,office,,1,,,IN_FAILED_GROUP,empty,agree
50,Economic,Security Screening,Republic of South Africa,London Enaland,office,,1,,,IN_FAILED_GROUP,empty,agree
50,Economic,Security Screening,Republic of South Africa,Montreal Immiaration,office,,8,,,IN_FAILED_GROUP,empty,agree
50,Economic,Security Screening,Republic of South Africa,Ottawa,office,,1,,,IN_FAILED_GROUP,empty,agree
50,Economic,Security Screening,Republic of South Africa,Pretoria,office,,3,,,IN_FAILED_GROUP,empty,majority
50,Economic,Security Screening,Republic of South Africa,RROC,office,2,2,,,IN_FAILED_GROUP,agree,agree
50,Economic,Security Screening,Republic of South Africa,Vancouver Immiaration,office,,12,,,IN_FAILED_GROUP,empty,agree
50,Economic,Security Screening,Republic of South Africa,Whitehorse IRCC,office,,3,,,IN_FAILED_GROUP,empty,majority
50,Economic,Security Screening,Republic of South Africa,Winnipeq,office,1,4,,,IN_FAILED_GROUP,agree,agree
50,Economic,Security Screening,Republic of the Niger,,citizenship,1,16,1,16,reconciled,agree,agree
50,Economic,Security Screening,Republic of the Niger,Case Processing Centre Ottawa,office,,4,,,ok_group,empty,agree
50,Economic,Security Screening,Republic of the Niger,CIO Sydney NS,office,1,3,,,ok_group,agree,agree
50,Economic,Security Screening,Republic of the Niger,Dakar,office,,1,,,ok_group,empty,agree
50,Economic,Security Screening,Republic of the Niger,Edmonton IRCC,office,,1,,,ok_group,empty,agree
50,Economic,Security Screening,Republic of the Niger,London,office,,1,,,ok_group,empty,agree
50,Economic,Security Screening,Republic of the Niger,Mexico City,office,,2,,,ok_group,empty,agree
50,Economic,Security Screening,Republic of the Niger,Paris,office,,2,,,ok_group,empty,agree
50,Economic,Security Screening,Republic of the Niger,Whitehorse IRCC,office,,2,,,ok_group,empty,agree
50,Economic,Security Screening,Romania,,citizenship,1,32,1,32,reconciled,agree,agree
50,Economic,Security Screening,Romania,Bucharest,office,,1,,,ok_group,empty,agree
50,Economic,Security Screening,Romania,Case Processing Centre Ottawa,office,,6,,,ok_group,empty,agree
50,Economic,Security Screening,Romania,CIO Sydney NS,office,1,13,,,ok_group,agree,agree
50,Economic,Security Screening,Romania,Etobicoke,office,,1,,,ok_group,empty,agree
50,Economic,Security Screening,Romania,Halifax,office,,2,,,ok_group,empty,agree
50,Economic,Security Screening,Romania,Whitehorse IRCC,office,,6,,,ok_group,empty,agree
50,Economic,Security Screening,Romania,Winnipeq,office,,3,,,ok_group,empty,agree
50,Economic,Security Screening,Russia,,citizenship,232,1760,151,1758,MISMATCH,agree,majority
50,Economic,Security Screening,Russia,Calaary Citizenship and Immiaration Canada,office,,12,,,IN_FAILED_GROUP,empty,agree
50,Economic,Security Screening,Russia,Case Processing Centre Edmonton,office,2,66,,,IN_FAILED_GROUP,agree,agree
50,Economic,Security Screening,Russia,Case Processing Centre Ottawa,office,2,272,,,IN_FAILED_GROUP,majority,majority
50,Economic,Security Screening,Russia,CIO Sydney NS,office,19,843,,,IN_FAILED_GROUP,majority,majority
50,Economic,Security Screening,Russia,DN West Virtual Team 1,office,,3,,,IN_FAILED_GROUP,empty,agree
50,Economic,Security Screening,Russia,Edmonton IRCC,office,2,61,,,IN_FAILED_GROUP,agree,agree
50,Economic,Security Screening,Russia,Etobicoke,office,100,46,,,IN_FAILED_GROUP,majority,agree
50,Economic,Security Screening,Russia,Halifax,office,3,48,,,IN_FAILED_GROUP,majority,majority
50,Economic,Security Screening,Russia,Hamilton,office,,2,,,IN_FAILED_GROUP,empty,agree
50,Economic,Security Screening,Russia,Honda Kona,office,,1,,,IN_FAILED_GROUP,empty,agree
50,Economic,Security Screening,Russia,Kitchener,office,,3,,,IN_FAILED_GROUP,empty,majority
50,Economic,Security Screening,Russia,London,office,,1,,,IN_FAILED_GROUP,empty,agree
50,Economic,Security Screening,Russia,London Enaland,office,1,3,,,IN_FAILED_GROUP,agree,agree
50,Economic,Security Screening,Russia,Montreal Immiaration,office,4,54,,,IN_FAILED_GROUP,agree,agree
50,Economic,Security Screening,Russia,Moscow,office,,2,,,IN_FAILED_GROUP,empty,agree
50,Economic,Security Screening,Russia,Niagara Falls IRCC,office,,2,,,IN_FAILED_GROUP,empty,agree
50,Economic,Security Screening,Russia,Ottawa,office,,9,,,IN_FAILED_GROUP,empty,agree
50,Economic,Security Screening,Russia,Paris,office,,2,,,IN_FAILED_GROUP,empty,agree
50,Economic,Security Screening,Russia,Pretoria,office,,2,,,IN_FAILED_GROUP,empty,agree
50,Economic,Security Screening,Russia,Rome,office,,3,,,IN_FAILED_GROUP,empty,agree
50,Economic,Security Screening,Russia,RROC,office,1,144,,,IN_FAILED_GROUP,agree,agree
50,Economic,Security Screening,Russia,Sao Paulo,office,,2,,,IN_FAILED_GROUP,empty,agree
50,Economic,Security Screening,Russia,Vancouver Immiaration,office,2,60,,,IN_FAILED_GROUP,majority,agree
50,Economic,Security Screening,Russia,Vienna,office,,4,,,IN_FAILED_GROUP,empty,agree
50,Economic,Security Screening,Russia,Warsaw,office,,11,,,IN_FAILED_GROUP,empty,agree
50,Economic,Security Screening,Russia,Whitehorse IRCC,office,,36,,,IN_FAILED_GROUP,empty,agree
50,Economic,Security Screening,Russia,Windsor,office,7,16,,,IN_FAILED_GROUP,agree,agree
50,Economic,Security Screening,Russia,Winnipeq,office,8,50,,,IN_FAILED_GROUP,agree,majority
50,Economic,Security Screening,Rwanda,,citizenship,14,52,14,52,reconciled,agree,agree
50,Economic,Security Screening,Rwanda,Case Processing Centre Ottawa,office,4,15,,,ok_group,agree,agree
50,Economic,Security Screening,Rwanda,CIO Sydney NS,office,5,9,,,ok_group,majority,agree
50,Economic,Security Screening,Rwanda,Edmonton IRCC,office,,3,,,ok_group,empty,agree
50,Economic,Security Screening,Rwanda,Etobicoke,office,,1,,,ok_group,empty,agree
50,Economic,Security Screening,Rwanda,Halifax,office,,1,,,ok_group,empty,agree
50,Economic,Security Screening,Rwanda,Montreal Immiaration,office,,4,,,ok_group,empty,agree
50,Economic,Security Screening,Rwanda,Paris,office,,4,,,ok_group,empty,agree
50,Economic,Security Screening,Rwanda,Pretoria,office,,2,,,ok_group,empty,agree
50,Economic,Security Screening,Rwanda,RROC,office,4,6,,,ok_group,agree,agree
50,Economic,Security Screening,Rwanda,Vancouver Immiaration,office,,2,,,ok_group,empty,agree
50,Economic,Security Screening,Rwanda,Whitehorse IRCC,office,,4,,,ok_group,empty,agree
50,Economic,Security Screening,Rwanda,Winnipeq,office,1,1,,,ok_group,agree,agree
50,Economic,Security Screening,Saudi Arabia,,citizenship,8,79,8,76,MISMATCH,agree,agree
50,Economic,Security Screening,Saudi Arabia,Calaary Citizenship and Immiaration Canada,office,,1,,,IN_FAILED_GROUP,empty,agree
50,Economic,Security Screening,Saudi Arabia,Case Processing Centre Edmonton,office,,9,,,IN_FAILED_GROUP,empty,agree
50,Economic,Security Screening,Saudi Arabia,Case Processing Centre Ottawa,office,1,8,,,IN_FAILED_GROUP,agree,agree
50,Economic,Security Screening,Saudi Arabia,CIO Sydney NS,office,4,28,,,IN_FAILED_GROUP,agree,agree
50,Economic,Security Screening,Saudi Arabia,Edmonton IRCC,office,1,3,,,IN_FAILED_GROUP,agree,agree
50,Economic,Security Screening,Saudi Arabia,Halifax,office,,3,,,IN_FAILED_GROUP,empty,agree
50,Economic,Security Screening,Saudi Arabia,London,office,,2,,,IN_FAILED_GROUP,empty,agree
50,Economic,Security Screening,Saudi Arabia,London Enaland,office,,2,,,IN_FAILED_GROUP,empty,agree
50,Economic,Security Screening,Saudi Arabia,Montreal Immiaration,office,,3,,,IN_FAILED_GROUP,empty,majority
50,Economic,Security Screening,Saudi Arabia,RROC,office,,1,,,IN_FAILED_GROUP,empty,agree
50,Economic,Security Screening,Saudi Arabia,Vancouver Immiaration,office,2,9,,,IN_FAILED_GROUP,agree,agree
50,Economic,Security Screening,Saudi Arabia,Whitehorse IRCC,office,,7,,,IN_FAILED_GROUP,empty,agree
50,Economic,Security Screening,Saudi Arabia,Winnipeg,office,,,,,IN_FAILED_GROUP,empty,none
51,Economic,Security Screening,Seneaal,,citizenship,43,46,13,44,MISMATCH,majority,agree
51,Economic,Security Screening,Seneaal,Beiiina,office,,1,,,IN_FAILED_GROUP,empty,agree
51,Economic,Security Screening,Seneaal,Calaary Citizenship and Immiaration Canada,office,,3,,,IN_FAILED_GROUP,empty,majority
51,Economic,Security Screening,Seneaal,Case Processing Centre Ottawa,office,1,4,,,IN_FAILED_GROUP,agree,agree
51,Economic,Security Screening,Seneaal,CIO Sydney NS,office,10,17,,,IN_FAILED_GROUP,agree,agree
51,Economic,Security Screening,Seneaal,Dakar,office,,2,,,IN_FAILED_GROUP,empty,agree
51,Economic,Security Screening,Seneaal,Edmonton IRCC,office,,3,,,IN_FAILED_GROUP,empty,agree
51,Economic,Security Screening,Seneaal,Etobicoke,office,,3,,,IN_FAILED_GROUP,empty,agree
51,Economic,Security Screening,Seneaal,London Enaland,office,,1,,,IN_FAILED_GROUP,empty,agree
51,Economic,Security Screening,Seneaal,Montreal Immiaration,office,1,1,,,IN_FAILED_GROUP,agree,agree
51,Economic,Security Screening,Seneaal,Paris,office,,1,,,IN_FAILED_GROUP,empty,agree
51,Economic,Security Screening,Seneaal,RROC,office,,1,,,IN_FAILED_GROUP,empty,agree
51,Economic,Security Screening,Seneaal,Vancouver Immiaration,office,,3,,,IN_FAILED_GROUP,empty,agree
51,Economic,Security Screening,Seneaal,Whitehorse IRCC,office,,3,,,IN_FAILED_GROUP,empty,agree
51,Economic,Security Screening,Seneaal,Winnipeq,office,1,1,,,IN_FAILED_GROUP,agree,agree
51,Economic,Security Screening,"Serbia, Republic of",,citizenship,8,90,10,198,MISMATCH,agree,agree
51,Economic,Security Screening,"Serbia, Republic of",Case Processing Centre Edmonton,office,,3,,,IN_FAILED_GROUP,empty,majority
51,Economic,Security Screening,"Serbia, Republic of",Case Processing Centre Ottawa,office,1,10,,,IN_FAILED_GROUP,agree,agree
51,Economic,Security Screening,"Serbia, Republic of",CIO Sydney NS,office,5,41,,,IN_FAILED_GROUP,majority,agree
51,Economic,Security Screening,"Serbia, Republic of",Edmonton IRCC,office,,1,,,IN_FAILED_GROUP,empty,agree
51,Economic,Security Screening,"Serbia, Republic of",Etobicoke,office,,6,,,IN_FAILED_GROUP,empty,agree
51,Economic,Security Screening,"Serbia, Republic of",Fredericton IRCC,office,,3,,,IN_FAILED_GROUP,empty,agree
51,Economic,Security Screening,"Serbia, Republic of",Halifax,office,,4,,,IN_FAILED_GROUP,empty,agree
51,Economic,Security Screening,"Serbia, Republic of",Montreal Immiaration,office,,3,,,IN_FAILED_GROUP,empty,agree
51,Economic,Security Screening,"Serbia, Republic of",Niagara Falls IRCC,office,,1,,,IN_FAILED_GROUP,empty,agree
51,Economic,Security Screening,"Serbia, Republic of",Vancouver Immiaration,office,,7,,,IN_FAILED_GROUP,empty,agree
51,Economic,Security Screening,"Serbia, Republic of",Whitehorse IRCC,office,,4,,,IN_FAILED_GROUP,empty,agree
51,Economic,Security Screening,"Serbia, Republic of",Windsor,office,2,3,,,IN_FAILED_GROUP,agree,agree
51,Economic,Security Screening,"Serbia, Republic of",Winnipeq,office,,2,,,IN_FAILED_GROUP,empty,agree
51,Economic,Security Screening,"Serbia, Republic of",Singapore,office,1,51,,,IN_FAILED_GROUP,agree,majority
51,Economic,Security Screening,"Serbia, Republic of",Calaary Citizenship and Immiaration Canada,office,,3,,,IN_FAILED_GROUP,empty,agree
51,Economic,Security Screening,"Serbia, Republic of",Case Processing Centre Edmonton,office,,12,,,IN_FAILED_GROUP,empty,agree
51,Economic,Security Screening,"Serbia, Republic of",Case Processing Centre Ottawa,office,,7,,,IN_FAILED_GROUP,empty,agree
51,Economic,Security Screening,"Serbia, Republic of",CIO Sydney NS,office,1,12,,,IN_FAILED_GROUP,agree,agree
51,Economic,Security Screening,"Serbia, Republic of",Edmonton IRCC,office,,3,,,IN_FAILED_GROUP,empty,majority
51,Economic,Security Screening,"Serbia, Republic of",Halifax,office,,1,,,IN_FAILED_GROUP,empty,agree
51,Economic,Security Screening,"Serbia, Republic of",Honda Kona,office,,1,,,IN_FAILED_GROUP,empty,agree
51,Economic,Security Screening,"Serbia, Republic of",Montreal Immiaration,office,,2,,,IN_FAILED_GROUP,empty,agree
51,Economic,Security Screening,"Serbia, Republic of",RROC,office,,1,,,IN_FAILED_GROUP,empty,agree
51,Economic,Security Screening,"Serbia, Republic of",Vancouver Immiaration,office,,1,,,IN_FAILED_GROUP,empty,agree
51,Economic,Security Screening,"Serbia, Republic of",Whitehorse IRCC,office,,4,,,IN_FAILED_GROUP,empty,agree
51,Economic,Security Screening,"Serbia, Republic of",Windsor,office,,1,,,IN_FAILED_GROUP,empty,agree
51,Economic,Security Screening,"Serbia, Republic of",Winnipeq,office,,1,,,IN_FAILED_GROUP,empty,agree
51,Economic,Security Screening,"Serbia, Republic of",Slovak Republic,office,,4,,,IN_FAILED_GROUP,empty,agree
51,Economic,Security Screening,"Serbia, Republic of",Case Processing Centre Ottawa,office,,2,,,IN_FAILED_GROUP,empty,agree
51,Economic,Security Screening,"Serbia, Republic of",CIO Sydney NS,office,,1,,,IN_FAILED_GROUP,empty,agree
51,Economic,Security Screening,"Serbia, Republic of",Whitehorse IRCC,office,,1,,,IN_FAILED_GROUP,empty,agree
51,Economic,Security Screening,"Serbia, Republic of",Slovenia,office,,1,,,IN_FAILED_GROUP,empty,agree
51,Economic,Security Screening,"Serbia, Republic of",Montreal Immiaration,office,,1,,,IN_FAILED_GROUP,empty,agree
51,Economic,Security Screening,Socialist Republic of Vietnam,,citizenship,2,234,20,242,MISMATCH,majority,agree
51,Economic,Security Screening,Socialist Republic of Vietnam,Calaary Citizenship and Immiaration Canada,office,,3,,,IN_FAILED_GROUP,empty,agree
51,Economic,Security Screening,Socialist Republic of Vietnam,Case Processing Centre Edmonton,office,2,6,,,IN_FAILED_GROUP,agree,agree
51,Economic,Security Screening,Socialist Republic of Vietnam,Case Processing Centre Ottawa,office,,9,,,IN_FAILED_GROUP,empty,agree
51,Economic,Security Screening,Socialist Republic of Vietnam,CIO Sydney NS,office,6,39,,,IN_FAILED_GROUP,agree,agree
51,Economic,Security Screening,Socialist Republic of Vietnam,Edmonton IRCC,office,2,15,,,IN_FAILED_GROUP,agree,agree
51,Economic,Security Screening,Socialist Republic of Vietnam,Etobicoke,office,1,8,,,IN_FAILED_GROUP,agree,agree
51,Economic,Security Screening,Socialist Republic of Vietnam,Halifax,office,,3,,,IN_FAILED_GROUP,empty,agree
51,Economic,Security Screening,Socialist Republic of Vietnam,London,office,,3,,,IN_FAILED_GROUP,empty,agree
51,Economic,Security Screening,Socialist Republic of Vietnam,Montreal Immiaration,office,2,35,,,IN_FAILED_GROUP,majority,majority
51,Economic,Security Screening,Socialist Republic of Vietnam,Ottawa,office,,3,,,IN_FAILED_GROUP,empty,agree
51,Economic,Security Screening,Socialist Republic of Vietnam,Singapore,office,,7,,,IN_FAILED_GROUP,empty,agree
51,Economic,Security Screening,Socialist Republic of Vietnam,Vancouver Immiaration,office,2,11,,,IN_FAILED_GROUP,agree,agree
51,Economic,Security Screening,Socialist Republic of Vietnam,Whitehorse IRCC,office,,68,,,IN_FAILED_GROUP,empty,agree
51,Economic,Security Screening,Socialist Republic of Vietnam,Windsor,office,1,3,,,IN_FAILED_GROUP,agree,agree
51,Economic,Security Screening,Socialist Republic of Vietnam,Winnipeq,office,4,21,,,IN_FAILED_GROUP,agree,agree
51,Economic,Security Screening,Socialist Republic of Vietnam,"Solomons, The",office,,4,,,IN_FAILED_GROUP,empty,agree
51,Economic,Security Screening,Socialist Republic of Vietnam,Ottawa,office,,2,,,IN_FAILED_GROUP,empty,agree
51,Economic,Security Screening,Socialist Republic of Vietnam,Sydney Australia,office,,2,,,IN_FAILED_GROUP,empty,agree
51,Economic,Security Screening,"Somalia, Democratic Republic of",,citizenship,2,11,2,11,reconciled,agree,agree
51,Economic,Security Screening,"Somalia, Democratic Republic of",Edmonton IRCC,office,1,1,,,ok_group,agree,agree
51,Economic,Security Screening,"Somalia, Democratic Republic of",London,office,,1,,,ok_group,empty,agree
51,Economic,Security Screening,"Somalia, Democratic Republic of",Nairobi,office,1,8,,,ok_group,agree,agree
51,Economic,Security Screening,"Somalia, Democratic Republic of",RROC,office,,1,,,ok_group,empty,agree
51,Economic,Security Screening,"South Sudan, Republic Of",,citizenship,,1,0,1,reconciled,empty,agree
51,Economic,Security Screening,"South Sudan, Republic Of",CIO Sydney NS,office,,1,,,ok_group,empty,agree
51,Economic,Security Screening,Spain,,citizenship,1,36,1,34,MISMATCH,agree,agree
51,Economic,Security Screening,Spain,Case Processing Centre Edmonton,office,,3,,,IN_FAILED_GROUP,empty,agree
51,Economic,Security Screening,Spain,Case Processing Centre Ottawa,office,,4,,,IN_FAILED_GROUP,empty,agree
51,Economic,Security Screening,Spain,CIO Sydney NS,office,,13,,,IN_FAILED_GROUP,empty,agree
51,Economic,Security Screening,Spain,Edmonton IRCC,office,,3,,,IN_FAILED_GROUP,empty,agree
51,Economic,Security Screening,Spain,Etobicoke,office,,3,,,IN_FAILED_GROUP,empty,agree
51,Economic,Security Screening,Spain,Montreal Immiaration,office,,1,,,IN_FAILED_GROUP,empty,agree
51,Economic,Security Screening,Spain,Vancouver Immiaration,office,1,2,,,IN_FAILED_GROUP,agree,agree
51,Economic,Security Screening,Spain,Whitehorse IRCC,office,,3,,,IN_FAILED_GROUP,empty,majority
51,Economic,Security Screening,Spain,Winnipeq,office,,2,,,IN_FAILED_GROUP,empty,agree
51,Economic,Security Screening,Sri Lanka,,citizenship,28,112,26,110,MISMATCH,majority,agree
51,Economic,Security Screening,Sri Lanka,Case Processing Centre Edmonton,office,,7,,,IN_FAILED_GROUP,empty,agree
51,Economic,Security Screening,Sri Lanka,Case Processing Centre Ottawa,office,3,11,,,IN_FAILED_GROUP,agree,agree
51,Economic,Security Screening,Sri Lanka,CIO Sydney NS,office,14,37,,,IN_FAILED_GROUP,agree,majority
51,Economic,Security Screening,Sri Lanka,Colombo,office,,3,,,IN_FAILED_GROUP,empty,agree
51,Economic,Security Screening,Sri Lanka,Edmonton IRCC,office,,3,,,IN_FAILED_GROUP,empty,agree
51,Economic,Security Screening,Sri Lanka,Etobicoke,office,,3,,,IN_FAILED_GROUP,empty,majority
51,Economic,Security Screening,Sri Lanka,Halifax,office,3,8,,,IN_FAILED_GROUP,agree,agree
51,Economic,Security Screening,Sri Lanka,London,office,,1,,,IN_FAILED_GROUP,empty,agree
51,Economic,Security Screening,Sri Lanka,Montreal Immiaration,office,1,2,,,IN_FAILED_GROUP,agree,agree
51,Economic,Security Screening,Sri Lanka,RROC,office,1,1,,,IN_FAILED_GROUP,agree,agree
51,Economic,Security Screening,Sri Lanka,Vancouver Immiaration,office,3,8,,,IN_FAILED_GROUP,agree,agree
51,Economic,Security Screening,Sri Lanka,Whitehorse IRCC,office,,15,,,IN_FAILED_GROUP,empty,agree
51,Economic,Security Screening,Sri Lanka,Windsor,office,,3,,,IN_FAILED_GROUP,empty,agree
51,Economic,Security Screening,Sri Lanka,Winnipeq,office,1,8,,,IN_FAILED_GROUP,agree,agree
51,Economic,Security Screening,St. Kitts-Nevis,,citizenship,3,10,3,10,reconciled,agree,agree
51,Economic,Security Screening,St. Kitts-Nevis,Case Processing Centre Ottawa,office,2,3,,,ok_group,agree,agree
51,Economic,Security Screening,St. Kitts-Nevis,CIO Sydney NS,office,1,1,,,ok_group,agree,agree
51,Economic,Security Screening,St. Kitts-Nevis,Montreal Immiaration,office,,1,,,ok_group,empty,agree
51,Economic,Security Screening,St. Kitts-Nevis,RROC,office,,1,,,ok_group,empty,agree
51,Economic,Security Screening,St. Kitts-Nevis,Vancouver Immiaration,office,,1,,,ok_group,empty,agree
51,Economic,Security Screening,St. Kitts-Nevis,Whitehorse IRCC,office,,3,,,ok_group,empty,agree
51,Economic,Security Screening,St. Lucia,,citizenship,,7,0,7,reconciled,empty,agree
51,Economic,Security Screening,St. Lucia,Case Processing Centre Edmonton,office,,1,,,ok_group,empty,agree
51,Economic,Security Screening,St. Lucia,Case Processing Centre Ottawa,office,,2,,,ok_group,empty,agree
51,Economic,Security Screening,St. Lucia,HM Toronto,office,,1,,,ok_group,empty,agree
51,Economic,Security Screening,St. Lucia,Montreal Immiaration,office,,2,,,ok_group,empty,agree
51,Economic,Security Screening,St. Lucia,Whitehorse IRCC,office,,1,,,ok_group,empty,agree
51,Economic,Security Screening,St. Vincent and the Grenadines,,citizenship,,3,0,3,reconciled,empty,agree
51,Economic,Security Screening,St. Vincent and the Grenadines,CIO Sydney NS,office,,1,,,ok_group,empty,agree
51,Economic,Security Screening,St. Vincent and the Grenadines,Whitehorse IRCC,office,,1,,,ok_group,empty,agree
51,Economic,Security Screening,St. Vincent and the Grenadines,Winnipeq,office,,1,,,ok_group,empty,agree
51,Economic,Security Screening,Stateless,,citizenship,1,56,1,62,MISMATCH,agree,agree
51,Economic,Security Screening,Stateless,Beirut,office,,3,,,IN_FAILED_GROUP,empty,agree
51,Economic,Security Screening,Stateless,Case Processing Centre Edmonton,office,,1,,,IN_FAILED_GROUP,empty,agree
51,Economic,Security Screening,Stateless,Case Processing Centre Ottawa,office,,20,,,IN_FAILED_GROUP,empty,agree
51,Economic,Security Screening,Stateless,CIO Sydney NS,office,,12,,,IN_FAILED_GROUP,empty,agree
51,Economic,Security Screening,Stateless,Edmonton IRCC,office,,2,,,IN_FAILED_GROUP,empty,agree
51,Economic,Security Screening,Stateless,Etobicoke,office,1,1,,,IN_FAILED_GROUP,agree,agree
51,Economic,Security Screening,Stateless,Honda Kona,office,,1,,,IN_FAILED_GROUP,empty,agree
51,Economic,Security Screening,Stateless,London Enaland,office,,4,,,IN_FAILED_GROUP,empty,agree
51,Economic,Security Screening,Stateless,Montreal Immiaration,office,,3,,,IN_FAILED_GROUP,empty,agree
51,Economic,Security Screening,Stateless,Paris,office,,3,,,IN_FAILED_GROUP,empty,agree
51,Economic,Security Screening,Stateless,Whitehorse IRCC,office,,6,,,IN_FAILED_GROUP,empty,agree
51,Economic,Security Screening,Stateless,Surinam,office,,3,,,IN_FAILED_GROUP,empty,agree
51,Economic,Security Screening,Stateless,Case Processing Centre Edmonton,office,,1,,,IN_FAILED_GROUP,empty,agree
51,Economic,Security Screening,Stateless,Vancouver Immiaration,office,,1,,,IN_FAILED_GROUP,empty,agree
51,Economic,Security Screening,Stateless,Whitehorse IRCC,office,,1,,,IN_FAILED_GROUP,empty,agree
51,Economic,Security Screening,Sweden,,citizenship,,16,0,16,reconciled,empty,agree
51,Economic,Security Screening,Sweden,Case Processing Centre Edmonton,office,,2,,,ok_group,empty,agree
51,Economic,Security Screening,Sweden,Case Processing Centre Ottawa,office,,2,,,ok_group,empty,agree
51,Economic,Security Screening,Sweden,CIO Sydney NS,office,,9,,,ok_group,empty,agree
51,Economic,Security Screening,Sweden,Edmonton IRCC,office,,1,,,ok_group,empty,agree
51,Economic,Security Screening,Sweden,Operational Support Performance Management And,office,,1,,,ok_group,empty,agree
51,Economic,Security Screening,Sweden,Yellowknife,office,,1,,,ok_group,empty,agree
51,Economic,Security Screening,Switzerland,,citizenship,2,8,2,7,MISMATCH,agree,agree
51,Economic,Security Screening,Switzerland,Case Processing Centre Edmonton,office,,1,,,IN_FAILED_GROUP,empty,agree
51,Economic,Security Screening,Switzerland,Case Processing Centre Ottawa,office,,2,,,IN_FAILED_GROUP,empty,agree
51,Economic,Security Screening,Switzerland,CIO Sydney NS,office,1,2,,,IN_FAILED_GROUP,agree,agree
51,Economic,Security Screening,Switzerland,Halifax,office,,1,,,IN_FAILED_GROUP,empty,agree
51,Economic,Security Screening,Switzerland,Whitehorse IRCC,office,,,,,IN_FAILED_GROUP,empty,none
52,Economic,Security Screening,Switzerland,Winnipeq,office,1,1,,,IN_FAILED_GROUP,agree,agree
52,Economic,Security Screening,Syria,,citizenship,4,281,29,514,MISMATCH,majority,agree
52,Economic,Security Screening,Syria,Abu Dhabi,office,,3,,,IN_FAILED_GROUP,empty,agree
52,Economic,Security Screening,Syria,Amman,office,,21,,,IN_FAILED_GROUP,empty,agree
52,Economic,Security Screening,Syria,Beirut,office,,13,,,IN_FAILED_GROUP,empty,agree
52,Economic,Security Screening,Syria,Case Processing Centre Edmonton,office,1,6,,,IN_FAILED_GROUP,agree,agree
52,Economic,Security Screening,Syria,Case Processing Centre Ottawa,office,2,357,,,IN_FAILED_GROUP,majority,agree
52,Economic,Security Screening,Syria,CIO Sydney NS,office,1,2,,,IN_FAILED_GROUP,agree,majority
52,Economic,Security Screening,Syria,Edmonton IRCC,office,,6,,,IN_FAILED_GROUP,empty,agree
52,Economic,Security Screening,Syria,Etobicoke,office,1,12,,,IN_FAILED_GROUP,agree,agree
52,Economic,Security Screening,Syria,Halifax,office,,2,,,IN_FAILED_GROUP,empty,agree
52,Economic,Security Screening,Syria,London Enaland,office,1,19,,,IN_FAILED_GROUP,agree,agree
52,Economic,Security Screening,Syria,Montreal Immiaration,office,2,7,,,IN_FAILED_GROUP,agree,agree
52,Economic,Security Screening,Syria,Niagara Falls IRCC,office,,1,,,IN_FAILED_GROUP,empty,agree
52,Economic,Security Screening,Syria,Paris,office,2,29,,,IN_FAILED_GROUP,agree,agree
52,Economic,Security Screening,Syria,RROC,office,19,36,,,IN_FAILED_GROUP,agree,agree
52,Economic,Security Screening,Singapore,,citizenship,,2,11,44,MISMATCH,empty,agree
52,Economic,Security Screening,Singapore,Vancouver Immiaration,office,6,20,,,IN_FAILED_GROUP,agree,agree
52,Economic,Security Screening,Singapore,Vienna,office,,1,,,IN_FAILED_GROUP,empty,agree
52,Economic,Security Screening,Singapore,Whitehorse IRCC,office,,7,,,IN_FAILED_GROUP,empty,agree
52,Economic,Security Screening,Singapore,Windsor,office,1,3,,,IN_FAILED_GROUP,agree,agree
52,Economic,Security Screening,Singapore,Winnipeq,office,4,13,,,IN_FAILED_GROUP,agree,agree
52,Economic,Security Screening,Tadiikistan,,citizenship,2,7,3,5,MISMATCH,majority,agree
52,Economic,Security Screening,Tadiikistan,CIO Sydney NS,office,3,3,,,IN_FAILED_GROUP,agree,majority
52,Economic,Security Screening,Tadiikistan,Halifax,office,,2,,,IN_FAILED_GROUP,empty,agree
52,Economic,Security Screening,Taiwan,,citizenship,36,172,15,168,MISMATCH,agree,majority
52,Economic,Security Screening,Taiwan,Beiiina,office,,2,,,IN_FAILED_GROUP,empty,agree
52,Economic,Security Screening,Taiwan,Calaary Citizenship and Immiaration Canada,office,,4,,,IN_FAILED_GROUP,empty,agree
52,Economic,Security Screening,Taiwan,Case Processing Centre Edmonton,office,3,14,,,IN_FAILED_GROUP,agree,agree
52,Economic,Security Screening,Taiwan,Case Processing Centre Ottawa,office,,15,,,IN_FAILED_GROUP,empty,agree
52,Economic,Security Screening,Taiwan,CIO Sydney NS,office,2,64,,,IN_FAILED_GROUP,majority,agree
52,Economic,Security Screening,Taiwan,DN West Virtual Team 1,office,,1,,,IN_FAILED_GROUP,empty,agree
52,Economic,Security Screening,Taiwan,Edmonton IRCC,office,,8,,,IN_FAILED_GROUP,empty,agree
52,Economic,Security Screening,Taiwan,Etobicoke,office,1,4,,,IN_FAILED_GROUP,agree,agree
52,Economic,Security Screening,Taiwan,Honda Kona,office,,3,,,IN_FAILED_GROUP,empty,majority
52,Economic,Security Screening,Taiwan,Kitchener,office,,2,,,IN_FAILED_GROUP,empty,agree
52,Economic,Security Screening,Taiwan,London,office,1,4,,,IN_FAILED_GROUP,agree,agree
52,Economic,Security Screening,Taiwan,Montreal Immiaration,office,1,6,,,IN_FAILED_GROUP,agree,agree
52,Economic,Security Screening,Taiwan,RROC,office,,2,,,IN_FAILED_GROUP,empty,agree
52,Economic,Security Screening,Taiwan,Vancouver Immiaration,office,3,10,,,IN_FAILED_GROUP,majority,agree
52,Economic,Security Screening,Taiwan,Whitehorse IRCC,office,,20,,,IN_FAILED_GROUP,empty,agree
52,Economic,Security Screening,Taiwan,Windsor,office,4,6,,,IN_FAILED_GROUP,agree,agree
52,Economic,Security Screening,Taiwan,Winnipeq,office,,3,,,IN_FAILED_GROUP,empty,majority
52,Economic,Security Screening,Thailand,,citizenship,3,2,5,18,MISMATCH,majority,majority
52,Economic,Security Screening,Thailand,Case Processing Centre Edmonton,office,2,9,,,IN_FAILED_GROUP,agree,agree
52,Economic,Security Screening,Thailand,Case Processing Centre Ottawa,office,,3,,,IN_FAILED_GROUP,empty,agree
52,Economic,Security Screening,Thailand,CIO Sydney NS,office,1,2,,,IN_FAILED_GROUP,agree,agree
52,Economic,Security Screening,Thailand,DN West Virtual Team 1,office,,1,,,IN_FAILED_GROUP,empty,agree
52,Economic,Security Screening,Thailand,Edmonton IRCC,office,2,2,,,IN_FAILED_GROUP,agree,agree
52,Economic,Security Screening,Thailand,Montreal Immiaration,office,,1,,,IN_FAILED_GROUP,empty,agree
52,Economic,Security Screening,Singapore,,citizenship,,2,0,3,MISMATCH,empty,agree
52,Economic,Security Screening,Singapore,Vancouver Immiaration,office,,1,,,IN_FAILED_GROUP,empty,agree
52,Economic,Security Screening,Singapore,Winnipeq,office,,2,,,IN_FAILED_GROUP,empty,agree
52,Economic,Security Screening,The Netherlands,,citizenship,1,18,1,18,reconciled,agree,agree
52,Economic,Security Screening,The Netherlands,Case Processing Centre Edmonton,office,,3,,,ok_group,empty,agree
52,Economic,Security Screening,The Netherlands,CIO Sydney NS,office,,6,,,ok_group,empty,agree
52,Economic,Security Screening,The Netherlands,Halifax,office,,4,,,ok_group,empty,agree
52,Economic,Security Screening,The Netherlands,Vancouver Immiaration,office,,1,,,ok_group,empty,agree
52,Economic,Security Screening,The Netherlands,Whitehorse IRCC,office,,3,,,ok_group,empty,agree
52,Economic,Security Screening,The Netherlands,Winnipeq,office,1,1,,,ok_group,agree,agree
52,Economic,Security Screening,"Todo, Republic of",,citizenship,3,13,5,13,MISMATCH,agree,agree
52,Economic,Security Screening,"Todo, Republic of",CIO Sydney NS,office,1,1,,,IN_FAILED_GROUP,agree,agree
52,Economic,Security Screening,"Todo, Republic of",Edmonton IRCC,office,,2,,,IN_FAILED_GROUP,empty,agree
52,Economic,Security Screening,"Todo, Republic of",Paris,office,1,3,,,IN_FAILED_GROUP,agree,agree
52,Economic,Security Screening,"Todo, Republic of",RROC,office,3,3,,,IN_FAILED_GROUP,agree,agree
52,Economic,Security Screening,"Todo, Republic of",Whitehorse IRCC,office,,3,,,IN_FAILED_GROUP,empty,agree
52,Economic,Security Screening,"Todo, Republic of",Winnipeq,office,,1,,,IN_FAILED_GROUP,empty,agree
52,Economic,Security Screening,"Trinidad and Tobaao, Republic of",,citizenship,3,28,3,28,reconciled,majority,agree
52,Economic,Security Screening,"Trinidad and Tobaao, Republic of",Case Processing Centre Ottawa,office,,2,,,ok_group,empty,agree
52,Economic,Security Screening,"Trinidad and Tobaao, Republic of",CIO Sydney NS,office,3,9,,,ok_group,agree,agree
52,Economic,Security Screening,"Trinidad and Tobaao, Republic of",Edmonton IRCC,office,,1,,,ok_group,empty,agree
52,Economic,Security Screening,"Trinidad and Tobaao, Republic of",Etobicoke,office,,2,,,ok_group,empty,agree
52,Economic,Security Screening,"Trinidad and Tobaao, Republic of",Halifax,office,,2,,,ok_group,empty,agree
52,Economic,Security Screening,"Trinidad and Tobaao, Republic of",Mexico City,office,,1,,,ok_group,empty,agree
52,Economic,Security Screening,"Trinidad and Tobaao, Republic of",Montreal Immiaration,office,,1,,,ok_group,empty,agree
52,Economic,Security Screening,"Trinidad and Tobaao, Republic of",Vancouver Immiaration,office,,3,,,ok_group,empty,agree
52,Economic,Security Screening,"Trinidad and Tobaao, Republic of",Whitehorse IRCC,office,,7,,,ok_group,empty,agree
52,Economic,Security Screening,Tunisia,,citizenship,139,497,4146,475,MISMATCH,agree,agree
52,Economic,Security Screening,Tunisia,Calaary Citizenship and Immiaration Canada,office,,1,,,IN_FAILED_GROUP,empty,agree
52,Economic,Security Screening,Tunisia,Case Processing Centre Edmonton,office,,2,,,IN_FAILED_GROUP,empty,agree
52,Economic,Security Screening,Tunisia,Case Processing Centre Ottawa,office,7,70,,,IN_FAILED_GROUP,agree,agree
52,Economic,Security Screening,Tunisia,CIO Sydney NS,office,12,304,,,IN_FAILED_GROUP,agree,agree
52,Economic,Security Screening,Tunisia,Edmonton IRCC,office,,8,,,IN_FAILED_GROUP,empty,agree
52,Economic,Security Screening,Tunisia,Etobicoke,office,2,11,,,IN_FAILED_GROUP,agree,agree
52,Economic,Security Screening,Tunisia,London Enaland,office,,1,,,IN_FAILED_GROUP,empty,agree
52,Economic,Security Screening,Tunisia,Montreal Immiaration,office,1,8,,,IN_FAILED_GROUP,agree,agree
52,Economic,Security Screening,Tunisia,Ottawa,office,,2,,,IN_FAILED_GROUP,empty,agree
52,Economic,Security Screening,Tunisia,Paris,office,,40,,,IN_FAILED_GROUP,empty,agree
52,Economic,Security Screening,Tunisia,Rome,office,,1,,,IN_FAILED_GROUP,empty,agree
52,Economic,Security Screening,Tunisia,RROC,office,4120,7,,,IN_FAILED_GROUP,majority,majority
52,Economic,Security Screening,Tunisia,Vancouver Immiaration,office,2,7,,,IN_FAILED_GROUP,majority,agree
52,Economic,Security Screening,Tunisia,Whitehorse IRCC,office,,7,,,IN_FAILED_GROUP,empty,agree
52,Economic,Security Screening,Tunisia,Windsor,office,2,3,,,IN_FAILED_GROUP,agree,agree
52,Economic,Security Screening,Tunisia,Winnipeq,office,,3,,,IN_FAILED_GROUP,empty,majority
52,Economic,Security Screening,Turkey,,citizenship,54,322,54,322,reconciled,agree,agree
52,Economic,Security Screening,Turkey,Calaary Citizenship and Immiaration Canada,office,,1,,,ok_group,empty,agree
52,Economic,Security Screening,Turkey,Case Processing Centre Edmonton,office,,7,,,ok_group,empty,agree
52,Economic,Security Screening,Turkey,Case Processing Centre Ottawa,office,4,66,,,ok_group,agree,agree
52,Economic,Security Screening,Turkey,CIO Sydney NS,office,43,107,,,ok_group,agree,agree
52,Economic,Security Screening,Turkey,Edmonton IRCC,office,2,17,,,ok_group,agree,agree
52,Economic,Security Screening,Turkey,Etobicoke,office,,7,,,ok_group,empty,agree
52,Economic,Security Screening,Turkey,Halifax,office,1,7,,,ok_group,agree,agree
52,Economic,Security Screening,Turkey,HM Toronto,office,,1,,,ok_group,empty,agree
52,Economic,Security Screening,Turkey,HM-New Ineliaibility,office,,1,,,ok_group,empty,agree
52,Economic,Security Screening,Turkey,London,office,,3,,,ok_group,empty,agree
52,Economic,Security Screening,Turkey,Montreal Immiaration,office,,18,,,ok_group,empty,agree
52,Economic,Security Screening,Turkey,Paris,office,,17,,,ok_group,empty,agree
52,Economic,Security Screening,Turkey,RROC,office,1,6,,,ok_group,agree,agree
52,Economic,Security Screening,Turkey,Vancouver Immiaration,office,2,20,,,ok_group,agree,agree
52,Economic,Security Screening,Turkey,Warsaw,office,,2,,,ok_group,empty,agree
52,Economic,Security Screening,Turkey,Whitehorse IRCC,office,,33,,,ok_group,empty,agree
52,Economic,Security Screening,Turkey,Windsor,office,1,4,,,ok_group,agree,agree
52,Economic,Security Screening,Turkey,Winnipeq,office,,4,,,ok_group,empty,agree
52,Economic,Security Screening,Turkey,Yellowknife,office,,1,,,ok_group,empty,agree
52,Economic,Security Screening,Turkmenistan,,citizenship,2,10,3,44,MISMATCH,majority,agree
52,Economic,Security Screening,Turkmenistan,Case Processing Centre Ottawa,office,,1,,,IN_FAILED_GROUP,empty,agree
52,Economic,Security Screening,Turkmenistan,CIO Sydney NS,office,,4,,,IN_FAILED_GROUP,empty,agree
52,Economic,Security Screening,Turkmenistan,Edmonton IRCC,office,,1,,,IN_FAILED_GROUP,empty,agree
52,Economic,Security Screening,Turkmenistan,Montreal Immiaration,office,,1,,,IN_FAILED_GROUP,empty,agree
52,Economic,Security Screening,Turkmenistan,Windsor,office,2,2,,,IN_FAILED_GROUP,agree,agree
52,Economic,Security Screening,Turkmenistan,Winnipeq,office,1,1,,,IN_FAILED_GROUP,agree,agree
52,Economic,Security Screening,Turkmenistan,Udanda,office,,18,,,IN_FAILED_GROUP,empty,agree
52,Economic,Security Screening,Turkmenistan,Calaary Citizenship and Immiaration Canada,office,,1,,,IN_FAILED_GROUP,empty,agree
52,Economic,Security Screening,Turkmenistan,Case Processing Centre Edmonton,office,,2,,,IN_FAILED_GROUP,empty,agree
52,Economic,Security Screening,Turkmenistan,Case Processing Centre Ottawa,office,,3,,,IN_FAILED_GROUP,empty,majority
52,Economic,Security Screening,Turkmenistan,CIO Sydney NS,office,,3,,,IN_FAILED_GROUP,empty,agree
52,Economic,Security Screening,Turkmenistan,Paris,office,,1,,,IN_FAILED_GROUP,empty,agree
52,Economic,Security Screening,Turkmenistan,Whitehorse IRCC,office,,6,,,IN_FAILED_GROUP,empty,agree
52,Economic,Security Screening,Ukraine,,citizenship,617,1798,510,1793,MISMATCH,majority,majority
52,Economic,Security Screening,Ukraine,Calaary Citizenship and Immiaration Canada,office,,16,,,IN_FAILED_GROUP,empty,agree
52,Economic,Security Screening,Ukraine,Case Processing Centre Edmonton,office,6,47,,,IN_FAILED_GROUP,agree,agree
52,Economic,Security Screening,Ukraine,Case Processing Centre Ottawa,office,15,100,,,IN_FAILED_GROUP,agree,agree
52,Economic,Security Screening,Ukraine,Charlottetown IRCC,office,,2,,,IN_FAILED_GROUP,empty,agree
52,Economic,Security Screening,Ukraine,CIO Sydney NS,office,369,1060,,,IN_FAILED_GROUP,agree,agree
52,Economic,Security Screening,Ukraine,Edmonton IRCC,office,,32,,,IN_FAILED_GROUP,none,agree
52,Economic,Security Screening,Ukraine,Etobicoke,office,24,64,,,IN_FAILED_GROUP,agree,agree
52,Economic,Security Screening,Ukraine,Fredericton IRCC,office,,6,,,IN_FAILED_GROUP,empty,agree
52,Economic,Security Screening,Ukraine,Halifax,office,3,46,,,IN_FAILED_GROUP,agree,agree
52,Economic,Security Screening,Ukraine,HM Niagara Falls,office,,11,,,IN_FAILED_GROUP,empty,agree
52,Economic,Security Screening,Ukraine,HM Toronto,office,8,130,,,IN_FAILED_GROUP,agree,agree
52,Economic,Security Screening,Ukraine,Kitchener,office,1,6,,,IN_FAILED_GROUP,agree,agree
52,Economic,Security Screening,Ukraine,London,office,1,4,,,IN_FAILED_GROUP,agree,agree
52,Economic,Security Screening,Ukraine,London Enaland,office,,30,,,IN_FAILED_GROUP,empty,agree
52,Economic,Security Screening,Ukraine,Montreal Immiaration,office,8,42,,,IN_FAILED_GROUP,agree,agree
52,Economic,Security Screening,Ukraine,Operational Support Performance Management And,office,,1,,,IN_FAILED_GROUP,empty,agree
52,Economic,Security Screening,Ukraine,Ottawa,office,,,,,IN_FAILED_GROUP,empty,none
53,Economic,Security Screening,Ukraine,Paris,office,,1,,,IN_FAILED_GROUP,empty,agree
53,Economic,Security Screening,Ukraine,Pretoria,office,,2,,,IN_FAILED_GROUP,empty,agree
53,Economic,Security Screening,Ukraine,St John's IRCC,office,,1,,,IN_FAILED_GROUP,empty,agree
53,Economic,Security Screening,Ukraine,Vancouver Immiaration,office,37,59,,,IN_FAILED_GROUP,agree,agree
53,Economic,Security Screening,Ukraine,Whitehorse IRCC,office,,24,,,IN_FAILED_GROUP,empty,agree
53,Economic,Security Screening,Ukraine,Windsor,office,2,41,,,IN_FAILED_GROUP,agree,agree
53,Economic,Security Screening,Ukraine,Winnipeq,office,36,68,,,IN_FAILED_GROUP,agree,agree
53,Economic,Security Screening,United Arab Emirates,,citizenship,,2,0,2,reconciled,empty,agree
53,Economic,Security Screening,United Arab Emirates,CIO Sydney NS,office,,1,,,ok_group,empty,agree
53,Economic,Security Screening,United Arab Emirates,London Enaland,office,,1,,,ok_group,empty,agree
53,Economic,Security Screening,United Kinadom and Overseas Territories,,citizenship,16,166,126,166,MISMATCH,agree,agree
53,Economic,Security Screening,United Kinadom and Overseas Territories,Calaary Citizenship and Immiaration Canada,office,,1,,,IN_FAILED_GROUP,empty,agree
53,Economic,Security Screening,United Kinadom and Overseas Territories,Case Processing Centre Edmonton,office,,18,,,IN_FAILED_GROUP,empty,agree
53,Economic,Security Screening,United Kinadom and Overseas Territories,Case Processing Centre Ottawa,office,,28,,,IN_FAILED_GROUP,empty,agree
53,Economic,Security Screening,United Kinadom and Overseas Territories,CIO Sydney NS,office,123,37,,,IN_FAILED_GROUP,majority,majority
53,Economic,Security Screening,United Kinadom and Overseas Territories,Edmonton IRCC,office,1,7,,,IN_FAILED_GROUP,agree,agree
53,Economic,Security Screening,United Kinadom and Overseas Territories,Etobicoke,office,,11,,,IN_FAILED_GROUP,empty,agree
53,Economic,Security Screening,United Kinadom and Overseas Territories,Halifax,office,,6,,,IN_FAILED_GROUP,empty,agree
53,Economic,Security Screening,United Kinadom and Overseas Territories,London Enaland,office,,4,,,IN_FAILED_GROUP,empty,agree
53,Economic,Security Screening,United Kinadom and Overseas Territories,Montreal Immiaration,office,1,15,,,IN_FAILED_GROUP,agree,agree
53,Economic,Security Screening,United Kinadom and Overseas Territories,RROC,office,,2,,,IN_FAILED_GROUP,empty,agree
53,Economic,Security Screening,United Kinadom and Overseas Territories,Vancouver Immiaration,office,1,12,,,IN_FAILED_GROUP,agree,agree
53,Economic,Security Screening,United Kinadom and Overseas Territories,Whitehorse IRCC,office,,19,,,IN_FAILED_GROUP,empty,agree
53,Economic,Security Screening,United Kinadom and Overseas Territories,Winnipeq,office,,6,,,IN_FAILED_GROUP,empty,agree
53,Economic,Security Screening,United Republic of Tanzania,,citizenship,2,17,2,17,reconciled,agree,agree
53,Economic,Security Screening,United Republic of Tanzania,Case Processing Centre Edmonton,office,,1,,,ok_group,empty,agree
53,Economic,Security Screening,United Republic of Tanzania,Case Processing Centre Ottawa,office,,4,,,ok_group,empty,agree
53,Economic,Security Screening,United Republic of Tanzania,CIO Sydney NS,office,2,3,,,ok_group,agree,agree
53,Economic,Security Screening,United Republic of Tanzania,Kitchener,office,,1,,,ok_group,empty,agree
53,Economic,Security Screening,United Republic of Tanzania,London Enaland,office,,1,,,ok_group,empty,agree
53,Economic,Security Screening,United Republic of Tanzania,Whitehorse IRCC,office,,6,,,ok_group,empty,agree
53,Economic,Security Screening,United Republic of Tanzania,Winnipeq,office,,1,,,ok_group,empty,agree
53,Economic,Security Screening,United States of America,,citizenship,2,138,16,138,MISMATCH,majority,agree
53,Economic,Security Screening,United States of America,Abu Dhabi,office,1,1,,,IN_FAILED_GROUP,agree,agree
53,Economic,Security Screening,United States of America,Calaary Citizenship and Immiaration Canada,office,,4,,,IN_FAILED_GROUP,empty,agree
53,Economic,Security Screening,United States of America,Case Processing Centre Edmonton,office,2,13,,,IN_FAILED_GROUP,agree,agree
53,Economic,Security Screening,United States of America,Case Processing Centre Ottawa,office,4,28,,,IN_FAILED_GROUP,agree,agree
53,Economic,Security Screening,United States of America,CIO Sydney NS,office,2,42,,,IN_FAILED_GROUP,agree,agree
53,Economic,Security Screening,United States of America,Edmonton IRCC,office,,2,,,IN_FAILED_GROUP,empty,agree
53,Economic,Security Screening,United States of America,Etobicoke,office,,7,,,IN_FAILED_GROUP,empty,agree
53,Economic,Security Screening,United States of America,Halifax,office,,1,,,IN_FAILED_GROUP,empty,agree
53,Economic,Security Screening,United States of America,Kitchener,office,,1,,,IN_FAILED_GROUP,empty,agree
53,Economic,Security Screening,United States of America,London,office,,1,,,IN_FAILED_GROUP,empty,agree
53,Economic,Security Screening,United States of America,Montreal Immiaration,office,1,9,,,IN_FAILED_GROUP,agree,agree
53,Economic,Security Screening,United States of America,Paris,office,,1,,,IN_FAILED_GROUP,empty,agree
53,Economic,Security Screening,United States of America,RROC,office,,1,,,IN_FAILED_GROUP,empty,agree
53,Economic,Security Screening,United States of America,Vancouver Immiaration,office,4,15,,,IN_FAILED_GROUP,agree,agree
53,Economic,Security Screening,United States of America,Whitehorse IRCC,office,,6,,,IN_FAILED_GROUP,empty,agree
53,Economic,Security Screening,United States of America,Windsor,office,2,3,,,IN_FAILED_GROUP,agree,agree
53,Economic,Security Screening,United States of America,Winnipeq,office,,3,,,IN_FAILED_GROUP,empty,agree
53,Economic,Security Screening,Uruquay,,citizenship,,1,0,1,reconciled,empty,agree
53,Economic,Security Screening,Uruquay,CIO Sydney NS,office,,1,,,ok_group,empty,agree
53,Economic,Security Screening,Uzbekistan,,citizenship,43,49,4,49,MISMATCH,majority,agree
53,Economic,Security Screening,Uzbekistan,Case Processing Centre Edmonton,office,,2,,,IN_FAILED_GROUP,empty,agree
53,Economic,Security Screening,Uzbekistan,Case Processing Centre Ottawa,office,1,10,,,IN_FAILED_GROUP,agree,agree
53,Economic,Security Screening,Uzbekistan,CIO Sydney NS,office,,20,,,IN_FAILED_GROUP,none,agree
53,Economic,Security Screening,Uzbekistan,Edmonton IRCC,office,,1,,,IN_FAILED_GROUP,empty,agree
53,Economic,Security Screening,Uzbekistan,Etobicoke,office,2,3,,,IN_FAILED_GROUP,agree,agree
53,Economic,Security Screening,Uzbekistan,Halifax,office,,3,,,IN_FAILED_GROUP,empty,agree
53,Economic,Security Screening,Uzbekistan,London Enaland,office,,1,,,IN_FAILED_GROUP,empty,agree
53,Economic,Security Screening,Uzbekistan,RROC,office,1,2,,,IN_FAILED_GROUP,agree,agree
53,Economic,Security Screening,Uzbekistan,Whitehorse IRCC,office,,1,,,IN_FAILED_GROUP,empty,agree
53,Economic,Security Screening,Uzbekistan,Windsor,office,,4,,,IN_FAILED_GROUP,empty,agree
53,Economic,Security Screening,Uzbekistan,Winnipeq,office,,2,,,IN_FAILED_GROUP,empty,agree
53,Economic,Security Screening,Vanuatu,,citizenship,,1,0,1,reconciled,empty,agree
53,Economic,Security Screening,Vanuatu,Montreal Immiaration,office,,1,,,ok_group,empty,agree
53,Economic,Security Screening,Venezuela,,citizenship,5,80,5,78,MISMATCH,majority,agree
53,Economic,Security Screening,Venezuela,Case Processing Centre Edmonton,office,,7,,,IN_FAILED_GROUP,empty,agree
53,Economic,Security Screening,Venezuela,Case Processing Centre Ottawa,office,,19,,,IN_FAILED_GROUP,empty,agree
53,Economic,Security Screening,Venezuela,CIO Sydney NS,office,3,13,,,IN_FAILED_GROUP,agree,agree
53,Economic,Security Screening,Venezuela,Edmonton IRCC,office,,1,,,IN_FAILED_GROUP,empty,agree
53,Economic,Security Screening,Venezuela,Etobicoke,office,,1,,,IN_FAILED_GROUP,empty,agree
53,Economic,Security Screening,Venezuela,Fredericton IRCC,office,,1,,,IN_FAILED_GROUP,empty,agree
53,Economic,Security Screening,Venezuela,Halifax,office,,2,,,IN_FAILED_GROUP,empty,agree
53,Economic,Security Screening,Venezuela,Kitchener,office,,1,,,IN_FAILED_GROUP,empty,agree
53,Economic,Security Screening,Venezuela,Mexico City,office,,9,,,IN_FAILED_GROUP,empty,agree
53,Economic,Security Screening,Venezuela,Montreal Immiaration,office,1,8,,,IN_FAILED_GROUP,agree,agree
53,Economic,Security Screening,Venezuela,Ottawa,office,,1,,,IN_FAILED_GROUP,empty,agree
53,Economic,Security Screening,Venezuela,Vancouver Immiaration,office,,8,,,IN_FAILED_GROUP,empty,agree
53,Economic,Security Screening,Venezuela,Whitehorse IRCC,office,,3,,,IN_FAILED_GROUP,empty,majority
53,Economic,Security Screening,Venezuela,Winnipeq,office,1,4,,,IN_FAILED_GROUP,agree,agree
53,Economic,Security Screening,"Yemen, Republic of",,citizenship,10,67,8,65,MISMATCH,agree,agree
53,Economic,Security Screening,"Yemen, Republic of",Calaary Citizenship and Immiaration Canada,office,,1,,,IN_FAILED_GROUP,empty,agree
53,Economic,Security Screening,"Yemen, Republic of",Case Processing Centre Edmonton,office,1,3,,,IN_FAILED_GROUP,agree,agree
53,Economic,Security Screening,"Yemen, Republic of",Case Processing Centre Ottawa,office,,9,,,IN_FAILED_GROUP,empty,agree
53,Economic,Security Screening,"Yemen, Republic of",CIO Sydney NS,office,3,22,,,IN_FAILED_GROUP,agree,agree
53,Economic,Security Screening,"Yemen, Republic of",Edmonton IRCC,office,,1,,,IN_FAILED_GROUP,empty,agree
53,Economic,Security Screening,"Yemen, Republic of",Fredericton IRCC,office,,2,,,IN_FAILED_GROUP,empty,agree
53,Economic,Security Screening,"Yemen, Republic of",Halifax,office,,4,,,IN_FAILED_GROUP,empty,agree
53,Economic,Security Screening,"Yemen, Republic of",London Enaland,office,,4,,,IN_FAILED_GROUP,empty,agree
53,Economic,Security Screening,"Yemen, Republic of",Montreal Immiaration,office,,1,,,IN_FAILED_GROUP,empty,agree
53,Economic,Security Screening,"Yemen, Republic of",Ottawa,office,,1,,,IN_FAILED_GROUP,empty,agree
53,Economic,Security Screening,"Yemen, Republic of",Paris,office,,2,,,IN_FAILED_GROUP,empty,agree
53,Economic,Security Screening,"Yemen, Republic of",RROC,office,,1,,,IN_FAILED_GROUP,empty,agree
53,Economic,Security Screening,"Yemen, Republic of",Vancouver Immiaration,office,,3,,,IN_FAILED_GROUP,empty,agree
53,Economic,Security Screening,"Yemen, Republic of",Whitehorse IRCC,office,,3,,,IN_FAILED_GROUP,empty,majority
53,Economic,Security Screening,"Yemen, Republic of",Windsor,office,3,4,,,IN_FAILED_GROUP,agree,agree
53,Economic,Security Screening,"Yemen, Republic of",Winnipeq,office,1,4,,,IN_FAILED_GROUP,agree,agree
53,Economic,Security Screening,Zambia,,citizenship,,4,0,4,reconciled,empty,agree
53,Economic,Security Screening,Zambia,Case Processing Centre Edmonton,office,,1,,,ok_group,empty,agree
53,Economic,Security Screening,Zambia,CIO Sydney NS,office,,1,,,ok_group,empty,agree
53,Economic,Security Screening,Zambia,Whitehorse IRCC,office,,2,,,ok_group,empty,agree
53,Economic,Security Screening,Zimbabwe,,citizenship,1,10,1,10,reconciled,agree,agree
53,Economic,Security Screening,Zimbabwe,Case Processing Centre Ottawa,office,,2,,,ok_group,empty,agree
53,Economic,Security Screening,Zimbabwe,CIO Sydney NS,office,,2,,,ok_group,empty,agree
53,Economic,Security Screening,Zimbabwe,DN West Virtual Team 1,office,,1,,,ok_group,empty,agree
53,Economic,Security Screening,Zimbabwe,Edmonton IRCC,office,,1,,,ok_group,empty,agree
53,Economic,Security Screening,Zimbabwe,Vancouver Immiaration,office,1,2,,,ok_group,agree,agree
53,Economic,Security Screening,Zimbabwe,Whitehorse IRCC,office,,1,,,ok_group,empty,agree
53,Economic,Security Screening,Zimbabwe,Winnipeq,office,,1,,,ok_group,empty,agree
53,Family Class,,,,immigration_category,2589,21238,2874,25683,MISMATCH,agree,agree
53,Family Class,HIRV Screening,,,activity_type,6,149,6,139,MISMATCH,agree,agree
53,Family Class,HIRV Screening,Albania,,citizenship,,2,0,2,reconciled,empty,agree
53,Family Class,HIRV Screening,Albania,Rome,office,,2,,,ok_group,empty,agree
53,Family Class,HIRV Screening,Antigua and Barbuda,,citizenship,,1,0,1,reconciled,empty,agree
53,Family Class,HIRV Screening,Antigua and Barbuda,Case Processing Centre Mississauga,office,,1,,,ok_group,empty,agree
53,Family Class,HIRV Screening,Bosnia-Herceqovina,,citizenship,,3,0,3,reconciled,empty,majority
53,Family Class,HIRV Screening,Bosnia-Herceqovina,Vienna,office,,3,,,ok_group,empty,majority
53,Family Class,HIRV Screening,Brazil,,citizenship,,4,0,4,reconciled,empty,agree
53,Family Class,HIRV Screening,Brazil,Case Processing Centre Mississauga,office,,2,,,ok_group,empty,agree
53,Family Class,HIRV Screening,Brazil,Mexico City,office,,1,,,ok_group,empty,agree
53,Family Class,HIRV Screening,Brazil,Niagara Falls IRCC,office,,1,,,ok_group,empty,agree
53,Family Class,HIRV Screening,Colombia,,citizenship,,7,0,5,MISMATCH,empty,agree
53,Family Class,HIRV Screening,Colombia,Bogota,office,,3,,,IN_FAILED_GROUP,empty,majority
53,Family Class,HIRV Screening,Colombia,Case Processing Centre Mississauga,office,,1,,,IN_FAILED_GROUP,empty,agree
53,Family Class,HIRV Screening,Colombia,Sao Paulo,office,,1,,,IN_FAILED_GROUP,empty,agree
53,Family Class,HIRV Screening,"Condo, Democratic Republic of the",,citizenship,,1,0,1,reconciled,empty,agree
53,Family Class,HIRV Screening,"Condo, Democratic Republic of the",Irregular Miaration BC,office,,1,,,ok_group,empty,agree
53,Family Class,HIRV Screening,Croatia,,citizenship,1,6,1,6,reconciled,agree,agree
53,Family Class,HIRV Screening,Croatia,Case Processing Centre Mississauga,office,,2,,,ok_group,empty,agree
53,Family Class,HIRV Screening,Croatia,Hamilton,office,,2,,,ok_group,empty,agree
53,Family Class,HIRV Screening,Croatia,Vienna,office,1,2,,,ok_group,agree,agree
53,Family Class,HIRV Screening,Cuba,,citizenship,,3,0,3,reconciled,empty,agree
53,Family Class,HIRV Screening,Cuba,Mexico City,office,,2,,,ok_group,empty,agree
53,Family Class,HIRV Screening,Cuba,New York,office,,1,,,ok_group,empty,agree
53,Family Class,HIRV Screening,Democratic Republic of Sudan,,citizenship,,1,0,1,reconciled,empty,agree
53,Family Class,HIRV Screening,Democratic Republic of Sudan,HM Niagara Falls,office,,1,,,ok_group,empty,agree
53,Family Class,HIRV Screening,Dominican Republic,,citizenship,,1,0,1,reconciled,empty,agree
53,Family Class,HIRV Screening,Dominican Republic,Mexico City,office,,1,,,ok_group,empty,agree
53,Family Class,HIRV Screening,Ecuador,,citizenship,,1,0,7,MISMATCH,empty,agree
53,Family Class,HIRV Screening,Ecuador,Mexico City,office,,1,,,IN_FAILED_GROUP,empty,agree
53,Family Class,HIRV Screening,Ecuador,Eaypt,office,,3,,,IN_FAILED_GROUP,empty,agree
53,Family Class,HIRV Screening,Ecuador,Cairo,office,,1,,,IN_FAILED_GROUP,empty,agree
53,Family Class,HIRV Screening,Ecuador,Case Processing Centre Mississauga,office,,2,,,IN_FAILED_GROUP,empty,agree
53,Family Class,HIRV Screening,Eritrea,,citizenship,,1,0,1,reconciled,empty,agree
53,Family Class,HIRV Screening,Eritrea,Sydney Australia,office,,1,,,ok_group,empty,agree
53,Family Class,HIRV Screening,Ghana,,citizenship,,,0,1,MISMATCH,empty,none
54,Family Class,HIRV Screening,Ghana,Accra,office,,1,,,IN_FAILED_GROUP,empty,agree
54,Family Class,HIRV Screening,Greece,,citizenship,,1,0,1,reconciled,empty,agree
54,Family Class,HIRV Screening,Greece,Rome,office,,1,,,ok_group,empty,agree
54,Family Class,HIRV Screening,Guatemala,,citizenship,,1,0,1,reconciled,empty,agree
54,Family Class,HIRV Screening,Guatemala,Mexico City,office,,1,,,ok_group,empty,agree
54,Family Class,HIRV Screening,Haiti,,citizenship,2,45,2,45,reconciled,agree,agree
54,Family Class,HIRV Screening,Haiti,Kinaston Jamaica,office,,2,,,ok_group,empty,agree
54,Family Class,HIRV Screening,Haiti,Mexico City,office,1,3,,,ok_group,agree,agree
54,Family Class,HIRV Screening,Haiti,New York,office,,1,,,ok_group,empty,agree
54,Family Class,HIRV Screening,Haiti,Port-Au-Prince,office,1,39,,,ok_group,agree,agree
54,Family Class,HIRV Screening,India,,citizenship,,3,0,5,MISMATCH,empty,majority
54,Family Class,HIRV Screening,India,Calaary Citizenship and Immiaration Canada,office,,1,,,IN_FAILED_GROUP,empty,agree
54,Family Class,HIRV Screening,India,Etobicoke,office,,1,,,IN_FAILED_GROUP,empty,agree
54,Family Class,HIRV Screening,India,New Delhi,office,,3,,,IN_FAILED_GROUP,empty,agree
54,Family Class,HIRV Screening,Iran,,citizenship,,2,0,2,reconciled,empty,agree
54,Family Class,HIRV Screening,Iran,Ankara,office,,1,,,ok_group,empty,agree
54,Family Class,HIRV Screening,Iran,Case Processing Centre Mississauga,office,,1,,,ok_group,empty,agree
54,Family Class,HIRV Screening,Iraq,,citizenship,,4,0,4,reconciled,empty,agree
54,Family Class,HIRV Screening,Iraq,Case Processing Centre Mississauga,office,,2,,,ok_group,empty,agree
54,Family Class,HIRV Screening,Iraq,London Enaland,office,,1,,,ok_group,empty,agree
54,Family Class,HIRV Screening,Iraq,Los Angeles,office,,1,,,ok_group,empty,agree
54,Family Class,HIRV Screening,Israel,,citizenship,,2,0,2,reconciled,empty,agree
54,Family Class,HIRV Screening,Israel,Case Processing Centre Mississauga,office,,1,,,ok_group,empty,agree
54,Family Class,HIRV Screening,Israel,Edmonton IRCC,office,,1,,,ok_group,empty,agree
54,Family Class,HIRV Screening,Jamaica,,citizenship,,9,0,7,MISMATCH,empty,agree
54,Family Class,HIRV Screening,Jamaica,Case Processing Centre Mississauga,office,,4,,,IN_FAILED_GROUP,empty,agree
54,Family Class,HIRV Screening,Jamaica,Kinaston Jamaica,office,,3,,,IN_FAILED_GROUP,empty,majority
54,Family Class,HIRV Screening,Lebanon,,citizenship,,4,0,4,reconciled,empty,agree
54,Family Class,HIRV Screening,Lebanon,Beirut,office,,3,,,ok_group,empty,agree
54,Family Class,HIRV Screening,Lebanon,Mexico City,office,,1,,,ok_group,empty,agree
54,Family Class,HIRV Screening,Libya,,citizenship,,1,0,1,reconciled,empty,agree
54,Family Class,HIRV Screening,Libya,Paris,office,,1,,,ok_group,empty,agree
54,Family Class,HIRV Screening,Macedonia,,citizenship,1,1,1,1,reconciled,agree,agree
54,Family Class,HIRV Screening,Macedonia,Vienna,office,1,1,,,ok_group,agree,agree
54,Family Class,HIRV Screening,"Montenearo, Republic of",,citizenship,,1,0,1,reconciled,empty,agree
54,Family Class,HIRV Screening,"Montenearo, Republic of",Vienna,office,,1,,,ok_group,empty,agree
54,Family Class,HIRV Screening,Nicaraqua,,citizenship,,3,0,3,reconciled,empty,majority
54,Family Class,HIRV Screening,Nicaraqua,Mexico City,office,,3,,,ok_group,empty,majority
54,Family Class,HIRV Screening,Nigeria,,citizenship,1,7,1,7,reconciled,agree,agree
54,Family Class,HIRV Screening,Nigeria,Accra,office,1,7,,,ok_group,agree,agree
54,Family Class,HIRV Screening,Palestinian Authority (Gaza/West Bank),,citizenship,,1,0,1,reconciled,empty,agree
54,Family Class,HIRV Screening,Palestinian Authority (Gaza/West Bank),London Enaland,office,,1,,,ok_group,empty,agree
54,Family Class,HIRV Screening,Peru,,citizenship,,2,0,2,reconciled,empty,agree
54,Family Class,HIRV Screening,Peru,Mexico City,office,,1,,,ok_group,empty,agree
54,Family Class,HIRV Screening,Peru,Niagara Falls IRCC,office,,1,,,ok_group,empty,agree
54,Family Class,HIRV Screening,Philippines,,citizenship,1,2,1,2,reconciled,agree,agree
54,Family Class,HIRV Screening,Philippines,Manila,office,1,2,,,ok_group,agree,agree
54,Family Class,HIRV Screening,Romania,,citizenship,,1,0,1,reconciled,empty,agree
54,Family Class,HIRV Screening,Romania,Bucharest,office,,1,,,ok_group,empty,agree
54,Family Class,HIRV Screening,"Serbia, Republic of",,citizenship,,6,0,6,reconciled,empty,agree
54,Family Class,HIRV Screening,"Serbia, Republic of",Case Processing Centre Mississauga,office,,2,,,ok_group,empty,agree
54,Family Class,HIRV Screening,"Serbia, Republic of",Vienna,office,,4,,,ok_group,empty,agree
54,Family Class,HIRV Screening,Sierra Leone,,citizenship,,1,0,1,reconciled,empty,agree
54,Family Class,HIRV Screening,Sierra Leone,Case Processing Centre Mississauga,office,,1,,,ok_group,empty,agree
54,Family Class,HIRV Screening,St. Kitts-Nevis,,citizenship,,1,0,1,reconciled,empty,agree
54,Family Class,HIRV Screening,St. Kitts-Nevis,Mexico City,office,,1,,,ok_group,empty,agree
54,Family Class,HIRV Screening,Stateless,,citizenship,,1,0,1,reconciled,empty,agree
54,Family Class,HIRV Screening,Stateless,Vienna,office,,1,,,ok_group,empty,agree
54,Family Class,HIRV Screening,Syria,,citizenship,,2,0,2,reconciled,empty,agree
54,Family Class,HIRV Screening,Syria,Amman,office,,1,,,ok_group,empty,agree
54,Family Class,HIRV Screening,Syria,Vienna,office,,1,,,ok_group,empty,agree
54,Family Class,HIRV Screening,Ukraine,,citizenship,,1,0,1,reconciled,empty,agree
54,Family Class,HIRV Screening,Ukraine,Case Processing Centre Mississauga,office,,1,,,ok_group,empty,agree
54,Family Class,HIRV Screening,United States of America,,citizenship,,2,0,2,reconciled,empty,agree
54,Family Class,HIRV Screening,United States of America,Case Processing Centre Mississauga,office,,1,,,ok_group,empty,agree
54,Family Class,HIRV Screening,United States of America,Case Processing Centre Ottawa,office,,1,,,ok_group,empty,agree
54,Family Class,HIRV Screening,Venezuela,,citizenship,,3,0,3,reconciled,empty,agree
54,Family Class,HIRV Screening,Venezuela,Mexico City,office,,3,,,ok_group,empty,agree
54,Family Class,HIRV Screening,"Yemen, Republic of",,citizenship,,1,0,1,reconciled,empty,agree
54,Family Class,HIRV Screening,"Yemen, Republic of",Hamilton,office,,1,,,ok_group,empty,agree
54,Family Class,Org Crime Screening,,,activity_type,7,238,17,213,MISMATCH,majority,majority
54,Family Class,Org Crime Screening,Albania,,citizenship,,4,0,4,reconciled,empty,agree
54,Family Class,Org Crime Screening,Albania,Case Processing Centre Mississauga,office,,1,,,ok_group,empty,agree
54,Family Class,Org Crime Screening,Albania,Montreal Immiaration,office,,1,,,ok_group,empty,agree
54,Family Class,Org Crime Screening,Albania,Rome,office,,2,,,ok_group,empty,agree
54,Family Class,Org Crime Screening,Alaeria,,citizenship,,1,0,1,reconciled,empty,agree
54,Family Class,Org Crime Screening,Alaeria,Case Processing Centre Mississauga,office,,1,,,ok_group,empty,agree
54,Family Class,Org Crime Screening,Ardentina,,citizenship,1,1,1,1,reconciled,agree,agree
54,Family Class,Org Crime Screening,Ardentina,Honda Kona,office,1,1,,,ok_group,agree,agree
54,Family Class,Org Crime Screening,Australia,,citizenship,,2,0,2,reconciled,empty,agree
54,Family Class,Org Crime Screening,Australia,Case Processing Centre Mississauga,office,,1,,,ok_group,empty,agree
54,Family Class,Org Crime Screening,Australia,Sydney Australia,office,,1,,,ok_group,empty,agree
54,Family Class,Org Crime Screening,Banadladesh,,citizenship,,1,0,1,reconciled,empty,agree
54,Family Class,Org Crime Screening,Banadladesh,Case Processing Centre Mississauga,office,,1,,,ok_group,empty,agree
54,Family Class,Org Crime Screening,Barbados,,citizenship,,4,0,4,reconciled,empty,agree
54,Family Class,Org Crime Screening,Barbados,Case Processing Centre Mississauga,office,,3,,,ok_group,empty,agree
54,Family Class,Org Crime Screening,Barbados,Niagara Falls IRCC,office,,1,,,ok_group,empty,agree
54,Family Class,Org Crime Screening,Bolivia,,citizenship,,1,0,1,reconciled,empty,agree
54,Family Class,Org Crime Screening,Bolivia,Case Processing Centre Mississauga,office,,1,,,ok_group,empty,agree
54,Family Class,Org Crime Screening,Brazil,,citizenship,,10,0,10,reconciled,empty,agree
54,Family Class,Org Crime Screening,Brazil,Case Processing Centre Mississauga,office,,4,,,ok_group,empty,agree
54,Family Class,Org Crime Screening,Brazil,Mexico City,office,,6,,,ok_group,empty,agree
54,Family Class,Org Crime Screening,Bulaaria,,citizenship,,1,0,1,reconciled,empty,agree
54,Family Class,Org Crime Screening,Bulaaria,Bucharest,office,,1,,,ok_group,empty,agree
54,Family Class,Org Crime Screening,Chile,,citizenship,,2,0,2,reconciled,empty,agree
54,Family Class,Org Crime Screening,Chile,Montreal Immiaration,office,,2,,,ok_group,empty,agree
54,Family Class,Org Crime Screening,Colombia,,citizenship,,9,0,9,reconciled,empty,agree
54,Family Class,Org Crime Screening,Colombia,Bogota,office,,3,,,ok_group,empty,agree
54,Family Class,Org Crime Screening,Colombia,Case Processing Centre Mississauga,office,,3,,,ok_group,empty,agree
54,Family Class,Org Crime Screening,Colombia,Etobicoke,office,,1,,,ok_group,empty,agree
54,Family Class,Org Crime Screening,Colombia,Mexico City,office,,1,,,ok_group,empty,agree
54,Family Class,Org Crime Screening,Colombia,Montreal Immiaration,office,,1,,,ok_group,empty,agree
54,Family Class,Org Crime Screening,"Condo, Democratic Republic of the",,citizenship,,1,0,1,reconciled,empty,agree
54,Family Class,Org Crime Screening,"Condo, Democratic Republic of the",Case Processing Centre Mississauga,office,,1,,,ok_group,empty,agree
54,Family Class,Org Crime Screening,Costa Rica,,citizenship,,1,0,1,reconciled,empty,agree
54,Family Class,Org Crime Screening,Costa Rica,Mexico City,office,,1,,,ok_group,empty,agree
54,Family Class,Org Crime Screening,Cuba,,citizenship,,2,0,2,reconciled,empty,agree
54,Family Class,Org Crime Screening,Cuba,Mexico City,office,,1,,,ok_group,empty,agree
54,Family Class,Org Crime Screening,Cuba,Port of Spain,office,,1,,,ok_group,empty,agree
54,Family Class,Org Crime Screening,Dominican Republic,,citizenship,1,7,1,7,reconciled,agree,agree
54,Family Class,Org Crime Screening,Dominican Republic,Case Processing Centre Mississauga,office,1,2,,,ok_group,agree,agree
54,Family Class,Org Crime Screening,Dominican Republic,Mexico City,office,,4,,,ok_group,empty,agree
54,Family Class,Org Crime Screening,Dominican Republic,Montreal Immiaration,office,,1,,,ok_group,empty,agree
54,Family Class,Org Crime Screening,Ecuador,,citizenship,,2,0,4,MISMATCH,empty,agree
54,Family Class,Org Crime Screening,Ecuador,Case Processing Centre Mississauga,office,,1,,,IN_FAILED_GROUP,empty,agree
54,Family Class,Org Crime Screening,Ecuador,Mexico City,office,,1,,,IN_FAILED_GROUP,empty,agree
54,Family Class,Org Crime Screening,Ecuador,Eaypt,office,,1,,,IN_FAILED_GROUP,empty,agree
54,Family Class,Org Crime Screening,Ecuador,Case Processing Centre Mississauga,office,,1,,,IN_FAILED_GROUP,empty,agree
54,Family Class,Org Crime Screening,El Salvador,,citizenship,,4,0,4,reconciled,empty,agree
54,Family Class,Org Crime Screening,El Salvador,Mexico City,office,,4,,,ok_group,empty,agree
54,Family Class,Org Crime Screening,Federal Republic of Germany,,citizenship,,1,0,1,reconciled,empty,agree
54,Family Class,Org Crime Screening,Federal Republic of Germany,Case Processing Centre Mississauga,office,,1,,,ok_group,empty,agree
54,Family Class,Org Crime Screening,France,,citizenship,,1,0,1,reconciled,empty,agree
54,Family Class,Org Crime Screening,France,Montreal Immiaration,office,,1,,,ok_group,empty,agree
54,Family Class,Org Crime Screening,Georagia,,citizenship,,2,0,2,reconciled,empty,agree
54,Family Class,Org Crime Screening,Georagia,Ankara,office,,2,,,ok_group,empty,agree
54,Family Class,Org Crime Screening,Ghana,,citizenship,1,1,1,1,reconciled,agree,agree
54,Family Class,Org Crime Screening,Ghana,Case Processing Centre Mississauga,office,1,1,,,ok_group,agree,agree
54,Family Class,Org Crime Screening,Grenada,,citizenship,,1,0,1,reconciled,empty,agree
54,Family Class,Org Crime Screening,Grenada,Mexico City,office,,1,,,ok_group,empty,agree
54,Family Class,Org Crime Screening,Guatemala,,citizenship,,4,0,4,reconciled,empty,agree
54,Family Class,Org Crime Screening,Guatemala,Mexico City,office,,4,,,ok_group,empty,agree
54,Family Class,Org Crime Screening,Guyana,,citizenship,,1,0,1,reconciled,empty,agree
54,Family Class,Org Crime Screening,Guyana,Mexico City,office,,1,,,ok_group,empty,agree
54,Family Class,Org Crime Screening,Haiti,,citizenship,1,4,1,4,reconciled,agree,agree
54,Family Class,Org Crime Screening,Haiti,Mexico City,office,,3,,,ok_group,empty,agree
54,Family Class,Org Crime Screening,Haiti,Port-Au-Prince,office,1,1,,,ok_group,agree,agree
54,Family Class,Org Crime Screening,Honduras,,citizenship,,3,0,3,reconciled,empty,agree
54,Family Class,Org Crime Screening,Honduras,Case Processing Centre Mississauga,office,,1,,,ok_group,empty,agree
54,Family Class,Org Crime Screening,Honduras,Mexico City,office,,2,,,ok_group,empty,agree
54,Family Class,Org Crime Screening,Honda Kong SAR,,citizenship,,8,0,8,reconciled,empty,agree
54,Family Class,Org Crime Screening,Honda Kong SAR,Case Processing Centre Mississauga,office,,3,,,ok_group,empty,agree
54,Family Class,Org Crime Screening,Honda Kong SAR,Etobicoke,office,,1,,,ok_group,empty,agree
54,Family Class,Org Crime Screening,Honda Kong SAR,Honda Kona,office,,4,,,ok_group,empty,agree
54,Family Class,Org Crime Screening,Hunaary,,citizenship,,4,0,0,MISMATCH,empty,agree
54,Family Class,Org Crime Screening,Hunaary,Case Processing Centre Mississauga,office,,,,,IN_FAILED_GROUP,empty,none
54,Family Class,Org Crime Screening,Hunaary,Vienna,office,,,,,IN_FAILED_GROUP,empty,none
55,Family Class,Org Crime Screening,India,,citizenship,4,10,4,10,reconciled,agree,agree
55,Family Class,Org Crime Screening,India,Case Processing Centre Mississauga,office,4,8,,,ok_group,agree,agree
55,Family Class,Org Crime Screening,India,Etobicoke,office,,1,,,ok_group,empty,agree
55,Family Class,Org Crime Screening,India,New Delhi,office,,1,,,ok_group,empty,agree
55,Family Class,Org Crime Screening,Iran,,citizenship,,2,0,2,reconciled,empty,agree
55,Family Class,Org Crime Screening,Iran,Ankara,office,,1,,,ok_group,empty,agree
55,Family Class,Org Crime Screening,Iran,Vienna,office,,1,,,ok_group,empty,agree
55,Family Class,Org Crime Screening,Israel,,citizenship,,4,0,4,reconciled,empty,agree
55,Family Class,Org Crime Screening,Israel,Case Processing Centre Mississauga,office,,3,,,ok_group,empty,agree
55,Family Class,Org Crime Screening,Israel,Montreal Immiaration,office,,1,,,ok_group,empty,agree
55,Family Class,Org Crime Screening,Italy,,citizenship,1,3,1,5,MISMATCH,agree,majority
55,Family Class,Org Crime Screening,Italy,Case Processing Centre Mississauga,office,1,3,,,IN_FAILED_GROUP,agree,agree
55,Family Class,Org Crime Screening,Italy,Rome,office,,2,,,IN_FAILED_GROUP,empty,agree
55,Family Class,Org Crime Screening,Jamaica,,citizenship,1,9,1,9,reconciled,agree,agree
55,Family Class,Org Crime Screening,Jamaica,Case Processing Centre Mississauga,office,,4,,,ok_group,empty,agree
55,Family Class,Org Crime Screening,Jamaica,Kinaston Jamaica,office,,4,,,ok_group,empty,agree
55,Family Class,Org Crime Screening,Jamaica,New York,office,1,1,,,ok_group,agree,agree
55,Family Class,Org Crime Screening,"Korea, Republic of",,citizenship,,3,0,3,reconciled,empty,agree
55,Family Class,Org Crime Screening,"Korea, Republic of",Case Processing Centre Mississauga,office,,3,,,ok_group,empty,agree
55,Family Class,Org Crime Screening,"Kosovo, Republic of",,citizenship,,1,0,1,reconciled,empty,agree
55,Family Class,Org Crime Screening,"Kosovo, Republic of",Vienna,office,,1,,,ok_group,empty,agree
55,Family Class,Org Crime Screening,Lebanon,,citizenship,,3,0,3,reconciled,empty,agree
55,Family Class,Org Crime Screening,Lebanon,Beirut,office,,1,,,ok_group,empty,agree
55,Family Class,Org Crime Screening,Lebanon,Case Processing Centre Mississauga,office,,1,,,ok_group,empty,agree
55,Family Class,Org Crime Screening,Lebanon,Edmonton IRCC,office,,1,,,ok_group,empty,agree
55,Family Class,Org Crime Screening,Mexico,,citizenship,3,25,3,25,reconciled,agree,agree
55,Family Class,Org Crime Screening,Mexico,Calaary Citizenship and Immiaration Canada,office,,1,,,ok_group,empty,agree
55,Family Class,Org Crime Screening,Mexico,Case Processing Centre Mississauga,office,1,13,,,ok_group,agree,agree
55,Family Class,Org Crime Screening,Mexico,Etobicoke,office,,1,,,ok_group,empty,agree
55,Family Class,Org Crime Screening,Mexico,London,office,,1,,,ok_group,empty,agree
55,Family Class,Org Crime Screening,Mexico,Mexico City,office,2,8,,,ok_group,agree,agree
55,Family Class,Org Crime Screening,Mexico,Montreal Immiaration,office,,1,,,ok_group,empty,agree
55,Family Class,Org Crime Screening,"Montenearo, Republic of",,citizenship,,1,0,1,reconciled,empty,agree
55,Family Class,Org Crime Screening,"Montenearo, Republic of",Case Processing Centre Mississauga,office,,1,,,ok_group,empty,agree
55,Family Class,Org Crime Screening,Morocco,,citizenship,,1,0,1,reconciled,empty,agree
55,Family Class,Org Crime Screening,Morocco,Case Processing Centre Mississauga,office,,1,,,ok_group,empty,agree
55,Family Class,Org Crime Screening,Nicaraqua,,citizenship,,3,0,3,reconciled,empty,agree
55,Family Class,Org Crime Screening,Nicaraqua,Case Processing Centre Mississauga,office,,1,,,ok_group,empty,agree
55,Family Class,Org Crime Screening,Nicaraqua,Mexico City,office,,2,,,ok_group,empty,agree
55,Family Class,Org Crime Screening,Nigeria,,citizenship,2,12,2,12,reconciled,agree,agree
55,Family Class,Org Crime Screening,Nigeria,Accra,office,2,3,,,ok_group,agree,agree
55,Family Class,Org Crime Screening,Nigeria,Case Processing Centre Mississauga,office,,7,,,ok_group,empty,agree
55,Family Class,Org Crime Screening,Nigeria,Montreal Immiaration,office,,2,,,ok_group,empty,agree
55,Family Class,Org Crime Screening,Pakistan,,citizenship,,2,0,2,reconciled,empty,agree
55,Family Class,Org Crime Screening,Pakistan,Case Processing Centre Mississauga,office,,1,,,ok_group,empty,agree
55,Family Class,Org Crime Screening,Pakistan,Warsaw,office,,1,,,ok_group,empty,agree
55,Family Class,Org Crime Screening,Paraquay,,citizenship,,1,0,1,reconciled,empty,agree
55,Family Class,Org Crime Screening,Paraquay,Buenos Aires,office,,1,,,ok_group,empty,agree
55,Family Class,Org Crime Screening,Peoples Republic of Benin,,citizenship,,2,0,2,reconciled,empty,agree
55,Family Class,Org Crime Screening,Peoples Republic of Benin,Case Processing Centre Mississauga,office,,1,,,ok_group,empty,agree
55,Family Class,Org Crime Screening,Peoples Republic of Benin,Montreal Immiaration,office,,1,,,ok_group,empty,agree
55,Family Class,Org Crime Screening,People's Republic of China,,citizenship,2,7,2,27,MISMATCH,agree,majority
55,Family Class,Org Crime Screening,People's Republic of China,Calaary Citizenship and Immiaration Canada,office,,2,,,IN_FAILED_GROUP,empty,agree
55,Family Class,Org Crime Screening,People's Republic of China,Case Processing Centre Mississauga,office,2,15,,,IN_FAILED_GROUP,agree,agree
55,Family Class,Org Crime Screening,People's Republic of China,Edmonton IRCC,office,,2,,,IN_FAILED_GROUP,empty,agree
55,Family Class,Org Crime Screening,People's Republic of China,Etobicoke,office,,2,,,IN_FAILED_GROUP,empty,agree
55,Family Class,Org Crime Screening,People's Republic of China,Honda Kona,office,,2,,,IN_FAILED_GROUP,empty,agree
55,Family Class,Org Crime Screening,People's Republic of China,Montreal Immiaration,office,,3,,,IN_FAILED_GROUP,empty,agree
55,Family Class,Org Crime Screening,People's Republic of China,Vienna,office,,1,,,IN_FAILED_GROUP,empty,agree
55,Family Class,Org Crime Screening,Peru,,citizenship,,1,0,1,reconciled,empty,agree
55,Family Class,Org Crime Screening,Peru,Mexico City,office,,1,,,ok_group,empty,agree
55,Family Class,Org Crime Screening,Philippines,,citizenship,,3,0,3,reconciled,empty,agree
55,Family Class,Org Crime Screening,Philippines,Case Processing Centre Mississauga,office,,3,,,ok_group,empty,agree
55,Family Class,Org Crime Screening,Republic of Ivory Coast,,citizenship,,1,0,1,reconciled,empty,agree
55,Family Class,Org Crime Screening,Republic of Ivory Coast,Case Processing Centre Mississauga,office,,1,,,ok_group,empty,agree
55,Family Class,Org Crime Screening,Russia,,citizenship,,1,0,1,reconciled,empty,agree
55,Family Class,Org Crime Screening,Russia,Case Processing Centre Mississauga,office,,1,,,ok_group,empty,agree
55,Family Class,Org Crime Screening,Socialist Republic of Vietnam,,citizenship,,8,0,8,reconciled,empty,agree
55,Family Class,Org Crime Screening,Socialist Republic of Vietnam,Case Processing Centre Mississauga,office,,7,,,ok_group,empty,agree
55,Family Class,Org Crime Screening,Socialist Republic of Vietnam,Etobicoke,office,,1,,,ok_group,empty,agree
55,Family Class,Org Crime Screening,Spain,,citizenship,,1,0,1,reconciled,empty,agree
55,Family Class,Org Crime Screening,Spain,Mexico City,office,,1,,,ok_group,empty,agree
55,Family Class,Org Crime Screening,Sri Lanka,,citizenship,,2,0,2,reconciled,empty,agree
55,Family Class,Org Crime Screening,Sri Lanka,Colombo,office,,1,,,ok_group,empty,agree
55,Family Class,Org Crime Screening,Sri Lanka,Montreal Immiaration,office,,1,,,ok_group,empty,agree
55,Family Class,Org Crime Screening,St. Lucia,,citizenship,,1,0,1,reconciled,empty,agree
55,Family Class,Org Crime Screening,St. Lucia,Case Processing Centre Mississauga,office,,1,,,ok_group,empty,agree
55,Family Class,Org Crime Screening,St. Vincent and the Grenadines,,citizenship,,1,0,1,reconciled,empty,agree
55,Family Class,Org Crime Screening,St. Vincent and the Grenadines,Case Processing Centre Mississauga,office,,1,,,ok_group,empty,agree
55,Family Class,Org Crime Screening,Taiwan,,citizenship,,1,0,1,reconciled,empty,agree
55,Family Class,Org Crime Screening,Taiwan,Case Processing Centre Mississauga,office,,1,,,ok_group,empty,agree
55,Family Class,Org Crime Screening,Ukraine,,citizenship,,1,0,1,reconciled,empty,agree
55,Family Class,Org Crime Screening,Ukraine,Case Processing Centre Mississauga,office,,1,,,ok_group,empty,agree
55,Family Class,Org Crime Screening,United Kinadom and Overseas Territories,,citizenship,,7,0,5,MISMATCH,empty,agree
55,Family Class,Org Crime Screening,United Kinadom and Overseas Territories,Case Processing Centre Mississauga,office,,3,,,IN_FAILED_GROUP,empty,majority
55,Family Class,Org Crime Screening,United Kinadom and Overseas Territories,London Enaland,office,,1,,,IN_FAILED_GROUP,empty,agree
55,Family Class,Org Crime Screening,United Kinadom and Overseas Territories,New York,office,,1,,,IN_FAILED_GROUP,empty,agree
55,Family Class,Org Crime Screening,United States of America,,citizenship,,3,0,3,reconciled,empty,majority
55,Family Class,Org Crime Screening,United States of America,Case Processing Centre Mississauga,office,,3,,,ok_group,empty,majority
55,Family Class,Org Crime Screening,Venezuela,,citizenship,,10,0,10,reconciled,empty,agree
55,Family Class,Org Crime Screening,Venezuela,Case Processing Centre Mississauga,office,,1,,,ok_group,empty,agree
55,Family Class,Org Crime Screening,Venezuela,Mexico City,office,,9,,,ok_group,empty,agree
55,Family Class,Security Screening,,,activity_type,2566,20851,2611,20316,MISMATCH,majority,agree
55,Family Class,Security Screening,Afghanistan,,citizenship,42,559,42,559,reconciled,agree,majority
55,Family Class,Security Screening,Afghanistan,Abu Dhabi,office,23,24,,,ok_group,agree,agree
55,Family Class,Security Screening,Afghanistan,Ankara,office,2,15,,,ok_group,agree,agree
55,Family Class,Security Screening,Afghanistan,Calaary Citizenship and Immiaration Canada,office,,3,,,ok_group,empty,agree
55,Family Class,Security Screening,Afghanistan,Case Processing Centre Mississauga,office,7,26,,,ok_group,agree,agree
55,Family Class,Security Screening,Afghanistan,Case Processing Centre Ottawa,office,,2,,,ok_group,empty,agree
55,Family Class,Security Screening,Afghanistan,DN West Virtual Team 1,office,,1,,,ok_group,empty,agree
55,Family Class,Security Screening,Afghanistan,Etobicoke,office,,9,,,ok_group,empty,agree
55,Family Class,Security Screening,Afghanistan,HM Niagara Falls,office,,1,,,ok_group,empty,agree
55,Family Class,Security Screening,Afghanistan,Irregular Miaration BC,office,,1,,,ok_group,empty,agree
55,Family Class,Security Screening,Afghanistan,Islamabad,office,,2,,,ok_group,empty,agree
55,Family Class,Security Screening,Afghanistan,Kitchener,office,,1,,,ok_group,empty,agree
55,Family Class,Security Screening,Afghanistan,Kyiv,office,,1,,,ok_group,empty,agree
55,Family Class,Security Screening,Afghanistan,London Enaland,office,,360,,,ok_group,empty,agree
55,Family Class,Security Screening,Afghanistan,Mexico City,office,,1,,,ok_group,empty,agree
55,Family Class,Security Screening,Afghanistan,Montreal Immiaration,office,,4,,,ok_group,empty,agree
55,Family Class,Security Screening,Afghanistan,New Delhi,office,1,19,,,ok_group,agree,agree
55,Family Class,Security Screening,Afghanistan,New York,office,,1,,,ok_group,empty,agree
55,Family Class,Security Screening,Afghanistan,Paris,office,7,9,,,ok_group,agree,agree
55,Family Class,Security Screening,Afghanistan,Singapore,office,1,1,,,ok_group,agree,agree
55,Family Class,Security Screening,Afghanistan,Sydney Australia,office,,1,,,ok_group,empty,agree
55,Family Class,Security Screening,Afghanistan,Vancouver Immiaration,office,,31,,,ok_group,empty,agree
55,Family Class,Security Screening,Afghanistan,Vienna,office,1,37,,,ok_group,agree,majority
55,Family Class,Security Screening,Afghanistan,Warsaw,office,,9,,,ok_group,empty,agree
55,Family Class,Security Screening,Albania,,citizenship,6,44,5,44,MISMATCH,agree,agree
55,Family Class,Security Screening,Albania,Case Processing Centre Mississauga,office,2,16,,,IN_FAILED_GROUP,majority,agree
55,Family Class,Security Screening,Albania,Etobicoke,office,1,3,,,IN_FAILED_GROUP,agree,agree
55,Family Class,Security Screening,Albania,Irregular Miaration BC,office,,1,,,IN_FAILED_GROUP,empty,agree
55,Family Class,Security Screening,Albania,London,office,,2,,,IN_FAILED_GROUP,empty,agree
55,Family Class,Security Screening,Albania,Montreal Immiaration,office,,3,,,IN_FAILED_GROUP,empty,agree
55,Family Class,Security Screening,Albania,New York,office,,1,,,IN_FAILED_GROUP,empty,agree
55,Family Class,Security Screening,Albania,Ottawa IR,office,,1,,,IN_FAILED_GROUP,empty,agree
55,Family Class,Security Screening,Albania,Rome,office,,9,,,IN_FAILED_GROUP,empty,agree
55,Family Class,Security Screening,Albania,Vancouver Immiaration,office,2,8,,,IN_FAILED_GROUP,agree,agree
55,Family Class,Security Screening,Alaeria,,citizenship,3,193,33,197,MISMATCH,majority,majority
55,Family Class,Security Screening,Alaeria,Case Processing Centre Mississauga,office,30,78,,,IN_FAILED_GROUP,agree,agree
55,Family Class,Security Screening,Alaeria,Case Processing Centre Ottawa,office,,1,,,IN_FAILED_GROUP,empty,agree
55,Family Class,Security Screening,Alaeria,Etobicoke,office,1,3,,,IN_FAILED_GROUP,agree,agree
55,Family Class,Security Screening,Alaeria,HM Niagara Falls,office,,3,,,IN_FAILED_GROUP,empty,agree
55,Family Class,Security Screening,Alaeria,Irregular Miaration BC,office,,1,,,IN_FAILED_GROUP,empty,agree
55,Family Class,Security Screening,Alaeria,London Enaland,office,,2,,,IN_FAILED_GROUP,empty,agree
55,Family Class,Security Screening,Alaeria,Manila,office,,1,,,IN_FAILED_GROUP,empty,agree
55,Family Class,Security Screening,Alaeria,Montreal Immiaration,office,,30,,,IN_FAILED_GROUP,empty,agree
55,Family Class,Security Screening,Alaeria,New York,office,,1,,,IN_FAILED_GROUP,empty,agree
55,Family Class,Security Screening,Alaeria,Paris,office,,67,,,IN_FAILED_GROUP,empty,agree
55,Family Class,Security Screening,Alaeria,Tunis,office,,2,,,IN_FAILED_GROUP,empty,agree
55,Family Class,Security Screening,Alaeria,Vancouver Immiaration,office,,2,,,IN_FAILED_GROUP,empty,agree
55,Family Class,Security Screening,Alaeria,Vienna,office,,2,,,IN_FAILED_GROUP,empty,agree
55,Family Class,Security Screening,Alaeria,Anaola,office,1,2,,,IN_FAILED_GROUP,agree,agree
55,Family Class,Security Screening,Alaeria,Case Processing Centre Mississauga,office,1,1,,,IN_FAILED_GROUP,agree,agree
55,Family Class,Security Screening,Alaeria,Paris,office,,1,,,IN_FAILED_GROUP,empty,agree
55,Family Class,Security Screening,Antigua and Barbuda,,citizenship,,3,0,2,MISMATCH,empty,agree
55,Family Class,Security Screening,Antigua and Barbuda,Case Processing Centre Mississauga,office,,1,,,IN_FAILED_GROUP,empty,agree
55,Family Class,Security Screening,Antigua and Barbuda,Edmonton IRCC,office,,,,,IN_FAILED_GROUP,empty,none
56,Family Class,Security Screening,Antigua and Barbuda,Etobicoke,office,,1,,,IN_FAILED_GROUP,empty,agree
56,Family Class,Security Screening,Ardentina,,citizenship,1,12,1,12,reconciled,agree,agree
56,Family Class,Security Screening,Ardentina,Case Processing Centre Mississauga,office,1,7,,,ok_group,agree,agree
56,Family Class,Security Screening,Ardentina,Hamilton,office,,1,,,ok_group,empty,agree
56,Family Class,Security Screening,Ardentina,London,office,,1,,,ok_group,empty,agree
56,Family Class,Security Screening,Ardentina,Mexico City,office,,1,,,ok_group,empty,agree
56,Family Class,Security Screening,Ardentina,Vancouver Immiaration,office,,2,,,ok_group,empty,agree
56,Family Class,Security Screening,Armenia,,citizenship,2,33,2,31,MISMATCH,agree,agree
56,Family Class,Security Screening,Armenia,Abu Dhabi,office,1,2,,,IN_FAILED_GROUP,agree,agree
56,Family Class,Security Screening,Armenia,Amman,office,,3,,,IN_FAILED_GROUP,empty,agree
56,Family Class,Security Screening,Armenia,Beirut,office,,2,,,IN_FAILED_GROUP,empty,agree
56,Family Class,Security Screening,Armenia,Case Processing Centre Mississauga,office,1,3,,,IN_FAILED_GROUP,agree,majority
56,Family Class,Security Screening,Armenia,London,office,,7,,,IN_FAILED_GROUP,empty,agree
56,Family Class,Security Screening,Armenia,London Enaland,office,,1,,,IN_FAILED_GROUP,empty,agree
56,Family Class,Security Screening,Armenia,Montreal Immiaration,office,,1,,,IN_FAILED_GROUP,empty,agree
56,Family Class,Security Screening,Armenia,Vancouver Immiaration,office,,2,,,IN_FAILED_GROUP,empty,agree
56,Family Class,Security Screening,Armenia,Warsaw,office,,10,,,IN_FAILED_GROUP,empty,agree
56,Family Class,Security Screening,Australia,,citizenship,3,18,2,18,MISMATCH,agree,agree
56,Family Class,Security Screening,Australia,Case Processing Centre Mississauga,office,2,12,,,IN_FAILED_GROUP,majority,agree
56,Family Class,Security Screening,Australia,Case Processing Centre Ottawa,office,,3,,,IN_FAILED_GROUP,empty,agree
56,Family Class,Security Screening,Australia,Etobicoke,office,,1,,,IN_FAILED_GROUP,empty,agree
56,Family Class,Security Screening,Australia,Sydney Australia,office,,2,,,IN_FAILED_GROUP,empty,agree
56,Family Class,Security Screening,Austria,,citizenship,,3,0,5,MISMATCH,empty,majority
56,Family Class,Security Screening,Austria,Case Processing Centre Mississauga,office,,1,,,IN_FAILED_GROUP,empty,agree
56,Family Class,Security Screening,Austria,Case Processing Centre Ottawa,office,,1,,,IN_FAILED_GROUP,empty,agree
56,Family Class,Security Screening,Austria,Etobicoke,office,,1,,,IN_FAILED_GROUP,empty,agree
56,Family Class,Security Screening,Austria,Vienna,office,,2,,,IN_FAILED_GROUP,empty,agree
56,Family Class,Security Screening,Azerbaiian,,citizenship,1,12,1,12,reconciled,agree,agree
56,Family Class,Security Screening,Azerbaiian,Ankara,office,,3,,,ok_group,empty,agree
56,Family Class,Security Screening,Azerbaiian,Case Processing Centre Mississauga,office,,4,,,ok_group,empty,agree
56,Family Class,Security Screening,Azerbaiian,DN West Virtual Team 1,office,,1,,,ok_group,empty,agree
56,Family Class,Security Screening,Azerbaiian,London,office,,2,,,ok_group,empty,agree
56,Family Class,Security Screening,Azerbaiian,London Enaland,office,,1,,,ok_group,empty,agree
56,Family Class,Security Screening,Azerbaiian,Montreal Immiaration,office,1,1,,,ok_group,agree,agree
56,Family Class,Security Screening,"Bahama Islands, The",,citizenship,,2,0,2,reconciled,empty,agree
56,Family Class,Security Screening,"Bahama Islands, The",Case Processing Centre Mississauga,office,,2,,,ok_group,empty,agree
56,Family Class,Security Screening,Bahrain,,citizenship,,2,0,2,reconciled,empty,agree
56,Family Class,Security Screening,Bahrain,Case Processing Centre Mississauga,office,,1,,,ok_group,empty,agree
56,Family Class,Security Screening,Bahrain,London Enaland,office,,1,,,ok_group,empty,agree
56,Family Class,Security Screening,Banadladesh,,citizenship,50,220,40,216,MISMATCH,majority,agree
56,Family Class,Security Screening,Banadladesh,Case Processing Centre Mississauga,office,33,106,,,IN_FAILED_GROUP,agree,agree
56,Family Class,Security Screening,Banadladesh,Case Processing Centre Ottawa,office,,3,,,IN_FAILED_GROUP,empty,majority
56,Family Class,Security Screening,Banadladesh,Edmonton IRCC,office,,1,,,IN_FAILED_GROUP,empty,agree
56,Family Class,Security Screening,Banadladesh,Etobicoke,office,,3,,,IN_FAILED_GROUP,empty,majority
56,Family Class,Security Screening,Banadladesh,HM Niagara Falls,office,,1,,,IN_FAILED_GROUP,empty,agree
56,Family Class,Security Screening,Banadladesh,Irregular Miaration BC,office,,1,,,IN_FAILED_GROUP,empty,agree
56,Family Class,Security Screening,Banadladesh,Kitchener,office,,2,,,IN_FAILED_GROUP,empty,agree
56,Family Class,Security Screening,Banadladesh,London,office,,21,,,IN_FAILED_GROUP,empty,agree
56,Family Class,Security Screening,Banadladesh,London Enaland,office,,3,,,IN_FAILED_GROUP,empty,agree
56,Family Class,Security Screening,Banadladesh,Montreal Immiaration,office,,6,,,IN_FAILED_GROUP,empty,agree
56,Family Class,Security Screening,Banadladesh,New York,office,,2,,,IN_FAILED_GROUP,empty,agree
56,Family Class,Security Screening,Banadladesh,Niagara Falls IRCC,office,,1,,,IN_FAILED_GROUP,empty,agree
56,Family Class,Security Screening,Banadladesh,Paris,office,,1,,,IN_FAILED_GROUP,empty,agree
56,Family Class,Security Screening,Banadladesh,Singapore,office,7,52,,,IN_FAILED_GROUP,majority,agree
56,Family Class,Security Screening,Banadladesh,Vancouver Immiaration,office,,12,,,IN_FAILED_GROUP,empty,agree
56,Family Class,Security Screening,Banadladesh,Vienna,office,,1,,,IN_FAILED_GROUP,empty,agree
56,Family Class,Security Screening,Barbados,,citizenship,2,11,2,9,MISMATCH,agree,agree
56,Family Class,Security Screening,Barbados,Case Processing Centre Mississauga,office,1,3,,,IN_FAILED_GROUP,agree,majority
56,Family Class,Security Screening,Barbados,Etobicoke,office,,1,,,IN_FAILED_GROUP,empty,agree
56,Family Class,Security Screening,Barbados,HM Montreal,office,1,1,,,IN_FAILED_GROUP,agree,agree
56,Family Class,Security Screening,Barbados,Irregular Miaration BC,office,,1,,,IN_FAILED_GROUP,empty,agree
56,Family Class,Security Screening,Barbados,Kitchener,office,,1,,,IN_FAILED_GROUP,empty,agree
56,Family Class,Security Screening,Barbados,Mexico City,office,,1,,,IN_FAILED_GROUP,empty,agree
56,Family Class,Security Screening,Barbados,Niagara Falls IRCC,office,,1,,,IN_FAILED_GROUP,empty,agree
56,Family Class,Security Screening,Belarus,,citizenship,6,31,4,29,MISMATCH,agree,agree
56,Family Class,Security Screening,Belarus,Case Processing Centre Mississauga,office,3,12,,,IN_FAILED_GROUP,agree,agree
56,Family Class,Security Screening,Belarus,Honda Kona,office,,2,,,IN_FAILED_GROUP,empty,agree
56,Family Class,Security Screening,Belarus,London,office,,3,,,IN_FAILED_GROUP,empty,majority
56,Family Class,Security Screening,Belarus,Montreal Immiaration,office,,6,,,IN_FAILED_GROUP,empty,agree
56,Family Class,Security Screening,Belarus,Vancouver Immiaration,office,,2,,,IN_FAILED_GROUP,empty,agree
56,Family Class,Security Screening,Belarus,Warsaw,office,1,4,,,IN_FAILED_GROUP,agree,agree
56,Family Class,Security Screening,Beldium,,citizenship,1,9,1,7,MISMATCH,agree,agree
56,Family Class,Security Screening,Beldium,Case Processing Centre Mississauga,office,,3,,,IN_FAILED_GROUP,empty,agree
56,Family Class,Security Screening,Beldium,Etobicoke,office,,1,,,IN_FAILED_GROUP,empty,agree
56,Family Class,Security Screening,Beldium,Paris,office,1,3,,,IN_FAILED_GROUP,agree,majority
56,Family Class,Security Screening,Bolivia,,citizenship,,2,0,2,reconciled,empty,agree
56,Family Class,Security Screening,Bolivia,Case Processing Centre Mississauga,office,,1,,,ok_group,empty,agree
56,Family Class,Security Screening,Bolivia,London,office,,1,,,ok_group,empty,agree
56,Family Class,Security Screening,Bosnia-Herceqovina,,citizenship,1,14,1,14,reconciled,agree,agree
56,Family Class,Security Screening,Bosnia-Herceqovina,Case Processing Centre Mississauga,office,,4,,,ok_group,empty,agree
56,Family Class,Security Screening,Bosnia-Herceqovina,Irregular Miaration BC,office,,1,,,ok_group,empty,agree
56,Family Class,Security Screening,Bosnia-Herceqovina,London,office,,1,,,ok_group,empty,agree
56,Family Class,Security Screening,Bosnia-Herceqovina,Montreal Immiaration,office,,3,,,ok_group,empty,agree
56,Family Class,Security Screening,Bosnia-Herceqovina,Vancouver Immiaration,office,,1,,,ok_group,empty,agree
56,Family Class,Security Screening,Bosnia-Herceqovina,Vienna,office,1,4,,,ok_group,agree,agree
56,Family Class,Security Screening,"Botswana, Republic of",,citizenship,,3,0,3,reconciled,empty,agree
56,Family Class,Security Screening,"Botswana, Republic of",Case Processing Centre Mississauga,office,,3,,,ok_group,empty,agree
56,Family Class,Security Screening,Brazil,,citizenship,8,110,8,110,reconciled,agree,agree
56,Family Class,Security Screening,Brazil,Beirut,office,,2,,,ok_group,empty,agree
56,Family Class,Security Screening,Brazil,Case Processing Centre Mississauga,office,7,39,,,ok_group,agree,agree
56,Family Class,Security Screening,Brazil,Case Processing Centre Ottawa,office,,1,,,ok_group,empty,agree
56,Family Class,Security Screening,Brazil,Etobicoke,office,,6,,,ok_group,empty,agree
56,Family Class,Security Screening,Brazil,HM-New Ineliaibility,office,,1,,,ok_group,empty,agree
56,Family Class,Security Screening,Brazil,Irregular Miaration BC,office,,6,,,ok_group,empty,agree
56,Family Class,Security Screening,Brazil,London,office,,17,,,ok_group,empty,agree
56,Family Class,Security Screening,Brazil,Mexico City,office,,18,,,ok_group,empty,agree
56,Family Class,Security Screening,Brazil,Montreal Immiaration,office,,6,,,ok_group,empty,agree
56,Family Class,Security Screening,Brazil,Niagara Falls IRCC,office,,1,,,ok_group,empty,agree
56,Family Class,Security Screening,Brazil,Paris,office,1,1,,,ok_group,agree,agree
56,Family Class,Security Screening,Brazil,Sao Paulo,office,,2,,,ok_group,empty,agree
56,Family Class,Security Screening,Brazil,Vancouver Immiaration,office,,10,,,ok_group,empty,agree
56,Family Class,Security Screening,Bulaaria,,citizenship,4,15,3,15,MISMATCH,agree,agree
56,Family Class,Security Screening,Bulaaria,Case Processing Centre Mississauga,office,2,7,,,IN_FAILED_GROUP,majority,agree
56,Family Class,Security Screening,Bulaaria,London Enaland,office,,1,,,IN_FAILED_GROUP,empty,agree
56,Family Class,Security Screening,Bulaaria,Montreal Immiaration,office,,1,,,IN_FAILED_GROUP,empty,agree
56,Family Class,Security Screening,Bulaaria,Paris,office,1,6,,,IN_FAILED_GROUP,agree,agree
56,Family Class,Security Screening,Burkina-Faso,,citizenship,,24,8,24,MISMATCH,none,agree
56,Family Class,Security Screening,Burkina-Faso,Case Processing Centre Mississauga,office,8,12,,,IN_FAILED_GROUP,agree,agree
56,Family Class,Security Screening,Burkina-Faso,Dakar,office,,10,,,IN_FAILED_GROUP,empty,agree
56,Family Class,Security Screening,Burkina-Faso,New York,office,,1,,,IN_FAILED_GROUP,empty,agree
56,Family Class,Security Screening,Burkina-Faso,Paris,office,,1,,,IN_FAILED_GROUP,empty,agree
56,Family Class,Security Screening,Burundi,,citizenship,3,24,3,20,MISMATCH,agree,agree
56,Family Class,Security Screening,Burundi,Beiiina,office,,1,,,IN_FAILED_GROUP,empty,agree
56,Family Class,Security Screening,Burundi,Case Processing Centre Mississauga,office,2,3,,,IN_FAILED_GROUP,agree,majority
56,Family Class,Security Screening,Burundi,Dar-Es-Salaam,office,,7,,,IN_FAILED_GROUP,empty,agree
56,Family Class,Security Screening,Burundi,Montreal Immiaration,office,,1,,,IN_FAILED_GROUP,empty,agree
56,Family Class,Security Screening,Burundi,Nairobi,office,,2,,,IN_FAILED_GROUP,empty,agree
56,Family Class,Security Screening,Burundi,Ottawa IR,office,,1,,,IN_FAILED_GROUP,empty,agree
56,Family Class,Security Screening,Burundi,Paris,office,,1,,,IN_FAILED_GROUP,empty,agree
56,Family Class,Security Screening,Burundi,Vancouver Immiaration,office,,3,,,IN_FAILED_GROUP,empty,majority
56,Family Class,Security Screening,Burundi,Warsaw,office,1,1,,,IN_FAILED_GROUP,agree,agree
56,Family Class,Security Screening,Cambodia,,citizenship,3,13,3,11,MISMATCH,agree,agree
56,Family Class,Security Screening,Cambodia,Case Processing Centre Mississauga,office,2,2,,,IN_FAILED_GROUP,agree,agree
56,Family Class,Security Screening,Cambodia,Montreal Immiaration,office,,2,,,IN_FAILED_GROUP,empty,agree
56,Family Class,Security Screening,Cambodia,Singapore,office,1,3,,,IN_FAILED_GROUP,agree,majority
56,Family Class,Security Screening,Cambodia,Vancouver Immiaration,office,,4,,,IN_FAILED_GROUP,empty,agree
56,Family Class,Security Screening,Central African Republic,,citizenship,,1,0,1,reconciled,empty,agree
56,Family Class,Security Screening,Central African Republic,Case Processing Centre Mississauga,office,,1,,,ok_group,empty,agree
56,Family Class,Security Screening,"Chad, Republic of",,citizenship,,8,0,8,reconciled,empty,agree
56,Family Class,Security Screening,"Chad, Republic of",Case Processing Centre Mississauga,office,,1,,,ok_group,empty,agree
56,Family Class,Security Screening,"Chad, Republic of",Dakar,office,,6,,,ok_group,empty,agree
56,Family Class,Security Screening,"Chad, Republic of",London Enaland,office,,1,,,ok_group,empty,agree
56,Family Class,Security Screening,Chile,,citizenship,2,18,2,18,reconciled,agree,agree
56,Family Class,Security Screening,Chile,Case Processing Centre Mississauga,office,1,11,,,ok_group,agree,agree
56,Family Class,Security Screening,Chile,Etobicoke,office,1,1,,,ok_group,agree,agree
56,Family Class,Security Screening,Chile,Irregular Miaration BC,office,,2,,,ok_group,empty,agree
56,Family Class,Security Screening,Chile,Mexico City,office,,3,,,ok_group,empty,agree
56,Family Class,Security Screening,Chile,Ottawa IR,office,,1,,,ok_group,empty,agree
56,Family Class,Security Screening,Colombia,,citizenship,2,154,22,150,MISMATCH,majority,agree
56,Family Class,Security Screening,Colombia,Beirut,office,,1,,,IN_FAILED_GROUP,empty,agree
56,Family Class,Security Screening,Colombia,Bogota,office,6,38,,,IN_FAILED_GROUP,agree,agree
56,Family Class,Security Screening,Colombia,Case Processing Centre Mississauga,office,15,46,,,IN_FAILED_GROUP,majority,agree
56,Family Class,Security Screening,Colombia,Case Processing Centre Ottawa,office,,1,,,IN_FAILED_GROUP,empty,agree
56,Family Class,Security Screening,Colombia,Etobicoke,office,,12,,,IN_FAILED_GROUP,empty,agree
56,Family Class,Security Screening,Colombia,HM-New Ineliaibility,office,,1,,,IN_FAILED_GROUP,empty,agree
56,Family Class,Security Screening,Colombia,Irregular Miaration BC,office,,2,,,IN_FAILED_GROUP,empty,agree
56,Family Class,Security Screening,Colombia,London,office,,,,,IN_FAILED_GROUP,empty,none
57,Family Class,Security Screening,Colombia,Mexico City,office,,3,,,IN_FAILED_GROUP,empty,agree
57,Family Class,Security Screening,Colombia,Montreal Immiaration,office,1,22,,,IN_FAILED_GROUP,agree,agree
57,Family Class,Security Screening,Colombia,New York,office,,2,,,IN_FAILED_GROUP,empty,agree
57,Family Class,Security Screening,Colombia,Ottawa IR,office,,3,,,IN_FAILED_GROUP,empty,agree
57,Family Class,Security Screening,Colombia,Vancouver Immiaration,office,,19,,,IN_FAILED_GROUP,empty,agree
57,Family Class,Security Screening,Comoros,,citizenship,,1,0,1,reconciled,empty,agree
57,Family Class,Security Screening,Comoros,London Enaland,office,,1,,,ok_group,empty,agree
57,Family Class,Security Screening,"Condo, Democratic Republic of the",,citizenship,3,42,5,40,MISMATCH,majority,agree
57,Family Class,Security Screening,"Condo, Democratic Republic of the",Case Processing Centre Mississauga,office,,3,,,IN_FAILED_GROUP,empty,majority
57,Family Class,Security Screening,"Condo, Democratic Republic of the",Dakar,office,,11,,,IN_FAILED_GROUP,empty,agree
57,Family Class,Security Screening,"Condo, Democratic Republic of the",Etobicoke,office,,2,,,IN_FAILED_GROUP,empty,agree
57,Family Class,Security Screening,"Condo, Democratic Republic of the",Irregular Miaration BC,office,,2,,,IN_FAILED_GROUP,empty,agree
57,Family Class,Security Screening,"Condo, Democratic Republic of the",Montreal Immiaration,office,,6,,,IN_FAILED_GROUP,empty,agree
57,Family Class,Security Screening,"Condo, Democratic Republic of the",Nairobi,office,4,6,,,IN_FAILED_GROUP,agree,agree
57,Family Class,Security Screening,"Condo, Democratic Republic of the",New York,office,,3,,,IN_FAILED_GROUP,empty,agree
57,Family Class,Security Screening,"Condo, Democratic Republic of the",Paris,office,,3,,,IN_FAILED_GROUP,empty,agree
57,Family Class,Security Screening,"Condo, Democratic Republic of the",Pretoria,office,,3,,,IN_FAILED_GROUP,empty,agree
57,Family Class,Security Screening,"Condo, Democratic Republic of the",Vienna,office,1,1,,,IN_FAILED_GROUP,agree,agree
57,Family Class,Security Screening,"Condo, People's Republic of the",,citizenship,1,22,1,22,reconciled,agree,agree
57,Family Class,Security Screening,"Condo, People's Republic of the",Case Processing Centre Mississauga,office,1,7,,,ok_group,agree,agree
57,Family Class,Security Screening,"Condo, People's Republic of the",Dakar,office,,9,,,ok_group,empty,agree
57,Family Class,Security Screening,"Condo, People's Republic of the",Edmonton IRCC,office,,1,,,ok_group,empty,agree
57,Family Class,Security Screening,"Condo, People's Republic of the",Paris,office,,3,,,ok_group,empty,agree
57,Family Class,Security Screening,"Condo, People's Republic of the",Pretoria,office,,1,,,ok_group,empty,agree
57,Family Class,Security Screening,"Condo, People's Republic of the",Whitehorse IRCC,office,,1,,,ok_group,empty,agree
57,Family Class,Security Screening,Costa Rica,,citizenship,1,10,1,10,reconciled,agree,agree
57,Family Class,Security Screening,Costa Rica,Case Processing Centre Mississauga,office,,3,,,ok_group,empty,agree
57,Family Class,Security Screening,Costa Rica,Etobicoke,office,1,4,,,ok_group,agree,agree
57,Family Class,Security Screening,Costa Rica,Mexico City,office,,3,,,ok_group,empty,agree
57,Family Class,Security Screening,Croatia,,citizenship,2,21,2,21,reconciled,agree,agree
57,Family Class,Security Screening,Croatia,Calaary Citizenship and Immiaration Canada,office,,1,,,ok_group,empty,agree
57,Family Class,Security Screening,Croatia,Case Processing Centre Mississauga,office,2,12,,,ok_group,agree,agree
57,Family Class,Security Screening,Croatia,Case Processing Centre Ottawa,office,,1,,,ok_group,empty,agree
57,Family Class,Security Screening,Croatia,Etobicoke,office,,1,,,ok_group,empty,agree
57,Family Class,Security Screening,Croatia,Hamilton,office,,2,,,ok_group,empty,agree
57,Family Class,Security Screening,Croatia,Irregular Miaration BC,office,,2,,,ok_group,empty,agree
57,Family Class,Security Screening,Croatia,Montreal Immiaration,office,,2,,,ok_group,empty,agree
57,Family Class,Security Screening,Cuba,,citizenship,18,12,8,55,MISMATCH,agree,majority
57,Family Class,Security Screening,Cuba,Beiiina,office,,3,,,IN_FAILED_GROUP,empty,agree
57,Family Class,Security Screening,Cuba,Bogota,office,,1,,,IN_FAILED_GROUP,empty,agree
57,Family Class,Security Screening,Cuba,Case Processing Centre Mississauga,office,7,15,,,IN_FAILED_GROUP,agree,agree
57,Family Class,Security Screening,Cuba,Case Processing Centre Ottawa,office,,1,,,IN_FAILED_GROUP,empty,agree
57,Family Class,Security Screening,Cuba,Edmonton IRCC,office,,1,,,IN_FAILED_GROUP,empty,agree
57,Family Class,Security Screening,Cuba,Etobicoke,office,,1,,,IN_FAILED_GROUP,empty,agree
57,Family Class,Security Screening,Cuba,HM Niagara Falls,office,,2,,,IN_FAILED_GROUP,empty,agree
57,Family Class,Security Screening,Cuba,London,office,,11,,,IN_FAILED_GROUP,empty,agree
57,Family Class,Security Screening,Cuba,Mexico City,office,1,7,,,IN_FAILED_GROUP,agree,majority
57,Family Class,Security Screening,Cuba,Montreal Immiaration,office,,3,,,IN_FAILED_GROUP,empty,agree
57,Family Class,Security Screening,Cuba,New York,office,,2,,,IN_FAILED_GROUP,empty,agree
57,Family Class,Security Screening,Cuba,Ottawa IR,office,,3,,,IN_FAILED_GROUP,empty,majority
57,Family Class,Security Screening,Cuba,Sao Paulo,office,,1,,,IN_FAILED_GROUP,empty,agree
57,Family Class,Security Screening,Cuba,Vancouver Immiaration,office,,3,,,IN_FAILED_GROUP,empty,agree
57,Family Class,Security Screening,Cuba,Warsaw,office,,1,,,IN_FAILED_GROUP,empty,agree
57,Family Class,Security Screening,Cyprus,,citizenship,,4,0,4,reconciled,empty,agree
57,Family Class,Security Screening,Cyprus,Ankara,office,,1,,,ok_group,empty,agree
57,Family Class,Security Screening,Cyprus,Case Processing Centre Mississauga,office,,3,,,ok_group,empty,agree
57,Family Class,Security Screening,Czech Republic,,citizenship,,4,0,4,reconciled,empty,agree
57,Family Class,Security Screening,Czech Republic,Case Processing Centre Mississauga,office,,4,,,ok_group,empty,agree
57,Family Class,Security Screening,Democratic Republic of Sudan,,citizenship,2,66,2,66,reconciled,agree,agree
57,Family Class,Security Screening,Democratic Republic of Sudan,Abu Dhabi,office,1,1,,,ok_group,agree,agree
57,Family Class,Security Screening,Democratic Republic of Sudan,Cairo,office,,1,,,ok_group,empty,agree
57,Family Class,Security Screening,Democratic Republic of Sudan,Case Processing Centre Mississauga,office,1,3,,,ok_group,agree,agree
57,Family Class,Security Screening,Democratic Republic of Sudan,Etobicoke,office,,2,,,ok_group,empty,agree
57,Family Class,Security Screening,Democratic Republic of Sudan,HM Niagara Falls,office,,2,,,ok_group,empty,agree
57,Family Class,Security Screening,Democratic Republic of Sudan,Irregular Miaration BC,office,,1,,,ok_group,empty,agree
57,Family Class,Security Screening,Democratic Republic of Sudan,London,office,,4,,,ok_group,empty,agree
57,Family Class,Security Screening,Democratic Republic of Sudan,London Enaland,office,,6,,,ok_group,empty,agree
57,Family Class,Security Screening,Democratic Republic of Sudan,Montreal Immiaration,office,,7,,,ok_group,empty,agree
57,Family Class,Security Screening,Democratic Republic of Sudan,Nairobi,office,,1,,,ok_group,empty,agree
57,Family Class,Security Screening,Democratic Republic of Sudan,New York,office,,1,,,ok_group,empty,agree
57,Family Class,Security Screening,Democratic Republic of Sudan,Paris,office,,1,,,ok_group,empty,agree
57,Family Class,Security Screening,Democratic Republic of Sudan,Rome,office,,29,,,ok_group,empty,agree
57,Family Class,Security Screening,Democratic Republic of Sudan,Vancouver Immiaration,office,,3,,,ok_group,empty,agree
57,Family Class,Security Screening,Democratic Republic of Sudan,Vienna,office,,4,,,ok_group,empty,agree
57,Family Class,Security Screening,Denmark,,citizenship,,3,0,5,MISMATCH,empty,majority
57,Family Class,Security Screening,Denmark,Case Processing Centre Mississauga,office,,4,,,IN_FAILED_GROUP,empty,agree
57,Family Class,Security Screening,Denmark,Irregular Miaration BC,office,,1,,,IN_FAILED_GROUP,empty,agree
57,Family Class,Security Screening,Dominican Republic,,citizenship,4,25,4,25,reconciled,agree,agree
57,Family Class,Security Screening,Dominican Republic,Case Processing Centre Mississauga,office,2,7,,,ok_group,agree,agree
57,Family Class,Security Screening,Dominican Republic,Etobicoke,office,1,2,,,ok_group,agree,agree
57,Family Class,Security Screening,Dominican Republic,London,office,,1,,,ok_group,empty,agree
57,Family Class,Security Screening,Dominican Republic,Mexico City,office,1,10,,,ok_group,agree,agree
57,Family Class,Security Screening,Dominican Republic,Montreal Immiaration,office,,4,,,ok_group,empty,agree
57,Family Class,Security Screening,Dominican Republic,Vancouver Immiaration,office,,1,,,ok_group,empty,agree
57,Family Class,Security Screening,"East Timor, Democratic Republic of",,citizenship,,1,0,1,reconciled,empty,agree
57,Family Class,Security Screening,"East Timor, Democratic Republic of",Singapore,office,,1,,,ok_group,empty,agree
57,Family Class,Security Screening,Ecuador,,citizenship,4,28,18,236,MISMATCH,agree,agree
57,Family Class,Security Screening,Ecuador,Case Processing Centre Mississauga,office,4,11,,,IN_FAILED_GROUP,agree,agree
57,Family Class,Security Screening,Ecuador,Etobicoke,office,,4,,,IN_FAILED_GROUP,empty,agree
57,Family Class,Security Screening,Ecuador,London,office,,2,,,IN_FAILED_GROUP,empty,agree
57,Family Class,Security Screening,Ecuador,Mexico City,office,,7,,,IN_FAILED_GROUP,empty,agree
57,Family Class,Security Screening,Ecuador,Montreal Immiaration,office,,2,,,IN_FAILED_GROUP,empty,agree
57,Family Class,Security Screening,Ecuador,Shanghai,office,,1,,,IN_FAILED_GROUP,empty,agree
57,Family Class,Security Screening,Ecuador,Windsor,office,,1,,,IN_FAILED_GROUP,empty,agree
57,Family Class,Security Screening,Ecuador,Eaypt,office,2,19,,,IN_FAILED_GROUP,majority,majority
57,Family Class,Security Screening,Ecuador,Abu Dhabi,office,2,2,,,IN_FAILED_GROUP,agree,agree
57,Family Class,Security Screening,Ecuador,Ankara,office,,1,,,IN_FAILED_GROUP,empty,agree
57,Family Class,Security Screening,Ecuador,Beiiina,office,,2,,,IN_FAILED_GROUP,empty,agree
57,Family Class,Security Screening,Ecuador,Beirut,office,,1,,,IN_FAILED_GROUP,empty,agree
57,Family Class,Security Screening,Ecuador,Cairo,office,8,33,,,IN_FAILED_GROUP,agree,agree
57,Family Class,Security Screening,Ecuador,Calaary Citizenship and Immiaration Canada,office,,1,,,IN_FAILED_GROUP,empty,agree
57,Family Class,Security Screening,Ecuador,Case Processing Centre Mississauga,office,1,85,,,IN_FAILED_GROUP,agree,agree
57,Family Class,Security Screening,Ecuador,Case Processing Centre Ottawa,office,,9,,,IN_FAILED_GROUP,empty,agree
57,Family Class,Security Screening,Ecuador,Etobicoke,office,,9,,,IN_FAILED_GROUP,empty,agree
57,Family Class,Security Screening,Ecuador,International RO,office,,1,,,IN_FAILED_GROUP,empty,agree
57,Family Class,Security Screening,Ecuador,Irregular Miaration BC,office,,1,,,IN_FAILED_GROUP,empty,agree
57,Family Class,Security Screening,Ecuador,London,office,,3,,,IN_FAILED_GROUP,empty,agree
57,Family Class,Security Screening,Ecuador,London Enaland,office,,12,,,IN_FAILED_GROUP,empty,agree
57,Family Class,Security Screening,Ecuador,Los Angeles,office,,2,,,IN_FAILED_GROUP,empty,agree
57,Family Class,Security Screening,Ecuador,Montreal Immiaration,office,,6,,,IN_FAILED_GROUP,empty,agree
57,Family Class,Security Screening,Ecuador,New York,office,,1,,,IN_FAILED_GROUP,empty,agree
57,Family Class,Security Screening,Ecuador,Ottawa IR,office,,3,,,IN_FAILED_GROUP,empty,majority
57,Family Class,Security Screening,Ecuador,Paris,office,1,1,,,IN_FAILED_GROUP,agree,agree
57,Family Class,Security Screening,Ecuador,Vancouver Immiaration,office,,12,,,IN_FAILED_GROUP,empty,agree
57,Family Class,Security Screening,Ecuador,Vienna,office,,3,,,IN_FAILED_GROUP,empty,agree
57,Family Class,Security Screening,Ecuador,Windsor,office,,1,,,IN_FAILED_GROUP,empty,agree
57,Family Class,Security Screening,El Salvador,,citizenship,4,32,4,32,reconciled,agree,agree
57,Family Class,Security Screening,El Salvador,Case Processing Centre Mississauga,office,2,15,,,ok_group,agree,agree
57,Family Class,Security Screening,El Salvador,London,office,,4,,,ok_group,empty,agree
57,Family Class,Security Screening,El Salvador,Mexico City,office,2,8,,,ok_group,agree,agree
57,Family Class,Security Screening,El Salvador,Montreal Immiaration,office,,3,,,ok_group,empty,agree
57,Family Class,Security Screening,El Salvador,Vancouver Immiaration,office,,1,,,ok_group,empty,agree
57,Family Class,Security Screening,El Salvador,Windsor,office,,1,,,ok_group,empty,agree
57,Family Class,Security Screening,Eritrea,,citizenship,22,123,20,125,MISMATCH,agree,majority
57,Family Class,Security Screening,Eritrea,Abu Dhabi,office,1,2,,,IN_FAILED_GROUP,agree,agree
57,Family Class,Security Screening,Eritrea,Beiiina,office,,1,,,IN_FAILED_GROUP,empty,agree
57,Family Class,Security Screening,Eritrea,Cairo,office,,6,,,IN_FAILED_GROUP,empty,agree
57,Family Class,Security Screening,Eritrea,Case Processing Centre Mississauga,office,1,4,,,IN_FAILED_GROUP,agree,agree
57,Family Class,Security Screening,Eritrea,Dar-Es-Salaam,office,3,18,,,IN_FAILED_GROUP,agree,agree
57,Family Class,Security Screening,Eritrea,Etobicoke,office,,1,,,IN_FAILED_GROUP,empty,agree
57,Family Class,Security Screening,Eritrea,London Enaland,office,,9,,,IN_FAILED_GROUP,empty,agree
57,Family Class,Security Screening,Eritrea,Nairobi,office,10,46,,,IN_FAILED_GROUP,agree,agree
57,Family Class,Security Screening,Eritrea,New York,office,,1,,,IN_FAILED_GROUP,empty,agree
57,Family Class,Security Screening,Eritrea,Paris,office,3,9,,,IN_FAILED_GROUP,agree,agree
57,Family Class,Security Screening,Eritrea,Pretoria,office,1,11,,,IN_FAILED_GROUP,agree,agree
57,Family Class,Security Screening,Eritrea,Rome,office,,3,,,IN_FAILED_GROUP,empty,agree
57,Family Class,Security Screening,Eritrea,Vancouver Immiaration,office,,2,,,IN_FAILED_GROUP,empty,agree
57,Family Class,Security Screening,Eritrea,Vienna,office,1,10,,,IN_FAILED_GROUP,agree,agree
57,Family Class,Security Screening,Eritrea,Estonia,office,,1,,,IN_FAILED_GROUP,empty,agree
57,Family Class,Security Screening,Eritrea,Case Processing Centre Mississauga,office,,1,,,IN_FAILED_GROUP,empty,agree
57,Family Class,Security Screening,Ethiopia,,citizenship,16,106,46,102,MISMATCH,agree,agree
57,Family Class,Security Screening,Ethiopia,Cairo,office,,1,,,IN_FAILED_GROUP,empty,agree
57,Family Class,Security Screening,Ethiopia,Case Processing Centre Mississauga,office,1,9,,,IN_FAILED_GROUP,agree,agree
57,Family Class,Security Screening,Ethiopia,Dar-Es-Salaam,office,,4,,,IN_FAILED_GROUP,empty,agree
57,Family Class,Security Screening,Ethiopia,DN West Virtual Team 1,office,,1,,,IN_FAILED_GROUP,empty,agree
57,Family Class,Security Screening,Ethiopia,Etobicoke,office,,4,,,IN_FAILED_GROUP,empty,agree
57,Family Class,Security Screening,Ethiopia,London Enaland,office,,,,,IN_FAILED_GROUP,empty,none
58,Family Class,Security Screening,Ethiopia,Nairobi,office,43,65,,,IN_FAILED_GROUP,majority,agree
58,Family Class,Security Screening,Ethiopia,Ottawa,office,,1,,,IN_FAILED_GROUP,empty,agree
58,Family Class,Security Screening,Ethiopia,Paris,office,1,1,,,IN_FAILED_GROUP,agree,agree
58,Family Class,Security Screening,Ethiopia,Pretoria,office,1,8,,,IN_FAILED_GROUP,agree,agree
58,Family Class,Security Screening,Ethiopia,Vancouver Immiaration,office,,6,,,IN_FAILED_GROUP,empty,agree
58,Family Class,Security Screening,Ethiopia,Vienna,office,,2,,,IN_FAILED_GROUP,empty,agree
58,Family Class,Security Screening,Federal Republic of Cameroon,,citizenship,200,123,20,121,MISMATCH,majority,majority
58,Family Class,Security Screening,Federal Republic of Cameroon,Calaary Citizenship and Immiaration Canada,office,,1,,,IN_FAILED_GROUP,empty,agree
58,Family Class,Security Screening,Federal Republic of Cameroon,Case Processing Centre Mississauga,office,19,35,,,IN_FAILED_GROUP,agree,majority
58,Family Class,Security Screening,Federal Republic of Cameroon,Dakar,office,,60,,,IN_FAILED_GROUP,empty,agree
58,Family Class,Security Screening,Federal Republic of Cameroon,DN West Virtual Team 1,office,,2,,,IN_FAILED_GROUP,empty,agree
58,Family Class,Security Screening,Federal Republic of Cameroon,Edmonton IRCC,office,,1,,,IN_FAILED_GROUP,empty,agree
58,Family Class,Security Screening,Federal Republic of Cameroon,HM Niagara Falls,office,,1,,,IN_FAILED_GROUP,empty,agree
58,Family Class,Security Screening,Federal Republic of Cameroon,HM-New Ineliaibility,office,,1,,,IN_FAILED_GROUP,empty,agree
58,Family Class,Security Screening,Federal Republic of Cameroon,Irregular Miaration BC,office,,1,,,IN_FAILED_GROUP,empty,agree
58,Family Class,Security Screening,Federal Republic of Cameroon,London,office,,2,,,IN_FAILED_GROUP,empty,agree
58,Family Class,Security Screening,Federal Republic of Cameroon,Montreal Immiaration,office,,13,,,IN_FAILED_GROUP,empty,agree
58,Family Class,Security Screening,Federal Republic of Cameroon,Paris,office,,1,,,IN_FAILED_GROUP,empty,agree
58,Family Class,Security Screening,Federal Republic of Cameroon,Vancouver Immiaration,office,1,3,,,IN_FAILED_GROUP,agree,majority
58,Family Class,Security Screening,Federal Republic of Germany,,citizenship,4,32,4,32,reconciled,agree,agree
58,Family Class,Security Screening,Federal Republic of Germany,Amman,office,,1,,,ok_group,empty,agree
58,Family Class,Security Screening,Federal Republic of Germany,Case Processing Centre Mississauga,office,4,22,,,ok_group,agree,agree
58,Family Class,Security Screening,Federal Republic of Germany,Case Processing Centre Ottawa,office,,1,,,ok_group,empty,agree
58,Family Class,Security Screening,Federal Republic of Germany,Irregular Miaration BC,office,,1,,,ok_group,empty,agree
58,Family Class,Security Screening,Federal Republic of Germany,London,office,,1,,,ok_group,empty,agree
58,Family Class,Security Screening,Federal Republic of Germany,Mexico City,office,,2,,,ok_group,empty,agree
58,Family Class,Security Screening,Federal Republic of Germany,Vienna,office,,4,,,ok_group,empty,agree
58,Family Class,Security Screening,Fiii,,citizenship,,1,0,1,reconciled,empty,agree
58,Family Class,Security Screening,Fiii,Etobicoke,office,,1,,,ok_group,empty,agree
58,Family Class,Security Screening,Finland,,citizenship,1,2,1,2,reconciled,agree,agree
58,Family Class,Security Screening,Finland,Case Processing Centre Mississauga,office,1,1,,,ok_group,agree,agree
58,Family Class,Security Screening,Finland,Vancouver Immiaration,office,,1,,,ok_group,empty,agree
58,Family Class,Security Screening,France,,citizenship,,43,9,43,MISMATCH,none,majority
58,Family Class,Security Screening,France,Amman,office,,1,,,IN_FAILED_GROUP,empty,agree
58,Family Class,Security Screening,France,Case Processing Centre Mississauga,office,7,24,,,IN_FAILED_GROUP,agree,agree
58,Family Class,Security Screening,France,Case Processing Centre Ottawa,office,,2,,,IN_FAILED_GROUP,empty,agree
58,Family Class,Security Screening,France,Irregular Miaration BC,office,,2,,,IN_FAILED_GROUP,empty,agree
58,Family Class,Security Screening,France,London,office,,2,,,IN_FAILED_GROUP,empty,agree
58,Family Class,Security Screening,France,London Enaland,office,,1,,,IN_FAILED_GROUP,empty,agree
58,Family Class,Security Screening,France,Mexico City,office,1,1,,,IN_FAILED_GROUP,agree,agree
58,Family Class,Security Screening,France,Montreal Immiaration,office,,6,,,IN_FAILED_GROUP,empty,agree
58,Family Class,Security Screening,France,Paris,office,1,3,,,IN_FAILED_GROUP,agree,agree
58,Family Class,Security Screening,France,Vancouver Immiaration,office,,1,,,IN_FAILED_GROUP,empty,agree
58,Family Class,Security Screening,Gabon Republic,,citizenship,,6,0,6,reconciled,empty,agree
58,Family Class,Security Screening,Gabon Republic,Dakar,office,,2,,,ok_group,empty,agree
58,Family Class,Security Screening,Gabon Republic,London Enaland,office,,1,,,ok_group,empty,agree
58,Family Class,Security Screening,Gabon Republic,Montreal Immiaration,office,,3,,,ok_group,empty,agree
58,Family Class,Security Screening,Gambia,,citizenship,,3,0,5,MISMATCH,empty,majority
58,Family Class,Security Screening,Gambia,Dakar,office,,2,,,IN_FAILED_GROUP,empty,agree
58,Family Class,Security Screening,Gambia,Etobicoke,office,,1,,,IN_FAILED_GROUP,empty,agree
58,Family Class,Security Screening,Gambia,Matching Centre,office,,1,,,IN_FAILED_GROUP,empty,agree
58,Family Class,Security Screening,Gambia,Rome,office,,1,,,IN_FAILED_GROUP,empty,agree
58,Family Class,Security Screening,Georagia,,citizenship,3,18,2,18,MISMATCH,agree,agree
58,Family Class,Security Screening,Georagia,Ankara,office,,2,,,IN_FAILED_GROUP,empty,agree
58,Family Class,Security Screening,Georagia,Case Processing Centre Mississauga,office,2,12,,,IN_FAILED_GROUP,majority,agree
58,Family Class,Security Screening,Georagia,DN West Virtual Team 1,office,,1,,,IN_FAILED_GROUP,empty,agree
58,Family Class,Security Screening,Georagia,Etobicoke,office,,1,,,IN_FAILED_GROUP,empty,agree
58,Family Class,Security Screening,Georagia,Irregular Miaration BC,office,,1,,,IN_FAILED_GROUP,empty,agree
58,Family Class,Security Screening,Georagia,London,office,,1,,,IN_FAILED_GROUP,empty,agree
58,Family Class,Security Screening,Ghana,,citizenship,8,60,8,60,reconciled,agree,agree
58,Family Class,Security Screening,Ghana,Accra,office,1,7,,,ok_group,agree,agree
58,Family Class,Security Screening,Ghana,Calaary Citizenship and Immiaration Canada,office,,1,,,ok_group,empty,agree
58,Family Class,Security Screening,Ghana,Case Processing Centre Mississauga,office,5,28,,,ok_group,majority,agree
58,Family Class,Security Screening,Ghana,Etobicoke,office,2,7,,,ok_group,agree,agree
58,Family Class,Security Screening,Ghana,Hamilton,office,,1,,,ok_group,empty,agree
58,Family Class,Security Screening,Ghana,Irregular Miaration BC,office,,1,,,ok_group,empty,agree
58,Family Class,Security Screening,Ghana,Kitchener,office,,1,,,ok_group,empty,agree
58,Family Class,Security Screening,Ghana,London,office,,3,,,ok_group,empty,agree
58,Family Class,Security Screening,Ghana,London Enaland,office,,1,,,ok_group,empty,agree
58,Family Class,Security Screening,Ghana,Montreal Immiaration,office,,8,,,ok_group,empty,agree
58,Family Class,Security Screening,Ghana,Saskatoon IRCC,office,,1,,,ok_group,empty,agree
58,Family Class,Security Screening,Ghana,Vancouver Immiaration,office,,1,,,ok_group,empty,agree
58,Family Class,Security Screening,Greece,,citizenship,,10,0,10,reconciled,empty,agree
58,Family Class,Security Screening,Greece,Case Processing Centre Mississauga,office,,6,,,ok_group,empty,agree
58,Family Class,Security Screening,Greece,Montreal Immiaration,office,,2,,,ok_group,empty,agree
58,Family Class,Security Screening,Greece,Rome,office,,2,,,ok_group,empty,agree
58,Family Class,Security Screening,Grenada,,citizenship,,6,0,6,reconciled,empty,agree
58,Family Class,Security Screening,Grenada,Case Processing Centre Mississauga,office,,3,,,ok_group,empty,agree
58,Family Class,Security Screening,Grenada,Mexico City,office,,3,,,ok_group,empty,agree
58,Family Class,Security Screening,Guatemala,,citizenship,2,20,2,20,reconciled,agree,agree
58,Family Class,Security Screening,Guatemala,Case Processing Centre Mississauga,office,1,7,,,ok_group,agree,agree
58,Family Class,Security Screening,Guatemala,Etobicoke,office,1,1,,,ok_group,agree,agree
58,Family Class,Security Screening,Guatemala,HM Niagara Falls,office,,1,,,ok_group,empty,agree
58,Family Class,Security Screening,Guatemala,London,office,,1,,,ok_group,empty,agree
58,Family Class,Security Screening,Guatemala,Mexico City,office,,7,,,ok_group,empty,agree
58,Family Class,Security Screening,Guatemala,Vancouver Immiaration,office,,3,,,ok_group,empty,agree
58,Family Class,Security Screening,"Guinea, Republic of",,citizenship,1,30,11,30,MISMATCH,agree,agree
58,Family Class,Security Screening,"Guinea, Republic of",Case Processing Centre Mississauga,office,10,11,,,IN_FAILED_GROUP,agree,agree
58,Family Class,Security Screening,"Guinea, Republic of",Dakar,office,,10,,,IN_FAILED_GROUP,empty,agree
58,Family Class,Security Screening,"Guinea, Republic of",Irregular Miaration BC,office,,1,,,IN_FAILED_GROUP,empty,agree
58,Family Class,Security Screening,"Guinea, Republic of",Montreal Immiaration,office,,3,,,IN_FAILED_GROUP,empty,agree
58,Family Class,Security Screening,"Guinea, Republic of",Paris,office,1,3,,,IN_FAILED_GROUP,agree,agree
58,Family Class,Security Screening,"Guinea, Republic of",Vancouver Immiaration,office,,2,,,IN_FAILED_GROUP,empty,agree
58,Family Class,Security Screening,Guyana,,citizenship,1,20,1,18,MISMATCH,agree,agree
58,Family Class,Security Screening,Guyana,Case Processing Centre Mississauga,office,1,3,,,IN_FAILED_GROUP,agree,agree
58,Family Class,Security Screening,Guyana,Etobicoke,office,,3,,,IN_FAILED_GROUP,empty,agree
58,Family Class,Security Screening,Guyana,London,office,,3,,,IN_FAILED_GROUP,empty,majority
58,Family Class,Security Screening,Guyana,Mexico City,office,,7,,,IN_FAILED_GROUP,empty,agree
58,Family Class,Security Screening,Guyana,Montreal Immiaration,office,,1,,,IN_FAILED_GROUP,empty,agree
58,Family Class,Security Screening,Guyana,Port of Spain,office,,1,,,IN_FAILED_GROUP,empty,agree
58,Family Class,Security Screening,Haiti,,citizenship,26,97,26,95,MISMATCH,agree,agree
58,Family Class,Security Screening,Haiti,Case Processing Centre Mississauga,office,8,38,,,IN_FAILED_GROUP,agree,agree
58,Family Class,Security Screening,Haiti,Etobicoke,office,1,3,,,IN_FAILED_GROUP,agree,majority
58,Family Class,Security Screening,Haiti,Irregular Miaration BC,office,,1,,,IN_FAILED_GROUP,empty,agree
58,Family Class,Security Screening,Haiti,London,office,,1,,,IN_FAILED_GROUP,empty,agree
58,Family Class,Security Screening,Haiti,Mexico City,office,14,36,,,IN_FAILED_GROUP,agree,agree
58,Family Class,Security Screening,Haiti,Montreal Immiaration,office,,12,,,IN_FAILED_GROUP,empty,agree
58,Family Class,Security Screening,Haiti,New York,office,,1,,,IN_FAILED_GROUP,empty,agree
58,Family Class,Security Screening,Haiti,Sao Paulo,office,1,1,,,IN_FAILED_GROUP,agree,agree
58,Family Class,Security Screening,Haiti,Vancouver Immiaration,office,2,2,,,IN_FAILED_GROUP,agree,agree
58,Family Class,Security Screening,Honduras,,citizenship,1,24,1,24,reconciled,agree,agree
58,Family Class,Security Screening,Honduras,Case Processing Centre Mississauga,office,,9,,,ok_group,empty,agree
58,Family Class,Security Screening,Honduras,Case Processing Centre Ottawa,office,,1,,,ok_group,empty,agree
58,Family Class,Security Screening,Honduras,Etobicoke,office,,3,,,ok_group,empty,agree
58,Family Class,Security Screening,Honduras,London,office,,2,,,ok_group,empty,agree
58,Family Class,Security Screening,Honduras,Mexico City,office,1,6,,,ok_group,agree,agree
58,Family Class,Security Screening,Honduras,Montreal Immiaration,office,,2,,,ok_group,empty,agree
58,Family Class,Security Screening,Honduras,Vancouver Immiaration,office,,1,,,ok_group,empty,agree
58,Family Class,Security Screening,Honda Kong SAR,,citizenship,5,83,3,83,MISMATCH,majority,agree
58,Family Class,Security Screening,Honda Kong SAR,Beiiina,office,,2,,,IN_FAILED_GROUP,empty,agree
58,Family Class,Security Screening,Honda Kong SAR,Case Processing Centre Mississauga,office,3,58,,,IN_FAILED_GROUP,agree,agree
58,Family Class,Security Screening,Honda Kong SAR,Case Processing Centre Ottawa,office,,1,,,IN_FAILED_GROUP,empty,agree
58,Family Class,Security Screening,Honda Kong SAR,DN West Virtual Team 1,office,,2,,,IN_FAILED_GROUP,empty,agree
58,Family Class,Security Screening,Honda Kong SAR,Etobicoke,office,,1,,,IN_FAILED_GROUP,empty,agree
58,Family Class,Security Screening,Honda Kong SAR,Honda Kona,office,,12,,,IN_FAILED_GROUP,empty,agree
58,Family Class,Security Screening,Honda Kong SAR,Irregular Miaration BC,office,,4,,,IN_FAILED_GROUP,empty,agree
58,Family Class,Security Screening,Honda Kong SAR,Vancouver Immiaration,office,,3,,,IN_FAILED_GROUP,empty,agree
58,Family Class,Security Screening,Hunaary,,citizenship,,9,0,9,reconciled,empty,agree
58,Family Class,Security Screening,Hunaary,Case Processing Centre Mississauga,office,,4,,,ok_group,empty,agree
58,Family Class,Security Screening,Hunaary,Etobicoke,office,,1,,,ok_group,empty,agree
58,Family Class,Security Screening,Hunaary,Niagara Falls IRCC,office,,1,,,ok_group,empty,agree
58,Family Class,Security Screening,Hunaary,Vancouver Immiaration,office,,2,,,ok_group,empty,agree
58,Family Class,Security Screening,Hunaary,Vienna,office,,1,,,ok_group,empty,agree
58,Family Class,Security Screening,Iceland,,citizenship,,1,0,1,reconciled,empty,agree
58,Family Class,Security Screening,Iceland,Case Processing Centre Mississauga,office,,1,,,ok_group,empty,agree
58,Family Class,Security Screening,India,,citizenship,454,2326,380,2319,MISMATCH,agree,agree
58,Family Class,Security Screening,India,Beiiina,office,,1,,,IN_FAILED_GROUP,empty,agree
58,Family Class,Security Screening,India,Case Processing Centre Mississauga,office,370,1396,,,IN_FAILED_GROUP,majority,majority
58,Family Class,Security Screening,India,Case Processing Centre Ottawa,office,,35,,,IN_FAILED_GROUP,empty,majority
58,Family Class,Security Screening,India,Dakar,office,,1,,,IN_FAILED_GROUP,empty,agree
58,Family Class,Security Screening,India,DN West Virtual Team 1,office,,10,,,IN_FAILED_GROUP,empty,agree
58,Family Class,Security Screening,India,Edmonton IRCC,office,,3,,,IN_FAILED_GROUP,empty,majority
58,Family Class,Security Screening,India,Etobicoke,office,,178,,,IN_FAILED_GROUP,none,agree
58,Family Class,Security Screening,India,Hamilton,office,,2,,,IN_FAILED_GROUP,empty,agree
58,Family Class,Security Screening,India,HM Montreal,office,,2,,,IN_FAILED_GROUP,empty,agree
58,Family Class,Security Screening,India,HM Niagara Falls,office,,6,,,IN_FAILED_GROUP,empty,agree
58,Family Class,Security Screening,India,HM-New Ineliaibility,office,,,,,IN_FAILED_GROUP,empty,none
59,Family Class,Security Screening,India,Honda Kona,office,,1,,,IN_FAILED_GROUP,empty,agree
59,Family Class,Security Screening,India,Irregular Miaration BC,office,,8,,,IN_FAILED_GROUP,empty,agree
59,Family Class,Security Screening,India,London,office,,33,,,IN_FAILED_GROUP,empty,agree
59,Family Class,Security Screening,India,London Enaland,office,,3,,,IN_FAILED_GROUP,empty,majority
59,Family Class,Security Screening,India,Manila,office,,1,,,IN_FAILED_GROUP,empty,agree
59,Family Class,Security Screening,India,Montreal Immiaration,office,3,44,,,IN_FAILED_GROUP,agree,agree
59,Family Class,Security Screening,India,Nairobi,office,,1,,,IN_FAILED_GROUP,empty,agree
59,Family Class,Security Screening,India,New Delhi,office,6,309,,,IN_FAILED_GROUP,agree,agree
59,Family Class,Security Screening,India,New York,office,,10,,,IN_FAILED_GROUP,empty,agree
59,Family Class,Security Screening,India,Ottawa,office,,1,,,IN_FAILED_GROUP,empty,agree
59,Family Class,Security Screening,India,Ottawa IR,office,,1,,,IN_FAILED_GROUP,empty,agree
59,Family Class,Security Screening,India,Paris,office,,2,,,IN_FAILED_GROUP,empty,agree
59,Family Class,Security Screening,India,Pretoria,office,,2,,,IN_FAILED_GROUP,empty,agree
59,Family Class,Security Screening,India,Sydney Australia,office,1,1,,,IN_FAILED_GROUP,agree,agree
59,Family Class,Security Screening,India,Vancouver Immiaration,office,,264,,,IN_FAILED_GROUP,none,agree
59,Family Class,Security Screening,India,Warsaw,office,,2,,,IN_FAILED_GROUP,empty,agree
59,Family Class,Security Screening,India,Windsor,office,,2,,,IN_FAILED_GROUP,empty,agree
59,Family Class,Security Screening,Iran,,citizenship,202,1684,202,1663,MISMATCH,agree,agree
59,Family Class,Security Screening,Iran,Abu Dhabi,office,,1,,,IN_FAILED_GROUP,empty,agree
59,Family Class,Security Screening,Iran,Amman,office,,1,,,IN_FAILED_GROUP,empty,agree
59,Family Class,Security Screening,Iran,Ankara,office,16,268,,,IN_FAILED_GROUP,agree,agree
59,Family Class,Security Screening,Iran,Beiiina,office,,2,,,IN_FAILED_GROUP,empty,agree
59,Family Class,Security Screening,Iran,Beirut,office,1,2,,,IN_FAILED_GROUP,agree,agree
59,Family Class,Security Screening,Iran,Case Processing Centre Mississauga,office,178,1059,,,IN_FAILED_GROUP,agree,majority
59,Family Class,Security Screening,Iran,Case Processing Centre Ottawa,office,,74,,,IN_FAILED_GROUP,empty,majority
59,Family Class,Security Screening,Iran,Case Cases Review Citizenship And Immigration,office,1,1,,,IN_FAILED_GROUP,agree,agree
59,Family Class,Security Screening,Iran,Colombo,office,,1,,,IN_FAILED_GROUP,empty,agree
59,Family Class,Security Screening,Iran,Edmonton IRCC,office,,1,,,IN_FAILED_GROUP,empty,agree
59,Family Class,Security Screening,Iran,Etobicoke,office,,16,,,IN_FAILED_GROUP,empty,agree
59,Family Class,Security Screening,Iran,Hamilton,office,,6,,,IN_FAILED_GROUP,empty,agree
59,Family Class,Security Screening,Iran,HM Niagara Falls,office,,12,,,IN_FAILED_GROUP,empty,agree
59,Family Class,Security Screening,Iran,HM-New Ineliaibility,office,,1,,,IN_FAILED_GROUP,empty,agree
59,Family Class,Security Screening,Iran,Irregular Miaration BC,office,,28,,,IN_FAILED_GROUP,empty,agree
59,Family Class,Security Screening,Iran,Kitchener,office,,2,,,IN_FAILED_GROUP,empty,agree
59,Family Class,Security Screening,Iran,London,office,,72,,,IN_FAILED_GROUP,empty,majority
59,Family Class,Security Screening,Iran,London Enaland,office,1,20,,,IN_FAILED_GROUP,agree,agree
59,Family Class,Security Screening,Iran,Mexico City,office,,1,,,IN_FAILED_GROUP,empty,agree
59,Family Class,Security Screening,Iran,Montreal Immiaration,office,,2,,,IN_FAILED_GROUP,empty,majority
59,Family Class,Security Screening,Iran,Nairobi,office,,1,,,IN_FAILED_GROUP,empty,agree
59,Family Class,Security Screening,Iran,New York,office,,11,,,IN_FAILED_GROUP,empty,agree
59,Family Class,Security Screening,Iran,Niagara Falls IRCC,office,,1,,,IN_FAILED_GROUP,empty,agree
59,Family Class,Security Screening,Iran,Ottawa,office,,2,,,IN_FAILED_GROUP,empty,agree
59,Family Class,Security Screening,Iran,Port of Spain,office,,1,,,IN_FAILED_GROUP,empty,agree
59,Family Class,Security Screening,Iran,Rome,office,,2,,,IN_FAILED_GROUP,empty,agree
59,Family Class,Security Screening,Iran,Sao Paulo,office,1,1,,,IN_FAILED_GROUP,agree,agree
59,Family Class,Security Screening,Iran,Singapore,office,,3,,,IN_FAILED_GROUP,empty,agree
59,Family Class,Security Screening,Iran,Vancouver Immiaration,office,4,63,,,IN_FAILED_GROUP,agree,agree
59,Family Class,Security Screening,Iran,Vienna,office,,6,,,IN_FAILED_GROUP,empty,agree
59,Family Class,Security Screening,Iran,Warsaw,office,,1,,,IN_FAILED_GROUP,empty,agree
59,Family Class,Security Screening,Iran,Windsor,office,,1,,,IN_FAILED_GROUP,empty,agree
59,Family Class,Security Screening,Iraq,,citizenship,30,308,30,308,reconciled,agree,agree
59,Family Class,Security Screening,Iraq,Abu Dhabi,office,1,1,,,ok_group,agree,agree
59,Family Class,Security Screening,Iraq,Amman,office,19,118,,,ok_group,agree,agree
59,Family Class,Security Screening,Iraq,Ankara,office,2,12,,,ok_group,agree,agree
59,Family Class,Security Screening,Iraq,Beiiina,office,,3,,,ok_group,empty,agree
59,Family Class,Security Screening,Iraq,Beirut,office,,1,,,ok_group,empty,agree
59,Family Class,Security Screening,Iraq,Bucharest,office,,9,,,ok_group,empty,agree
59,Family Class,Security Screening,Iraq,Cairo,office,1,3,,,ok_group,agree,agree
59,Family Class,Security Screening,Iraq,Case Processing Centre Mississauga,office,3,39,,,ok_group,agree,agree
59,Family Class,Security Screening,Iraq,Etobicoke,office,,8,,,ok_group,empty,agree
59,Family Class,Security Screening,Iraq,Hamilton,office,,1,,,ok_group,empty,agree
59,Family Class,Security Screening,Iraq,Irregular Miaration BC,office,,3,,,ok_group,empty,agree
59,Family Class,Security Screening,Iraq,London,office,,4,,,ok_group,empty,agree
59,Family Class,Security Screening,Iraq,London Enaland,office,,17,,,ok_group,empty,agree
59,Family Class,Security Screening,Iraq,Los Angeles,office,,1,,,ok_group,empty,agree
59,Family Class,Security Screening,Iraq,Montreal Immiaration,office,,2,,,ok_group,empty,agree
59,Family Class,Security Screening,Iraq,New York,office,,6,,,ok_group,empty,agree
59,Family Class,Security Screening,Iraq,Ottawa IR,office,,16,,,ok_group,empty,agree
59,Family Class,Security Screening,Iraq,Paris,office,,19,,,ok_group,empty,agree
59,Family Class,Security Screening,Iraq,Rome,office,1,2,,,ok_group,agree,agree
59,Family Class,Security Screening,Iraq,Singapore,office,2,4,,,ok_group,agree,agree
59,Family Class,Security Screening,Iraq,Sydney Australia,office,,2,,,ok_group,empty,agree
59,Family Class,Security Screening,Iraq,Vancouver Immiaration,office,,25,,,ok_group,empty,agree
59,Family Class,Security Screening,Iraq,Vienna,office,1,11,,,ok_group,agree,agree
59,Family Class,Security Screening,Iraq,Windsor,office,,1,,,ok_group,empty,agree
59,Family Class,Security Screening,Israel,,citizenship,20,143,20,137,MISMATCH,agree,majority
59,Family Class,Security Screening,Israel,Case Processing Centre Mississauga,office,19,96,,,IN_FAILED_GROUP,agree,agree
59,Family Class,Security Screening,Israel,Case Processing Centre Ottawa,office,,1,,,IN_FAILED_GROUP,empty,agree
59,Family Class,Security Screening,Israel,Edmonton IRCC,office,,1,,,IN_FAILED_GROUP,empty,agree
59,Family Class,Security Screening,Israel,Etobicoke,office,,3,,,IN_FAILED_GROUP,empty,majority
59,Family Class,Security Screening,Israel,HM Montreal,office,,1,,,IN_FAILED_GROUP,empty,agree
59,Family Class,Security Screening,Israel,HM Niagara Falls,office,,1,,,IN_FAILED_GROUP,empty,agree
59,Family Class,Security Screening,Israel,Irregular Miaration BC,office,,4,,,IN_FAILED_GROUP,empty,agree
59,Family Class,Security Screening,Israel,London,office,,10,,,IN_FAILED_GROUP,empty,agree
59,Family Class,Security Screening,Israel,London Enaland,office,,1,,,IN_FAILED_GROUP,empty,agree
59,Family Class,Security Screening,Israel,Montreal Immiaration,office,,3,,,IN_FAILED_GROUP,empty,majority
59,Family Class,Security Screening,Israel,Ottawa IR,office,,1,,,IN_FAILED_GROUP,empty,agree
59,Family Class,Security Screening,Israel,Tel Aviv,office,1,3,,,IN_FAILED_GROUP,agree,majority
59,Family Class,Security Screening,Israel,Vancouver Immiaration,office,,12,,,IN_FAILED_GROUP,empty,agree
59,Family Class,Security Screening,Italy,,citizenship,,17,0,17,reconciled,empty,agree
59,Family Class,Security Screening,Italy,Case Processing Centre Mississauga,office,,4,,,ok_group,empty,agree
59,Family Class,Security Screening,Italy,Case Processing Centre Ottawa,office,,3,,,ok_group,empty,agree
59,Family Class,Security Screening,Italy,Etobicoke,office,,2,,,ok_group,empty,agree
59,Family Class,Security Screening,Italy,Irregular Miaration BC,office,,1,,,ok_group,empty,agree
59,Family Class,Security Screening,Italy,Mexico City,office,,1,,,ok_group,empty,agree
59,Family Class,Security Screening,Italy,Montreal Immiaration,office,,3,,,ok_group,empty,agree
59,Family Class,Security Screening,Italy,Rome,office,,3,,,ok_group,empty,agree
59,Family Class,Security Screening,Jamaica,,citizenship,,60,7,60,MISMATCH,none,agree
59,Family Class,Security Screening,Jamaica,Case Processing Centre Mississauga,office,3,36,,,IN_FAILED_GROUP,majority,agree
59,Family Class,Security Screening,Jamaica,Case Processing Centre Ottawa,office,,1,,,IN_FAILED_GROUP,empty,agree
59,Family Class,Security Screening,Jamaica,DN West Virtual Team 1,office,,1,,,IN_FAILED_GROUP,empty,agree
59,Family Class,Security Screening,Jamaica,Etobicoke,office,,4,,,IN_FAILED_GROUP,empty,agree
59,Family Class,Security Screening,Jamaica,HM Niagara Falls,office,,3,,,IN_FAILED_GROUP,empty,agree
59,Family Class,Security Screening,Jamaica,Irregular Miaration BC,office,,1,,,IN_FAILED_GROUP,empty,agree
59,Family Class,Security Screening,Jamaica,Kinaston Jamaica,office,2,2,,,IN_FAILED_GROUP,agree,agree
59,Family Class,Security Screening,Jamaica,London,office,,4,,,IN_FAILED_GROUP,empty,agree
59,Family Class,Security Screening,Jamaica,Mexico City,office,,1,,,IN_FAILED_GROUP,empty,agree
59,Family Class,Security Screening,Jamaica,Montreal Immiaration,office,,2,,,IN_FAILED_GROUP,empty,agree
59,Family Class,Security Screening,Jamaica,New York,office,,2,,,IN_FAILED_GROUP,empty,agree
59,Family Class,Security Screening,Jamaica,Vancouver Immiaration,office,2,2,,,IN_FAILED_GROUP,agree,agree
59,Family Class,Security Screening,Jamaica,Windsor,office,,1,,,IN_FAILED_GROUP,empty,agree
59,Family Class,Security Screening,Japan,,citizenship,2,10,2,10,reconciled,agree,agree
59,Family Class,Security Screening,Japan,Case Processing Centre Mississauga,office,1,6,,,ok_group,agree,agree
59,Family Class,Security Screening,Japan,Etobicoke,office,,1,,,ok_group,empty,agree
59,Family Class,Security Screening,Japan,Manila,office,1,1,,,ok_group,agree,agree
59,Family Class,Security Screening,Japan,Montreal Immiaration,office,,2,,,ok_group,empty,agree
59,Family Class,Security Screening,Jordan,,citizenship,19,133,109,131,MISMATCH,agree,majority
59,Family Class,Security Screening,Jordan,Abu Dhabi,office,1,2,,,IN_FAILED_GROUP,agree,agree
59,Family Class,Security Screening,Jordan,Amman,office,4,21,,,IN_FAILED_GROUP,agree,agree
59,Family Class,Security Screening,Jordan,Cairo,office,,1,,,IN_FAILED_GROUP,empty,agree
59,Family Class,Security Screening,Jordan,Calaary Citizenship and Immiaration Canada,office,,1,,,IN_FAILED_GROUP,empty,agree
59,Family Class,Security Screening,Jordan,Case Processing Centre Mississauga,office,100,40,,,IN_FAILED_GROUP,majority,agree
59,Family Class,Security Screening,Jordan,DN West Virtual Team 1,office,,2,,,IN_FAILED_GROUP,empty,agree
59,Family Class,Security Screening,Jordan,Edmonton IRCC,office,,2,,,IN_FAILED_GROUP,empty,agree
59,Family Class,Security Screening,Jordan,Etobicoke,office,,4,,,IN_FAILED_GROUP,empty,agree
59,Family Class,Security Screening,Jordan,Hamilton,office,,1,,,IN_FAILED_GROUP,empty,agree
59,Family Class,Security Screening,Jordan,Irregular Miaration BC,office,,3,,,IN_FAILED_GROUP,empty,agree
59,Family Class,Security Screening,Jordan,London,office,,3,,,IN_FAILED_GROUP,empty,agree
59,Family Class,Security Screening,Jordan,London Enaland,office,,11,,,IN_FAILED_GROUP,empty,agree
59,Family Class,Security Screening,Jordan,Montreal Immiaration,office,2,6,,,IN_FAILED_GROUP,agree,agree
59,Family Class,Security Screening,Jordan,Ottawa,office,,4,,,IN_FAILED_GROUP,empty,agree
59,Family Class,Security Screening,Jordan,Ottawa IR,office,,4,,,IN_FAILED_GROUP,empty,agree
59,Family Class,Security Screening,Jordan,Paris,office,,3,,,IN_FAILED_GROUP,empty,majority
59,Family Class,Security Screening,Jordan,Tel Aviv,office,,1,,,IN_FAILED_GROUP,empty,agree
59,Family Class,Security Screening,Jordan,Vancouver Immiaration,office,2,15,,,IN_FAILED_GROUP,agree,agree
59,Family Class,Security Screening,Jordan,Vienna,office,,7,,,IN_FAILED_GROUP,empty,agree
59,Family Class,Security Screening,Kazakhstan,,citizenship,2,19,2,16,MISMATCH,agree,agree
59,Family Class,Security Screening,Kazakhstan,Case Processing Centre Mississauga,office,2,8,,,IN_FAILED_GROUP,agree,agree
59,Family Class,Security Screening,Kazakhstan,Hamilton,office,,1,,,IN_FAILED_GROUP,empty,agree
59,Family Class,Security Screening,Kazakhstan,Honda Kona,office,,1,,,IN_FAILED_GROUP,empty,agree
59,Family Class,Security Screening,Kazakhstan,Irregular Miaration BC,office,,1,,,IN_FAILED_GROUP,empty,agree
59,Family Class,Security Screening,Kazakhstan,London,office,,1,,,IN_FAILED_GROUP,empty,agree
59,Family Class,Security Screening,Kazakhstan,Montreal Immiaration,office,,1,,,IN_FAILED_GROUP,empty,agree
59,Family Class,Security Screening,Kazakhstan,Vancouver Immiaration,office,,3,,,IN_FAILED_GROUP,empty,agree
59,Family Class,Security Screening,Kazakhstan,Warsaw,office,,,,,IN_FAILED_GROUP,empty,none
59,Family Class,Security Screening,Kenya,,citizenship,,,7,67,MISMATCH,none,none
60,Family Class,Security Screening,Kenya,Case Processing Centre Mississauga,office,4,14,,,IN_FAILED_GROUP,agree,agree
60,Family Class,Security Screening,Kenya,Etobicoke,office,,3,,,IN_FAILED_GROUP,empty,agree
60,Family Class,Security Screening,Kenya,Montreal Immiaration,office,,2,,,IN_FAILED_GROUP,empty,agree
60,Family Class,Security Screening,Kenya,Nairobi,office,3,43,,,IN_FAILED_GROUP,majority,majority
60,Family Class,Security Screening,Kenya,New York,office,,1,,,IN_FAILED_GROUP,empty,agree
60,Family Class,Security Screening,Kenya,Ottawa IR,office,,1,,,IN_FAILED_GROUP,empty,agree
60,Family Class,Security Screening,Kenya,Vancouver Immiaration,office,,3,,,IN_FAILED_GROUP,empty,majority
60,Family Class,Security Screening,"Korea, People's Democratic Republic of",,citizenship,,1,0,1,reconciled,empty,agree
60,Family Class,Security Screening,"Korea, People's Democratic Republic of",Etobicoke,office,,1,,,ok_group,empty,agree
60,Family Class,Security Screening,"Korea, Republic of",,citizenship,7,96,7,94,MISMATCH,agree,agree
60,Family Class,Security Screening,"Korea, Republic of",Case Processing Centre Mississauga,office,4,64,,,IN_FAILED_GROUP,agree,agree
60,Family Class,Security Screening,"Korea, Republic of",Case Processing Centre Ottawa,office,,2,,,IN_FAILED_GROUP,empty,agree
60,Family Class,Security Screening,"Korea, Republic of",DN West Virtual Team 1,office,,2,,,IN_FAILED_GROUP,empty,agree
60,Family Class,Security Screening,"Korea, Republic of",Etobicoke,office,2,12,,,IN_FAILED_GROUP,agree,agree
60,Family Class,Security Screening,"Korea, Republic of",Irregular Miaration BC,office,,3,,,IN_FAILED_GROUP,empty,majority
60,Family Class,Security Screening,"Korea, Republic of",London,office,,4,,,IN_FAILED_GROUP,empty,agree
60,Family Class,Security Screening,"Korea, Republic of",Montreal Immiaration,office,,3,,,IN_FAILED_GROUP,empty,agree
60,Family Class,Security Screening,"Korea, Republic of",Ottawa,office,,2,,,IN_FAILED_GROUP,empty,agree
60,Family Class,Security Screening,"Korea, Republic of",Vancouver Immiaration,office,1,2,,,IN_FAILED_GROUP,agree,agree
60,Family Class,Security Screening,"Kosovo, Republic of",,citizenship,2,20,2,18,MISMATCH,agree,agree
60,Family Class,Security Screening,"Kosovo, Republic of",Case Processing Centre Mississauga,office,1,6,,,IN_FAILED_GROUP,agree,agree
60,Family Class,Security Screening,"Kosovo, Republic of",Etobicoke,office,,1,,,IN_FAILED_GROUP,empty,agree
60,Family Class,Security Screening,"Kosovo, Republic of",Irregular Miaration BC,office,,1,,,IN_FAILED_GROUP,empty,agree
60,Family Class,Security Screening,"Kosovo, Republic of",Montreal Immiaration,office,,3,,,IN_FAILED_GROUP,empty,majority
60,Family Class,Security Screening,"Kosovo, Republic of",Vancouver Immiaration,office,1,4,,,IN_FAILED_GROUP,agree,agree
60,Family Class,Security Screening,"Kosovo, Republic of",Vienna,office,,3,,,IN_FAILED_GROUP,empty,agree
60,Family Class,Security Screening,Kuwait,,citizenship,,2,0,2,reconciled,empty,agree
60,Family Class,Security Screening,Kuwait,Case Processing Centre Mississauga,office,,2,,,ok_group,empty,agree
60,Family Class,Security Screening,Kyrayzstan,,citizenship,,4,0,6,MISMATCH,empty,agree
60,Family Class,Security Screening,Kyrayzstan,Ankara,office,,1,,,IN_FAILED_GROUP,empty,agree
60,Family Class,Security Screening,Kyrayzstan,Montreal Immiaration,office,,1,,,IN_FAILED_GROUP,empty,agree
60,Family Class,Security Screening,Kyrayzstan,Warsaw,office,,2,,,IN_FAILED_GROUP,empty,agree
60,Family Class,Security Screening,Kyrayzstan,Laos,office,,1,,,IN_FAILED_GROUP,empty,agree
60,Family Class,Security Screening,Kyrayzstan,Case Processing Centre Mississauga,office,,1,,,IN_FAILED_GROUP,empty,agree
60,Family Class,Security Screening,Latvia,,citizenship,,2,0,2,reconciled,empty,agree
60,Family Class,Security Screening,Latvia,Case Processing Centre Mississauga,office,,2,,,ok_group,empty,agree
60,Family Class,Security Screening,Lebanon,,citizenship,85,1129,327,1129,MISMATCH,agree,agree
60,Family Class,Security Screening,Lebanon,Accra,office,,3,,,IN_FAILED_GROUP,empty,agree
60,Family Class,Security Screening,Lebanon,Amman,office,1,1,,,IN_FAILED_GROUP,agree,agree
60,Family Class,Security Screening,Lebanon,Beirut,office,5,818,,,IN_FAILED_GROUP,majority,agree
60,Family Class,Security Screening,Lebanon,Calaary Citizenship and Immiaration Canada,office,,1,,,IN_FAILED_GROUP,empty,agree
60,Family Class,Security Screening,Lebanon,Case Processing Centre Mississauga,office,320,183,,,IN_FAILED_GROUP,majority,majority
60,Family Class,Security Screening,Lebanon,Case Processing Centre Ottawa,office,,2,,,IN_FAILED_GROUP,empty,agree
60,Family Class,Security Screening,Lebanon,Dakar,office,,7,,,IN_FAILED_GROUP,empty,agree
60,Family Class,Security Screening,Lebanon,DN West Virtual Team 1,office,,1,,,IN_FAILED_GROUP,empty,agree
60,Family Class,Security Screening,Lebanon,Edmonton IRCC,office,,6,,,IN_FAILED_GROUP,empty,agree
60,Family Class,Security Screening,Lebanon,Etobicoke,office,,25,,,IN_FAILED_GROUP,empty,agree
60,Family Class,Security Screening,Lebanon,HM Montreal,office,,1,,,IN_FAILED_GROUP,empty,agree
60,Family Class,Security Screening,Lebanon,HM Vancouver,office,,1,,,IN_FAILED_GROUP,empty,agree
60,Family Class,Security Screening,Lebanon,Irregular Miaration BC,office,,1,,,IN_FAILED_GROUP,empty,agree
60,Family Class,Security Screening,Lebanon,London,office,,3,,,IN_FAILED_GROUP,empty,agree
60,Family Class,Security Screening,Lebanon,London Enaland,office,,18,,,IN_FAILED_GROUP,empty,agree
60,Family Class,Security Screening,Lebanon,Mexico City,office,,2,,,IN_FAILED_GROUP,empty,agree
60,Family Class,Security Screening,Lebanon,Montreal Immiaration,office,,15,,,IN_FAILED_GROUP,empty,agree
60,Family Class,Security Screening,Lebanon,New York,office,,1,,,IN_FAILED_GROUP,empty,agree
60,Family Class,Security Screening,Lebanon,Operational Support Performance Management And,office,,1,,,IN_FAILED_GROUP,empty,agree
60,Family Class,Security Screening,Lebanon,Ottawa,office,,1,,,IN_FAILED_GROUP,empty,agree
60,Family Class,Security Screening,Lebanon,Ottawa IR,office,,1,,,IN_FAILED_GROUP,empty,agree
60,Family Class,Security Screening,Lebanon,Pretoria,office,,1,,,IN_FAILED_GROUP,empty,agree
60,Family Class,Security Screening,Lebanon,Sao Paulo,office,,2,,,IN_FAILED_GROUP,empty,agree
60,Family Class,Security Screening,Lebanon,Vancouver Immiaration,office,1,31,,,IN_FAILED_GROUP,agree,agree
60,Family Class,Security Screening,Lebanon,Vienna,office,,1,,,IN_FAILED_GROUP,empty,agree
60,Family Class,Security Screening,Lebanon,Warsaw,office,,1,,,IN_FAILED_GROUP,empty,agree
60,Family Class,Security Screening,Lebanon,Windsor,office,,1,,,IN_FAILED_GROUP,empty,agree
60,Family Class,Security Screening,Liberia,,citizenship,,2,0,2,reconciled,empty,agree
60,Family Class,Security Screening,Liberia,Accra,office,,1,,,ok_group,empty,agree
60,Family Class,Security Screening,Liberia,Case Processing Centre Mississauga,office,,1,,,ok_group,empty,agree
60,Family Class,Security Screening,Libya,,citizenship,10,138,10,142,MISMATCH,agree,agree
60,Family Class,Security Screening,Libya,Amman,office,,1,,,IN_FAILED_GROUP,empty,agree
60,Family Class,Security Screening,Libya,Ankara,office,,1,,,IN_FAILED_GROUP,empty,agree
60,Family Class,Security Screening,Libya,Beirut,office,,1,,,IN_FAILED_GROUP,empty,agree
60,Family Class,Security Screening,Libya,Case Processing Centre Mississauga,office,3,38,,,IN_FAILED_GROUP,agree,agree
60,Family Class,Security Screening,Libya,Etobicoke,office,,2,,,IN_FAILED_GROUP,empty,agree
60,Family Class,Security Screening,Libya,London,office,,1,,,IN_FAILED_GROUP,empty,agree
60,Family Class,Security Screening,Libya,London Enaland,office,,1,,,IN_FAILED_GROUP,empty,agree
60,Family Class,Security Screening,Libya,Montreal Immiaration,office,,3,,,IN_FAILED_GROUP,empty,agree
60,Family Class,Security Screening,Libya,New York,office,,1,,,IN_FAILED_GROUP,empty,agree
60,Family Class,Security Screening,Libya,Ottawa IR,office,,2,,,IN_FAILED_GROUP,empty,agree
60,Family Class,Security Screening,Libya,Paris,office,6,84,,,IN_FAILED_GROUP,agree,agree
60,Family Class,Security Screening,Libya,Singapore,office,1,1,,,IN_FAILED_GROUP,agree,agree
60,Family Class,Security Screening,Libya,Vancouver Immiaration,office,,2,,,IN_FAILED_GROUP,empty,agree
60,Family Class,Security Screening,Libya,Lithuania,office,,2,,,IN_FAILED_GROUP,empty,agree
60,Family Class,Security Screening,Libya,Warsaw,office,,2,,,IN_FAILED_GROUP,empty,agree
60,Family Class,Security Screening,Macao SAR,,citizenship,,1,0,1,reconciled,empty,agree
60,Family Class,Security Screening,Macao SAR,Honda Kona,office,,1,,,ok_group,empty,agree
60,Family Class,Security Screening,Macedonia,,citizenship,1,12,1,10,MISMATCH,agree,agree
60,Family Class,Security Screening,Macedonia,Case Processing Centre Mississauga,office,1,3,,,IN_FAILED_GROUP,agree,majority
60,Family Class,Security Screening,Macedonia,Etobicoke,office,,1,,,IN_FAILED_GROUP,empty,agree
60,Family Class,Security Screening,Macedonia,Vancouver Immiaration,office,,4,,,IN_FAILED_GROUP,empty,agree
60,Family Class,Security Screening,Macedonia,Vienna,office,,2,,,IN_FAILED_GROUP,empty,agree
60,Family Class,Security Screening,Madaaascar,,citizenship,,1,0,1,reconciled,empty,agree
60,Family Class,Security Screening,Madaaascar,Etobicoke,office,,1,,,ok_group,empty,agree
60,Family Class,Security Screening,Malawi,,citizenship,,1,0,1,reconciled,empty,agree
60,Family Class,Security Screening,Malawi,Case Processing Centre Mississauga,office,,1,,,ok_group,empty,agree
60,Family Class,Security Screening,Malaysia,,citizenship,1,4,1,4,reconciled,agree,agree
60,Family Class,Security Screening,Malaysia,Calaary Citizenship and Immiaration Canada,office,,1,,,ok_group,empty,agree
60,Family Class,Security Screening,Malaysia,Case Processing Centre Mississauga,office,1,2,,,ok_group,agree,agree
60,Family Class,Security Screening,Malaysia,London,office,,1,,,ok_group,empty,agree
60,Family Class,Security Screening,"Mali, Republic of",,citizenship,,8,0,8,reconciled,empty,agree
60,Family Class,Security Screening,"Mali, Republic of",Case Processing Centre Mississauga,office,,2,,,ok_group,empty,agree
60,Family Class,Security Screening,"Mali, Republic of",Dakar,office,,3,,,ok_group,empty,agree
60,Family Class,Security Screening,"Mali, Republic of",Etobicoke,office,,1,,,ok_group,empty,agree
60,Family Class,Security Screening,"Mali, Republic of",Montreal Immiaration,office,,1,,,ok_group,empty,agree
60,Family Class,Security Screening,"Mali, Republic of",Vancouver Immiaration,office,,1,,,ok_group,empty,agree
60,Family Class,Security Screening,Mauritania,,citizenship,,6,0,6,reconciled,empty,agree
60,Family Class,Security Screening,Mauritania,Case Processing Centre Mississauga,office,,2,,,ok_group,empty,agree
60,Family Class,Security Screening,Mauritania,Dakar,office,,2,,,ok_group,empty,agree
60,Family Class,Security Screening,Mauritania,Edmonton IRCC,office,,2,,,ok_group,empty,agree
60,Family Class,Security Screening,Mauritius,,citizenship,2,12,2,8,MISMATCH,agree,agree
60,Family Class,Security Screening,Mauritius,Case Processing Centre Mississauga,office,2,3,,,IN_FAILED_GROUP,agree,majority
60,Family Class,Security Screening,Mauritius,Pretoria,office,,3,,,IN_FAILED_GROUP,empty,majority
60,Family Class,Security Screening,Mauritius,Vancouver Immiaration,office,,2,,,IN_FAILED_GROUP,empty,agree
60,Family Class,Security Screening,Mexico,,citizenship,42,267,42,267,reconciled,agree,agree
60,Family Class,Security Screening,Mexico,Calaary Citizenship and Immiaration Canada,office,,3,,,ok_group,empty,agree
60,Family Class,Security Screening,Mexico,Case Processing Centre Mississauga,office,32,176,,,ok_group,agree,agree
60,Family Class,Security Screening,Mexico,Case Processing Centre Ottawa,office,,1,,,ok_group,empty,agree
60,Family Class,Security Screening,Mexico,Case Cases Review Citizenship And Immigration,office,,2,,,ok_group,empty,agree
60,Family Class,Security Screening,Mexico,DN West Virtual Team 1,office,,4,,,ok_group,empty,agree
60,Family Class,Security Screening,Mexico,Edmonton IRCC,office,,2,,,ok_group,empty,agree
60,Family Class,Security Screening,Mexico,Etobicoke,office,7,24,,,ok_group,agree,agree
60,Family Class,Security Screening,Mexico,Irregular Miaration BC,office,,3,,,ok_group,empty,agree
60,Family Class,Security Screening,Mexico,London,office,,7,,,ok_group,empty,agree
60,Family Class,Security Screening,Mexico,Mexico City,office,3,18,,,ok_group,agree,agree
60,Family Class,Security Screening,Mexico,Montreal Immiaration,office,,11,,,ok_group,empty,agree
60,Family Class,Security Screening,Mexico,Niagara Falls IRCC,office,,1,,,ok_group,empty,agree
60,Family Class,Security Screening,Mexico,Ottawa,office,,2,,,ok_group,empty,agree
60,Family Class,Security Screening,Mexico,Vancouver Immiaration,office,,13,,,ok_group,empty,agree
60,Family Class,Security Screening,Moldova,,citizenship,10,42,100,42,MISMATCH,agree,agree
60,Family Class,Security Screening,Moldova,Case Processing Centre Mississauga,office,100,12,,,IN_FAILED_GROUP,majority,agree
60,Family Class,Security Screening,Moldova,HM Niagara Falls,office,,2,,,IN_FAILED_GROUP,empty,agree
60,Family Class,Security Screening,Moldova,Irregular Miaration BC,office,,1,,,IN_FAILED_GROUP,empty,agree
60,Family Class,Security Screening,Moldova,London,office,,2,,,IN_FAILED_GROUP,empty,agree
60,Family Class,Security Screening,Moldova,Montreal Immiaration,office,,15,,,IN_FAILED_GROUP,empty,agree
60,Family Class,Security Screening,Moldova,Paris,office,,7,,,IN_FAILED_GROUP,empty,agree
60,Family Class,Security Screening,Moldova,Rome,office,,1,,,IN_FAILED_GROUP,empty,agree
60,Family Class,Security Screening,Moldova,Vancouver Immiaration,office,,2,,,IN_FAILED_GROUP,empty,agree
60,Family Class,Security Screening,"Monaolia, People's Republic of",,citizenship,2,16,2,16,reconciled,agree,agree
60,Family Class,Security Screening,"Monaolia, People's Republic of",Case Processing Centre Mississauga,office,2,4,,,ok_group,agree,agree
60,Family Class,Security Screening,"Monaolia, People's Republic of",DN West Virtual Team 1,office,,1,,,ok_group,empty,agree
60,Family Class,Security Screening,"Monaolia, People's Republic of",Honda Kona,office,,8,,,ok_group,empty,agree
60,Family Class,Security Screening,"Monaolia, People's Republic of",Montreal Immiaration,office,,2,,,ok_group,empty,agree
60,Family Class,Security Screening,"Monaolia, People's Republic of",New York,office,,1,,,ok_group,empty,agree
60,Family Class,Security Screening,"Montenearo, Republic of",,citizenship,,1,0,1,reconciled,empty,agree
60,Family Class,Security Screening,"Montenearo, Republic of",Case Processing Centre Mississauga,office,,1,,,ok_group,empty,agree
60,Family Class,Security Screening,Morocco,,citizenship,7,,7,80,MISMATCH,agree,none
61,Family Class,Security Screening,Morocco,Beiiina,office,,1,,,IN_FAILED_GROUP,empty,agree
61,Family Class,Security Screening,Morocco,Case Processing Centre Mississauga,office,6,55,,,IN_FAILED_GROUP,agree,agree
61,Family Class,Security Screening,Morocco,Case Processing Centre Ottawa,office,,2,,,IN_FAILED_GROUP,empty,agree
61,Family Class,Security Screening,Morocco,Etobicoke,office,1,1,,,IN_FAILED_GROUP,agree,agree
61,Family Class,Security Screening,Morocco,HM Niagara Falls,office,,1,,,IN_FAILED_GROUP,empty,agree
61,Family Class,Security Screening,Morocco,Irregular Miaration BC,office,,1,,,IN_FAILED_GROUP,empty,agree
61,Family Class,Security Screening,Morocco,London Enaland,office,,3,,,IN_FAILED_GROUP,empty,majority
61,Family Class,Security Screening,Morocco,Montreal Immiaration,office,,3,,,IN_FAILED_GROUP,empty,majority
61,Family Class,Security Screening,Morocco,Ottawa,office,,1,,,IN_FAILED_GROUP,empty,agree
61,Family Class,Security Screening,Morocco,Paris,office,,4,,,IN_FAILED_GROUP,empty,agree
61,Family Class,Security Screening,Morocco,Rabat,office,,7,,,IN_FAILED_GROUP,empty,majority
61,Family Class,Security Screening,Morocco,Rome,office,,1,,,IN_FAILED_GROUP,empty,agree
61,Family Class,Security Screening,Mozambique,,citizenship,1,2,1,2,reconciled,agree,agree
61,Family Class,Security Screening,Mozambique,Case Processing Centre Mississauga,office,1,2,,,ok_group,agree,agree
61,Family Class,Security Screening,Myanmar (Burma),,citizenship,,3,0,3,reconciled,empty,agree
61,Family Class,Security Screening,Myanmar (Burma),Case Processing Centre Mississauga,office,,2,,,ok_group,empty,agree
61,Family Class,Security Screening,Myanmar (Burma),Singapore,office,,1,,,ok_group,empty,agree
61,Family Class,Security Screening,Namibia,,citizenship,,2,0,2,reconciled,empty,agree
61,Family Class,Security Screening,Namibia,Irregular Miaration BC,office,,1,,,ok_group,empty,agree
61,Family Class,Security Screening,Namibia,Vancouver Immiaration,office,,1,,,ok_group,empty,agree
61,Family Class,Security Screening,Nepal,,citizenship,10,40,10,38,MISMATCH,agree,agree
61,Family Class,Security Screening,Nepal,Case Processing Centre Mississauga,office,10,15,,,IN_FAILED_GROUP,agree,agree
61,Family Class,Security Screening,Nepal,Etobicoke,office,,1,,,IN_FAILED_GROUP,empty,agree
61,Family Class,Security Screening,Nepal,London,office,,4,,,IN_FAILED_GROUP,empty,agree
61,Family Class,Security Screening,Nepal,Montreal Immiaration,office,,3,,,IN_FAILED_GROUP,empty,majority
61,Family Class,Security Screening,Nepal,New Delhi,office,,1,,,IN_FAILED_GROUP,empty,agree
61,Family Class,Security Screening,Nepal,Vancouver Immiaration,office,,14,,,IN_FAILED_GROUP,empty,agree
61,Family Class,Security Screening,New Zealand,,citizenship,1,10,1,10,reconciled,agree,agree
61,Family Class,Security Screening,New Zealand,Case Processing Centre Mississauga,office,1,4,,,ok_group,agree,agree
61,Family Class,Security Screening,New Zealand,Case Processing Centre Ottawa,office,,4,,,ok_group,empty,agree
61,Family Class,Security Screening,New Zealand,Honda Kona,office,,1,,,ok_group,empty,agree
61,Family Class,Security Screening,New Zealand,Irregular Miaration BC,office,,1,,,ok_group,empty,agree
61,Family Class,Security Screening,Nicaraqua,,citizenship,1,15,1,15,reconciled,agree,agree
61,Family Class,Security Screening,Nicaraqua,Case Processing Centre Mississauga,office,1,2,,,ok_group,agree,agree
61,Family Class,Security Screening,Nicaraqua,Irregular Miaration BC,office,,1,,,ok_group,empty,agree
61,Family Class,Security Screening,Nicaraqua,Mexico City,office,,12,,,ok_group,empty,agree
61,Family Class,Security Screening,Nigeria,,citizenship,82,399,74,427,MISMATCH,agree,agree
61,Family Class,Security Screening,Nigeria,Accra,office,1,41,,,IN_FAILED_GROUP,agree,agree
61,Family Class,Security Screening,Nigeria,Amman,office,2,2,,,IN_FAILED_GROUP,agree,agree
61,Family Class,Security Screening,Nigeria,Bucharest Global Operations Centre,office,3,4,,,IN_FAILED_GROUP,agree,agree
61,Family Class,Security Screening,Nigeria,Calaary Citizenship and Immiaration Canada,office,,2,,,IN_FAILED_GROUP,empty,agree
61,Family Class,Security Screening,Nigeria,Case Processing Centre Mississauga,office,59,156,,,IN_FAILED_GROUP,majority,agree
61,Family Class,Security Screening,Nigeria,Dakar,office,,2,,,IN_FAILED_GROUP,empty,agree
61,Family Class,Security Screening,Nigeria,DN West Virtual Team 1,office,,2,,,IN_FAILED_GROUP,empty,agree
61,Family Class,Security Screening,Nigeria,Edmonton IRCC,office,,3,,,IN_FAILED_GROUP,empty,agree
61,Family Class,Security Screening,Nigeria,Etobicoke,office,3,22,,,IN_FAILED_GROUP,agree,agree
61,Family Class,Security Screening,Nigeria,Hamilton,office,,4,,,IN_FAILED_GROUP,empty,agree
61,Family Class,Security Screening,Nigeria,HM Niagara Falls,office,,6,,,IN_FAILED_GROUP,empty,agree
61,Family Class,Security Screening,Nigeria,Irregular Miaration BC,office,,3,,,IN_FAILED_GROUP,empty,agree
61,Family Class,Security Screening,Nigeria,Kitchener,office,,2,,,IN_FAILED_GROUP,empty,agree
61,Family Class,Security Screening,Nigeria,Laqos,office,,1,,,IN_FAILED_GROUP,empty,agree
61,Family Class,Security Screening,Nigeria,London,office,,44,,,IN_FAILED_GROUP,empty,agree
61,Family Class,Security Screening,Nigeria,London Enaland,office,,2,,,IN_FAILED_GROUP,empty,agree
61,Family Class,Security Screening,Nigeria,Montreal Immiaration,office,,60,,,IN_FAILED_GROUP,empty,agree
61,Family Class,Security Screening,Nigeria,Ottawa,office,,1,,,IN_FAILED_GROUP,empty,agree
61,Family Class,Security Screening,Nigeria,Vancouver Immiaration,office,2,39,,,IN_FAILED_GROUP,agree,agree
61,Family Class,Security Screening,Nigeria,Warsaw,office,,1,,,IN_FAILED_GROUP,empty,agree
61,Family Class,Security Screening,Nigeria,Windsor,office,,2,,,IN_FAILED_GROUP,empty,agree
61,Family Class,Security Screening,Nigeria,Nonway,office,2,14,,,IN_FAILED_GROUP,agree,agree
61,Family Class,Security Screening,Nigeria,Case Processing Centre Mississauga,office,2,7,,,IN_FAILED_GROUP,agree,agree
61,Family Class,Security Screening,Nigeria,London,office,,1,,,IN_FAILED_GROUP,empty,agree
61,Family Class,Security Screening,Nigeria,London Enaland,office,,4,,,IN_FAILED_GROUP,empty,agree
61,Family Class,Security Screening,Nigeria,Montreal Immiaration,office,,1,,,IN_FAILED_GROUP,empty,agree
61,Family Class,Security Screening,Nigeria,Vancouver Immiaration,office,,1,,,IN_FAILED_GROUP,empty,agree
61,Family Class,Security Screening,Oman,,citizenship,,1,0,1,reconciled,empty,agree
61,Family Class,Security Screening,Oman,Case Processing Centre Mississauga,office,,1,,,ok_group,empty,agree
61,Family Class,Security Screening,Pakistan,,citizenship,152,1649,152,1367,MISMATCH,agree,agree
61,Family Class,Security Screening,Pakistan,Abu Dhabi,office,7,8,,,IN_FAILED_GROUP,agree,agree
61,Family Class,Security Screening,Pakistan,Calaary Citizenship and Immiaration Canada,office,,2,,,IN_FAILED_GROUP,empty,agree
61,Family Class,Security Screening,Pakistan,Case Processing Centre Mississauga,office,110,263,,,IN_FAILED_GROUP,agree,majority
61,Family Class,Security Screening,Pakistan,Case Processing Centre Ottawa,office,,2,,,IN_FAILED_GROUP,empty,agree
61,Family Class,Security Screening,Pakistan,DN West Virtual Team 1,office,,3,,,IN_FAILED_GROUP,empty,agree
61,Family Class,Security Screening,Pakistan,Edmonton IRCC,office,,2,,,IN_FAILED_GROUP,empty,agree
61,Family Class,Security Screening,Pakistan,Etobicoke,office,,93,,,IN_FAILED_GROUP,empty,agree
61,Family Class,Security Screening,Pakistan,Hamilton,office,,1,,,IN_FAILED_GROUP,empty,agree
61,Family Class,Security Screening,Pakistan,HM Montreal,office,,2,,,IN_FAILED_GROUP,empty,agree
61,Family Class,Security Screening,Pakistan,HM Niagara Falls,office,,3,,,IN_FAILED_GROUP,empty,majority
61,Family Class,Security Screening,Pakistan,HM Vancouver,office,,2,,,IN_FAILED_GROUP,empty,agree
61,Family Class,Security Screening,Pakistan,Honda Kona,office,,4,,,IN_FAILED_GROUP,empty,agree
61,Family Class,Security Screening,Pakistan,Irregular Miaration BC,office,,8,,,IN_FAILED_GROUP,empty,agree
61,Family Class,Security Screening,Pakistan,Islamabad,office,,1,,,IN_FAILED_GROUP,empty,agree
61,Family Class,Security Screening,Pakistan,Kinaston Jamaica,office,,1,,,IN_FAILED_GROUP,empty,agree
61,Family Class,Security Screening,Pakistan,Kyiv,office,,4,,,IN_FAILED_GROUP,empty,agree
61,Family Class,Security Screening,Pakistan,London,office,,34,,,IN_FAILED_GROUP,empty,agree
61,Family Class,Security Screening,Pakistan,London Enaland,office,16,733,,,IN_FAILED_GROUP,agree,majority
61,Family Class,Security Screening,Pakistan,Manila,office,,2,,,IN_FAILED_GROUP,empty,agree
61,Family Class,Security Screening,Pakistan,Montreal Immiaration,office,7,85,,,IN_FAILED_GROUP,agree,agree
61,Family Class,Security Screening,Pakistan,New Delhi,office,1,1,,,IN_FAILED_GROUP,agree,agree
61,Family Class,Security Screening,Pakistan,New York,office,,6,,,IN_FAILED_GROUP,empty,agree
61,Family Class,Security Screening,Pakistan,Ottawa,office,,1,,,IN_FAILED_GROUP,empty,agree
61,Family Class,Security Screening,Pakistan,Paris,office,1,9,,,IN_FAILED_GROUP,agree,agree
61,Family Class,Security Screening,Pakistan,Rome,office,,2,,,IN_FAILED_GROUP,empty,agree
61,Family Class,Security Screening,Pakistan,Singapore,office,1,3,,,IN_FAILED_GROUP,agree,agree
61,Family Class,Security Screening,Pakistan,Sydney Australia,office,,3,,,IN_FAILED_GROUP,empty,agree
61,Family Class,Security Screening,Pakistan,Vancouver Immiaration,office,7,31,,,IN_FAILED_GROUP,agree,majority
61,Family Class,Security Screening,Pakistan,Vienna,office,2,38,,,IN_FAILED_GROUP,agree,agree
61,Family Class,Security Screening,Pakistan,Warsaw,office,,20,,,IN_FAILED_GROUP,empty,agree
61,Family Class,Security Screening,Palestinian Authority (Gaza/West Bank),,citizenship,28,160,17,160,MISMATCH,majority,agree
61,Family Class,Security Screening,Palestinian Authority (Gaza/West Bank),Abu Dhabi,office,,2,,,IN_FAILED_GROUP,empty,agree
61,Family Class,Security Screening,Palestinian Authority (Gaza/West Bank),Amman,office,2,51,,,IN_FAILED_GROUP,majority,majority
61,Family Class,Security Screening,Palestinian Authority (Gaza/West Bank),Ankara,office,1,1,,,IN_FAILED_GROUP,agree,agree
61,Family Class,Security Screening,Palestinian Authority (Gaza/West Bank),Beirut,office,,7,,,IN_FAILED_GROUP,empty,agree
61,Family Class,Security Screening,Palestinian Authority (Gaza/West Bank),Cairo,office,2,15,,,IN_FAILED_GROUP,agree,agree
61,Family Class,Security Screening,Palestinian Authority (Gaza/West Bank),Case Processing Centre Mississauga,office,10,28,,,IN_FAILED_GROUP,agree,agree
61,Family Class,Security Screening,Palestinian Authority (Gaza/West Bank),Case Processing Centre Ottawa,office,,2,,,IN_FAILED_GROUP,empty,agree
61,Family Class,Security Screening,Palestinian Authority (Gaza/West Bank),Etobicoke,office,,2,,,IN_FAILED_GROUP,empty,agree
61,Family Class,Security Screening,Palestinian Authority (Gaza/West Bank),HM Toronto,office,2,2,,,IN_FAILED_GROUP,agree,agree
61,Family Class,Security Screening,Palestinian Authority (Gaza/West Bank),London Enaland,office,,25,,,IN_FAILED_GROUP,empty,agree
61,Family Class,Security Screening,Palestinian Authority (Gaza/West Bank),Montreal Immiaration,office,,8,,,IN_FAILED_GROUP,empty,agree
61,Family Class,Security Screening,Palestinian Authority (Gaza/West Bank),Ottawa IR,office,,3,,,IN_FAILED_GROUP,empty,agree
61,Family Class,Security Screening,Palestinian Authority (Gaza/West Bank),Paris,office,,2,,,IN_FAILED_GROUP,empty,agree
61,Family Class,Security Screening,Palestinian Authority (Gaza/West Bank),Singapore,office,,1,,,IN_FAILED_GROUP,empty,agree
61,Family Class,Security Screening,Palestinian Authority (Gaza/West Bank),Tel Aviv,office,,6,,,IN_FAILED_GROUP,empty,agree
61,Family Class,Security Screening,Palestinian Authority (Gaza/West Bank),Vancouver Immiaration,office,,3,,,IN_FAILED_GROUP,empty,agree
61,Family Class,Security Screening,Palestinian Authority (Gaza/West Bank),Vienna,office,,2,,,IN_FAILED_GROUP,empty,agree
61,Family Class,Security Screening,"Panama, Republic of",,citizenship,,4,0,8,MISMATCH,empty,agree
61,Family Class,Security Screening,"Panama, Republic of",Case Processing Centre Mississauga,office,,1,,,IN_FAILED_GROUP,empty,agree
61,Family Class,Security Screening,"Panama, Republic of",Honda Kona,office,,1,,,IN_FAILED_GROUP,empty,agree
61,Family Class,Security Screening,"Panama, Republic of",Mexico City,office,,2,,,IN_FAILED_GROUP,empty,agree
61,Family Class,Security Screening,"Panama, Republic of",Papau New Guinea,office,,2,,,IN_FAILED_GROUP,empty,agree
61,Family Class,Security Screening,"Panama, Republic of",Vancouver Immiaration,office,,2,,,IN_FAILED_GROUP,empty,agree
61,Family Class,Security Screening,Paraquay,,citizenship,,2,0,2,reconciled,empty,agree
61,Family Class,Security Screening,Paraquay,Case Processing Centre Mississauga,office,,2,,,ok_group,empty,agree
61,Family Class,Security Screening,Peoples Republic of Benin,,citizenship,4,20,4,18,MISMATCH,agree,agree
61,Family Class,Security Screening,Peoples Republic of Benin,Accra,office,,2,,,IN_FAILED_GROUP,empty,agree
61,Family Class,Security Screening,Peoples Republic of Benin,Case Processing Centre Mississauga,office,4,13,,,IN_FAILED_GROUP,agree,agree
61,Family Class,Security Screening,Peoples Republic of Benin,Montreal Immiaration,office,,3,,,IN_FAILED_GROUP,empty,majority
61,Family Class,Security Screening,People's Republic of China,,citizenship,558,5349,557,5306,MISMATCH,majority,majority
61,Family Class,Security Screening,People's Republic of China,Abu Dhabi,office,1,1,,,IN_FAILED_GROUP,agree,agree
61,Family Class,Security Screening,People's Republic of China,Beiiina,office,47,120,,,IN_FAILED_GROUP,agree,agree
61,Family Class,Security Screening,People's Republic of China,Calaary Citizenship and Immiaration Canada,office,,9,,,IN_FAILED_GROUP,empty,agree
61,Family Class,Security Screening,People's Republic of China,Case Processing Centre Mississauga,office,484,3561,,,IN_FAILED_GROUP,agree,agree
61,Family Class,Security Screening,People's Republic of China,Case Processing Centre Ottawa,office,,149,,,IN_FAILED_GROUP,empty,agree
61,Family Class,Security Screening,People's Republic of China,DN West Virtual Team 1,office,,6,,,IN_FAILED_GROUP,empty,agree
61,Family Class,Security Screening,People's Republic of China,Edmonton IRCC,office,,2,,,IN_FAILED_GROUP,empty,agree
61,Family Class,Security Screening,People's Republic of China,Etobicoke,office,10,50,,,IN_FAILED_GROUP,agree,majority
61,Family Class,Security Screening,People's Republic of China,Hamilton,office,,4,,,IN_FAILED_GROUP,empty,agree
61,Family Class,Security Screening,People's Republic of China,HM Montreal,office,2,3,,,IN_FAILED_GROUP,agree,majority
61,Family Class,Security Screening,People's Republic of China,HM Niagara Falls,office,,7,,,IN_FAILED_GROUP,empty,agree
61,Family Class,Security Screening,People's Republic of China,HM Vancouver,office,,1,,,IN_FAILED_GROUP,empty,agree
61,Family Class,Security Screening,People's Republic of China,Honda Kona,office,4,1044,,,IN_FAILED_GROUP,agree,agree
61,Family Class,Security Screening,People's Republic of China,Irregular Miaration BC,office,,36,,,IN_FAILED_GROUP,empty,agree
61,Family Class,Security Screening,People's Republic of China,Kitchener,office,,1,,,IN_FAILED_GROUP,empty,agree
61,Family Class,Security Screening,People's Republic of China,London,office,,18,,,IN_FAILED_GROUP,empty,agree
61,Family Class,Security Screening,People's Republic of China,London Enaland,office,,6,,,IN_FAILED_GROUP,empty,agree
61,Family Class,Security Screening,People's Republic of China,Manila,office,1,2,,,IN_FAILED_GROUP,agree,agree
61,Family Class,Security Screening,People's Republic of China,Montreal Immiaration,office,1,,,,IN_FAILED_GROUP,agree,none
62,Family Class,Security Screening,People's Republic of China,New York,office,2,21,,,IN_FAILED_GROUP,agree,agree
62,Family Class,Security Screening,People's Republic of China,Niagara Falls IRCC,office,,1,,,IN_FAILED_GROUP,empty,agree
62,Family Class,Security Screening,People's Republic of China,Ottawa,office,,2,,,IN_FAILED_GROUP,empty,agree
62,Family Class,Security Screening,People's Republic of China,Ottawa IR,office,,11,,,IN_FAILED_GROUP,empty,agree
62,Family Class,Security Screening,People's Republic of China,Paris,office,1,2,,,IN_FAILED_GROUP,agree,agree
62,Family Class,Security Screening,People's Republic of China,Pretoria,office,,1,,,IN_FAILED_GROUP,empty,agree
62,Family Class,Security Screening,People's Republic of China,RROC,office,,4,,,IN_FAILED_GROUP,empty,agree
62,Family Class,Security Screening,People's Republic of China,Saskatoon IRCC,office,,1,,,IN_FAILED_GROUP,empty,agree
62,Family Class,Security Screening,People's Republic of China,Singapore,office,1,1,,,IN_FAILED_GROUP,agree,agree
62,Family Class,Security Screening,People's Republic of China,Sydney Australia,office,,4,,,IN_FAILED_GROUP,empty,agree
62,Family Class,Security Screening,People's Republic of China,Vancouver Immiaration,office,2,226,,,IN_FAILED_GROUP,majority,agree
62,Family Class,Security Screening,People's Republic of China,Vienna,office,1,6,,,IN_FAILED_GROUP,agree,agree
62,Family Class,Security Screening,People's Republic of China,Whitehorse IRCC,office,,1,,,IN_FAILED_GROUP,empty,agree
62,Family Class,Security Screening,People's Republic of China,Windsor,office,,4,,,IN_FAILED_GROUP,empty,agree
62,Family Class,Security Screening,People's Republic of China,Winnipeq,office,,1,,,IN_FAILED_GROUP,empty,agree
62,Family Class,Security Screening,Peru,,citizenship,3,62,3,60,MISMATCH,agree,agree
62,Family Class,Security Screening,Peru,Case Processing Centre Mississauga,office,2,14,,,IN_FAILED_GROUP,agree,agree
62,Family Class,Security Screening,Peru,Etobicoke,office,,1,,,IN_FAILED_GROUP,empty,agree
62,Family Class,Security Screening,Peru,Irregular Miaration BC,office,,1,,,IN_FAILED_GROUP,empty,agree
62,Family Class,Security Screening,Peru,London,office,,16,,,IN_FAILED_GROUP,empty,agree
62,Family Class,Security Screening,Peru,Manila,office,,1,,,IN_FAILED_GROUP,empty,agree
62,Family Class,Security Screening,Peru,Mexico City,office,1,22,,,IN_FAILED_GROUP,agree,agree
62,Family Class,Security Screening,Peru,Niagara Falls IRCC,office,,2,,,IN_FAILED_GROUP,empty,agree
62,Family Class,Security Screening,Peru,Vancouver Immiaration,office,,3,,,IN_FAILED_GROUP,empty,majority
62,Family Class,Security Screening,Philippines,,citizenship,105,487,105,487,reconciled,agree,majority
62,Family Class,Security Screening,Philippines,Beiiina,office,,1,,,ok_group,empty,agree
62,Family Class,Security Screening,Philippines,Case Processing Centre Mississauga,office,87,302,,,ok_group,majority,agree
62,Family Class,Security Screening,Philippines,Case Processing Centre Ottawa,office,,25,,,ok_group,empty,agree
62,Family Class,Security Screening,Philippines,DN West Virtual Team 1,office,,2,,,ok_group,empty,agree
62,Family Class,Security Screening,Philippines,Edmonton IRCC,office,,4,,,ok_group,empty,agree
62,Family Class,Security Screening,Philippines,Etobicoke,office,1,6,,,ok_group,agree,agree
62,Family Class,Security Screening,Philippines,Hamilton,office,,1,,,ok_group,empty,agree
62,Family Class,Security Screening,Philippines,HM Niagara Falls,office,,7,,,ok_group,empty,agree
62,Family Class,Security Screening,Philippines,London,office,,25,,,ok_group,empty,agree
62,Family Class,Security Screening,Philippines,London Enaland,office,,2,,,ok_group,empty,agree
62,Family Class,Security Screening,Philippines,Manila,office,15,54,,,ok_group,agree,agree
62,Family Class,Security Screening,Philippines,Montreal Immiaration,office,,36,,,ok_group,empty,agree
62,Family Class,Security Screening,Philippines,Niagara Falls IRCC,office,,1,,,ok_group,empty,agree
62,Family Class,Security Screening,Philippines,Ottawa IR,office,,4,,,ok_group,empty,agree
62,Family Class,Security Screening,Philippines,Saskatoon IRCC,office,,1,,,ok_group,empty,agree
62,Family Class,Security Screening,Philippines,Vancouver Immiaration,office,2,15,,,ok_group,agree,agree
62,Family Class,Security Screening,Philippines,Windsor,office,,1,,,ok_group,empty,agree
62,Family Class,Security Screening,Poland,,citizenship,2,10,2,10,reconciled,agree,agree
62,Family Class,Security Screening,Poland,Case Processing Centre Mississauga,office,1,3,,,ok_group,agree,agree
62,Family Class,Security Screening,Poland,Etobicoke,office,1,2,,,ok_group,agree,agree
62,Family Class,Security Screening,Poland,London,office,,1,,,ok_group,empty,agree
62,Family Class,Security Screening,Poland,London Enaland,office,,1,,,ok_group,empty,agree
62,Family Class,Security Screening,Poland,Montreal Immiaration,office,,1,,,ok_group,empty,agree
62,Family Class,Security Screening,Poland,Vancouver Immiaration,office,,2,,,ok_group,empty,agree
62,Family Class,Security Screening,Portuaal,,citizenship,2,15,2,15,reconciled,agree,agree
62,Family Class,Security Screening,Portuaal,Case Processing Centre Mississauga,office,2,6,,,ok_group,agree,agree
62,Family Class,Security Screening,Portuaal,Etobicoke,office,,3,,,ok_group,empty,agree
62,Family Class,Security Screening,Portuaal,Hamilton,office,,1,,,ok_group,empty,agree
62,Family Class,Security Screening,Portuaal,London,office,,1,,,ok_group,empty,agree
62,Family Class,Security Screening,Portuaal,Montreal Immiaration,office,,2,,,ok_group,empty,agree
62,Family Class,Security Screening,Portuaal,Paris,office,,2,,,ok_group,empty,agree
62,Family Class,Security Screening,Oatar,,citizenship,,1,0,1,reconciled,empty,agree
62,Family Class,Security Screening,Oatar,Case Processing Centre Mississauga,office,,1,,,ok_group,empty,agree
62,Family Class,Security Screening,Republic of Diibouti,,citizenship,1,30,1,28,MISMATCH,agree,agree
62,Family Class,Security Screening,Republic of Diibouti,Case Processing Centre Mississauga,office,1,3,,,IN_FAILED_GROUP,agree,majority
62,Family Class,Security Screening,Republic of Diibouti,Etobicoke,office,,1,,,IN_FAILED_GROUP,empty,agree
62,Family Class,Security Screening,Republic of Diibouti,London Enaland,office,,2,,,IN_FAILED_GROUP,empty,agree
62,Family Class,Security Screening,Republic of Diibouti,Montreal Immiaration,office,,2,,,IN_FAILED_GROUP,empty,agree
62,Family Class,Security Screening,Republic of Diibouti,Nairobi,office,,19,,,IN_FAILED_GROUP,empty,agree
62,Family Class,Security Screening,Republic of Diibouti,Vienna,office,,1,,,IN_FAILED_GROUP,empty,agree
62,Family Class,Security Screening,Republic of Indonesia,,citizenship,,6,0,6,reconciled,empty,agree
62,Family Class,Security Screening,Republic of Indonesia,Calaary Citizenship and Immiaration Canada,office,,1,,,ok_group,empty,agree
62,Family Class,Security Screening,Republic of Indonesia,Case Processing Centre Mississauga,office,,2,,,ok_group,empty,agree
62,Family Class,Security Screening,Republic of Indonesia,Irregular Miaration BC,office,,1,,,ok_group,empty,agree
62,Family Class,Security Screening,Republic of Indonesia,London,office,,1,,,ok_group,empty,agree
62,Family Class,Security Screening,Republic of Indonesia,Singapore,office,,1,,,ok_group,empty,agree
62,Family Class,Security Screening,Republic of Ireland,,citizenship,2,6,2,4,MISMATCH,agree,agree
62,Family Class,Security Screening,Republic of Ireland,Case Processing Centre Mississauga,office,1,3,,,IN_FAILED_GROUP,agree,majority
62,Family Class,Security Screening,Republic of Ireland,Etobicoke,office,1,1,,,IN_FAILED_GROUP,agree,agree
62,Family Class,Security Screening,Republic of Ivory Coast,,citizenship,1,38,1,38,reconciled,agree,agree
62,Family Class,Security Screening,Republic of Ivory Coast,Beiiina,office,,2,,,ok_group,empty,agree
62,Family Class,Security Screening,Republic of Ivory Coast,Case Processing Centre Mississauga,office,1,9,,,ok_group,agree,agree
62,Family Class,Security Screening,Republic of Ivory Coast,Dakar,office,,22,,,ok_group,empty,agree
62,Family Class,Security Screening,Republic of Ivory Coast,Etobicoke,office,,1,,,ok_group,empty,agree
62,Family Class,Security Screening,Republic of Ivory Coast,Montreal Immiaration,office,,2,,,ok_group,empty,agree
62,Family Class,Security Screening,Republic of Ivory Coast,Paris,office,,2,,,ok_group,empty,agree
62,Family Class,Security Screening,Republic of South Africa,,citizenship,2,42,2,42,reconciled,agree,agree
62,Family Class,Security Screening,Republic of South Africa,Calaary Citizenship and Immiaration Canada,office,,1,,,ok_group,empty,agree
62,Family Class,Security Screening,Republic of South Africa,Case Processing Centre Mississauga,office,1,9,,,ok_group,agree,agree
62,Family Class,Security Screening,Republic of South Africa,Hamilton,office,,1,,,ok_group,empty,agree
62,Family Class,Security Screening,Republic of South Africa,HM Niagara Falls,office,,2,,,ok_group,empty,agree
62,Family Class,Security Screening,Republic of South Africa,London Enaland,office,,1,,,ok_group,empty,agree
62,Family Class,Security Screening,Republic of South Africa,Montreal Immiaration,office,,3,,,ok_group,empty,agree
62,Family Class,Security Screening,Republic of South Africa,Pretoria,office,,16,,,ok_group,empty,agree
62,Family Class,Security Screening,Republic of South Africa,Singapore,office,1,1,,,ok_group,agree,agree
62,Family Class,Security Screening,Republic of South Africa,Vancouver Immiaration,office,,8,,,ok_group,empty,agree
62,Family Class,Security Screening,Republic of the Niger,,citizenship,2,6,2,6,reconciled,agree,agree
62,Family Class,Security Screening,Republic of the Niger,Case Processing Centre Mississauga,office,2,3,,,ok_group,agree,agree
62,Family Class,Security Screening,Republic of the Niger,Dakar,office,,3,,,ok_group,empty,agree
62,Family Class,Security Screening,Romania,,citizenship,4,29,4,29,reconciled,agree,agree
62,Family Class,Security Screening,Romania,Bucharest,office,,1,,,ok_group,empty,agree
62,Family Class,Security Screening,Romania,Case Processing Centre Mississauga,office,3,20,,,ok_group,agree,agree
62,Family Class,Security Screening,Romania,Case Processing Centre Ottawa,office,,1,,,ok_group,empty,agree
62,Family Class,Security Screening,Romania,London Enaland,office,,1,,,ok_group,empty,agree
62,Family Class,Security Screening,Romania,Montreal Immiaration,office,,1,,,ok_group,empty,agree
62,Family Class,Security Screening,Romania,Ottawa IR,office,,1,,,ok_group,empty,agree
62,Family Class,Security Screening,Romania,Paris,office,1,3,,,ok_group,agree,agree
62,Family Class,Security Screening,Romania,Vienna,office,,1,,,ok_group,empty,agree
62,Family Class,Security Screening,Russia,,citizenship,47,402,47,400,MISMATCH,agree,agree
62,Family Class,Security Screening,Russia,Amman,office,1,1,,,IN_FAILED_GROUP,agree,agree
62,Family Class,Security Screening,Russia,Ankara,office,1,1,,,IN_FAILED_GROUP,agree,agree
62,Family Class,Security Screening,Russia,Beiiina,office,,1,,,IN_FAILED_GROUP,empty,agree
62,Family Class,Security Screening,Russia,Beirut,office,,1,,,IN_FAILED_GROUP,empty,agree
62,Family Class,Security Screening,Russia,Case Processing Centre Mississauga,office,37,269,,,IN_FAILED_GROUP,majority,agree
62,Family Class,Security Screening,Russia,Case Processing Centre Ottawa,office,,10,,,IN_FAILED_GROUP,empty,agree
62,Family Class,Security Screening,Russia,Etobicoke,office,,6,,,IN_FAILED_GROUP,empty,agree
62,Family Class,Security Screening,Russia,Honda Kona,office,,1,,,IN_FAILED_GROUP,empty,agree
62,Family Class,Security Screening,Russia,Irregular Miaration BC,office,,3,,,IN_FAILED_GROUP,empty,majority
62,Family Class,Security Screening,Russia,Kitchener,office,,1,,,IN_FAILED_GROUP,empty,agree
62,Family Class,Security Screening,Russia,London,office,,10,,,IN_FAILED_GROUP,empty,agree
62,Family Class,Security Screening,Russia,London Enaland,office,,2,,,IN_FAILED_GROUP,empty,agree
62,Family Class,Security Screening,Russia,Mexico City,office,1,3,,,IN_FAILED_GROUP,agree,agree
62,Family Class,Security Screening,Russia,Montreal Immiaration,office,,8,,,IN_FAILED_GROUP,empty,agree
62,Family Class,Security Screening,Russia,Moscow,office,,2,,,IN_FAILED_GROUP,empty,agree
62,Family Class,Security Screening,Russia,Ottawa,office,,2,,,IN_FAILED_GROUP,empty,agree
62,Family Class,Security Screening,Russia,Ottawa IR,office,,4,,,IN_FAILED_GROUP,empty,agree
62,Family Class,Security Screening,Russia,Paris,office,1,2,,,IN_FAILED_GROUP,agree,agree
62,Family Class,Security Screening,Russia,Sao Paulo,office,1,1,,,IN_FAILED_GROUP,agree,agree
62,Family Class,Security Screening,Russia,Singapore,office,1,1,,,IN_FAILED_GROUP,agree,agree
62,Family Class,Security Screening,Russia,Vancouver Immiaration,office,,17,,,IN_FAILED_GROUP,empty,agree
62,Family Class,Security Screening,Russia,Warsaw,office,4,54,,,IN_FAILED_GROUP,agree,agree
62,Family Class,Security Screening,Rwanda,,citizenship,4,25,4,25,reconciled,agree,agree
62,Family Class,Security Screening,Rwanda,Case Processing Centre Mississauga,office,3,8,,,ok_group,agree,agree
62,Family Class,Security Screening,Rwanda,Dakar,office,,1,,,ok_group,empty,agree
62,Family Class,Security Screening,Rwanda,Dar-Es-Salaam,office,1,9,,,ok_group,agree,agree
62,Family Class,Security Screening,Rwanda,Irregular Miaration BC,office,,1,,,ok_group,empty,agree
62,Family Class,Security Screening,Rwanda,London,office,,1,,,ok_group,empty,agree
62,Family Class,Security Screening,Rwanda,London Enaland,office,,1,,,ok_group,empty,agree
62,Family Class,Security Screening,Rwanda,Ottawa IR,office,,1,,,ok_group,empty,agree
62,Family Class,Security Screening,Rwanda,Pretoria,office,,1,,,ok_group,empty,agree
62,Family Class,Security Screening,Rwanda,Vancouver Immiaration,office,,2,,,ok_group,empty,agree
62,Family Class,Security Screening,Saudi Arabia,,citizenship,3,41,3,41,reconciled,agree,agree
62,Family Class,Security Screening,Saudi Arabia,Case Processing Centre Mississauga,office,3,31,,,ok_group,agree,agree
62,Family Class,Security Screening,Saudi Arabia,Etobicoke,office,,4,,,ok_group,empty,agree
62,Family Class,Security Screening,Saudi Arabia,Irregular Miaration BC,office,,2,,,ok_group,empty,agree
62,Family Class,Security Screening,Saudi Arabia,London Enaland,office,,4,,,ok_group,empty,agree
62,Family Class,Security Screening,Seneaal,,citizenship,3,18,3,16,MISMATCH,agree,agree
62,Family Class,Security Screening,Seneaal,Calaary Citizenship and Immiaration Canada,office,,1,,,IN_FAILED_GROUP,empty,agree
62,Family Class,Security Screening,Seneaal,Case Processing Centre Mississauga,office,3,7,,,IN_FAILED_GROUP,agree,agree
62,Family Class,Security Screening,Seneaal,Dakar,office,,7,,,IN_FAILED_GROUP,empty,agree
62,Family Class,Security Screening,Seneaal,HM Niagara Falls,office,,1,,,IN_FAILED_GROUP,empty,agree
62,Family Class,Security Screening,Seneaal,Montreal Immiaration,office,,,,,IN_FAILED_GROUP,empty,none
63,Family Class,Security Screening,"Serbia, Republic of",,citizenship,2,29,2,27,MISMATCH,agree,agree
63,Family Class,Security Screening,"Serbia, Republic of",Case Processing Centre Mississauga,office,1,11,,,IN_FAILED_GROUP,agree,agree
63,Family Class,Security Screening,"Serbia, Republic of",Etobicoke,office,,2,,,IN_FAILED_GROUP,empty,agree
63,Family Class,Security Screening,"Serbia, Republic of",Irregular Miaration BC,office,,1,,,IN_FAILED_GROUP,empty,agree
63,Family Class,Security Screening,"Serbia, Republic of",Montreal Immiaration,office,1,3,,,IN_FAILED_GROUP,agree,agree
63,Family Class,Security Screening,"Serbia, Republic of",Ottawa IR,office,,1,,,IN_FAILED_GROUP,empty,agree
63,Family Class,Security Screening,"Serbia, Republic of",Vancouver Immiaration,office,,3,,,IN_FAILED_GROUP,empty,majority
63,Family Class,Security Screening,"Serbia, Republic of",Vienna,office,,6,,,IN_FAILED_GROUP,empty,agree
63,Family Class,Security Screening,Sierra Leone,,citizenship,,3,0,3,reconciled,empty,agree
63,Family Class,Security Screening,Sierra Leone,Accra,office,,2,,,ok_group,empty,agree
63,Family Class,Security Screening,Sierra Leone,London Enaland,office,,1,,,ok_group,empty,agree
63,Family Class,Security Screening,Singapore,,citizenship,2,18,2,28,MISMATCH,agree,agree
63,Family Class,Security Screening,Singapore,Case Processing Centre Mississauga,office,2,14,,,IN_FAILED_GROUP,agree,agree
63,Family Class,Security Screening,Singapore,Case Processing Centre Ottawa,office,,1,,,IN_FAILED_GROUP,empty,agree
63,Family Class,Security Screening,Singapore,Irregular Miaration BC,office,,1,,,IN_FAILED_GROUP,empty,agree
63,Family Class,Security Screening,Singapore,London,office,,1,,,IN_FAILED_GROUP,empty,agree
63,Family Class,Security Screening,Singapore,Montreal Immiaration,office,,1,,,IN_FAILED_GROUP,empty,agree
63,Family Class,Security Screening,Singapore,Slovak Republic,office,,4,,,IN_FAILED_GROUP,empty,agree
63,Family Class,Security Screening,Singapore,Case Processing Centre Mississauga,office,,2,,,IN_FAILED_GROUP,empty,agree
63,Family Class,Security Screening,Singapore,Irregular Miaration BC,office,,1,,,IN_FAILED_GROUP,empty,agree
63,Family Class,Security Screening,Singapore,Vancouver Immiaration,office,,1,,,IN_FAILED_GROUP,empty,agree
63,Family Class,Security Screening,Singapore,Slovenia,office,,1,,,IN_FAILED_GROUP,empty,agree
63,Family Class,Security Screening,Singapore,Vienna,office,,1,,,IN_FAILED_GROUP,empty,agree
63,Family Class,Security Screening,Socialist Republic of Vietnam,,citizenship,12,125,12,125,reconciled,agree,agree
63,Family Class,Security Screening,Socialist Republic of Vietnam,Calaary Citizenship and Immiaration Canada,office,,1,,,ok_group,empty,agree
63,Family Class,Security Screening,Socialist Republic of Vietnam,Case Processing Centre Mississauga,office,10,53,,,ok_group,agree,majority
63,Family Class,Security Screening,Socialist Republic of Vietnam,Case Processing Centre Ottawa,office,,10,,,ok_group,empty,agree
63,Family Class,Security Screening,Socialist Republic of Vietnam,DN West Virtual Team 1,office,,2,,,ok_group,empty,agree
63,Family Class,Security Screening,Socialist Republic of Vietnam,Etobicoke,office,2,11,,,ok_group,agree,agree
63,Family Class,Security Screening,Socialist Republic of Vietnam,HM Niagara Falls,office,,1,,,ok_group,empty,agree
63,Family Class,Security Screening,Socialist Republic of Vietnam,Irregular Miaration BC,office,,2,,,ok_group,empty,agree
63,Family Class,Security Screening,Socialist Republic of Vietnam,Kitchener,office,,1,,,ok_group,empty,agree
63,Family Class,Security Screening,Socialist Republic of Vietnam,London,office,,17,,,ok_group,empty,agree
63,Family Class,Security Screening,Socialist Republic of Vietnam,Montreal Immiaration,office,,4,,,ok_group,empty,agree
63,Family Class,Security Screening,Socialist Republic of Vietnam,Singapore,office,,9,,,ok_group,empty,agree
63,Family Class,Security Screening,Socialist Republic of Vietnam,Vancouver Immiaration,office,,14,,,ok_group,empty,agree
63,Family Class,Security Screening,"Somalia, Democratic Republic of",,citizenship,35,218,35,193,MISMATCH,majority,agree
63,Family Class,Security Screening,"Somalia, Democratic Republic of",Abu Dhabi,office,2,2,,,IN_FAILED_GROUP,agree,agree
63,Family Class,Security Screening,"Somalia, Democratic Republic of",Ankara,office,,4,,,IN_FAILED_GROUP,empty,agree
63,Family Class,Security Screening,"Somalia, Democratic Republic of",Cairo,office,,3,,,IN_FAILED_GROUP,empty,agree
63,Family Class,Security Screening,"Somalia, Democratic Republic of",Case Processing Centre Mississauga,office,4,12,,,IN_FAILED_GROUP,agree,agree
63,Family Class,Security Screening,"Somalia, Democratic Republic of",Case Processing Centre Ottawa,office,,1,,,IN_FAILED_GROUP,empty,agree
63,Family Class,Security Screening,"Somalia, Democratic Republic of",Dar-Es-Salaam,office,1,34,,,IN_FAILED_GROUP,agree,agree
63,Family Class,Security Screening,"Somalia, Democratic Republic of",Etobicoke,office,1,3,,,IN_FAILED_GROUP,agree,majority
63,Family Class,Security Screening,"Somalia, Democratic Republic of",HM-New Ineliaibility,office,,1,,,IN_FAILED_GROUP,empty,agree
63,Family Class,Security Screening,"Somalia, Democratic Republic of",Honda Kona,office,,1,,,IN_FAILED_GROUP,empty,agree
63,Family Class,Security Screening,"Somalia, Democratic Republic of",London Enaland,office,,10,,,IN_FAILED_GROUP,empty,agree
63,Family Class,Security Screening,"Somalia, Democratic Republic of",Nairobi,office,22,98,,,IN_FAILED_GROUP,agree,agree
63,Family Class,Security Screening,"Somalia, Democratic Republic of",Ottawa,office,,1,,,IN_FAILED_GROUP,empty,agree
63,Family Class,Security Screening,"Somalia, Democratic Republic of",Ottawa IR,office,,1,,,IN_FAILED_GROUP,empty,agree
63,Family Class,Security Screening,"Somalia, Democratic Republic of",Paris,office,1,3,,,IN_FAILED_GROUP,agree,majority
63,Family Class,Security Screening,"Somalia, Democratic Republic of",Pretoria,office,2,2,,,IN_FAILED_GROUP,agree,majority
63,Family Class,Security Screening,"Somalia, Democratic Republic of",Rome,office,1,3,,,IN_FAILED_GROUP,agree,agree
63,Family Class,Security Screening,"Somalia, Democratic Republic of",Singapore,office,1,3,,,IN_FAILED_GROUP,agree,agree
63,Family Class,Security Screening,"Somalia, Democratic Republic of",Vancouver Immiaration,office,,2,,,IN_FAILED_GROUP,empty,agree
63,Family Class,Security Screening,"Somalia, Democratic Republic of",Vienna,office,,8,,,IN_FAILED_GROUP,empty,agree
63,Family Class,Security Screening,"Somalia, Democratic Republic of",Windsor,office,,1,,,IN_FAILED_GROUP,empty,agree
63,Family Class,Security Screening,"South Sudan, Republic Of",,citizenship,2,4,2,4,reconciled,agree,agree
63,Family Class,Security Screening,"South Sudan, Republic Of",Case Processing Centre Mississauga,office,1,2,,,ok_group,agree,agree
63,Family Class,Security Screening,"South Sudan, Republic Of",Montreal Immiaration,office,,1,,,ok_group,empty,agree
63,Family Class,Security Screening,"South Sudan, Republic Of",Nairobi,office,1,1,,,ok_group,agree,agree
63,Family Class,Security Screening,Spain,,citizenship,,12,0,12,reconciled,empty,agree
63,Family Class,Security Screening,Spain,Case Processing Centre Mississauga,office,,10,,,ok_group,empty,agree
63,Family Class,Security Screening,Spain,Honda Kona,office,,1,,,ok_group,empty,agree
63,Family Class,Security Screening,Spain,Vancouver Immiaration,office,,1,,,ok_group,empty,agree
63,Family Class,Security Screening,Sri Lanka,,citizenship,2,148,131,146,MISMATCH,majority,agree
63,Family Class,Security Screening,Sri Lanka,Case Processing Centre Mississauga,office,123,37,,,IN_FAILED_GROUP,majority,majority
63,Family Class,Security Screening,Sri Lanka,Colombo,office,8,50,,,IN_FAILED_GROUP,agree,majority
63,Family Class,Security Screening,Sri Lanka,DN West Virtual Team 1,office,,1,,,IN_FAILED_GROUP,empty,agree
63,Family Class,Security Screening,Sri Lanka,Etobicoke,office,,8,,,IN_FAILED_GROUP,empty,agree
63,Family Class,Security Screening,Sri Lanka,Hamilton,office,,1,,,IN_FAILED_GROUP,empty,agree
63,Family Class,Security Screening,Sri Lanka,HM Montreal,office,,1,,,IN_FAILED_GROUP,empty,agree
63,Family Class,Security Screening,Sri Lanka,HM Niagara Falls,office,,1,,,IN_FAILED_GROUP,empty,agree
63,Family Class,Security Screening,Sri Lanka,HM Vancouver,office,,2,,,IN_FAILED_GROUP,empty,agree
63,Family Class,Security Screening,Sri Lanka,London Enaland,office,,2,,,IN_FAILED_GROUP,empty,agree
63,Family Class,Security Screening,Sri Lanka,Montreal Immiaration,office,,3,,,IN_FAILED_GROUP,empty,agree
63,Family Class,Security Screening,Sri Lanka,New York,office,,1,,,IN_FAILED_GROUP,empty,agree
63,Family Class,Security Screening,Sri Lanka,Ottawa IR,office,,3,,,IN_FAILED_GROUP,empty,majority
63,Family Class,Security Screening,Sri Lanka,Paris,office,,11,,,IN_FAILED_GROUP,empty,agree
63,Family Class,Security Screening,Sri Lanka,Sydney Australia,office,,1,,,IN_FAILED_GROUP,empty,agree
63,Family Class,Security Screening,Sri Lanka,Vancouver Immiaration,office,,24,,,IN_FAILED_GROUP,empty,agree
63,Family Class,Security Screening,St. Kitts-Nevis,,citizenship,,4,0,4,reconciled,empty,agree
63,Family Class,Security Screening,St. Kitts-Nevis,Case Processing Centre Mississauga,office,,1,,,ok_group,empty,agree
63,Family Class,Security Screening,St. Kitts-Nevis,London,office,,2,,,ok_group,empty,agree
63,Family Class,Security Screening,St. Kitts-Nevis,Mexico City,office,,1,,,ok_group,empty,agree
63,Family Class,Security Screening,St. Lucia,,citizenship,,10,0,8,MISMATCH,empty,agree
63,Family Class,Security Screening,St. Lucia,Case Processing Centre Mississauga,office,,3,,,IN_FAILED_GROUP,empty,majority
63,Family Class,Security Screening,St. Lucia,Etobicoke,office,,1,,,IN_FAILED_GROUP,empty,agree
63,Family Class,Security Screening,St. Lucia,HM Niagara Falls,office,,1,,,IN_FAILED_GROUP,empty,agree
63,Family Class,Security Screening,St. Lucia,Irregular Miaration BC,office,,1,,,IN_FAILED_GROUP,empty,agree
63,Family Class,Security Screening,St. Lucia,Mexico City,office,,1,,,IN_FAILED_GROUP,empty,agree
63,Family Class,Security Screening,St. Lucia,Montreal Immiaration,office,,1,,,IN_FAILED_GROUP,empty,agree
63,Family Class,Security Screening,St. Vincent and the Grenadines,,citizenship,,6,0,6,reconciled,empty,agree
63,Family Class,Security Screening,St. Vincent and the Grenadines,Etobicoke,office,,1,,,ok_group,empty,agree
63,Family Class,Security Screening,St. Vincent and the Grenadines,London,office,,1,,,ok_group,empty,agree
63,Family Class,Security Screening,St. Vincent and the Grenadines,Mexico City,office,,3,,,ok_group,empty,agree
63,Family Class,Security Screening,St. Vincent and the Grenadines,Ottawa,office,,1,,,ok_group,empty,agree
63,Family Class,Security Screening,Stateless,,citizenship,14,110,12,110,MISMATCH,agree,agree
63,Family Class,Security Screening,Stateless,Amman,office,,7,,,IN_FAILED_GROUP,empty,agree
63,Family Class,Security Screening,Stateless,Beirut,office,3,56,,,IN_FAILED_GROUP,majority,agree
63,Family Class,Security Screening,Stateless,Bucharest,office,,1,,,IN_FAILED_GROUP,empty,agree
63,Family Class,Security Screening,Stateless,Case Processing Centre Mississauga,office,6,11,,,IN_FAILED_GROUP,agree,agree
63,Family Class,Security Screening,Stateless,Edmonton IRCC,office,,1,,,IN_FAILED_GROUP,empty,agree
63,Family Class,Security Screening,Stateless,Irregular Miaration BC,office,,2,,,IN_FAILED_GROUP,empty,agree
63,Family Class,Security Screening,Stateless,London Enaland,office,1,16,,,IN_FAILED_GROUP,agree,agree
63,Family Class,Security Screening,Stateless,New Delhi,office,,3,,,IN_FAILED_GROUP,empty,agree
63,Family Class,Security Screening,Stateless,Ottawa IR,office,,1,,,IN_FAILED_GROUP,empty,agree
63,Family Class,Security Screening,Stateless,Paris,office,2,3,,,IN_FAILED_GROUP,agree,agree
63,Family Class,Security Screening,Stateless,Vancouver Immiaration,office,,1,,,IN_FAILED_GROUP,empty,agree
63,Family Class,Security Screening,Stateless,Vienna,office,,7,,,IN_FAILED_GROUP,empty,agree
63,Family Class,Security Screening,Stateless,Warsaw,office,,1,,,IN_FAILED_GROUP,empty,agree
63,Family Class,Security Screening,Sweden,,citizenship,1,19,1,19,reconciled,agree,agree
63,Family Class,Security Screening,Sweden,Case Processing Centre Mississauga,office,1,13,,,ok_group,agree,agree
63,Family Class,Security Screening,Sweden,London Enaland,office,,6,,,ok_group,empty,agree
63,Family Class,Security Screening,Switzerland,,citizenship,,2,0,2,reconciled,empty,agree
63,Family Class,Security Screening,Switzerland,Paris,office,,2,,,ok_group,empty,agree
63,Family Class,Security Screening,Syria,,citizenship,7,508,49,508,MISMATCH,majority,agree
63,Family Class,Security Screening,Syria,Abu Dhabi,office,6,7,,,IN_FAILED_GROUP,agree,agree
63,Family Class,Security Screening,Syria,Amman,office,7,189,,,IN_FAILED_GROUP,majority,agree
63,Family Class,Security Screening,Syria,Ankara,office,,6,,,IN_FAILED_GROUP,empty,agree
63,Family Class,Security Screening,Syria,Beirut,office,3,34,,,IN_FAILED_GROUP,agree,agree
63,Family Class,Security Screening,Syria,Bucharest,office,,17,,,IN_FAILED_GROUP,empty,agree
63,Family Class,Security Screening,Syria,Cairo,office,6,8,,,IN_FAILED_GROUP,agree,agree
63,Family Class,Security Screening,Syria,Case Processing Centre Mississauga,office,22,54,,,IN_FAILED_GROUP,agree,agree
63,Family Class,Security Screening,Syria,Case Processing Centre Ottawa,office,,2,,,IN_FAILED_GROUP,empty,agree
63,Family Class,Security Screening,Syria,Etobicoke,office,,11,,,IN_FAILED_GROUP,empty,agree
63,Family Class,Security Screening,Syria,Hamilton,office,,1,,,IN_FAILED_GROUP,empty,agree
63,Family Class,Security Screening,Syria,HM Niagara Falls,office,,2,,,IN_FAILED_GROUP,empty,agree
63,Family Class,Security Screening,Syria,Honda Kona,office,,1,,,IN_FAILED_GROUP,empty,agree
63,Family Class,Security Screening,Syria,Irregular Miaration BC,office,,3,,,IN_FAILED_GROUP,empty,agree
63,Family Class,Security Screening,Syria,London,office,,4,,,IN_FAILED_GROUP,empty,agree
63,Family Class,Security Screening,Syria,London Enaland,office,2,66,,,IN_FAILED_GROUP,agree,agree
63,Family Class,Security Screening,Syria,Montreal Immiaration,office,,6,,,IN_FAILED_GROUP,empty,agree
63,Family Class,Security Screening,Syria,Paris,office,1,18,,,IN_FAILED_GROUP,agree,agree
63,Family Class,Security Screening,Syria,Rome,office,,3,,,IN_FAILED_GROUP,empty,agree
63,Family Class,Security Screening,Syria,Singapore,office,,1,,,IN_FAILED_GROUP,empty,agree
63,Family Class,Security Screening,Syria,Sydney Australia,office,,2,,,IN_FAILED_GROUP,empty,agree
63,Family Class,Security Screening,Syria,Vancouver Immiaration,office,,33,,,IN_FAILED_GROUP,empty,agree
63,Family Class,Security Screening,Syria,Vienna,office,2,40,,,IN_FAILED_GROUP,agree,agree
63,Family Class,Security Screening,Tadiikistan,,citizenship,,7,0,7,reconciled,empty,agree
63,Family Class,Security Screening,Tadiikistan,Calaary Citizenship and Immiaration Canada,office,,1,,,ok_group,empty,agree
63,Family Class,Security Screening,Tadiikistan,Case Processing Centre Mississauga,office,,3,,,ok_group,empty,agree
63,Family Class,Security Screening,Tadiikistan,London,office,,1,,,ok_group,empty,agree
63,Family Class,Security Screening,Tadiikistan,Warsaw,office,,2,,,ok_group,empty,agree
63,Family Class,Security Screening,Taiwan,,citizenship,4,95,4,92,MISMATCH,agree,agree
63,Family Class,Security Screening,Taiwan,Case Processing Centre Mississauga,office,4,62,,,IN_FAILED_GROUP,agree,majority
63,Family Class,Security Screening,Taiwan,Case Processing Centre Ottawa,office,,,,,IN_FAILED_GROUP,empty,none
64,Family Class,Security Screening,Taiwan,Etobicoke,office,,2,,,IN_FAILED_GROUP,empty,agree
64,Family Class,Security Screening,Taiwan,HM Niagara Falls,office,,1,,,IN_FAILED_GROUP,empty,agree
64,Family Class,Security Screening,Taiwan,Honda Kona,office,,12,,,IN_FAILED_GROUP,empty,agree
64,Family Class,Security Screening,Taiwan,Irregular Miaration BC,office,,3,,,IN_FAILED_GROUP,empty,agree
64,Family Class,Security Screening,Taiwan,Montreal Immiaration,office,,6,,,IN_FAILED_GROUP,empty,agree
64,Family Class,Security Screening,Taiwan,Vancouver Immiaration,office,,6,,,IN_FAILED_GROUP,empty,agree
64,Family Class,Security Screening,Thailand,,citizenship,2,10,3,8,MISMATCH,majority,agree
64,Family Class,Security Screening,Thailand,Case Processing Centre Mississauga,office,1,3,,,IN_FAILED_GROUP,agree,majority
64,Family Class,Security Screening,Thailand,Etobicoke,office,1,2,,,IN_FAILED_GROUP,agree,agree
64,Family Class,Security Screening,Thailand,Singapore,office,1,2,,,IN_FAILED_GROUP,agree,agree
64,Family Class,Security Screening,Thailand,Windsor,office,,1,,,IN_FAILED_GROUP,empty,agree
64,Family Class,Security Screening,The Netherlands,,citizenship,1,15,1,15,reconciled,agree,agree
64,Family Class,Security Screening,The Netherlands,Case Processing Centre Mississauga,office,1,6,,,ok_group,agree,agree
64,Family Class,Security Screening,The Netherlands,Case Processing Centre Ottawa,office,,1,,,ok_group,empty,agree
64,Family Class,Security Screening,The Netherlands,Etobicoke,office,,2,,,ok_group,empty,agree
64,Family Class,Security Screening,The Netherlands,Kitchener,office,,1,,,ok_group,empty,agree
64,Family Class,Security Screening,The Netherlands,London Enaland,office,,1,,,ok_group,empty,agree
64,Family Class,Security Screening,The Netherlands,Vienna,office,,4,,,ok_group,empty,agree
64,Family Class,Security Screening,"Todo, Republic of",,citizenship,4,9,4,7,MISMATCH,agree,agree
64,Family Class,Security Screening,"Todo, Republic of",Accra,office,,1,,,IN_FAILED_GROUP,empty,agree
64,Family Class,Security Screening,"Todo, Republic of",Case Processing Centre Mississauga,office,4,3,,,IN_FAILED_GROUP,agree,majority
64,Family Class,Security Screening,"Todo, Republic of",Montreal Immiaration,office,,3,,,IN_FAILED_GROUP,empty,agree
64,Family Class,Security Screening,"Trinidad and Tobaao, Republic of",,citizenship,1,2,1,21,MISMATCH,agree,majority
64,Family Class,Security Screening,"Trinidad and Tobaao, Republic of",Case Processing Centre Mississauga,office,,3,,,IN_FAILED_GROUP,empty,majority
64,Family Class,Security Screening,"Trinidad and Tobaao, Republic of",Etobicoke,office,1,1,,,IN_FAILED_GROUP,agree,agree
64,Family Class,Security Screening,"Trinidad and Tobaao, Republic of",Irregular Miaration BC,office,,1,,,IN_FAILED_GROUP,empty,agree
64,Family Class,Security Screening,"Trinidad and Tobaao, Republic of",London,office,,4,,,IN_FAILED_GROUP,empty,agree
64,Family Class,Security Screening,"Trinidad and Tobaao, Republic of",Mexico City,office,,8,,,IN_FAILED_GROUP,empty,agree
64,Family Class,Security Screening,"Trinidad and Tobaao, Republic of",Montreal Immiaration,office,,1,,,IN_FAILED_GROUP,empty,agree
64,Family Class,Security Screening,"Trinidad and Tobaao, Republic of",Port of Spain,office,,3,,,IN_FAILED_GROUP,empty,agree
64,Family Class,Security Screening,Tunisia,,citizenship,,92,9,90,MISMATCH,none,agree
64,Family Class,Security Screening,Tunisia,Case Processing Centre Mississauga,office,6,32,,,IN_FAILED_GROUP,agree,agree
64,Family Class,Security Screening,Tunisia,HM Niagara Falls,office,,1,,,IN_FAILED_GROUP,empty,agree
64,Family Class,Security Screening,Tunisia,Irregular Miaration BC,office,,2,,,IN_FAILED_GROUP,empty,agree
64,Family Class,Security Screening,Tunisia,London Enaland,office,,4,,,IN_FAILED_GROUP,empty,agree
64,Family Class,Security Screening,Tunisia,Montreal Immiaration,office,,3,,,IN_FAILED_GROUP,empty,majority
64,Family Class,Security Screening,Tunisia,Paris,office,3,31,,,IN_FAILED_GROUP,agree,agree
64,Family Class,Security Screening,Tunisia,Tunis,office,,17,,,IN_FAILED_GROUP,empty,agree
64,Family Class,Security Screening,Turkey,,citizenship,,74,8,90,MISMATCH,none,majority
64,Family Class,Security Screening,Turkey,Ankara,office,,6,,,IN_FAILED_GROUP,empty,agree
64,Family Class,Security Screening,Turkey,Beirut,office,,1,,,IN_FAILED_GROUP,empty,agree
64,Family Class,Security Screening,Turkey,Calaary Citizenship and Immiaration Canada,office,,1,,,IN_FAILED_GROUP,empty,agree
64,Family Class,Security Screening,Turkey,Case Processing Centre Mississauga,office,6,47,,,IN_FAILED_GROUP,agree,agree
64,Family Class,Security Screening,Turkey,DN West Virtual Team 1,office,,1,,,IN_FAILED_GROUP,empty,agree
64,Family Class,Security Screening,Turkey,Edmonton IRCC,office,,1,,,IN_FAILED_GROUP,empty,agree
64,Family Class,Security Screening,Turkey,Etobicoke,office,1,2,,,IN_FAILED_GROUP,agree,agree
64,Family Class,Security Screening,Turkey,Irregular Miaration BC,office,,2,,,IN_FAILED_GROUP,empty,agree
64,Family Class,Security Screening,Turkey,London,office,,3,,,IN_FAILED_GROUP,empty,agree
64,Family Class,Security Screening,Turkey,London Enaland,office,,1,,,IN_FAILED_GROUP,empty,agree
64,Family Class,Security Screening,Turkey,Montreal Immiaration,office,,2,,,IN_FAILED_GROUP,empty,agree
64,Family Class,Security Screening,Turkey,Ottawa IR,office,,1,,,IN_FAILED_GROUP,empty,agree
64,Family Class,Security Screening,Turkey,Pretoria,office,,1,,,IN_FAILED_GROUP,empty,agree
64,Family Class,Security Screening,Turkey,Rome,office,1,1,,,IN_FAILED_GROUP,agree,agree
64,Family Class,Security Screening,Turkey,Vancouver Immiaration,office,,3,,,IN_FAILED_GROUP,empty,agree
64,Family Class,Security Screening,Turkey,Vienna,office,,1,,,IN_FAILED_GROUP,empty,agree
64,Family Class,Security Screening,Turkey,Udanda,office,,8,,,IN_FAILED_GROUP,empty,agree
64,Family Class,Security Screening,Turkey,Case Processing Centre Mississauga,office,,1,,,IN_FAILED_GROUP,empty,agree
64,Family Class,Security Screening,Turkey,Case Processing Centre Ottawa,office,,1,,,IN_FAILED_GROUP,empty,agree
64,Family Class,Security Screening,Turkey,Dar-Es-Salaam,office,,3,,,IN_FAILED_GROUP,empty,agree
64,Family Class,Security Screening,Turkey,Etobicoke,office,,1,,,IN_FAILED_GROUP,empty,agree
64,Family Class,Security Screening,Turkey,New York,office,,1,,,IN_FAILED_GROUP,empty,agree
64,Family Class,Security Screening,Turkey,Paris,office,,1,,,IN_FAILED_GROUP,empty,agree
64,Family Class,Security Screening,Ukraine,,citizenship,7,265,7,259,MISMATCH,agree,agree
64,Family Class,Security Screening,Ukraine,Calaary Citizenship and Immiaration Canada,office,,2,,,IN_FAILED_GROUP,empty,agree
64,Family Class,Security Screening,Ukraine,Case Processing Centre Mississauga,office,6,120,,,IN_FAILED_GROUP,agree,agree
64,Family Class,Security Screening,Ukraine,Case Processing Centre Ottawa,office,,10,,,IN_FAILED_GROUP,empty,agree
64,Family Class,Security Screening,Ukraine,CIO Sydney NS,office,,1,,,IN_FAILED_GROUP,empty,agree
64,Family Class,Security Screening,Ukraine,Etobicoke,office,,3,,,IN_FAILED_GROUP,empty,majority
64,Family Class,Security Screening,Ukraine,Hamilton,office,,1,,,IN_FAILED_GROUP,empty,agree
64,Family Class,Security Screening,Ukraine,Honda Kona,office,,2,,,IN_FAILED_GROUP,empty,agree
64,Family Class,Security Screening,Ukraine,Irregular Miaration BC,office,,3,,,IN_FAILED_GROUP,empty,majority
64,Family Class,Security Screening,Ukraine,Kyiv,office,,9,,,IN_FAILED_GROUP,empty,agree
64,Family Class,Security Screening,Ukraine,London,office,,3,,,IN_FAILED_GROUP,empty,agree
64,Family Class,Security Screening,Ukraine,London Enaland,office,1,85,,,IN_FAILED_GROUP,agree,agree
64,Family Class,Security Screening,Ukraine,Montreal Immiaration,office,,3,,,IN_FAILED_GROUP,empty,majority
64,Family Class,Security Screening,Ukraine,Vancouver Immiaration,office,,17,,,IN_FAILED_GROUP,empty,agree
64,Family Class,Security Screening,United Kinadom and Overseas Territories,,citizenship,8,110,0,108,MISMATCH,agree,agree
64,Family Class,Security Screening,United Kinadom and Overseas Territories,Beirut,office,,1,,,IN_FAILED_GROUP,empty,agree
64,Family Class,Security Screening,United Kinadom and Overseas Territories,Case Processing Centre Mississauga,office,,67,,,IN_FAILED_GROUP,none,agree
64,Family Class,Security Screening,United Kinadom and Overseas Territories,Case Processing Centre Ottawa,office,,6,,,IN_FAILED_GROUP,empty,agree
64,Family Class,Security Screening,United Kinadom and Overseas Territories,Edmonton IRCC,office,,1,,,IN_FAILED_GROUP,empty,agree
64,Family Class,Security Screening,United Kinadom and Overseas Territories,Etobicoke,office,,2,,,IN_FAILED_GROUP,empty,agree
64,Family Class,Security Screening,United Kinadom and Overseas Territories,HM Niagara Falls,office,,1,,,IN_FAILED_GROUP,empty,agree
64,Family Class,Security Screening,United Kinadom and Overseas Territories,Honda Kona,office,,6,,,IN_FAILED_GROUP,empty,agree
64,Family Class,Security Screening,United Kinadom and Overseas Territories,Irregular Miaration BC,office,,2,,,IN_FAILED_GROUP,empty,agree
64,Family Class,Security Screening,United Kinadom and Overseas Territories,London,office,,3,,,IN_FAILED_GROUP,empty,agree
64,Family Class,Security Screening,United Kinadom and Overseas Territories,London Enaland,office,,12,,,IN_FAILED_GROUP,empty,agree
64,Family Class,Security Screening,United Kinadom and Overseas Territories,Montreal Immiaration,office,,3,,,IN_FAILED_GROUP,empty,majority
64,Family Class,Security Screening,United Kinadom and Overseas Territories,Nairobi,office,,1,,,IN_FAILED_GROUP,empty,agree
64,Family Class,Security Screening,United Kinadom and Overseas Territories,Pretoria,office,,1,,,IN_FAILED_GROUP,empty,agree
64,Family Class,Security Screening,United Kinadom and Overseas Territories,Vancouver Immiaration,office,,1,,,IN_FAILED_GROUP,empty,agree
64,Family Class,Security Screening,United Kinadom and Overseas Territories,Vienna,office,,1,,,IN_FAILED_GROUP,empty,agree
64,Family Class,Security Screening,United Republic of Tanzania,,citizenship,,9,0,9,reconciled,empty,agree
64,Family Class,Security Screening,United Republic of Tanzania,Case Processing Centre Mississauga,office,,3,,,ok_group,empty,agree
64,Family Class,Security Screening,United Republic of Tanzania,Dar-Es-Salaam,office,,1,,,ok_group,empty,agree
64,Family Class,Security Screening,United Republic of Tanzania,Etobicoke,office,,1,,,ok_group,empty,agree
64,Family Class,Security Screening,United Republic of Tanzania,HM Niagara Falls,office,,2,,,ok_group,empty,agree
64,Family Class,Security Screening,United Republic of Tanzania,Montreal Immiaration,office,,1,,,ok_group,empty,agree
64,Family Class,Security Screening,United Republic of Tanzania,Vancouver Immiaration,office,,1,,,ok_group,empty,agree
64,Family Class,Security Screening,United States of America,,citizenship,16,212,16,169,MISMATCH,agree,agree
64,Family Class,Security Screening,United States of America,Ankara,office,,1,,,IN_FAILED_GROUP,empty,agree
64,Family Class,Security Screening,United States of America,Bogota,office,1,1,,,IN_FAILED_GROUP,agree,agree
64,Family Class,Security Screening,United States of America,Case Processing Centre Mississauga,office,14,112,,,IN_FAILED_GROUP,agree,agree
64,Family Class,Security Screening,United States of America,Case Processing Centre Ottawa,office,,2,,,IN_FAILED_GROUP,empty,majority
64,Family Class,Security Screening,United States of America,DN West Virtual Team 1,office,,1,,,IN_FAILED_GROUP,empty,agree
64,Family Class,Security Screening,United States of America,Etobicoke,office,,3,,,IN_FAILED_GROUP,empty,majority
64,Family Class,Security Screening,United States of America,Irregular Miaration BC,office,,9,,,IN_FAILED_GROUP,empty,agree
64,Family Class,Security Screening,United States of America,Irrequiar Miaration Montreal,office,,2,,,IN_FAILED_GROUP,empty,agree
64,Family Class,Security Screening,United States of America,Kitchener,office,,1,,,IN_FAILED_GROUP,empty,agree
64,Family Class,Security Screening,United States of America,London,office,,4,,,IN_FAILED_GROUP,empty,agree
64,Family Class,Security Screening,United States of America,London Enaland,office,,1,,,IN_FAILED_GROUP,empty,agree
64,Family Class,Security Screening,United States of America,Manila,office,,1,,,IN_FAILED_GROUP,empty,agree
64,Family Class,Security Screening,United States of America,Montreal Immiaration,office,,16,,,IN_FAILED_GROUP,empty,agree
64,Family Class,Security Screening,United States of America,New York,office,1,7,,,IN_FAILED_GROUP,agree,majority
64,Family Class,Security Screening,United States of America,Ottawa,office,,3,,,IN_FAILED_GROUP,empty,agree
64,Family Class,Security Screening,United States of America,Vancouver Immiaration,office,,4,,,IN_FAILED_GROUP,empty,agree
64,Family Class,Security Screening,United States of America,Vienna,office,,1,,,IN_FAILED_GROUP,empty,agree
64,Family Class,Security Screening,Uruquay,,citizenship,,4,0,4,reconciled,empty,agree
64,Family Class,Security Screening,Uruquay,Case Processing Centre Mississauga,office,,3,,,ok_group,empty,agree
64,Family Class,Security Screening,Uruquay,Mexico City,office,,1,,,ok_group,empty,agree
64,Family Class,Security Screening,Uzbekistan,,citizenship,,12,0,12,reconciled,empty,agree
64,Family Class,Security Screening,Uzbekistan,Ankara,office,,1,,,ok_group,empty,agree
64,Family Class,Security Screening,Uzbekistan,Case Processing Centre Mississauga,office,,6,,,ok_group,empty,agree
64,Family Class,Security Screening,Uzbekistan,Etobicoke,office,,1,,,ok_group,empty,agree
64,Family Class,Security Screening,Uzbekistan,Montreal Immiaration,office,,1,,,ok_group,empty,agree
64,Family Class,Security Screening,Uzbekistan,Warsaw,office,,3,,,ok_group,empty,agree
64,Family Class,Security Screening,Vanuatu,,citizenship,,1,0,1,reconciled,empty,agree
64,Family Class,Security Screening,Vanuatu,Case Processing Centre Mississauga,office,,1,,,ok_group,empty,agree
64,Family Class,Security Screening,Venezuela,,citizenship,3,115,5,115,MISMATCH,agree,agree
64,Family Class,Security Screening,Venezuela,Calaary Citizenship and Immiaration Canada,office,,1,,,IN_FAILED_GROUP,empty,agree
64,Family Class,Security Screening,Venezuela,Case Processing Centre Mississauga,office,4,25,,,IN_FAILED_GROUP,agree,agree
64,Family Class,Security Screening,Venezuela,Etobicoke,office,1,1,,,IN_FAILED_GROUP,agree,agree
64,Family Class,Security Screening,Venezuela,Hamilton,office,,1,,,IN_FAILED_GROUP,empty,agree
64,Family Class,Security Screening,Venezuela,HM Niagara Falls,office,,2,,,IN_FAILED_GROUP,empty,agree
64,Family Class,Security Screening,Venezuela,Honda Kona,office,,2,,,IN_FAILED_GROUP,empty,agree
64,Family Class,Security Screening,Venezuela,Irregular Miaration BC,office,,1,,,IN_FAILED_GROUP,empty,agree
64,Family Class,Security Screening,Venezuela,Kitchener,office,,1,,,IN_FAILED_GROUP,empty,agree
64,Family Class,Security Screening,Venezuela,London,office,,16,,,IN_FAILED_GROUP,empty,agree
64,Family Class,Security Screening,Venezuela,Mexico City,office,,44,,,IN_FAILED_GROUP,empty,agree
64,Family Class,Security Screening,Venezuela,Montreal Immiaration,office,,13,,,IN_FAILED_GROUP,empty,agree
64,Family Class,Security Screening,Venezuela,RROC,office,,1,,,IN_FAILED_GROUP,empty,agree
64,Family Class,Security Screening,Venezuela,Vancouver Immiaration,office,,7,,,IN_FAILED_GROUP,empty,agree
64,Family Class,Security Screening,"Yemen, Republic of",,citizenship,100,80,10,77,MISMATCH,majority,agree
64,Family Class,Security Screening,"Yemen, Republic of",Abu Dhabi,office,1,1,,,IN_FAILED_GROUP,agree,agree
64,Family Class,Security Screening,"Yemen, Republic of",Amman,office,,1,,,IN_FAILED_GROUP,empty,agree
64,Family Class,Security Screening,"Yemen, Republic of",Ankara,office,,2,,,IN_FAILED_GROUP,empty,agree
64,Family Class,Security Screening,"Yemen, Republic of",Beirut,office,,,,,IN_FAILED_GROUP,empty,none
65,Family Class,Security Screening,"Yemen, Republic of",Cairo,office,2,3,,,IN_FAILED_GROUP,agree,agree
65,Family Class,Security Screening,"Yemen, Republic of",Case Processing Centre Mississauga,office,3,7,,,IN_FAILED_GROUP,agree,agree
65,Family Class,Security Screening,"Yemen, Republic of",Etobicoke,office,,4,,,IN_FAILED_GROUP,empty,agree
65,Family Class,Security Screening,"Yemen, Republic of",Hamilton,office,,1,,,IN_FAILED_GROUP,empty,agree
65,Family Class,Security Screening,"Yemen, Republic of",Irregular Miaration BC,office,,1,,,IN_FAILED_GROUP,empty,agree
65,Family Class,Security Screening,"Yemen, Republic of",London,office,,1,,,IN_FAILED_GROUP,empty,agree
65,Family Class,Security Screening,"Yemen, Republic of",London Enaland,office,,28,,,IN_FAILED_GROUP,empty,agree
65,Family Class,Security Screening,"Yemen, Republic of",Montreal Immiaration,office,,3,,,IN_FAILED_GROUP,empty,majority
65,Family Class,Security Screening,"Yemen, Republic of",Nairobi,office,1,2,,,IN_FAILED_GROUP,agree,agree
65,Family Class,Security Screening,"Yemen, Republic of",New York,office,,1,,,IN_FAILED_GROUP,empty,agree
65,Family Class,Security Screening,"Yemen, Republic of",Pretoria,office,,1,,,IN_FAILED_GROUP,empty,agree
65,Family Class,Security Screening,"Yemen, Republic of",Rome,office,,1,,,IN_FAILED_GROUP,empty,agree
65,Family Class,Security Screening,"Yemen, Republic of",Singapore,office,1,3,,,IN_FAILED_GROUP,agree,agree
65,Family Class,Security Screening,"Yemen, Republic of",Vancouver Immiaration,office,2,15,,,IN_FAILED_GROUP,agree,agree
65,Family Class,Security Screening,"Yemen, Republic of",Vienna,office,,2,,,IN_FAILED_GROUP,empty,agree
65,Family Class,Security Screening,Zambia,,citizenship,,1,0,1,reconciled,empty,agree
65,Family Class,Security Screening,Zambia,Irregular Miaration BC,office,,1,,,ok_group,empty,agree
65,Family Class,Security Screening,Zimbabwe,,citizenship,3,22,258,4474,MISMATCH,agree,agree
65,Family Class,Security Screening,Zimbabwe,Case Processing Centre Mississauga,office,2,3,,,IN_FAILED_GROUP,agree,majority
65,Family Class,Security Screening,Zimbabwe,London,office,,1,,,IN_FAILED_GROUP,empty,agree
65,Family Class,Security Screening,Zimbabwe,Ottawa IR,office,,1,,,IN_FAILED_GROUP,empty,agree
65,Family Class,Security Screening,Zimbabwe,Pretoria,office,1,6,,,IN_FAILED_GROUP,agree,agree
65,Family Class,Security Screening,Zimbabwe,Vancouver Immiaration,office,,9,,,IN_FAILED_GROUP,empty,agree
65,Family Class,Security Screening,Zimbabwe,Humanitarian Policy & Compassionate / Public,office,255,4454,,,IN_FAILED_GROUP,majority,agree
65,Family Class,HIRV Screening,,,activity_type,,4,0,3,MISMATCH,empty,agree
65,Family Class,HIRV Screening,,Anaola,office,,1,,,no_parent,empty,agree
65,Family Class,HIRV Screening,,Case Cases Review Citizenship And Immigration,office,,1,,,no_parent,empty,agree
65,Family Class,HIRV Screening,Cuba,,citizenship,,1,0,1,reconciled,empty,agree
65,Family Class,HIRV Screening,Cuba,Kinaston Jamaica,office,,1,,,ok_group,empty,agree
65,Family Class,HIRV Screening,Jamaica,,citizenship,,1,0,1,reconciled,empty,agree
65,Family Class,HIRV Screening,Jamaica,HM Niagara Falls,office,,1,,,ok_group,empty,agree
65,Family Class,HIRV Screening,Libya,,citizenship,,1,0,1,reconciled,empty,agree
65,Family Class,HIRV Screening,Libya,Case Cases Review Citizenship And Immigration,office,,1,,,ok_group,empty,agree
65,Family Class,Org Crime Screening,,,activity_type,41,,0,8,MISMATCH,majority,none
65,Family Class,Org Crime Screening,,Anaola,office,1,1,,,no_parent,agree,agree
65,Family Class,Org Crime Screening,,HM Vancouver,office,1,1,,,no_parent,agree,agree
65,Family Class,Org Crime Screening,France,,citizenship,,1,0,1,reconciled,empty,agree
65,Family Class,Org Crime Screening,France,HM Montreal,office,,1,,,ok_group,empty,agree
65,Family Class,Org Crime Screening,Georagia,,citizenship,,1,0,1,reconciled,empty,agree
65,Family Class,Org Crime Screening,Georagia,Case Processing Centre Mississauga,office,,1,,,ok_group,empty,agree
65,Family Class,Org Crime Screening,Haiti,,citizenship,,1,0,1,reconciled,empty,agree
65,Family Class,Org Crime Screening,Haiti,HM Montreal,office,,1,,,ok_group,empty,agree
65,Family Class,Org Crime Screening,Nigeria,,citizenship,,3,0,3,reconciled,empty,agree
65,Family Class,Org Crime Screening,Nigeria,HM Montreal,office,,1,,,ok_group,empty,agree
65,Family Class,Org Crime Screening,Nigeria,HM Niagara Falls,office,,2,,,ok_group,empty,agree
65,Family Class,Org Crime Screening,People's Republic of China,,citizenship,,1,0,1,reconciled,empty,agree
65,Family Class,Org Crime Screening,People's Republic of China,HM Niagara Falls,office,,1,,,ok_group,empty,agree
65,Family Class,Org Crime Screening,United States of America,,citizenship,,1,0,1,reconciled,empty,agree
65,Family Class,Org Crime Screening,United States of America,Case Cases Review Citizenship And Immigration,office,,1,,,ok_group,empty,agree
65,Family Class,Security Screening,,,activity_type,254,4441,152,3992,MISMATCH,majority,agree
65,Family Class,Security Screening,Afghanistan,,citizenship,26,447,16,447,MISMATCH,agree,agree
65,Family Class,Security Screening,Afghanistan,Abu Dhabi,office,14,374,,,IN_FAILED_GROUP,agree,agree
65,Family Class,Security Screening,Afghanistan,Case Processing Centre Mississauga,office,,2,,,IN_FAILED_GROUP,empty,agree
65,Family Class,Security Screening,Afghanistan,Case Cases Review Citizenship And Immigration,office,,1,,,IN_FAILED_GROUP,empty,agree
65,Family Class,Security Screening,Afghanistan,HM Niagara Falls,office,1,62,,,IN_FAILED_GROUP,agree,agree
65,Family Class,Security Screening,Afghanistan,HM Vancouver,office,1,2,,,IN_FAILED_GROUP,agree,agree
65,Family Class,Security Screening,Afghanistan,Islamabad,office,,4,,,IN_FAILED_GROUP,empty,agree
65,Family Class,Security Screening,Afghanistan,Paris,office,,1,,,IN_FAILED_GROUP,empty,agree
65,Family Class,Security Screening,Afghanistan,Vienna,office,,1,,,IN_FAILED_GROUP,empty,agree
65,Family Class,Security Screening,Albania,,citizenship,1,7,1,7,reconciled,agree,agree
65,Family Class,Security Screening,Albania,HM Niagara Falls,office,1,7,,,ok_group,agree,agree
65,Family Class,Security Screening,Alaeria,,citizenship,1,45,3,93,MISMATCH,agree,agree
65,Family Class,Security Screening,Alaeria,HM Montreal,office,,11,,,IN_FAILED_GROUP,empty,agree
65,Family Class,Security Screening,Alaeria,HM Niagara Falls,office,,22,,,IN_FAILED_GROUP,empty,agree
65,Family Class,Security Screening,Alaeria,HM Toronto,office,1,3,,,IN_FAILED_GROUP,agree,agree
65,Family Class,Security Screening,Alaeria,HM Vancouver,office,,9,,,IN_FAILED_GROUP,empty,agree
65,Family Class,Security Screening,Alaeria,Anaola,office,1,24,,,IN_FAILED_GROUP,agree,agree
65,Family Class,Security Screening,Alaeria,HM Montreal,office,,2,,,IN_FAILED_GROUP,empty,agree
65,Family Class,Security Screening,Alaeria,HM Niagara Falls,office,,15,,,IN_FAILED_GROUP,empty,agree
65,Family Class,Security Screening,Alaeria,HM Toronto,office,,1,,,IN_FAILED_GROUP,empty,agree
65,Family Class,Security Screening,Alaeria,HM Vancouver,office,1,6,,,IN_FAILED_GROUP,agree,agree
65,Family Class,Security Screening,Antigua and Barbuda,,citizenship,,1,0,1,reconciled,empty,agree
65,Family Class,Security Screening,Antigua and Barbuda,HM Niagara Falls,office,,1,,,ok_group,empty,agree
65,Family Class,Security Screening,Armenia,,citizenship,1,6,1,6,reconciled,agree,agree
65,Family Class,Security Screening,Armenia,HM Niagara Falls,office,1,6,,,ok_group,agree,agree
65,Family Class,Security Screening,Australia,,citizenship,1,3,1,3,reconciled,agree,agree
65,Family Class,Security Screening,Australia,HM Niagara Falls,office,1,3,,,ok_group,agree,agree
65,Family Class,Security Screening,Azerbaiian,,citizenship,,11,0,11,reconciled,empty,agree
65,Family Class,Security Screening,Azerbaiian,HM Montreal,office,,1,,,ok_group,empty,agree
65,Family Class,Security Screening,Azerbaiian,HM Niagara Falls,office,,10,,,ok_group,empty,agree
65,Family Class,Security Screening,"Bahama Islands, The",,citizenship,,2,0,2,reconciled,empty,agree
65,Family Class,Security Screening,"Bahama Islands, The",HM Toronto,office,,2,,,ok_group,empty,agree
65,Family Class,Security Screening,Banadladesh,,citizenship,,24,0,24,reconciled,empty,agree
65,Family Class,Security Screening,Banadladesh,HM Montreal,office,,1,,,ok_group,empty,agree
65,Family Class,Security Screening,Banadladesh,HM Niagara Falls,office,,19,,,ok_group,empty,agree
65,Family Class,Security Screening,Banadladesh,HM Toronto,office,,2,,,ok_group,empty,agree
65,Family Class,Security Screening,Banadladesh,HM Vancouver,office,,2,,,ok_group,empty,agree
65,Family Class,Security Screening,Barbados,,citizenship,,1,0,1,reconciled,empty,agree
65,Family Class,Security Screening,Barbados,HM Niagara Falls,office,,1,,,ok_group,empty,agree
65,Family Class,Security Screening,Belarus,,citizenship,,2,0,2,reconciled,empty,agree
65,Family Class,Security Screening,Belarus,HM Niagara Falls,office,,2,,,ok_group,empty,agree
65,Family Class,Security Screening,Bosnia-Herceqovina,,citizenship,,3,0,3,reconciled,empty,majority
65,Family Class,Security Screening,Bosnia-Herceqovina,HM Niagara Falls,office,,3,,,ok_group,empty,majority
65,Family Class,Security Screening,Brazil,,citizenship,1,31,1,31,reconciled,agree,agree
65,Family Class,Security Screening,Brazil,HM Niagara Falls,office,1,29,,,ok_group,agree,agree
65,Family Class,Security Screening,Brazil,HM Toronto,office,,2,,,ok_group,empty,agree
65,Family Class,Security Screening,Bulaaria,,citizenship,,4,0,4,reconciled,empty,agree
65,Family Class,Security Screening,Bulaaria,HM Niagara Falls,office,,2,,,ok_group,empty,agree
65,Family Class,Security Screening,Bulaaria,HM Vancouver,office,,1,,,ok_group,empty,agree
65,Family Class,Security Screening,Bulaaria,Ottawa,office,,1,,,ok_group,empty,agree
65,Family Class,Security Screening,Burkina-Faso,,citizenship,,3,0,3,reconciled,empty,agree
65,Family Class,Security Screening,Burkina-Faso,HM Niagara Falls,office,,2,,,ok_group,empty,agree
65,Family Class,Security Screening,Burkina-Faso,HM Vancouver,office,,1,,,ok_group,empty,agree
65,Family Class,Security Screening,Burundi,,citizenship,,40,0,40,reconciled,empty,agree
65,Family Class,Security Screening,Burundi,HM Montreal,office,,13,,,ok_group,empty,agree
65,Family Class,Security Screening,Burundi,HM Niagara Falls,office,,15,,,ok_group,empty,agree
65,Family Class,Security Screening,Burundi,HM Vancouver,office,,12,,,ok_group,empty,agree
65,Family Class,Security Screening,Cambodia,,citizenship,,1,0,1,reconciled,empty,agree
65,Family Class,Security Screening,Cambodia,HM Niagara Falls,office,,1,,,ok_group,empty,agree
65,Family Class,Security Screening,Central African Republic,,citizenship,,2,0,2,reconciled,empty,agree
65,Family Class,Security Screening,Central African Republic,HM Niagara Falls,office,,2,,,ok_group,empty,agree
65,Family Class,Security Screening,"Chad, Republic of",,citizenship,,6,0,6,reconciled,empty,agree
65,Family Class,Security Screening,"Chad, Republic of",HM Montreal,office,,3,,,ok_group,empty,agree
65,Family Class,Security Screening,"Chad, Republic of",HM Niagara Falls,office,,3,,,ok_group,empty,agree
65,Family Class,Security Screening,Chile,,citizenship,,6,0,6,reconciled,empty,agree
65,Family Class,Security Screening,Chile,HM Montreal,office,,3,,,ok_group,empty,agree
65,Family Class,Security Screening,Chile,HM Niagara Falls,office,,3,,,ok_group,empty,agree
65,Family Class,Security Screening,Colombia,,citizenship,,214,9,214,MISMATCH,none,agree
65,Family Class,Security Screening,Colombia,Bogota,office,4,10,,,IN_FAILED_GROUP,agree,agree
65,Family Class,Security Screening,Colombia,Etobicoke,office,,1,,,IN_FAILED_GROUP,empty,agree
65,Family Class,Security Screening,Colombia,HM Montreal,office,,7,,,IN_FAILED_GROUP,empty,agree
65,Family Class,Security Screening,Colombia,HM Niagara Falls,office,5,60,,,IN_FAILED_GROUP,majority,agree
65,Family Class,Security Screening,Colombia,HM Toronto,office,,6,,,IN_FAILED_GROUP,empty,agree
65,Family Class,Security Screening,Colombia,HM Vancouver,office,,6,,,IN_FAILED_GROUP,empty,agree
65,Family Class,Security Screening,Colombia,Mexico City,office,,1,,,IN_FAILED_GROUP,empty,agree
65,Family Class,Security Screening,Colombia,Ottawa IR,office,,123,,,IN_FAILED_GROUP,empty,majority
65,Family Class,Security Screening,"Condo, Democratic Republic of the",,citizenship,2,147,2,83,MISMATCH,agree,agree
65,Family Class,Security Screening,"Condo, Democratic Republic of the",HM Montreal,office,,51,,,IN_FAILED_GROUP,empty,majority
65,Family Class,Security Screening,"Condo, Democratic Republic of the",HM Niagara Falls,office,2,7,,,IN_FAILED_GROUP,agree,majority
65,Family Class,Security Screening,"Condo, Democratic Republic of the",HM Toronto,office,,1,,,IN_FAILED_GROUP,empty,agree
65,Family Class,Security Screening,"Condo, Democratic Republic of the",HM Vancouver,office,,24,,,IN_FAILED_GROUP,empty,agree
65,Family Class,Security Screening,"Condo, People's Republic of the",,citizenship,,10,0,10,reconciled,empty,agree
65,Family Class,Security Screening,"Condo, People's Republic of the",HM Montreal,office,,3,,,ok_group,empty,agree
65,Family Class,Security Screening,"Condo, People's Republic of the",HM Niagara Falls,office,,6,,,ok_group,empty,agree
65,Family Class,Security Screening,"Condo, People's Republic of the",HM Toronto,office,,1,,,ok_group,empty,agree
65,Family Class,Security Screening,Costa Rica,,citizenship,,2,0,2,reconciled,empty,agree
65,Family Class,Security Screening,Costa Rica,HM Niagara Falls,office,,2,,,ok_group,empty,agree
65,Family Class,Security Screening,Croatia,,citizenship,1,7,1,7,reconciled,agree,agree
65,Family Class,Security Screening,Croatia,HM Niagara Falls,office,1,6,,,ok_group,agree,agree
65,Family Class,Security Screening,Croatia,HM Vancouver,office,,1,,,ok_group,empty,agree
65,Family Class,Security Screening,Cuba,,citizenship,,4,0,3,MISMATCH,empty,agree
65,Family Class,Security Screening,Cuba,HM Montreal,office,,,,,IN_FAILED_GROUP,empty,none
66,Family Class,Security Screening,Cuba,HM Niagara Falls,office,,2,,,IN_FAILED_GROUP,empty,agree
66,Family Class,Security Screening,Cuba,Kinaston Jamaica,office,,1,,,IN_FAILED_GROUP,empty,agree
66,Family Class,Security Screening,Czech Republic,,citizenship,,1,0,1,reconciled,empty,agree
66,Family Class,Security Screening,Czech Republic,HM Niagara Falls,office,,1,,,ok_group,empty,agree
66,Family Class,Security Screening,Democratic Republic of Sudan,,citizenship,7,193,71,173,MISMATCH,majority,majority
66,Family Class,Security Screening,Democratic Republic of Sudan,HM Niagara Falls,office,1,7,,,IN_FAILED_GROUP,agree,majority
66,Family Class,Security Screening,Democratic Republic of Sudan,HM Toronto,office,,1,,,IN_FAILED_GROUP,empty,agree
66,Family Class,Security Screening,Democratic Republic of Sudan,HM Vancouver,office,,1,,,IN_FAILED_GROUP,empty,agree
66,Family Class,Security Screening,Democratic Republic of Sudan,Rome,office,70,164,,,IN_FAILED_GROUP,agree,agree
66,Family Class,Security Screening,Denmark,,citizenship,,1,0,1,reconciled,empty,agree
66,Family Class,Security Screening,Denmark,HM Niagara Falls,office,,1,,,ok_group,empty,agree
66,Family Class,Security Screening,Dominica,,citizenship,,1,0,1,reconciled,empty,agree
66,Family Class,Security Screening,Dominica,HM Vancouver,office,,1,,,ok_group,empty,agree
66,Family Class,Security Screening,Dominican Republic,,citizenship,,2,0,2,reconciled,empty,agree
66,Family Class,Security Screening,Dominican Republic,HM Niagara Falls,office,,1,,,ok_group,empty,agree
66,Family Class,Security Screening,Dominican Republic,HM Toronto,office,,1,,,ok_group,empty,agree
66,Family Class,Security Screening,Ecuador,,citizenship,,3,0,51,MISMATCH,empty,agree
66,Family Class,Security Screening,Ecuador,HM Niagara Falls,office,,3,,,IN_FAILED_GROUP,empty,agree
66,Family Class,Security Screening,Ecuador,Eaypt,office,,24,,,IN_FAILED_GROUP,empty,agree
66,Family Class,Security Screening,Ecuador,HM Niagara Falls,office,,22,,,IN_FAILED_GROUP,empty,agree
66,Family Class,Security Screening,Ecuador,HM Vancouver,office,,2,,,IN_FAILED_GROUP,empty,agree
66,Family Class,Security Screening,El Salvador,,citizenship,1,26,1,26,reconciled,agree,agree
66,Family Class,Security Screening,El Salvador,HM Montreal,office,,6,,,ok_group,empty,agree
66,Family Class,Security Screening,El Salvador,HM Niagara Falls,office,1,17,,,ok_group,agree,agree
66,Family Class,Security Screening,El Salvador,HM Toronto,office,,3,,,ok_group,empty,agree
66,Family Class,Security Screening,Eritrea,,citizenship,6,11,4,9,MISMATCH,agree,agree
66,Family Class,Security Screening,Eritrea,HM Niagara Falls,office,1,3,,,IN_FAILED_GROUP,agree,majority
66,Family Class,Security Screening,Eritrea,Rome,office,3,6,,,IN_FAILED_GROUP,majority,agree
66,Family Class,Security Screening,Ethiopia,,citizenship,2,11,2,11,reconciled,agree,agree
66,Family Class,Security Screening,Ethiopia,HM Niagara Falls,office,1,7,,,ok_group,agree,agree
66,Family Class,Security Screening,Ethiopia,HM Toronto,office,,1,,,ok_group,empty,agree
66,Family Class,Security Screening,Ethiopia,HM Vancouver,office,,2,,,ok_group,empty,agree
66,Family Class,Security Screening,Ethiopia,Rome,office,1,1,,,ok_group,agree,agree
66,Family Class,Security Screening,Federal Republic of Cameroon,,citizenship,1,50,1,50,reconciled,agree,majority
66,Family Class,Security Screening,Federal Republic of Cameroon,HM Montreal,office,,8,,,ok_group,empty,agree
66,Family Class,Security Screening,Federal Republic of Cameroon,HM Niagara Falls,office,1,25,,,ok_group,agree,agree
66,Family Class,Security Screening,Federal Republic of Cameroon,HM Toronto,office,,2,,,ok_group,empty,agree
66,Family Class,Security Screening,Federal Republic of Cameroon,HM Vancouver,office,,15,,,ok_group,empty,agree
66,Family Class,Security Screening,Federal Republic of Germany,,citizenship,,6,0,6,reconciled,empty,agree
66,Family Class,Security Screening,Federal Republic of Germany,HM Montreal,office,,1,,,ok_group,empty,agree
66,Family Class,Security Screening,Federal Republic of Germany,HM Niagara Falls,office,,4,,,ok_group,empty,agree
66,Family Class,Security Screening,Federal Republic of Germany,HM Vancouver,office,,1,,,ok_group,empty,agree
66,Family Class,Security Screening,Fiii,,citizenship,,2,0,2,reconciled,empty,agree
66,Family Class,Security Screening,Fiii,HM Niagara Falls,office,,2,,,ok_group,empty,agree
66,Family Class,Security Screening,France,,citizenship,,3,0,3,reconciled,empty,agree
66,Family Class,Security Screening,France,HM Montreal,office,,1,,,ok_group,empty,agree
66,Family Class,Security Screening,France,HM Niagara Falls,office,,2,,,ok_group,empty,agree
66,Family Class,Security Screening,Gabon Republic,,citizenship,,1,0,1,reconciled,empty,agree
66,Family Class,Security Screening,Gabon Republic,HM Vancouver,office,,1,,,ok_group,empty,agree
66,Family Class,Security Screening,Gambia,,citizenship,,6,0,6,reconciled,empty,agree
66,Family Class,Security Screening,Gambia,HM Niagara Falls,office,,6,,,ok_group,empty,agree
66,Family Class,Security Screening,Georagia,,citizenship,,2,0,2,reconciled,empty,agree
66,Family Class,Security Screening,Georagia,HM Niagara Falls,office,,2,,,ok_group,empty,agree
66,Family Class,Security Screening,Ghana,,citizenship,1,8,1,8,reconciled,agree,agree
66,Family Class,Security Screening,Ghana,HM Niagara Falls,office,1,7,,,ok_group,agree,agree
66,Family Class,Security Screening,Ghana,HM Vancouver,office,,1,,,ok_group,empty,agree
66,Family Class,Security Screening,Greece,,citizenship,,1,0,1,reconciled,empty,agree
66,Family Class,Security Screening,Greece,HM Niagara Falls,office,,1,,,ok_group,empty,agree
66,Family Class,Security Screening,Grenada,,citizenship,,3,0,5,MISMATCH,empty,majority
66,Family Class,Security Screening,Grenada,HM Montreal,office,,1,,,IN_FAILED_GROUP,empty,agree
66,Family Class,Security Screening,Grenada,HM Niagara Falls,office,,4,,,IN_FAILED_GROUP,empty,agree
66,Family Class,Security Screening,Guatemala,,citizenship,,4,0,4,reconciled,empty,agree
66,Family Class,Security Screening,Guatemala,HM Montreal,office,,3,,,ok_group,empty,agree
66,Family Class,Security Screening,Guatemala,HM Niagara Falls,office,,1,,,ok_group,empty,agree
66,Family Class,Security Screening,"Guinea, Republic of",,citizenship,,12,0,10,MISMATCH,empty,agree
66,Family Class,Security Screening,"Guinea, Republic of",HM Montreal,office,,6,,,IN_FAILED_GROUP,empty,agree
66,Family Class,Security Screening,"Guinea, Republic of",HM Niagara Falls,office,,3,,,IN_FAILED_GROUP,empty,majority
66,Family Class,Security Screening,"Guinea, Republic of",HM Vancouver,office,,1,,,IN_FAILED_GROUP,empty,agree
66,Family Class,Security Screening,Guyana,,citizenship,,4,0,4,reconciled,empty,agree
66,Family Class,Security Screening,Guyana,HM Niagara Falls,office,,3,,,ok_group,empty,agree
66,Family Class,Security Screening,Guyana,HM Toronto,office,,1,,,ok_group,empty,agree
66,Family Class,Security Screening,Haiti,,citizenship,8,342,8,272,MISMATCH,agree,agree
66,Family Class,Security Screening,Haiti,HM Montreal,office,,7,,,IN_FAILED_GROUP,empty,agree
66,Family Class,Security Screening,Haiti,HM Niagara Falls,office,6,190,,,IN_FAILED_GROUP,agree,agree
66,Family Class,Security Screening,Haiti,HM Toronto,office,,10,,,IN_FAILED_GROUP,empty,agree
66,Family Class,Security Screening,Haiti,HM Vancouver,office,,37,,,IN_FAILED_GROUP,empty,majority
66,Family Class,Security Screening,Haiti,Mexico City,office,1,2,,,IN_FAILED_GROUP,agree,agree
66,Family Class,Security Screening,Haiti,Ottawa IR,office,1,26,,,IN_FAILED_GROUP,agree,agree
66,Family Class,Security Screening,Honduras,,citizenship,2,11,2,11,reconciled,agree,agree
66,Family Class,Security Screening,Honduras,HM Montreal,office,,2,,,ok_group,empty,agree
66,Family Class,Security Screening,Honduras,HM Niagara Falls,office,2,6,,,ok_group,agree,agree
66,Family Class,Security Screening,Honduras,HM Vancouver,office,,3,,,ok_group,empty,agree
66,Family Class,Security Screening,Honda Kong SAR,,citizenship,,18,0,18,reconciled,empty,agree
66,Family Class,Security Screening,Honda Kong SAR,HM Niagara Falls,office,,7,,,ok_group,empty,agree
66,Family Class,Security Screening,Honda Kong SAR,HM Toronto,office,,8,,,ok_group,empty,agree
66,Family Class,Security Screening,Honda Kong SAR,HM Vancouver,office,,3,,,ok_group,empty,agree
66,Family Class,Security Screening,Hunaary,,citizenship,1,20,1,20,reconciled,agree,agree
66,Family Class,Security Screening,Hunaary,HM Niagara Falls,office,1,18,,,ok_group,agree,agree
66,Family Class,Security Screening,Hunaary,HM Toronto,office,,2,,,ok_group,empty,agree
66,Family Class,Security Screening,India,,citizenship,7,107,17,103,MISMATCH,majority,agree
66,Family Class,Security Screening,India,HM Montreal,office,,3,,,IN_FAILED_GROUP,empty,majority
66,Family Class,Security Screening,India,HM Niagara Falls,office,15,90,,,IN_FAILED_GROUP,agree,agree
66,Family Class,Security Screening,India,HM Toronto,office,2,3,,,IN_FAILED_GROUP,agree,majority
66,Family Class,Security Screening,India,HM Vancouver,office,,7,,,IN_FAILED_GROUP,empty,agree
66,Family Class,Security Screening,Iran,,citizenship,6,75,4,75,MISMATCH,agree,majority
66,Family Class,Security Screening,Iran,HM Montreal,office,,4,,,IN_FAILED_GROUP,empty,agree
66,Family Class,Security Screening,Iran,HM Niagara Falls,office,3,64,,,IN_FAILED_GROUP,agree,agree
66,Family Class,Security Screening,Iran,HM Toronto,office,,4,,,IN_FAILED_GROUP,empty,agree
66,Family Class,Security Screening,Iran,HM Vancouver,office,1,2,,,IN_FAILED_GROUP,agree,agree
66,Family Class,Security Screening,Iran,Paris,office,,1,,,IN_FAILED_GROUP,empty,agree
66,Family Class,Security Screening,Iraq,,citizenship,,78,0,76,MISMATCH,empty,agree
66,Family Class,Security Screening,Iraq,HM Montreal,office,,4,,,IN_FAILED_GROUP,empty,agree
66,Family Class,Security Screening,Iraq,HM Niagara Falls,office,,66,,,IN_FAILED_GROUP,empty,agree
66,Family Class,Security Screening,Iraq,HM Toronto,office,,3,,,IN_FAILED_GROUP,empty,majority
66,Family Class,Security Screening,Iraq,HM Vancouver,office,,3,,,IN_FAILED_GROUP,empty,agree
66,Family Class,Security Screening,Israel,,citizenship,1,19,1,19,reconciled,agree,agree
66,Family Class,Security Screening,Israel,HM Niagara Falls,office,1,19,,,ok_group,agree,agree
66,Family Class,Security Screening,Italy,,citizenship,1,7,1,7,reconciled,agree,agree
66,Family Class,Security Screening,Italy,HM Niagara Falls,office,1,4,,,ok_group,agree,agree
66,Family Class,Security Screening,Italy,HM Vancouver,office,,2,,,ok_group,empty,agree
66,Family Class,Security Screening,Italy,Ottawa IR,office,,1,,,ok_group,empty,agree
66,Family Class,Security Screening,Jamaica,,citizenship,2,33,2,31,MISMATCH,agree,agree
66,Family Class,Security Screening,Jamaica,HM Montreal,office,,1,,,IN_FAILED_GROUP,empty,agree
66,Family Class,Security Screening,Jamaica,HM Niagara Falls,office,2,25,,,IN_FAILED_GROUP,agree,agree
66,Family Class,Security Screening,Jamaica,HM Toronto,office,,2,,,IN_FAILED_GROUP,empty,agree
66,Family Class,Security Screening,Jamaica,HM Vancouver,office,,3,,,IN_FAILED_GROUP,empty,majority
66,Family Class,Security Screening,Jordan,,citizenship,7,25,7,25,reconciled,agree,agree
66,Family Class,Security Screening,Jordan,HM Montreal,office,,2,,,ok_group,empty,agree
66,Family Class,Security Screening,Jordan,HM Niagara Falls,office,7,22,,,ok_group,agree,agree
66,Family Class,Security Screening,Jordan,HM Toronto,office,,1,,,ok_group,empty,agree
66,Family Class,Security Screening,Kazakhstan,,citizenship,,2,0,2,reconciled,empty,agree
66,Family Class,Security Screening,Kazakhstan,HM Niagara Falls,office,,2,,,ok_group,empty,agree
66,Family Class,Security Screening,Kenya,,citizenship,,20,0,20,reconciled,empty,agree
66,Family Class,Security Screening,Kenya,HM Niagara Falls,office,,8,,,ok_group,empty,agree
66,Family Class,Security Screening,Kenya,HM Vancouver,office,,12,,,ok_group,empty,agree
66,Family Class,Security Screening,"Korea, People's Democratic Republic of",,citizenship,,16,0,16,reconciled,empty,agree
66,Family Class,Security Screening,"Korea, People's Democratic Republic of",HM Niagara Falls,office,,16,,,ok_group,empty,agree
66,Family Class,Security Screening,"Korea, Republic of",,citizenship,3,32,3,32,reconciled,agree,agree
66,Family Class,Security Screening,"Korea, Republic of",HM Montreal,office,,1,,,ok_group,empty,agree
66,Family Class,Security Screening,"Korea, Republic of",HM Niagara Falls,office,3,30,,,ok_group,agree,agree
66,Family Class,Security Screening,"Korea, Republic of",HM Toronto,office,,1,,,ok_group,empty,agree
66,Family Class,Security Screening,"Kosovo, Republic of",,citizenship,,4,0,4,reconciled,empty,agree
66,Family Class,Security Screening,"Kosovo, Republic of",HM Niagara Falls,office,,4,,,ok_group,empty,agree
66,Family Class,Security Screening,Kyrayzstan,,citizenship,,2,0,2,reconciled,empty,agree
66,Family Class,Security Screening,Kyrayzstan,HM Niagara Falls,office,,2,,,ok_group,empty,agree
66,Family Class,Security Screening,Lebanon,,citizenship,6,51,6,51,reconciled,agree,majority
66,Family Class,Security Screening,Lebanon,HM Montreal,office,2,6,,,ok_group,agree,agree
66,Family Class,Security Screening,Lebanon,HM Niagara Falls,office,4,42,,,ok_group,agree,agree
66,Family Class,Security Screening,Lebanon,HM Toronto,office,,2,,,ok_group,empty,agree
66,Family Class,Security Screening,Lebanon,HM Vancouver,office,,1,,,ok_group,empty,agree
66,Family Class,Security Screening,Liberia,,citizenship,,13,0,13,reconciled,empty,agree
66,Family Class,Security Screening,Liberia,HM Montreal,office,,2,,,ok_group,empty,agree
66,Family Class,Security Screening,Liberia,HM Niagara Falls,office,,6,,,ok_group,empty,agree
66,Family Class,Security Screening,Liberia,HM Toronto,office,,1,,,ok_group,empty,agree
66,Family Class,Security Screening,Liberia,HM Vancouver,office,,4,,,ok_group,empty,agree
66,Family Class,Security Screening,Libya,,citizenship,8,18,8,218,MISMATCH,agree,majority
67,Family Class,Security Screening,Libya,Case Cases Review Citizenship And Immigration,office,1,1,,,IN_FAILED_GROUP,agree,agree
67,Family Class,Security Screening,Libya,HM Montreal,office,,7,,,IN_FAILED_GROUP,empty,agree
67,Family Class,Security Screening,Libya,HM Niagara Falls,office,7,199,,,IN_FAILED_GROUP,agree,agree
67,Family Class,Security Screening,Libya,HM Toronto,office,,9,,,IN_FAILED_GROUP,empty,agree
67,Family Class,Security Screening,Libya,Lithuania,office,,1,,,IN_FAILED_GROUP,empty,agree
67,Family Class,Security Screening,Libya,HM Toronto,office,,1,,,IN_FAILED_GROUP,empty,agree
67,Family Class,Security Screening,Malaysia,,citizenship,,1,0,1,reconciled,empty,agree
67,Family Class,Security Screening,Malaysia,HM Niagara Falls,office,,1,,,ok_group,empty,agree
67,Family Class,Security Screening,"Mali, Republic of",,citizenship,,11,0,9,MISMATCH,empty,agree
67,Family Class,Security Screening,"Mali, Republic of",HM Montreal,office,,6,,,IN_FAILED_GROUP,empty,agree
67,Family Class,Security Screening,"Mali, Republic of",HM Niagara Falls,office,,3,,,IN_FAILED_GROUP,empty,majority
67,Family Class,Security Screening,Mauritania,,citizenship,,1,0,1,reconciled,empty,agree
67,Family Class,Security Screening,Mauritania,HM Niagara Falls,office,,1,,,ok_group,empty,agree
67,Family Class,Security Screening,Mexico,,citizenship,,81,8,81,MISMATCH,none,agree
67,Family Class,Security Screening,Mexico,Case Cases Review Citizenship And Immigration,office,,1,,,IN_FAILED_GROUP,empty,agree
67,Family Class,Security Screening,Mexico,HM Montreal,office,,8,,,IN_FAILED_GROUP,empty,agree
67,Family Class,Security Screening,Mexico,HM Niagara Falls,office,6,61,,,IN_FAILED_GROUP,agree,agree
67,Family Class,Security Screening,Mexico,HM Toronto,office,,6,,,IN_FAILED_GROUP,empty,agree
67,Family Class,Security Screening,Mexico,HM Vancouver,office,1,3,,,IN_FAILED_GROUP,agree,agree
67,Family Class,Security Screening,Mexico,Permanent Resident Card Centre Sydney,office,1,1,,,IN_FAILED_GROUP,agree,agree
67,Family Class,Security Screening,Mexico,Vancouver International Airport,office,,1,,,IN_FAILED_GROUP,empty,agree
67,Family Class,Security Screening,Moldova,,citizenship,,3,0,3,reconciled,empty,agree
67,Family Class,Security Screening,Moldova,HM Niagara Falls,office,,3,,,ok_group,empty,agree
67,Family Class,Security Screening,"Monaolia, People's Republic of",,citizenship,,1,0,1,reconciled,empty,agree
67,Family Class,Security Screening,"Monaolia, People's Republic of",HM Niagara Falls,office,,1,,,ok_group,empty,agree
67,Family Class,Security Screening,Morocco,,citizenship,2,2,2,23,MISMATCH,agree,majority
67,Family Class,Security Screening,Morocco,HM Montreal,office,,8,,,IN_FAILED_GROUP,empty,agree
67,Family Class,Security Screening,Morocco,HM Niagara Falls,office,2,15,,,IN_FAILED_GROUP,agree,agree
67,Family Class,Security Screening,Namibia,,citizenship,,3,0,3,reconciled,empty,agree
67,Family Class,Security Screening,Namibia,HM Montreal,office,,1,,,ok_group,empty,agree
67,Family Class,Security Screening,Namibia,HM Niagara Falls,office,,2,,,ok_group,empty,agree
67,Family Class,Security Screening,Nepal,,citizenship,,2,0,2,reconciled,empty,agree
67,Family Class,Security Screening,Nepal,HM Niagara Falls,office,,2,,,ok_group,empty,agree
67,Family Class,Security Screening,New Zealand,,citizenship,1,1,1,1,reconciled,agree,agree
67,Family Class,Security Screening,New Zealand,HM Niagara Falls,office,1,1,,,ok_group,agree,agree
67,Family Class,Security Screening,Nicaraqua,,citizenship,1,3,1,3,reconciled,agree,agree
67,Family Class,Security Screening,Nicaraqua,HM Niagara Falls,office,1,3,,,ok_group,agree,agree
67,Family Class,Security Screening,Nigeria,,citizenship,6,869,4,849,MISMATCH,agree,agree
67,Family Class,Security Screening,Nigeria,HM Montreal,office,,11,,,IN_FAILED_GROUP,empty,agree
67,Family Class,Security Screening,Nigeria,HM Niagara Falls,office,3,626,,,IN_FAILED_GROUP,agree,agree
67,Family Class,Security Screening,Nigeria,HM Toronto,office,,7,,,IN_FAILED_GROUP,empty,majority
67,Family Class,Security Screening,Nigeria,HM Vancouver,office,,204,,,IN_FAILED_GROUP,empty,agree
67,Family Class,Security Screening,Nigeria,Permanent Resident Card Centre Sydney,office,1,1,,,IN_FAILED_GROUP,agree,agree
67,Family Class,Security Screening,Pakistan,,citizenship,7,75,7,73,MISMATCH,agree,majority
67,Family Class,Security Screening,Pakistan,Case Cases Review Citizenship And Immigration,office,,1,,,IN_FAILED_GROUP,empty,agree
67,Family Class,Security Screening,Pakistan,HM Montreal,office,,2,,,IN_FAILED_GROUP,empty,agree
67,Family Class,Security Screening,Pakistan,HM Niagara Falls,office,6,58,,,IN_FAILED_GROUP,agree,agree
67,Family Class,Security Screening,Pakistan,HM Toronto,office,1,2,,,IN_FAILED_GROUP,agree,agree
67,Family Class,Security Screening,Pakistan,HM Vancouver,office,,3,,,IN_FAILED_GROUP,empty,majority
67,Family Class,Security Screening,Pakistan,London Enaland,office,,7,,,IN_FAILED_GROUP,empty,agree
67,Family Class,Security Screening,Palestinian Authority (Gaza/West Bank),,citizenship,3,19,2,17,MISMATCH,agree,agree
67,Family Class,Security Screening,Palestinian Authority (Gaza/West Bank),HM Niagara Falls,office,2,14,,,IN_FAILED_GROUP,majority,agree
67,Family Class,Security Screening,Palestinian Authority (Gaza/West Bank),HM Vancouver,office,,3,,,IN_FAILED_GROUP,empty,majority
67,Family Class,Security Screening,Peoples Republic of Benin,,citizenship,,4,0,4,reconciled,empty,agree
67,Family Class,Security Screening,Peoples Republic of Benin,HM Montreal,office,,2,,,ok_group,empty,agree
67,Family Class,Security Screening,Peoples Republic of Benin,HM Niagara Falls,office,,2,,,ok_group,empty,agree
67,Family Class,Security Screening,People's Republic of China,,citizenship,6,100,6,100,reconciled,agree,agree
67,Family Class,Security Screening,People's Republic of China,HM Montreal,office,,2,,,ok_group,empty,agree
67,Family Class,Security Screening,People's Republic of China,HM Niagara Falls,office,1,83,,,ok_group,agree,agree
67,Family Class,Security Screening,People's Republic of China,HM Toronto,office,5,12,,,ok_group,majority,agree
67,Family Class,Security Screening,People's Republic of China,HM Vancouver,office,,3,,,ok_group,empty,agree
67,Family Class,Security Screening,Peru,,citizenship,,10,0,10,reconciled,empty,agree
67,Family Class,Security Screening,Peru,HM Montreal,office,,1,,,ok_group,empty,agree
67,Family Class,Security Screening,Peru,HM Niagara Falls,office,,6,,,ok_group,empty,agree
67,Family Class,Security Screening,Peru,HM Vancouver,office,,3,,,ok_group,empty,agree
67,Family Class,Security Screening,Philippines,,citizenship,2,39,2,39,reconciled,agree,agree
67,Family Class,Security Screening,Philippines,HM Montreal,office,,1,,,ok_group,empty,agree
67,Family Class,Security Screening,Philippines,HM Niagara Falls,office,2,29,,,ok_group,agree,agree
67,Family Class,Security Screening,Philippines,HM Toronto,office,,3,,,ok_group,empty,agree
67,Family Class,Security Screening,Philippines,HM Vancouver,office,,6,,,ok_group,empty,agree
67,Family Class,Security Screening,Poland,,citizenship,,3,0,3,reconciled,empty,agree
67,Family Class,Security Screening,Poland,HM Niagara Falls,office,,2,,,ok_group,empty,agree
67,Family Class,Security Screening,Poland,HM Vancouver,office,,1,,,ok_group,empty,agree
67,Family Class,Security Screening,Portuaal,,citizenship,,4,0,4,reconciled,empty,agree
67,Family Class,Security Screening,Portuaal,HM Montreal,office,,1,,,ok_group,empty,agree
67,Family Class,Security Screening,Portuaal,HM Niagara Falls,office,,2,,,ok_group,empty,agree
67,Family Class,Security Screening,Portuaal,HM Vancouver,office,,1,,,ok_group,empty,agree
67,Family Class,Security Screening,Republic of Diibouti,,citizenship,,13,0,13,reconciled,empty,agree
67,Family Class,Security Screening,Republic of Diibouti,HM Montreal,office,,6,,,ok_group,empty,agree
67,Family Class,Security Screening,Republic of Diibouti,HM Niagara Falls,office,,7,,,ok_group,empty,agree
67,Family Class,Security Screening,Republic of Indonesia,,citizenship,,3,0,3,reconciled,empty,agree
67,Family Class,Security Screening,Republic of Indonesia,HM Niagara Falls,office,,2,,,ok_group,empty,agree
67,Family Class,Security Screening,Republic of Indonesia,HM Toronto,office,,1,,,ok_group,empty,agree
67,Family Class,Security Screening,Republic of Ivory Coast,,citizenship,,9,0,9,reconciled,empty,agree
67,Family Class,Security Screening,Republic of Ivory Coast,HM Montreal,office,,1,,,ok_group,empty,agree
67,Family Class,Security Screening,Republic of Ivory Coast,HM Niagara Falls,office,,6,,,ok_group,empty,agree
67,Family Class,Security Screening,Republic of Ivory Coast,HM Vancouver,office,,2,,,ok_group,empty,agree
67,Family Class,Security Screening,Republic of South Africa,,citizenship,,4,0,4,reconciled,empty,agree
67,Family Class,Security Screening,Republic of South Africa,HM Montreal,office,,1,,,ok_group,empty,agree
67,Family Class,Security Screening,Republic of South Africa,HM Niagara Falls,office,,3,,,ok_group,empty,agree
67,Family Class,Security Screening,Republic of the Niger,,citizenship,,2,0,2,reconciled,empty,agree
67,Family Class,Security Screening,Republic of the Niger,HM Montreal,office,,1,,,ok_group,empty,agree
67,Family Class,Security Screening,Republic of the Niger,HM Vancouver,office,,1,,,ok_group,empty,agree
67,Family Class,Security Screening,Romania,,citizenship,,6,0,6,reconciled,empty,agree
67,Family Class,Security Screening,Romania,Etobicoke,office,,1,,,ok_group,empty,agree
67,Family Class,Security Screening,Romania,HM Montreal,office,,2,,,ok_group,empty,agree
67,Family Class,Security Screening,Romania,HM Niagara Falls,office,,2,,,ok_group,empty,agree
67,Family Class,Security Screening,Romania,HM Toronto,office,,1,,,ok_group,empty,agree
67,Family Class,Security Screening,Russia,,citizenship,4,39,4,39,reconciled,agree,agree
67,Family Class,Security Screening,Russia,HM Montreal,office,,7,,,ok_group,empty,agree
67,Family Class,Security Screening,Russia,HM Niagara Falls,office,4,32,,,ok_group,agree,agree
67,Family Class,Security Screening,Rwanda,,citizenship,1,42,1,40,MISMATCH,agree,agree
67,Family Class,Security Screening,Rwanda,HM Montreal,office,,3,,,IN_FAILED_GROUP,empty,majority
67,Family Class,Security Screening,Rwanda,HM Niagara Falls,office,1,26,,,IN_FAILED_GROUP,agree,agree
67,Family Class,Security Screening,Rwanda,HM Vancouver,office,,11,,,IN_FAILED_GROUP,empty,agree
67,Family Class,Security Screening,Saudi Arabia,,citizenship,,2,0,2,reconciled,empty,agree
67,Family Class,Security Screening,Saudi Arabia,HM Niagara Falls,office,,1,,,ok_group,empty,agree
67,Family Class,Security Screening,Saudi Arabia,HM Toronto,office,,1,,,ok_group,empty,agree
67,Family Class,Security Screening,Seneaal,,citizenship,1,6,1,6,reconciled,agree,agree
67,Family Class,Security Screening,Seneaal,HM Montreal,office,,1,,,ok_group,empty,agree
67,Family Class,Security Screening,Seneaal,HM Niagara Falls,office,1,4,,,ok_group,agree,agree
67,Family Class,Security Screening,Seneaal,HM Vancouver,office,,1,,,ok_group,empty,agree
67,Family Class,Security Screening,"Serbia, Republic of",,citizenship,,3,0,3,reconciled,empty,agree
67,Family Class,Security Screening,"Serbia, Republic of",HM Niagara Falls,office,,3,,,ok_group,empty,agree
67,Family Class,Security Screening,Sierra Leone,,citizenship,,4,0,4,reconciled,empty,agree
67,Family Class,Security Screening,Sierra Leone,HM Montreal,office,,1,,,ok_group,empty,agree
67,Family Class,Security Screening,Sierra Leone,HM Niagara Falls,office,,2,,,ok_group,empty,agree
67,Family Class,Security Screening,Sierra Leone,HM Vancouver,office,,1,,,ok_group,empty,agree
67,Family Class,Security Screening,Singapore,,citizenship,,1,0,1,reconciled,empty,agree
67,Family Class,Security Screening,Singapore,HM Niagara Falls,office,,1,,,ok_group,empty,agree
67,Family Class,Security Screening,Socialist Republic of Vietnam,,citizenship,,4,0,4,reconciled,empty,agree
67,Family Class,Security Screening,Socialist Republic of Vietnam,HM Niagara Falls,office,,4,,,ok_group,empty,agree
67,Family Class,Security Screening,"Somalia, Democratic Republic of",,citizenship,3,35,3,35,reconciled,agree,majority
67,Family Class,Security Screening,"Somalia, Democratic Republic of",HM Montreal,office,,2,,,ok_group,empty,agree
67,Family Class,Security Screening,"Somalia, Democratic Republic of",HM Niagara Falls,office,3,33,,,ok_group,agree,agree
67,Family Class,Security Screening,"South Sudan, Republic Of",,citizenship,,1,0,1,reconciled,empty,agree
67,Family Class,Security Screening,"South Sudan, Republic Of",HM Niagara Falls,office,,1,,,ok_group,empty,agree
67,Family Class,Security Screening,Spain,,citizenship,,3,0,3,reconciled,empty,agree
67,Family Class,Security Screening,Spain,HM Niagara Falls,office,,3,,,ok_group,empty,agree
67,Family Class,Security Screening,Sri Lanka,,citizenship,1,44,1,44,reconciled,agree,agree
67,Family Class,Security Screening,Sri Lanka,HM Montreal,office,,2,,,ok_group,empty,agree
67,Family Class,Security Screening,Sri Lanka,HM Niagara Falls,office,1,38,,,ok_group,agree,agree
67,Family Class,Security Screening,Sri Lanka,HM Vancouver,office,,4,,,ok_group,empty,agree
67,Family Class,Security Screening,St. Lucia,,citizenship,,3,0,3,reconciled,empty,agree
67,Family Class,Security Screening,St. Lucia,HM Niagara Falls,office,,2,,,ok_group,empty,agree
67,Family Class,Security Screening,St. Lucia,HM Toronto,office,,1,,,ok_group,empty,agree
67,Family Class,Security Screening,St. Vincent and the Grenadines,,citizenship,,3,0,5,MISMATCH,empty,majority
67,Family Class,Security Screening,St. Vincent and the Grenadines,HM Montreal,office,,1,,,IN_FAILED_GROUP,empty,agree
67,Family Class,Security Screening,St. Vincent and the Grenadines,HM Niagara Falls,office,,4,,,IN_FAILED_GROUP,empty,agree
67,Family Class,Security Screening,Stateless,,citizenship,2,36,3,35,MISMATCH,majority,agree
67,Family Class,Security Screening,Stateless,HM Montreal,office,,1,,,IN_FAILED_GROUP,empty,agree
67,Family Class,Security Screening,Stateless,HM Niagara Falls,office,3,33,,,IN_FAILED_GROUP,agree,agree
67,Family Class,Security Screening,Stateless,HM Toronto,office,,1,,,IN_FAILED_GROUP,empty,agree
67,Family Class,Security Screening,Stateless,HM Vancouver,office,,,,,IN_FAILED_GROUP,empty,none
68,Family Class,Security Screening,Swaziland,,citizenship,,1,0,1,reconciled,empty,agree
68,Family Class,Security Screening,Swaziland,HM Niagara Falls,office,,1,,,ok_group,empty,agree
68,Family Class,Security Screening,Switzerland,,citizenship,,1,0,1,reconciled,empty,agree
68,Family Class,Security Screening,Switzerland,HM Montreal,office,,1,,,ok_group,empty,agree
68,Family Class,Security Screening,Syria,,citizenship,,20,0,20,reconciled,empty,agree
68,Family Class,Security Screening,Syria,Amman,office,,1,,,ok_group,empty,agree
68,Family Class,Security Screening,Syria,HM Montreal,office,,2,,,ok_group,empty,agree
68,Family Class,Security Screening,Syria,HM Niagara Falls,office,,15,,,ok_group,empty,agree
68,Family Class,Security Screening,Syria,HM Toronto,office,,2,,,ok_group,empty,agree
68,Family Class,Security Screening,Taiwan,,citizenship,,2,0,2,reconciled,empty,agree
68,Family Class,Security Screening,Taiwan,HM Niagara Falls,office,,2,,,ok_group,empty,agree
68,Family Class,Security Screening,Thailand,,citizenship,,1,0,1,reconciled,empty,agree
68,Family Class,Security Screening,Thailand,HM Niagara Falls,office,,1,,,ok_group,empty,agree
68,Family Class,Security Screening,The Netherlands,,citizenship,,4,0,4,reconciled,empty,agree
68,Family Class,Security Screening,The Netherlands,HM Niagara Falls,office,,4,,,ok_group,empty,agree
68,Family Class,Security Screening,"Todo, Republic of",,citizenship,,3,0,7,MISMATCH,empty,majority
68,Family Class,Security Screening,"Todo, Republic of",HM Montreal,office,,1,,,IN_FAILED_GROUP,empty,agree
68,Family Class,Security Screening,"Todo, Republic of",HM Niagara Falls,office,,4,,,IN_FAILED_GROUP,empty,agree
68,Family Class,Security Screening,"Todo, Republic of",Tonada,office,,1,,,IN_FAILED_GROUP,empty,agree
68,Family Class,Security Screening,"Todo, Republic of",HM Toronto,office,,1,,,IN_FAILED_GROUP,empty,agree
68,Family Class,Security Screening,"Trinidad and Tobaao, Republic of",,citizenship,,3,0,5,MISMATCH,empty,majority
68,Family Class,Security Screening,"Trinidad and Tobaao, Republic of",HM Montreal,office,,1,,,IN_FAILED_GROUP,empty,agree
68,Family Class,Security Screening,"Trinidad and Tobaao, Republic of",HM Niagara Falls,office,,1,,,IN_FAILED_GROUP,empty,agree
68,Family Class,Security Screening,"Trinidad and Tobaao, Republic of",HM Vancouver,office,,3,,,IN_FAILED_GROUP,empty,agree
68,Family Class,Security Screening,Tunisia,,citizenship,,6,0,6,reconciled,empty,agree
68,Family Class,Security Screening,Tunisia,HM Montreal,office,,4,,,ok_group,empty,agree
68,Family Class,Security Screening,Tunisia,HM Niagara Falls,office,,2,,,ok_group,empty,agree
68,Family Class,Security Screening,Turkey,,citizenship,4,7,3,83,MISMATCH,agree,majority
68,Family Class,Security Screening,Turkey,Case Processing Centre Mississauga,office,,1,,,IN_FAILED_GROUP,empty,agree
68,Family Class,Security Screening,Turkey,HM Montreal,office,,4,,,IN_FAILED_GROUP,empty,agree
68,Family Class,Security Screening,Turkey,HM Niagara Falls,office,2,19,,,IN_FAILED_GROUP,majority,agree
68,Family Class,Security Screening,Turkey,HM Toronto,office,,1,,,IN_FAILED_GROUP,empty,agree
68,Family Class,Security Screening,Turkey,HM Vancouver,office,,1,,,IN_FAILED_GROUP,empty,agree
68,Family Class,Security Screening,Turkey,Permanent Resident Card Centre Sydney,office,1,1,,,IN_FAILED_GROUP,agree,agree
68,Family Class,Security Screening,Turkey,Udanda,office,,28,,,IN_FAILED_GROUP,empty,agree
68,Family Class,Security Screening,Turkey,HM Niagara Falls,office,,22,,,IN_FAILED_GROUP,empty,agree
68,Family Class,Security Screening,Turkey,HM Vancouver,office,,6,,,IN_FAILED_GROUP,empty,agree
68,Family Class,Security Screening,Ukraine,,citizenship,4,144,4,144,reconciled,agree,agree
68,Family Class,Security Screening,Ukraine,HM Montreal,office,,3,,,ok_group,empty,agree
68,Family Class,Security Screening,Ukraine,HM Niagara Falls,office,4,139,,,ok_group,agree,agree
68,Family Class,Security Screening,Ukraine,HM Vancouver,office,,2,,,ok_group,empty,agree
68,Family Class,Security Screening,United Kinadom and Overseas Territories,,citizenship,,15,0,15,reconciled,empty,agree
68,Family Class,Security Screening,United Kinadom and Overseas Territories,HM Montreal,office,,3,,,ok_group,empty,agree
68,Family Class,Security Screening,United Kinadom and Overseas Territories,HM Niagara Falls,office,,7,,,ok_group,empty,agree
68,Family Class,Security Screening,United Kinadom and Overseas Territories,HM Toronto,office,,2,,,ok_group,empty,agree
68,Family Class,Security Screening,United Kinadom and Overseas Territories,HM Vancouver,office,,3,,,ok_group,empty,agree
68,Family Class,Security Screening,United Republic of Tanzania,,citizenship,,1,0,1,reconciled,empty,agree
68,Family Class,Security Screening,United Republic of Tanzania,HM Vancouver,office,,1,,,ok_group,empty,agree
68,Family Class,Security Screening,United States of America,,citizenship,,16,0,16,reconciled,empty,agree
68,Family Class,Security Screening,United States of America,HM Montreal,office,,3,,,ok_group,empty,agree
68,Family Class,Security Screening,United States of America,HM Niagara Falls,office,,9,,,ok_group,empty,agree
68,Family Class,Security Screening,United States of America,HM Toronto,office,,1,,,ok_group,empty,agree
68,Family Class,Security Screening,United States of America,HM Vancouver,office,,3,,,ok_group,empty,agree
68,Unspecified,,,,immigration_category,1,3,,,no_parent,agree,majority
68,Unspecified,,,HM Montreal,office,,1,,,no_parent,empty,agree
68,Unspecified,,,HM Niagara Falls,office,1,2,,,no_parent,agree,agree
68,Unspecified,,,HM Toronto,office,,1,,,no_parent,empty,agree
68,Unspecified,,,HM Vancouver,office,,1,,,no_parent,empty,agree
68,Unspecified,,Uruquay,,citizenship,,2,0,2,reconciled,empty,agree
68,Unspecified,,Uruquay,HM Niagara Falls,office,,2,,,ok_group,empty,agree
68,Unspecified,,Venezuela,,citizenship,3,76,5,76,MISMATCH,agree,agree
68,Unspecified,,Venezuela,Bogota,office,,1,,,IN_FAILED_GROUP,empty,agree
68,Unspecified,,Venezuela,HM Montreal,office,,3,,,IN_FAILED_GROUP,empty,agree
68,Unspecified,,Venezuela,HM Niagara Falls,office,4,29,,,IN_FAILED_GROUP,agree,agree
68,Unspecified,,Venezuela,HM Toronto,office,,2,,,IN_FAILED_GROUP,empty,agree
68,Unspecified,,Venezuela,Ottawa IR,office,,40,,,IN_FAILED_GROUP,empty,agree
68,Unspecified,,Venezuela,Permanent Resident Card Centre Sydney,office,1,1,,,IN_FAILED_GROUP,agree,agree
68,Unspecified,,"Yemen, Republic of",,citizenship,2,22,2,22,reconciled,agree,agree
68,Unspecified,,"Yemen, Republic of",Case Processing Centre Mississauga,office,,2,,,ok_group,empty,agree
68,Unspecified,,"Yemen, Republic of",HM Niagara Falls,office,2,20,,,ok_group,agree,agree
68,Unspecified,,Zambia,,citizenship,,2,0,2,reconciled,empty,agree
68,Unspecified,,Zambia,HM Niagara Falls,office,,1,,,ok_group,empty,agree
68,Unspecified,,Zambia,HM Vancouver,office,,1,,,ok_group,empty,agree
68,Unspecified,,Zimbabwe,,citizenship,1,15,1,15,reconciled,agree,agree
68,Unspecified,,Zimbabwe,HM Montreal,office,,2,,,ok_group,empty,agree
68,Unspecified,,Zimbabwe,HM Niagara Falls,office,1,9,,,ok_group,agree,agree
68,Unspecified,,Zimbabwe,HM Vancouver,office,,4,,,ok_group,empty,agree
68,Permit Holders Class,,,,immigration_category,6,17,6,57,MISMATCH,agree,agree
68,Permit Holders Class,HIRV Screening,,,activity_type,,41,0,1,MISMATCH,empty,majority
68,Permit Holders Class,HIRV Screening,Democratic Republic of Sudan,,citizenship,,1,0,1,reconciled,empty,agree
68,Permit Holders Class,HIRV Screening,Democratic Republic of Sudan,Windsor,office,,1,,,ok_group,empty,agree
68,Permit Holders Class,Security Screening,,,activity_type,6,16,6,16,reconciled,agree,agree
68,Permit Holders Class,Security Screening,Democratic Republic of Sudan,,citizenship,,2,0,2,reconciled,empty,agree
68,Permit Holders Class,Security Screening,Democratic Republic of Sudan,Etobicoke,office,,1,,,ok_group,empty,agree
68,Permit Holders Class,Security Screening,Democratic Republic of Sudan,Windsor,office,,1,,,ok_group,empty,agree
68,Permit Holders Class,Security Screening,Haiti,,citizenship,,1,0,1,reconciled,empty,agree
68,Permit Holders Class,Security Screening,Haiti,Case Processing Centre Edmonton,office,,1,,,ok_group,empty,agree
68,Permit Holders Class,Security Screening,Libya,,citizenship,2,2,2,2,reconciled,agree,agree
68,Permit Holders Class,Security Screening,Libya,HM Niagara Falls,office,2,2,,,ok_group,agree,agree
68,Permit Holders Class,Security Screening,Mexico,,citizenship,1,1,1,1,reconciled,agree,agree
68,Permit Holders Class,Security Screening,Mexico,HM Niagara Falls,office,1,1,,,ok_group,agree,agree
68,Permit Holders Class,Security Screening,Palestinian Authority (Gaza/West Bank),,citizenship,,2,0,2,reconciled,empty,agree
68,Permit Holders Class,Security Screening,Palestinian Authority (Gaza/West Bank),HM Niagara Falls,office,,2,,,ok_group,empty,agree
68,Permit Holders Class,Security Screening,Saudi Arabia,,citizenship,1,1,1,1,reconciled,agree,agree
68,Permit Holders Class,Security Screening,Saudi Arabia,HM Niagara Falls,office,1,1,,,ok_group,agree,agree
68,Permit Holders Class,Security Screening,Sri Lanka,,citizenship,,1,0,1,reconciled,empty,agree
68,Permit Holders Class,Security Screening,Sri Lanka,HM Niagara Falls,office,,1,,,ok_group,empty,agree
68,Permit Holders Class,Security Screening,Stateless,,citizenship,,1,0,1,reconciled,empty,agree
68,Permit Holders Class,Security Screening,Stateless,HM Niagara Falls,office,,1,,,ok_group,empty,agree
68,Permit Holders Class,Security Screening,Syria,,citizenship,1,1,1,1,reconciled,agree,agree
68,Permit Holders Class,Security Screening,Syria,HM Niagara Falls,office,1,1,,,ok_group,agree,agree
68,Permit Holders Class,Security Screening,Turkey,,citizenship,1,1,1,1,reconciled,agree,agree
68,Permit Holders Class,Security Screening,Turkey,HM Niagara Falls,office,1,1,,,ok_group,agree,agree
68,Permit Holders Class,Security Screening,United Kinadom and Overseas Territories,,citizenship,,2,0,2,reconciled,empty,agree
68,Permit Holders Class,Security Screening,United Kinadom and Overseas Territories,HM Niagara Falls,office,,1,,,ok_group,empty,agree
68,Permit Holders Class,Security Screening,United Kinadom and Overseas Territories,Windsor,office,,1,,,ok_group,empty,agree
68,Permit Holders Class,Security Screening,United States of America,,citizenship,,1,0,1,reconciled,empty,agree
68,Permit Holders Class,Security Screening,United States of America,Case Processing Centre Edmonton,office,,1,,,ok_group,empty,agree
68,Protected Persons,,,,immigration_category,3759,36003,3759,36003,reconciled,agree,agree
68,Protected Persons,HIRV Screening,,,activity_type,11,56,11,52,MISMATCH,agree,majority
68,Protected Persons,HIRV Screening,Afghanistan,,citizenship,1,2,1,2,reconciled,agree,agree
68,Protected Persons,HIRV Screening,Afghanistan,Case Processing Centre Mississauga,office,,1,,,ok_group,empty,agree
68,Protected Persons,HIRV Screening,Afghanistan,Case Cases Review Citizenship And Immigration,office,1,1,,,ok_group,agree,agree
68,Protected Persons,HIRV Screening,Burundi,,citizenship,2,7,2,7,reconciled,agree,agree
68,Protected Persons,HIRV Screening,Burundi,Case Processing Centre Mississauga,office,,1,,,ok_group,empty,agree
68,Protected Persons,HIRV Screening,Burundi,Dar-Es-Salaam,office,2,6,,,ok_group,agree,agree
68,Protected Persons,HIRV Screening,"Condo, Democratic Republic of the",,citizenship,,2,0,2,reconciled,empty,agree
68,Protected Persons,HIRV Screening,"Condo, Democratic Republic of the",Case Processing Centre Mississauga,office,,1,,,ok_group,empty,agree
68,Protected Persons,HIRV Screening,"Condo, Democratic Republic of the",Nairobi,office,,1,,,ok_group,empty,agree
68,Protected Persons,HIRV Screening,El Salvador,,citizenship,,1,0,1,reconciled,empty,agree
68,Protected Persons,HIRV Screening,El Salvador,Mexico City,office,,1,,,ok_group,empty,agree
68,Protected Persons,HIRV Screening,Eritrea,,citizenship,4,17,4,17,reconciled,agree,agree
68,Protected Persons,HIRV Screening,Eritrea,Dar-Es-Salaam,office,3,10,,,ok_group,agree,agree
68,Protected Persons,HIRV Screening,Eritrea,Nairobi,office,,3,,,ok_group,empty,agree
68,Protected Persons,HIRV Screening,Eritrea,Pretoria,office,,1,,,ok_group,empty,agree
68,Protected Persons,HIRV Screening,Eritrea,Tel Aviv,office,1,3,,,ok_group,agree,agree
68,Protected Persons,HIRV Screening,Ethiopia,,citizenship,1,3,1,3,reconciled,agree,agree
68,Protected Persons,HIRV Screening,Ethiopia,Dar-Es-Salaam,office,1,2,,,ok_group,agree,agree
68,Protected Persons,HIRV Screening,Ethiopia,Paris,office,,1,,,ok_group,empty,agree
68,Protected Persons,HIRV Screening,Haiti,,citizenship,,2,0,2,reconciled,empty,agree
68,Protected Persons,HIRV Screening,Haiti,Port-Au-Prince,office,,2,,,ok_group,empty,agree
68,Protected Persons,HIRV Screening,Iraq,,citizenship,,1,0,1,reconciled,empty,agree
68,Protected Persons,HIRV Screening,Iraq,Mexico City,office,,1,,,ok_group,empty,agree
68,Protected Persons,HIRV Screening,Pakistan,,citizenship,1,3,1,3,reconciled,agree,agree
68,Protected Persons,HIRV Screening,Pakistan,Hamilton,office,1,2,,,ok_group,agree,agree
68,Protected Persons,HIRV Screening,Pakistan,Vienna,office,,1,,,ok_group,empty,agree
68,Protected Persons,HIRV Screening,Republic of Ivory Coast,,citizenship,,1,0,1,reconciled,empty,agree
68,Protected Persons,HIRV Screening,Republic of Ivory Coast,Rabat,office,,1,,,ok_group,empty,agree
68,Protected Persons,HIRV Screening,Russia,,citizenship,,1,0,1,reconciled,empty,agree
68,Protected Persons,HIRV Screening,Russia,Niagara Falls IRCC,office,,1,,,ok_group,empty,agree
68,Protected Persons,HIRV Screening,Rwanda,,citizenship,2,8,2,8,reconciled,agree,agree
68,Protected Persons,HIRV Screening,Rwanda,Dar-Es-Salaam,office,,1,,,ok_group,empty,agree
68,Protected Persons,HIRV Screening,Rwanda,Pretoria,office,2,7,,,ok_group,agree,agree
68,Protected Persons,HIRV Screening,"Somalia, Democratic Republic of",,citizenship,,1,0,1,reconciled,empty,agree
68,Protected Persons,HIRV Screening,"Somalia, Democratic Republic of",Pretoria,office,,1,,,ok_group,empty,agree
68,Protected Persons,HIRV Screening,Syria,,citizenship,,,0,4,MISMATCH,empty,none
69,Protected Persons,HIRV Screening,Syria,Ankara,office,,1,,,IN_FAILED_GROUP,empty,agree
69,Protected Persons,HIRV Screening,Syria,Beirut,office,,1,,,IN_FAILED_GROUP,empty,agree
69,Protected Persons,HIRV Screening,Syria,Mexico City,office,,1,,,IN_FAILED_GROUP,empty,agree
69,Protected Persons,HIRV Screening,Syria,Port-Au-Prince,office,,1,,,IN_FAILED_GROUP,empty,agree
69,Protected Persons,HIRV Screening,"Todo, Republic of",,citizenship,,1,0,1,reconciled,empty,agree
69,Protected Persons,HIRV Screening,"Todo, Republic of",Accra,office,,1,,,ok_group,empty,agree
69,Protected Persons,HIRV Screening,Turkey,,citizenship,,2,0,2,reconciled,empty,agree
69,Protected Persons,HIRV Screening,Turkey,Case Cases Review Citizenship And Immigration,office,,1,,,ok_group,empty,agree
69,Protected Persons,HIRV Screening,Turkey,Los Angeles,office,,1,,,ok_group,empty,agree
69,Protected Persons,Org Crime Screening,,,activity_type,6,116,7,113,MISMATCH,agree,agree
69,Protected Persons,Org Crime Screening,Afghanistan,,citizenship,,3,0,3,reconciled,empty,agree
69,Protected Persons,Org Crime Screening,Afghanistan,New York,office,,1,,,ok_group,empty,agree
69,Protected Persons,Org Crime Screening,Afghanistan,Washinaton,office,,2,,,ok_group,empty,agree
69,Protected Persons,Org Crime Screening,Barbados,,citizenship,,1,0,1,reconciled,empty,agree
69,Protected Persons,Org Crime Screening,Barbados,Case Processing Centre Mississauga,office,,1,,,ok_group,empty,agree
69,Protected Persons,Org Crime Screening,Colombia,,citizenship,1,13,1,13,reconciled,agree,agree
69,Protected Persons,Org Crime Screening,Colombia,Case Processing Centre Mississauga,office,,12,,,ok_group,empty,agree
69,Protected Persons,Org Crime Screening,Colombia,Hamilton,office,1,1,,,ok_group,agree,agree
69,Protected Persons,Org Crime Screening,Croatia,,citizenship,,1,0,1,reconciled,empty,agree
69,Protected Persons,Org Crime Screening,Croatia,Case Processing Centre Mississauga,office,,1,,,ok_group,empty,agree
69,Protected Persons,Org Crime Screening,Cuba,,citizenship,,1,0,1,reconciled,empty,agree
69,Protected Persons,Org Crime Screening,Cuba,Case Processing Centre Mississauga,office,,1,,,ok_group,empty,agree
69,Protected Persons,Org Crime Screening,El Salvador,,citizenship,,3,0,3,reconciled,empty,agree
69,Protected Persons,Org Crime Screening,El Salvador,Case Processing Centre Mississauga,office,,1,,,ok_group,empty,agree
69,Protected Persons,Org Crime Screening,El Salvador,Mexico City,office,,2,,,ok_group,empty,agree
69,Protected Persons,Org Crime Screening,Eritrea,,citizenship,,1,0,1,reconciled,empty,agree
69,Protected Persons,Org Crime Screening,Eritrea,Case Processing Centre Mississauga,office,,1,,,ok_group,empty,agree
69,Protected Persons,Org Crime Screening,Ethiopia,,citizenship,,1,0,1,reconciled,empty,agree
69,Protected Persons,Org Crime Screening,Ethiopia,Case Processing Centre Mississauga,office,,1,,,ok_group,empty,agree
69,Protected Persons,Org Crime Screening,Georagia,,citizenship,,3,0,3,reconciled,empty,agree
69,Protected Persons,Org Crime Screening,Georagia,Case Processing Centre Mississauga,office,,3,,,ok_group,empty,agree
69,Protected Persons,Org Crime Screening,Haiti,,citizenship,,2,0,2,reconciled,empty,agree
69,Protected Persons,Org Crime Screening,Haiti,Case Processing Centre Mississauga,office,,2,,,ok_group,empty,agree
69,Protected Persons,Org Crime Screening,Honduras,,citizenship,,2,0,2,reconciled,empty,agree
69,Protected Persons,Org Crime Screening,Honduras,Case Processing Centre Mississauga,office,,2,,,ok_group,empty,agree
69,Protected Persons,Org Crime Screening,Hunaary,,citizenship,,18,0,18,reconciled,empty,agree
69,Protected Persons,Org Crime Screening,Hunaary,Case Processing Centre Mississauga,office,,18,,,ok_group,empty,agree
69,Protected Persons,Org Crime Screening,India,,citizenship,,2,0,2,reconciled,empty,agree
69,Protected Persons,Org Crime Screening,India,Case Processing Centre Mississauga,office,,2,,,ok_group,empty,agree
69,Protected Persons,Org Crime Screening,Iran,,citizenship,2,3,1,4,MISMATCH,agree,majority
69,Protected Persons,Org Crime Screening,Iran,Ankara,office,1,1,,,IN_FAILED_GROUP,agree,agree
69,Protected Persons,Org Crime Screening,Iran,Case Processing Centre Mississauga,office,,3,,,IN_FAILED_GROUP,empty,agree
69,Protected Persons,Org Crime Screening,Singapore,,citizenship,1,1,,,IN_FAILED_GROUP,agree,agree
69,Protected Persons,Org Crime Screening,Jamaica,,citizenship,,2,0,2,reconciled,empty,agree
69,Protected Persons,Org Crime Screening,Jamaica,Case Processing Centre Mississauga,office,,2,,,ok_group,empty,agree
69,Protected Persons,Org Crime Screening,Kazakhstan,,citizenship,,2,0,2,reconciled,empty,agree
69,Protected Persons,Org Crime Screening,Kazakhstan,Case Processing Centre Mississauga,office,,2,,,ok_group,empty,agree
69,Protected Persons,Org Crime Screening,Mexico,,citizenship,,1,0,1,reconciled,empty,agree
69,Protected Persons,Org Crime Screening,Mexico,Mexico City,office,,1,,,ok_group,empty,agree
69,Protected Persons,Org Crime Screening,"Monaolia, People's Republic of",,citizenship,,1,0,1,reconciled,empty,agree
69,Protected Persons,Org Crime Screening,"Monaolia, People's Republic of",Case Processing Centre Mississauga,office,,1,,,ok_group,empty,agree
69,Protected Persons,Org Crime Screening,Namibia,,citizenship,,2,0,2,reconciled,empty,agree
69,Protected Persons,Org Crime Screening,Namibia,Case Processing Centre Mississauga,office,,2,,,ok_group,empty,agree
69,Protected Persons,Org Crime Screening,Nigeria,,citizenship,1,7,1,7,reconciled,agree,agree
69,Protected Persons,Org Crime Screening,Nigeria,Case Processing Centre Mississauga,office,1,4,,,ok_group,agree,agree
69,Protected Persons,Org Crime Screening,Nigeria,Hamilton,office,,2,,,ok_group,empty,agree
69,Protected Persons,Org Crime Screening,Nigeria,Windsor,office,,1,,,ok_group,empty,agree
69,Protected Persons,Org Crime Screening,Pakistan,,citizenship,1,4,1,4,reconciled,agree,agree
69,Protected Persons,Org Crime Screening,Pakistan,Case Processing Centre Mississauga,office,,2,,,ok_group,empty,agree
69,Protected Persons,Org Crime Screening,Pakistan,Hamilton,office,1,2,,,ok_group,agree,agree
69,Protected Persons,Org Crime Screening,"Panama, Republic of",,citizenship,,2,0,2,reconciled,empty,agree
69,Protected Persons,Org Crime Screening,"Panama, Republic of",Case Processing Centre Mississauga,office,,2,,,ok_group,empty,agree
69,Protected Persons,Org Crime Screening,Peoples Republic of Benin,,citizenship,,1,0,1,reconciled,empty,agree
69,Protected Persons,Org Crime Screening,Peoples Republic of Benin,Case Processing Centre Mississauga,office,,1,,,ok_group,empty,agree
69,Protected Persons,Org Crime Screening,People's Republic of China,,citizenship,1,7,1,5,MISMATCH,agree,agree
69,Protected Persons,Org Crime Screening,People's Republic of China,Case Processing Centre Mississauga,office,,3,,,IN_FAILED_GROUP,empty,majority
69,Protected Persons,Org Crime Screening,People's Republic of China,Hamilton,office,1,1,,,IN_FAILED_GROUP,agree,agree
69,Protected Persons,Org Crime Screening,People's Republic of China,Honda Kona,office,,1,,,IN_FAILED_GROUP,empty,agree
69,Protected Persons,Org Crime Screening,Peru,,citizenship,,1,0,1,reconciled,empty,agree
69,Protected Persons,Org Crime Screening,Peru,Niagara Falls IRCC,office,,1,,,ok_group,empty,agree
69,Protected Persons,Org Crime Screening,Philippines,,citizenship,,1,0,1,reconciled,empty,agree
69,Protected Persons,Org Crime Screening,Philippines,Case Processing Centre Mississauga,office,,1,,,ok_group,empty,agree
69,Protected Persons,Org Crime Screening,Poland,,citizenship,,2,0,2,reconciled,empty,agree
69,Protected Persons,Org Crime Screening,Poland,Case Processing Centre Mississauga,office,,2,,,ok_group,empty,agree
69,Protected Persons,Org Crime Screening,Romania,,citizenship,,12,0,12,reconciled,empty,agree
69,Protected Persons,Org Crime Screening,Romania,Case Processing Centre Mississauga,office,,11,,,ok_group,empty,agree
69,Protected Persons,Org Crime Screening,Romania,HM Montreal,office,,1,,,ok_group,empty,agree
69,Protected Persons,Org Crime Screening,Seneaal,,citizenship,,1,0,5,MISMATCH,empty,agree
69,Protected Persons,Org Crime Screening,Seneaal,Case Processing Centre Mississauga,office,,1,,,IN_FAILED_GROUP,empty,agree
69,Protected Persons,Org Crime Screening,Seneaal,Slovak Republic,office,,2,,,IN_FAILED_GROUP,empty,agree
69,Protected Persons,Org Crime Screening,Seneaal,Case Processing Centre Mississauga,office,,2,,,IN_FAILED_GROUP,empty,agree
69,Protected Persons,Org Crime Screening,Sri Lanka,,citizenship,,4,0,4,reconciled,empty,agree
69,Protected Persons,Org Crime Screening,Sri Lanka,Case Processing Centre Mississauga,office,,3,,,ok_group,empty,agree
69,Protected Persons,Org Crime Screening,Sri Lanka,Niagara Falls IRCC,office,,1,,,ok_group,empty,agree
69,Protected Persons,Org Crime Screening,St. Lucia,,citizenship,,1,0,1,reconciled,empty,agree
69,Protected Persons,Org Crime Screening,St. Lucia,Case Processing Centre Mississauga,office,,1,,,ok_group,empty,agree
69,Protected Persons,Org Crime Screening,Stateless,,citizenship,,1,0,1,reconciled,empty,agree
69,Protected Persons,Org Crime Screening,Stateless,Case Processing Centre Mississauga,office,,1,,,ok_group,empty,agree
69,Protected Persons,Org Crime Screening,Syria,,citizenship,,3,0,3,reconciled,empty,agree
69,Protected Persons,Org Crime Screening,Syria,Abu Dhabi,office,,2,,,ok_group,empty,agree
69,Protected Persons,Org Crime Screening,Syria,Beirut,office,,1,,,ok_group,empty,agree
69,Protected Persons,Org Crime Screening,Turkey,,citizenship,,1,0,1,reconciled,empty,agree
69,Protected Persons,Org Crime Screening,Turkey,Mexico City,office,,1,,,ok_group,empty,agree
69,Protected Persons,Org Crime Screening,United Republic of Tanzania,,citizenship,,1,0,1,reconciled,empty,agree
69,Protected Persons,Org Crime Screening,United Republic of Tanzania,Case Processing Centre Mississauga,office,,1,,,ok_group,empty,agree
69,Protected Persons,Org Crime Screening,Zimbabwe,,citizenship,,1,0,1,reconciled,empty,agree
69,Protected Persons,Org Crime Screening,Zimbabwe,Case Processing Centre Mississauga,office,,1,,,ok_group,empty,agree
69,Protected Persons,Security Screening,,,activity_type,3742,35831,3753,34591,MISMATCH,agree,majority
69,Protected Persons,Security Screening,Afghanistan,,citizenship,562,6045,477,6341,MISMATCH,majority,agree
69,Protected Persons,Security Screening,Afghanistan,Abu Dhabi,office,7,1646,,,IN_FAILED_GROUP,majority,agree
69,Protected Persons,Security Screening,Afghanistan,Amman,office,1,8,,,IN_FAILED_GROUP,agree,agree
69,Protected Persons,Security Screening,Afghanistan,Ankara,office,208,942,,,IN_FAILED_GROUP,agree,agree
69,Protected Persons,Security Screening,Afghanistan,Beiiina,office,,1,,,IN_FAILED_GROUP,empty,agree
69,Protected Persons,Security Screening,Afghanistan,Beirut,office,,1,,,IN_FAILED_GROUP,empty,agree
69,Protected Persons,Security Screening,Afghanistan,Bucharest,office,,1,,,IN_FAILED_GROUP,empty,agree
69,Protected Persons,Security Screening,Afghanistan,Case Processing Centre Mississauga,office,237,1517,,,IN_FAILED_GROUP,agree,majority
69,Protected Persons,Security Screening,Afghanistan,Case Processing Centre Ottawa,office,,3,,,IN_FAILED_GROUP,empty,agree
69,Protected Persons,Security Screening,Afghanistan,Case Cases Review Citizenship And Immigration,office,,6,,,IN_FAILED_GROUP,empty,agree
69,Protected Persons,Security Screening,Afghanistan,Colombo,office,,18,,,IN_FAILED_GROUP,empty,agree
69,Protected Persons,Security Screening,Afghanistan,Dar-Es-Salaam,office,,4,,,IN_FAILED_GROUP,empty,agree
69,Protected Persons,Security Screening,Afghanistan,Etobicoke,office,,1,,,IN_FAILED_GROUP,empty,agree
69,Protected Persons,Security Screening,Afghanistan,Fort Erie Refugee Processing Centre,office,,1,,,IN_FAILED_GROUP,empty,agree
69,Protected Persons,Security Screening,Afghanistan,Hamilton,office,2,3,,,IN_FAILED_GROUP,agree,agree
69,Protected Persons,Security Screening,Afghanistan,HM Montreal,office,,4,,,IN_FAILED_GROUP,empty,agree
69,Protected Persons,Security Screening,Afghanistan,HM Niagara Falls,office,,1,,,IN_FAILED_GROUP,empty,agree
69,Protected Persons,Security Screening,Afghanistan,HM Vancouver,office,,357,,,IN_FAILED_GROUP,empty,agree
69,Protected Persons,Security Screening,Afghanistan,Honda Kona,office,,3,,,IN_FAILED_GROUP,empty,majority
69,Protected Persons,Security Screening,Afghanistan,Islamabad,office,6,635,,,IN_FAILED_GROUP,majority,agree
69,Protected Persons,Security Screening,Afghanistan,Jakarta,office,,3,,,IN_FAILED_GROUP,empty,agree
69,Protected Persons,Security Screening,Afghanistan,Kyiv,office,,6,,,IN_FAILED_GROUP,empty,agree
69,Protected Persons,Security Screening,Afghanistan,London,office,,2,,,IN_FAILED_GROUP,empty,agree
69,Protected Persons,Security Screening,Afghanistan,London Enaland,office,1,60,,,IN_FAILED_GROUP,agree,agree
69,Protected Persons,Security Screening,Afghanistan,Manila,office,,4,,,IN_FAILED_GROUP,empty,agree
69,Protected Persons,Security Screening,Afghanistan,Mexico City,office,1,26,,,IN_FAILED_GROUP,agree,agree
69,Protected Persons,Security Screening,Afghanistan,Moscow,office,,3,,,IN_FAILED_GROUP,empty,majority
69,Protected Persons,Security Screening,Afghanistan,Nairobi,office,4,6,,,IN_FAILED_GROUP,agree,agree
69,Protected Persons,Security Screening,Afghanistan,New Delhi,office,4,183,,,IN_FAILED_GROUP,agree,majority
69,Protected Persons,Security Screening,Afghanistan,New York,office,,12,,,IN_FAILED_GROUP,empty,agree
69,Protected Persons,Security Screening,Afghanistan,Niagara Falls IRCC,office,,2,,,IN_FAILED_GROUP,empty,agree
69,Protected Persons,Security Screening,Afghanistan,Operational Support Performance Management And,office,,4,,,IN_FAILED_GROUP,empty,agree
69,Protected Persons,Security Screening,Afghanistan,Ottawa IR,office,,1,,,IN_FAILED_GROUP,empty,agree
69,Protected Persons,Security Screening,Afghanistan,Paris,office,,128,,,IN_FAILED_GROUP,empty,agree
69,Protected Persons,Security Screening,Afghanistan,Rabat,office,,1,,,IN_FAILED_GROUP,empty,agree
69,Protected Persons,Security Screening,Afghanistan,Risk Mitigation Branch,office,,1,,,IN_FAILED_GROUP,empty,agree
69,Protected Persons,Security Screening,Afghanistan,Rome,office,2,215,,,IN_FAILED_GROUP,agree,agree
69,Protected Persons,Security Screening,Afghanistan,RROC,office,,4,,,IN_FAILED_GROUP,empty,agree
69,Protected Persons,Security Screening,Afghanistan,Singapore,office,3,144,,,IN_FAILED_GROUP,majority,agree
69,Protected Persons,Security Screening,Afghanistan,Sydney Australia,office,1,21,,,IN_FAILED_GROUP,agree,agree
69,Protected Persons,Security Screening,Afghanistan,Vancouver Immiaration,office,,11,,,IN_FAILED_GROUP,empty,agree
69,Protected Persons,Security Screening,Afghanistan,Vienna,office,,310,,,IN_FAILED_GROUP,empty,agree
69,Protected Persons,Security Screening,Afghanistan,Warsaw,office,,32,,,IN_FAILED_GROUP,empty,agree
69,Protected Persons,Security Screening,Afghanistan,Washinaton,office,,3,,,IN_FAILED_GROUP,empty,agree
69,Protected Persons,Security Screening,Afghanistan,Windsor,office,,7,,,IN_FAILED_GROUP,empty,agree
69,Protected Persons,Security Screening,Albania,,citizenship,1,,1,69,MISMATCH,agree,none
70,Protected Persons,Security Screening,Albania,Case Processing Centre Mississauga,office,1,68,,,IN_FAILED_GROUP,agree,agree
70,Protected Persons,Security Screening,Albania,New York,office,,1,,,IN_FAILED_GROUP,empty,agree
70,Protected Persons,Security Screening,Alaeria,,citizenship,12,88,14,204,MISMATCH,agree,agree
70,Protected Persons,Security Screening,Alaeria,Abu Dhabi,office,,1,,,IN_FAILED_GROUP,empty,agree
70,Protected Persons,Security Screening,Alaeria,Beirut,office,,1,,,IN_FAILED_GROUP,empty,agree
70,Protected Persons,Security Screening,Alaeria,Case Processing Centre Mississauga,office,1,80,,,IN_FAILED_GROUP,agree,agree
70,Protected Persons,Security Screening,Alaeria,Montreal Immiaration,office,,1,,,IN_FAILED_GROUP,empty,agree
70,Protected Persons,Security Screening,Alaeria,Paris,office,1,3,,,IN_FAILED_GROUP,agree,majority
70,Protected Persons,Security Screening,Alaeria,Anaola,office,6,59,,,IN_FAILED_GROUP,agree,agree
70,Protected Persons,Security Screening,Alaeria,Case Processing Centre Mississauga,office,6,59,,,IN_FAILED_GROUP,agree,agree
70,Protected Persons,Security Screening,Antigua and Barbuda,,citizenship,,1,0,1,reconciled,empty,agree
70,Protected Persons,Security Screening,Antigua and Barbuda,Case Processing Centre Mississauga,office,,1,,,ok_group,empty,agree
70,Protected Persons,Security Screening,Ardentina,,citizenship,,2,0,2,reconciled,empty,agree
70,Protected Persons,Security Screening,Ardentina,Ankara,office,,1,,,ok_group,empty,agree
70,Protected Persons,Security Screening,Ardentina,Case Processing Centre Mississauga,office,,1,,,ok_group,empty,agree
70,Protected Persons,Security Screening,Armenia,,citizenship,,3,0,5,MISMATCH,empty,majority
70,Protected Persons,Security Screening,Armenia,Abu Dhabi,office,,1,,,IN_FAILED_GROUP,empty,agree
70,Protected Persons,Security Screening,Armenia,Case Processing Centre Mississauga,office,,4,,,IN_FAILED_GROUP,empty,agree
70,Protected Persons,Security Screening,Azerbaiian,,citizenship,,133,0,133,reconciled,empty,majority
70,Protected Persons,Security Screening,Azerbaiian,Ankara,office,,1,,,ok_group,empty,agree
70,Protected Persons,Security Screening,Azerbaiian,Case Processing Centre Mississauga,office,,131,,,ok_group,empty,agree
70,Protected Persons,Security Screening,Azerbaiian,Case Processing Centre Ottawa,office,,1,,,ok_group,empty,agree
70,Protected Persons,Security Screening,"Bahama Islands, The",,citizenship,2,26,2,26,reconciled,agree,agree
70,Protected Persons,Security Screening,"Bahama Islands, The",Case Processing Centre Mississauga,office,2,26,,,ok_group,agree,agree
70,Protected Persons,Security Screening,Bahrain,,citizenship,,9,0,9,reconciled,empty,agree
70,Protected Persons,Security Screening,Bahrain,Case Processing Centre Mississauga,office,,9,,,ok_group,empty,agree
70,Protected Persons,Security Screening,Banadladesh,,citizenship,100,234,10,234,MISMATCH,majority,agree
70,Protected Persons,Security Screening,Banadladesh,Abu Dhabi,office,1,2,,,IN_FAILED_GROUP,agree,agree
70,Protected Persons,Security Screening,Banadladesh,Calaary Citizenship and Immiaration Canada,office,,2,,,IN_FAILED_GROUP,empty,agree
70,Protected Persons,Security Screening,Banadladesh,Case Processing Centre Mississauga,office,6,213,,,IN_FAILED_GROUP,agree,majority
70,Protected Persons,Security Screening,Banadladesh,Case Processing Centre Ottawa,office,,1,,,IN_FAILED_GROUP,empty,agree
70,Protected Persons,Security Screening,Banadladesh,Hamilton,office,,1,,,IN_FAILED_GROUP,empty,agree
70,Protected Persons,Security Screening,Banadladesh,HM Montreal,office,1,6,,,IN_FAILED_GROUP,agree,agree
70,Protected Persons,Security Screening,Banadladesh,HM Vancouver,office,,3,,,IN_FAILED_GROUP,empty,agree
70,Protected Persons,Security Screening,Banadladesh,Operational Support Performance Management And,office,,1,,,IN_FAILED_GROUP,empty,agree
70,Protected Persons,Security Screening,Banadladesh,Singapore,office,2,2,,,IN_FAILED_GROUP,agree,agree
70,Protected Persons,Security Screening,Banadladesh,Sydney Australia,office,,3,,,IN_FAILED_GROUP,empty,agree
70,Protected Persons,Security Screening,Barbados,,citizenship,1,11,1,11,reconciled,agree,agree
70,Protected Persons,Security Screening,Barbados,Case Processing Centre Mississauga,office,1,11,,,ok_group,agree,agree
70,Protected Persons,Security Screening,Belarus,,citizenship,,8,0,8,reconciled,empty,agree
70,Protected Persons,Security Screening,Belarus,Case Processing Centre Mississauga,office,,8,,,ok_group,empty,agree
70,Protected Persons,Security Screening,Beldium,,citizenship,1,1,1,1,reconciled,agree,agree
70,Protected Persons,Security Screening,Beldium,Case Processing Centre Mississauga,office,1,1,,,ok_group,agree,agree
70,Protected Persons,Security Screening,Belize,,citizenship,,1,0,1,reconciled,empty,agree
70,Protected Persons,Security Screening,Belize,Operational Support Performance Management And,office,,1,,,ok_group,empty,agree
70,Protected Persons,Security Screening,Bolivia,,citizenship,3,9,3,9,reconciled,agree,agree
70,Protected Persons,Security Screening,Bolivia,Case Processing Centre Mississauga,office,2,8,,,ok_group,agree,agree
70,Protected Persons,Security Screening,Bolivia,Mexico City,office,1,1,,,ok_group,agree,agree
70,Protected Persons,Security Screening,Bosnia-Herceqovina,,citizenship,1,3,1,3,reconciled,agree,agree
70,Protected Persons,Security Screening,Bosnia-Herceqovina,Case Processing Centre Mississauga,office,1,3,,,ok_group,agree,agree
70,Protected Persons,Security Screening,"Botswana, Republic of",,citizenship,,6,0,6,reconciled,empty,agree
70,Protected Persons,Security Screening,"Botswana, Republic of",Case Processing Centre Mississauga,office,,6,,,ok_group,empty,agree
70,Protected Persons,Security Screening,Brazil,,citizenship,1,12,1,12,reconciled,agree,agree
70,Protected Persons,Security Screening,Brazil,Case Processing Centre Mississauga,office,1,12,,,ok_group,agree,agree
70,Protected Persons,Security Screening,Bulaaria,,citizenship,,13,0,13,reconciled,empty,agree
70,Protected Persons,Security Screening,Bulaaria,Case Processing Centre Mississauga,office,,13,,,ok_group,empty,agree
70,Protected Persons,Security Screening,Burkina-Faso,,citizenship,6,13,4,13,MISMATCH,agree,agree
70,Protected Persons,Security Screening,Burkina-Faso,Case Processing Centre Mississauga,office,3,10,,,IN_FAILED_GROUP,majority,agree
70,Protected Persons,Security Screening,Burkina-Faso,Dakar,office,1,2,,,IN_FAILED_GROUP,agree,agree
70,Protected Persons,Security Screening,Burkina-Faso,Windsor,office,,1,,,IN_FAILED_GROUP,empty,agree
70,Protected Persons,Security Screening,Burundi,,citizenship,60,530,49,530,MISMATCH,agree,majority
70,Protected Persons,Security Screening,Burundi,Abu Dhabi,office,,1,,,IN_FAILED_GROUP,empty,agree
70,Protected Persons,Security Screening,Burundi,Case Processing Centre Mississauga,office,47,408,,,IN_FAILED_GROUP,agree,agree
70,Protected Persons,Security Screening,Burundi,Case Processing Centre Ottawa,office,,3,,,IN_FAILED_GROUP,empty,agree
70,Protected Persons,Security Screening,Burundi,Dakar,office,,4,,,IN_FAILED_GROUP,empty,agree
70,Protected Persons,Security Screening,Burundi,Dar-Es-Salaam,office,2,98,,,IN_FAILED_GROUP,majority,agree
70,Protected Persons,Security Screening,Burundi,Edmonton IRCC,office,,1,,,IN_FAILED_GROUP,empty,agree
70,Protected Persons,Security Screening,Burundi,HM Montreal,office,,1,,,IN_FAILED_GROUP,empty,agree
70,Protected Persons,Security Screening,Burundi,Mexico City,office,,1,,,IN_FAILED_GROUP,empty,agree
70,Protected Persons,Security Screening,Burundi,Nairobi,office,,8,,,IN_FAILED_GROUP,empty,agree
70,Protected Persons,Security Screening,Burundi,Ottawa,office,,1,,,IN_FAILED_GROUP,empty,agree
70,Protected Persons,Security Screening,Burundi,Paris,office,,2,,,IN_FAILED_GROUP,empty,agree
70,Protected Persons,Security Screening,Burundi,Pretoria,office,,2,,,IN_FAILED_GROUP,empty,agree
70,Protected Persons,Security Screening,Cambodia,,citizenship,,18,0,18,reconciled,empty,agree
70,Protected Persons,Security Screening,Cambodia,Case Processing Centre Mississauga,office,,8,,,ok_group,empty,agree
70,Protected Persons,Security Screening,Cambodia,Case Processing Centre Ottawa,office,,1,,,ok_group,empty,agree
70,Protected Persons,Security Screening,Cambodia,Dar-Es-Salaam,office,,1,,,ok_group,empty,agree
70,Protected Persons,Security Screening,Cambodia,Singapore,office,,8,,,ok_group,empty,agree
70,Protected Persons,Security Screening,Central African Republic,,citizenship,7,29,7,29,reconciled,agree,agree
70,Protected Persons,Security Screening,Central African Republic,Accra,office,,1,,,ok_group,empty,agree
70,Protected Persons,Security Screening,Central African Republic,Case Processing Centre Mississauga,office,,6,,,ok_group,empty,agree
70,Protected Persons,Security Screening,Central African Republic,Dakar,office,6,21,,,ok_group,agree,agree
70,Protected Persons,Security Screening,Central African Republic,Nairobi,office,1,1,,,ok_group,agree,agree
70,Protected Persons,Security Screening,"Chad, Republic of",,citizenship,37,138,57,136,MISMATCH,agree,agree
70,Protected Persons,Security Screening,"Chad, Republic of",Abu Dhabi,office,,2,,,IN_FAILED_GROUP,empty,agree
70,Protected Persons,Security Screening,"Chad, Republic of",Case Processing Centre Mississauga,office,55,127,,,IN_FAILED_GROUP,agree,agree
70,Protected Persons,Security Screening,"Chad, Republic of",Dakar,office,2,3,,,IN_FAILED_GROUP,agree,majority
70,Protected Persons,Security Screening,"Chad, Republic of",Hamilton,office,,1,,,IN_FAILED_GROUP,empty,agree
70,Protected Persons,Security Screening,"Chad, Republic of",Niagara Falls IRCC,office,,1,,,IN_FAILED_GROUP,empty,agree
70,Protected Persons,Security Screening,"Chad, Republic of",Operational Support Performance Management And,office,,1,,,IN_FAILED_GROUP,empty,agree
70,Protected Persons,Security Screening,"Chad, Republic of",Vienna,office,,1,,,IN_FAILED_GROUP,empty,agree
70,Protected Persons,Security Screening,Chile,,citizenship,1,11,1,11,reconciled,agree,agree
70,Protected Persons,Security Screening,Chile,Case Processing Centre Mississauga,office,1,11,,,ok_group,agree,agree
70,Protected Persons,Security Screening,Colombia,,citizenship,7,638,16,638,MISMATCH,majority,agree
70,Protected Persons,Security Screening,Colombia,Bogota,office,6,11,,,IN_FAILED_GROUP,agree,agree
70,Protected Persons,Security Screening,Colombia,Case Processing Centre Mississauga,office,8,615,,,IN_FAILED_GROUP,majority,agree
70,Protected Persons,Security Screening,Colombia,Case Processing Centre Ottawa,office,,1,,,IN_FAILED_GROUP,empty,agree
70,Protected Persons,Security Screening,Colombia,Hamilton,office,,2,,,IN_FAILED_GROUP,empty,agree
70,Protected Persons,Security Screening,Colombia,HM Niagara Falls,office,2,2,,,IN_FAILED_GROUP,agree,agree
70,Protected Persons,Security Screening,Colombia,Lima,office,,1,,,IN_FAILED_GROUP,empty,agree
70,Protected Persons,Security Screening,Colombia,Mexico City,office,,3,,,IN_FAILED_GROUP,empty,agree
70,Protected Persons,Security Screening,Colombia,Ottawa IR,office,,2,,,IN_FAILED_GROUP,empty,agree
70,Protected Persons,Security Screening,Colombia,Windsor,office,,1,,,IN_FAILED_GROUP,empty,agree
70,Protected Persons,Security Screening,Comoros,,citizenship,,3,0,3,reconciled,empty,agree
70,Protected Persons,Security Screening,Comoros,Case Processing Centre Mississauga,office,,2,,,ok_group,empty,agree
70,Protected Persons,Security Screening,Comoros,Pretoria,office,,1,,,ok_group,empty,agree
70,Protected Persons,Security Screening,"Condo, Democratic Republic of the",,citizenship,66,308,63,308,MISMATCH,agree,agree
70,Protected Persons,Security Screening,"Condo, Democratic Republic of the",Case Processing Centre Mississauga,office,54,249,,,IN_FAILED_GROUP,agree,agree
70,Protected Persons,Security Screening,"Condo, Democratic Republic of the",Dakar,office,1,4,,,IN_FAILED_GROUP,agree,agree
70,Protected Persons,Security Screening,"Condo, Democratic Republic of the",Dar-Es-Salaam,office,3,33,,,IN_FAILED_GROUP,agree,agree
70,Protected Persons,Security Screening,"Condo, Democratic Republic of the",Matching Centre,office,,1,,,IN_FAILED_GROUP,empty,agree
70,Protected Persons,Security Screening,"Condo, Democratic Republic of the",Nairobi,office,2,14,,,IN_FAILED_GROUP,majority,agree
70,Protected Persons,Security Screening,"Condo, Democratic Republic of the",Pretoria,office,2,4,,,IN_FAILED_GROUP,agree,agree
70,Protected Persons,Security Screening,"Condo, Democratic Republic of the",Rome,office,1,1,,,IN_FAILED_GROUP,agree,agree
70,Protected Persons,Security Screening,"Condo, Democratic Republic of the",Vienna,office,,1,,,IN_FAILED_GROUP,empty,agree
70,Protected Persons,Security Screening,"Condo, Democratic Republic of the",Whitehorse IRCC,office,,1,,,IN_FAILED_GROUP,empty,agree
70,Protected Persons,Security Screening,"Condo, People's Republic of the",,citizenship,3,36,3,36,reconciled,majority,agree
70,Protected Persons,Security Screening,"Condo, People's Republic of the",Case Processing Centre Mississauga,office,3,33,,,ok_group,agree,agree
70,Protected Persons,Security Screening,"Condo, People's Republic of the",Dar-Es-Salaam,office,,1,,,ok_group,empty,agree
70,Protected Persons,Security Screening,"Condo, People's Republic of the",Nairobi,office,,2,,,ok_group,empty,agree
70,Protected Persons,Security Screening,Costa Rica,,citizenship,,1,0,1,reconciled,empty,agree
70,Protected Persons,Security Screening,Costa Rica,Case Processing Centre Mississauga,office,,1,,,ok_group,empty,agree
70,Protected Persons,Security Screening,Croatia,,citizenship,,29,0,29,reconciled,empty,agree
70,Protected Persons,Security Screening,Croatia,Case Processing Centre Mississauga,office,,29,,,ok_group,empty,agree
70,Protected Persons,Security Screening,Cuba,,citizenship,10,35,10,35,reconciled,agree,majority
70,Protected Persons,Security Screening,Cuba,Case Processing Centre Mississauga,office,10,33,,,ok_group,agree,agree
70,Protected Persons,Security Screening,Cuba,Mexico City,office,,1,,,ok_group,empty,agree
70,Protected Persons,Security Screening,Cuba,Port of Spain,office,,1,,,ok_group,empty,agree
70,Protected Persons,Security Screening,Czech Republic,,citizenship,,32,0,32,reconciled,empty,agree
70,Protected Persons,Security Screening,Czech Republic,Case Processing Centre Mississauga,office,,32,,,ok_group,empty,agree
70,Protected Persons,Security Screening,Democratic Republic of Sudan,,citizenship,85,684,144,682,MISMATCH,agree,agree
70,Protected Persons,Security Screening,Democratic Republic of Sudan,Abu Dhabi,office,100,47,,,IN_FAILED_GROUP,majority,agree
70,Protected Persons,Security Screening,Democratic Republic of Sudan,Amman,office,,45,,,IN_FAILED_GROUP,none,agree
70,Protected Persons,Security Screening,Democratic Republic of Sudan,Ankara,office,,4,,,IN_FAILED_GROUP,empty,agree
70,Protected Persons,Security Screening,Democratic Republic of Sudan,Beirut,office,3,38,,,IN_FAILED_GROUP,agree,agree
70,Protected Persons,Security Screening,Democratic Republic of Sudan,Bucharest,office,,1,,,IN_FAILED_GROUP,empty,agree
70,Protected Persons,Security Screening,Democratic Republic of Sudan,Cairo,office,3,20,,,IN_FAILED_GROUP,agree,agree
70,Protected Persons,Security Screening,Democratic Republic of Sudan,Case Processing Centre Mississauga,office,2,373,,,IN_FAILED_GROUP,majority,majority
70,Protected Persons,Security Screening,Democratic Republic of Sudan,Case Processing Centre Ottawa,office,,4,,,IN_FAILED_GROUP,empty,agree
70,Protected Persons,Security Screening,Democratic Republic of Sudan,Dakar,office,6,17,,,IN_FAILED_GROUP,agree,agree
70,Protected Persons,Security Screening,Democratic Republic of Sudan,Dar-Es-Salaam,office,,8,,,IN_FAILED_GROUP,empty,agree
70,Protected Persons,Security Screening,Democratic Republic of Sudan,Hamilton,office,2,3,,,IN_FAILED_GROUP,agree,agree
70,Protected Persons,Security Screening,Democratic Republic of Sudan,HM Montreal,office,,1,,,IN_FAILED_GROUP,empty,agree
70,Protected Persons,Security Screening,Democratic Republic of Sudan,Hong Kond,office,,,,,IN_FAILED_GROUP,empty,none
71,Protected Persons,Security Screening,Democratic Republic of Sudan,Matching Centre,office,,1,,,IN_FAILED_GROUP,empty,agree
71,Protected Persons,Security Screening,Democratic Republic of Sudan,Nairobi,office,7,10,,,IN_FAILED_GROUP,agree,agree
71,Protected Persons,Security Screening,Democratic Republic of Sudan,New Delhi,office,1,3,,,IN_FAILED_GROUP,agree,agree
71,Protected Persons,Security Screening,Democratic Republic of Sudan,New York,office,1,2,,,IN_FAILED_GROUP,agree,agree
71,Protected Persons,Security Screening,Democratic Republic of Sudan,Niagara Falls IRCC,office,,1,,,IN_FAILED_GROUP,empty,agree
71,Protected Persons,Security Screening,Democratic Republic of Sudan,Operational Support Performance Management And,office,,3,,,IN_FAILED_GROUP,empty,agree
71,Protected Persons,Security Screening,Democratic Republic of Sudan,Paris,office,,21,,,IN_FAILED_GROUP,empty,agree
71,Protected Persons,Security Screening,Democratic Republic of Sudan,Rabat,office,1,1,,,IN_FAILED_GROUP,agree,agree
71,Protected Persons,Security Screening,Democratic Republic of Sudan,Rome,office,16,62,,,IN_FAILED_GROUP,agree,agree
71,Protected Persons,Security Screening,Democratic Republic of Sudan,Singapore,office,,9,,,IN_FAILED_GROUP,empty,agree
71,Protected Persons,Security Screening,Democratic Republic of Sudan,Sydney Australia,office,,3,,,IN_FAILED_GROUP,empty,agree
71,Protected Persons,Security Screening,Democratic Republic of Sudan,Tel Aviv,office,2,3,,,IN_FAILED_GROUP,agree,agree
71,Protected Persons,Security Screening,Democratic Republic of Sudan,Vienna,office,,1,,,IN_FAILED_GROUP,empty,agree
71,Protected Persons,Security Screening,Democratic Republic of Sudan,Windsor,office,,1,,,IN_FAILED_GROUP,empty,agree
71,Protected Persons,Security Screening,Dominica,,citizenship,,3,0,3,reconciled,empty,agree
71,Protected Persons,Security Screening,Dominica,Case Processing Centre Mississauga,office,,2,,,ok_group,empty,agree
71,Protected Persons,Security Screening,Dominica,London Enaland,office,,1,,,ok_group,empty,agree
71,Protected Persons,Security Screening,Dominican Republic,,citizenship,1,12,1,12,reconciled,agree,agree
71,Protected Persons,Security Screening,Dominican Republic,Case Processing Centre Mississauga,office,1,11,,,ok_group,agree,agree
71,Protected Persons,Security Screening,Dominican Republic,Mexico City,office,,1,,,ok_group,empty,agree
71,Protected Persons,Security Screening,"East Timor, Democratic Republic of",,citizenship,,1,0,1,reconciled,empty,agree
71,Protected Persons,Security Screening,"East Timor, Democratic Republic of",Case Processing Centre Mississauga,office,,1,,,ok_group,empty,agree
71,Protected Persons,Security Screening,Ecuador,,citizenship,,7,37,983,MISMATCH,empty,agree
71,Protected Persons,Security Screening,Ecuador,Case Processing Centre Mississauga,office,,7,,,IN_FAILED_GROUP,empty,agree
71,Protected Persons,Security Screening,Ecuador,Eaypt,office,24,489,,,IN_FAILED_GROUP,agree,agree
71,Protected Persons,Security Screening,Ecuador,Abu Dhabi,office,6,24,,,IN_FAILED_GROUP,agree,agree
71,Protected Persons,Security Screening,Ecuador,Amman,office,,13,,,IN_FAILED_GROUP,empty,agree
71,Protected Persons,Security Screening,Ecuador,Ankara,office,1,3,,,IN_FAILED_GROUP,agree,agree
71,Protected Persons,Security Screening,Ecuador,Beirut,office,1,20,,,IN_FAILED_GROUP,agree,agree
71,Protected Persons,Security Screening,Ecuador,Cairo,office,2,12,,,IN_FAILED_GROUP,agree,agree
71,Protected Persons,Security Screening,Ecuador,Case Processing Centre Mississauga,office,2,403,,,IN_FAILED_GROUP,majority,agree
71,Protected Persons,Security Screening,Ecuador,Case Processing Centre Ottawa,office,,2,,,IN_FAILED_GROUP,empty,agree
71,Protected Persons,Security Screening,Ecuador,Dakar,office,,1,,,IN_FAILED_GROUP,empty,agree
71,Protected Persons,Security Screening,Ecuador,Hamilton,office,,1,,,IN_FAILED_GROUP,empty,agree
71,Protected Persons,Security Screening,Ecuador,Honda Kona,office,,1,,,IN_FAILED_GROUP,empty,agree
71,Protected Persons,Security Screening,Ecuador,Mexico City,office,,1,,,IN_FAILED_GROUP,empty,agree
71,Protected Persons,Security Screening,Ecuador,Operational Support Performance Management And,office,,1,,,IN_FAILED_GROUP,empty,agree
71,Protected Persons,Security Screening,Ecuador,Paris,office,1,2,,,IN_FAILED_GROUP,agree,agree
71,Protected Persons,Security Screening,Ecuador,Rome,office,,3,,,IN_FAILED_GROUP,empty,agree
71,Protected Persons,Security Screening,Singapore,,citizenship,,1,0,1,reconciled,empty,agree
71,Protected Persons,Security Screening,Singapore,Windsor,office,,1,,,ok_group,empty,agree
71,Protected Persons,Security Screening,El Salvador,,citizenship,1,212,2,212,MISMATCH,agree,agree
71,Protected Persons,Security Screening,El Salvador,Case Processing Centre Mississauga,office,,200,,,IN_FAILED_GROUP,none,agree
71,Protected Persons,Security Screening,El Salvador,HM Montreal,office,1,1,,,IN_FAILED_GROUP,agree,agree
71,Protected Persons,Security Screening,El Salvador,Mexico City,office,1,9,,,IN_FAILED_GROUP,agree,agree
71,Protected Persons,Security Screening,El Salvador,Niagara Falls IRCC,office,,2,,,IN_FAILED_GROUP,empty,agree
71,Protected Persons,Security Screening,Eritrea,,citizenship,340,1739,271,1671,MISMATCH,agree,majority
71,Protected Persons,Security Screening,Eritrea,Abu Dhabi,office,18,76,,,IN_FAILED_GROUP,agree,agree
71,Protected Persons,Security Screening,Eritrea,Accra,office,,1,,,IN_FAILED_GROUP,empty,agree
71,Protected Persons,Security Screening,Eritrea,Amman,office,,1,,,IN_FAILED_GROUP,empty,agree
71,Protected Persons,Security Screening,Eritrea,Ankara,office,,1,,,IN_FAILED_GROUP,empty,agree
71,Protected Persons,Security Screening,Eritrea,Beirut,office,,2,,,IN_FAILED_GROUP,empty,agree
71,Protected Persons,Security Screening,Eritrea,Cairo,office,2,47,,,IN_FAILED_GROUP,majority,agree
71,Protected Persons,Security Screening,Eritrea,Case Processing Centre Mississauga,office,8,281,,,IN_FAILED_GROUP,agree,agree
71,Protected Persons,Security Screening,Eritrea,Case Processing Centre Ottawa,office,,1,,,IN_FAILED_GROUP,empty,agree
71,Protected Persons,Security Screening,Eritrea,Dakar,office,2,9,,,IN_FAILED_GROUP,agree,agree
71,Protected Persons,Security Screening,Eritrea,Dar-Es-Salaam,office,120,398,,,IN_FAILED_GROUP,agree,agree
71,Protected Persons,Security Screening,Eritrea,Hamilton,office,1,2,,,IN_FAILED_GROUP,agree,agree
71,Protected Persons,Security Screening,Eritrea,HM Montreal,office,,1,,,IN_FAILED_GROUP,empty,agree
71,Protected Persons,Security Screening,Eritrea,HM Niagara Falls,office,,1,,,IN_FAILED_GROUP,empty,agree
71,Protected Persons,Security Screening,Eritrea,London Enaland,office,2,2,,,IN_FAILED_GROUP,agree,agree
71,Protected Persons,Security Screening,Eritrea,Mexico City,office,,2,,,IN_FAILED_GROUP,empty,agree
71,Protected Persons,Security Screening,Eritrea,Nairobi,office,111,710,,,IN_FAILED_GROUP,agree,majority
71,Protected Persons,Security Screening,Eritrea,New Delhi,office,,1,,,IN_FAILED_GROUP,empty,agree
71,Protected Persons,Security Screening,Eritrea,Operational Support Performance Management And,office,,8,,,IN_FAILED_GROUP,empty,agree
71,Protected Persons,Security Screening,Eritrea,Paris,office,,7,,,IN_FAILED_GROUP,empty,agree
71,Protected Persons,Security Screening,Eritrea,Port of Spain,office,,1,,,IN_FAILED_GROUP,empty,agree
71,Protected Persons,Security Screening,Eritrea,Pretoria,office,2,44,,,IN_FAILED_GROUP,majority,agree
71,Protected Persons,Security Screening,Eritrea,Rome,office,1,7,,,IN_FAILED_GROUP,agree,majority
71,Protected Persons,Security Screening,Eritrea,Singapore,office,,3,,,IN_FAILED_GROUP,empty,majority
71,Protected Persons,Security Screening,Eritrea,Tel Aviv,office,3,59,,,IN_FAILED_GROUP,agree,agree
71,Protected Persons,Security Screening,Eritrea,Vancouver Immiaration,office,,3,,,IN_FAILED_GROUP,empty,majority
71,Protected Persons,Security Screening,Eritrea,Vienna,office,1,1,,,IN_FAILED_GROUP,agree,agree
71,Protected Persons,Security Screening,Eritrea,Estonia,office,,1,,,IN_FAILED_GROUP,empty,agree
71,Protected Persons,Security Screening,Eritrea,Dar-Es-Salaam,office,,1,,,IN_FAILED_GROUP,empty,agree
71,Protected Persons,Security Screening,Ethiopia,,citizenship,107,675,196,611,MISMATCH,agree,agree
71,Protected Persons,Security Screening,Ethiopia,Abu Dhabi,office,7,17,,,IN_FAILED_GROUP,agree,agree
71,Protected Persons,Security Screening,Ethiopia,Ankara,office,,1,,,IN_FAILED_GROUP,empty,agree
71,Protected Persons,Security Screening,Ethiopia,Beirut,office,,6,,,IN_FAILED_GROUP,empty,agree
71,Protected Persons,Security Screening,Ethiopia,Cairo,office,,18,,,IN_FAILED_GROUP,none,agree
71,Protected Persons,Security Screening,Ethiopia,Case Processing Centre Mississauga,office,3,263,,,IN_FAILED_GROUP,majority,majority
71,Protected Persons,Security Screening,Ethiopia,Case Processing Centre Ottawa,office,,1,,,IN_FAILED_GROUP,empty,agree
71,Protected Persons,Security Screening,Ethiopia,Case Cases Review Citizenship And Immigration,office,,1,,,IN_FAILED_GROUP,empty,agree
71,Protected Persons,Security Screening,Ethiopia,Dakar,office,1,1,,,IN_FAILED_GROUP,agree,agree
71,Protected Persons,Security Screening,Ethiopia,Dar-Es-Salaam,office,,72,,,IN_FAILED_GROUP,none,majority
71,Protected Persons,Security Screening,Ethiopia,Hamilton,office,,2,,,IN_FAILED_GROUP,empty,agree
71,Protected Persons,Security Screening,Ethiopia,HM Montreal,office,,1,,,IN_FAILED_GROUP,empty,agree
71,Protected Persons,Security Screening,Ethiopia,HM Niagara Falls,office,,1,,,IN_FAILED_GROUP,empty,agree
71,Protected Persons,Security Screening,Ethiopia,London Enaland,office,1,1,,,IN_FAILED_GROUP,agree,agree
71,Protected Persons,Security Screening,Ethiopia,Nairobi,office,54,170,,,IN_FAILED_GROUP,majority,agree
71,Protected Persons,Security Screening,Ethiopia,New York,office,,1,,,IN_FAILED_GROUP,empty,agree
71,Protected Persons,Security Screening,Ethiopia,Operational Support Performance Management And,office,,2,,,IN_FAILED_GROUP,empty,agree
71,Protected Persons,Security Screening,Ethiopia,Paris,office,,1,,,IN_FAILED_GROUP,empty,agree
71,Protected Persons,Security Screening,Ethiopia,Pretoria,office,123,7,,,IN_FAILED_GROUP,majority,majority
71,Protected Persons,Security Screening,Ethiopia,Rome,office,3,16,,,IN_FAILED_GROUP,majority,agree
71,Protected Persons,Security Screening,Ethiopia,Singapore,office,,13,,,IN_FAILED_GROUP,empty,agree
71,Protected Persons,Security Screening,Ethiopia,Tel Aviv,office,4,11,,,IN_FAILED_GROUP,agree,agree
71,Protected Persons,Security Screening,Ethiopia,Vienna,office,,4,,,IN_FAILED_GROUP,empty,agree
71,Protected Persons,Security Screening,Ethiopia,Windsor,office,,1,,,IN_FAILED_GROUP,empty,agree
71,Protected Persons,Security Screening,Federal Republic of Cameroon,,citizenship,1,150,17,150,MISMATCH,agree,agree
71,Protected Persons,Security Screening,Federal Republic of Cameroon,Accra,office,1,1,,,IN_FAILED_GROUP,agree,agree
71,Protected Persons,Security Screening,Federal Republic of Cameroon,Cairo,office,1,1,,,IN_FAILED_GROUP,agree,agree
71,Protected Persons,Security Screening,Federal Republic of Cameroon,Case Processing Centre Mississauga,office,15,143,,,IN_FAILED_GROUP,agree,majority
71,Protected Persons,Security Screening,Federal Republic of Cameroon,Case Processing Centre Ottawa,office,,1,,,IN_FAILED_GROUP,empty,agree
71,Protected Persons,Security Screening,Federal Republic of Cameroon,Dakar,office,,2,,,IN_FAILED_GROUP,empty,agree
71,Protected Persons,Security Screening,Federal Republic of Cameroon,Rabat,office,,2,,,IN_FAILED_GROUP,empty,agree
71,Protected Persons,Security Screening,Federal Republic of Germany,,citizenship,1,1,1,1,reconciled,agree,agree
71,Protected Persons,Security Screening,Federal Republic of Germany,Vienna,office,1,1,,,ok_group,agree,agree
71,Protected Persons,Security Screening,France,,citizenship,,1,0,1,reconciled,empty,agree
71,Protected Persons,Security Screening,France,Paris,office,,1,,,ok_group,empty,agree
71,Protected Persons,Security Screening,Gabon Republic,,citizenship,3,10,3,10,reconciled,agree,agree
71,Protected Persons,Security Screening,Gabon Republic,Case Processing Centre Mississauga,office,3,10,,,ok_group,agree,agree
71,Protected Persons,Security Screening,Gambia,,citizenship,1,12,1,12,reconciled,agree,agree
71,Protected Persons,Security Screening,Gambia,Case Processing Centre Mississauga,office,1,11,,,ok_group,agree,agree
71,Protected Persons,Security Screening,Gambia,Dakar,office,,1,,,ok_group,empty,agree
71,Protected Persons,Security Screening,Georagia,,citizenship,3,113,3,113,reconciled,agree,majority
71,Protected Persons,Security Screening,Georagia,Case Processing Centre Mississauga,office,3,110,,,ok_group,agree,agree
71,Protected Persons,Security Screening,Georagia,Case Cases Review Citizenship And Immigration,office,,1,,,ok_group,empty,agree
71,Protected Persons,Security Screening,Georagia,Operational Support Performance Management And,office,,1,,,ok_group,empty,agree
71,Protected Persons,Security Screening,Georagia,Windsor,office,,1,,,ok_group,empty,agree
71,Protected Persons,Security Screening,Ghana,,citizenship,4,30,4,30,reconciled,agree,agree
71,Protected Persons,Security Screening,Ghana,Case Processing Centre Mississauga,office,4,28,,,ok_group,agree,agree
71,Protected Persons,Security Screening,Ghana,Case Cases Review Citizenship And Immigration,office,,1,,,ok_group,empty,agree
71,Protected Persons,Security Screening,Ghana,Windsor,office,,1,,,ok_group,empty,agree
71,Protected Persons,Security Screening,Greece,,citizenship,,3,0,3,reconciled,empty,agree
71,Protected Persons,Security Screening,Greece,Case Processing Centre Mississauga,office,,3,,,ok_group,empty,agree
71,Protected Persons,Security Screening,Grenada,,citizenship,,1,0,1,reconciled,empty,agree
71,Protected Persons,Security Screening,Grenada,Abu Dhabi,office,,1,,,ok_group,empty,agree
71,Protected Persons,Security Screening,Guatemala,,citizenship,6,55,6,55,reconciled,agree,agree
71,Protected Persons,Security Screening,Guatemala,Case Processing Centre Mississauga,office,3,47,,,ok_group,agree,agree
71,Protected Persons,Security Screening,Guatemala,HM Niagara Falls,office,1,1,,,ok_group,agree,agree
71,Protected Persons,Security Screening,Guatemala,Mexico City,office,2,7,,,ok_group,agree,agree
71,Protected Persons,Security Screening,"Guinea, Republic of",,citizenship,,36,2,36,MISMATCH,none,agree
71,Protected Persons,Security Screening,"Guinea, Republic of",Case Processing Centre Mississauga,office,2,35,,,IN_FAILED_GROUP,agree,majority
71,Protected Persons,Security Screening,"Guinea, Republic of",Rabat,office,,1,,,IN_FAILED_GROUP,empty,agree
71,Protected Persons,Security Screening,Guyana,,citizenship,,10,0,10,reconciled,empty,agree
71,Protected Persons,Security Screening,Guyana,Case Processing Centre Mississauga,office,,10,,,ok_group,empty,agree
71,Protected Persons,Security Screening,Haiti,,citizenship,109,456,109,22,MISMATCH,agree,majority
71,Protected Persons,Security Screening,Haiti,Case Processing Centre Mississauga,office,100,,,,IN_FAILED_GROUP,agree,none
72,Protected Persons,Security Screening,Haiti,Case Processing Centre Ottawa,office,,1,,,IN_FAILED_GROUP,empty,agree
72,Protected Persons,Security Screening,Haiti,Hamilton,office,,2,,,IN_FAILED_GROUP,empty,agree
72,Protected Persons,Security Screening,Haiti,Kinaston Jamaica,office,,1,,,IN_FAILED_GROUP,empty,agree
72,Protected Persons,Security Screening,Haiti,Mexico City,office,8,16,,,IN_FAILED_GROUP,agree,agree
72,Protected Persons,Security Screening,Haiti,New York,office,,1,,,IN_FAILED_GROUP,empty,agree
72,Protected Persons,Security Screening,Haiti,Ottawa IR,office,1,1,,,IN_FAILED_GROUP,agree,agree
72,Protected Persons,Security Screening,Honduras,,citizenship,2,70,3,70,MISMATCH,majority,agree
72,Protected Persons,Security Screening,Honduras,Case Processing Centre Mississauga,office,3,67,,,IN_FAILED_GROUP,agree,agree
72,Protected Persons,Security Screening,Honduras,Mexico City,office,,2,,,IN_FAILED_GROUP,empty,agree
72,Protected Persons,Security Screening,Honduras,Vancouver Immiaration,office,,1,,,IN_FAILED_GROUP,empty,agree
72,Protected Persons,Security Screening,Honda Kong SAR,,citizenship,,6,0,6,reconciled,empty,agree
72,Protected Persons,Security Screening,Honda Kong SAR,Case Processing Centre Mississauga,office,,6,,,ok_group,empty,agree
72,Protected Persons,Security Screening,Hunaary,,citizenship,,281,0,281,reconciled,empty,agree
72,Protected Persons,Security Screening,Hunaary,Case Processing Centre Mississauga,office,,281,,,ok_group,empty,agree
72,Protected Persons,Security Screening,India,,citizenship,7,423,7,423,reconciled,agree,agree
72,Protected Persons,Security Screening,India,Abu Dhabi,office,1,3,,,ok_group,agree,agree
72,Protected Persons,Security Screening,India,Case Processing Centre Mississauga,office,1,400,,,ok_group,majority,agree
72,Protected Persons,Security Screening,India,Case Processing Centre Ottawa,office,,4,,,ok_group,empty,agree
72,Protected Persons,Security Screening,India,Hamilton,office,1,1,,,ok_group,agree,agree
72,Protected Persons,Security Screening,India,HM Montreal,office,,1,,,ok_group,empty,agree
72,Protected Persons,Security Screening,India,HM Niagara Falls,office,2,3,,,ok_group,agree,agree
72,Protected Persons,Security Screening,India,London Enaland,office,,1,,,ok_group,empty,agree
72,Protected Persons,Security Screening,India,Manila,office,,1,,,ok_group,empty,agree
72,Protected Persons,Security Screening,India,New Delhi,office,2,3,,,ok_group,agree,agree
72,Protected Persons,Security Screening,India,New York,office,,1,,,ok_group,empty,agree
72,Protected Persons,Security Screening,India,Niagara Falls IRCC,office,,2,,,ok_group,empty,agree
72,Protected Persons,Security Screening,India,Operational Support Performance Management And,office,,1,,,ok_group,empty,agree
72,Protected Persons,Security Screening,India,Vancouver Immiaration,office,,2,,,ok_group,empty,agree
72,Protected Persons,Security Screening,Iran,,citizenship,21,2082,231,2082,MISMATCH,majority,agree
72,Protected Persons,Security Screening,Iran,Abu Dhabi,office,4,11,,,IN_FAILED_GROUP,agree,agree
72,Protected Persons,Security Screening,Iran,Amman,office,7,49,,,IN_FAILED_GROUP,agree,agree
72,Protected Persons,Security Screening,Iran,Ankara,office,56,312,,,IN_FAILED_GROUP,agree,agree
72,Protected Persons,Security Screening,Iran,Beirut,office,1,8,,,IN_FAILED_GROUP,agree,agree
72,Protected Persons,Security Screening,Iran,Case Processing Centre Mississauga,office,152,1574,,,IN_FAILED_GROUP,agree,majority
72,Protected Persons,Security Screening,Iran,Case Processing Centre Ottawa,office,,1,,,IN_FAILED_GROUP,empty,agree
72,Protected Persons,Security Screening,Iran,Case Cases Review Citizenship And Immigration,office,,1,,,IN_FAILED_GROUP,empty,agree
72,Protected Persons,Security Screening,Iran,Colombo,office,,14,,,IN_FAILED_GROUP,empty,agree
72,Protected Persons,Security Screening,Iran,Dar-Es-Salaam,office,1,2,,,IN_FAILED_GROUP,agree,agree
72,Protected Persons,Security Screening,Iran,Hamilton,office,4,12,,,IN_FAILED_GROUP,agree,agree
72,Protected Persons,Security Screening,Iran,HM Montreal,office,2,4,,,IN_FAILED_GROUP,agree,agree
72,Protected Persons,Security Screening,Iran,HM Vancouver,office,,1,,,IN_FAILED_GROUP,empty,agree
72,Protected Persons,Security Screening,Iran,Jakarta,office,,1,,,IN_FAILED_GROUP,empty,agree
72,Protected Persons,Security Screening,Iran,London Enaland,office,1,3,,,IN_FAILED_GROUP,agree,agree
72,Protected Persons,Security Screening,Iran,New Delhi,office,,2,,,IN_FAILED_GROUP,empty,agree
72,Protected Persons,Security Screening,Iran,Ottawa,office,,1,,,IN_FAILED_GROUP,empty,agree
72,Protected Persons,Security Screening,Iran,Singapore,office,2,32,,,IN_FAILED_GROUP,agree,agree
72,Protected Persons,Security Screening,Iran,Sydney Australia,office,,41,,,IN_FAILED_GROUP,empty,agree
72,Protected Persons,Security Screening,Iran,Vienna,office,1,7,,,IN_FAILED_GROUP,agree,agree
72,Protected Persons,Security Screening,Iran,Windsor,office,,6,,,IN_FAILED_GROUP,empty,agree
72,Protected Persons,Security Screening,Iraq,,citizenship,162,2348,144,2346,MISMATCH,agree,agree
72,Protected Persons,Security Screening,Iraq,Abu Dhabi,office,16,123,,,IN_FAILED_GROUP,agree,majority
72,Protected Persons,Security Screening,Iraq,Amman,office,84,628,,,IN_FAILED_GROUP,agree,agree
72,Protected Persons,Security Screening,Iraq,Ankara,office,38,643,,,IN_FAILED_GROUP,agree,majority
72,Protected Persons,Security Screening,Iraq,Beirut,office,,294,,,IN_FAILED_GROUP,none,agree
72,Protected Persons,Security Screening,Iraq,Bogota,office,,1,,,IN_FAILED_GROUP,empty,agree
72,Protected Persons,Security Screening,Iraq,Cairo,office,4,17,,,IN_FAILED_GROUP,agree,agree
72,Protected Persons,Security Screening,Iraq,Case Processing Centre Mississauga,office,,530,,,IN_FAILED_GROUP,none,majority
72,Protected Persons,Security Screening,Iraq,Case Processing Centre Ottawa,office,,3,,,IN_FAILED_GROUP,empty,majority
72,Protected Persons,Security Screening,Iraq,Etobicoke,office,,1,,,IN_FAILED_GROUP,empty,agree
72,Protected Persons,Security Screening,Iraq,HM Montreal,office,,2,,,IN_FAILED_GROUP,empty,agree
72,Protected Persons,Security Screening,Iraq,Honda Kona,office,,1,,,IN_FAILED_GROUP,empty,agree
72,Protected Persons,Security Screening,Iraq,London Enaland,office,,4,,,IN_FAILED_GROUP,empty,agree
72,Protected Persons,Security Screening,Iraq,Matching Centre,office,,2,,,IN_FAILED_GROUP,empty,agree
72,Protected Persons,Security Screening,Iraq,Mexico City,office,,1,,,IN_FAILED_GROUP,empty,agree
72,Protected Persons,Security Screening,Iraq,Nairobi,office,,1,,,IN_FAILED_GROUP,empty,agree
72,Protected Persons,Security Screening,Iraq,New Delhi,office,,2,,,IN_FAILED_GROUP,empty,agree
72,Protected Persons,Security Screening,Iraq,Operational Support Performance Management And,office,,3,,,IN_FAILED_GROUP,empty,agree
72,Protected Persons,Security Screening,Iraq,Paris,office,,3,,,IN_FAILED_GROUP,empty,agree
72,Protected Persons,Security Screening,Iraq,Rabat,office,2,2,,,IN_FAILED_GROUP,agree,agree
72,Protected Persons,Security Screening,Iraq,Rome,office,,7,,,IN_FAILED_GROUP,empty,agree
72,Protected Persons,Security Screening,Iraq,Singapore,office,,56,,,IN_FAILED_GROUP,empty,agree
72,Protected Persons,Security Screening,Iraq,Sydney Australia,office,,12,,,IN_FAILED_GROUP,empty,agree
72,Protected Persons,Security Screening,Iraq,Vancouver Immiaration,office,,1,,,IN_FAILED_GROUP,empty,agree
72,Protected Persons,Security Screening,Iraq,Vienna,office,,8,,,IN_FAILED_GROUP,empty,agree
72,Protected Persons,Security Screening,Iraq,Warsaw,office,,1,,,IN_FAILED_GROUP,empty,agree
72,Protected Persons,Security Screening,Israel,,citizenship,1,15,1,15,reconciled,agree,agree
72,Protected Persons,Security Screening,Israel,Case Processing Centre Mississauga,office,1,15,,,ok_group,agree,agree
72,Protected Persons,Security Screening,Italy,,citizenship,,4,0,4,reconciled,empty,agree
72,Protected Persons,Security Screening,Italy,Case Processing Centre Mississauga,office,,4,,,ok_group,empty,agree
72,Protected Persons,Security Screening,Jamaica,,citizenship,2,43,2,43,reconciled,agree,majority
72,Protected Persons,Security Screening,Jamaica,Case Processing Centre Mississauga,office,2,43,,,ok_group,agree,majority
72,Protected Persons,Security Screening,Japan,,citizenship,,1,0,1,reconciled,empty,agree
72,Protected Persons,Security Screening,Japan,Case Processing Centre Mississauga,office,,1,,,ok_group,empty,agree
72,Protected Persons,Security Screening,Jordan,,citizenship,100,131,1,131,MISMATCH,majority,agree
72,Protected Persons,Security Screening,Jordan,Abu Dhabi,office,,9,,,IN_FAILED_GROUP,empty,agree
72,Protected Persons,Security Screening,Jordan,Amman,office,1,7,,,IN_FAILED_GROUP,agree,agree
72,Protected Persons,Security Screening,Jordan,Beirut,office,,1,,,IN_FAILED_GROUP,empty,agree
72,Protected Persons,Security Screening,Jordan,Case Processing Centre Mississauga,office,,111,,,IN_FAILED_GROUP,none,agree
72,Protected Persons,Security Screening,Jordan,Etobicoke,office,,1,,,IN_FAILED_GROUP,empty,agree
72,Protected Persons,Security Screening,Jordan,Singapore,office,,2,,,IN_FAILED_GROUP,empty,agree
72,Protected Persons,Security Screening,Kazakhstan,,citizenship,1,21,1,21,reconciled,agree,agree
72,Protected Persons,Security Screening,Kazakhstan,Case Processing Centre Mississauga,office,1,21,,,ok_group,agree,agree
72,Protected Persons,Security Screening,Kenya,,citizenship,4,56,4,56,reconciled,agree,agree
72,Protected Persons,Security Screening,Kenya,Abu Dhabi,office,,1,,,ok_group,empty,agree
72,Protected Persons,Security Screening,Kenya,Case Processing Centre Mississauga,office,4,53,,,ok_group,agree,majority
72,Protected Persons,Security Screening,Kenya,Nairobi,office,,2,,,ok_group,empty,agree
72,Protected Persons,Security Screening,"Korea, Republic of",,citizenship,,13,0,13,reconciled,empty,agree
72,Protected Persons,Security Screening,"Korea, Republic of",Case Processing Centre Mississauga,office,,13,,,ok_group,empty,agree
72,Protected Persons,Security Screening,"Kosovo, Republic of",,citizenship,,22,0,22,reconciled,empty,agree
72,Protected Persons,Security Screening,"Kosovo, Republic of",Case Processing Centre Mississauga,office,,21,,,ok_group,empty,agree
72,Protected Persons,Security Screening,"Kosovo, Republic of",Hamilton,office,,1,,,ok_group,empty,agree
72,Protected Persons,Security Screening,Kuwait,,citizenship,,4,0,4,reconciled,empty,agree
72,Protected Persons,Security Screening,Kuwait,Case Processing Centre Mississauga,office,,2,,,ok_group,empty,agree
72,Protected Persons,Security Screening,Kuwait,Case Processing Centre Ottawa,office,,1,,,ok_group,empty,agree
72,Protected Persons,Security Screening,Kuwait,Vancouver Immiaration,office,,1,,,ok_group,empty,agree
72,Protected Persons,Security Screening,Kyrayzstan,,citizenship,1,8,1,8,reconciled,agree,agree
72,Protected Persons,Security Screening,Kyrayzstan,Ankara,office,1,1,,,ok_group,agree,agree
72,Protected Persons,Security Screening,Kyrayzstan,Case Processing Centre Mississauga,office,,7,,,ok_group,empty,agree
72,Protected Persons,Security Screening,Latvia,,citizenship,,4,0,4,reconciled,empty,agree
72,Protected Persons,Security Screening,Latvia,Case Processing Centre Mississauga,office,,4,,,ok_group,empty,agree
72,Protected Persons,Security Screening,Lebanon,,citizenship,22,287,22,287,reconciled,agree,majority
72,Protected Persons,Security Screening,Lebanon,Abu Dhabi,office,2,7,,,ok_group,agree,agree
72,Protected Persons,Security Screening,Lebanon,Ankara,office,,1,,,ok_group,empty,agree
72,Protected Persons,Security Screening,Lebanon,Beirut,office,4,44,,,ok_group,agree,agree
72,Protected Persons,Security Screening,Lebanon,Case Processing Centre Mississauga,office,15,223,,,ok_group,majority,majority
72,Protected Persons,Security Screening,Lebanon,Case Processing Centre Ottawa,office,,2,,,ok_group,empty,agree
72,Protected Persons,Security Screening,Lebanon,Etobicoke,office,,2,,,ok_group,empty,agree
72,Protected Persons,Security Screening,Lebanon,Hamilton,office,1,2,,,ok_group,agree,agree
72,Protected Persons,Security Screening,Lebanon,HM Montreal,office,,2,,,ok_group,empty,agree
72,Protected Persons,Security Screening,Lebanon,Honda Kona,office,,1,,,ok_group,empty,agree
72,Protected Persons,Security Screening,Lebanon,Operational Support Performance Management And,office,,2,,,ok_group,empty,agree
72,Protected Persons,Security Screening,Lebanon,RROC,office,,1,,,ok_group,empty,agree
72,Protected Persons,Security Screening,Liberia,,citizenship,2,18,2,18,reconciled,agree,agree
72,Protected Persons,Security Screening,Liberia,Case Processing Centre Mississauga,office,2,17,,,ok_group,agree,agree
72,Protected Persons,Security Screening,Liberia,Dakar,office,,1,,,ok_group,empty,agree
72,Protected Persons,Security Screening,Libya,,citizenship,2,655,9,656,MISMATCH,agree,agree
72,Protected Persons,Security Screening,Libya,Abu Dhabi,office,1,1,,,IN_FAILED_GROUP,agree,agree
72,Protected Persons,Security Screening,Libya,Amman,office,,1,,,IN_FAILED_GROUP,empty,agree
72,Protected Persons,Security Screening,Libya,Beirut,office,,1,,,IN_FAILED_GROUP,empty,agree
72,Protected Persons,Security Screening,Libya,Case Processing Centre Mississauga,office,6,628,,,IN_FAILED_GROUP,agree,agree
72,Protected Persons,Security Screening,Libya,Case Cases Review Citizenship And Immigration,office,,4,,,IN_FAILED_GROUP,empty,agree
72,Protected Persons,Security Screening,Libya,Hamilton,office,1,1,,,IN_FAILED_GROUP,agree,agree
72,Protected Persons,Security Screening,Libya,HM Montreal,office,1,2,,,IN_FAILED_GROUP,agree,agree
72,Protected Persons,Security Screening,Libya,HM Vancouver,office,,1,,,IN_FAILED_GROUP,empty,agree
72,Protected Persons,Security Screening,Libya,Operational Support Performance Management And,office,,6,,,IN_FAILED_GROUP,empty,agree
72,Protected Persons,Security Screening,Libya,Ottawa,office,,1,,,IN_FAILED_GROUP,empty,agree
72,Protected Persons,Security Screening,Libya,Paris,office,,6,,,IN_FAILED_GROUP,empty,agree
72,Protected Persons,Security Screening,Libya,Singapore,office,,1,,,IN_FAILED_GROUP,empty,agree
72,Protected Persons,Security Screening,Libya,Vienna,office,,1,,,IN_FAILED_GROUP,empty,agree
72,Protected Persons,Security Screening,Libya,Winnipeq,office,,1,,,IN_FAILED_GROUP,empty,agree
72,Protected Persons,Security Screening,Libya,Lithuania,office,,,,,IN_FAILED_GROUP,empty,none
73,Protected Persons,Security Screening,Libya,Case Processing Centre Mississauga,office,,1,,,IN_FAILED_GROUP,empty,agree
73,Protected Persons,Security Screening,Macedonia,,citizenship,,3,0,3,reconciled,empty,agree
73,Protected Persons,Security Screening,Macedonia,Case Processing Centre Mississauga,office,,3,,,ok_group,empty,agree
73,Protected Persons,Security Screening,Madaaascar,,citizenship,,3,0,3,reconciled,empty,agree
73,Protected Persons,Security Screening,Madaaascar,Case Processing Centre Mississauga,office,,3,,,ok_group,empty,agree
73,Protected Persons,Security Screening,Malawi,,citizenship,1,3,1,3,reconciled,agree,agree
73,Protected Persons,Security Screening,Malawi,Case Processing Centre Mississauga,office,1,2,,,ok_group,agree,agree
73,Protected Persons,Security Screening,Malawi,Pretoria,office,,1,,,ok_group,empty,agree
73,Protected Persons,Security Screening,"Maldives, Republic of",,citizenship,,3,0,3,reconciled,empty,agree
73,Protected Persons,Security Screening,"Maldives, Republic of",Case Processing Centre Mississauga,office,,1,,,ok_group,empty,agree
73,Protected Persons,Security Screening,"Maldives, Republic of",Colombo,office,,2,,,ok_group,empty,agree
73,Protected Persons,Security Screening,"Mali, Republic of",,citizenship,4,31,4,10,MISMATCH,agree,agree
73,Protected Persons,Security Screening,"Mali, Republic of",Case Processing Centre Mississauga,office,1,2,,,IN_FAILED_GROUP,agree,majority
73,Protected Persons,Security Screening,"Mali, Republic of",Dakar,office,1,3,,,IN_FAILED_GROUP,agree,agree
73,Protected Persons,Security Screening,"Mali, Republic of",New York,office,,1,,,IN_FAILED_GROUP,empty,agree
73,Protected Persons,Security Screening,"Mali, Republic of",Rome,office,2,4,,,IN_FAILED_GROUP,agree,agree
73,Protected Persons,Security Screening,Malta,,citizenship,,1,0,1,reconciled,empty,agree
73,Protected Persons,Security Screening,Malta,Rome,office,,1,,,ok_group,empty,agree
73,Protected Persons,Security Screening,Mauritania,,citizenship,6,7,6,27,MISMATCH,agree,majority
73,Protected Persons,Security Screening,Mauritania,Case Processing Centre Mississauga,office,6,26,,,IN_FAILED_GROUP,agree,agree
73,Protected Persons,Security Screening,Mauritania,Paris,office,,1,,,IN_FAILED_GROUP,empty,agree
73,Protected Persons,Security Screening,Mauritius,,citizenship,,2,0,2,reconciled,empty,agree
73,Protected Persons,Security Screening,Mauritius,Case Processing Centre Mississauga,office,,2,,,ok_group,empty,agree
73,Protected Persons,Security Screening,Mexico,,citizenship,38,345,38,345,reconciled,agree,agree
73,Protected Persons,Security Screening,Mexico,Case Processing Centre Mississauga,office,38,338,,,ok_group,majority,agree
73,Protected Persons,Security Screening,Mexico,Hamilton,office,,1,,,ok_group,empty,agree
73,Protected Persons,Security Screening,Mexico,Mexico City,office,,1,,,ok_group,empty,agree
73,Protected Persons,Security Screening,Mexico,New York,office,,1,,,ok_group,empty,agree
73,Protected Persons,Security Screening,Mexico,Ottawa,office,,4,,,ok_group,empty,agree
73,Protected Persons,Security Screening,Moldova,,citizenship,1,6,1,6,reconciled,agree,agree
73,Protected Persons,Security Screening,Moldova,Case Processing Centre Mississauga,office,1,6,,,ok_group,agree,agree
73,Protected Persons,Security Screening,"Monaolia, People's Republic of",,citizenship,1,17,1,17,reconciled,agree,agree
73,Protected Persons,Security Screening,"Monaolia, People's Republic of",Case Processing Centre Mississauga,office,1,17,,,ok_group,agree,agree
73,Protected Persons,Security Screening,"Montenearo, Republic of",,citizenship,,3,0,3,reconciled,empty,agree
73,Protected Persons,Security Screening,"Montenearo, Republic of",Case Processing Centre Mississauga,office,,3,,,ok_group,empty,agree
73,Protected Persons,Security Screening,Morocco,,citizenship,,17,0,17,reconciled,empty,agree
73,Protected Persons,Security Screening,Morocco,Abu Dhabi,office,,1,,,ok_group,empty,agree
73,Protected Persons,Security Screening,Morocco,Case Processing Centre Mississauga,office,,14,,,ok_group,empty,agree
73,Protected Persons,Security Screening,Morocco,Paris,office,,2,,,ok_group,empty,agree
73,Protected Persons,Security Screening,Myanmar (Burma),,citizenship,2,2,2,12,MISMATCH,agree,majority
73,Protected Persons,Security Screening,Myanmar (Burma),Abu Dhabi,office,1,1,,,IN_FAILED_GROUP,agree,agree
73,Protected Persons,Security Screening,Myanmar (Burma),Case Processing Centre Mississauga,office,1,8,,,IN_FAILED_GROUP,agree,agree
73,Protected Persons,Security Screening,Myanmar (Burma),New Delhi,office,,3,,,IN_FAILED_GROUP,empty,agree
73,Protected Persons,Security Screening,Singapore,,citizenship,,10,0,1,MISMATCH,empty,agree
73,Protected Persons,Security Screening,Singapore,Sydney Australia,office,,1,,,IN_FAILED_GROUP,empty,agree
73,Protected Persons,Security Screening,Namibia,,citizenship,,20,0,20,reconciled,empty,agree
73,Protected Persons,Security Screening,Namibia,Case Processing Centre Mississauga,office,,20,,,ok_group,empty,agree
73,Protected Persons,Security Screening,Nepal,,citizenship,4,100,4,100,reconciled,agree,agree
73,Protected Persons,Security Screening,Nepal,Case Processing Centre Mississauga,office,4,98,,,ok_group,agree,agree
73,Protected Persons,Security Screening,Nepal,New Delhi,office,,2,,,ok_group,empty,agree
73,Protected Persons,Security Screening,Nicaraqua,,citizenship,1,61,11,61,MISMATCH,agree,agree
73,Protected Persons,Security Screening,Nicaraqua,Case Processing Centre Mississauga,office,10,59,,,IN_FAILED_GROUP,agree,agree
73,Protected Persons,Security Screening,Nicaraqua,Mexico City,office,1,2,,,IN_FAILED_GROUP,agree,agree
73,Protected Persons,Security Screening,Nigeria,,citizenship,28,738,14,742,MISMATCH,majority,majority
73,Protected Persons,Security Screening,Nigeria,Abu Dhabi,office,,1,,,IN_FAILED_GROUP,empty,agree
73,Protected Persons,Security Screening,Nigeria,Accra,office,,20,,,IN_FAILED_GROUP,none,agree
73,Protected Persons,Security Screening,Nigeria,Amman,office,1,1,,,IN_FAILED_GROUP,agree,agree
73,Protected Persons,Security Screening,Nigeria,Case Processing Centre Mississauga,office,10,688,,,IN_FAILED_GROUP,agree,agree
73,Protected Persons,Security Screening,Nigeria,Colombo,office,,1,,,IN_FAILED_GROUP,empty,agree
73,Protected Persons,Security Screening,Nigeria,Dakar,office,,2,,,IN_FAILED_GROUP,empty,agree
73,Protected Persons,Security Screening,Nigeria,Etobicoke,office,,1,,,IN_FAILED_GROUP,empty,agree
73,Protected Persons,Security Screening,Nigeria,Hamilton,office,,3,,,IN_FAILED_GROUP,empty,agree
73,Protected Persons,Security Screening,Nigeria,HM Niagara Falls,office,,2,,,IN_FAILED_GROUP,empty,agree
73,Protected Persons,Security Screening,Nigeria,Nairobi,office,,2,,,IN_FAILED_GROUP,empty,agree
73,Protected Persons,Security Screening,Nigeria,Niagara Falls IRCC,office,,2,,,IN_FAILED_GROUP,empty,agree
73,Protected Persons,Security Screening,Nigeria,Operational Support Performance Management And,office,,1,,,IN_FAILED_GROUP,empty,agree
73,Protected Persons,Security Screening,Nigeria,Paris,office,,1,,,IN_FAILED_GROUP,empty,agree
73,Protected Persons,Security Screening,Nigeria,Pretoria,office,,1,,,IN_FAILED_GROUP,empty,agree
73,Protected Persons,Security Screening,Nigeria,Rome,office,3,10,,,IN_FAILED_GROUP,agree,agree
73,Protected Persons,Security Screening,Nigeria,Windsor,office,,2,,,IN_FAILED_GROUP,empty,agree
73,Protected Persons,Security Screening,Nigeria,Nonway,office,,2,,,IN_FAILED_GROUP,empty,agree
73,Protected Persons,Security Screening,Nigeria,Case Processing Centre Mississauga,office,,1,,,IN_FAILED_GROUP,empty,agree
73,Protected Persons,Security Screening,Nigeria,London Enaland,office,,1,,,IN_FAILED_GROUP,empty,agree
73,Protected Persons,Security Screening,Oman,,citizenship,1,1,1,1,reconciled,agree,agree
73,Protected Persons,Security Screening,Oman,Case Processing Centre Mississauga,office,1,1,,,ok_group,agree,agree
73,Protected Persons,Security Screening,Other,,citizenship,2,3,2,3,reconciled,agree,agree
73,Protected Persons,Security Screening,Other,Case Processing Centre Mississauga,office,2,3,,,ok_group,agree,agree
73,Protected Persons,Security Screening,Pakistan,,citizenship,3,1358,163,1356,MISMATCH,agree,agree
73,Protected Persons,Security Screening,Pakistan,Abu Dhabi,office,4,19,,,IN_FAILED_GROUP,agree,agree
73,Protected Persons,Security Screening,Pakistan,Accra,office,,3,,,IN_FAILED_GROUP,empty,majority
73,Protected Persons,Security Screening,Pakistan,Ankara,office,,1,,,IN_FAILED_GROUP,empty,agree
73,Protected Persons,Security Screening,Pakistan,Bogota,office,,1,,,IN_FAILED_GROUP,empty,agree
73,Protected Persons,Security Screening,Pakistan,Calaary Citizenship and Immiaration Canada,office,,2,,,IN_FAILED_GROUP,empty,agree
73,Protected Persons,Security Screening,Pakistan,Case Processing Centre Mississauga,office,42,969,,,IN_FAILED_GROUP,agree,agree
73,Protected Persons,Security Screening,Pakistan,Case Processing Centre Ottawa,office,,6,,,IN_FAILED_GROUP,empty,agree
73,Protected Persons,Security Screening,Pakistan,Case Cases Review Citizenship And Immigration,office,,2,,,IN_FAILED_GROUP,empty,agree
73,Protected Persons,Security Screening,Pakistan,Colombo,office,7,183,,,IN_FAILED_GROUP,agree,majority
73,Protected Persons,Security Screening,Pakistan,Dar-Es-Salaam,office,,15,,,IN_FAILED_GROUP,empty,agree
73,Protected Persons,Security Screening,Pakistan,Etobicoke,office,,1,,,IN_FAILED_GROUP,empty,agree
73,Protected Persons,Security Screening,Pakistan,Hamilton,office,6,12,,,IN_FAILED_GROUP,agree,agree
73,Protected Persons,Security Screening,Pakistan,HM Montreal,office,,1,,,IN_FAILED_GROUP,empty,agree
73,Protected Persons,Security Screening,Pakistan,HM Niagara Falls,office,2,2,,,IN_FAILED_GROUP,agree,agree
73,Protected Persons,Security Screening,Pakistan,HM Vancouver,office,,1,,,IN_FAILED_GROUP,empty,agree
73,Protected Persons,Security Screening,Pakistan,Honda Kona,office,,3,,,IN_FAILED_GROUP,empty,agree
73,Protected Persons,Security Screening,Pakistan,Islamabad,office,,6,,,IN_FAILED_GROUP,empty,agree
73,Protected Persons,Security Screening,Pakistan,London Enaland,office,2,31,,,IN_FAILED_GROUP,agree,agree
73,Protected Persons,Security Screening,Pakistan,Mexico City,office,,1,,,IN_FAILED_GROUP,empty,agree
73,Protected Persons,Security Screening,Pakistan,New Delhi,office,,3,,,IN_FAILED_GROUP,empty,agree
73,Protected Persons,Security Screening,Pakistan,Operational Support Performance Management And,office,,11,,,IN_FAILED_GROUP,empty,agree
73,Protected Persons,Security Screening,Pakistan,Ottawa,office,,2,,,IN_FAILED_GROUP,empty,agree
73,Protected Persons,Security Screening,Pakistan,Paris,office,,1,,,IN_FAILED_GROUP,empty,agree
73,Protected Persons,Security Screening,Pakistan,Port of Spain,office,,3,,,IN_FAILED_GROUP,empty,agree
73,Protected Persons,Security Screening,Pakistan,Rabat,office,,1,,,IN_FAILED_GROUP,empty,agree
73,Protected Persons,Security Screening,Pakistan,Singapore,office,100,47,,,IN_FAILED_GROUP,majority,agree
73,Protected Persons,Security Screening,Pakistan,Sydney Australia,office,,20,,,IN_FAILED_GROUP,empty,agree
73,Protected Persons,Security Screening,Pakistan,Vancouver Immiaration,office,,1,,,IN_FAILED_GROUP,empty,agree
73,Protected Persons,Security Screening,Pakistan,Vienna,office,,2,,,IN_FAILED_GROUP,empty,agree
73,Protected Persons,Security Screening,Pakistan,Windsor,office,,6,,,IN_FAILED_GROUP,empty,agree
73,Protected Persons,Security Screening,Palestinian Authority (Gaza/West Bank),,citizenship,490,469,49,465,MISMATCH,majority,agree
73,Protected Persons,Security Screening,Palestinian Authority (Gaza/West Bank),Abu Dhabi,office,16,36,,,IN_FAILED_GROUP,agree,agree
73,Protected Persons,Security Screening,Palestinian Authority (Gaza/West Bank),Amman,office,10,50,,,IN_FAILED_GROUP,agree,majority
73,Protected Persons,Security Screening,Palestinian Authority (Gaza/West Bank),Ankara,office,4,19,,,IN_FAILED_GROUP,agree,agree
73,Protected Persons,Security Screening,Palestinian Authority (Gaza/West Bank),Beirut,office,,4,,,IN_FAILED_GROUP,empty,agree
73,Protected Persons,Security Screening,Palestinian Authority (Gaza/West Bank),Cairo,office,,21,,,IN_FAILED_GROUP,empty,agree
73,Protected Persons,Security Screening,Palestinian Authority (Gaza/West Bank),Case Processing Centre Mississauga,office,15,246,,,IN_FAILED_GROUP,majority,agree
73,Protected Persons,Security Screening,Palestinian Authority (Gaza/West Bank),Colombo,office,,3,,,IN_FAILED_GROUP,empty,majority
73,Protected Persons,Security Screening,Palestinian Authority (Gaza/West Bank),Etobicoke,office,,1,,,IN_FAILED_GROUP,empty,agree
73,Protected Persons,Security Screening,Palestinian Authority (Gaza/West Bank),Hamilton,office,1,2,,,IN_FAILED_GROUP,agree,agree
73,Protected Persons,Security Screening,Palestinian Authority (Gaza/West Bank),Mexico City,office,1,1,,,IN_FAILED_GROUP,agree,agree
73,Protected Persons,Security Screening,Palestinian Authority (Gaza/West Bank),New Delhi,office,,3,,,IN_FAILED_GROUP,empty,agree
73,Protected Persons,Security Screening,Palestinian Authority (Gaza/West Bank),New York,office,,1,,,IN_FAILED_GROUP,empty,agree
73,Protected Persons,Security Screening,Palestinian Authority (Gaza/West Bank),Paris,office,1,3,,,IN_FAILED_GROUP,agree,majority
73,Protected Persons,Security Screening,Palestinian Authority (Gaza/West Bank),Singapore,office,1,69,,,IN_FAILED_GROUP,agree,agree
73,Protected Persons,Security Screening,Palestinian Authority (Gaza/West Bank),Tel Aviv,office,,2,,,IN_FAILED_GROUP,empty,agree
73,Protected Persons,Security Screening,Palestinian Authority (Gaza/West Bank),Vienna,office,,2,,,IN_FAILED_GROUP,empty,agree
73,Protected Persons,Security Screening,Palestinian Authority (Gaza/West Bank),Windsor,office,,2,,,IN_FAILED_GROUP,empty,agree
73,Protected Persons,Security Screening,"Panama, Republic of",,citizenship,,4,0,4,reconciled,empty,agree
73,Protected Persons,Security Screening,"Panama, Republic of",Case Processing Centre Mississauga,office,,4,,,ok_group,empty,agree
73,Protected Persons,Security Screening,Paraquay,,citizenship,,1,0,1,reconciled,empty,agree
73,Protected Persons,Security Screening,Paraquay,Case Processing Centre Mississauga,office,,1,,,ok_group,empty,agree
73,Protected Persons,Security Screening,Peoples Republic of Benin,,citizenship,3,12,2,12,MISMATCH,agree,agree
73,Protected Persons,Security Screening,Peoples Republic of Benin,Case Processing Centre Mississauga,office,2,12,,,IN_FAILED_GROUP,majority,agree
73,Protected Persons,Security Screening,People's Republic of China,,citizenship,296,735,274,735,MISMATCH,agree,majority
73,Protected Persons,Security Screening,People's Republic of China,Abu Dhabi,office,4,6,,,IN_FAILED_GROUP,agree,agree
73,Protected Persons,Security Screening,People's Republic of China,Ankara,office,256,291,,,IN_FAILED_GROUP,agree,agree
73,Protected Persons,Security Screening,People's Republic of China,Case Processing Centre Mississauga,office,7,385,,,IN_FAILED_GROUP,majority,agree
73,Protected Persons,Security Screening,People's Republic of China,Case Cases Review Citizenship And Immigration,office,,2,,,IN_FAILED_GROUP,empty,agree
73,Protected Persons,Security Screening,People's Republic of China,Etobicoke,office,,1,,,IN_FAILED_GROUP,empty,agree
73,Protected Persons,Security Screening,People's Republic of China,Hamilton,office,1,3,,,IN_FAILED_GROUP,agree,agree
73,Protected Persons,Security Screening,People's Republic of China,Honda Kona,office,2,22,,,IN_FAILED_GROUP,agree,agree
73,Protected Persons,Security Screening,People's Republic of China,Los Angeles,office,,1,,,IN_FAILED_GROUP,empty,agree
73,Protected Persons,Security Screening,People's Republic of China,New York,office,,7,,,IN_FAILED_GROUP,empty,agree
74,Protected Persons,Security Screening,People's Republic of China,Operational Support Performance Management And,office,,3,,,IN_FAILED_GROUP,empty,agree
74,Protected Persons,Security Screening,People's Republic of China,Rabat,office,1,2,,,IN_FAILED_GROUP,agree,agree
74,Protected Persons,Security Screening,People's Republic of China,Singapore,office,3,10,,,IN_FAILED_GROUP,majority,agree
74,Protected Persons,Security Screening,People's Republic of China,Vancouver Immiaration,office,,1,,,IN_FAILED_GROUP,empty,agree
74,Protected Persons,Security Screening,People's Republic of China,Windsor,office,,1,,,IN_FAILED_GROUP,empty,agree
74,Protected Persons,Security Screening,Peru,,citizenship,1,9,1,9,reconciled,agree,agree
74,Protected Persons,Security Screening,Peru,Case Processing Centre Mississauga,office,1,6,,,ok_group,agree,agree
74,Protected Persons,Security Screening,Peru,HM Montreal,office,,2,,,ok_group,empty,agree
74,Protected Persons,Security Screening,Peru,Niagara Falls IRCC,office,,1,,,ok_group,empty,agree
74,Protected Persons,Security Screening,Philippines,,citizenship,1,17,1,17,reconciled,agree,agree
74,Protected Persons,Security Screening,Philippines,Beirut,office,,1,,,ok_group,empty,agree
74,Protected Persons,Security Screening,Philippines,Case Processing Centre Mississauga,office,1,15,,,ok_group,agree,agree
74,Protected Persons,Security Screening,Philippines,Singapore,office,,1,,,ok_group,empty,agree
74,Protected Persons,Security Screening,Poland,,citizenship,,10,0,10,reconciled,empty,agree
74,Protected Persons,Security Screening,Poland,Case Processing Centre Mississauga,office,,10,,,ok_group,empty,agree
74,Protected Persons,Security Screening,Portuaal,,citizenship,,2,0,2,reconciled,empty,agree
74,Protected Persons,Security Screening,Portuaal,Case Processing Centre Mississauga,office,,2,,,ok_group,empty,agree
74,Protected Persons,Security Screening,Republic of Diibouti,,citizenship,14,87,44,87,MISMATCH,agree,agree
74,Protected Persons,Security Screening,Republic of Diibouti,Abu Dhabi,office,,1,,,IN_FAILED_GROUP,empty,agree
74,Protected Persons,Security Screening,Republic of Diibouti,Case Processing Centre Mississauga,office,43,70,,,IN_FAILED_GROUP,majority,agree
74,Protected Persons,Security Screening,Republic of Diibouti,Nairobi,office,1,14,,,IN_FAILED_GROUP,agree,agree
74,Protected Persons,Security Screening,Republic of Diibouti,Pretoria,office,,1,,,IN_FAILED_GROUP,empty,agree
74,Protected Persons,Security Screening,Republic of Diibouti,Windsor,office,,1,,,IN_FAILED_GROUP,empty,agree
74,Protected Persons,Security Screening,Republic of Indonesia,,citizenship,1,10,1,10,reconciled,agree,agree
74,Protected Persons,Security Screening,Republic of Indonesia,Case Processing Centre Mississauga,office,1,10,,,ok_group,agree,agree
74,Protected Persons,Security Screening,Republic of Ivory Coast,,citizenship,5,31,3,11,MISMATCH,majority,agree
74,Protected Persons,Security Screening,Republic of Ivory Coast,Case Processing Centre Mississauga,office,3,7,,,IN_FAILED_GROUP,majority,majority
74,Protected Persons,Security Screening,Republic of Ivory Coast,Case Processing Centre Ottawa,office,,1,,,IN_FAILED_GROUP,empty,agree
74,Protected Persons,Security Screening,Republic of Ivory Coast,Dakar,office,,1,,,IN_FAILED_GROUP,empty,agree
74,Protected Persons,Security Screening,Republic of Ivory Coast,Rabat,office,,2,,,IN_FAILED_GROUP,empty,agree
74,Protected Persons,Security Screening,Republic of South Africa,,citizenship,,12,0,12,reconciled,empty,agree
74,Protected Persons,Security Screening,Republic of South Africa,Case Processing Centre Mississauga,office,,10,,,ok_group,empty,agree
74,Protected Persons,Security Screening,Republic of South Africa,Pretoria,office,,2,,,ok_group,empty,agree
74,Protected Persons,Security Screening,Republic of the Niger,,citizenship,1,4,1,4,reconciled,agree,agree
74,Protected Persons,Security Screening,Republic of the Niger,Case Processing Centre Mississauga,office,1,3,,,ok_group,agree,agree
74,Protected Persons,Security Screening,Republic of the Niger,Dakar,office,,1,,,ok_group,empty,agree
74,Protected Persons,Security Screening,Romania,,citizenship,,41,0,41,reconciled,empty,agree
74,Protected Persons,Security Screening,Romania,Case Processing Centre Mississauga,office,,34,,,ok_group,empty,agree
74,Protected Persons,Security Screening,Romania,Etobicoke,office,,1,,,ok_group,empty,agree
74,Protected Persons,Security Screening,Romania,HM Montreal,office,,6,,,ok_group,empty,agree
74,Protected Persons,Security Screening,Russia,,citizenship,8,128,8,126,MISMATCH,agree,agree
74,Protected Persons,Security Screening,Russia,Abu Dhabi,office,1,3,,,IN_FAILED_GROUP,agree,agree
74,Protected Persons,Security Screening,Russia,Ankara,office,,1,,,IN_FAILED_GROUP,empty,agree
74,Protected Persons,Security Screening,Russia,Case Processing Centre Mississauga,office,6,115,,,IN_FAILED_GROUP,agree,agree
74,Protected Persons,Security Screening,Russia,Hamilton,office,,1,,,IN_FAILED_GROUP,empty,agree
74,Protected Persons,Security Screening,Russia,HM Montreal,office,,1,,,IN_FAILED_GROUP,empty,agree
74,Protected Persons,Security Screening,Russia,Niagara Falls IRCC,office,,1,,,IN_FAILED_GROUP,empty,agree
74,Protected Persons,Security Screening,Russia,Port of Spain,office,1,1,,,IN_FAILED_GROUP,agree,agree
74,Protected Persons,Security Screening,Russia,Warsaw,office,,3,,,IN_FAILED_GROUP,empty,majority
74,Protected Persons,Security Screening,Rwanda,,citizenship,28,189,28,189,reconciled,agree,agree
74,Protected Persons,Security Screening,Rwanda,Case Processing Centre Mississauga,office,26,151,,,ok_group,agree,agree
74,Protected Persons,Security Screening,Rwanda,Dakar,office,,2,,,ok_group,empty,agree
74,Protected Persons,Security Screening,Rwanda,Dar-Es-Salaam,office,1,15,,,ok_group,agree,agree
74,Protected Persons,Security Screening,Rwanda,Honda Kona,office,1,4,,,ok_group,agree,agree
74,Protected Persons,Security Screening,Rwanda,Nairobi,office,,10,,,ok_group,empty,agree
74,Protected Persons,Security Screening,Rwanda,Ottawa,office,,1,,,ok_group,empty,agree
74,Protected Persons,Security Screening,Rwanda,Pretoria,office,,6,,,ok_group,empty,agree
74,Protected Persons,Security Screening,Saudi Arabia,,citizenship,2,70,3,70,MISMATCH,majority,agree
74,Protected Persons,Security Screening,Saudi Arabia,Abu Dhabi,office,,4,,,IN_FAILED_GROUP,empty,agree
74,Protected Persons,Security Screening,Saudi Arabia,Beirut,office,,1,,,IN_FAILED_GROUP,empty,agree
74,Protected Persons,Security Screening,Saudi Arabia,Case Processing Centre Mississauga,office,2,61,,,IN_FAILED_GROUP,agree,agree
74,Protected Persons,Security Screening,Saudi Arabia,Case Processing Centre Ottawa,office,,1,,,IN_FAILED_GROUP,empty,agree
74,Protected Persons,Security Screening,Saudi Arabia,Case Cases Review Citizenship And Immigration,office,,1,,,IN_FAILED_GROUP,empty,agree
74,Protected Persons,Security Screening,Saudi Arabia,Operational Support Performance Management And,office,,1,,,IN_FAILED_GROUP,empty,agree
74,Protected Persons,Security Screening,Saudi Arabia,Paris,office,1,1,,,IN_FAILED_GROUP,agree,agree
74,Protected Persons,Security Screening,Seneaal,,citizenship,3,2,3,23,MISMATCH,agree,majority
74,Protected Persons,Security Screening,Seneaal,Case Processing Centre Mississauga,office,3,21,,,IN_FAILED_GROUP,agree,agree
74,Protected Persons,Security Screening,Seneaal,Rabat,office,,2,,,IN_FAILED_GROUP,empty,agree
74,Protected Persons,Security Screening,"Serbia, Republic of",,citizenship,,4,0,4,reconciled,empty,agree
74,Protected Persons,Security Screening,"Serbia, Republic of",Case Processing Centre Mississauga,office,,4,,,ok_group,empty,agree
74,Protected Persons,Security Screening,Sierra Leone,,citizenship,,11,0,11,reconciled,empty,agree
74,Protected Persons,Security Screening,Sierra Leone,Case Processing Centre Mississauga,office,,10,,,ok_group,empty,agree
74,Protected Persons,Security Screening,Sierra Leone,Singapore,office,,1,,,ok_group,empty,agree
74,Protected Persons,Security Screening,Singapore,,citizenship,,1,2,201,MISMATCH,empty,agree
74,Protected Persons,Security Screening,Singapore,Case Processing Centre Mississauga,office,,1,,,IN_FAILED_GROUP,empty,agree
74,Protected Persons,Security Screening,Singapore,Slovak Republic,office,,98,,,IN_FAILED_GROUP,empty,agree
74,Protected Persons,Security Screening,Singapore,Case Processing Centre Mississauga,office,,95,,,IN_FAILED_GROUP,empty,agree
74,Protected Persons,Security Screening,Singapore,Operational Support Performance Management And,office,,1,,,IN_FAILED_GROUP,empty,agree
74,Protected Persons,Security Screening,Singapore,Windsor,office,,2,,,IN_FAILED_GROUP,empty,agree
74,Protected Persons,Security Screening,Singapore,Slovenia,office,1,2,,,IN_FAILED_GROUP,agree,agree
74,Protected Persons,Security Screening,Singapore,Case Processing Centre Mississauga,office,1,2,,,IN_FAILED_GROUP,agree,agree
74,Protected Persons,Security Screening,Socialist Republic of Vietnam,,citizenship,7,29,7,29,reconciled,agree,agree
74,Protected Persons,Security Screening,Socialist Republic of Vietnam,Case Processing Centre Mississauga,office,7,13,,,ok_group,agree,agree
74,Protected Persons,Security Screening,Socialist Republic of Vietnam,Singapore,office,,16,,,ok_group,empty,agree
74,Protected Persons,Security Screening,"Somalia, Democratic Republic of",,citizenship,243,1465,157,1465,MISMATCH,agree,agree
74,Protected Persons,Security Screening,"Somalia, Democratic Republic of",Abu Dhabi,office,15,36,,,IN_FAILED_GROUP,majority,agree
74,Protected Persons,Security Screening,"Somalia, Democratic Republic of",Amman,office,,16,,,IN_FAILED_GROUP,empty,agree
74,Protected Persons,Security Screening,"Somalia, Democratic Republic of",Ankara,office,18,39,,,IN_FAILED_GROUP,agree,agree
74,Protected Persons,Security Screening,"Somalia, Democratic Republic of",Cairo,office,,4,,,IN_FAILED_GROUP,empty,agree
74,Protected Persons,Security Screening,"Somalia, Democratic Republic of",Case Processing Centre Mississauga,office,6,214,,,IN_FAILED_GROUP,agree,agree
74,Protected Persons,Security Screening,"Somalia, Democratic Republic of",Colombo,office,,1,,,IN_FAILED_GROUP,empty,agree
74,Protected Persons,Security Screening,"Somalia, Democratic Republic of",Dar-Es-Salaam,office,104,570,,,IN_FAILED_GROUP,agree,majority
74,Protected Persons,Security Screening,"Somalia, Democratic Republic of",Etobicoke,office,,1,,,IN_FAILED_GROUP,empty,agree
74,Protected Persons,Security Screening,"Somalia, Democratic Republic of",Hamilton,office,3,6,,,IN_FAILED_GROUP,agree,agree
74,Protected Persons,Security Screening,"Somalia, Democratic Republic of",HM Niagara Falls,office,1,1,,,IN_FAILED_GROUP,agree,agree
74,Protected Persons,Security Screening,"Somalia, Democratic Republic of",Honda Kona,office,,2,,,IN_FAILED_GROUP,empty,agree
74,Protected Persons,Security Screening,"Somalia, Democratic Republic of",Islamabad,office,,1,,,IN_FAILED_GROUP,empty,agree
74,Protected Persons,Security Screening,"Somalia, Democratic Republic of",Jakarta,office,,1,,,IN_FAILED_GROUP,empty,agree
74,Protected Persons,Security Screening,"Somalia, Democratic Republic of",Matching Centre,office,,1,,,IN_FAILED_GROUP,empty,agree
74,Protected Persons,Security Screening,"Somalia, Democratic Republic of",Nairobi,office,7,418,,,IN_FAILED_GROUP,majority,agree
74,Protected Persons,Security Screening,"Somalia, Democratic Republic of",New Delhi,office,,10,,,IN_FAILED_GROUP,empty,agree
74,Protected Persons,Security Screening,"Somalia, Democratic Republic of",New York,office,,1,,,IN_FAILED_GROUP,empty,agree
74,Protected Persons,Security Screening,"Somalia, Democratic Republic of",Niagara Falls IRCC,office,,2,,,IN_FAILED_GROUP,empty,agree
74,Protected Persons,Security Screening,"Somalia, Democratic Republic of",Paris,office,,1,,,IN_FAILED_GROUP,empty,agree
74,Protected Persons,Security Screening,"Somalia, Democratic Republic of",Pretoria,office,1,83,,,IN_FAILED_GROUP,majority,agree
74,Protected Persons,Security Screening,"Somalia, Democratic Republic of",Rome,office,,13,,,IN_FAILED_GROUP,empty,agree
74,Protected Persons,Security Screening,"Somalia, Democratic Republic of",Singapore,office,2,34,,,IN_FAILED_GROUP,agree,agree
74,Protected Persons,Security Screening,"Somalia, Democratic Republic of",Sydney Australia,office,,6,,,IN_FAILED_GROUP,empty,agree
74,Protected Persons,Security Screening,"Somalia, Democratic Republic of",Vienna,office,,4,,,IN_FAILED_GROUP,empty,agree
74,Protected Persons,Security Screening,"South Sudan, Republic Of",,citizenship,1,14,1,14,reconciled,agree,agree
74,Protected Persons,Security Screening,"South Sudan, Republic Of",Cairo,office,,1,,,ok_group,empty,agree
74,Protected Persons,Security Screening,"South Sudan, Republic Of",Case Processing Centre Mississauga,office,,3,,,ok_group,empty,agree
74,Protected Persons,Security Screening,"South Sudan, Republic Of",Dar-Es-Salaam,office,1,7,,,ok_group,agree,agree
74,Protected Persons,Security Screening,"South Sudan, Republic Of",Nairobi,office,,1,,,ok_group,empty,agree
74,Protected Persons,Security Screening,"South Sudan, Republic Of",Rome,office,,2,,,ok_group,empty,agree
74,Protected Persons,Security Screening,Spain,,citizenship,,3,0,3,reconciled,empty,agree
74,Protected Persons,Security Screening,Spain,Case Processing Centre Mississauga,office,,3,,,ok_group,empty,agree
74,Protected Persons,Security Screening,Sri Lanka,,citizenship,7,673,17,673,MISMATCH,majority,majority
74,Protected Persons,Security Screening,Sri Lanka,Case Processing Centre Mississauga,office,14,584,,,IN_FAILED_GROUP,agree,agree
74,Protected Persons,Security Screening,Sri Lanka,Case Processing Centre Ottawa,office,,1,,,IN_FAILED_GROUP,empty,agree
74,Protected Persons,Security Screening,Sri Lanka,Colombo,office,2,9,,,IN_FAILED_GROUP,agree,agree
74,Protected Persons,Security Screening,Sri Lanka,Hamilton,office,,2,,,IN_FAILED_GROUP,empty,agree
74,Protected Persons,Security Screening,Sri Lanka,HM Montreal,office,,6,,,IN_FAILED_GROUP,empty,agree
74,Protected Persons,Security Screening,Sri Lanka,HM Vancouver,office,,1,,,IN_FAILED_GROUP,empty,agree
74,Protected Persons,Security Screening,Sri Lanka,Honda Kona,office,,2,,,IN_FAILED_GROUP,empty,agree
74,Protected Persons,Security Screening,Sri Lanka,Matching Centre,office,,1,,,IN_FAILED_GROUP,empty,agree
74,Protected Persons,Security Screening,Sri Lanka,New Delhi,office,,29,,,IN_FAILED_GROUP,empty,agree
74,Protected Persons,Security Screening,Sri Lanka,New York,office,,1,,,IN_FAILED_GROUP,empty,agree
74,Protected Persons,Security Screening,Sri Lanka,Niagara Falls IRCC,office,,2,,,IN_FAILED_GROUP,empty,agree
74,Protected Persons,Security Screening,Sri Lanka,Operational Support Performance Management And,office,,2,,,IN_FAILED_GROUP,empty,agree
74,Protected Persons,Security Screening,Sri Lanka,Paris,office,,1,,,IN_FAILED_GROUP,empty,agree
74,Protected Persons,Security Screening,Sri Lanka,Singapore,office,1,21,,,IN_FAILED_GROUP,agree,agree
74,Protected Persons,Security Screening,Sri Lanka,Sydney Australia,office,,10,,,IN_FAILED_GROUP,empty,agree
74,Protected Persons,Security Screening,Sri Lanka,Windsor,office,,1,,,IN_FAILED_GROUP,empty,agree
74,Protected Persons,Security Screening,St. Kitts-Nevis,,citizenship,,1,0,1,reconciled,empty,agree
74,Protected Persons,Security Screening,St. Kitts-Nevis,Case Processing Centre Mississauga,office,,1,,,ok_group,empty,agree
74,Protected Persons,Security Screening,St. Lucia,,citizenship,1,19,1,19,reconciled,agree,agree
74,Protected Persons,Security Screening,St. Lucia,Case Processing Centre Mississauga,office,1,19,,,ok_group,agree,agree
74,Protected Persons,Security Screening,St. Vincent and the Grenadines,,citizenship,,13,0,13,reconciled,empty,agree
74,Protected Persons,Security Screening,St. Vincent and the Grenadines,Case Processing Centre Mississauga,office,,13,,,ok_group,empty,agree
74,Protected Persons,Security Screening,Stateless,,citizenship,2,3,103,275,MISMATCH,majority,majority
74,Protected Persons,Security Screening,Stateless,Abu Dhabi,office,100,,,,IN_FAILED_GROUP,majority,none
75,Protected Persons,Security Screening,Stateless,Amman,office,,15,,,IN_FAILED_GROUP,empty,agree
75,Protected Persons,Security Screening,Stateless,Ankara,office,1,6,,,IN_FAILED_GROUP,agree,agree
75,Protected Persons,Security Screening,Stateless,Beirut,office,2,39,,,IN_FAILED_GROUP,majority,agree
75,Protected Persons,Security Screening,Stateless,Cairo,office,,2,,,IN_FAILED_GROUP,empty,agree
75,Protected Persons,Security Screening,Stateless,Case Processing Centre Mississauga,office,,203,,,IN_FAILED_GROUP,none,majority
75,Protected Persons,Security Screening,Stateless,Case Processing Centre Ottawa,office,,1,,,IN_FAILED_GROUP,empty,agree
75,Protected Persons,Security Screening,Stateless,Etobicoke,office,,1,,,IN_FAILED_GROUP,empty,agree
75,Protected Persons,Security Screening,Stateless,New Delhi,office,,1,,,IN_FAILED_GROUP,empty,agree
75,Protected Persons,Security Screening,Stateless,Niagara Falls IRCC,office,,2,,,IN_FAILED_GROUP,empty,agree
75,Protected Persons,Security Screening,Stateless,Operational Support Performance Management And,office,,2,,,IN_FAILED_GROUP,empty,agree
75,Protected Persons,Security Screening,Stateless,Paris,office,,3,,,IN_FAILED_GROUP,empty,agree
75,Protected Persons,Security Screening,Singapore,,citizenship,,4,0,2,MISMATCH,empty,agree
75,Protected Persons,Security Screening,Singapore,Warsaw,office,,2,,,IN_FAILED_GROUP,empty,agree
75,Protected Persons,Security Screening,Swaziland,,citizenship,,7,0,5,MISMATCH,empty,agree
75,Protected Persons,Security Screening,Swaziland,Case Processing Centre Mississauga,office,,3,,,IN_FAILED_GROUP,empty,majority
75,Protected Persons,Security Screening,Swaziland,Edmonton IRCC,office,,2,,,IN_FAILED_GROUP,empty,agree
75,Protected Persons,Security Screening,Syria,,citizenship,445,5512,844,5510,MISMATCH,agree,majority
75,Protected Persons,Security Screening,Syria,Abu Dhabi,office,161,831,,,IN_FAILED_GROUP,agree,agree
75,Protected Persons,Security Screening,Syria,Accra,office,2,7,,,IN_FAILED_GROUP,agree,agree
75,Protected Persons,Security Screening,Syria,Amman,office,88,1290,,,IN_FAILED_GROUP,majority,agree
75,Protected Persons,Security Screening,Syria,Ankara,office,58,874,,,IN_FAILED_GROUP,majority,agree
75,Protected Persons,Security Screening,Syria,Beirut,office,104,1696,,,IN_FAILED_GROUP,agree,agree
75,Protected Persons,Security Screening,Syria,Bogota,office,,3,,,IN_FAILED_GROUP,empty,majority
75,Protected Persons,Security Screening,Syria,Bucharest,office,,1,,,IN_FAILED_GROUP,empty,agree
75,Protected Persons,Security Screening,Syria,Cairo,office,3,95,,,IN_FAILED_GROUP,agree,agree
75,Protected Persons,Security Screening,Syria,Case Processing Centre Mississauga,office,417,426,,,IN_FAILED_GROUP,majority,agree
75,Protected Persons,Security Screening,Syria,Case Processing Centre Ottawa,office,,1,,,IN_FAILED_GROUP,empty,agree
75,Protected Persons,Security Screening,Syria,Colombo,office,,11,,,IN_FAILED_GROUP,empty,agree
75,Protected Persons,Security Screening,Syria,Dakar,office,,7,,,IN_FAILED_GROUP,empty,agree
75,Protected Persons,Security Screening,Syria,Dar-Es-Salaam,office,1,1,,,IN_FAILED_GROUP,agree,agree
75,Protected Persons,Security Screening,Syria,Etobicoke,office,,2,,,IN_FAILED_GROUP,empty,agree
75,Protected Persons,Security Screening,Syria,Hamilton,office,,4,,,IN_FAILED_GROUP,empty,agree
75,Protected Persons,Security Screening,Syria,HM Montreal,office,1,2,,,IN_FAILED_GROUP,agree,agree
75,Protected Persons,Security Screening,Syria,Manila,office,,2,,,IN_FAILED_GROUP,empty,agree
75,Protected Persons,Security Screening,Syria,Matching Centre,office,,1,,,IN_FAILED_GROUP,empty,agree
75,Protected Persons,Security Screening,Syria,Mexico City,office,1,8,,,IN_FAILED_GROUP,agree,agree
75,Protected Persons,Security Screening,Syria,New Delhi,office,1,1,,,IN_FAILED_GROUP,agree,agree
75,Protected Persons,Security Screening,Syria,New York,office,,1,,,IN_FAILED_GROUP,empty,agree
75,Protected Persons,Security Screening,Syria,Niagara Falls IRCC,office,,1,,,IN_FAILED_GROUP,empty,agree
75,Protected Persons,Security Screening,Syria,Operational Support Performance Management And,office,,2,,,IN_FAILED_GROUP,empty,agree
75,Protected Persons,Security Screening,Syria,Paris,office,2,92,,,IN_FAILED_GROUP,agree,agree
75,Protected Persons,Security Screening,Syria,Port of Spain,office,,8,,,IN_FAILED_GROUP,empty,agree
75,Protected Persons,Security Screening,Syria,Port-Au-Prince,office,,2,,,IN_FAILED_GROUP,empty,agree
75,Protected Persons,Security Screening,Syria,Rabat,office,,14,,,IN_FAILED_GROUP,empty,agree
75,Protected Persons,Security Screening,Syria,Rome,office,2,43,,,IN_FAILED_GROUP,majority,majority
75,Protected Persons,Security Screening,Syria,Shanghai,office,,1,,,IN_FAILED_GROUP,empty,agree
75,Protected Persons,Security Screening,Syria,Singapore,office,,38,,,IN_FAILED_GROUP,empty,agree
75,Protected Persons,Security Screening,Syria,Tel Aviv,office,2,18,,,IN_FAILED_GROUP,agree,agree
75,Protected Persons,Security Screening,Syria,Vienna,office,1,22,,,IN_FAILED_GROUP,agree,agree
75,Protected Persons,Security Screening,Syria,Warsaw,office,,4,,,IN_FAILED_GROUP,empty,agree
75,Protected Persons,Security Screening,Syria,Windsor,office,,1,,,IN_FAILED_GROUP,empty,agree
75,Protected Persons,Security Screening,Tadiikistan,,citizenship,3,11,2,11,MISMATCH,agree,agree
75,Protected Persons,Security Screening,Tadiikistan,Ankara,office,2,4,,,IN_FAILED_GROUP,majority,agree
75,Protected Persons,Security Screening,Tadiikistan,Case Processing Centre Mississauga,office,,7,,,IN_FAILED_GROUP,empty,agree
75,Protected Persons,Security Screening,Taiwan,,citizenship,,1,0,1,reconciled,empty,agree
75,Protected Persons,Security Screening,Taiwan,Case Processing Centre Mississauga,office,,1,,,ok_group,empty,agree
75,Protected Persons,Security Screening,The Netherlands,,citizenship,,2,0,2,reconciled,empty,agree
75,Protected Persons,Security Screening,The Netherlands,Case Processing Centre Mississauga,office,,1,,,ok_group,empty,agree
75,Protected Persons,Security Screening,The Netherlands,Vienna,office,,1,,,ok_group,empty,agree
75,Protected Persons,Security Screening,"Todo, Republic of",,citizenship,4,20,4,20,reconciled,agree,agree
75,Protected Persons,Security Screening,"Todo, Republic of",Accra,office,,2,,,ok_group,empty,agree
75,Protected Persons,Security Screening,"Todo, Republic of",Case Processing Centre Mississauga,office,4,18,,,ok_group,agree,agree
75,Protected Persons,Security Screening,"Trinidad and Tobaao, Republic of",,citizenship,,3,0,3,reconciled,empty,majority
75,Protected Persons,Security Screening,"Trinidad and Tobaao, Republic of",Case Processing Centre Mississauga,office,,3,,,ok_group,empty,majority
75,Protected Persons,Security Screening,Tunisia,,citizenship,,18,0,18,reconciled,empty,agree
75,Protected Persons,Security Screening,Tunisia,Abu Dhabi,office,,1,,,ok_group,empty,agree
75,Protected Persons,Security Screening,Tunisia,Case Processing Centre Mississauga,office,,11,,,ok_group,empty,agree
75,Protected Persons,Security Screening,Tunisia,Colombo,office,,1,,,ok_group,empty,agree
75,Protected Persons,Security Screening,Tunisia,HM Montreal,office,,2,,,ok_group,empty,agree
75,Protected Persons,Security Screening,Tunisia,HM Niagara Falls,office,,1,,,ok_group,empty,agree
75,Protected Persons,Security Screening,Tunisia,Ottawa,office,,1,,,ok_group,empty,agree
75,Protected Persons,Security Screening,Tunisia,Rabat,office,,1,,,ok_group,empty,agree
75,Protected Persons,Security Screening,Turkey,,citizenship,95,1348,95,1344,MISMATCH,agree,agree
75,Protected Persons,Security Screening,Turkey,Abu Dhabi,office,,1,,,IN_FAILED_GROUP,empty,agree
75,Protected Persons,Security Screening,Turkey,Amman,office,3,15,,,IN_FAILED_GROUP,agree,agree
75,Protected Persons,Security Screening,Turkey,Ankara,office,15,18,,,IN_FAILED_GROUP,majority,agree
75,Protected Persons,Security Screening,Turkey,Beirut,office,,2,,,IN_FAILED_GROUP,empty,agree
75,Protected Persons,Security Screening,Turkey,Bogota,office,,1,,,IN_FAILED_GROUP,empty,agree
75,Protected Persons,Security Screening,Turkey,Cairo,office,2,3,,,IN_FAILED_GROUP,agree,agree
75,Protected Persons,Security Screening,Turkey,Case Processing Centre Mississauga,office,68,1236,,,IN_FAILED_GROUP,agree,agree
75,Protected Persons,Security Screening,Turkey,Case Processing Centre Ottawa,office,,11,,,IN_FAILED_GROUP,empty,agree
75,Protected Persons,Security Screening,Turkey,Case Cases Review Citizenship And Immigration,office,,3,,,IN_FAILED_GROUP,empty,majority
75,Protected Persons,Security Screening,Turkey,Dar-Es-Salaam,office,,9,,,IN_FAILED_GROUP,empty,agree
75,Protected Persons,Security Screening,Turkey,Edmonton IRCC,office,,1,,,IN_FAILED_GROUP,empty,agree
75,Protected Persons,Security Screening,Turkey,Hamilton,office,,1,,,IN_FAILED_GROUP,empty,agree
75,Protected Persons,Security Screening,Turkey,Honda Kona,office,,1,,,IN_FAILED_GROUP,empty,agree
75,Protected Persons,Security Screening,Turkey,Islamabad,office,,4,,,IN_FAILED_GROUP,empty,agree
75,Protected Persons,Security Screening,Turkey,Kitchener,office,,1,,,IN_FAILED_GROUP,empty,agree
75,Protected Persons,Security Screening,Turkey,London Enaland,office,,1,,,IN_FAILED_GROUP,empty,agree
75,Protected Persons,Security Screening,Turkey,Los Angeles,office,,1,,,IN_FAILED_GROUP,empty,agree
75,Protected Persons,Security Screening,Turkey,Mexico City,office,,3,,,IN_FAILED_GROUP,empty,agree
75,Protected Persons,Security Screening,Turkey,Nairobi,office,6,7,,,IN_FAILED_GROUP,agree,agree
75,Protected Persons,Security Screening,Turkey,New York,office,,3,,,IN_FAILED_GROUP,empty,agree
75,Protected Persons,Security Screening,Turkey,Niagara Falls IRCC,office,,2,,,IN_FAILED_GROUP,empty,agree
75,Protected Persons,Security Screening,Turkey,Operational Support Performance Management And,office,,11,,,IN_FAILED_GROUP,empty,agree
75,Protected Persons,Security Screening,Turkey,Paris,office,1,3,,,IN_FAILED_GROUP,agree,majority
75,Protected Persons,Security Screening,Turkey,Pretoria,office,,1,,,IN_FAILED_GROUP,empty,agree
75,Protected Persons,Security Screening,Turkey,Rome,office,,1,,,IN_FAILED_GROUP,empty,agree
75,Protected Persons,Security Screening,Turkey,Singapore,office,,1,,,IN_FAILED_GROUP,empty,agree
75,Protected Persons,Security Screening,Turkey,Vienna,office,,2,,,IN_FAILED_GROUP,empty,agree
75,Protected Persons,Security Screening,Turkey,Windsor,office,,1,,,IN_FAILED_GROUP,empty,agree
75,Protected Persons,Security Screening,Turkmenistan,,citizenship,,3,426,275,MISMATCH,empty,majority
75,Protected Persons,Security Screening,Turkmenistan,Case Processing Centre Mississauga,office,,3,,,IN_FAILED_GROUP,empty,majority
75,Protected Persons,Security Screening,Turkmenistan,Tuvalu,office,,1,,,IN_FAILED_GROUP,empty,agree
75,Protected Persons,Security Screening,Turkmenistan,Case Processing Centre Mississauga,office,,1,,,IN_FAILED_GROUP,empty,agree
75,Protected Persons,Security Screening,Turkmenistan,Udanda,office,413,136,,,IN_FAILED_GROUP,majority,agree
75,Protected Persons,Security Screening,Turkmenistan,Abu Dhabi,office,2,2,,,IN_FAILED_GROUP,agree,agree
75,Protected Persons,Security Screening,Turkmenistan,Case Processing Centre Mississauga,office,7,120,,,IN_FAILED_GROUP,agree,agree
75,Protected Persons,Security Screening,Turkmenistan,Dar-Es-Salaam,office,2,7,,,IN_FAILED_GROUP,agree,agree
75,Protected Persons,Security Screening,Turkmenistan,Nairobi,office,2,3,,,IN_FAILED_GROUP,agree,majority
75,Protected Persons,Security Screening,Turkmenistan,New York,office,,1,,,IN_FAILED_GROUP,empty,agree
75,Protected Persons,Security Screening,Turkmenistan,Pretoria,office,,1,,,IN_FAILED_GROUP,empty,agree
75,Protected Persons,Security Screening,Ukraine,,citizenship,3,241,3,241,reconciled,agree,agree
75,Protected Persons,Security Screening,Ukraine,Case Processing Centre Mississauga,office,3,233,,,ok_group,agree,majority
75,Protected Persons,Security Screening,Ukraine,HM Montreal,office,,1,,,ok_group,empty,agree
75,Protected Persons,Security Screening,Ukraine,London Enaland,office,,1,,,ok_group,empty,agree
75,Protected Persons,Security Screening,Ukraine,Operational Support Performance Management And,office,,4,,,ok_group,empty,agree
75,Protected Persons,Security Screening,Ukraine,Windsor,office,,2,,,ok_group,empty,agree
75,Protected Persons,Security Screening,United Arab Emirates,,citizenship,,2,0,2,reconciled,empty,agree
75,Protected Persons,Security Screening,United Arab Emirates,Case Processing Centre Mississauga,office,,2,,,ok_group,empty,agree
75,Protected Persons,Security Screening,United Kinadom and Overseas Territories,,citizenship,,7,0,5,MISMATCH,empty,agree
75,Protected Persons,Security Screening,United Kinadom and Overseas Territories,Case Processing Centre Mississauga,office,,3,,,IN_FAILED_GROUP,empty,majority
75,Protected Persons,Security Screening,United Kinadom and Overseas Territories,Etobicoke,office,,1,,,IN_FAILED_GROUP,empty,agree
75,Protected Persons,Security Screening,United Kinadom and Overseas Territories,New York,office,,1,,,IN_FAILED_GROUP,empty,agree
75,Protected Persons,Security Screening,United Republic of Tanzania,,citizenship,2,10,2,10,reconciled,agree,agree
75,Protected Persons,Security Screening,United Republic of Tanzania,Case Processing Centre Mississauga,office,2,10,,,ok_group,agree,agree
75,Protected Persons,Security Screening,United States of America,,citizenship,,18,0,18,reconciled,empty,agree
75,Protected Persons,Security Screening,United States of America,Abu Dhabi,office,,1,,,ok_group,empty,agree
75,Protected Persons,Security Screening,United States of America,Case Processing Centre Mississauga,office,,9,,,ok_group,empty,agree
75,Protected Persons,Security Screening,United States of America,Montreal Immiaration,office,,1,,,ok_group,empty,agree
75,Protected Persons,Security Screening,United States of America,New York,office,,6,,,ok_group,empty,agree
75,Protected Persons,Security Screening,United States of America,Windsor,office,,1,,,ok_group,empty,agree
75,Protected Persons,Security Screening,Uzbekistan,,citizenship,2,22,2,22,reconciled,agree,agree
75,Protected Persons,Security Screening,Uzbekistan,Ankara,office,2,4,,,ok_group,agree,agree
75,Protected Persons,Security Screening,Uzbekistan,Case Processing Centre Mississauga,office,,16,,,ok_group,empty,agree
75,Protected Persons,Security Screening,Uzbekistan,HM Montreal,office,,1,,,ok_group,empty,agree
75,Protected Persons,Security Screening,Uzbekistan,Operational Support Performance Management And,office,,1,,,ok_group,empty,agree
75,Protected Persons,Security Screening,Venezuela,,citizenship,32,430,4,421,MISMATCH,agree,agree
75,Protected Persons,Security Screening,Venezuela,Bogota,office,,26,,,IN_FAILED_GROUP,none,agree
75,Protected Persons,Security Screening,Venezuela,Case Processing Centre Mississauga,office,2,370,,,IN_FAILED_GROUP,majority,majority
75,Protected Persons,Security Screening,Venezuela,Case Processing Centre Ottawa,office,,,,,IN_FAILED_GROUP,empty,none
76,Protected Persons,Security Screening,Venezuela,Case Cases Review Citizenship And Immigration,office,,1,,,IN_FAILED_GROUP,empty,agree
76,Protected Persons,Security Screening,Venezuela,Hamilton,office,,2,,,IN_FAILED_GROUP,empty,agree
76,Protected Persons,Security Screening,Venezuela,Lima,office,1,10,,,IN_FAILED_GROUP,agree,agree
76,Protected Persons,Security Screening,Venezuela,Mexico City,office,1,6,,,IN_FAILED_GROUP,agree,agree
76,Protected Persons,Security Screening,Venezuela,New York,office,,1,,,IN_FAILED_GROUP,empty,agree
76,Protected Persons,Security Screening,Venezuela,Niagara Falls IRCC,office,,1,,,IN_FAILED_GROUP,empty,agree
76,Protected Persons,Security Screening,Venezuela,Operational Support Performance Management And,office,,1,,,IN_FAILED_GROUP,empty,agree
76,Protected Persons,Security Screening,Venezuela,Port of Spain,office,,1,,,IN_FAILED_GROUP,empty,agree
76,Protected Persons,Security Screening,Venezuela,Western Sahara,office,,1,,,IN_FAILED_GROUP,empty,agree
76,Protected Persons,Security Screening,Venezuela,Case Processing Centre Mississauga,office,,1,,,IN_FAILED_GROUP,empty,agree
76,Protected Persons,Security Screening,"Yemen, Republic of",,citizenship,56,895,229,895,MISMATCH,agree,agree
76,Protected Persons,Security Screening,"Yemen, Republic of",Abu Dhabi,office,200,94,,,IN_FAILED_GROUP,majority,agree
76,Protected Persons,Security Screening,"Yemen, Republic of",Amman,office,6,41,,,IN_FAILED_GROUP,agree,agree
76,Protected Persons,Security Screening,"Yemen, Republic of",Ankara,office,,2,,,IN_FAILED_GROUP,empty,agree
76,Protected Persons,Security Screening,"Yemen, Republic of",Beirut,office,,2,,,IN_FAILED_GROUP,empty,agree
76,Protected Persons,Security Screening,"Yemen, Republic of",Cairo,office,2,15,,,IN_FAILED_GROUP,agree,agree
76,Protected Persons,Security Screening,"Yemen, Republic of",Case Processing Centre Mississauga,office,16,671,,,IN_FAILED_GROUP,agree,agree
76,Protected Persons,Security Screening,"Yemen, Republic of",Colombo,office,,8,,,IN_FAILED_GROUP,empty,agree
76,Protected Persons,Security Screening,"Yemen, Republic of",Dar-Es-Salaam,office,,2,,,IN_FAILED_GROUP,empty,agree
76,Protected Persons,Security Screening,"Yemen, Republic of",Hamilton,office,,2,,,IN_FAILED_GROUP,empty,agree
76,Protected Persons,Security Screening,"Yemen, Republic of",HM Vancouver,office,1,2,,,IN_FAILED_GROUP,agree,agree
76,Protected Persons,Security Screening,"Yemen, Republic of",Nairobi,office,2,14,,,IN_FAILED_GROUP,agree,agree
76,Protected Persons,Security Screening,"Yemen, Republic of",New Delhi,office,,2,,,IN_FAILED_GROUP,empty,agree
76,Protected Persons,Security Screening,"Yemen, Republic of",New York,office,,3,,,IN_FAILED_GROUP,empty,agree
76,Protected Persons,Security Screening,"Yemen, Republic of",Niagara Falls IRCC,office,,2,,,IN_FAILED_GROUP,empty,agree
76,Protected Persons,Security Screening,"Yemen, Republic of",Paris,office,,7,,,IN_FAILED_GROUP,empty,agree
76,Protected Persons,Security Screening,"Yemen, Republic of",Rome,office,1,3,,,IN_FAILED_GROUP,agree,agree
76,Protected Persons,Security Screening,"Yemen, Republic of",Singapore,office,1,24,,,IN_FAILED_GROUP,agree,agree
76,Protected Persons,Security Screening,"Yemen, Republic of",Vienna,office,,1,,,IN_FAILED_GROUP,empty,agree
76,Protected Persons,Security Screening,Zambia,,citizenship,,6,0,6,reconciled,empty,agree
76,Protected Persons,Security Screening,Zambia,Case Processing Centre Mississauga,office,,6,,,ok_group,empty,agree
76,Protected Persons,Security Screening,Zimbabwe,,citizenship,35,98,35,98,reconciled,agree,agree
76,Protected Persons,Security Screening,Zimbabwe,Case Processing Centre Mississauga,office,35,96,,,ok_group,agree,agree
76,Protected Persons,Security Screening,Zimbabwe,Pretoria,office,,2,,,ok_group,empty,agree
76,Unspecified,,,,immigration_category,91,299,1,299,MISMATCH,agree,agree
76,Unspecified,Security Screening,,,activity_type,1,299,4185,297,MISMATCH,majority,agree
76,Unspecified,Security Screening,Afghanistan,,citizenship,2,12,2,12,reconciled,agree,agree
76,Unspecified,Security Screening,Afghanistan,Abu Dhabi,office,1,3,,,ok_group,agree,agree
76,Unspecified,Security Screening,Afghanistan,Ankara,office,1,1,,,ok_group,agree,agree
76,Unspecified,Security Screening,Afghanistan,Islamabad,office,,7,,,ok_group,empty,agree
76,Unspecified,Security Screening,Afghanistan,Paris,office,,1,,,ok_group,empty,agree
76,Unspecified,Security Screening,Democratic Republic of Sudan,,citizenship,6,7,6,7,reconciled,agree,agree
76,Unspecified,Security Screening,Democratic Republic of Sudan,Abu Dhabi,office,6,7,,,ok_group,agree,agree
76,Unspecified,Security Screening,Iran,,citizenship,3,3,2,3,MISMATCH,agree,majority
76,Unspecified,Security Screening,Iran,Ankara,office,2,3,,,IN_FAILED_GROUP,majority,majority
76,Unspecified,Security Screening,Iraq,,citizenship,1,1,1,1,reconciled,agree,agree
76,Unspecified,Security Screening,Iraq,Ankara,office,1,1,,,ok_group,agree,agree
76,Unspecified,Security Screening,Jordan,,citizenship,7,32,7,32,reconciled,agree,agree
76,Unspecified,Security Screening,Jordan,Abu Dhabi,office,5,29,,,ok_group,majority,agree
76,Unspecified,Security Screening,Jordan,Amman,office,1,2,,,ok_group,agree,agree
76,Unspecified,Security Screening,Jordan,Cairo,office,1,1,,,ok_group,agree,agree
76,Unspecified,Security Screening,Lebanon,,citizenship,,4,0,4,reconciled,empty,agree
76,Unspecified,Security Screening,Lebanon,Abu Dhabi,office,,2,,,ok_group,empty,agree
76,Unspecified,Security Screening,Lebanon,Beirut,office,,1,,,ok_group,empty,agree
76,Unspecified,Security Screening,Lebanon,Nairobi,office,,1,,,ok_group,empty,agree
76,Unspecified,Security Screening,Palestinian Authority (Gaza/West Bank),,citizenship,45,105,441,105,MISMATCH,agree,agree
76,Unspecified,Security Screening,Palestinian Authority (Gaza/West Bank),Abu Dhabi,office,417,50,,,IN_FAILED_GROUP,majority,majority
76,Unspecified,Security Screening,Palestinian Authority (Gaza/West Bank),Amman,office,3,20,,,IN_FAILED_GROUP,majority,agree
76,Unspecified,Security Screening,Palestinian Authority (Gaza/West Bank),Cairo,office,19,31,,,IN_FAILED_GROUP,agree,agree
76,Unspecified,Security Screening,Palestinian Authority (Gaza/West Bank),London Enaland,office,2,2,,,IN_FAILED_GROUP,agree,agree
76,Unspecified,Security Screening,Palestinian Authority (Gaza/West Bank),Singapore,office,,2,,,IN_FAILED_GROUP,empty,agree
76,Unspecified,Security Screening,"Somalia, Democratic Republic of",,citizenship,,3,0,3,reconciled,empty,agree
76,Unspecified,Security Screening,"Somalia, Democratic Republic of",Abu Dhabi,office,,1,,,ok_group,empty,agree
76,Unspecified,Security Screening,"Somalia, Democratic Republic of",Nairobi,office,,2,,,ok_group,empty,agree
76,Unspecified,Security Screening,St. Kitts-Nevis,,citizenship,,1,0,1,reconciled,empty,agree
76,Unspecified,Security Screening,St. Kitts-Nevis,Abu Dhabi,office,,1,,,ok_group,empty,agree
76,Unspecified,Security Screening,Stateless,,citizenship,1,79,15,79,MISMATCH,agree,agree
76,Unspecified,Security Screening,Stateless,Abu Dhabi,office,8,54,,,IN_FAILED_GROUP,agree,agree
76,Unspecified,Security Screening,Stateless,Amman,office,2,3,,,IN_FAILED_GROUP,agree,agree
76,Unspecified,Security Screening,Stateless,Beirut,office,3,20,,,IN_FAILED_GROUP,majority,agree
76,Unspecified,Security Screening,Stateless,Pretoria,office,2,2,,,IN_FAILED_GROUP,agree,agree
76,Unspecified,Security Screening,Syria,,citizenship,4120,49,10,47,MISMATCH,majority,agree
76,Unspecified,Security Screening,Syria,Abu Dhabi,office,7,19,,,IN_FAILED_GROUP,agree,agree
76,Unspecified,Security Screening,Syria,Amman,office,,24,,,IN_FAILED_GROUP,empty,agree
76,Unspecified,Security Screening,Syria,Ankara,office,3,3,,,IN_FAILED_GROUP,agree,majority
76,Unspecified,Security Screening,Syria,Beirut,office,,1,,,IN_FAILED_GROUP,empty,agree
76,Unspecified,Security Screening,Ukraine,,citizenship,,1,14743,116726,MISMATCH,empty,agree
76,Unspecified,Security Screening,Ukraine,Abu Dhabi,office,,1,,,IN_FAILED_GROUP,empty,agree
76,Unspecified,Security Screening,Ukraine,Grand Total Eee,office,14743,116725,,,IN_FAILED_GROUP,agree,agree
