page,application_type,activity_type,citizenship,office,level,total_2025,grand_total,children_sum_2025,children_sum_grand,check,ocr_confidence_2025,ocr_confidence_grand
1,SP,,,,application_type,1801,18019,1801,18019,reconciled,agree,agree
1,SP,VIT 34,,,activity_type,1798,17932,2068,18239,MISMATCH,agree,agree
1,SP,VIT 34,Afghanistan,,citizenship,3,56,3,56,reconciled,agree,agree
1,SP,VIT 34,Afghanistan,Abu Dhabi,office,,23,,,ok_group,empty,agree
1,SP,VIT 34,Afghanistan,Ankara,office,1,11,,,ok_group,agree,agree
1,SP,VIT 34,Afghanistan,Case Processing Centre Ottawa,office,,8,,,ok_group,empty,agree
1,SP,VIT 34,Afghanistan,Islamabad,office,,1,,,ok_group,empty,agree
1,SP,VIT 34,Afghanistan,London Enaland,office,,1,,,ok_group,empty,agree
1,SP,VIT 34,Afghanistan,Manila,office,1,1,,,ok_group,agree,agree
1,SP,VIT 34,Afghanistan,Nairobi,office,,5,,,ok_group,empty,agree
1,SP,VIT 34,Afghanistan,Port of Spain,office,1,1,,,ok_group,agree,agree
1,SP,VIT 34,Afghanistan,Riyadh,office,,1,,,ok_group,empty,agree
1,SP,VIT 34,Afghanistan,Vienna,office,,1,,,ok_group,empty,agree
1,SP,VIT 34,Afghanistan,Warsaw,office,,3,,,ok_group,empty,agree
1,SP,VIT 34,Albania,,citizenship,,3,0,3,reconciled,empty,agree
1,SP,VIT 34,Albania,Ankara,office,,1,,,ok_group,empty,agree
1,SP,VIT 34,Albania,London Enaland,office,,1,,,ok_group,empty,agree
1,SP,VIT 34,Albania,Vienna,office,,1,,,ok_group,empty,agree
1,SP,VIT 34,Alaeria,,citizenship,3,75,3,75,reconciled,agree,majority
1,SP,VIT 34,Alaeria,Abu Dhabi,office,,5,,,ok_group,empty,agree
1,SP,VIT 34,Alaeria,Ankara,office,,1,,,ok_group,empty,agree
1,SP,VIT 34,Alaeria,Case Processing Centre Ottawa,office,,20,,,ok_group,empty,agree
1,SP,VIT 34,Alaeria,CN India,office,,2,,,ok_group,empty,agree
1,SP,VIT 34,Alaeria,CN North Africa,office,1,1,,,ok_group,agree,agree
1,SP,VIT 34,Alaeria,Kyiv,office,,1,,,ok_group,empty,agree
1,SP,VIT 34,Alaeria,Paris,office,1,36,,,ok_group,agree,agree
1,SP,VIT 34,Alaeria,Pretoria,office,1,3,,,ok_group,agree,agree
1,SP,VIT 34,Alaeria,Riyadh,office,,1,,,ok_group,empty,agree
1,SP,VIT 34,Alaeria,Tunis,office,,3,,,ok_group,empty,agree
1,SP,VIT 34,Alaeria,Vienna,office,,2,,,ok_group,empty,agree
1,SP,VIT 34,Angola,,citizenship,,1,0,1,reconciled,empty,agree
1,SP,VIT 34,Angola,Warsaw,office,,1,,,ok_group,empty,agree
1,SP,VIT 34,Antigua and Barbuda,,citizenship,,2,0,2,reconciled,empty,agree
1,SP,VIT 34,Antigua and Barbuda,Abu Dhabi,office,,1,,,ok_group,empty,agree
1,SP,VIT 34,Antigua and Barbuda,Port of Spain,office,,1,,,ok_group,empty,agree
1,SP,VIT 34,Argentina,,citizenship,,1,0,1,reconciled,empty,agree
1,SP,VIT 34,Argentina,Buenos Aires,office,,1,,,ok_group,empty,agree
1,SP,VIT 34,Armenia,,citizenship,,4,0,4,reconciled,empty,agree
1,SP,VIT 34,Armenia,Abu Dhabi,office,,1,,,ok_group,empty,agree
1,SP,VIT 34,Armenia,Ankara,office,,1,,,ok_group,empty,agree
1,SP,VIT 34,Armenia,Warsaw,office,,2,,,ok_group,empty,agree
1,SP,VIT 34,Australia,,citizenship,,2,0,2,reconciled,empty,agree
1,SP,VIT 34,Australia,Sydney Australia,office,,1,,,ok_group,empty,agree
1,SP,VIT 34,Australia,Warsaw,office,,1,,,ok_group,empty,agree
1,SP,VIT 34,Austria,,citizenship,,1,0,1,reconciled,empty,agree
1,SP,VIT 34,Austria,Ankara,office,,1,,,ok_group,empty,agree
1,SP,VIT 34,Azerbaiian,,citizenship,1,18,1,18,reconciled,agree,agree
1,SP,VIT 34,Azerbaiian,Ankara,office,1,18,,,ok_group,agree,agree
1,SP,VIT 34,"Bahama Islands, The",,citizenship,,2,0,2,reconciled,empty,agree
1,SP,VIT 34,"Bahama Islands, The",Operations Support Centre,office,,2,,,ok_group,empty,agree
1,SP,VIT 34,Bahrain,,citizenship,,3,0,3,reconciled,empty,agree
1,SP,VIT 34,Bahrain,Abu Dhabi,office,,3,,,ok_group,empty,agree
1,SP,VIT 34,Bangladesh,,citizenship,7,77,7,77,reconciled,agree,agree
1,SP,VIT 34,Bangladesh,Abu Dhabi,office,,9,,,ok_group,empty,agree
1,SP,VIT 34,Bangladesh,Beiiing,office,,2,,,ok_group,empty,agree
1,SP,VIT 34,Bangladesh,Case Processing Centre Ottawa,office,1,8,,,ok_group,agree,agree
1,SP,VIT 34,Bangladesh,CN India,office,,1,,,ok_group,empty,agree
1,SP,VIT 34,Bangladesh,CN South Asia,office,,1,,,ok_group,empty,agree
1,SP,VIT 34,Bangladesh,Operations Support Centre,office,,2,,,ok_group,empty,agree
1,SP,VIT 34,Bangladesh,Riyadh,office,,14,,,ok_group,empty,agree
1,SP,VIT 34,Bangladesh,Singapore,office,6,35,,,ok_group,agree,agree
1,SP,VIT 34,Bangladesh,Sydney Australia,office,,2,,,ok_group,empty,agree
1,SP,VIT 34,Bangladesh,Vienna,office,,3,,,ok_group,empty,agree
1,SP,VIT 34,Barbados,,citizenship,,1,0,1,reconciled,empty,agree
1,SP,VIT 34,Barbados,Port of Spain,office,,1,,,ok_group,empty,agree
1,SP,VIT 34,Belarus,,citizenship,1,6,1,6,reconciled,agree,agree
1,SP,VIT 34,Belarus,Warsaw,office,1,6,,,ok_group,agree,agree
1,SP,VIT 34,Belgium,,citizenship,,2,0,2,reconciled,empty,agree
1,SP,VIT 34,Belgium,Ankara,office,,1,,,ok_group,empty,agree
1,SP,VIT 34,Belgium,Operations Support Centre,office,,1,,,ok_group,empty,agree
1,SP,VIT 34,Belize,,citizenship,,1,0,1,reconciled,empty,agree
1,SP,VIT 34,Belize,Mexico City,office,,1,,,ok_group,empty,agree
1,SP,VIT 34,Brazil,,citizenship,2,16,2,16,reconciled,agree,agree
1,SP,VIT 34,Brazil,Case Processing Centre Edmonton,office,,1,,,ok_group,empty,agree
1,SP,VIT 34,Brazil,Case Processing Centre Ottawa,office,,1,,,ok_group,empty,agree
1,SP,VIT 34,Brazil,Riyadh,office,,3,,,ok_group,empty,agree
1,SP,VIT 34,Brazil,Sao Paulo,office,2,10,,,ok_group,agree,agree
1,SP,VIT 34,Brazil,Shanghai,office,,1,,,ok_group,empty,agree
1,SP,VIT 34,Burkina-Faso,,citizenship,,4,0,4,reconciled,empty,agree
1,SP,VIT 34,Burkina-Faso,Paris,office,,4,,,ok_group,empty,agree
1,SP,VIT 34,Burundi,,citizenship,,1,0,1,reconciled,empty,agree
1,SP,VIT 34,Burundi,Dar-Es-Salaam,office,,1,,,ok_group,empty,agree
1,SP,VIT 34,"Chad, Republic of",,citizenship,1,1,1,1,reconciled,agree,agree
1,SP,VIT 34,"Chad, Republic of",Beiiing,office,1,1,,,ok_group,agree,agree
1,SP,VIT 34,Chile,,citizenship,,4,0,4,reconciled,empty,agree
1,SP,VIT 34,Chile,Buenos Aires,office,,1,,,ok_group,empty,agree
1,SP,VIT 34,Chile,Case Processing Centre Ottawa,office,,1,,,ok_group,empty,agree
1,SP,VIT 34,Chile,Operations Support Centre,office,,2,,,ok_group,empty,agree
1,SP,VIT 34,Colombia,,citizenship,,60,0,60,reconciled,empty,agree
1,SP,VIT 34,Colombia,Abu Dhabi,office,,1,,,ok_group,empty,agree
1,SP,VIT 34,Colombia,Boqota,office,,41,,,ok_group,empty,agree
1,SP,VIT 34,Colombia,Case Processing Centre Ottawa,office,,1,,,ok_group,empty,agree
1,SP,VIT 34,Colombia,Operations Support Centre,office,,1,,,ok_group,empty,agree
1,SP,VIT 34,Colombia,Riyadh,office,,16,,,ok_group,empty,agree
1,SP,VIT 34,Comoros,,citizenship,,1,0,1,reconciled,empty,agree
1,SP,VIT 34,Comoros,Pretoria,office,,1,,,ok_group,empty,agree
1,SP,VIT 34,"Condo, Democratic Republic of the",,citizenship,,11,0,209,MISMATCH,empty,agree
1,SP,VIT 34,"Condo, Democratic Republic of the",Ankara,office,,1,,,IN_FAILED_GROUP,empty,agree
1,SP,VIT 34,"Condo, Democratic Republic of the",Beiiing,office,,1,,,IN_FAILED_GROUP,empty,agree
1,SP,VIT 34,"Condo, Democratic Republic of the",Bucharest Global Operations Centre,office,,200,,,IN_FAILED_GROUP,empty,majority
2,SP,VIT 34,"Condo, Democratic Republic of the",Case Processing Centre Ottawa,office,,1,,,IN_FAILED_GROUP,empty,agree
2,SP,VIT 34,"Condo, Democratic Republic of the",Dakar,office,,1,,,IN_FAILED_GROUP,empty,agree
2,SP,VIT 34,"Condo, Democratic Republic of the",New York,office,,1,,,IN_FAILED_GROUP,empty,agree
2,SP,VIT 34,"Condo, Democratic Republic of the",Paris,office,,2,,,IN_FAILED_GROUP,empty,agree
2,SP,VIT 34,"Condo, Democratic Republic of the",Tunis,office,,2,,,IN_FAILED_GROUP,empty,agree
2,SP,VIT 34,"Condo, People's Republic of the",,citizenship,,2,0,2,reconciled,empty,agree
2,SP,VIT 34,"Condo, People's Republic of the",Beiiing,office,,2,,,ok_group,empty,agree
2,SP,VIT 34,Cuba,,citizenship,,6,0,6,reconciled,empty,agree
2,SP,VIT 34,Cuba,Boqota,office,,1,,,ok_group,empty,agree
2,SP,VIT 34,Cuba,Buenos Aires,office,,1,,,ok_group,empty,agree
2,SP,VIT 34,Cuba,Case Processing Centre Ottawa,office,,1,,,ok_group,empty,agree
2,SP,VIT 34,Cuba,Mexico City,office,,3,,,ok_group,empty,agree
2,SP,VIT 34,Cyprus,,citizenship,,1,0,1,reconciled,empty,agree
2,SP,VIT 34,Cyprus,Moscow,office,,1,,,ok_group,empty,agree
2,SP,VIT 34,Czech Republic,,citizenship,1,1,1,1,reconciled,agree,agree
2,SP,VIT 34,Czech Republic,Vienna,office,1,1,,,ok_group,agree,agree
2,SP,VIT 34,Democratic Republic of Sudan,,citizenship,,26,0,26,reconciled,empty,agree
2,SP,VIT 34,Democratic Republic of Sudan,Abu Dhabi,office,,11,,,ok_group,empty,agree
2,SP,VIT 34,Democratic Republic of Sudan,Ankara,office,,10,,,ok_group,empty,agree
2,SP,VIT 34,Democratic Republic of Sudan,Pretoria,office,,1,,,ok_group,empty,agree
2,SP,VIT 34,Democratic Republic of Sudan,Riyadh,office,,3,,,ok_group,empty,agree
2,SP,VIT 34,Democratic Republic of Sudan,Singapore,office,,1,,,ok_group,empty,agree
2,SP,VIT 34,Dominica,,citizenship,,5,0,5,reconciled,empty,agree
2,SP,VIT 34,Dominica,Ankara,office,,3,,,ok_group,empty,agree
2,SP,VIT 34,Dominica,Port of Spain,office,,2,,,ok_group,empty,agree
2,SP,VIT 34,Dominican Republic,,citizenship,,5,0,5,reconciled,empty,agree
2,SP,VIT 34,Dominican Republic,Mexico City,office,,5,,,ok_group,empty,agree
2,SP,VIT 34,Ecuador,,citizenship,,5,0,5,reconciled,empty,agree
2,SP,VIT 34,Ecuador,Boqota,office,,3,,,ok_group,empty,agree
2,SP,VIT 34,Ecuador,Riyadh,office,,1,,,ok_group,empty,agree
2,SP,VIT 34,Ecuador,Warsaw,office,,1,,,ok_group,empty,agree
2,SP,VIT 34,Eqypt,,citizenship,8,367,8,367,reconciled,agree,agree
2,SP,VIT 34,Eqypt,Abu Dhabi,office,,16,,,ok_group,empty,agree
2,SP,VIT 34,Eqypt,Amman,office,,6,,,ok_group,empty,agree
2,SP,VIT 34,Eqypt,Ankara,office,,291,,,ok_group,empty,agree
2,SP,VIT 34,Eqypt,Cairo,office,5,24,,,ok_group,agree,agree
2,SP,VIT 34,Eqypt,Case Processing Centre Ottawa,office,,4,,,ok_group,empty,agree
2,SP,VIT 34,Eqypt,CN Middle East,office,2,2,,,ok_group,agree,agree
2,SP,VIT 34,Eqypt,Hong Kona,office,,1,,,ok_group,empty,agree
2,SP,VIT 34,Eqypt,Paris,office,,1,,,ok_group,empty,agree
2,SP,VIT 34,Eqypt,Pretoria,office,1,6,,,ok_group,agree,agree
2,SP,VIT 34,Eqypt,Riyadh,office,,9,,,ok_group,empty,agree
2,SP,VIT 34,Eqypt,Rome,office,,2,,,ok_group,empty,agree
2,SP,VIT 34,Eqypt,Singapore,office,,2,,,ok_group,empty,agree
2,SP,VIT 34,Eqypt,Tunis,office,,1,,,ok_group,empty,agree
2,SP,VIT 34,Eqypt,Vienna,office,,2,,,ok_group,empty,agree
2,SP,VIT 34,El Salvador,,citizenship,,1,0,1,reconciled,empty,agree
2,SP,VIT 34,El Salvador,Mexico City,office,,1,,,ok_group,empty,agree
2,SP,VIT 34,Equatorial Guinea,,citizenship,,2,0,2,reconciled,empty,agree
2,SP,VIT 34,Equatorial Guinea,Beiiing,office,,1,,,ok_group,empty,agree
2,SP,VIT 34,Equatorial Guinea,Dakar,office,,1,,,ok_group,empty,agree
2,SP,VIT 34,Eritrea,,citizenship,,1,0,1,reconciled,empty,agree
2,SP,VIT 34,Eritrea,Warsaw,office,,1,,,ok_group,empty,agree
2,SP,VIT 34,Ethiopia,,citizenship,,3,0,3,reconciled,empty,agree
2,SP,VIT 34,Ethiopia,Ankara,office,,1,,,ok_group,empty,agree
2,SP,VIT 34,Ethiopia,Nairobi,office,,1,,,ok_group,empty,agree
2,SP,VIT 34,Ethiopia,RROC,office,,1,,,ok_group,empty,agree
2,SP,VIT 34,Federal Republic of Cameroon,,citizenship,,22,0,22,reconciled,empty,agree
2,SP,VIT 34,Federal Republic of Cameroon,Ankara,office,,1,,,ok_group,empty,agree
2,SP,VIT 34,Federal Republic of Cameroon,Beiiing,office,,3,,,ok_group,empty,agree
2,SP,VIT 34,Federal Republic of Cameroon,Case Processing Centre Ottawa,office,,2,,,ok_group,empty,agree
2,SP,VIT 34,Federal Republic of Cameroon,Paris,office,,6,,,ok_group,empty,agree
2,SP,VIT 34,Federal Republic of Cameroon,Pretoria,office,,1,,,ok_group,empty,agree
2,SP,VIT 34,Federal Republic of Cameroon,Tunis,office,,9,,,ok_group,empty,agree
2,SP,VIT 34,Federal Republic of Germany,,citizenship,,4,0,4,reconciled,empty,agree
2,SP,VIT 34,Federal Republic of Germany,Operations Support Centre,office,,2,,,ok_group,empty,agree
2,SP,VIT 34,Federal Republic of Germany,Vienna,office,,2,,,ok_group,empty,agree
2,SP,VIT 34,Finland,,citizenship,1,1,1,1,reconciled,agree,agree
2,SP,VIT 34,Finland,Operations Support Centre,office,1,1,,,ok_group,agree,agree
2,SP,VIT 34,France,,citizenship,1,40,1,40,reconciled,agree,agree
2,SP,VIT 34,France,Bucharest,office,,1,,,ok_group,empty,agree
2,SP,VIT 34,France,Operations Support Centre,office,1,26,,,ok_group,agree,agree
2,SP,VIT 34,France,Paris,office,,7,,,ok_group,empty,agree
2,SP,VIT 34,France,Tunis,office,,6,,,ok_group,empty,agree
2,SP,VIT 34,Gabon Republic,,citizenship,,1,0,1,reconciled,empty,agree
2,SP,VIT 34,Gabon Republic,Paris,office,,1,,,ok_group,empty,agree
2,SP,VIT 34,Gambia,,citizenship,2,4,2,4,reconciled,agree,agree
2,SP,VIT 34,Gambia,Ankara,office,,1,,,ok_group,empty,agree
2,SP,VIT 34,Gambia,Beiiing,office,,1,,,ok_group,empty,agree
2,SP,VIT 34,Gambia,Dakar,office,2,2,,,ok_group,agree,agree
2,SP,VIT 34,Georgia,,citizenship,,2,0,2,reconciled,empty,agree
2,SP,VIT 34,Georgia,Ankara,office,,1,,,ok_group,empty,agree
2,SP,VIT 34,Georgia,Case Processing Centre Ottawa,office,,1,,,ok_group,empty,agree
2,SP,VIT 34,Ghana,,citizenship,2,41,2,41,reconciled,agree,agree
2,SP,VIT 34,Ghana,Accra,office,,18,,,ok_group,empty,agree
2,SP,VIT 34,Ghana,Ankara,office,,2,,,ok_group,empty,agree
2,SP,VIT 34,Ghana,Beiiing,office,2,8,,,ok_group,agree,agree
2,SP,VIT 34,Ghana,Case Processing Centre Ottawa,office,,5,,,ok_group,empty,agree
2,SP,VIT 34,Ghana,Manila,office,,1,,,ok_group,empty,agree
2,SP,VIT 34,Ghana,Warsaw,office,,1,,,ok_group,empty,agree
2,SP,VIT 34,Ghana,Winnipeg,office,,6,,,ok_group,empty,agree
2,SP,VIT 34,"Guinea, Republic of",,citizenship,1,13,1,13,reconciled,agree,agree
2,SP,VIT 34,"Guinea, Republic of",Ankara,office,,2,,,ok_group,empty,agree
2,SP,VIT 34,"Guinea, Republic of",Beiiing,office,,2,,,ok_group,empty,agree
2,SP,VIT 34,"Guinea, Republic of",Bucharest,office,,2,,,ok_group,empty,agree
2,SP,VIT 34,"Guinea, Republic of",Case Processing Centre Ottawa,office,,1,,,ok_group,empty,agree
2,SP,VIT 34,"Guinea, Republic of",Rabat,office,,2,,,ok_group,empty,agree
2,SP,VIT 34,"Guinea, Republic of",RROC,office,1,2,,,ok_group,agree,agree
2,SP,VIT 34,"Guinea, Republic of",Tunis,office,,2,,,ok_group,empty,agree
2,SP,VIT 34,Haiti,,citizenship,2,17,2,17,reconciled,agree,agree
2,SP,VIT 34,Haiti,Mexico City,office,2,15,,,ok_group,agree,agree
2,SP,VIT 34,Haiti,Paris,office,,1,,,ok_group,empty,agree
2,SP,VIT 34,Haiti,Tunis,office,,1,,,ok_group,empty,agree
2,SP,VIT 34,Honduras,,citizenship,,3,0,3,reconciled,empty,agree
2,SP,VIT 34,Honduras,Mexico City,office,,3,,,ok_group,empty,agree
2,SP,VIT 34,Hong Kong SAR,,citizenship,1,33,1,10,MISMATCH,agree,agree
2,SP,VIT 34,Hong Kong SAR,Beiiing,office,1,6,,,IN_FAILED_GROUP,agree,agree
2,SP,VIT 34,Hong Kong SAR,Hong Kona,office,,2,,,IN_FAILED_GROUP,empty,majority
3,SP,VIT 34,Hong Kong SAR,Operations Support Centre,office,,2,,,IN_FAILED_GROUP,empty,agree
3,SP,VIT 34,India,,citizenship,4,297,4,297,reconciled,agree,agree
3,SP,VIT 34,India,Abu Dhabi,office,,17,,,ok_group,empty,agree
3,SP,VIT 34,India,Ankara,office,,1,,,ok_group,empty,agree
3,SP,VIT 34,India,Banaalore,office,,3,,,ok_group,empty,agree
3,SP,VIT 34,India,Case Processing Centre Edmonton,office,,33,,,ok_group,empty,agree
3,SP,VIT 34,India,Case Processing Centre Ottawa,office,,76,,,ok_group,empty,agree
3,SP,VIT 34,India,CN India,office,,2,,,ok_group,empty,agree
3,SP,VIT 34,India,CN Middle East,office,1,2,,,ok_group,agree,agree
3,SP,VIT 34,India,Dakar,office,,1,,,ok_group,empty,agree
3,SP,VIT 34,India,Dar-Es-Salaam,office,,1,,,ok_group,empty,agree
3,SP,VIT 34,India,Los Angeles,office,,1,,,ok_group,empty,agree
3,SP,VIT 34,India,Manila,office,,1,,,ok_group,empty,agree
3,SP,VIT 34,India,New Delhi,office,,7,,,ok_group,empty,agree
3,SP,VIT 34,India,Operations Support Centre,office,2,117,,,ok_group,agree,agree
3,SP,VIT 34,India,Riyadh,office,1,32,,,ok_group,agree,agree
3,SP,VIT 34,India,Sydney Australia,office,,1,,,ok_group,empty,agree
3,SP,VIT 34,India,Warsaw,office,,2,,,ok_group,empty,agree
3,SP,VIT 34,Iran,,citizenship,744,7886,744,7886,reconciled,agree,agree
3,SP,VIT 34,Iran,Abu Dhabi,office,1,31,,,ok_group,agree,agree
3,SP,VIT 34,Iran,Accra,office,,1,,,ok_group,empty,agree
3,SP,VIT 34,Iran,Amman,office,1,4,,,ok_group,agree,agree
3,SP,VIT 34,Iran,Ankara,office,73,1949,,,ok_group,agree,agree
3,SP,VIT 34,Iran,Beiiing,office,,5,,,ok_group,empty,agree
3,SP,VIT 34,Iran,Boqota,office,,2,,,ok_group,empty,agree
3,SP,VIT 34,Iran,Bucharest,office,,3,,,ok_group,empty,agree
3,SP,VIT 34,Iran,Case Processing Centre Edmonton,office,,7,,,ok_group,empty,agree
3,SP,VIT 34,Iran,Case Processing Centre Ottawa,office,11,3091,,,ok_group,agree,agree
3,SP,VIT 34,Iran,CN China,office,1,1,,,ok_group,agree,agree
3,SP,VIT 34,Iran,CN India,office,,1,,,ok_group,empty,agree
3,SP,VIT 34,Iran,CN Iran,office,620,2428,,,ok_group,agree,agree
3,SP,VIT 34,Iran,CN Middle East,office,1,1,,,ok_group,agree,agree
3,SP,VIT 34,Iran,CN North Africa,office,,1,,,ok_group,empty,agree
3,SP,VIT 34,Iran,Dakar,office,,1,,,ok_group,empty,agree
3,SP,VIT 34,Iran,Hong Kona,office,,3,,,ok_group,empty,agree
3,SP,VIT 34,Iran,London Enaland,office,1,37,,,ok_group,agree,agree
3,SP,VIT 34,Iran,Los Angeles,office,,1,,,ok_group,empty,agree
3,SP,VIT 34,Iran,Manila,office,,10,,,ok_group,empty,agree
3,SP,VIT 34,Iran,Moscow,office,,2,,,ok_group,empty,agree
3,SP,VIT 34,Iran,Nairobi,office,,1,,,ok_group,empty,agree
3,SP,VIT 34,Iran,Operations Support Centre,office,,26,,,ok_group,empty,agree
3,SP,VIT 34,Iran,Paris,office,1,29,,,ok_group,agree,agree
3,SP,VIT 34,Iran,Port of Spain,office,,2,,,ok_group,empty,agree
3,SP,VIT 34,Iran,Pretoria,office,,7,,,ok_group,empty,agree
3,SP,VIT 34,Iran,Rome,office,22,148,,,ok_group,agree,agree
3,SP,VIT 34,Iran,Sao Paulo,office,,2,,,ok_group,empty,agree
3,SP,VIT 34,Iran,Seoul,office,,1,,,ok_group,empty,agree
3,SP,VIT 34,Iran,Singapore,office,2,21,,,ok_group,agree,agree
3,SP,VIT 34,Iran,Sydney Australia,office,,11,,,ok_group,empty,agree
3,SP,VIT 34,Iran,Vienna,office,8,45,,,ok_group,agree,agree
3,SP,VIT 34,Iran,Warsaw,office,2,14,,,ok_group,agree,agree
3,SP,VIT 34,Iraq,,citizenship,5,108,5,108,reconciled,agree,agree
3,SP,VIT 34,Iraq,Abu Dhabi,office,,7,,,ok_group,empty,agree
3,SP,VIT 34,Iraq,Amman,office,3,65,,,ok_group,agree,agree
3,SP,VIT 34,Iraq,Ankara,office,1,25,,,ok_group,agree,agree
3,SP,VIT 34,Iraq,Case Processing Centre Ottawa,office,,7,,,ok_group,empty,agree
3,SP,VIT 34,Iraq,Operations Support Centre,office,,2,,,ok_group,empty,agree
3,SP,VIT 34,Iraq,Rabat,office,,1,,,ok_group,empty,agree
3,SP,VIT 34,Iraq,Singapore,office,1,1,,,ok_group,agree,agree
3,SP,VIT 34,Israel,,citizenship,1,10,1,10,reconciled,agree,agree
3,SP,VIT 34,Israel,Ankara,office,,2,,,ok_group,empty,agree
3,SP,VIT 34,Israel,Boqota,office,,1,,,ok_group,empty,agree
3,SP,VIT 34,Israel,Case Processing Centre Ottawa,office,,1,,,ok_group,empty,agree
3,SP,VIT 34,Israel,Pretoria,office,,1,,,ok_group,empty,agree
3,SP,VIT 34,Israel,Tel Aviv,office,1,4,,,ok_group,agree,agree
3,SP,VIT 34,Israel,Warsaw,office,,1,,,ok_group,empty,agree
3,SP,VIT 34,Italy,,citizenship,,2,0,2,reconciled,empty,agree
3,SP,VIT 34,Italy,Operations Support Centre,office,,2,,,ok_group,empty,agree
3,SP,VIT 34,Jamaica,,citizenship,,1,0,1,reconciled,empty,agree
3,SP,VIT 34,Jamaica,Case Processing Centre Ottawa,office,,1,,,ok_group,empty,agree
3,SP,VIT 34,Japan,,citizenship,,5,0,5,reconciled,empty,agree
3,SP,VIT 34,Japan,Operations Support Centre,office,,5,,,ok_group,empty,agree
3,SP,VIT 34,Jordan,,citizenship,,448,0,448,reconciled,empty,agree
3,SP,VIT 34,Jordan,Abu Dhabi,office,,20,,,ok_group,empty,agree
3,SP,VIT 34,Jordan,Amman,office,,333,,,ok_group,empty,agree
3,SP,VIT 34,Jordan,Ankara,office,,63,,,ok_group,empty,agree
3,SP,VIT 34,Jordan,Beirut,office,,1,,,ok_group,empty,agree
3,SP,VIT 34,Jordan,Case Processing Centre Ottawa,office,,8,,,ok_group,empty,agree
3,SP,VIT 34,Jordan,Los Angeles,office,,1,,,ok_group,empty,agree
3,SP,VIT 34,Jordan,Riyadh,office,,18,,,ok_group,empty,agree
3,SP,VIT 34,Jordan,Sydney Australia,office,,1,,,ok_group,empty,agree
3,SP,VIT 34,Jordan,Tel Aviv,office,,3,,,ok_group,empty,agree
3,SP,VIT 34,Kazakhstan,,citizenship,,6,0,6,reconciled,empty,agree
3,SP,VIT 34,Kazakhstan,Amman,office,,2,,,ok_group,empty,agree
3,SP,VIT 34,Kazakhstan,London Enaland,office,,1,,,ok_group,empty,agree
3,SP,VIT 34,Kazakhstan,Moscow,office,,1,,,ok_group,empty,agree
3,SP,VIT 34,Kazakhstan,Warsaw,office,,2,,,ok_group,empty,agree
3,SP,VIT 34,Kenya,,citizenship,1,8,1,8,reconciled,agree,agree
3,SP,VIT 34,Kenya,Abu Dhabi,office,,1,,,ok_group,empty,agree
3,SP,VIT 34,Kenya,Ankara,office,,1,,,ok_group,empty,agree
3,SP,VIT 34,Kenya,Case Processing Centre Ottawa,office,,1,,,ok_group,empty,agree
3,SP,VIT 34,Kenya,Nairobi,office,1,4,,,ok_group,agree,agree
3,SP,VIT 34,Kenya,RROC,office,,1,,,ok_group,empty,agree
3,SP,VIT 34,"Korea, Republic of",,citizenship,,9,0,9,reconciled,empty,agree
3,SP,VIT 34,"Korea, Republic of",Case Processing Centre Ottawa,office,,2,,,ok_group,empty,agree
3,SP,VIT 34,"Korea, Republic of",Operations Support Centre,office,,7,,,ok_group,empty,agree
3,SP,VIT 34,"Kosovo, Republic of",,citizenship,,1,0,1,reconciled,empty,agree
3,SP,VIT 34,"Kosovo, Republic of",Ankara,office,,1,,,ok_group,empty,agree
3,SP,VIT 34,Kuwait,,citizenship,,3,0,3,reconciled,empty,agree
3,SP,VIT 34,Kuwait,Abu Dhabi,office,,2,,,ok_group,empty,agree
3,SP,VIT 34,Kuwait,London Enaland,office,,1,,,ok_group,empty,agree
3,SP,VIT 34,Lebanon,,citizenship,2,208,2,208,reconciled,agree,agree
3,SP,VIT 34,Lebanon,Abu Dhabi,office,,14,,,ok_group,empty,agree
3,SP,VIT 34,Lebanon,Ankara,office,,81,,,ok_group,empty,agree
3,SP,VIT 34,Lebanon,Beirut,office,2,87,,,ok_group,agree,agree
3,SP,VIT 34,Lebanon,Case Processing Centre Ottawa,office,,5,,,ok_group,empty,agree
3,SP,VIT 34,Lebanon,Matching Centre,office,,2,,,ok_group,empty,agree
3,SP,VIT 34,Lebanon,Paris,office,,8,,,ok_group,empty,agree
4,SP,VIT 34,Lebanon,Pretoria,office,,1,,,ok_group,empty,agree
4,SP,VIT 34,Lebanon,Riyadh,office,,8,,,ok_group,empty,agree
4,SP,VIT 34,Lebanon,Sao Paulo,office,,1,,,ok_group,empty,agree
4,SP,VIT 34,Lebanon,Sydney Australia,office,,1,,,ok_group,empty,agree
4,SP,VIT 34,Liberia,,citizenship,,2,0,2,reconciled,empty,agree
4,SP,VIT 34,Liberia,Ankara,office,,1,,,ok_group,empty,agree
4,SP,VIT 34,Liberia,Rome,office,,1,,,ok_group,empty,agree
4,SP,VIT 34,Libya,,citizenship,1,139,1,139,reconciled,agree,agree
4,SP,VIT 34,Libya,Abu Dhabi,office,,3,,,ok_group,empty,agree
4,SP,VIT 34,Libya,Amman,office,,1,,,ok_group,empty,agree
4,SP,VIT 34,Libya,Ankara,office,,2,,,ok_group,empty,agree
4,SP,VIT 34,Libya,Cairo,office,,2,,,ok_group,empty,agree
4,SP,VIT 34,Libya,Case Processing Centre Ottawa,office,,2,,,ok_group,empty,agree
4,SP,VIT 34,Libya,Paris,office,,1,,,ok_group,empty,agree
4,SP,VIT 34,Libya,Pretoria,office,,2,,,ok_group,empty,agree
4,SP,VIT 34,Libya,Rabat,office,1,1,,,ok_group,agree,agree
4,SP,VIT 34,Libya,Singapore,office,,2,,,ok_group,empty,agree
4,SP,VIT 34,Libya,Tunis,office,,123,,,ok_group,empty,agree
4,SP,VIT 34,Macao SAR,,citizenship,,1,0,1,reconciled,empty,agree
4,SP,VIT 34,Macao SAR,Beiiing,office,,1,,,ok_group,empty,agree
4,SP,VIT 34,Madaaascar,,citizenship,,2,0,2,reconciled,empty,agree
4,SP,VIT 34,Madaaascar,Pretoria,office,,2,,,ok_group,empty,agree
4,SP,VIT 34,"Mali, Republic of",,citizenship,1,1,1,1,reconciled,agree,agree
4,SP,VIT 34,"Mali, Republic of",Dakar,office,1,1,,,ok_group,agree,agree
4,SP,VIT 34,Mauritania,,citizenship,,5,0,5,reconciled,empty,agree
4,SP,VIT 34,Mauritania,Dakar,office,,1,,,ok_group,empty,agree
4,SP,VIT 34,Mauritania,Paris,office,,4,,,ok_group,empty,agree
4,SP,VIT 34,Mauritius,,citizenship,1,4,1,4,reconciled,agree,agree
4,SP,VIT 34,Mauritius,Pretoria,office,1,4,,,ok_group,agree,agree
4,SP,VIT 34,Mexico,,citizenship,,11,0,11,reconciled,empty,agree
4,SP,VIT 34,Mexico,Beirut,office,,1,,,ok_group,empty,agree
4,SP,VIT 34,Mexico,Case Processing Centre Ottawa,office,,1,,,ok_group,empty,agree
4,SP,VIT 34,Mexico,CN Americas,office,,1,,,ok_group,empty,agree
4,SP,VIT 34,Mexico,Mexico City,office,,8,,,ok_group,empty,agree
4,SP,VIT 34,"Mongolia, People's Republic of",,citizenship,,3,0,3,reconciled,empty,agree
4,SP,VIT 34,"Mongolia, People's Republic of",Case Processing Centre Ottawa,office,,1,,,ok_group,empty,agree
4,SP,VIT 34,"Mongolia, People's Republic of",Hong Kona,office,,2,,,ok_group,empty,agree
4,SP,VIT 34,Morocco,,citizenship,,57,0,57,reconciled,empty,majority
4,SP,VIT 34,Morocco,Abu Dhabi,office,,2,,,ok_group,empty,agree
4,SP,VIT 34,Morocco,Guanadzhou,office,,1,,,ok_group,empty,agree
4,SP,VIT 34,Morocco,Operations Support Centre,office,,1,,,ok_group,empty,agree
4,SP,VIT 34,Morocco,Paris,office,,1,,,ok_group,empty,agree
4,SP,VIT 34,Morocco,Rabat,office,,51,,,ok_group,empty,majority
4,SP,VIT 34,Morocco,Vienna,office,,1,,,ok_group,empty,agree
4,SP,VIT 34,Myanmar (Burma),,citizenship,,1,0,1,reconciled,empty,agree
4,SP,VIT 34,Myanmar (Burma),Ho Chi Minh City Vietnam,office,,1,,,ok_group,empty,agree
4,SP,VIT 34,Nepal,,citizenship,,7,0,7,reconciled,empty,agree
4,SP,VIT 34,Nepal,Case Processing Centre Ottawa,office,,6,,,ok_group,empty,agree
4,SP,VIT 34,Nepal,Operations Support Centre,office,,1,,,ok_group,empty,agree
4,SP,VIT 34,Nicaraqua,,citizenship,,1,0,1,reconciled,empty,agree
4,SP,VIT 34,Nicaraqua,Mexico City,office,,1,,,ok_group,empty,agree
4,SP,VIT 34,Nigeria,,citizenship,300,122,30,122,MISMATCH,majority,agree
4,SP,VIT 34,Nigeria,Abu Dhabi,office,,1,,,IN_FAILED_GROUP,empty,agree
4,SP,VIT 34,Nigeria,Accra,office,,1,,,IN_FAILED_GROUP,empty,agree
4,SP,VIT 34,Nigeria,Ankara,office,,3,,,IN_FAILED_GROUP,empty,agree
4,SP,VIT 34,Nigeria,Beiiing,office,2,7,,,IN_FAILED_GROUP,agree,agree
4,SP,VIT 34,Nigeria,Case Processing Centre Ottawa,office,1,10,,,IN_FAILED_GROUP,agree,agree
4,SP,VIT 34,Nigeria,London Enaland,office,,1,,,IN_FAILED_GROUP,empty,agree
4,SP,VIT 34,Nigeria,Nairobi,office,,24,,,IN_FAILED_GROUP,empty,agree
4,SP,VIT 34,Nigeria,New York,office,,1,,,IN_FAILED_GROUP,empty,agree
4,SP,VIT 34,Nigeria,Operations Support Centre,office,,1,,,IN_FAILED_GROUP,empty,agree
4,SP,VIT 34,Nigeria,Pretoria,office,1,2,,,IN_FAILED_GROUP,agree,agree
4,SP,VIT 34,Nigeria,Riyadh,office,,2,,,IN_FAILED_GROUP,empty,agree
4,SP,VIT 34,Nigeria,RROC,office,26,65,,,IN_FAILED_GROUP,agree,agree
4,SP,VIT 34,Nigeria,Sao Paulo,office,,2,,,IN_FAILED_GROUP,empty,agree
4,SP,VIT 34,Nigeria,Shanghai,office,,1,,,IN_FAILED_GROUP,empty,agree
4,SP,VIT 34,Nigeria,Warsaw,office,,1,,,IN_FAILED_GROUP,empty,agree
4,SP,VIT 34,Oman,,citizenship,,3,0,3,reconciled,empty,agree
4,SP,VIT 34,Oman,Abu Dhabi,office,,2,,,ok_group,empty,agree
4,SP,VIT 34,Oman,Case Processing Centre Ottawa,office,,1,,,ok_group,empty,agree
4,SP,VIT 34,Pakistan,,citizenship,70,902,70,902,reconciled,agree,agree
4,SP,VIT 34,Pakistan,Abu Dhabi,office,16,517,,,ok_group,agree,agree
4,SP,VIT 34,Pakistan,Amman,office,,1,,,ok_group,empty,agree
4,SP,VIT 34,Pakistan,Ankara,office,2,13,,,ok_group,agree,agree
4,SP,VIT 34,Pakistan,Beiiing,office,5,13,,,ok_group,agree,agree
4,SP,VIT 34,Pakistan,Case Processing Centre Ottawa,office,3,38,,,ok_group,agree,agree
4,SP,VIT 34,Pakistan,CN Iran,office,1,1,,,ok_group,agree,agree
4,SP,VIT 34,Pakistan,CN Middle East,office,35,49,,,ok_group,agree,agree
4,SP,VIT 34,Pakistan,Dar-Es-Salaam,office,,2,,,ok_group,empty,agree
4,SP,VIT 34,Pakistan,Hong Kona,office,,1,,,ok_group,empty,agree
4,SP,VIT 34,Pakistan,Islamabad,office,,5,,,ok_group,empty,agree
4,SP,VIT 34,Pakistan,London Enaland,office,1,6,,,ok_group,agree,agree
4,SP,VIT 34,Pakistan,Los Angeles,office,,1,,,ok_group,empty,agree
4,SP,VIT 34,Pakistan,Manila,office,1,8,,,ok_group,agree,agree
4,SP,VIT 34,Pakistan,Nairobi,office,,1,,,ok_group,empty,agree
4,SP,VIT 34,Pakistan,Operations Support Centre,office,1,43,,,ok_group,agree,agree
4,SP,VIT 34,Pakistan,Paris,office,,7,,,ok_group,empty,agree
4,SP,VIT 34,Pakistan,Riyadh,office,,39,,,ok_group,empty,agree
4,SP,VIT 34,Pakistan,Rome,office,1,5,,,ok_group,agree,agree
4,SP,VIT 34,Pakistan,Shanghai,office,,1,,,ok_group,empty,agree
4,SP,VIT 34,Pakistan,Singapore,office,2,2,,,ok_group,agree,agree
4,SP,VIT 34,Pakistan,Sydney Australia,office,,21,,,ok_group,empty,agree
4,SP,VIT 34,Pakistan,Vienna,office,2,5,,,ok_group,agree,agree
4,SP,VIT 34,Pakistan,Warsaw,office,,123,,,ok_group,empty,agree
4,SP,VIT 34,Palestinian Authority (Gaza/West Bank),,citizenship,59,204,59,204,reconciled,agree,agree
4,SP,VIT 34,Palestinian Authority (Gaza/West Bank),Abu Dhabi,office,,8,,,ok_group,empty,agree
4,SP,VIT 34,Palestinian Authority (Gaza/West Bank),Amman,office,21,84,,,ok_group,agree,agree
4,SP,VIT 34,Palestinian Authority (Gaza/West Bank),Ankara,office,1,34,,,ok_group,agree,agree
4,SP,VIT 34,Palestinian Authority (Gaza/West Bank),Cairo,office,34,51,,,ok_group,agree,majority
4,SP,VIT 34,Palestinian Authority (Gaza/West Bank),Case Processing Centre Edmonton,office,1,1,,,ok_group,agree,agree
4,SP,VIT 34,Palestinian Authority (Gaza/West Bank),Case Processing Centre Ottawa,office,,5,,,ok_group,empty,agree
4,SP,VIT 34,Palestinian Authority (Gaza/West Bank),Jakarta,office,1,1,,,ok_group,agree,agree
4,SP,VIT 34,Palestinian Authority (Gaza/West Bank),London Enaland,office,1,1,,,ok_group,agree,agree
4,SP,VIT 34,Palestinian Authority (Gaza/West Bank),Paris,office,,1,,,ok_group,empty,agree
4,SP,VIT 34,Palestinian Authority (Gaza/West Bank),Riyadh,office,,14,,,ok_group,empty,agree
4,SP,VIT 34,Palestinian Authority (Gaza/West Bank),Tel Aviv,office,,1,,,ok_group,empty,agree
4,SP,VIT 34,Palestinian Authority (Gaza/West Bank),Vienna,office,,3,,,ok_group,empty,agree
4,SP,VIT 34,"Panama, Republic of",,citizenship,,310,0,3,MISMATCH,empty,majority
5,SP,VIT 34,"Panama, Republic of",Boqota,office,,1,,,IN_FAILED_GROUP,empty,agree
5,SP,VIT 34,"Panama, Republic of",Mexico City,office,,2,,,IN_FAILED_GROUP,empty,agree
5,SP,VIT 34,Peoples Republic of Benin,,citizenship,,9,0,9,reconciled,empty,agree
5,SP,VIT 34,Peoples Republic of Benin,Accra,office,,5,,,ok_group,empty,agree
5,SP,VIT 34,Peoples Republic of Benin,Ankara,office,,1,,,ok_group,empty,agree
5,SP,VIT 34,Peoples Republic of Benin,Beiiing,office,,1,,,ok_group,empty,agree
5,SP,VIT 34,Peoples Republic of Benin,Tunis,office,,2,,,ok_group,empty,agree
5,SP,VIT 34,People's Republic of China,,citizenship,797,5364,797,5364,reconciled,agree,majority
5,SP,VIT 34,People's Republic of China,Abu Dhabi,office,,1,,,ok_group,empty,agree
5,SP,VIT 34,People's Republic of China,Ankara,office,,2,,,ok_group,empty,agree
5,SP,VIT 34,People's Republic of China,Beiiing,office,734,4064,,,ok_group,agree,agree
5,SP,VIT 34,People's Republic of China,Boqota,office,,1,,,ok_group,empty,agree
5,SP,VIT 34,People's Republic of China,Cairo,office,,1,,,ok_group,empty,agree
5,SP,VIT 34,People's Republic of China,Case Processing Centre Edmonton,office,,42,,,ok_group,empty,agree
5,SP,VIT 34,People's Republic of China,Case Processing Centre Ottawa,office,14,736,,,ok_group,agree,agree
5,SP,VIT 34,People's Republic of China,Case Review Citizenship And Immiar,office,,1,,,ok_group,empty,agree
5,SP,VIT 34,People's Republic of China,CN China,office,36,153,,,ok_group,agree,agree
5,SP,VIT 34,People's Republic of China,CN India,office,,2,,,ok_group,empty,agree
5,SP,VIT 34,People's Republic of China,Guanadzhou,office,,27,,,ok_group,empty,agree
5,SP,VIT 34,People's Republic of China,Ho Chi Minh City Vietnam,office,,1,,,ok_group,empty,agree
5,SP,VIT 34,People's Republic of China,Hong Kona,office,,17,,,ok_group,empty,agree
5,SP,VIT 34,People's Republic of China,Jakarta,office,1,1,,,ok_group,agree,agree
5,SP,VIT 34,People's Republic of China,Lima,office,,1,,,ok_group,empty,agree
5,SP,VIT 34,People's Republic of China,London Enaland,office,,35,,,ok_group,empty,agree
5,SP,VIT 34,People's Republic of China,Manila,office,,5,,,ok_group,empty,agree
5,SP,VIT 34,People's Republic of China,Mexico City,office,,1,,,ok_group,empty,agree
5,SP,VIT 34,People's Republic of China,Nairobi,office,,3,,,ok_group,empty,agree
5,SP,VIT 34,People's Republic of China,New York,office,,5,,,ok_group,empty,agree
5,SP,VIT 34,People's Republic of China,Operations Support Centre,office,,83,,,ok_group,empty,agree
5,SP,VIT 34,People's Republic of China,Ottawa IR,office,,1,,,ok_group,empty,agree
5,SP,VIT 34,People's Republic of China,Paris,office,1,7,,,ok_group,agree,agree
5,SP,VIT 34,People's Republic of China,Pretoria,office,,4,,,ok_group,empty,agree
5,SP,VIT 34,People's Republic of China,Riyadh,office,,2,,,ok_group,empty,agree
5,SP,VIT 34,People's Republic of China,Rome,office,1,2,,,ok_group,agree,agree
5,SP,VIT 34,People's Republic of China,RROC,office,,1,,,ok_group,empty,agree
5,SP,VIT 34,People's Republic of China,Sao Paulo,office,,2,,,ok_group,empty,agree
5,SP,VIT 34,People's Republic of China,Shanghai,office,,88,,,ok_group,empty,agree
5,SP,VIT 34,People's Republic of China,Singapore,office,,11,,,ok_group,empty,agree
5,SP,VIT 34,People's Republic of China,Sydney Australia,office,6,46,,,ok_group,agree,agree
5,SP,VIT 34,People's Republic of China,Vienna,office,4,16,,,ok_group,agree,agree
5,SP,VIT 34,People's Republic of China,Warsaw,office,,2,,,ok_group,empty,agree
5,SP,VIT 34,Peru,,citizenship,,3,0,3,reconciled,empty,agree
5,SP,VIT 34,Peru,Case Processing Centre Ottawa,office,,1,,,ok_group,empty,agree
5,SP,VIT 34,Peru,Lima,office,,2,,,ok_group,empty,agree
5,SP,VIT 34,Philippines,,citizenship,1,20,1,20,reconciled,agree,agree
5,SP,VIT 34,Philippines,Abu Dhabi,office,,1,,,ok_group,empty,agree
5,SP,VIT 34,Philippines,Calgary Citizenship and Immiaration,office,,1,,,ok_group,empty,agree
5,SP,VIT 34,Philippines,Case Processing Centre Edmonton,office,,1,,,ok_group,empty,agree
5,SP,VIT 34,Philippines,CN South Asia,office,,1,,,ok_group,empty,agree
5,SP,VIT 34,Philippines,Manila,office,1,6,,,ok_group,agree,agree
5,SP,VIT 34,Philippines,Operations Support Centre,office,,1,,,ok_group,empty,agree
5,SP,VIT 34,Philippines,Paris,office,,1,,,ok_group,empty,agree
5,SP,VIT 34,Philippines,Riyadh,office,,5,,,ok_group,empty,agree
5,SP,VIT 34,Philippines,Tunis,office,,2,,,ok_group,empty,agree
5,SP,VIT 34,Philippines,Whitehorse IRCC,office,,1,,,ok_group,empty,agree
5,SP,VIT 34,Poland,,citizenship,,1,0,1,reconciled,empty,agree
5,SP,VIT 34,Poland,Operations Support Centre,office,,1,,,ok_group,empty,agree
5,SP,VIT 34,Oatar,,citizenship,,3,0,3,reconciled,empty,agree
5,SP,VIT 34,Oatar,Abu Dhabi,office,,3,,,ok_group,empty,agree
5,SP,VIT 34,Republic of Diibouti,,citizenship,,1,0,1,reconciled,empty,agree
5,SP,VIT 34,Republic of Diibouti,Ankara,office,,1,,,ok_group,empty,agree
5,SP,VIT 34,Republic of Indonesia,,citizenship,1,3,1,3,reconciled,agree,agree
5,SP,VIT 34,Republic of Indonesia,Ankara,office,,1,,,ok_group,empty,agree
5,SP,VIT 34,Republic of Indonesia,Jakarta,office,1,2,,,ok_group,agree,agree
5,SP,VIT 34,Republic of Ireland,,citizenship,,2,0,2,reconciled,empty,agree
5,SP,VIT 34,Republic of Ireland,Ankara,office,,2,,,ok_group,empty,agree
5,SP,VIT 34,Republic of Ivory Coast,,citizenship,,17,0,17,reconciled,empty,agree
5,SP,VIT 34,Republic of Ivory Coast,Case Processing Centre Ottawa,office,,1,,,ok_group,empty,agree
5,SP,VIT 34,Republic of Ivory Coast,Dakar,office,,5,,,ok_group,empty,agree
5,SP,VIT 34,Republic of Ivory Coast,Paris,office,,4,,,ok_group,empty,agree
5,SP,VIT 34,Republic of Ivory Coast,RROC,office,,6,,,ok_group,empty,agree
5,SP,VIT 34,Republic of Ivory Coast,Warsaw,office,,1,,,ok_group,empty,agree
5,SP,VIT 34,Republic of South Africa,,citizenship,1,4,1,4,reconciled,agree,agree
5,SP,VIT 34,Republic of South Africa,Pretoria,office,1,4,,,ok_group,agree,agree
5,SP,VIT 34,Republic of the Niger,,citizenship,,9,0,9,reconciled,empty,agree
5,SP,VIT 34,Republic of the Niger,Ankara,office,,2,,,ok_group,empty,agree
5,SP,VIT 34,Republic of the Niger,Paris,office,,6,,,ok_group,empty,agree
5,SP,VIT 34,Republic of the Niger,Tunis,office,,1,,,ok_group,empty,agree
5,SP,VIT 34,Romania,,citizenship,,1,0,1,reconciled,empty,agree
5,SP,VIT 34,Romania,Bucharest,office,,1,,,ok_group,empty,agree
5,SP,VIT 34,Russia,,citizenship,12,125,12,125,reconciled,agree,agree
5,SP,VIT 34,Russia,Abu Dhabi,office,,2,,,ok_group,empty,agree
5,SP,VIT 34,Russia,Ankara,office,,6,,,ok_group,empty,agree
5,SP,VIT 34,Russia,Beiiing,office,,3,,,ok_group,empty,agree
5,SP,VIT 34,Russia,Buenos Aires,office,,1,,,ok_group,empty,agree
5,SP,VIT 34,Russia,Case Processing Centre Ottawa,office,1,8,,,ok_group,agree,agree
5,SP,VIT 34,Russia,Ho Chi Minh City Vietnam,office,,1,,,ok_group,empty,agree
5,SP,VIT 34,Russia,London Enaland,office,,3,,,ok_group,empty,agree
5,SP,VIT 34,Russia,Moscow,office,,11,,,ok_group,empty,agree
5,SP,VIT 34,Russia,New York,office,,1,,,ok_group,empty,agree
5,SP,VIT 34,Russia,Riyadh,office,,1,,,ok_group,empty,agree
5,SP,VIT 34,Russia,Rome,office,,1,,,ok_group,empty,agree
5,SP,VIT 34,Russia,Singapore,office,1,1,,,ok_group,agree,agree
5,SP,VIT 34,Russia,Vienna,office,1,14,,,ok_group,agree,agree
5,SP,VIT 34,Russia,Warsaw,office,9,72,,,ok_group,agree,agree
5,SP,VIT 34,Rwanda,,citizenship,,9,0,9,reconciled,empty,agree
5,SP,VIT 34,Rwanda,Beiiing,office,,2,,,ok_group,empty,agree
5,SP,VIT 34,Rwanda,Case Processing Centre Ottawa,office,,1,,,ok_group,empty,agree
5,SP,VIT 34,Rwanda,Dar-Es-Salaam,office,,4,,,ok_group,empty,agree
5,SP,VIT 34,Rwanda,Guanadzhou,office,,1,,,ok_group,empty,agree
5,SP,VIT 34,Rwanda,Sydney Australia,office,,1,,,ok_group,empty,agree
5,SP,VIT 34,Saudi Arabia,,citizenship,1,45,1,45,reconciled,agree,agree
5,SP,VIT 34,Saudi Arabia,Abu Dhabi,office,,1,,,ok_group,empty,agree
5,SP,VIT 34,Saudi Arabia,Beirut,office,,1,,,ok_group,empty,agree
5,SP,VIT 34,Saudi Arabia,Boqota,office,,1,,,ok_group,empty,agree
5,SP,VIT 34,Saudi Arabia,Case Processing Centre Edmonton,office,,1,,,ok_group,empty,agree
5,SP,VIT 34,Saudi Arabia,Case Processing Centre Ottawa,office,,4,,,ok_group,empty,agree
5,SP,VIT 34,Saudi Arabia,London Enqland,office,,1,,,ok_group,empty,agree
6,SP,VIT 34,Saudi Arabia,Riyadh,office,1,35,,,ok_group,agree,agree
6,SP,VIT 34,Saudi Arabia,Shanghai,office,,1,,,ok_group,empty,agree
6,SP,VIT 34,Senegal,,citizenship,,8,0,8,reconciled,empty,agree
6,SP,VIT 34,Senegal,Beiiing,office,,1,,,ok_group,empty,agree
6,SP,VIT 34,Senegal,Dakar,office,,1,,,ok_group,empty,agree
6,SP,VIT 34,Senegal,Paris,office,,2,,,ok_group,empty,agree
6,SP,VIT 34,Senegal,Rabat,office,,1,,,ok_group,empty,agree
6,SP,VIT 34,Senegal,RROC,office,,2,,,ok_group,empty,agree
6,SP,VIT 34,Senegal,Tunis,office,,1,,,ok_group,empty,agree
6,SP,VIT 34,Sierra Leone,,citizenship,,1,0,1,reconciled,empty,agree
6,SP,VIT 34,Sierra Leone,Accra,office,,1,,,ok_group,empty,agree
6,SP,VIT 34,Socialist Republic of Vietnam,,citizenship,4,10,4,10,reconciled,agree,agree
6,SP,VIT 34,Socialist Republic of Vietnam,Case Processing Centre Edmonton,office,,1,,,ok_group,empty,agree
6,SP,VIT 34,Socialist Republic of Vietnam,Case Processing Centre Ottawa,office,,1,,,ok_group,empty,agree
6,SP,VIT 34,Socialist Republic of Vietnam,CN Middle East,office,1,1,,,ok_group,agree,agree
6,SP,VIT 34,Socialist Republic of Vietnam,Ho Chi Minh City Vietnam,office,3,5,,,ok_group,agree,agree
6,SP,VIT 34,Socialist Republic of Vietnam,Operations Support Centre,office,,2,,,ok_group,empty,agree
6,SP,VIT 34,"Somalia, Democratic Republic of",,citizenship,1,4,1,4,reconciled,agree,agree
6,SP,VIT 34,"Somalia, Democratic Republic of",Case Processing Centre Ottawa,office,,1,,,ok_group,empty,agree
6,SP,VIT 34,"Somalia, Democratic Republic of",London Enaland,office,1,1,,,ok_group,agree,agree
6,SP,VIT 34,"Somalia, Democratic Republic of",Nairobi,office,,1,,,ok_group,empty,agree
6,SP,VIT 34,"Somalia, Democratic Republic of",Pretoria,office,,1,,,ok_group,empty,agree
6,SP,VIT 34,Spain,,citizenship,,1,0,1,reconciled,empty,agree
6,SP,VIT 34,Spain,Operations Support Centre,office,,1,,,ok_group,empty,agree
6,SP,VIT 34,Sri Lanka,,citizenship,,6,0,6,reconciled,empty,agree
6,SP,VIT 34,Sri Lanka,Case Processing Centre Ottawa,office,,1,,,ok_group,empty,agree
6,SP,VIT 34,Sri Lanka,Colombo,office,,3,,,ok_group,empty,agree
6,SP,VIT 34,Sri Lanka,Pretoria,office,,1,,,ok_group,empty,agree
6,SP,VIT 34,Sri Lanka,Vienna,office,,1,,,ok_group,empty,agree
6,SP,VIT 34,St. Kitts-Nevis,,citizenship,,5,0,5,reconciled,empty,agree
6,SP,VIT 34,St. Kitts-Nevis,Abu Dhabi,office,,2,,,ok_group,empty,agree
6,SP,VIT 34,St. Kitts-Nevis,Ankara,office,,2,,,ok_group,empty,agree
6,SP,VIT 34,St. Kitts-Nevis,Case Processing Centre Ottawa,office,,1,,,ok_group,empty,agree
6,SP,VIT 34,St. Lucia,,citizenship,,1,0,1,reconciled,empty,agree
6,SP,VIT 34,St. Lucia,Case Processing Centre Ottawa,office,,1,,,ok_group,empty,agree
6,SP,VIT 34,Stateless,,citizenship,1,45,1,45,reconciled,agree,agree
6,SP,VIT 34,Stateless,Abu Dhabi,office,1,17,,,ok_group,agree,agree
6,SP,VIT 34,Stateless,Ankara,office,,11,,,ok_group,empty,agree
6,SP,VIT 34,Stateless,Beirut,office,,13,,,ok_group,empty,agree
6,SP,VIT 34,Stateless,London Enaland,office,,1,,,ok_group,empty,agree
6,SP,VIT 34,Stateless,Operations Support Centre,office,,1,,,ok_group,empty,agree
6,SP,VIT 34,Stateless,Riyadh,office,,2,,,ok_group,empty,agree
6,SP,VIT 34,Syria,,citizenship,2,80,2,80,reconciled,agree,agree
6,SP,VIT 34,Syria,Abu Dhabi,office,1,20,,,ok_group,agree,agree
6,SP,VIT 34,Syria,Amman,office,,10,,,ok_group,empty,agree
6,SP,VIT 34,Syria,Ankara,office,,17,,,ok_group,empty,agree
6,SP,VIT 34,Syria,Beirut,office,,7,,,ok_group,empty,agree
6,SP,VIT 34,Syria,Cairo,office,1,2,,,ok_group,agree,agree
6,SP,VIT 34,Syria,Case Processing Centre Ottawa,office,,4,,,ok_group,empty,agree
6,SP,VIT 34,Syria,London Enaland,office,,1,,,ok_group,empty,agree
6,SP,VIT 34,Syria,Los Angeles,office,,1,,,ok_group,empty,agree
6,SP,VIT 34,Syria,Manila,office,,1,,,ok_group,empty,agree
6,SP,VIT 34,Syria,Paris,office,,1,,,ok_group,empty,agree
6,SP,VIT 34,Syria,Port of Spain,office,,1,,,ok_group,empty,agree
6,SP,VIT 34,Syria,Riyadh,office,,10,,,ok_group,empty,agree
6,SP,VIT 34,Syria,Singapore,office,,1,,,ok_group,empty,agree
6,SP,VIT 34,Syria,Sydney Australia,office,,1,,,ok_group,empty,agree
6,SP,VIT 34,Syria,Vienna,office,,2,,,ok_group,empty,agree
6,SP,VIT 34,Syria,Warsaw,office,,1,,,ok_group,empty,agree
6,SP,VIT 34,Tadiikistan,,citizenship,,4,0,4,reconciled,empty,agree
6,SP,VIT 34,Tadiikistan,Abu Dhabi,office,,1,,,ok_group,empty,agree
6,SP,VIT 34,Tadiikistan,Warsaw,office,,3,,,ok_group,empty,agree
6,SP,VIT 34,Taiwan,,citizenship,3,12,3,12,reconciled,agree,agree
6,SP,VIT 34,Taiwan,Ankara,office,,1,,,ok_group,empty,agree
6,SP,VIT 34,Taiwan,Beiiing,office,1,1,,,ok_group,agree,agree
6,SP,VIT 34,Taiwan,Case Processing Centre Ottawa,office,,5,,,ok_group,empty,agree
6,SP,VIT 34,Taiwan,Manila,office,,1,,,ok_group,empty,agree
6,SP,VIT 34,Taiwan,Operations Support Centre,office,2,4,,,ok_group,agree,agree
6,SP,VIT 34,"Togo, Republic of",,citizenship,,5,0,5,reconciled,empty,agree
6,SP,VIT 34,"Togo, Republic of",Accra,office,,2,,,ok_group,empty,agree
6,SP,VIT 34,"Togo, Republic of",Ankara,office,,1,,,ok_group,empty,agree
6,SP,VIT 34,"Togo, Republic of",Paris,office,,1,,,ok_group,empty,agree
6,SP,VIT 34,"Togo, Republic of",Warsaw,office,,1,,,ok_group,empty,agree
6,SP,VIT 34,"Trinidad and Tobago, Republic of",,citizenship,,1,0,1,reconciled,empty,agree
6,SP,VIT 34,"Trinidad and Tobago, Republic of",Port of Spain,office,,1,,,ok_group,empty,agree
6,SP,VIT 34,Tunisia,,citizenship,2,567,2,567,reconciled,agree,agree
6,SP,VIT 34,Tunisia,Abu Dhabi,office,,8,,,ok_group,empty,agree
6,SP,VIT 34,Tunisia,Amman,office,,1,,,ok_group,empty,agree
6,SP,VIT 34,Tunisia,Ankara,office,,1,,,ok_group,empty,agree
6,SP,VIT 34,Tunisia,Bucharest,office,,26,,,ok_group,empty,agree
6,SP,VIT 34,Tunisia,Case Processing Centre Edmonton,office,,2,,,ok_group,empty,agree
6,SP,VIT 34,Tunisia,Case Processing Centre Ottawa,office,,6,,,ok_group,empty,agree
6,SP,VIT 34,Tunisia,Los Angeles,office,,1,,,ok_group,empty,agree
6,SP,VIT 34,Tunisia,New York,office,,2,,,ok_group,empty,agree
6,SP,VIT 34,Tunisia,Paris,office,2,5,,,ok_group,agree,agree
6,SP,VIT 34,Tunisia,Riyadh,office,,1,,,ok_group,empty,agree
6,SP,VIT 34,Tunisia,Tunis,office,,511,,,ok_group,empty,majority
6,SP,VIT 34,Tunisia,Vienna,office,,3,,,ok_group,empty,agree
6,SP,VIT 34,Turkey,,citizenship,,39,0,39,reconciled,empty,agree
6,SP,VIT 34,Turkey,Abu Dhabi,office,,1,,,ok_group,empty,agree
6,SP,VIT 34,Turkey,Ankara,office,,28,,,ok_group,empty,agree
6,SP,VIT 34,Turkey,Case Processing Centre Ottawa,office,,1,,,ok_group,empty,agree
6,SP,VIT 34,Turkey,London Enaland,office,,1,,,ok_group,empty,agree
6,SP,VIT 34,Turkey,Matching Centre,office,,2,,,ok_group,empty,agree
6,SP,VIT 34,Turkey,Mexico City,office,,1,,,ok_group,empty,agree
6,SP,VIT 34,Turkey,Nairobi,office,,1,,,ok_group,empty,agree
6,SP,VIT 34,Turkey,Riyadh,office,,1,,,ok_group,empty,agree
6,SP,VIT 34,Turkey,Sydney Australia,office,,1,,,ok_group,empty,agree
6,SP,VIT 34,Turkey,Vienna,office,,1,,,ok_group,empty,agree
6,SP,VIT 34,Turkey,Warsaw,office,,1,,,ok_group,empty,agree
6,SP,VIT 34,Turkmenistan,,citizenship,,4,0,4,reconciled,empty,agree
6,SP,VIT 34,Turkmenistan,Ankara,office,,1,,,ok_group,empty,agree
6,SP,VIT 34,Turkmenistan,Moscow,office,,1,,,ok_group,empty,agree
6,SP,VIT 34,Turkmenistan,Pretoria,office,,1,,,ok_group,empty,agree
6,SP,VIT 34,Turkmenistan,Singapore,office,,1,,,ok_group,empty,agree
6,SP,VIT 34,Uganda,,citizenship,2,3,2,201,MISMATCH,agree,agree
6,SP,VIT 34,Uganda,Case Processing Centre Ottawa,office,,1,,,IN_FAILED_GROUP,empty,agree
6,SP,VIT 34,Uganda,Nairobi,office,2,200,,,IN_FAILED_GROUP,agree,majority
7,SP,VIT 34,Ukraine,,citizenship,1,8,1,8,reconciled,agree,agree
7,SP,VIT 34,Ukraine,Ankara,office,,1,,,ok_group,empty,agree
7,SP,VIT 34,Ukraine,Case Processing Centre Ottawa,office,,5,,,ok_group,empty,agree
7,SP,VIT 34,Ukraine,CN Middle East,office,1,1,,,ok_group,agree,agree
7,SP,VIT 34,Ukraine,Kyiv,office,,1,,,ok_group,empty,agree
7,SP,VIT 34,United Kingdom and Overseas Territories,,citizenship,,11,0,11,reconciled,empty,agree
7,SP,VIT 34,United Kingdom and Overseas Territories,Amman,office,,1,,,ok_group,empty,agree
7,SP,VIT 34,United Kingdom and Overseas Territories,Ankara,office,,1,,,ok_group,empty,agree
7,SP,VIT 34,United Kingdom and Overseas Territories,Case Processing Centre Ottawa,office,,1,,,ok_group,empty,agree
7,SP,VIT 34,United Kingdom and Overseas Territories,Hong Kona,office,,4,,,ok_group,empty,agree
7,SP,VIT 34,United Kingdom and Overseas Territories,Operations Support Centre,office,,2,,,ok_group,empty,agree
7,SP,VIT 34,United Kingdom and Overseas Territories,Pretoria,office,,1,,,ok_group,empty,agree
7,SP,VIT 34,United Kingdom and Overseas Territories,Shanghai,office,,1,,,ok_group,empty,agree
7,SP,VIT 34,United Republic of Tanzania,,citizenship,,3,0,3,reconciled,empty,agree
7,SP,VIT 34,United Republic of Tanzania,Beiiing,office,,1,,,ok_group,empty,agree
7,SP,VIT 34,United Republic of Tanzania,Dar-Es-Salaam,office,,2,,,ok_group,empty,agree
7,SP,VIT 34,United States of America,,citizenship,4,8,4,8,reconciled,agree,agree
7,SP,VIT 34,United States of America,Amman,office,,2,,,ok_group,empty,agree
7,SP,VIT 34,United States of America,Buenos Aires,office,,1,,,ok_group,empty,agree
7,SP,VIT 34,United States of America,Case Processing Centre Ottawa,office,1,1,,,ok_group,agree,agree
7,SP,VIT 34,United States of America,Operations Support Centre,office,2,2,,,ok_group,agree,agree
7,SP,VIT 34,United States of America,Pretoria,office,1,1,,,ok_group,agree,agree
7,SP,VIT 34,United States of America,Tel Aviv,office,,1,,,ok_group,empty,agree
7,SP,VIT 34,Uzbekistan,,citizenship,,6,0,6,reconciled,empty,agree
7,SP,VIT 34,Uzbekistan,Abu Dhabi,office,,2,,,ok_group,empty,agree
7,SP,VIT 34,Uzbekistan,Moscow,office,,1,,,ok_group,empty,agree
7,SP,VIT 34,Uzbekistan,Warsaw,office,,3,,,ok_group,empty,agree
7,SP,VIT 34,Venezuela,,citizenship,,13,0,13,reconciled,empty,agree
7,SP,VIT 34,Venezuela,Ankara,office,,1,,,ok_group,empty,agree
7,SP,VIT 34,Venezuela,Boqota,office,,1,,,ok_group,empty,agree
7,SP,VIT 34,Venezuela,Buenos Aires,office,,5,,,ok_group,empty,agree
7,SP,VIT 34,Venezuela,Case Processing Centre Ottawa,office,,1,,,ok_group,empty,agree
7,SP,VIT 34,Venezuela,Lima,office,,1,,,ok_group,empty,agree
7,SP,VIT 34,Venezuela,Mexico City,office,,3,,,ok_group,empty,agree
7,SP,VIT 34,Venezuela,Riyadh,office,,1,,,ok_group,empty,agree
7,SP,VIT 34,"Yemen, Republic of",,citizenship,6,45,6,45,reconciled,agree,agree
7,SP,VIT 34,"Yemen, Republic of",Abu Dhabi,office,,14,,,ok_group,empty,agree
7,SP,VIT 34,"Yemen, Republic of",Amman,office,,3,,,ok_group,empty,agree
7,SP,VIT 34,"Yemen, Republic of",Ankara,office,1,4,,,ok_group,agree,agree
7,SP,VIT 34,"Yemen, Republic of",Beiiing,office,2,3,,,ok_group,agree,agree
7,SP,VIT 34,"Yemen, Republic of",Cairo,office,1,4,,,ok_group,agree,agree
7,SP,VIT 34,"Yemen, Republic of",Case Processing Centre Ottawa,office,,3,,,ok_group,empty,agree
7,SP,VIT 34,"Yemen, Republic of",Hong Kona,office,,1,,,ok_group,empty,agree
7,SP,VIT 34,"Yemen, Republic of",London Enaland,office,,1,,,ok_group,empty,agree
7,SP,VIT 34,"Yemen, Republic of",Operations Support Centre,office,,1,,,ok_group,empty,agree
7,SP,VIT 34,"Yemen, Republic of",Paris,office,1,2,,,ok_group,agree,agree
7,SP,VIT 34,"Yemen, Republic of",Riyadh,office,,8,,,ok_group,empty,agree
7,SP,VIT 34,"Yemen, Republic of",Singapore,office,1,1,,,ok_group,agree,agree
7,SP,VIT 34,Zambia,,citizenship,2,3,2,3,reconciled,agree,agree
7,SP,VIT 34,Zambia,Pretoria,office,2,3,,,ok_group,agree,agree
7,SP,VIT 34,Zimbabwe,,citizenship,1,4,1,4,reconciled,agree,agree
7,SP,VIT 34,Zimbabwe,Pretoria,office,1,4,,,ok_group,agree,agree
7,SP,VIT 35,,,activity_type,3,59,3,59,reconciled,agree,majority
7,SP,VIT 35,Alaeria,,citizenship,,1,0,1,reconciled,empty,agree
7,SP,VIT 35,Alaeria,Paris,office,,1,,,ok_group,empty,agree
7,SP,VIT 35,Bangladesh,,citizenship,,1,0,1,reconciled,empty,agree
7,SP,VIT 35,Bangladesh,CN South Asia,office,,1,,,ok_group,empty,agree
7,SP,VIT 35,"Chad, Republic of",,citizenship,,1,0,1,reconciled,empty,agree
7,SP,VIT 35,"Chad, Republic of",Paris,office,,1,,,ok_group,empty,agree
7,SP,VIT 35,Ghana,,citizenship,,5,0,5,reconciled,empty,agree
7,SP,VIT 35,Ghana,Accra,office,,4,,,ok_group,empty,agree
7,SP,VIT 35,Ghana,Winnipeg,office,,1,,,ok_group,empty,agree
7,SP,VIT 35,Haiti,,citizenship,,2,0,2,reconciled,empty,agree
7,SP,VIT 35,Haiti,Mexico City,office,,2,,,ok_group,empty,agree
7,SP,VIT 35,Hong Kong SAR,,citizenship,,2,0,2,reconciled,empty,agree
7,SP,VIT 35,Hong Kong SAR,Hong Kona,office,,2,,,ok_group,empty,agree
7,SP,VIT 35,India,,citizenship,,14,0,14,reconciled,empty,agree
7,SP,VIT 35,India,Banaalore,office,,1,,,ok_group,empty,agree
7,SP,VIT 35,India,Case Processing Centre Ottawa,office,,5,,,ok_group,empty,agree
7,SP,VIT 35,India,CN India,office,,1,,,ok_group,empty,agree
7,SP,VIT 35,India,Los Angeles,office,,1,,,ok_group,empty,agree
7,SP,VIT 35,India,Operations Support Centre,office,,5,,,ok_group,empty,agree
7,SP,VIT 35,India,RROC,office,,1,,,ok_group,empty,agree
7,SP,VIT 35,Iran,,citizenship,,7,0,7,reconciled,empty,agree
7,SP,VIT 35,Iran,Ankara,office,,2,,,ok_group,empty,agree
7,SP,VIT 35,Iran,Case Processing Centre Ottawa,office,,2,,,ok_group,empty,agree
7,SP,VIT 35,Iran,Operations Support Centre,office,,3,,,ok_group,empty,agree
7,SP,VIT 35,Morocco,,citizenship,,2,0,2,reconciled,empty,agree
7,SP,VIT 35,Morocco,Rabat,office,,2,,,ok_group,empty,agree
7,SP,VIT 35,Nigeria,,citizenship,1,3,1,3,reconciled,agree,agree
7,SP,VIT 35,Nigeria,RROC,office,1,3,,,ok_group,agree,agree
7,SP,VIT 35,Pakistan,,citizenship,,2,0,2,reconciled,empty,agree
7,SP,VIT 35,Pakistan,Operations Support Centre,office,,2,,,ok_group,empty,agree
7,SP,VIT 35,Peoples Republic of Benin,,citizenship,,1,0,1,reconciled,empty,agree
7,SP,VIT 35,Peoples Republic of Benin,Accra,office,,1,,,ok_group,empty,agree
7,SP,VIT 35,People's Republic of China,,citizenship,1,2,1,2,reconciled,agree,agree
7,SP,VIT 35,People's Republic of China,Beiiing,office,1,1,,,ok_group,agree,agree
7,SP,VIT 35,People's Republic of China,Vienna,office,,1,,,ok_group,empty,agree
7,SP,VIT 35,Peru,,citizenship,,1,0,1,reconciled,empty,agree
7,SP,VIT 35,Peru,Lima,office,,1,,,ok_group,empty,agree
7,SP,VIT 35,Philippines,,citizenship,,2,0,2,reconciled,empty,agree
7,SP,VIT 35,Philippines,CN South Asia,office,,2,,,ok_group,empty,agree
7,SP,VIT 35,Republic of Ivory Coast,,citizenship,,1,0,1,reconciled,empty,agree
7,SP,VIT 35,Republic of Ivory Coast,Dakar,office,,1,,,ok_group,empty,agree
7,SP,VIT 35,Rwanda,,citizenship,,1,0,1,reconciled,empty,agree
7,SP,VIT 35,Rwanda,Dar-Es-Salaam,office,,1,,,ok_group,empty,agree
7,SP,VIT 35,Saudi Arabia,,citizenship,,1,0,1,reconciled,empty,agree
7,SP,VIT 35,Saudi Arabia,Boqota,office,,1,,,ok_group,empty,agree
7,SP,VIT 35,Syria,,citizenship,,1,0,1,reconciled,empty,agree
7,SP,VIT 35,Syria,Cairo,office,,1,,,ok_group,empty,agree
7,SP,VIT 35,"Togo, Republic of",,citizenship,,1,0,1,reconciled,empty,agree
7,SP,VIT 35,"Togo, Republic of",Bucharest Global Operations Centre,office,,1,,,ok_group,empty,agree
7,SP,VIT 35,Tunisia,,citizenship,,5,0,5,reconciled,empty,agree
7,SP,VIT 35,Tunisia,Tunis,office,,5,,,ok_group,empty,agree
7,SP,VIT 35,Uganda,,citizenship,1,1,1,1,reconciled,agree,agree
7,SP,VIT 35,Uganda,Nairobi,office,1,1,,,ok_group,agree,agree
7,SP,VIT 35,Venezuela,,citizenship,,1,0,1,reconciled,empty,agree
7,SP,VIT 35,Venezuela,Mexico City,office,,1,,,ok_group,empty,agree
8,SP,VIT 35,"Yemen, Republic of",,citizenship,,1,0,1,reconciled,empty,agree
8,SP,VIT 35,"Yemen, Republic of",Cairo,office,,1,,,ok_group,empty,agree
8,SP,VIT 37,,,activity_type,,28,0,28,reconciled,empty,agree
8,SP,VIT 37,Albania,,citizenship,,1,0,1,reconciled,empty,agree
8,SP,VIT 37,Albania,Vienna,office,,1,,,ok_group,empty,agree
8,SP,VIT 37,Colombia,,citizenship,,2,0,2,reconciled,empty,agree
8,SP,VIT 37,Colombia,Boqota,office,,2,,,ok_group,empty,agree
8,SP,VIT 37,Cyprus,,citizenship,,1,0,1,reconciled,empty,agree
8,SP,VIT 37,Cyprus,Moscow,office,,1,,,ok_group,empty,agree
8,SP,VIT 37,"Guinea, Republic of",,citizenship,,1,0,1,reconciled,empty,agree
8,SP,VIT 37,"Guinea, Republic of",RROC,office,,1,,,ok_group,empty,agree
8,SP,VIT 37,Hong Kong SAR,,citizenship,,1,0,1,reconciled,empty,agree
8,SP,VIT 37,Hong Kong SAR,Hong Kona,office,,1,,,ok_group,empty,agree
8,SP,VIT 37,India,,citizenship,,2,0,2,reconciled,empty,agree
8,SP,VIT 37,India,Banaalore,office,,1,,,ok_group,empty,agree
8,SP,VIT 37,India,CN South Asia,office,,1,,,ok_group,empty,agree
8,SP,VIT 37,Kenya,,citizenship,,1,0,1,reconciled,empty,agree
8,SP,VIT 37,Kenya,Call Centre Montréal,office,,1,,,ok_group,empty,agree
8,SP,VIT 37,Mexico,,citizenship,,6,0,6,reconciled,empty,agree
8,SP,VIT 37,Mexico,Mexico City,office,,6,,,ok_group,empty,agree
8,SP,VIT 37,Nigeria,,citizenship,,3,0,3,reconciled,empty,agree
8,SP,VIT 37,Nigeria,Accra,office,,1,,,ok_group,empty,agree
8,SP,VIT 37,Nigeria,RROC,office,,2,,,ok_group,empty,agree
8,SP,VIT 37,Peoples Republic of Benin,,citizenship,,1,0,1,reconciled,empty,agree
8,SP,VIT 37,Peoples Republic of Benin,Accra,office,,1,,,ok_group,empty,agree
8,SP,VIT 37,Republic of Ivory Coast,,citizenship,,2,0,2,reconciled,empty,agree
8,SP,VIT 37,Republic of Ivory Coast,Dakar,office,,1,,,ok_group,empty,agree
8,SP,VIT 37,Republic of Ivory Coast,RROC,office,,1,,,ok_group,empty,agree
8,SP,VIT 37,Russia,,citizenship,,3,0,3,reconciled,empty,agree
8,SP,VIT 37,Russia,Vienna,office,,3,,,ok_group,empty,agree
8,SP,VIT 37,Saudi Arabia,,citizenship,,1,0,1,reconciled,empty,agree
8,SP,VIT 37,Saudi Arabia,Boqota,office,,1,,,ok_group,empty,agree
8,SP,VIT 37,United Kingdom and Overseas Territories,,citizenship,,1,0,1,reconciled,empty,agree
8,SP,VIT 37,United Kingdom and Overseas Territories,Call Centre Montréal,office,,1,,,ok_group,empty,agree
8,SP,VIT 37,Venezuela,,citizenship,,2,0,2,reconciled,empty,agree
8,SP,VIT 37,Venezuela,Mexico City,office,,2,,,ok_group,empty,agree
8,SP-EXT,,,,application_type,61,104,61,104,reconciled,agree,agree
8,SP-EXT,VIT 34,,,activity_type,61,102,61,102,reconciled,agree,agree
8,SP-EXT,VIT 34,Bangladesh,,citizenship,1,1,1,1,reconciled,agree,agree
8,SP-EXT,VIT 34,Bangladesh,Case Processing Centre Edmonton,office,1,1,,,ok_group,agree,agree
8,SP-EXT,VIT 34,"Botswana, Republic of",,citizenship,,1,0,1,reconciled,empty,agree
8,SP-EXT,VIT 34,"Botswana, Republic of",Case Processing Centre Ottawa,office,,1,,,ok_group,empty,agree
8,SP-EXT,VIT 34,Democratic Republic of Sudan,,citizenship,1,1,1,1,reconciled,agree,agree
8,SP-EXT,VIT 34,Democratic Republic of Sudan,Case Processing Centre Edmonton,office,1,1,,,ok_group,agree,agree
8,SP-EXT,VIT 34,Eritrea,,citizenship,1,1,1,1,reconciled,agree,agree
8,SP-EXT,VIT 34,Eritrea,Case Processing Centre Edmonton,office,1,1,,,ok_group,agree,agree
8,SP-EXT,VIT 34,Ethiopia,,citizenship,1,1,1,1,reconciled,agree,agree
8,SP-EXT,VIT 34,Ethiopia,Case Processing Centre Edmonton,office,1,1,,,ok_group,agree,agree
8,SP-EXT,VIT 34,Federal Republic of Cameroon,,citizenship,1,1,1,1,reconciled,agree,agree
8,SP-EXT,VIT 34,Federal Republic of Cameroon,Case Processing Centre Edmonton,office,1,1,,,ok_group,agree,agree
8,SP-EXT,VIT 34,India,,citizenship,8,10,8,10,reconciled,agree,agree
8,SP-EXT,VIT 34,India,Case Processing Centre Edmonton,office,7,9,,,ok_group,agree,agree
8,SP-EXT,VIT 34,India,Case Processing Centre Ottawa,office,1,1,,,ok_group,agree,agree
8,SP-EXT,VIT 34,Iran,,citizenship,17,29,7,29,MISMATCH,agree,agree
8,SP-EXT,VIT 34,Iran,Calgary Citizenship and Immiaration,office,,1,,,IN_FAILED_GROUP,empty,agree
8,SP-EXT,VIT 34,Iran,Case Processing Centre Edmonton,office,1,21,,,IN_FAILED_GROUP,majority,agree
8,SP-EXT,VIT 34,Iran,Case Processing Centre Ottawa,office,6,6,,,IN_FAILED_GROUP,agree,agree
8,SP-EXT,VIT 34,Iran,Yellowknife,office,,1,,,IN_FAILED_GROUP,empty,agree
8,SP-EXT,VIT 34,Israel,,citizenship,,1,0,1,reconciled,empty,agree
8,SP-EXT,VIT 34,Israel,Case Processing Centre Edmonton,office,,1,,,ok_group,empty,agree
8,SP-EXT,VIT 34,Jordan,,citizenship,1,2,1,2,reconciled,agree,agree
8,SP-EXT,VIT 34,Jordan,Case Processing Centre Edmonton,office,1,2,,,ok_group,agree,agree
8,SP-EXT,VIT 34,Kenya,,citizenship,1,1,1,1,reconciled,agree,agree
8,SP-EXT,VIT 34,Kenya,Case Processing Centre Edmonton,office,1,1,,,ok_group,agree,agree
8,SP-EXT,VIT 34,"Korea, Republic of",,citizenship,,1,0,1,reconciled,empty,agree
8,SP-EXT,VIT 34,"Korea, Republic of",Edmonton IRCC,office,,1,,,ok_group,empty,agree
8,SP-EXT,VIT 34,Libya,,citizenship,1,1,1,1,reconciled,agree,agree
8,SP-EXT,VIT 34,Libya,Case Processing Centre Edmonton,office,1,1,,,ok_group,agree,agree
8,SP-EXT,VIT 34,Mexico,,citizenship,,1,0,1,reconciled,empty,agree
8,SP-EXT,VIT 34,Mexico,Case Processing Centre Ottawa,office,,1,,,ok_group,empty,agree
8,SP-EXT,VIT 34,Nigeria,,citizenship,2,2,2,2,reconciled,agree,agree
8,SP-EXT,VIT 34,Nigeria,Case Processing Centre Edmonton,office,2,2,,,ok_group,agree,agree
8,SP-EXT,VIT 34,Pakistan,,citizenship,1,1,1,1,reconciled,agree,agree
8,SP-EXT,VIT 34,Pakistan,Edmonton IRCC,office,1,1,,,ok_group,agree,agree
8,SP-EXT,VIT 34,Palestinian Authority (Gaza/West Bank),,citizenship,5,18,5,18,reconciled,agree,agree
8,SP-EXT,VIT 34,Palestinian Authority (Gaza/West Bank),Case Processing Centre Edmonton,office,5,18,,,ok_group,agree,agree
8,SP-EXT,VIT 34,People's Republic of China,,citizenship,17,23,17,23,reconciled,agree,agree
8,SP-EXT,VIT 34,People's Republic of China,Case Processing Centre Edmonton,office,15,19,,,ok_group,agree,agree
8,SP-EXT,VIT 34,People's Republic of China,Case Processing Centre Ottawa,office,2,4,,,ok_group,agree,agree
8,SP-EXT,VIT 34,Saudi Arabia,,citizenship,,1,0,1,reconciled,empty,agree
8,SP-EXT,VIT 34,Saudi Arabia,Montreal Immigration,office,,1,,,ok_group,empty,agree
8,SP-EXT,VIT 34,"Togo, Republic of",,citizenship,,1,0,1,reconciled,empty,agree
8,SP-EXT,VIT 34,"Togo, Republic of",Case Processing Centre Ottawa,office,,1,,,ok_group,empty,agree
8,SP-EXT,VIT 34,Tunisia,,citizenship,,1,0,1,reconciled,empty,agree
8,SP-EXT,VIT 34,Tunisia,Case Processing Centre Edmonton,office,,1,,,ok_group,empty,agree
8,SP-EXT,VIT 34,Ukraine,,citizenship,3,3,3,3,reconciled,agree,agree
8,SP-EXT,VIT 34,Ukraine,Case Processing Centre Edmonton,office,3,3,,,ok_group,agree,agree
8,SP-EXT,VIT 35,,,activity_type,,2,0,2,reconciled,empty,agree
8,SP-EXT,VIT 35,"Korea, Republic of",,citizenship,,1,0,1,reconciled,empty,agree
8,SP-EXT,VIT 35,"Korea, Republic of",Case Processing Centre Ottawa,office,,1,,,ok_group,empty,agree
8,SP-EXT,VIT 35,Taiwan,,citizenship,,1,0,1,reconciled,empty,agree
8,SP-EXT,VIT 35,Taiwan,Case Processing Centre Ottawa,office,,1,,,ok_group,empty,agree
8,TRV,,,,application_type,23728,152303,23728,152303,reconciled,agree,agree
8,TRV,VIT 34,,,activity_type,22288,139685,22207,143618,MISMATCH,agree,agree
8,TRV,VIT 34,Afghanistan,,citizenship,56,587,56,587,reconciled,majority,majority
8,TRV,VIT 34,Afghanistan,Abu Dhabi,office,,93,,,ok_group,empty,agree
8,TRV,VIT 34,Afghanistan,Amman,office,1,3,,,ok_group,agree,agree
8,TRV,VIT 34,Afghanistan,Ankara,office,6,37,,,ok_group,agree,agree
8,TRV,VIT 34,Afghanistan,Beiiing,office,1,4,,,ok_group,agree,agree
8,TRV,VIT 34,Afghanistan,Buenos Aires,office,1,1,,,ok_group,agree,agree
8,TRV,VIT 34,Afghanistan,Calgary Citizenship and Immiaration,office,,1,,,ok_group,empty,agree
8,TRV,VIT 34,Afghanistan,Case Processing Centre Ottawa,office,2,122,,,ok_group,agree,agree
8,TRV,VIT 34,Afghanistan,Islamabad,office,,47,,,ok_group,empty,agree
8,TRV,VIT 34,Afghanistan,London Enaland,office,19,77,,,ok_group,agree,agree
8,TRV,VIT 34,Afghanistan,Manila,office,,1,,,ok_group,empty,agree
8,TRV,VIT 34,Afghanistan,Nairobi,office,,11,,,ok_group,empty,agree
8,TRV,VIT 34,Afghanistan,New Delhi,office,1,9,,,ok_group,agree,agree
8,TRV,VIT 34,Afghanistan,New York,office,,1,,,ok_group,empty,agree
9,TRV,VIT 34,Afghanistan,Ottawa IR,office,,1,,,ok_group,empty,agree
9,TRV,VIT 34,Afghanistan,Paris,office,7,39,,,ok_group,agree,agree
9,TRV,VIT 34,Afghanistan,Riyadh,office,,2,,,ok_group,empty,agree
9,TRV,VIT 34,Afghanistan,Rome,office,,4,,,ok_group,empty,agree
9,TRV,VIT 34,Afghanistan,RROC,office,1,1,,,ok_group,agree,agree
9,TRV,VIT 34,Afghanistan,Sydney Australia,office,6,30,,,ok_group,majority,agree
9,TRV,VIT 34,Afghanistan,Vienna,office,10,87,,,ok_group,agree,agree
9,TRV,VIT 34,Afghanistan,Warsaw,office,1,6,,,ok_group,agree,agree
9,TRV,VIT 34,Afghanistan,Washinaton,office,,7,,,ok_group,empty,agree
9,TRV,VIT 34,Afghanistan,Winnipeg,office,,3,,,ok_group,empty,agree
9,TRV,VIT 34,Albania,,citizenship,20,87,20,87,reconciled,agree,agree
9,TRV,VIT 34,Albania,Abu Dhabi,office,,1,,,ok_group,empty,agree
9,TRV,VIT 34,Albania,Amman,office,,1,,,ok_group,empty,agree
9,TRV,VIT 34,Albania,Beiiing,office,,1,,,ok_group,empty,agree
9,TRV,VIT 34,Albania,Case Processing Centre Ottawa,office,4,11,,,ok_group,agree,agree
9,TRV,VIT 34,Albania,London Enaland,office,2,3,,,ok_group,agree,agree
9,TRV,VIT 34,Albania,Operations Support Centre,office,1,1,,,ok_group,agree,agree
9,TRV,VIT 34,Albania,Paris,office,4,14,,,ok_group,agree,agree
9,TRV,VIT 34,Albania,Rome,office,8,47,,,ok_group,agree,agree
9,TRV,VIT 34,Albania,RROC,office,,2,,,ok_group,empty,agree
9,TRV,VIT 34,Albania,Vancouver Immiadration,office,,3,,,ok_group,empty,agree
9,TRV,VIT 34,Albania,Vienna,office,1,1,,,ok_group,agree,agree
9,TRV,VIT 34,Albania,Washinaton,office,,1,,,ok_group,empty,agree
9,TRV,VIT 34,Albania,Winnipeg,office,,1,,,ok_group,empty,agree
9,TRV,VIT 34,Alaeria,,citizenship,98,725,88,725,MISMATCH,agree,agree
9,TRV,VIT 34,Alaeria,Abu Dhabi,office,1,13,,,IN_FAILED_GROUP,agree,agree
9,TRV,VIT 34,Alaeria,Algiers,office,4,4,,,IN_FAILED_GROUP,agree,agree
9,TRV,VIT 34,Alaeria,Amman,office,,3,,,IN_FAILED_GROUP,empty,agree
9,TRV,VIT 34,Alaeria,Ankara,office,,1,,,IN_FAILED_GROUP,empty,agree
9,TRV,VIT 34,Alaeria,Beiiing,office,,1,,,IN_FAILED_GROUP,empty,agree
9,TRV,VIT 34,Alaeria,Case Processing Centre Ottawa,office,7,167,,,IN_FAILED_GROUP,majority,agree
9,TRV,VIT 34,Alaeria,CN China,office,,2,,,IN_FAILED_GROUP,empty,agree
9,TRV,VIT 34,Alaeria,CN Iran,office,1,67,,,IN_FAILED_GROUP,agree,agree
9,TRV,VIT 34,Alaeria,CN Middle East,office,2,3,,,IN_FAILED_GROUP,agree,agree
9,TRV,VIT 34,Alaeria,CN North Africa,office,38,185,,,IN_FAILED_GROUP,agree,agree
9,TRV,VIT 34,Alaeria,London Enaland,office,1,10,,,IN_FAILED_GROUP,agree,agree
9,TRV,VIT 34,Alaeria,Mexico City,office,,1,,,IN_FAILED_GROUP,empty,agree
9,TRV,VIT 34,Alaeria,New York,office,,2,,,IN_FAILED_GROUP,empty,agree
9,TRV,VIT 34,Alaeria,Operations Support Centre,office,20,58,,,IN_FAILED_GROUP,agree,agree
9,TRV,VIT 34,Alaeria,Paris,office,13,172,,,IN_FAILED_GROUP,agree,agree
9,TRV,VIT 34,Alaeria,Pretoria,office,,1,,,IN_FAILED_GROUP,empty,agree
9,TRV,VIT 34,Alaeria,Riyadh,office,1,2,,,IN_FAILED_GROUP,agree,agree
9,TRV,VIT 34,Alaeria,Rome,office,,2,,,IN_FAILED_GROUP,empty,agree
9,TRV,VIT 34,Alaeria,RROC,office,,12,,,IN_FAILED_GROUP,empty,agree
9,TRV,VIT 34,Alaeria,Vienna,office,,11,,,IN_FAILED_GROUP,empty,agree
9,TRV,VIT 34,Alaeria,Warsaw,office,,2,,,IN_FAILED_GROUP,empty,agree
9,TRV,VIT 34,Alaeria,Washinaton,office,,6,,,IN_FAILED_GROUP,empty,agree
9,TRV,VIT 34,Angola,,citizenship,3,18,3,18,reconciled,agree,agree
9,TRV,VIT 34,Angola,Amman,office,,1,,,ok_group,empty,agree
9,TRV,VIT 34,Angola,Case Processing Centre Ottawa,office,,1,,,ok_group,empty,agree
9,TRV,VIT 34,Angola,New York,office,,1,,,ok_group,empty,agree
9,TRV,VIT 34,Angola,Pretoria,office,3,9,,,ok_group,agree,agree
9,TRV,VIT 34,Angola,RROC,office,,6,,,ok_group,empty,agree
9,TRV,VIT 34,Antigua and Barbuda,,citizenship,1,9,1,9,reconciled,agree,agree
9,TRV,VIT 34,Antigua and Barbuda,Beirut,office,,1,,,ok_group,empty,agree
9,TRV,VIT 34,Antigua and Barbuda,Case Processing Centre Ottawa,office,,2,,,ok_group,empty,agree
9,TRV,VIT 34,Antigua and Barbuda,Port of Spain,office,,3,,,ok_group,empty,agree
9,TRV,VIT 34,Antigua and Barbuda,Rabat,office,,1,,,ok_group,empty,agree
9,TRV,VIT 34,Antigua and Barbuda,Riyadh,office,,1,,,ok_group,empty,agree
9,TRV,VIT 34,Antigua and Barbuda,Warsaw,office,1,1,,,ok_group,agree,agree
9,TRV,VIT 34,Argentina,,citizenship,2,9,2,9,reconciled,agree,agree
9,TRV,VIT 34,Argentina,Beirut,office,,3,,,ok_group,empty,agree
9,TRV,VIT 34,Argentina,Buenos Aires,office,,1,,,ok_group,empty,agree
9,TRV,VIT 34,Argentina,Case Processing Centre Ottawa,office,1,3,,,ok_group,agree,agree
9,TRV,VIT 34,Argentina,Paris,office,,1,,,ok_group,empty,agree
9,TRV,VIT 34,Argentina,RROC,office,1,1,,,ok_group,agree,agree
9,TRV,VIT 34,Armenia,,citizenship,17,169,17,169,reconciled,agree,agree
9,TRV,VIT 34,Armenia,Amman,office,5,12,,,ok_group,agree,agree
9,TRV,VIT 34,Armenia,Ankara,office,,5,,,ok_group,empty,agree
9,TRV,VIT 34,Armenia,Beirut,office,,24,,,ok_group,empty,agree
9,TRV,VIT 34,Armenia,Cairo,office,,1,,,ok_group,empty,agree
9,TRV,VIT 34,Armenia,Case Processing Centre Ottawa,office,5,10,,,ok_group,agree,agree
9,TRV,VIT 34,Armenia,London Enaland,office,,13,,,ok_group,empty,agree
9,TRV,VIT 34,Armenia,Moscow,office,,23,,,ok_group,empty,agree
9,TRV,VIT 34,Armenia,Operations Support Centre,office,,1,,,ok_group,empty,agree
9,TRV,VIT 34,Armenia,Ottawa IR,office,,6,,,ok_group,empty,agree
9,TRV,VIT 34,Armenia,Paris,office,,3,,,ok_group,empty,agree
9,TRV,VIT 34,Armenia,Riyadh,office,,1,,,ok_group,empty,agree
9,TRV,VIT 34,Armenia,RROC,office,,2,,,ok_group,empty,agree
9,TRV,VIT 34,Armenia,Vancouver Immiadration,office,1,2,,,ok_group,agree,agree
9,TRV,VIT 34,Armenia,Vienna,office,,1,,,ok_group,empty,agree
9,TRV,VIT 34,Armenia,Warsaw,office,6,65,,,ok_group,agree,agree
9,TRV,VIT 34,Australia,,citizenship,,1,0,1,reconciled,empty,agree
9,TRV,VIT 34,Australia,Hong Kona,office,,1,,,ok_group,empty,agree
9,TRV,VIT 34,Azerbaiian,,citizenship,,46,9,46,MISMATCH,none,agree
9,TRV,VIT 34,Azerbaiian,Abu Dhabi,office,,1,,,IN_FAILED_GROUP,empty,agree
9,TRV,VIT 34,Azerbaiian,Ankara,office,5,17,,,IN_FAILED_GROUP,agree,agree
9,TRV,VIT 34,Azerbaiian,Case Processing Centre Ottawa,office,2,13,,,IN_FAILED_GROUP,agree,agree
9,TRV,VIT 34,Azerbaiian,London Enaland,office,,5,,,IN_FAILED_GROUP,empty,agree
9,TRV,VIT 34,Azerbaiian,Matching Centre,office,,1,,,IN_FAILED_GROUP,empty,agree
9,TRV,VIT 34,Azerbaiian,New York,office,,1,,,IN_FAILED_GROUP,empty,agree
9,TRV,VIT 34,Azerbaiian,Paris,office,1,1,,,IN_FAILED_GROUP,agree,agree
9,TRV,VIT 34,Azerbaiian,RROC,office,1,2,,,IN_FAILED_GROUP,agree,agree
9,TRV,VIT 34,Azerbaiian,Vienna,office,,1,,,IN_FAILED_GROUP,empty,agree
9,TRV,VIT 34,Azerbaiian,Warsaw,office,,2,,,IN_FAILED_GROUP,empty,agree
9,TRV,VIT 34,Azerbaiian,Washinaton,office,,2,,,IN_FAILED_GROUP,empty,agree
9,TRV,VIT 34,"Bahama Islands, The",,citizenship,,1,0,1,reconciled,empty,agree
9,TRV,VIT 34,"Bahama Islands, The",RROC,office,,1,,,ok_group,empty,agree
9,TRV,VIT 34,Bahrain,,citizenship,3,25,3,25,reconciled,agree,agree
9,TRV,VIT 34,Bahrain,Abu Dhabi,office,3,20,,,ok_group,agree,agree
9,TRV,VIT 34,Bahrain,Case Processing Centre Ottawa,office,,2,,,ok_group,empty,agree
9,TRV,VIT 34,Bahrain,London Enaland,office,,1,,,ok_group,empty,agree
9,TRV,VIT 34,Bahrain,Singapore,office,,1,,,ok_group,empty,agree
9,TRV,VIT 34,Bahrain,Washinaton,office,,1,,,ok_group,empty,agree
9,TRV,VIT 34,Bangladesh,,citizenship,386,1663,386,1970,MISMATCH,agree,agree
9,TRV,VIT 34,Bangladesh,Abu Dhabi,office,,21,,,IN_FAILED_GROUP,empty,agree
9,TRV,VIT 34,Bangladesh,Amman,office,,1,,,IN_FAILED_GROUP,empty,agree
9,TRV,VIT 34,Bangladesh,Ankara,office,,310,,,IN_FAILED_GROUP,empty,majority
10,TRV,VIT 34,Bangladesh,Banakok,office,,1,,,IN_FAILED_GROUP,empty,agree
10,TRV,VIT 34,Bangladesh,Beiiing,office,1,2,,,IN_FAILED_GROUP,agree,agree
10,TRV,VIT 34,Bangladesh,Beirut,office,,1,,,IN_FAILED_GROUP,empty,agree
10,TRV,VIT 34,Bangladesh,Bucharest Global Operations Centre,office,1,1,,,IN_FAILED_GROUP,agree,agree
10,TRV,VIT 34,Bangladesh,Calgary Citizenship and Immiaration,office,,1,,,IN_FAILED_GROUP,empty,agree
10,TRV,VIT 34,Bangladesh,Case Processing Centre Edmonton,office,,3,,,IN_FAILED_GROUP,empty,agree
10,TRV,VIT 34,Bangladesh,Case Processing Centre Ottawa,office,46,492,,,IN_FAILED_GROUP,agree,agree
10,TRV,VIT 34,Bangladesh,CN India,office,,57,,,IN_FAILED_GROUP,empty,majority
10,TRV,VIT 34,Bangladesh,CN North Africa,office,,1,,,IN_FAILED_GROUP,empty,agree
10,TRV,VIT 34,Bangladesh,CN South Asia,office,241,438,,,IN_FAILED_GROUP,agree,agree
10,TRV,VIT 34,Bangladesh,Global Case Management System (G,office,,1,,,IN_FAILED_GROUP,empty,agree
10,TRV,VIT 34,Bangladesh,Laqos,office,,1,,,IN_FAILED_GROUP,empty,agree
10,TRV,VIT 34,Bangladesh,London Enaland,office,3,7,,,IN_FAILED_GROUP,agree,agree
10,TRV,VIT 34,Bangladesh,Manila,office,,7,,,IN_FAILED_GROUP,empty,agree
10,TRV,VIT 34,Bangladesh,Mexico City,office,,1,,,IN_FAILED_GROUP,empty,agree
10,TRV,VIT 34,Bangladesh,Nairobi,office,2,2,,,IN_FAILED_GROUP,agree,agree
10,TRV,VIT 34,Bangladesh,New Delhi,office,,4,,,IN_FAILED_GROUP,empty,agree
10,TRV,VIT 34,Bangladesh,New York,office,,4,,,IN_FAILED_GROUP,empty,agree
10,TRV,VIT 34,Bangladesh,Operations Support Centre,office,54,120,,,IN_FAILED_GROUP,agree,agree
10,TRV,VIT 34,Bangladesh,Paris,office,2,11,,,IN_FAILED_GROUP,agree,agree
10,TRV,VIT 34,Bangladesh,Pretoria,office,,6,,,IN_FAILED_GROUP,empty,agree
10,TRV,VIT 34,Bangladesh,Riyadh,office,,10,,,IN_FAILED_GROUP,empty,agree
10,TRV,VIT 34,Bangladesh,Rome,office,,5,,,IN_FAILED_GROUP,empty,agree
10,TRV,VIT 34,Bangladesh,RROC,office,1,6,,,IN_FAILED_GROUP,agree,agree
10,TRV,VIT 34,Bangladesh,Sao Paulo,office,,1,,,IN_FAILED_GROUP,empty,agree
10,TRV,VIT 34,Bangladesh,Singapore,office,26,410,,,IN_FAILED_GROUP,agree,agree
10,TRV,VIT 34,Bangladesh,Sydney Australia,office,3,7,,,IN_FAILED_GROUP,agree,agree
10,TRV,VIT 34,Bangladesh,Vancouver Immiadration,office,,1,,,IN_FAILED_GROUP,empty,agree
10,TRV,VIT 34,Bangladesh,Vienna,office,,6,,,IN_FAILED_GROUP,empty,agree
10,TRV,VIT 34,Bangladesh,Washinaton,office,6,22,,,IN_FAILED_GROUP,majority,agree
10,TRV,VIT 34,Bangladesh,Winnipeg,office,,9,,,IN_FAILED_GROUP,empty,agree
10,TRV,VIT 34,Belarus,,citizenship,22,170,22,170,reconciled,agree,agree
10,TRV,VIT 34,Belarus,Abu Dhabi,office,,2,,,ok_group,empty,agree
10,TRV,VIT 34,Belarus,Amman,office,,1,,,ok_group,empty,agree
10,TRV,VIT 34,Belarus,Case Processing Centre Ottawa,office,2,4,,,ok_group,agree,agree
10,TRV,VIT 34,Belarus,CN Middle East,office,,1,,,ok_group,empty,agree
10,TRV,VIT 34,Belarus,CN North Africa,office,1,1,,,ok_group,agree,agree
10,TRV,VIT 34,Belarus,London Enaland,office,1,15,,,ok_group,agree,agree
10,TRV,VIT 34,Belarus,Moscow,office,2,17,,,ok_group,agree,agree
10,TRV,VIT 34,Belarus,New Delhi,office,,2,,,ok_group,empty,agree
10,TRV,VIT 34,Belarus,Paris,office,,1,,,ok_group,empty,agree
10,TRV,VIT 34,Belarus,Pretoria,office,,1,,,ok_group,empty,agree
10,TRV,VIT 34,Belarus,RROC,office,,1,,,ok_group,empty,agree
10,TRV,VIT 34,Belarus,Sao Paulo,office,,1,,,ok_group,empty,agree
10,TRV,VIT 34,Belarus,Sydney Australia,office,,1,,,ok_group,empty,agree
10,TRV,VIT 34,Belarus,Vienna,office,,4,,,ok_group,empty,agree
10,TRV,VIT 34,Belarus,Warsaw,office,16,113,,,ok_group,agree,agree
10,TRV,VIT 34,Belarus,Washinaton,office,,4,,,ok_group,empty,agree
10,TRV,VIT 34,Belarus,Winnipeg,office,,1,,,ok_group,empty,agree
10,TRV,VIT 34,Belgium,,citizenship,,3,0,3,reconciled,empty,agree
10,TRV,VIT 34,Belgium,Paris,office,,3,,,ok_group,empty,agree
10,TRV,VIT 34,Belize,,citizenship,1,3,1,3,reconciled,agree,agree
10,TRV,VIT 34,Belize,Mexico City,office,1,3,,,ok_group,agree,agree
10,TRV,VIT 34,Bhutan,,citizenship,1,2,1,2,reconciled,agree,agree
10,TRV,VIT 34,Bhutan,Banakok,office,1,1,,,ok_group,agree,agree
10,TRV,VIT 34,Bhutan,Case Processing Centre Ottawa,office,,1,,,ok_group,empty,agree
10,TRV,VIT 34,Bolivia,,citizenship,2,11,2,11,reconciled,agree,agree
10,TRV,VIT 34,Bolivia,Beiiing,office,1,2,,,ok_group,agree,agree
10,TRV,VIT 34,Bolivia,Case Processing Centre Ottawa,office,,1,,,ok_group,empty,agree
10,TRV,VIT 34,Bolivia,Lima,office,1,7,,,ok_group,agree,agree
10,TRV,VIT 34,Bolivia,Riyadh,office,,1,,,ok_group,empty,agree
10,TRV,VIT 34,Bosnia-Hercegovina,,citizenship,13,43,13,43,reconciled,agree,agree
10,TRV,VIT 34,Bosnia-Hercegovina,Case Processing Centre Ottawa,office,1,2,,,ok_group,agree,agree
10,TRV,VIT 34,Bosnia-Hercegovina,London Enaland,office,,1,,,ok_group,empty,agree
10,TRV,VIT 34,Bosnia-Hercegovina,New York,office,,2,,,ok_group,empty,agree
10,TRV,VIT 34,Bosnia-Hercegovina,Paris,office,,3,,,ok_group,empty,agree
10,TRV,VIT 34,Bosnia-Hercegovina,Riyadh,office,,1,,,ok_group,empty,agree
10,TRV,VIT 34,Bosnia-Hercegovina,RROC,office,,1,,,ok_group,empty,agree
10,TRV,VIT 34,Bosnia-Hercegovina,Vienna,office,11,31,,,ok_group,agree,agree
10,TRV,VIT 34,Bosnia-Hercegovina,Washinaton,office,1,2,,,ok_group,agree,agree
10,TRV,VIT 34,"Botswana, Republic of",,citizenship,,3,0,3,reconciled,empty,agree
10,TRV,VIT 34,"Botswana, Republic of",Pretoria,office,,2,,,ok_group,empty,agree
10,TRV,VIT 34,"Botswana, Republic of",Washinaton,office,,1,,,ok_group,empty,agree
10,TRV,VIT 34,Brazil,,citizenship,21,157,21,157,reconciled,majority,agree
10,TRV,VIT 34,Brazil,Abu Dhabi,office,,1,,,ok_group,empty,agree
10,TRV,VIT 34,Brazil,Amman,office,,1,,,ok_group,empty,agree
10,TRV,VIT 34,Brazil,Ankara,office,,2,,,ok_group,empty,agree
10,TRV,VIT 34,Brazil,Beiiing,office,1,2,,,ok_group,agree,agree
10,TRV,VIT 34,Brazil,Beirut,office,,13,,,ok_group,empty,agree
10,TRV,VIT 34,Brazil,Buenos Aires,office,,1,,,ok_group,empty,agree
10,TRV,VIT 34,Brazil,Calgary Citizenship and Immiaration,office,,1,,,ok_group,empty,agree
10,TRV,VIT 34,Brazil,Case Processing Centre Ottawa,office,3,16,,,ok_group,agree,agree
10,TRV,VIT 34,Brazil,Pretoria,office,,1,,,ok_group,empty,agree
10,TRV,VIT 34,Brazil,RROC,office,1,4,,,ok_group,agree,agree
10,TRV,VIT 34,Brazil,Sao Paulo,office,14,75,,,ok_group,agree,majority
10,TRV,VIT 34,Brazil,Vienna,office,,1,,,ok_group,empty,agree
10,TRV,VIT 34,Brazil,Warsaw,office,1,1,,,ok_group,agree,agree
10,TRV,VIT 34,Brazil,Washinaton,office,1,37,,,ok_group,agree,agree
10,TRV,VIT 34,Brazil,Winnipeg,office,,1,,,ok_group,empty,agree
10,TRV,VIT 34,Brunei,,citizenship,,1,0,1,reconciled,empty,agree
10,TRV,VIT 34,Brunei,RROC,office,,1,,,ok_group,empty,agree
10,TRV,VIT 34,Bulgaria,,citizenship,1,1,1,1,reconciled,agree,agree
10,TRV,VIT 34,Bulgaria,Washinaton,office,1,1,,,ok_group,agree,agree
10,TRV,VIT 34,Burkina-Faso,,citizenship,15,89,15,89,reconciled,agree,agree
10,TRV,VIT 34,Burkina-Faso,Accra,office,,1,,,ok_group,empty,agree
10,TRV,VIT 34,Burkina-Faso,Amman,office,,1,,,ok_group,empty,agree
10,TRV,VIT 34,Burkina-Faso,Bucharest Global Operations Centre,office,1,1,,,ok_group,agree,agree
10,TRV,VIT 34,Burkina-Faso,Case Processing Centre Ottawa,office,1,3,,,ok_group,agree,agree
10,TRV,VIT 34,Burkina-Faso,Dakar,office,1,8,,,ok_group,agree,agree
10,TRV,VIT 34,Burkina-Faso,Domestic RO,office,,1,,,ok_group,empty,agree
10,TRV,VIT 34,Burkina-Faso,Mexico City,office,,1,,,ok_group,empty,agree
10,TRV,VIT 34,Burkina-Faso,Ottawa IR,office,,3,,,ok_group,empty,agree
10,TRV,VIT 34,Burkina-Faso,Paris,office,12,65,,,ok_group,agree,agree
10,TRV,VIT 34,Burkina-Faso,Riyadh,office,,1,,,ok_group,empty,agree
10,TRV,VIT 34,Burkina-Faso,RROC,office,,1,,,ok_group,empty,agree
10,TRV,VIT 34,Burkina-Faso,Washinaton,office,,2,,,ok_group,empty,agree
10,TRV,VIT 34,Burkina-Faso,Whitehorse IRCC,office,,1,,,ok_group,empty,agree
10,TRV,VIT 34,Burundi,,citizenship,,2,9,32,MISMATCH,none,majority
11,TRV,VIT 34,Burundi,Calgary Citizenship and Immiaration,office,,1,,,IN_FAILED_GROUP,empty,agree
11,TRV,VIT 34,Burundi,Case Processing Centre Ottawa,office,2,2,,,IN_FAILED_GROUP,agree,agree
11,TRV,VIT 34,Burundi,Dar-Es-Salaam,office,5,17,,,IN_FAILED_GROUP,agree,agree
11,TRV,VIT 34,Burundi,Moscow,office,,2,,,IN_FAILED_GROUP,empty,agree
11,TRV,VIT 34,Burundi,Nairobi,office,,3,,,IN_FAILED_GROUP,empty,agree
11,TRV,VIT 34,Burundi,Pretoria,office,,1,,,IN_FAILED_GROUP,empty,agree
11,TRV,VIT 34,Burundi,Washinaton,office,2,4,,,IN_FAILED_GROUP,agree,agree
11,TRV,VIT 34,Burundi,Winnipeg,office,,2,,,IN_FAILED_GROUP,empty,agree
11,TRV,VIT 34,Cambodia,,citizenship,13,73,13,73,reconciled,agree,agree
11,TRV,VIT 34,Cambodia,Amman,office,,1,,,ok_group,empty,agree
11,TRV,VIT 34,Cambodia,Banakok,office,13,58,,,ok_group,agree,agree
11,TRV,VIT 34,Cambodia,Manila,office,,2,,,ok_group,empty,agree
11,TRV,VIT 34,Cambodia,RROC,office,,10,,,ok_group,empty,agree
11,TRV,VIT 34,Cambodia,Washinaton,office,,2,,,ok_group,empty,agree
11,TRV,VIT 34,Cape Verde Islands,,citizenship,,10,0,10,reconciled,empty,agree
11,TRV,VIT 34,Cape Verde Islands,Boqota,office,,1,,,ok_group,empty,agree
11,TRV,VIT 34,Cape Verde Islands,RROC,office,,9,,,ok_group,empty,agree
11,TRV,VIT 34,Central African Republic,,citizenship,2,3,2,3,reconciled,agree,agree
11,TRV,VIT 34,Central African Republic,Case Processing Centre Ottawa,office,1,1,,,ok_group,agree,agree
11,TRV,VIT 34,Central African Republic,Paris,office,,1,,,ok_group,empty,agree
11,TRV,VIT 34,Central African Republic,Washinaton,office,1,1,,,ok_group,agree,agree
11,TRV,VIT 34,"Chad, Republic of",,citizenship,1,11,1,11,reconciled,agree,agree
11,TRV,VIT 34,"Chad, Republic of",Abu Dhabi,office,,1,,,ok_group,empty,agree
11,TRV,VIT 34,"Chad, Republic of",Case Processing Centre Ottawa,office,,1,,,ok_group,empty,agree
11,TRV,VIT 34,"Chad, Republic of",Dakar,office,1,3,,,ok_group,agree,agree
11,TRV,VIT 34,"Chad, Republic of",Paris,office,,5,,,ok_group,empty,agree
11,TRV,VIT 34,"Chad, Republic of",Washinaton,office,,1,,,ok_group,empty,agree
11,TRV,VIT 34,Chile,,citizenship,,3,0,3,reconciled,empty,agree
11,TRV,VIT 34,Chile,Washinaton,office,,3,,,ok_group,empty,agree
11,TRV,VIT 34,Colombia,,citizenship,181,692,125,692,MISMATCH,agree,agree
11,TRV,VIT 34,Colombia,Abu Dhabi,office,,12,,,IN_FAILED_GROUP,empty,agree
11,TRV,VIT 34,Colombia,Amman,office,,1,,,IN_FAILED_GROUP,empty,agree
11,TRV,VIT 34,Colombia,Ankara,office,,1,,,IN_FAILED_GROUP,empty,agree
11,TRV,VIT 34,Colombia,Beiiing,office,,1,,,IN_FAILED_GROUP,empty,agree
11,TRV,VIT 34,Colombia,Beirut,office,,3,,,IN_FAILED_GROUP,empty,agree
11,TRV,VIT 34,Colombia,Boqota,office,5,318,,,IN_FAILED_GROUP,agree,agree
11,TRV,VIT 34,Colombia,Case Processing Centre Edmonton,office,,2,,,IN_FAILED_GROUP,empty,agree
11,TRV,VIT 34,Colombia,Case Processing Centre Ottawa,office,43,89,,,IN_FAILED_GROUP,agree,agree
11,TRV,VIT 34,Colombia,CN Americas,office,1,19,,,IN_FAILED_GROUP,majority,agree
11,TRV,VIT 34,Colombia,Ho Chi Minh City Vietnam,office,,1,,,IN_FAILED_GROUP,empty,agree
11,TRV,VIT 34,Colombia,London Enaland,office,1,3,,,IN_FAILED_GROUP,agree,agree
11,TRV,VIT 34,Colombia,Mexico City,office,1,20,,,IN_FAILED_GROUP,agree,agree
11,TRV,VIT 34,Colombia,New York,office,,1,,,IN_FAILED_GROUP,empty,agree
11,TRV,VIT 34,Colombia,Operations Support Centre,office,70,169,,,IN_FAILED_GROUP,agree,agree
11,TRV,VIT 34,Colombia,Ottawa IR,office,,1,,,IN_FAILED_GROUP,empty,agree
11,TRV,VIT 34,Colombia,Paris,office,,11,,,IN_FAILED_GROUP,empty,agree
11,TRV,VIT 34,Colombia,Rome,office,1,1,,,IN_FAILED_GROUP,agree,agree
11,TRV,VIT 34,Colombia,RROC,office,,2,,,IN_FAILED_GROUP,empty,agree
11,TRV,VIT 34,Colombia,Sydney Australia,office,3,5,,,IN_FAILED_GROUP,agree,agree
11,TRV,VIT 34,Colombia,Washinaton,office,,32,,,IN_FAILED_GROUP,empty,agree
11,TRV,VIT 34,"Condo, Democratic Republic of the",,citizenship,28,156,28,156,reconciled,agree,agree
11,TRV,VIT 34,"Condo, Democratic Republic of the",Ankara,office,,1,,,ok_group,empty,agree
11,TRV,VIT 34,"Condo, Democratic Republic of the",Bucharest Global Operations Centre,office,24,42,,,ok_group,agree,agree
11,TRV,VIT 34,"Condo, Democratic Republic of the",Case Processing Centre Ottawa,office,,5,,,ok_group,empty,agree
11,TRV,VIT 34,"Condo, Democratic Republic of the",CN North Africa,office,1,1,,,ok_group,agree,agree
11,TRV,VIT 34,"Condo, Democratic Republic of the",Dakar,office,,6,,,ok_group,empty,agree
11,TRV,VIT 34,"Condo, Democratic Republic of the",London Enaland,office,1,3,,,ok_group,agree,agree
11,TRV,VIT 34,"Condo, Democratic Republic of the",Manila,office,,1,,,ok_group,empty,agree
11,TRV,VIT 34,"Condo, Democratic Republic of the",Ottawa IR,office,,4,,,ok_group,empty,agree
11,TRV,VIT 34,"Condo, Democratic Republic of the",Paris,office,,76,,,ok_group,empty,agree
11,TRV,VIT 34,"Condo, Democratic Republic of the",Pretoria,office,,4,,,ok_group,empty,agree
11,TRV,VIT 34,"Condo, Democratic Republic of the",RROC,office,,9,,,ok_group,empty,agree
11,TRV,VIT 34,"Condo, Democratic Republic of the",Vancouver Immiadration,office,1,1,,,ok_group,agree,agree
11,TRV,VIT 34,"Condo, Democratic Republic of the",Warsaw,office,1,1,,,ok_group,agree,agree
11,TRV,VIT 34,"Condo, Democratic Republic of the",Whitehorse IRCC,office,,1,,,ok_group,empty,agree
11,TRV,VIT 34,"Condo, Democratic Republic of the",Winnipeg,office,,1,,,ok_group,empty,agree
11,TRV,VIT 34,"Condo, People's Republic of the",,citizenship,,13,0,13,reconciled,empty,agree
11,TRV,VIT 34,"Condo, People's Republic of the",Case Processing Centre Ottawa,office,,2,,,ok_group,empty,agree
11,TRV,VIT 34,"Condo, People's Republic of the",London Enaland,office,,1,,,ok_group,empty,agree
11,TRV,VIT 34,"Condo, People's Republic of the",Mexico City,office,,1,,,ok_group,empty,agree
11,TRV,VIT 34,"Condo, People's Republic of the",Paris,office,,6,,,ok_group,empty,agree
11,TRV,VIT 34,"Condo, People's Republic of the",RROC,office,,2,,,ok_group,empty,agree
11,TRV,VIT 34,"Condo, People's Republic of the",Whitehorse IRCC,office,,1,,,ok_group,empty,agree
11,TRV,VIT 34,Costa Rica,,citizenship,4,11,4,11,reconciled,agree,agree
11,TRV,VIT 34,Costa Rica,Case Processing Centre Ottawa,office,,1,,,ok_group,empty,agree
11,TRV,VIT 34,Costa Rica,Mexico City,office,4,10,,,ok_group,agree,agree
11,TRV,VIT 34,Cuba,,citizenship,38,223,38,223,reconciled,agree,agree
11,TRV,VIT 34,Cuba,Beiiing,office,,1,,,ok_group,empty,agree
11,TRV,VIT 34,Cuba,Buenos Aires,office,,1,,,ok_group,empty,agree
11,TRV,VIT 34,Cuba,Calgary Citizenship and Immiaration,office,,3,,,ok_group,empty,agree
11,TRV,VIT 34,Cuba,Case Processing Centre Ottawa,office,4,9,,,ok_group,agree,agree
11,TRV,VIT 34,Cuba,CN South Asia,office,1,1,,,ok_group,agree,agree
11,TRV,VIT 34,Cuba,Havana,office,,15,,,ok_group,empty,agree
11,TRV,VIT 34,Cuba,Mexico City,office,18,149,,,ok_group,agree,agree
11,TRV,VIT 34,Cuba,New York,office,,1,,,ok_group,empty,agree
11,TRV,VIT 34,Cuba,Paris,office,,3,,,ok_group,empty,agree
11,TRV,VIT 34,Cuba,Port of Spain,office,,1,,,ok_group,empty,agree
11,TRV,VIT 34,Cuba,RROC,office,14,36,,,ok_group,agree,agree
11,TRV,VIT 34,Cuba,Sydney Australia,office,,1,,,ok_group,empty,agree
11,TRV,VIT 34,Cuba,Vienna,office,1,2,,,ok_group,agree,agree
11,TRV,VIT 34,Democratic Republic of Sudan,,citizenship,14,201,14,195,MISMATCH,agree,agree
11,TRV,VIT 34,Democratic Republic of Sudan,Abu Dhabi,office,,21,,,IN_FAILED_GROUP,empty,agree
11,TRV,VIT 34,Democratic Republic of Sudan,Amman,office,,7,,,IN_FAILED_GROUP,empty,agree
11,TRV,VIT 34,Democratic Republic of Sudan,Ankara,office,,35,,,IN_FAILED_GROUP,empty,agree
11,TRV,VIT 34,Democratic Republic of Sudan,Beiiing,office,,3,,,IN_FAILED_GROUP,empty,agree
11,TRV,VIT 34,Democratic Republic of Sudan,Cairo,office,2,67,,,IN_FAILED_GROUP,agree,agree
11,TRV,VIT 34,Democratic Republic of Sudan,Case Processing Centre Ottawa,office,,18,,,IN_FAILED_GROUP,empty,agree
11,TRV,VIT 34,Democratic Republic of Sudan,Dakar,office,1,1,,,IN_FAILED_GROUP,agree,agree
11,TRV,VIT 34,Democratic Republic of Sudan,London Enaland,office,1,15,,,IN_FAILED_GROUP,agree,agree
11,TRV,VIT 34,Democratic Republic of Sudan,Nairobi,office,,3,,,IN_FAILED_GROUP,empty,agree
11,TRV,VIT 34,Democratic Republic of Sudan,Ottawa IR,office,,1,,,IN_FAILED_GROUP,empty,agree
11,TRV,VIT 34,Democratic Republic of Sudan,Paris,office,1,5,,,IN_FAILED_GROUP,agree,agree
11,TRV,VIT 34,Democratic Republic of Sudan,Pretoria,office,2,3,,,IN_FAILED_GROUP,agree,agree
11,TRV,VIT 34,Democratic Republic of Sudan,Riyadh,office,,5,,,IN_FAILED_GROUP,empty,agree
11,TRV,VIT 34,Democratic Republic of Sudan,Rome,office,,2,,,IN_FAILED_GROUP,empty,agree
11,TRV,VIT 34,Democratic Republic of Sudan,RROC,office,2,5,,,IN_FAILED_GROUP,agree,agree
11,TRV,VIT 34,Democratic Republic of Sudan,Vienna,office,,1,,,IN_FAILED_GROUP,empty,agree
11,TRV,VIT 34,Democratic Republic of Sudan,Washinaton,office,5,3,,,IN_FAILED_GROUP,agree,majority
12,TRV,VIT 34,Dominica,,citizenship,15,144,15,144,reconciled,agree,agree
12,TRV,VIT 34,Dominica,Abu Dhabi,office,,33,,,ok_group,empty,agree
12,TRV,VIT 34,Dominica,Amman,office,3,42,,,ok_group,agree,agree
12,TRV,VIT 34,Dominica,Ankara,office,5,24,,,ok_group,agree,agree
12,TRV,VIT 34,Dominica,Beirut,office,,5,,,ok_group,empty,agree
12,TRV,VIT 34,Dominica,Case Processing Centre Ottawa,office,1,9,,,ok_group,agree,agree
12,TRV,VIT 34,Dominica,CN Iran,office,,3,,,ok_group,empty,agree
12,TRV,VIT 34,Dominica,CN Middle East,office,1,1,,,ok_group,agree,agree
12,TRV,VIT 34,Dominica,London Enaland,office,,2,,,ok_group,empty,agree
12,TRV,VIT 34,Dominica,Manila,office,,1,,,ok_group,empty,agree
12,TRV,VIT 34,Dominica,Operations Support Centre,office,,2,,,ok_group,empty,agree
12,TRV,VIT 34,Dominica,Paris,office,1,4,,,ok_group,agree,agree
12,TRV,VIT 34,Dominica,Port of Spain,office,1,10,,,ok_group,agree,agree
12,TRV,VIT 34,Dominica,Riyadh,office,,3,,,ok_group,empty,agree
12,TRV,VIT 34,Dominica,Singapore,office,2,2,,,ok_group,agree,agree
12,TRV,VIT 34,Dominica,Vienna,office,1,3,,,ok_group,agree,agree
12,TRV,VIT 34,Dominican Republic,,citizenship,57,4171,57,171,MISMATCH,majority,majority
12,TRV,VIT 34,Dominican Republic,Beiiing,office,,1,,,IN_FAILED_GROUP,empty,agree
12,TRV,VIT 34,Dominican Republic,Case Processing Centre Ottawa,office,3,6,,,IN_FAILED_GROUP,agree,agree
12,TRV,VIT 34,Dominican Republic,Mexico City,office,54,161,,,IN_FAILED_GROUP,agree,agree
12,TRV,VIT 34,Dominican Republic,Operations Support Centre,office,,1,,,IN_FAILED_GROUP,empty,agree
12,TRV,VIT 34,Dominican Republic,Paris,office,,1,,,IN_FAILED_GROUP,empty,agree
12,TRV,VIT 34,Dominican Republic,RROC,office,,1,,,IN_FAILED_GROUP,empty,agree
12,TRV,VIT 34,"East Timor, Democratic Republic of",,citizenship,,2,0,2,reconciled,empty,agree
12,TRV,VIT 34,"East Timor, Democratic Republic of",Jakarta,office,,1,,,ok_group,empty,agree
12,TRV,VIT 34,"East Timor, Democratic Republic of",London Enaland,office,,1,,,ok_group,empty,agree
12,TRV,VIT 34,Ecuador,,citizenship,10,84,12,84,MISMATCH,agree,agree
12,TRV,VIT 34,Ecuador,Abu Dhabi,office,,1,,,IN_FAILED_GROUP,empty,agree
12,TRV,VIT 34,Ecuador,Beiiing,office,,2,,,IN_FAILED_GROUP,empty,agree
12,TRV,VIT 34,Ecuador,Boqota,office,7,54,,,IN_FAILED_GROUP,majority,majority
12,TRV,VIT 34,Ecuador,Case Processing Centre Ottawa,office,2,8,,,IN_FAILED_GROUP,agree,agree
12,TRV,VIT 34,Ecuador,New York,office,,2,,,IN_FAILED_GROUP,empty,agree
12,TRV,VIT 34,Ecuador,Paris,office,,1,,,IN_FAILED_GROUP,empty,agree
12,TRV,VIT 34,Ecuador,Rome,office,,1,,,IN_FAILED_GROUP,empty,agree
12,TRV,VIT 34,Ecuador,RROC,office,2,8,,,IN_FAILED_GROUP,agree,agree
12,TRV,VIT 34,Ecuador,Vancouver Immiadration,office,,1,,,IN_FAILED_GROUP,empty,agree
12,TRV,VIT 34,Ecuador,Vienna,office,,1,,,IN_FAILED_GROUP,empty,agree
12,TRV,VIT 34,Ecuador,Warsaw,office,,1,,,IN_FAILED_GROUP,empty,agree
12,TRV,VIT 34,Ecuador,Washinaton,office,1,3,,,IN_FAILED_GROUP,agree,agree
12,TRV,VIT 34,Ecuador,Whitehorse IRCC,office,,1,,,IN_FAILED_GROUP,empty,agree
12,TRV,VIT 34,Eqypt,,citizenship,101,1301,101,1301,reconciled,majority,agree
12,TRV,VIT 34,Eqypt,Abu Dhabi,office,1,67,,,ok_group,agree,agree
12,TRV,VIT 34,Eqypt,Amman,office,1,28,,,ok_group,agree,agree
12,TRV,VIT 34,Eqypt,Ankara,office,,256,,,ok_group,empty,agree
12,TRV,VIT 34,Eqypt,Beiiing,office,,2,,,ok_group,empty,agree
12,TRV,VIT 34,Eqypt,Beirut,office,2,5,,,ok_group,agree,agree
12,TRV,VIT 34,Eqypt,Bucharest,office,,1,,,ok_group,empty,agree
12,TRV,VIT 34,Eqypt,Cairo,office,39,480,,,ok_group,agree,agree
12,TRV,VIT 34,Eqypt,Calgary Citizenship and Immiaration,office,,1,,,ok_group,empty,agree
12,TRV,VIT 34,Eqypt,Case Processing Centre Edmonton,office,,2,,,ok_group,empty,agree
12,TRV,VIT 34,Eqypt,Case Processing Centre Ottawa,office,30,216,,,ok_group,agree,agree
12,TRV,VIT 34,Eqypt,CN Middle East,office,7,11,,,ok_group,agree,agree
12,TRV,VIT 34,Eqypt,CN North Africa,office,,1,,,ok_group,empty,agree
12,TRV,VIT 34,Eqypt,CN South Asia,office,2,2,,,ok_group,agree,agree
12,TRV,VIT 34,Eqypt,Dakar,office,,1,,,ok_group,empty,agree
12,TRV,VIT 34,Eqypt,London Enaland,office,3,35,,,ok_group,agree,agree
12,TRV,VIT 34,Eqypt,Manila,office,,2,,,ok_group,empty,agree
12,TRV,VIT 34,Eqypt,Manila Global Operations Centre,office,1,1,,,ok_group,agree,agree
12,TRV,VIT 34,Eqypt,Mexico City,office,,2,,,ok_group,empty,agree
12,TRV,VIT 34,Eqypt,Nairobi,office,,1,,,ok_group,empty,agree
12,TRV,VIT 34,Eqypt,New Delhi,office,,1,,,ok_group,empty,agree
12,TRV,VIT 34,Eqypt,New York,office,,1,,,ok_group,empty,agree
12,TRV,VIT 34,Eqypt,Operations Support Centre,office,,3,,,ok_group,empty,agree
12,TRV,VIT 34,Eqypt,Ottawa IR,office,,4,,,ok_group,empty,agree
12,TRV,VIT 34,Eqypt,Paris,office,1,11,,,ok_group,agree,agree
12,TRV,VIT 34,Eqypt,Port of Spain,office,,1,,,ok_group,empty,agree
12,TRV,VIT 34,Eqypt,Pretoria,office,,2,,,ok_group,empty,agree
12,TRV,VIT 34,Eqypt,Riyadh,office,2,51,,,ok_group,agree,majority
12,TRV,VIT 34,Eqypt,RROC,office,3,19,,,ok_group,agree,agree
12,TRV,VIT 34,Eqypt,Sao Paulo,office,1,2,,,ok_group,agree,agree
12,TRV,VIT 34,Eqypt,Singapore,office,,3,,,ok_group,empty,agree
12,TRV,VIT 34,Eqypt,Sydney Australia,office,,3,,,ok_group,empty,agree
12,TRV,VIT 34,Eqypt,Tel Aviv,office,,1,,,ok_group,empty,agree
12,TRV,VIT 34,Eqypt,Vancouver Immiadration,office,2,6,,,ok_group,agree,agree
12,TRV,VIT 34,Eqypt,Vienna,office,2,66,,,ok_group,agree,agree
12,TRV,VIT 34,Eqypt,Warsaw,office,,3,,,ok_group,empty,agree
12,TRV,VIT 34,Eqypt,Washinaton,office,3,8,,,ok_group,agree,agree
12,TRV,VIT 34,Eqypt,Whitehorse IRCC,office,1,2,,,ok_group,agree,agree
12,TRV,VIT 34,El Salvador,,citizenship,23,77,23,77,reconciled,agree,agree
12,TRV,VIT 34,El Salvador,Calgary Citizenship and Immiaration,office,,1,,,ok_group,empty,agree
12,TRV,VIT 34,El Salvador,Case Processing Centre Ottawa,office,3,5,,,ok_group,agree,agree
12,TRV,VIT 34,El Salvador,Mexico City,office,19,67,,,ok_group,agree,agree
12,TRV,VIT 34,El Salvador,Paris,office,,1,,,ok_group,empty,agree
12,TRV,VIT 34,El Salvador,RROC,office,,1,,,ok_group,empty,agree
12,TRV,VIT 34,El Salvador,Washinaton,office,1,2,,,ok_group,agree,agree
12,TRV,VIT 34,Equatorial Guinea,,citizenship,,1,0,1,reconciled,empty,agree
12,TRV,VIT 34,Equatorial Guinea,Beirut,office,,1,,,ok_group,empty,agree
12,TRV,VIT 34,Eritrea,,citizenship,7,15,7,15,reconciled,agree,agree
12,TRV,VIT 34,Eritrea,Amman,office,,1,,,ok_group,empty,agree
12,TRV,VIT 34,Eritrea,London Enaland,office,3,3,,,ok_group,agree,agree
12,TRV,VIT 34,Eritrea,New York,office,,1,,,ok_group,empty,agree
12,TRV,VIT 34,Eritrea,Paris,office,2,2,,,ok_group,agree,agree
12,TRV,VIT 34,Eritrea,Pretoria,office,,1,,,ok_group,empty,agree
12,TRV,VIT 34,Eritrea,Riyadh,office,,1,,,ok_group,empty,agree
12,TRV,VIT 34,Eritrea,RROC,office,1,3,,,ok_group,agree,agree
12,TRV,VIT 34,Eritrea,Sydney Australia,office,,1,,,ok_group,empty,agree
12,TRV,VIT 34,Eritrea,Vienna,office,,1,,,ok_group,empty,agree
12,TRV,VIT 34,Eritrea,Washinaton,office,1,1,,,ok_group,agree,agree
12,TRV,VIT 34,Ethiopia,,citizenship,19,69,10,376,MISMATCH,agree,agree
12,TRV,VIT 34,Ethiopia,Abu Dhabi,office,,1,,,IN_FAILED_GROUP,empty,agree
12,TRV,VIT 34,Ethiopia,Addis Ababa,office,,9,,,IN_FAILED_GROUP,none,agree
12,TRV,VIT 34,Ethiopia,Amman,office,,2,,,IN_FAILED_GROUP,empty,agree
12,TRV,VIT 34,Ethiopia,Ankara,office,,1,,,IN_FAILED_GROUP,empty,agree
12,TRV,VIT 34,Ethiopia,Beiiing,office,,4,,,IN_FAILED_GROUP,empty,agree
12,TRV,VIT 34,Ethiopia,Beirut,office,,2,,,IN_FAILED_GROUP,empty,agree
12,TRV,VIT 34,Ethiopia,Calgary Citizenship and Immiaration,office,,3,,,IN_FAILED_GROUP,empty,agree
12,TRV,VIT 34,Ethiopia,Case Processing Centre Ottawa,office,2,3,,,IN_FAILED_GROUP,agree,agree
12,TRV,VIT 34,Ethiopia,London Enqland,office,3,310,,,IN_FAILED_GROUP,agree,majority
13,TRV,VIT 34,Ethiopia,Nairobi,office,,21,,,IN_FAILED_GROUP,empty,agree
13,TRV,VIT 34,Ethiopia,New Delhi,office,,1,,,IN_FAILED_GROUP,empty,agree
13,TRV,VIT 34,Ethiopia,New York,office,,1,,,IN_FAILED_GROUP,empty,agree
13,TRV,VIT 34,Ethiopia,Operations Support Centre,office,5,5,,,IN_FAILED_GROUP,agree,agree
13,TRV,VIT 34,Ethiopia,Paris,office,,5,,,IN_FAILED_GROUP,empty,agree
13,TRV,VIT 34,Ethiopia,Riyadh,office,,1,,,IN_FAILED_GROUP,empty,agree
13,TRV,VIT 34,Ethiopia,Rome,office,,1,,,IN_FAILED_GROUP,empty,agree
13,TRV,VIT 34,Ethiopia,RROC,office,,1,,,IN_FAILED_GROUP,empty,agree
13,TRV,VIT 34,Ethiopia,Sydney Australia,office,,1,,,IN_FAILED_GROUP,empty,agree
13,TRV,VIT 34,Ethiopia,Washinaton,office,,4,,,IN_FAILED_GROUP,empty,agree
13,TRV,VIT 34,Federal Republic of Cameroon,,citizenship,21,123,21,123,reconciled,majority,agree
13,TRV,VIT 34,Federal Republic of Cameroon,Beiiing,office,1,5,,,ok_group,agree,agree
13,TRV,VIT 34,Federal Republic of Cameroon,Bucharest Global Operations Centre,office,10,25,,,ok_group,agree,agree
13,TRV,VIT 34,Federal Republic of Cameroon,Case Processing Centre Ottawa,office,4,12,,,ok_group,agree,agree
13,TRV,VIT 34,Federal Republic of Cameroon,Dakar,office,2,13,,,ok_group,agree,agree
13,TRV,VIT 34,Federal Republic of Cameroon,Domestic RO,office,,1,,,ok_group,empty,agree
13,TRV,VIT 34,Federal Republic of Cameroon,London Enaland,office,2,2,,,ok_group,agree,agree
13,TRV,VIT 34,Federal Republic of Cameroon,Mexico City,office,,1,,,ok_group,empty,agree
13,TRV,VIT 34,Federal Republic of Cameroon,New York,office,,1,,,ok_group,empty,agree
13,TRV,VIT 34,Federal Republic of Cameroon,Ottawa IR,office,,9,,,ok_group,empty,agree
13,TRV,VIT 34,Federal Republic of Cameroon,Paris,office,1,42,,,ok_group,agree,agree
13,TRV,VIT 34,Federal Republic of Cameroon,Rome,office,,1,,,ok_group,empty,agree
13,TRV,VIT 34,Federal Republic of Cameroon,RROC,office,1,5,,,ok_group,agree,agree
13,TRV,VIT 34,Federal Republic of Cameroon,Vancouver Immiadration,office,,3,,,ok_group,empty,agree
13,TRV,VIT 34,Federal Republic of Cameroon,Vienna,office,,1,,,ok_group,empty,agree
13,TRV,VIT 34,Federal Republic of Cameroon,Washinaton,office,,2,,,ok_group,empty,agree
13,TRV,VIT 34,Federal Republic of Germany,,citizenship,,5,0,5,reconciled,empty,agree
13,TRV,VIT 34,Federal Republic of Germany,Case Processing Centre Ottawa,office,,1,,,ok_group,empty,agree
13,TRV,VIT 34,Federal Republic of Germany,Vienna,office,,4,,,ok_group,empty,agree
13,TRV,VIT 34,Fiii,,citizenship,3,9,3,9,reconciled,agree,agree
13,TRV,VIT 34,Fiii,Beirut,office,,1,,,ok_group,empty,agree
13,TRV,VIT 34,Fiii,Pretoria,office,,1,,,ok_group,empty,agree
13,TRV,VIT 34,Fiii,Sydney Australia,office,3,7,,,ok_group,agree,agree
13,TRV,VIT 34,France,,citizenship,,1,0,1,reconciled,empty,agree
13,TRV,VIT 34,France,Beirut,office,,1,,,ok_group,empty,agree
13,TRV,VIT 34,Gabon Republic,,citizenship,6,34,6,34,reconciled,agree,agree
13,TRV,VIT 34,Gabon Republic,Case Processing Centre Ottawa,office,,2,,,ok_group,empty,agree
13,TRV,VIT 34,Gabon Republic,Dakar,office,,4,,,ok_group,empty,agree
13,TRV,VIT 34,Gabon Republic,Paris,office,2,20,,,ok_group,agree,agree
13,TRV,VIT 34,Gabon Republic,RROC,office,3,6,,,ok_group,agree,agree
13,TRV,VIT 34,Gabon Republic,Washinaton,office,1,2,,,ok_group,agree,agree
13,TRV,VIT 34,Gambia,,citizenship,6,16,6,16,reconciled,agree,agree
13,TRV,VIT 34,Gambia,Beirut,office,1,1,,,ok_group,agree,agree
13,TRV,VIT 34,Gambia,Case Processing Centre Ottawa,office,3,3,,,ok_group,agree,agree
13,TRV,VIT 34,Gambia,Dakar,office,1,7,,,ok_group,agree,agree
13,TRV,VIT 34,Gambia,Mexico City,office,,1,,,ok_group,empty,agree
13,TRV,VIT 34,Gambia,Paris,office,,2,,,ok_group,empty,agree
13,TRV,VIT 34,Gambia,Riyadh,office,,1,,,ok_group,empty,agree
13,TRV,VIT 34,Gambia,RROC,office,1,1,,,ok_group,agree,agree
13,TRV,VIT 34,Georgia,,citizenship,,57,9,57,MISMATCH,none,majority
13,TRV,VIT 34,Georgia,Ankara,office,1,20,,,IN_FAILED_GROUP,agree,agree
13,TRV,VIT 34,Georgia,Bucharest,office,,1,,,IN_FAILED_GROUP,empty,agree
13,TRV,VIT 34,Georgia,Case Processing Centre Ottawa,office,5,8,,,IN_FAILED_GROUP,agree,agree
13,TRV,VIT 34,Georgia,London Enaland,office,,11,,,IN_FAILED_GROUP,empty,agree
13,TRV,VIT 34,Georgia,Mexico City,office,,1,,,IN_FAILED_GROUP,empty,agree
13,TRV,VIT 34,Georgia,Paris,office,,3,,,IN_FAILED_GROUP,empty,agree
13,TRV,VIT 34,Georgia,Rome,office,,1,,,IN_FAILED_GROUP,empty,agree
13,TRV,VIT 34,Georgia,RROC,office,1,6,,,IN_FAILED_GROUP,agree,agree
13,TRV,VIT 34,Georgia,Vienna,office,1,1,,,IN_FAILED_GROUP,agree,agree
13,TRV,VIT 34,Georgia,Warsaw,office,,2,,,IN_FAILED_GROUP,empty,agree
13,TRV,VIT 34,Georgia,Washinaton,office,1,3,,,IN_FAILED_GROUP,agree,agree
13,TRV,VIT 34,Ghana,,citizenship,77,334,77,334,reconciled,agree,agree
13,TRV,VIT 34,Ghana,Abu Dhabi,office,,2,,,ok_group,empty,agree
13,TRV,VIT 34,Ghana,Accra,office,10,110,,,ok_group,agree,agree
13,TRV,VIT 34,Ghana,Amman,office,,2,,,ok_group,empty,agree
13,TRV,VIT 34,Ghana,Beiiing,office,1,6,,,ok_group,agree,agree
13,TRV,VIT 34,Ghana,Beirut,office,,2,,,ok_group,empty,agree
13,TRV,VIT 34,Ghana,Calgary Citizenship and Immiaration,office,1,26,,,ok_group,agree,agree
13,TRV,VIT 34,Ghana,Case Processing Centre Ottawa,office,17,41,,,ok_group,agree,agree
13,TRV,VIT 34,Ghana,CN North Africa,office,11,11,,,ok_group,agree,agree
13,TRV,VIT 34,Ghana,CN South Asia,office,2,2,,,ok_group,agree,agree
13,TRV,VIT 34,Ghana,Dakar,office,2,2,,,ok_group,agree,agree
13,TRV,VIT 34,Ghana,Dar-Es-Salaam,office,,1,,,ok_group,empty,agree
13,TRV,VIT 34,Ghana,London Enaland,office,6,13,,,ok_group,agree,agree
13,TRV,VIT 34,Ghana,Manila,office,1,1,,,ok_group,agree,agree
13,TRV,VIT 34,Ghana,Nairobi,office,1,4,,,ok_group,agree,agree
13,TRV,VIT 34,Ghana,Operations Support Centre,office,15,25,,,ok_group,agree,agree
13,TRV,VIT 34,Ghana,Ottawa IR,office,,19,,,ok_group,empty,agree
13,TRV,VIT 34,Ghana,Paris,office,1,3,,,ok_group,agree,agree
13,TRV,VIT 34,Ghana,Pretoria,office,,1,,,ok_group,empty,agree
13,TRV,VIT 34,Ghana,Riyadh,office,1,1,,,ok_group,agree,agree
13,TRV,VIT 34,Ghana,Rome,office,,2,,,ok_group,empty,agree
13,TRV,VIT 34,Ghana,RROC,office,1,1,,,ok_group,agree,agree
13,TRV,VIT 34,Ghana,Sao Paulo,office,1,1,,,ok_group,agree,agree
13,TRV,VIT 34,Ghana,Vancouver Immiadration,office,,2,,,ok_group,empty,agree
13,TRV,VIT 34,Ghana,Vienna,office,3,3,,,ok_group,agree,agree
13,TRV,VIT 34,Ghana,Warsaw,office,,1,,,ok_group,empty,agree
13,TRV,VIT 34,Ghana,Washinaton,office,,3,,,ok_group,empty,agree
13,TRV,VIT 34,Ghana,Whitehorse IRCC,office,,1,,,ok_group,empty,agree
13,TRV,VIT 34,Ghana,Winnipeg,office,3,48,,,ok_group,agree,agree
13,TRV,VIT 34,Grenada,,citizenship,3,22,3,22,reconciled,agree,agree
13,TRV,VIT 34,Grenada,Abu Dhabi,office,1,2,,,ok_group,agree,agree
13,TRV,VIT 34,Grenada,Amman,office,,1,,,ok_group,empty,agree
13,TRV,VIT 34,Grenada,Ankara,office,,1,,,ok_group,empty,agree
13,TRV,VIT 34,Grenada,Beiiing,office,,1,,,ok_group,empty,agree
13,TRV,VIT 34,Grenada,Case Processing Centre Ottawa,office,,1,,,ok_group,empty,agree
13,TRV,VIT 34,Grenada,CN Middle East,office,,1,,,ok_group,empty,agree
13,TRV,VIT 34,Grenada,Laqos,office,1,2,,,ok_group,agree,agree
13,TRV,VIT 34,Grenada,Port of Spain,office,1,9,,,ok_group,agree,agree
13,TRV,VIT 34,Grenada,Riyadh,office,,1,,,ok_group,empty,agree
13,TRV,VIT 34,Grenada,Vienna,office,,2,,,ok_group,empty,agree
13,TRV,VIT 34,Grenada,Warsaw,office,,1,,,ok_group,empty,agree
13,TRV,VIT 34,Guatemala,,citizenship,24,71,24,71,reconciled,agree,majority
13,TRV,VIT 34,Guatemala,Case Processing Centre Ottawa,office,5,11,,,ok_group,agree,agree
13,TRV,VIT 34,Guatemala,Mexico City,office,19,56,,,ok_group,agree,agree
13,TRV,VIT 34,Guatemala,Vancouver Immiadration,office,,1,,,ok_group,empty,agree
13,TRV,VIT 34,Guatemala,Washinaton,office,,3,,,ok_group,empty,agree
13,TRV,VIT 34,"Guinea, Republic of",,citizenship,11,20,2,52,MISMATCH,agree,majority
14,TRV,VIT 34,"Guinea, Republic of",Abu Dhabi,office,,1,,,IN_FAILED_GROUP,empty,agree
14,TRV,VIT 34,"Guinea, Republic of",Beiiing,office,1,2,,,IN_FAILED_GROUP,agree,agree
14,TRV,VIT 34,"Guinea, Republic of",Beirut,office,,1,,,IN_FAILED_GROUP,empty,agree
14,TRV,VIT 34,"Guinea, Republic of",Case Processing Centre Ottawa,office,1,3,,,IN_FAILED_GROUP,agree,agree
14,TRV,VIT 34,"Guinea, Republic of",Dakar,office,,28,,,IN_FAILED_GROUP,none,agree
14,TRV,VIT 34,"Guinea, Republic of",Mexico City,office,,2,,,IN_FAILED_GROUP,empty,agree
14,TRV,VIT 34,"Guinea, Republic of",Ottawa IR,office,,1,,,IN_FAILED_GROUP,empty,agree
14,TRV,VIT 34,"Guinea, Republic of",Paris,office,,4,,,IN_FAILED_GROUP,empty,agree
14,TRV,VIT 34,"Guinea, Republic of",Pretoria,office,,1,,,IN_FAILED_GROUP,empty,agree
14,TRV,VIT 34,"Guinea, Republic of",Riyadh,office,,3,,,IN_FAILED_GROUP,empty,agree
14,TRV,VIT 34,"Guinea, Republic of",RROC,office,,3,,,IN_FAILED_GROUP,empty,agree
14,TRV,VIT 34,"Guinea, Republic of",Vancouver Immiadration,office,,1,,,IN_FAILED_GROUP,empty,agree
14,TRV,VIT 34,"Guinea, Republic of",Warsaw,office,,1,,,IN_FAILED_GROUP,empty,agree
14,TRV,VIT 34,"Guinea, Republic of",Winnipeg,office,,1,,,IN_FAILED_GROUP,empty,agree
14,TRV,VIT 34,Guinea-Bissau,,citizenship,,1,0,1,reconciled,empty,agree
14,TRV,VIT 34,Guinea-Bissau,RROC,office,,1,,,ok_group,empty,agree
14,TRV,VIT 34,Guyana,,citizenship,4,20,4,20,reconciled,agree,agree
14,TRV,VIT 34,Guyana,Abu Dhabi,office,,1,,,ok_group,empty,agree
14,TRV,VIT 34,Guyana,Beiiing,office,,1,,,ok_group,empty,agree
14,TRV,VIT 34,Guyana,Case Processing Centre Ottawa,office,4,8,,,ok_group,agree,agree
14,TRV,VIT 34,Guyana,CN China,office,,1,,,ok_group,empty,agree
14,TRV,VIT 34,Guyana,Port of Spain,office,,6,,,ok_group,empty,agree
14,TRV,VIT 34,Guyana,Riyadh,office,,2,,,ok_group,empty,agree
14,TRV,VIT 34,Guyana,RROC,office,,1,,,ok_group,empty,agree
14,TRV,VIT 34,Haiti,,citizenship,39,216,39,216,reconciled,agree,agree
14,TRV,VIT 34,Haiti,Beiiing,office,1,1,,,ok_group,agree,agree
14,TRV,VIT 34,Haiti,Calgary Citizenship and Immiaration,office,,1,,,ok_group,empty,agree
14,TRV,VIT 34,Haiti,Case Processing Centre Ottawa,office,14,24,,,ok_group,agree,agree
14,TRV,VIT 34,Haiti,Kingston Jamaica,office,,1,,,ok_group,empty,agree
14,TRV,VIT 34,Haiti,Manila,office,,1,,,ok_group,empty,agree
14,TRV,VIT 34,Haiti,Mexico City,office,22,178,,,ok_group,agree,agree
14,TRV,VIT 34,Haiti,Paris,office,,4,,,ok_group,empty,agree
14,TRV,VIT 34,Haiti,Vancouver Immiadration,office,2,3,,,ok_group,agree,agree
14,TRV,VIT 34,Haiti,Washinaton,office,,1,,,ok_group,empty,agree
14,TRV,VIT 34,Haiti,Winnipeg,office,,2,,,ok_group,empty,agree
14,TRV,VIT 34,Honduras,,citizenship,19,59,19,59,reconciled,agree,agree
14,TRV,VIT 34,Honduras,Ankara,office,,1,,,ok_group,empty,agree
14,TRV,VIT 34,Honduras,Beiiing,office,,1,,,ok_group,empty,agree
14,TRV,VIT 34,Honduras,Case Processing Centre Ottawa,office,,1,,,ok_group,empty,agree
14,TRV,VIT 34,Honduras,London Enaland,office,1,1,,,ok_group,agree,agree
14,TRV,VIT 34,Honduras,Mexico City,office,18,51,,,ok_group,agree,majority
14,TRV,VIT 34,Honduras,Port-Au-Prince,office,,1,,,ok_group,empty,agree
14,TRV,VIT 34,Honduras,RROC,office,,1,,,ok_group,empty,agree
14,TRV,VIT 34,Honduras,Tel Aviv,office,,1,,,ok_group,empty,agree
14,TRV,VIT 34,Honduras,Whitehorse IRCC,office,,1,,,ok_group,empty,agree
14,TRV,VIT 34,Hong Kong SAR,,citizenship,6,12,6,12,reconciled,majority,agree
14,TRV,VIT 34,Hong Kong SAR,Beiiing,office,1,2,,,ok_group,agree,agree
14,TRV,VIT 34,Hong Kong SAR,Case Processing Centre Ottawa,office,1,1,,,ok_group,agree,agree
14,TRV,VIT 34,Hong Kong SAR,CN China,office,,1,,,ok_group,empty,agree
14,TRV,VIT 34,Hong Kong SAR,CN South Asia,office,1,1,,,ok_group,agree,agree
14,TRV,VIT 34,Hong Kong SAR,Hong Kona,office,,1,,,ok_group,empty,agree
14,TRV,VIT 34,Hong Kong SAR,RROC,office,2,5,,,ok_group,agree,agree
14,TRV,VIT 34,Hong Kong SAR,Vancouver Immiadration,office,1,1,,,ok_group,agree,agree
14,TRV,VIT 34,Hungary,,citizenship,1,1,1,1,reconciled,agree,agree
14,TRV,VIT 34,Hungary,RROC,office,1,1,,,ok_group,agree,agree
14,TRV,VIT 34,Iceland,,citizenship,,1,0,1,reconciled,empty,agree
14,TRV,VIT 34,Iceland,Case Processing Centre Ottawa,office,,1,,,ok_group,empty,agree
14,TRV,VIT 34,India,,citizenship,2020,6081,2020,6081,reconciled,agree,agree
14,TRV,VIT 34,India,Abu Dhabi,office,2,68,,,ok_group,agree,agree
14,TRV,VIT 34,India,Amman,office,,7,,,ok_group,empty,agree
14,TRV,VIT 34,India,Ankara,office,1,6,,,ok_group,agree,agree
14,TRV,VIT 34,India,Banaalore,office,,62,,,ok_group,empty,agree
14,TRV,VIT 34,India,Banakok,office,2,2,,,ok_group,agree,agree
14,TRV,VIT 34,India,Beiiing,office,2,13,,,ok_group,agree,agree
14,TRV,VIT 34,India,Bucharest,office,,1,,,ok_group,empty,agree
14,TRV,VIT 34,India,Buenos Aires,office,1,2,,,ok_group,agree,agree
14,TRV,VIT 34,India,Calgary Citizenship and Immiaration,office,,2,,,ok_group,empty,agree
14,TRV,VIT 34,India,Case Processing Centre Edmonton,office,,16,,,ok_group,empty,agree
14,TRV,VIT 34,India,Case Processing Centre Ottawa,office,494,1269,,,ok_group,agree,agree
14,TRV,VIT 34,India,Case Review Citizenship And Immiar,office,3,4,,,ok_group,agree,agree
14,TRV,VIT 34,India,Chandigarh,office,,351,,,ok_group,empty,agree
14,TRV,VIT 34,India,CN India,office,1134,2568,,,ok_group,agree,majority
14,TRV,VIT 34,India,CN Iran,office,,1,,,ok_group,empty,agree
14,TRV,VIT 34,India,CN Middle East,office,7,8,,,ok_group,agree,agree
14,TRV,VIT 34,India,CN North Africa,office,2,2,,,ok_group,agree,agree
14,TRV,VIT 34,India,Dakar,office,,1,,,ok_group,empty,agree
14,TRV,VIT 34,India,EPIC - Electronic Processing and Inti,office,1,1,,,ok_group,agree,agree
14,TRV,VIT 34,India,Guanadzhou,office,,1,,,ok_group,empty,agree
14,TRV,VIT 34,India,Ho Chi Minh City Vietnam,office,1,2,,,ok_group,agree,agree
14,TRV,VIT 34,India,Hong Kona,office,16,17,,,ok_group,agree,agree
14,TRV,VIT 34,India,Islamabad,office,,1,,,ok_group,empty,agree
14,TRV,VIT 34,India,Kingston Jamaica,office,1,1,,,ok_group,agree,agree
14,TRV,VIT 34,India,Laqos,office,,1,,,ok_group,empty,agree
14,TRV,VIT 34,India,London Enaland,office,16,30,,,ok_group,agree,agree
14,TRV,VIT 34,India,Manila,office,,1,,,ok_group,empty,agree
14,TRV,VIT 34,India,Manila Global Operations Centre,office,1,1,,,ok_group,agree,agree
14,TRV,VIT 34,India,Mexico City,office,1,1,,,ok_group,agree,agree
14,TRV,VIT 34,India,Moscow,office,,2,,,ok_group,empty,agree
14,TRV,VIT 34,India,Nairobi,office,3,5,,,ok_group,agree,agree
14,TRV,VIT 34,India,New Delhi,office,112,842,,,ok_group,agree,agree
14,TRV,VIT 34,India,New York,office,,2,,,ok_group,empty,agree
14,TRV,VIT 34,India,Operations Support Centre,office,165,567,,,ok_group,agree,agree
14,TRV,VIT 34,India,Paris,office,3,16,,,ok_group,agree,agree
14,TRV,VIT 34,India,Pretoria,office,2,9,,,ok_group,agree,agree
14,TRV,VIT 34,India,Riyadh,office,,14,,,ok_group,empty,agree
14,TRV,VIT 34,India,Rome,office,16,32,,,ok_group,agree,agree
14,TRV,VIT 34,India,RROC,office,16,86,,,ok_group,agree,agree
14,TRV,VIT 34,India,Shanghai,office,,1,,,ok_group,empty,agree
14,TRV,VIT 34,India,Singapore,office,,2,,,ok_group,empty,agree
14,TRV,VIT 34,India,Sydney Australia,office,10,24,,,ok_group,agree,agree
14,TRV,VIT 34,India,Tunis,office,,1,,,ok_group,empty,agree
14,TRV,VIT 34,India,Vancouver Immiadration,office,1,3,,,ok_group,agree,agree
14,TRV,VIT 34,India,Vienna,office,2,8,,,ok_group,agree,agree
14,TRV,VIT 34,India,Warsaw,office,,3,,,ok_group,empty,agree
14,TRV,VIT 34,India,Washinaton,office,4,22,,,ok_group,agree,agree
14,TRV,VIT 34,India,Whitehorse IRCC,office,1,2,,,ok_group,agree,agree
14,TRV,VIT 34,Iran,,citizenship,2033,20907,1896,20785,MISMATCH,agree,majority
14,TRV,VIT 34,Iran,Abu Dhabi,office,1,1,,,IN_FAILED_GROUP,agree,majority
15,TRV,VIT 34,Iran,Accra,office,,2,,,IN_FAILED_GROUP,empty,agree
15,TRV,VIT 34,Iran,Amman,office,3,23,,,IN_FAILED_GROUP,agree,agree
15,TRV,VIT 34,Iran,Ankara,office,11,2913,,,IN_FAILED_GROUP,agree,agree
15,TRV,VIT 34,Iran,Banaalore,office,,5,,,IN_FAILED_GROUP,empty,agree
15,TRV,VIT 34,Iran,Beiiing,office,4,29,,,IN_FAILED_GROUP,agree,agree
15,TRV,VIT 34,Iran,Beirut,office,,3,,,IN_FAILED_GROUP,empty,agree
15,TRV,VIT 34,Iran,Boqota,office,2,5,,,IN_FAILED_GROUP,agree,agree
15,TRV,VIT 34,Iran,Bucharest,office,,5,,,IN_FAILED_GROUP,empty,agree
15,TRV,VIT 34,Iran,Bucharest Global Operations Centre,office,1,1,,,IN_FAILED_GROUP,agree,agree
15,TRV,VIT 34,Iran,Buenos Aires,office,,2,,,IN_FAILED_GROUP,empty,agree
15,TRV,VIT 34,Iran,Cairo,office,,5,,,IN_FAILED_GROUP,empty,agree
15,TRV,VIT 34,Iran,Case Processing Centre Edmonton,office,,42,,,IN_FAILED_GROUP,empty,agree
15,TRV,VIT 34,Iran,Case Processing Centre Ottawa,office,529,9033,,,IN_FAILED_GROUP,agree,agree
15,TRV,VIT 34,Iran,Case Review Citizenship And Immiar,office,,16,,,IN_FAILED_GROUP,empty,agree
15,TRV,VIT 34,Iran,CN Americas,office,,2,,,IN_FAILED_GROUP,empty,agree
15,TRV,VIT 34,Iran,CN China,office,1,6,,,IN_FAILED_GROUP,agree,agree
15,TRV,VIT 34,Iran,CN India,office,1,3,,,IN_FAILED_GROUP,agree,agree
15,TRV,VIT 34,Iran,CN Iran,office,1054,6255,,,IN_FAILED_GROUP,agree,agree
15,TRV,VIT 34,Iran,CN Middle East,office,4,7,,,IN_FAILED_GROUP,agree,agree
15,TRV,VIT 34,Iran,CN North Africa,office,,3,,,IN_FAILED_GROUP,empty,agree
15,TRV,VIT 34,Iran,Hong Kona,office,2,8,,,IN_FAILED_GROUP,agree,agree
15,TRV,VIT 34,Iran,London Enaland,office,133,523,,,IN_FAILED_GROUP,agree,agree
15,TRV,VIT 34,Iran,Manila,office,5,10,,,IN_FAILED_GROUP,agree,agree
15,TRV,VIT 34,Iran,Mexico City,office,1,4,,,IN_FAILED_GROUP,agree,agree
15,TRV,VIT 34,Iran,Moscow,office,,1,,,IN_FAILED_GROUP,empty,agree
15,TRV,VIT 34,Iran,NCMS Innovation Science And Techr,office,,1,,,IN_FAILED_GROUP,empty,agree
15,TRV,VIT 34,Iran,New York,office,,11,,,IN_FAILED_GROUP,empty,agree
15,TRV,VIT 34,Iran,Operations Support Centre,office,,552,,,IN_FAILED_GROUP,empty,majority
15,TRV,VIT 34,Iran,Paris,office,17,239,,,IN_FAILED_GROUP,agree,agree
15,TRV,VIT 34,Iran,Port of Spain,office,1,4,,,IN_FAILED_GROUP,agree,agree
15,TRV,VIT 34,Iran,Pretoria,office,12,32,,,IN_FAILED_GROUP,agree,agree
15,TRV,VIT 34,Iran,Riyadh,office,,8,,,IN_FAILED_GROUP,empty,agree
15,TRV,VIT 34,Iran,Rome,office,27,128,,,IN_FAILED_GROUP,agree,agree
15,TRV,VIT 34,Iran,RROC,office,5,32,,,IN_FAILED_GROUP,agree,agree
15,TRV,VIT 34,Iran,Sao Paulo,office,2,14,,,IN_FAILED_GROUP,agree,agree
15,TRV,VIT 34,Iran,Singapore,office,1,40,,,IN_FAILED_GROUP,agree,agree
15,TRV,VIT 34,Iran,Sydney Australia,office,4,184,,,IN_FAILED_GROUP,majority,agree
15,TRV,VIT 34,Iran,Vienna,office,72,596,,,IN_FAILED_GROUP,majority,agree
15,TRV,VIT 34,Iran,Warsaw,office,3,33,,,IN_FAILED_GROUP,agree,agree
15,TRV,VIT 34,Iran,Washinaton,office,,4,,,IN_FAILED_GROUP,empty,agree
15,TRV,VIT 34,Iraq,,citizenship,114,1673,111,1673,MISMATCH,agree,agree
15,TRV,VIT 34,Iraq,Abu Dhabi,office,1,49,,,IN_FAILED_GROUP,agree,agree
15,TRV,VIT 34,Iraq,Amman,office,45,958,,,IN_FAILED_GROUP,agree,agree
15,TRV,VIT 34,Iraq,Ankara,office,4,112,,,IN_FAILED_GROUP,agree,agree
15,TRV,VIT 34,Iraq,Banakok,office,1,1,,,IN_FAILED_GROUP,agree,agree
15,TRV,VIT 34,Iraq,Beiiing,office,,1,,,IN_FAILED_GROUP,empty,agree
15,TRV,VIT 34,Iraq,Beirut,office,,26,,,IN_FAILED_GROUP,empty,agree
15,TRV,VIT 34,Iraq,Bucharest,office,,1,,,IN_FAILED_GROUP,empty,agree
15,TRV,VIT 34,Iraq,Cairo,office,,3,,,IN_FAILED_GROUP,empty,agree
15,TRV,VIT 34,Iraq,Calgary Citizenship and Immiaration,office,,2,,,IN_FAILED_GROUP,empty,agree
15,TRV,VIT 34,Iraq,Case Processing Centre Edmonton,office,,2,,,IN_FAILED_GROUP,empty,agree
15,TRV,VIT 34,Iraq,Case Processing Centre Ottawa,office,17,249,,,IN_FAILED_GROUP,agree,agree
15,TRV,VIT 34,Iraq,CN Middle East,office,3,6,,,IN_FAILED_GROUP,agree,agree
15,TRV,VIT 34,Iraq,CN North Africa,office,4,4,,,IN_FAILED_GROUP,agree,agree
15,TRV,VIT 34,Iraq,CN South Asia,office,5,7,,,IN_FAILED_GROUP,agree,agree
15,TRV,VIT 34,Iraq,Dakar,office,,3,,,IN_FAILED_GROUP,empty,agree
15,TRV,VIT 34,Iraq,Dar-Es-Salaam,office,,4,,,IN_FAILED_GROUP,empty,agree
15,TRV,VIT 34,Iraq,Islamabad,office,,1,,,IN_FAILED_GROUP,empty,agree
15,TRV,VIT 34,Iraq,London Enaland,office,8,58,,,IN_FAILED_GROUP,agree,agree
15,TRV,VIT 34,Iraq,Manila,office,,2,,,IN_FAILED_GROUP,empty,agree
15,TRV,VIT 34,Iraq,Mexico City,office,,2,,,IN_FAILED_GROUP,empty,agree
15,TRV,VIT 34,Iraq,Nairobi,office,,1,,,IN_FAILED_GROUP,empty,agree
15,TRV,VIT 34,Iraq,New York,office,,3,,,IN_FAILED_GROUP,empty,agree
15,TRV,VIT 34,Iraq,Operational Performance Manageme,office,,1,,,IN_FAILED_GROUP,empty,agree
15,TRV,VIT 34,Iraq,Paris,office,5,23,,,IN_FAILED_GROUP,agree,agree
15,TRV,VIT 34,Iraq,Pretoria,office,,1,,,IN_FAILED_GROUP,empty,agree
15,TRV,VIT 34,Iraq,Riyadh,office,,3,,,IN_FAILED_GROUP,empty,agree
15,TRV,VIT 34,Iraq,Rome,office,,3,,,IN_FAILED_GROUP,empty,agree
15,TRV,VIT 34,Iraq,RROC,office,5,46,,,IN_FAILED_GROUP,agree,agree
15,TRV,VIT 34,Iraq,Sao Paulo,office,,1,,,IN_FAILED_GROUP,empty,agree
15,TRV,VIT 34,Iraq,Singapore,office,,1,,,IN_FAILED_GROUP,empty,agree
15,TRV,VIT 34,Iraq,Sydney Australia,office,3,24,,,IN_FAILED_GROUP,agree,agree
15,TRV,VIT 34,Iraq,Tunis,office,,1,,,IN_FAILED_GROUP,empty,agree
15,TRV,VIT 34,Iraq,Vancouver Immiadration,office,4,10,,,IN_FAILED_GROUP,agree,agree
15,TRV,VIT 34,Iraq,Vienna,office,4,38,,,IN_FAILED_GROUP,agree,agree
15,TRV,VIT 34,Iraq,Warsaw,office,,2,,,IN_FAILED_GROUP,empty,agree
15,TRV,VIT 34,Iraq,Washinaton,office,1,20,,,IN_FAILED_GROUP,agree,agree
15,TRV,VIT 34,Iraq,Whitehorse IRCC,office,1,4,,,IN_FAILED_GROUP,agree,agree
15,TRV,VIT 34,Israel,,citizenship,7,42,8,42,MISMATCH,majority,agree
15,TRV,VIT 34,Israel,Case Processing Centre Ottawa,office,1,2,,,IN_FAILED_GROUP,agree,agree
15,TRV,VIT 34,Israel,CN Middle East,office,,1,,,IN_FAILED_GROUP,empty,agree
15,TRV,VIT 34,Israel,Guanadzhou,office,,2,,,IN_FAILED_GROUP,empty,agree
15,TRV,VIT 34,Israel,London Enaland,office,,1,,,IN_FAILED_GROUP,empty,agree
15,TRV,VIT 34,Israel,RROC,office,,20,,,IN_FAILED_GROUP,none,agree
15,TRV,VIT 34,Israel,Tel Aviv,office,1,6,,,IN_FAILED_GROUP,agree,agree
15,TRV,VIT 34,Israel,Vancouver Immiadration,office,1,1,,,IN_FAILED_GROUP,agree,agree
15,TRV,VIT 34,Israel,Vienna,office,,2,,,IN_FAILED_GROUP,empty,agree
15,TRV,VIT 34,Israel,Warsaw,office,5,6,,,IN_FAILED_GROUP,agree,agree
15,TRV,VIT 34,Israel,Washinaton,office,,1,,,IN_FAILED_GROUP,empty,agree
15,TRV,VIT 34,Italy,,citizenship,1,2,1,2,reconciled,agree,agree
15,TRV,VIT 34,Italy,RROC,office,1,2,,,ok_group,agree,agree
15,TRV,VIT 34,Jamaica,,citizenship,26,64,26,64,reconciled,agree,agree
15,TRV,VIT 34,Jamaica,Beiiing,office,,1,,,ok_group,empty,agree
15,TRV,VIT 34,Jamaica,Case Processing Centre Ottawa,office,22,49,,,ok_group,agree,agree
15,TRV,VIT 34,Jamaica,CN Middle East,office,1,1,,,ok_group,agree,agree
15,TRV,VIT 34,Jamaica,Kingston Jamaica,office,2,5,,,ok_group,agree,agree
15,TRV,VIT 34,Jamaica,London Enaland,office,1,1,,,ok_group,agree,agree
15,TRV,VIT 34,Jamaica,Mexico City,office,,1,,,ok_group,empty,agree
15,TRV,VIT 34,Jamaica,New York,office,,1,,,ok_group,empty,agree
15,TRV,VIT 34,Jamaica,Paris,office,,1,,,ok_group,empty,agree
15,TRV,VIT 34,Jamaica,RROC,office,,1,,,ok_group,empty,agree
15,TRV,VIT 34,Jamaica,Vancouver Immiadration,office,,1,,,ok_group,empty,agree
15,TRV,VIT 34,Jamaica,Washinaton,office,,1,,,ok_group,empty,agree
15,TRV,VIT 34,Jamaica,Whitehorse IRCC,office,,1,,,ok_group,empty,agree
15,TRV,VIT 34,Jordan,,citizenship,49,1199,49,1199,reconciled,agree,agree
15,TRV,VIT 34,Jordan,Abu Dhabi,office,1,46,,,ok_group,agree,agree
15,TRV,VIT 34,Jordan,Amman,office,21,642,,,ok_group,majority,agree
15,TRV,VIT 34,Jordan,Ankara,office,,68,,,ok_group,empty,agree
16,TRV,VIT 34,Jordan,Beiiing,office,,2,,,ok_group,empty,agree
16,TRV,VIT 34,Jordan,Beirut,office,,5,,,ok_group,empty,agree
16,TRV,VIT 34,Jordan,Cairo,office,,1,,,ok_group,empty,agree
16,TRV,VIT 34,Jordan,Case Processing Centre Edmonton,office,,8,,,ok_group,empty,agree
16,TRV,VIT 34,Jordan,Case Processing Centre Ottawa,office,12,266,,,ok_group,agree,agree
16,TRV,VIT 34,Jordan,CN Iran,office,1,1,,,ok_group,agree,agree
16,TRV,VIT 34,Jordan,CN Middle East,office,,3,,,ok_group,empty,agree
16,TRV,VIT 34,Jordan,Dakar,office,,1,,,ok_group,empty,agree
16,TRV,VIT 34,Jordan,Dar-Es-Salaam,office,,6,,,ok_group,empty,agree
16,TRV,VIT 34,Jordan,London Enaland,office,,11,,,ok_group,empty,agree
16,TRV,VIT 34,Jordan,New York,office,,2,,,ok_group,empty,agree
16,TRV,VIT 34,Jordan,Operational Performance Manageme,office,,1,,,ok_group,empty,agree
16,TRV,VIT 34,Jordan,Operations Support Centre,office,5,17,,,ok_group,agree,agree
16,TRV,VIT 34,Jordan,Paris,office,,1,,,ok_group,empty,agree
16,TRV,VIT 34,Jordan,Rabat,office,1,2,,,ok_group,agree,agree
16,TRV,VIT 34,Jordan,Riyadh,office,,36,,,ok_group,empty,agree
16,TRV,VIT 34,Jordan,Rome,office,,2,,,ok_group,empty,agree
16,TRV,VIT 34,Jordan,RROC,office,,4,,,ok_group,empty,agree
16,TRV,VIT 34,Jordan,Sydney Australia,office,,3,,,ok_group,empty,agree
16,TRV,VIT 34,Jordan,Tel Aviv,office,4,59,,,ok_group,agree,agree
16,TRV,VIT 34,Jordan,Vienna,office,2,8,,,ok_group,agree,agree
16,TRV,VIT 34,Jordan,Washinaton,office,1,2,,,ok_group,agree,agree
16,TRV,VIT 34,Jordan,Whitehorse IRCC,office,1,2,,,ok_group,agree,agree
16,TRV,VIT 34,Kazakhstan,,citizenship,40,245,40,245,reconciled,agree,agree
16,TRV,VIT 34,Kazakhstan,Amman,office,,1,,,ok_group,empty,agree
16,TRV,VIT 34,Kazakhstan,Case Processing Centre Ottawa,office,5,17,,,ok_group,agree,agree
16,TRV,VIT 34,Kazakhstan,London Enaland,office,1,11,,,ok_group,agree,agree
16,TRV,VIT 34,Kazakhstan,Mexico City,office,,1,,,ok_group,empty,agree
16,TRV,VIT 34,Kazakhstan,Moscow,office,2,84,,,ok_group,agree,agree
16,TRV,VIT 34,Kazakhstan,Operations Support Centre,office,1,1,,,ok_group,agree,agree
16,TRV,VIT 34,Kazakhstan,Ottawa IR,office,,5,,,ok_group,empty,agree
16,TRV,VIT 34,Kazakhstan,Paris,office,,1,,,ok_group,empty,agree
16,TRV,VIT 34,Kazakhstan,Rome,office,,1,,,ok_group,empty,agree
16,TRV,VIT 34,Kazakhstan,RROC,office,1,3,,,ok_group,agree,agree
16,TRV,VIT 34,Kazakhstan,Vienna,office,1,4,,,ok_group,agree,agree
16,TRV,VIT 34,Kazakhstan,Warsaw,office,28,110,,,ok_group,agree,agree
16,TRV,VIT 34,Kazakhstan,Washinaton,office,1,6,,,ok_group,agree,agree
16,TRV,VIT 34,Kenya,,citizenship,14,137,14,137,reconciled,agree,agree
16,TRV,VIT 34,Kenya,Abu Dhabi,office,,3,,,ok_group,empty,agree
16,TRV,VIT 34,Kenya,Amman,office,,3,,,ok_group,empty,agree
16,TRV,VIT 34,Kenya,Calgary Citizenship and Immiaration,office,,7,,,ok_group,empty,agree
16,TRV,VIT 34,Kenya,Case Processing Centre Ottawa,office,4,13,,,ok_group,agree,agree
16,TRV,VIT 34,Kenya,CN North Africa,office,3,3,,,ok_group,agree,agree
16,TRV,VIT 34,Kenya,London Enaland,office,,1,,,ok_group,empty,agree
16,TRV,VIT 34,Kenya,Mexico City,office,1,1,,,ok_group,agree,agree
16,TRV,VIT 34,Kenya,Nairobi,office,2,89,,,ok_group,agree,agree
16,TRV,VIT 34,Kenya,Operations Support Centre,office,3,3,,,ok_group,agree,agree
16,TRV,VIT 34,Kenya,Ottawa IR,office,,5,,,ok_group,empty,agree
16,TRV,VIT 34,Kenya,Paris,office,,2,,,ok_group,empty,agree
16,TRV,VIT 34,Kenya,Riyadh,office,,1,,,ok_group,empty,agree
16,TRV,VIT 34,Kenya,RROC,office,1,2,,,ok_group,agree,agree
16,TRV,VIT 34,Kenya,Washinaton,office,,4,,,ok_group,empty,agree
16,TRV,VIT 34,"Korea, People's Democratic Republic of",,citizenship,,32,9,32,MISMATCH,none,agree
16,TRV,VIT 34,"Korea, People's Democratic Republic of",Beiiing,office,9,29,,,IN_FAILED_GROUP,agree,agree
16,TRV,VIT 34,"Korea, People's Democratic Republic of",New York,office,,1,,,IN_FAILED_GROUP,empty,agree
16,TRV,VIT 34,"Korea, People's Democratic Republic of",Washinaton,office,,2,,,IN_FAILED_GROUP,empty,agree
16,TRV,VIT 34,"Korea, Republic of",,citizenship,1,4,1,4,reconciled,agree,agree
16,TRV,VIT 34,"Korea, Republic of",Case Processing Centre Ottawa,office,1,1,,,ok_group,agree,agree
16,TRV,VIT 34,"Korea, Republic of",Moscow,office,,1,,,ok_group,empty,agree
16,TRV,VIT 34,"Korea, Republic of",RROC,office,,2,,,ok_group,empty,agree
16,TRV,VIT 34,"Kosovo, Republic of",,citizenship,6,84,6,84,reconciled,agree,agree
16,TRV,VIT 34,"Kosovo, Republic of",Abu Dhabi,office,,1,,,ok_group,empty,agree
16,TRV,VIT 34,"Kosovo, Republic of",Case Processing Centre Ottawa,office,1,3,,,ok_group,agree,agree
16,TRV,VIT 34,"Kosovo, Republic of",London Enaland,office,1,1,,,ok_group,agree,agree
16,TRV,VIT 34,"Kosovo, Republic of",Paris,office,1,5,,,ok_group,agree,agree
16,TRV,VIT 34,"Kosovo, Republic of",Vienna,office,3,72,,,ok_group,agree,agree
16,TRV,VIT 34,"Kosovo, Republic of",Washinaton,office,,2,,,ok_group,empty,agree
16,TRV,VIT 34,Kuwait,,citizenship,,26,0,26,reconciled,empty,agree
16,TRV,VIT 34,Kuwait,Abu Dhabi,office,,13,,,ok_group,empty,agree
16,TRV,VIT 34,Kuwait,Ankara,office,,1,,,ok_group,empty,agree
16,TRV,VIT 34,Kuwait,Beirut,office,,1,,,ok_group,empty,agree
16,TRV,VIT 34,Kuwait,Case Processing Centre Edmonton,office,,3,,,ok_group,empty,agree
16,TRV,VIT 34,Kuwait,Case Processing Centre Ottawa,office,,4,,,ok_group,empty,agree
16,TRV,VIT 34,Kuwait,London Enaland,office,,3,,,ok_group,empty,agree
16,TRV,VIT 34,Kuwait,Paris,office,,1,,,ok_group,empty,agree
16,TRV,VIT 34,Kyrayzstan,,citizenship,7,47,7,47,reconciled,agree,agree
16,TRV,VIT 34,Kyrayzstan,Abu Dhabi,office,,1,,,ok_group,empty,agree
16,TRV,VIT 34,Kyrayzstan,Case Processing Centre Ottawa,office,,1,,,ok_group,empty,agree
16,TRV,VIT 34,Kyrayzstan,London Enaland,office,,4,,,ok_group,empty,agree
16,TRV,VIT 34,Kyrayzstan,Moscow,office,,7,,,ok_group,empty,agree
16,TRV,VIT 34,Kyrayzstan,Operations Support Centre,office,,1,,,ok_group,empty,agree
16,TRV,VIT 34,Kyrayzstan,Ottawa IR,office,,1,,,ok_group,empty,agree
16,TRV,VIT 34,Kyrayzstan,Paris,office,1,1,,,ok_group,agree,agree
16,TRV,VIT 34,Kyrayzstan,RROC,office,,1,,,ok_group,empty,agree
16,TRV,VIT 34,Kyrayzstan,Vienna,office,2,2,,,ok_group,agree,agree
16,TRV,VIT 34,Kyrayzstan,Warsaw,office,4,24,,,ok_group,agree,agree
16,TRV,VIT 34,Kyrayzstan,Washinaton,office,,2,,,ok_group,empty,agree
16,TRV,VIT 34,Kyrayzstan,Whitehorse IRCC,office,,1,,,ok_group,empty,agree
16,TRV,VIT 34,Kyrayzstan,Winnipeg,office,,1,,,ok_group,empty,agree
16,TRV,VIT 34,Latvia,,citizenship,,1,0,1,reconciled,empty,agree
16,TRV,VIT 34,Latvia,Vienna,office,,1,,,ok_group,empty,agree
16,TRV,VIT 34,Lebanon,,citizenship,267,4314,267,4288,MISMATCH,agree,agree
16,TRV,VIT 34,Lebanon,Abu Dhabi,office,1,109,,,IN_FAILED_GROUP,agree,agree
16,TRV,VIT 34,Lebanon,Accra,office,,3,,,IN_FAILED_GROUP,empty,agree
16,TRV,VIT 34,Lebanon,Amman,office,,9,,,IN_FAILED_GROUP,empty,agree
16,TRV,VIT 34,Lebanon,Ankara,office,,260,,,IN_FAILED_GROUP,empty,agree
16,TRV,VIT 34,Lebanon,Beiiing,office,,1,,,IN_FAILED_GROUP,empty,agree
16,TRV,VIT 34,Lebanon,Beirut,office,220,3451,,,IN_FAILED_GROUP,agree,agree
16,TRV,VIT 34,Lebanon,Bucharest Global Operations Centre,office,,2,,,IN_FAILED_GROUP,empty,agree
16,TRV,VIT 34,Lebanon,Buenos Aires,office,,1,,,IN_FAILED_GROUP,empty,agree
16,TRV,VIT 34,Lebanon,Cairo,office,,5,,,IN_FAILED_GROUP,empty,agree
16,TRV,VIT 34,Lebanon,Calgary Citizenship and Immiaration,office,,1,,,IN_FAILED_GROUP,empty,agree
16,TRV,VIT 34,Lebanon,Case Processing Centre Edmonton,office,,2,,,IN_FAILED_GROUP,empty,agree
16,TRV,VIT 34,Lebanon,Case Processing Centre Ottawa,office,18,236,,,IN_FAILED_GROUP,agree,agree
16,TRV,VIT 34,Lebanon,CN Middle East,office,,2,,,IN_FAILED_GROUP,empty,agree
16,TRV,VIT 34,Lebanon,Dakar,office,1,6,,,IN_FAILED_GROUP,agree,agree
16,TRV,VIT 34,Lebanon,Laqos,office,,1,,,IN_FAILED_GROUP,empty,agree
16,TRV,VIT 34,Lebanon,London Enqland,office,10,2,,,IN_FAILED_GROUP,agree,majority
17,TRV,VIT 34,Lebanon,Los Angeles,office,,1,,,IN_FAILED_GROUP,empty,agree
17,TRV,VIT 34,Lebanon,Manila,office,,1,,,IN_FAILED_GROUP,empty,agree
17,TRV,VIT 34,Lebanon,Matching Centre,office,,1,,,IN_FAILED_GROUP,empty,agree
17,TRV,VIT 34,Lebanon,Mexico City,office,,2,,,IN_FAILED_GROUP,empty,agree
17,TRV,VIT 34,Lebanon,Nairobi,office,,1,,,IN_FAILED_GROUP,empty,agree
17,TRV,VIT 34,Lebanon,New York,office,,2,,,IN_FAILED_GROUP,empty,agree
17,TRV,VIT 34,Lebanon,Operations Support Centre,office,4,8,,,IN_FAILED_GROUP,agree,agree
17,TRV,VIT 34,Lebanon,Paris,office,3,41,,,IN_FAILED_GROUP,agree,agree
17,TRV,VIT 34,Lebanon,Pretoria,office,,8,,,IN_FAILED_GROUP,empty,agree
17,TRV,VIT 34,Lebanon,Riyadh,office,2,81,,,IN_FAILED_GROUP,agree,agree
17,TRV,VIT 34,Lebanon,Rome,office,1,8,,,IN_FAILED_GROUP,agree,agree
17,TRV,VIT 34,Lebanon,RROC,office,,7,,,IN_FAILED_GROUP,empty,agree
17,TRV,VIT 34,Lebanon,Sao Paulo,office,1,2,,,IN_FAILED_GROUP,agree,agree
17,TRV,VIT 34,Lebanon,Singapore,office,,1,,,IN_FAILED_GROUP,empty,agree
17,TRV,VIT 34,Lebanon,Sydney Australia,office,2,6,,,IN_FAILED_GROUP,agree,agree
17,TRV,VIT 34,Lebanon,Tunis,office,,2,,,IN_FAILED_GROUP,empty,agree
17,TRV,VIT 34,Lebanon,Vancouver Immiadration,office,,3,,,IN_FAILED_GROUP,empty,agree
17,TRV,VIT 34,Lebanon,Vienna,office,2,13,,,IN_FAILED_GROUP,agree,agree
17,TRV,VIT 34,Lebanon,Warsaw,office,,1,,,IN_FAILED_GROUP,empty,agree
17,TRV,VIT 34,Lebanon,Washinaton,office,1,4,,,IN_FAILED_GROUP,agree,agree
17,TRV,VIT 34,Lebanon,Whitehorse IRCC,office,1,2,,,IN_FAILED_GROUP,agree,agree
17,TRV,VIT 34,Lebanon,Winnipeg,office,,2,,,IN_FAILED_GROUP,empty,agree
17,TRV,VIT 34,Lesotho,,citizenship,,1,0,1,reconciled,empty,agree
17,TRV,VIT 34,Lesotho,Pretoria,office,,1,,,ok_group,empty,agree
17,TRV,VIT 34,Liberia,,citizenship,,5,0,5,reconciled,empty,agree
17,TRV,VIT 34,Liberia,Accra,office,,3,,,ok_group,empty,agree
17,TRV,VIT 34,Liberia,Case Processing Centre Ottawa,office,,1,,,ok_group,empty,agree
17,TRV,VIT 34,Liberia,Paris,office,,1,,,ok_group,empty,agree
17,TRV,VIT 34,Libya,,citizenship,40,846,40,846,reconciled,agree,agree
17,TRV,VIT 34,Libya,Abu Dhabi,office,,13,,,ok_group,empty,agree
17,TRV,VIT 34,Libya,Amman,office,,3,,,ok_group,empty,agree
17,TRV,VIT 34,Libya,Ankara,office,,6,,,ok_group,empty,agree
17,TRV,VIT 34,Libya,Buenos Aires,office,,3,,,ok_group,empty,agree
17,TRV,VIT 34,Libya,Case Processing Centre Edmonton,office,,2,,,ok_group,empty,agree
17,TRV,VIT 34,Libya,Case Processing Centre Ottawa,office,8,247,,,ok_group,agree,agree
17,TRV,VIT 34,Libya,London Enaland,office,,13,,,ok_group,empty,agree
17,TRV,VIT 34,Libya,Nairobi,office,,4,,,ok_group,empty,agree
17,TRV,VIT 34,Libya,Ottawa IR,office,,2,,,ok_group,empty,agree
17,TRV,VIT 34,Libya,Paris,office,28,146,,,ok_group,agree,agree
17,TRV,VIT 34,Libya,Pretoria,office,,10,,,ok_group,empty,agree
17,TRV,VIT 34,Libya,Rabat,office,,1,,,ok_group,empty,agree
17,TRV,VIT 34,Libya,Rome,office,1,2,,,ok_group,agree,agree
17,TRV,VIT 34,Libya,RROC,office,,14,,,ok_group,empty,agree
17,TRV,VIT 34,Libya,Singapore,office,,1,,,ok_group,empty,agree
17,TRV,VIT 34,Libya,Tunis,office,2,360,,,ok_group,agree,agree
17,TRV,VIT 34,Libya,Vienna,office,1,14,,,ok_group,agree,agree
17,TRV,VIT 34,Libya,Washinaton,office,,4,,,ok_group,empty,agree
17,TRV,VIT 34,Libya,Whitehorse IRCC,office,,1,,,ok_group,empty,agree
17,TRV,VIT 34,Macao SAR,,citizenship,5,19,5,19,reconciled,agree,agree
17,TRV,VIT 34,Macao SAR,Case Processing Centre Ottawa,office,,1,,,ok_group,empty,agree
17,TRV,VIT 34,Macao SAR,CN China,office,,2,,,ok_group,empty,agree
17,TRV,VIT 34,Macao SAR,Guanadzhou,office,,3,,,ok_group,empty,agree
17,TRV,VIT 34,Macao SAR,Hong Kona,office,5,12,,,ok_group,agree,agree
17,TRV,VIT 34,Macao SAR,Vancouver Immiadration,office,,1,,,ok_group,empty,agree
17,TRV,VIT 34,Macedonia,,citizenship,8,35,8,35,reconciled,agree,agree
17,TRV,VIT 34,Macedonia,Case Processing Centre Ottawa,office,1,3,,,ok_group,agree,agree
17,TRV,VIT 34,Macedonia,London Enaland,office,,2,,,ok_group,empty,agree
17,TRV,VIT 34,Macedonia,Moscow,office,,1,,,ok_group,empty,agree
17,TRV,VIT 34,Macedonia,Operations Support Centre,office,,1,,,ok_group,empty,agree
17,TRV,VIT 34,Macedonia,Vancouver Immiadration,office,,1,,,ok_group,empty,agree
17,TRV,VIT 34,Macedonia,Vienna,office,7,27,,,ok_group,agree,agree
17,TRV,VIT 34,Madaaascar,,citizenship,2,28,2,28,reconciled,agree,agree
17,TRV,VIT 34,Madaaascar,Calgary Citizenship and Immiaration,office,,1,,,ok_group,empty,agree
17,TRV,VIT 34,Madaaascar,Case Processing Centre Ottawa,office,,1,,,ok_group,empty,agree
17,TRV,VIT 34,Madaaascar,Operations Support Centre,office,,1,,,ok_group,empty,agree
17,TRV,VIT 34,Madaaascar,Pretoria,office,2,25,,,ok_group,agree,agree
17,TRV,VIT 34,Malawi,,citizenship,,9,0,9,reconciled,empty,agree
17,TRV,VIT 34,Malawi,Bucharest Global Operations Centre,office,,1,,,ok_group,empty,agree
17,TRV,VIT 34,Malawi,Case Processing Centre Ottawa,office,,1,,,ok_group,empty,agree
17,TRV,VIT 34,Malawi,Pretoria,office,,7,,,ok_group,empty,agree
17,TRV,VIT 34,Malaysia,,citizenship,3,38,3,38,reconciled,agree,agree
17,TRV,VIT 34,Malaysia,Beiiing,office,,6,,,ok_group,empty,agree
17,TRV,VIT 34,Malaysia,Case Processing Centre Ottawa,office,,4,,,ok_group,empty,agree
17,TRV,VIT 34,Malaysia,Guanadzhou,office,,1,,,ok_group,empty,agree
17,TRV,VIT 34,Malaysia,London Enaland,office,1,1,,,ok_group,agree,agree
17,TRV,VIT 34,Malaysia,Manila,office,,6,,,ok_group,empty,agree
17,TRV,VIT 34,Malaysia,Operations Support Centre,office,,1,,,ok_group,empty,agree
17,TRV,VIT 34,Malaysia,Paris,office,,1,,,ok_group,empty,agree
17,TRV,VIT 34,Malaysia,RROC,office,,1,,,ok_group,empty,agree
17,TRV,VIT 34,Malaysia,Shanghai,office,,1,,,ok_group,empty,agree
17,TRV,VIT 34,Malaysia,Singapore,office,1,12,,,ok_group,agree,agree
17,TRV,VIT 34,Malaysia,Sydney Australia,office,1,2,,,ok_group,agree,agree
17,TRV,VIT 34,Malaysia,Washinaton,office,,2,,,ok_group,empty,agree
17,TRV,VIT 34,"Maldives, Republic of",,citizenship,,1,0,1,reconciled,empty,agree
17,TRV,VIT 34,"Maldives, Republic of",Colombo,office,,1,,,ok_group,empty,agree
17,TRV,VIT 34,"Mali, Republic of",,citizenship,7,32,7,32,reconciled,agree,agree
17,TRV,VIT 34,"Mali, Republic of",Beiiing,office,,1,,,ok_group,empty,agree
17,TRV,VIT 34,"Mali, Republic of",CN China,office,,1,,,ok_group,empty,agree
17,TRV,VIT 34,"Mali, Republic of",Dakar,office,6,19,,,ok_group,agree,agree
17,TRV,VIT 34,"Mali, Republic of",Moscow,office,,1,,,ok_group,empty,agree
17,TRV,VIT 34,"Mali, Republic of",Ottawa IR,office,,1,,,ok_group,empty,agree
17,TRV,VIT 34,"Mali, Republic of",Paris,office,,4,,,ok_group,empty,agree
17,TRV,VIT 34,"Mali, Republic of",RROC,office,,1,,,ok_group,empty,agree
17,TRV,VIT 34,"Mali, Republic of",Singapore,office,,1,,,ok_group,empty,agree
17,TRV,VIT 34,"Mali, Republic of",Washinaton,office,1,3,,,ok_group,agree,agree
17,TRV,VIT 34,Malta,,citizenship,,1,0,1,reconciled,empty,agree
17,TRV,VIT 34,Malta,Tel Aviv,office,,1,,,ok_group,empty,agree
17,TRV,VIT 34,Mauritania,,citizenship,1,22,1,22,reconciled,agree,agree
17,TRV,VIT 34,Mauritania,Case Processing Centre Ottawa,office,,4,,,ok_group,empty,agree
17,TRV,VIT 34,Mauritania,Dakar,office,,4,,,ok_group,empty,agree
17,TRV,VIT 34,Mauritania,Paris,office,,8,,,ok_group,empty,agree
17,TRV,VIT 34,Mauritania,RROC,office,1,4,,,ok_group,agree,agree
17,TRV,VIT 34,Mauritania,Tunis,office,,1,,,ok_group,empty,agree
17,TRV,VIT 34,Mauritania,Winnipeg,office,,1,,,ok_group,empty,agree
17,TRV,VIT 34,Mauritius,,citizenship,8,65,8,65,reconciled,agree,agree
17,TRV,VIT 34,Mauritius,Case Processing Centre Ottawa,office,1,1,,,ok_group,agree,agree
17,TRV,VIT 34,Mauritius,London Enaland,office,,1,,,ok_group,empty,agree
17,TRV,VIT 34,Mauritius,Ottawa IR,office,,1,,,ok_group,empty,agree
18,TRV,VIT 34,Mauritius,Pretoria,office,7,59,,,ok_group,agree,agree
18,TRV,VIT 34,Mauritius,RROC,office,,3,,,ok_group,empty,agree
18,TRV,VIT 34,Mexico,,citizenship,127,323,127,323,reconciled,agree,agree
18,TRV,VIT 34,Mexico,Case Processing Centre Edmonton,office,,6,,,ok_group,empty,agree
18,TRV,VIT 34,Mexico,Case Processing Centre Ottawa,office,6,11,,,ok_group,agree,agree
18,TRV,VIT 34,Mexico,CN Americas,office,48,82,,,ok_group,agree,agree
18,TRV,VIT 34,Mexico,Mexico City,office,29,47,,,ok_group,agree,agree
18,TRV,VIT 34,Mexico,Operations Support Centre,office,42,170,,,ok_group,agree,agree
18,TRV,VIT 34,Mexico,RROC,office,1,5,,,ok_group,agree,agree
18,TRV,VIT 34,Mexico,Sydney Australia,office,1,1,,,ok_group,agree,agree
18,TRV,VIT 34,Mexico,Washinaton,office,,1,,,ok_group,empty,agree
18,TRV,VIT 34,Moldova,,citizenship,2,32,2,32,reconciled,agree,agree
18,TRV,VIT 34,Moldova,Ankara,office,,1,,,ok_group,empty,agree
18,TRV,VIT 34,Moldova,Bucharest,office,,21,,,ok_group,empty,agree
18,TRV,VIT 34,Moldova,Case Processing Centre Ottawa,office,,1,,,ok_group,empty,agree
18,TRV,VIT 34,Moldova,CN North Africa,office,1,1,,,ok_group,agree,agree
18,TRV,VIT 34,Moldova,London Enaland,office,,3,,,ok_group,empty,agree
18,TRV,VIT 34,Moldova,Paris,office,,1,,,ok_group,empty,agree
18,TRV,VIT 34,Moldova,RROC,office,1,1,,,ok_group,agree,agree
18,TRV,VIT 34,Moldova,Vienna,office,,1,,,ok_group,empty,agree
18,TRV,VIT 34,Moldova,Warsaw,office,,1,,,ok_group,empty,agree
18,TRV,VIT 34,Moldova,Whitehorse IRCC,office,,1,,,ok_group,empty,agree
18,TRV,VIT 34,"Mongolia, People's Republic of",,citizenship,3,31,3,31,reconciled,agree,agree
18,TRV,VIT 34,"Mongolia, People's Republic of",Beiiing,office,,4,,,ok_group,empty,agree
18,TRV,VIT 34,"Mongolia, People's Republic of",Case Processing Centre Ottawa,office,2,3,,,ok_group,agree,agree
18,TRV,VIT 34,"Mongolia, People's Republic of",Hong Kona,office,,18,,,ok_group,empty,agree
18,TRV,VIT 34,"Mongolia, People's Republic of",London Enaland,office,,1,,,ok_group,empty,agree
18,TRV,VIT 34,"Mongolia, People's Republic of",Paris,office,,1,,,ok_group,empty,agree
18,TRV,VIT 34,"Mongolia, People's Republic of",RROC,office,1,2,,,ok_group,agree,agree
18,TRV,VIT 34,"Mongolia, People's Republic of",Washinaton,office,,2,,,ok_group,empty,agree
18,TRV,VIT 34,"Monteneqro, Republic of",,citizenship,2,11,2,11,reconciled,agree,agree
18,TRV,VIT 34,"Monteneqro, Republic of",Paris,office,,1,,,ok_group,empty,agree
18,TRV,VIT 34,"Monteneqro, Republic of",RROC,office,,1,,,ok_group,empty,agree
18,TRV,VIT 34,"Monteneqro, Republic of",Vienna,office,2,9,,,ok_group,agree,agree
18,TRV,VIT 34,Morocco,,citizenship,106,691,106,691,reconciled,agree,agree
18,TRV,VIT 34,Morocco,Abu Dhabi,office,,10,,,ok_group,empty,agree
18,TRV,VIT 34,Morocco,Beiiing,office,,1,,,ok_group,empty,agree
18,TRV,VIT 34,Morocco,Case Processing Centre Ottawa,office,1,117,,,ok_group,agree,agree
18,TRV,VIT 34,Morocco,CN Iran,office,,4,,,ok_group,empty,agree
18,TRV,VIT 34,Morocco,CN North Africa,office,,6,,,ok_group,empty,agree
18,TRV,VIT 34,Morocco,London Enaland,office,1,6,,,ok_group,agree,agree
18,TRV,VIT 34,Morocco,New York,office,,1,,,ok_group,empty,agree
18,TRV,VIT 34,Morocco,Ottawa IR,office,,1,,,ok_group,empty,agree
18,TRV,VIT 34,Morocco,Paris,office,21,148,,,ok_group,agree,agree
18,TRV,VIT 34,Morocco,Rabat,office,82,367,,,ok_group,majority,agree
18,TRV,VIT 34,Morocco,Riyadh,office,,5,,,ok_group,empty,agree
18,TRV,VIT 34,Morocco,Rome,office,,7,,,ok_group,empty,agree
18,TRV,VIT 34,Morocco,RROC,office,,2,,,ok_group,empty,agree
18,TRV,VIT 34,Morocco,Vancouver Immiadration,office,,1,,,ok_group,empty,agree
18,TRV,VIT 34,Morocco,Vienna,office,,8,,,ok_group,empty,agree
18,TRV,VIT 34,Morocco,Warsaw,office,,2,,,ok_group,empty,agree
18,TRV,VIT 34,Morocco,Washinaton,office,1,3,,,ok_group,agree,agree
18,TRV,VIT 34,Morocco,Winnipeg,office,,2,,,ok_group,empty,agree
18,TRV,VIT 34,Mozambique,,citizenship,,2,0,2,reconciled,empty,agree
18,TRV,VIT 34,Mozambique,Amman,office,,1,,,ok_group,empty,agree
18,TRV,VIT 34,Mozambique,Pretoria,office,,1,,,ok_group,empty,agree
18,TRV,VIT 34,Myanmar (Burma),,citizenship,1,26,11,26,MISMATCH,majority,agree
18,TRV,VIT 34,Myanmar (Burma),Banakok,office,5,9,,,IN_FAILED_GROUP,agree,agree
18,TRV,VIT 34,Myanmar (Burma),Case Processing Centre Ottawa,office,,2,,,IN_FAILED_GROUP,empty,agree
18,TRV,VIT 34,Myanmar (Burma),Hong Kona,office,,1,,,IN_FAILED_GROUP,empty,agree
18,TRV,VIT 34,Myanmar (Burma),RROC,office,4,12,,,IN_FAILED_GROUP,agree,agree
18,TRV,VIT 34,Myanmar (Burma),Sydney Australia,office,2,2,,,IN_FAILED_GROUP,agree,agree
18,TRV,VIT 34,Namibia,,citizenship,,2,0,2,reconciled,empty,agree
18,TRV,VIT 34,Namibia,Pretoria,office,,2,,,ok_group,empty,agree
18,TRV,VIT 34,Nepal,,citizenship,67,132,427,132,MISMATCH,agree,agree
18,TRV,VIT 34,Nepal,Ankara,office,,2,,,IN_FAILED_GROUP,empty,agree
18,TRV,VIT 34,Nepal,Banaalore,office,,8,,,IN_FAILED_GROUP,empty,agree
18,TRV,VIT 34,Nepal,Banakok,office,400,55,,,IN_FAILED_GROUP,agree,majority
18,TRV,VIT 34,Nepal,Beiiing,office,1,4,,,IN_FAILED_GROUP,agree,agree
18,TRV,VIT 34,Nepal,Calgary Citizenship and Immiaration,office,,1,,,IN_FAILED_GROUP,empty,agree
18,TRV,VIT 34,Nepal,Case Processing Centre Ottawa,office,19,33,,,IN_FAILED_GROUP,agree,agree
18,TRV,VIT 34,Nepal,Chandigarh,office,,1,,,IN_FAILED_GROUP,empty,agree
18,TRV,VIT 34,Nepal,CN South Asia,office,1,1,,,IN_FAILED_GROUP,agree,agree
18,TRV,VIT 34,Nepal,Nairobi,office,1,1,,,IN_FAILED_GROUP,agree,agree
18,TRV,VIT 34,Nepal,New Delhi,office,,10,,,IN_FAILED_GROUP,empty,agree
18,TRV,VIT 34,Nepal,New York,office,,1,,,IN_FAILED_GROUP,empty,agree
18,TRV,VIT 34,Nepal,Port of Spain,office,,1,,,IN_FAILED_GROUP,empty,agree
18,TRV,VIT 34,Nepal,Pretoria,office,,1,,,IN_FAILED_GROUP,empty,agree
18,TRV,VIT 34,Nepal,RROC,office,1,1,,,IN_FAILED_GROUP,agree,agree
18,TRV,VIT 34,Nepal,Vancouver Immiadration,office,2,3,,,IN_FAILED_GROUP,agree,agree
18,TRV,VIT 34,Nepal,Washinaton,office,2,8,,,IN_FAILED_GROUP,agree,agree
18,TRV,VIT 34,Nepal,Whitehorse IRCC,office,,1,,,IN_FAILED_GROUP,empty,agree
18,TRV,VIT 34,Nicaraqua,,citizenship,4,17,4,17,reconciled,agree,agree
18,TRV,VIT 34,Nicaraqua,Ankara,office,,1,,,ok_group,empty,agree
18,TRV,VIT 34,Nicaraqua,Laqos,office,1,1,,,ok_group,agree,agree
18,TRV,VIT 34,Nicaraqua,Mexico City,office,3,15,,,ok_group,agree,agree
18,TRV,VIT 34,Nigeria,,citizenship,516,1533,516,1533,reconciled,majority,agree
18,TRV,VIT 34,Nigeria,Abu Dhabi,office,1,3,,,ok_group,agree,agree
18,TRV,VIT 34,Nigeria,Abuia,office,28,38,,,ok_group,agree,agree
18,TRV,VIT 34,Nigeria,Accra,office,,1,,,ok_group,empty,agree
18,TRV,VIT 34,Nigeria,Amman,office,,2,,,ok_group,empty,agree
18,TRV,VIT 34,Nigeria,Ankara,office,,2,,,ok_group,empty,agree
18,TRV,VIT 34,Nigeria,Beiiing,office,1,6,,,ok_group,agree,agree
18,TRV,VIT 34,Nigeria,Beirut,office,,2,,,ok_group,empty,agree
18,TRV,VIT 34,Nigeria,Calgary Citizenship and Immiaration,office,,3,,,ok_group,empty,agree
18,TRV,VIT 34,Nigeria,Case Processing Centre Ottawa,office,98,180,,,ok_group,agree,agree
18,TRV,VIT 34,Nigeria,CN China,office,,1,,,ok_group,empty,agree
18,TRV,VIT 34,Nigeria,CN North Africa,office,,1,,,ok_group,empty,agree
18,TRV,VIT 34,Nigeria,Dakar,office,1,3,,,ok_group,agree,agree
18,TRV,VIT 34,Nigeria,Kyiv,office,,3,,,ok_group,empty,agree
18,TRV,VIT 34,Nigeria,Laqos,office,351,951,,,ok_group,agree,agree
18,TRV,VIT 34,Nigeria,London Enaland,office,13,129,,,ok_group,agree,agree
18,TRV,VIT 34,Nigeria,Manila,office,1,1,,,ok_group,agree,agree
18,TRV,VIT 34,Nigeria,Mexico City,office,,2,,,ok_group,empty,agree
18,TRV,VIT 34,Nigeria,Nairobi,office,2,102,,,ok_group,agree,agree
18,TRV,VIT 34,Nigeria,New York,office,,3,,,ok_group,empty,agree
18,TRV,VIT 34,Nigeria,Operations Support Centre,office,3,13,,,ok_group,agree,agree
18,TRV,VIT 34,Nigeria,Ottawa IR,office,,6,,,ok_group,empty,agree
19,TRV,VIT 34,Nigeria,Paris,office,,9,,,ok_group,empty,agree
19,TRV,VIT 34,Nigeria,Pretoria,office,2,5,,,ok_group,agree,agree
19,TRV,VIT 34,Nigeria,Rabat,office,1,1,,,ok_group,agree,agree
19,TRV,VIT 34,Nigeria,Riyadh,office,,1,,,ok_group,empty,agree
19,TRV,VIT 34,Nigeria,Rome,office,,3,,,ok_group,empty,agree
19,TRV,VIT 34,Nigeria,RROC,office,10,25,,,ok_group,agree,agree
19,TRV,VIT 34,Nigeria,Sao Paulo,office,,1,,,ok_group,empty,agree
19,TRV,VIT 34,Nigeria,Sydney Australia,office,1,2,,,ok_group,agree,agree
19,TRV,VIT 34,Nigeria,Vancouver Immiadration,office,1,15,,,ok_group,agree,agree
19,TRV,VIT 34,Nigeria,Vienna,office,1,3,,,ok_group,agree,agree
19,TRV,VIT 34,Nigeria,Washinaton,office,1,13,,,ok_group,agree,agree
19,TRV,VIT 34,Nigeria,Whitehorse IRCC,office,,3,,,ok_group,empty,agree
19,TRV,VIT 34,Oman,,citizenship,1,11,1,11,reconciled,agree,agree
19,TRV,VIT 34,Oman,Abu Dhabi,office,1,8,,,ok_group,agree,agree
19,TRV,VIT 34,Oman,Case Processing Centre Ottawa,office,,1,,,ok_group,empty,agree
19,TRV,VIT 34,Oman,London Enaland,office,,1,,,ok_group,empty,agree
19,TRV,VIT 34,Oman,Paris,office,,1,,,ok_group,empty,agree
19,TRV,VIT 34,Other,,citizenship,1,10,1,10,reconciled,agree,agree
19,TRV,VIT 34,Other,Case Processing Centre Ottawa,office,1,7,,,ok_group,agree,agree
19,TRV,VIT 34,Other,London Enaland,office,,2,,,ok_group,empty,agree
19,TRV,VIT 34,Other,Riyadh,office,,1,,,ok_group,empty,agree
19,TRV,VIT 34,Pakistan,,citizenship,702,6334,597,6334,MISMATCH,agree,agree
19,TRV,VIT 34,Pakistan,Abu Dhabi,office,1,2955,,,IN_FAILED_GROUP,agree,agree
19,TRV,VIT 34,Pakistan,Accra,office,,4,,,IN_FAILED_GROUP,empty,agree
19,TRV,VIT 34,Pakistan,Amman,office,1,13,,,IN_FAILED_GROUP,agree,agree
19,TRV,VIT 34,Pakistan,Ankara,office,2,33,,,IN_FAILED_GROUP,agree,agree
19,TRV,VIT 34,Pakistan,Banakok,office,,1,,,IN_FAILED_GROUP,empty,agree
19,TRV,VIT 34,Pakistan,Beiiing,office,,71,,,IN_FAILED_GROUP,none,majority
19,TRV,VIT 34,Pakistan,Beirut,office,,4,,,IN_FAILED_GROUP,empty,agree
19,TRV,VIT 34,Pakistan,Bucharest Global Operations Centre,office,,1,,,IN_FAILED_GROUP,empty,agree
19,TRV,VIT 34,Pakistan,Buenos Aires,office,,6,,,IN_FAILED_GROUP,empty,agree
19,TRV,VIT 34,Pakistan,Cairo,office,,2,,,IN_FAILED_GROUP,empty,agree
19,TRV,VIT 34,Pakistan,Calgary Citizenship and Immiaration,office,,1,,,IN_FAILED_GROUP,empty,agree
19,TRV,VIT 34,Pakistan,Case Processing Centre Edmonton,office,,4,,,IN_FAILED_GROUP,empty,agree
19,TRV,VIT 34,Pakistan,Case Processing Centre Ottawa,office,84,932,,,IN_FAILED_GROUP,agree,agree
19,TRV,VIT 34,Pakistan,Case Review Citizenship And Immiar,office,1,3,,,IN_FAILED_GROUP,agree,agree
19,TRV,VIT 34,Pakistan,CN China,office,1,1,,,IN_FAILED_GROUP,agree,agree
19,TRV,VIT 34,Pakistan,CN Iran,office,9,9,,,IN_FAILED_GROUP,agree,agree
19,TRV,VIT 34,Pakistan,CN Middle East,office,234,452,,,IN_FAILED_GROUP,agree,agree
19,TRV,VIT 34,Pakistan,CN North Africa,office,,9,,,IN_FAILED_GROUP,none,agree
19,TRV,VIT 34,Pakistan,Colombo,office,,1,,,IN_FAILED_GROUP,empty,agree
19,TRV,VIT 34,Pakistan,Dakar,office,,2,,,IN_FAILED_GROUP,empty,agree
19,TRV,VIT 34,Pakistan,Dar-Es-Salaam,office,,8,,,IN_FAILED_GROUP,empty,agree
19,TRV,VIT 34,Pakistan,Havana,office,,1,,,IN_FAILED_GROUP,empty,agree
19,TRV,VIT 34,Pakistan,Ho Chi Minh City Vietnam,office,,3,,,IN_FAILED_GROUP,empty,agree
19,TRV,VIT 34,Pakistan,Hong Kona,office,,3,,,IN_FAILED_GROUP,empty,agree
19,TRV,VIT 34,Pakistan,Islamabad,office,8,233,,,IN_FAILED_GROUP,agree,agree
19,TRV,VIT 34,Pakistan,Jakarta,office,,1,,,IN_FAILED_GROUP,empty,agree
19,TRV,VIT 34,Pakistan,Kingston Jamaica,office,1,3,,,IN_FAILED_GROUP,agree,agree
19,TRV,VIT 34,Pakistan,Kyiv,office,,3,,,IN_FAILED_GROUP,empty,agree
19,TRV,VIT 34,Pakistan,Laqos,office,,1,,,IN_FAILED_GROUP,empty,agree
19,TRV,VIT 34,Pakistan,London Enaland,office,31,172,,,IN_FAILED_GROUP,majority,agree
19,TRV,VIT 34,Pakistan,Los Angeles,office,,3,,,IN_FAILED_GROUP,empty,agree
19,TRV,VIT 34,Pakistan,Manila,office,1,7,,,IN_FAILED_GROUP,agree,agree
19,TRV,VIT 34,Pakistan,Mexico City,office,,10,,,IN_FAILED_GROUP,empty,agree
19,TRV,VIT 34,Pakistan,Moscow,office,,2,,,IN_FAILED_GROUP,empty,agree
19,TRV,VIT 34,Pakistan,Nairobi,office,,8,,,IN_FAILED_GROUP,empty,agree
19,TRV,VIT 34,Pakistan,New Delhi,office,,4,,,IN_FAILED_GROUP,empty,agree
19,TRV,VIT 34,Pakistan,New York,office,,16,,,IN_FAILED_GROUP,empty,agree
19,TRV,VIT 34,Pakistan,Operational Performance Manageme,office,,1,,,IN_FAILED_GROUP,empty,agree
19,TRV,VIT 34,Pakistan,Operations Support Centre,office,105,245,,,IN_FAILED_GROUP,agree,agree
19,TRV,VIT 34,Pakistan,Paris,office,6,70,,,IN_FAILED_GROUP,majority,majority
19,TRV,VIT 34,Pakistan,Port of Spain,office,,4,,,IN_FAILED_GROUP,empty,agree
19,TRV,VIT 34,Pakistan,Pretoria,office,10,58,,,IN_FAILED_GROUP,agree,agree
19,TRV,VIT 34,Pakistan,Rabat,office,1,2,,,IN_FAILED_GROUP,agree,agree
19,TRV,VIT 34,Pakistan,Riyadh,office,10,177,,,IN_FAILED_GROUP,agree,majority
19,TRV,VIT 34,Pakistan,Rome,office,17,43,,,IN_FAILED_GROUP,agree,agree
19,TRV,VIT 34,Pakistan,RROC,office,18,65,,,IN_FAILED_GROUP,agree,agree
19,TRV,VIT 34,Pakistan,Sao Paulo,office,1,2,,,IN_FAILED_GROUP,agree,agree
19,TRV,VIT 34,Pakistan,Shanghai,office,,1,,,IN_FAILED_GROUP,empty,agree
19,TRV,VIT 34,Pakistan,Singapore,office,4,20,,,IN_FAILED_GROUP,agree,agree
19,TRV,VIT 34,Pakistan,Sydney Australia,office,16,62,,,IN_FAILED_GROUP,agree,agree
19,TRV,VIT 34,Pakistan,Tunis,office,,3,,,IN_FAILED_GROUP,empty,agree
19,TRV,VIT 34,Pakistan,Vienna,office,20,246,,,IN_FAILED_GROUP,agree,agree
19,TRV,VIT 34,Pakistan,Warsaw,office,1,259,,,IN_FAILED_GROUP,agree,agree
19,TRV,VIT 34,Pakistan,Washinaton,office,14,91,,,IN_FAILED_GROUP,agree,agree
19,TRV,VIT 34,Pakistan,Winnipeg,office,,3,,,IN_FAILED_GROUP,empty,agree
19,TRV,VIT 34,Palestinian Authority (Gaza/West Bank),,citizenship,830,5893,830,9893,MISMATCH,agree,majority
19,TRV,VIT 34,Palestinian Authority (Gaza/West Bank),Abu Dhabi,office,1,68,,,IN_FAILED_GROUP,agree,agree
19,TRV,VIT 34,Palestinian Authority (Gaza/West Bank),Amman,office,659,4488,,,IN_FAILED_GROUP,agree,agree
19,TRV,VIT 34,Palestinian Authority (Gaza/West Bank),Ankara,office,2,99,,,IN_FAILED_GROUP,agree,agree
19,TRV,VIT 34,Palestinian Authority (Gaza/West Bank),Beiiing,office,,5,,,IN_FAILED_GROUP,empty,agree
19,TRV,VIT 34,Palestinian Authority (Gaza/West Bank),Beirut,office,1,20,,,IN_FAILED_GROUP,agree,agree
19,TRV,VIT 34,Palestinian Authority (Gaza/West Bank),Bucharest,office,,3,,,IN_FAILED_GROUP,empty,agree
19,TRV,VIT 34,Palestinian Authority (Gaza/West Bank),Buenos Aires,office,,2,,,IN_FAILED_GROUP,empty,agree
19,TRV,VIT 34,Palestinian Authority (Gaza/West Bank),Cairo,office,128,767,,,IN_FAILED_GROUP,agree,majority
19,TRV,VIT 34,Palestinian Authority (Gaza/West Bank),Case Processing Centre Edmonton,office,1,5,,,IN_FAILED_GROUP,agree,agree
19,TRV,VIT 34,Palestinian Authority (Gaza/West Bank),Case Processing Centre Ottawa,office,20,4171,,,IN_FAILED_GROUP,agree,majority
19,TRV,VIT 34,Palestinian Authority (Gaza/West Bank),Colombo,office,,1,,,IN_FAILED_GROUP,empty,agree
19,TRV,VIT 34,Palestinian Authority (Gaza/West Bank),Dakar,office,1,1,,,IN_FAILED_GROUP,agree,agree
19,TRV,VIT 34,Palestinian Authority (Gaza/West Bank),Ho Chi Minh City Vietnam,office,,1,,,IN_FAILED_GROUP,empty,agree
19,TRV,VIT 34,Palestinian Authority (Gaza/West Bank),London Enaland,office,3,22,,,IN_FAILED_GROUP,agree,agree
19,TRV,VIT 34,Palestinian Authority (Gaza/West Bank),Nairobi,office,,1,,,IN_FAILED_GROUP,empty,agree
19,TRV,VIT 34,Palestinian Authority (Gaza/West Bank),New York,office,,4,,,IN_FAILED_GROUP,empty,agree
19,TRV,VIT 34,Palestinian Authority (Gaza/West Bank),Paris,office,3,14,,,IN_FAILED_GROUP,agree,agree
19,TRV,VIT 34,Palestinian Authority (Gaza/West Bank),Rabat,office,,1,,,IN_FAILED_GROUP,empty,agree
19,TRV,VIT 34,Palestinian Authority (Gaza/West Bank),Riyadh,office,1,54,,,IN_FAILED_GROUP,agree,majority
19,TRV,VIT 34,Palestinian Authority (Gaza/West Bank),Rome,office,,1,,,IN_FAILED_GROUP,empty,agree
19,TRV,VIT 34,Palestinian Authority (Gaza/West Bank),RROC,office,7,49,,,IN_FAILED_GROUP,agree,agree
19,TRV,VIT 34,Palestinian Authority (Gaza/West Bank),Sydney Australia,office,2,6,,,IN_FAILED_GROUP,agree,agree
19,TRV,VIT 34,Palestinian Authority (Gaza/West Bank),Tel Aviv,office,,85,,,IN_FAILED_GROUP,empty,agree
19,TRV,VIT 34,Palestinian Authority (Gaza/West Bank),Tunis,office,,2,,,IN_FAILED_GROUP,empty,agree
19,TRV,VIT 34,Palestinian Authority (Gaza/West Bank),Vienna,office,1,14,,,IN_FAILED_GROUP,agree,agree
19,TRV,VIT 34,Palestinian Authority (Gaza/West Bank),Warsaw,office,,3,,,IN_FAILED_GROUP,empty,agree
19,TRV,VIT 34,Palestinian Authority (Gaza/West Bank),Washinaton,office,,6,,,IN_FAILED_GROUP,empty,agree
19,TRV,VIT 34,"Panama, Republic of",,citizenship,,15,0,15,reconciled,empty,agree
19,TRV,VIT 34,"Panama, Republic of",Case Processing Centre Ottawa,office,,2,,,ok_group,empty,agree
19,TRV,VIT 34,"Panama, Republic of",Mexico City,office,,13,,,ok_group,empty,agree
20,TRV,VIT 34,Paraquay,,citizenship,,2,0,2,reconciled,empty,agree
20,TRV,VIT 34,Paraquay,Buenos Aires,office,,1,,,ok_group,empty,agree
20,TRV,VIT 34,Paraquay,Case Processing Centre Ottawa,office,,1,,,ok_group,empty,agree
20,TRV,VIT 34,Peoples Republic of Benin,,citizenship,6,32,6,32,reconciled,agree,agree
20,TRV,VIT 34,Peoples Republic of Benin,Accra,office,3,12,,,ok_group,agree,agree
20,TRV,VIT 34,Peoples Republic of Benin,Beiiing,office,,1,,,ok_group,empty,agree
20,TRV,VIT 34,Peoples Republic of Benin,Calgary Citizenship and Immiaration,office,,1,,,ok_group,empty,agree
20,TRV,VIT 34,Peoples Republic of Benin,Case Processing Centre Ottawa,office,2,9,,,ok_group,agree,agree
20,TRV,VIT 34,Peoples Republic of Benin,Laqos,office,,1,,,ok_group,empty,agree
20,TRV,VIT 34,Peoples Republic of Benin,Manila Global Operations Centre,office,1,1,,,ok_group,agree,agree
20,TRV,VIT 34,Peoples Republic of Benin,Mexico City,office,,1,,,ok_group,empty,agree
20,TRV,VIT 34,Peoples Republic of Benin,Nairobi,office,,1,,,ok_group,empty,agree
20,TRV,VIT 34,Peoples Republic of Benin,Ottawa IR,office,,1,,,ok_group,empty,agree
20,TRV,VIT 34,Peoples Republic of Benin,Paris,office,,2,,,ok_group,empty,agree
20,TRV,VIT 34,Peoples Republic of Benin,RROC,office,,1,,,ok_group,empty,agree
20,TRV,VIT 34,Peoples Republic of Benin,Yaounde (High Commission of Canac,office,,1,,,ok_group,empty,agree
20,TRV,VIT 34,People's Republic of China,,citizenship,11581,63254,11862,63254,MISMATCH,agree,agree
20,TRV,VIT 34,People's Republic of China,Abu Dhabi,office,1,15,,,IN_FAILED_GROUP,agree,agree
20,TRV,VIT 34,People's Republic of China,Accra,office,1,7,,,IN_FAILED_GROUP,agree,agree
20,TRV,VIT 34,People's Republic of China,Algiers,office,1,1,,,IN_FAILED_GROUP,agree,agree
20,TRV,VIT 34,People's Republic of China,Amman,office,,4,,,IN_FAILED_GROUP,empty,agree
20,TRV,VIT 34,People's Republic of China,Ankara,office,,4,,,IN_FAILED_GROUP,empty,agree
20,TRV,VIT 34,People's Republic of China,Banakok,office,2,3,,,IN_FAILED_GROUP,agree,agree
20,TRV,VIT 34,People's Republic of China,Beiiing,office,4792,24416,,,IN_FAILED_GROUP,agree,agree
20,TRV,VIT 34,People's Republic of China,Boqota,office,19,37,,,IN_FAILED_GROUP,agree,agree
20,TRV,VIT 34,People's Republic of China,Bucharest,office,,2,,,IN_FAILED_GROUP,empty,agree
20,TRV,VIT 34,People's Republic of China,Bucharest Global Operations Centre,office,,2,,,IN_FAILED_GROUP,empty,agree
20,TRV,VIT 34,People's Republic of China,Buenos Aires,office,1,54,,,IN_FAILED_GROUP,agree,majority
20,TRV,VIT 34,People's Republic of China,Cairo,office,,2,,,IN_FAILED_GROUP,empty,agree
20,TRV,VIT 34,People's Republic of China,Calgary Citizenship and Immiaration,office,,1,,,IN_FAILED_GROUP,empty,agree
20,TRV,VIT 34,People's Republic of China,Case Processing Centre Edmonton,office,2,20,,,IN_FAILED_GROUP,agree,agree
20,TRV,VIT 34,People's Republic of China,Case Processing Centre Ottawa,office,751,13117,,,IN_FAILED_GROUP,majority,agree
20,TRV,VIT 34,People's Republic of China,Case Review Citizenship And Immiar,office,2,5,,,IN_FAILED_GROUP,agree,agree
20,TRV,VIT 34,People's Republic of China,Centralized RO,office,,8,,,IN_FAILED_GROUP,empty,agree
20,TRV,VIT 34,People's Republic of China,CN China,office,4123,14628,,,IN_FAILED_GROUP,agree,agree
20,TRV,VIT 34,People's Republic of China,CN Iran,office,1,1,,,IN_FAILED_GROUP,agree,agree
20,TRV,VIT 34,People's Republic of China,CN Middle East,office,5,7,,,IN_FAILED_GROUP,agree,agree
20,TRV,VIT 34,People's Republic of China,CN South Asia,office,3,3,,,IN_FAILED_GROUP,agree,agree
20,TRV,VIT 34,People's Republic of China,Dakar,office,,1,,,IN_FAILED_GROUP,empty,agree
20,TRV,VIT 34,People's Republic of China,Guanadzhou,office,10,2575,,,IN_FAILED_GROUP,agree,majority
20,TRV,VIT 34,People's Republic of China,Hong Kona,office,145,423,,,IN_FAILED_GROUP,agree,agree
20,TRV,VIT 34,People's Republic of China,Islamabad,office,,2,,,IN_FAILED_GROUP,empty,agree
20,TRV,VIT 34,People's Republic of China,Jakarta,office,3,7,,,IN_FAILED_GROUP,agree,agree
20,TRV,VIT 34,People's Republic of China,Kingston Jamaica,office,2,4,,,IN_FAILED_GROUP,agree,agree
20,TRV,VIT 34,People's Republic of China,Laqos,office,,1,,,IN_FAILED_GROUP,empty,agree
20,TRV,VIT 34,People's Republic of China,Lima,office,13,30,,,IN_FAILED_GROUP,agree,agree
20,TRV,VIT 34,People's Republic of China,London Enaland,office,230,706,,,IN_FAILED_GROUP,agree,agree
20,TRV,VIT 34,People's Republic of China,Los Angeles,office,,4,,,IN_FAILED_GROUP,empty,agree
20,TRV,VIT 34,People's Republic of China,Manila,office,,46,,,IN_FAILED_GROUP,none,agree
20,TRV,VIT 34,People's Republic of China,Manila Global Operations Centre,office,2,2,,,IN_FAILED_GROUP,agree,agree
20,TRV,VIT 34,People's Republic of China,Mexico City,office,25,161,,,IN_FAILED_GROUP,agree,agree
20,TRV,VIT 34,People's Republic of China,Moscow,office,,2,,,IN_FAILED_GROUP,empty,agree
20,TRV,VIT 34,People's Republic of China,Nairobi,office,1,10,,,IN_FAILED_GROUP,agree,agree
20,TRV,VIT 34,People's Republic of China,New Delhi,office,,3,,,IN_FAILED_GROUP,empty,agree
20,TRV,VIT 34,People's Republic of China,New York,office,,68,,,IN_FAILED_GROUP,empty,agree
20,TRV,VIT 34,People's Republic of China,Operations Support Centre,office,1414,2703,,,IN_FAILED_GROUP,majority,agree
20,TRV,VIT 34,People's Republic of China,Ottawa IR,office,3,16,,,IN_FAILED_GROUP,agree,agree
20,TRV,VIT 34,People's Republic of China,Paris,office,38,197,,,IN_FAILED_GROUP,agree,agree
20,TRV,VIT 34,People's Republic of China,Port of Spain,office,2,19,,,IN_FAILED_GROUP,agree,agree
20,TRV,VIT 34,People's Republic of China,Pretoria,office,5,18,,,IN_FAILED_GROUP,agree,agree
20,TRV,VIT 34,People's Republic of China,Rabat,office,1,3,,,IN_FAILED_GROUP,agree,agree
20,TRV,VIT 34,People's Republic of China,Riyadh,office,1,7,,,IN_FAILED_GROUP,agree,agree
20,TRV,VIT 34,People's Republic of China,Rome,office,1,17,,,IN_FAILED_GROUP,agree,agree
20,TRV,VIT 34,People's Republic of China,RROC,office,55,273,,,IN_FAILED_GROUP,majority,agree
20,TRV,VIT 34,People's Republic of China,Sao Paulo,office,4,20,,,IN_FAILED_GROUP,agree,agree
20,TRV,VIT 34,People's Republic of China,Shanghai,office,3,2809,,,IN_FAILED_GROUP,agree,agree
20,TRV,VIT 34,People's Republic of China,Singapore,office,26,109,,,IN_FAILED_GROUP,agree,agree
20,TRV,VIT 34,People's Republic of China,Sydney Australia,office,80,237,,,IN_FAILED_GROUP,agree,agree
20,TRV,VIT 34,People's Republic of China,Tel Aviv,office,,2,,,IN_FAILED_GROUP,empty,agree
20,TRV,VIT 34,People's Republic of China,Tunis,office,,1,,,IN_FAILED_GROUP,empty,agree
20,TRV,VIT 34,People's Republic of China,Vancouver Immiadration,office,1,8,,,IN_FAILED_GROUP,agree,agree
20,TRV,VIT 34,People's Republic of China,Vienna,office,89,331,,,IN_FAILED_GROUP,agree,agree
20,TRV,VIT 34,People's Republic of China,Warsaw,office,3,24,,,IN_FAILED_GROUP,agree,agree
20,TRV,VIT 34,People's Republic of China,Washinaton,office,1,76,,,IN_FAILED_GROUP,agree,agree
20,TRV,VIT 34,People's Republic of China,Whitehorse IRCC,office,,1,,,IN_FAILED_GROUP,empty,agree
20,TRV,VIT 34,People's Republic of China,Winnipeg,office,,1,,,IN_FAILED_GROUP,empty,agree
20,TRV,VIT 34,Peru,,citizenship,82,276,82,276,reconciled,majority,agree
20,TRV,VIT 34,Peru,Ankara,office,,1,,,ok_group,empty,agree
20,TRV,VIT 34,Peru,Beiiing,office,1,2,,,ok_group,agree,agree
20,TRV,VIT 34,Peru,Case Processing Centre Ottawa,office,12,20,,,ok_group,agree,agree
20,TRV,VIT 34,Peru,Case Review Citizenship And Immiar,office,,1,,,ok_group,empty,agree
20,TRV,VIT 34,Peru,Lima,office,68,221,,,ok_group,agree,agree
20,TRV,VIT 34,Peru,London Enaland,office,,3,,,ok_group,empty,agree
20,TRV,VIT 34,Peru,Mexico City,office,,2,,,ok_group,empty,agree
20,TRV,VIT 34,Peru,Ottawa IR,office,1,1,,,ok_group,agree,agree
20,TRV,VIT 34,Peru,Paris,office,,1,,,ok_group,empty,agree
20,TRV,VIT 34,Peru,Pretoria,office,,1,,,ok_group,empty,agree
20,TRV,VIT 34,Peru,RROC,office,,7,,,ok_group,empty,agree
20,TRV,VIT 34,Peru,Sao Paulo,office,,1,,,ok_group,empty,agree
20,TRV,VIT 34,Peru,Vancouver Immiadration,office,,1,,,ok_group,empty,agree
20,TRV,VIT 34,Peru,Warsaw,office,,1,,,ok_group,empty,agree
20,TRV,VIT 34,Peru,Washinaton,office,,12,,,ok_group,empty,agree
20,TRV,VIT 34,Peru,Whitehorse IRCC,office,,1,,,ok_group,empty,agree
20,TRV,VIT 34,Philippines,,citizenship,255,635,255,635,reconciled,agree,agree
20,TRV,VIT 34,Philippines,Abu Dhabi,office,,7,,,ok_group,empty,agree
20,TRV,VIT 34,Philippines,Accra,office,,2,,,ok_group,empty,agree
20,TRV,VIT 34,Philippines,Beiiing,office,,2,,,ok_group,empty,agree
20,TRV,VIT 34,Philippines,Calgary Citizenship and Immiaration,office,,34,,,ok_group,empty,agree
20,TRV,VIT 34,Philippines,Case Processing Centre Ottawa,office,19,50,,,ok_group,agree,agree
20,TRV,VIT 34,Philippines,CN China,office,1,1,,,ok_group,agree,agree
20,TRV,VIT 34,Philippines,CN North Africa,office,6,8,,,ok_group,agree,agree
20,TRV,VIT 34,Philippines,CN South Asia,office,155,201,,,ok_group,agree,agree
20,TRV,VIT 34,Philippines,Hong Kona,office,,1,,,ok_group,empty,agree
20,TRV,VIT 34,Philippines,London Enaland,office,2,5,,,ok_group,agree,agree
20,TRV,VIT 34,Philippines,Manila,office,33,109,,,ok_group,agree,agree
20,TRV,VIT 34,Philippines,Operations Support Centre,office,14,16,,,ok_group,agree,agree
20,TRV,VIT 34,Philippines,Paris,office,1,4,,,ok_group,agree,agree
20,TRV,VIT 34,Philippines,Riyadh,office,,13,,,ok_group,empty,agree
21,TRV,VIT 34,Philippines,Rome,office,,2,,,ok_group,empty,agree
21,TRV,VIT 34,Philippines,RROC,office,,4,,,ok_group,empty,agree
21,TRV,VIT 34,Philippines,Sao Paulo,office,,1,,,ok_group,empty,agree
21,TRV,VIT 34,Philippines,Singapore,office,,3,,,ok_group,empty,agree
21,TRV,VIT 34,Philippines,Sydney Australia,office,2,3,,,ok_group,agree,agree
21,TRV,VIT 34,Philippines,Vancouver Immiadration,office,,21,,,ok_group,empty,agree
21,TRV,VIT 34,Philippines,Vienna,office,,2,,,ok_group,empty,agree
21,TRV,VIT 34,Philippines,Washinaton,office,,2,,,ok_group,empty,agree
21,TRV,VIT 34,Philippines,Whitehorse IRCC,office,22,117,,,ok_group,agree,agree
21,TRV,VIT 34,Philippines,Winnipeg,office,,27,,,ok_group,empty,agree
21,TRV,VIT 34,Poland,,citizenship,,1,0,1,reconciled,empty,agree
21,TRV,VIT 34,Poland,Warsaw,office,,1,,,ok_group,empty,agree
21,TRV,VIT 34,Portuaal,,citizenship,,1,0,1,reconciled,empty,agree
21,TRV,VIT 34,Portuaal,Case Processing Centre Ottawa,office,,1,,,ok_group,empty,agree
21,TRV,VIT 34,Oatar,,citizenship,4,26,4,26,reconciled,agree,agree
21,TRV,VIT 34,Oatar,Abu Dhabi,office,2,18,,,ok_group,agree,agree
21,TRV,VIT 34,Oatar,Beiiing,office,1,1,,,ok_group,agree,agree
21,TRV,VIT 34,Oatar,Case Processing Centre Ottawa,office,,3,,,ok_group,empty,agree
21,TRV,VIT 34,Oatar,London Enaland,office,,2,,,ok_group,empty,agree
21,TRV,VIT 34,Oatar,RROC,office,1,1,,,ok_group,agree,agree
21,TRV,VIT 34,Oatar,Washinaton,office,,1,,,ok_group,empty,agree
21,TRV,VIT 34,Republic of Diibouti,,citizenship,2,20,2,20,reconciled,agree,agree
21,TRV,VIT 34,Republic of Diibouti,Abu Dhabi,office,,1,,,ok_group,empty,agree
21,TRV,VIT 34,Republic of Diibouti,London Enaland,office,,1,,,ok_group,empty,agree
21,TRV,VIT 34,Republic of Diibouti,Nairobi,office,1,11,,,ok_group,agree,agree
21,TRV,VIT 34,Republic of Diibouti,Paris,office,,4,,,ok_group,empty,agree
21,TRV,VIT 34,Republic of Diibouti,RROC,office,1,1,,,ok_group,agree,agree
21,TRV,VIT 34,Republic of Diibouti,Warsaw,office,,1,,,ok_group,empty,agree
21,TRV,VIT 34,Republic of Diibouti,Washinaton,office,,1,,,ok_group,empty,agree
21,TRV,VIT 34,Republic of Indonesia,,citizenship,17,56,17,56,reconciled,agree,agree
21,TRV,VIT 34,Republic of Indonesia,Beiiing,office,,4,,,ok_group,empty,agree
21,TRV,VIT 34,Republic of Indonesia,Case Processing Centre Ottawa,office,1,3,,,ok_group,agree,agree
21,TRV,VIT 34,Republic of Indonesia,Jakarta,office,7,26,,,ok_group,agree,agree
21,TRV,VIT 34,Republic of Indonesia,London Enaland,office,1,3,,,ok_group,agree,agree
21,TRV,VIT 34,Republic of Indonesia,Mexico City,office,1,2,,,ok_group,agree,agree
21,TRV,VIT 34,Republic of Indonesia,Riyadh,office,,1,,,ok_group,empty,agree
21,TRV,VIT 34,Republic of Indonesia,RROC,office,4,7,,,ok_group,agree,agree
21,TRV,VIT 34,Republic of Indonesia,Sydney Australia,office,1,1,,,ok_group,agree,agree
21,TRV,VIT 34,Republic of Indonesia,Washinaton,office,2,9,,,ok_group,agree,agree
21,TRV,VIT 34,Republic of Ivory Coast,,citizenship,17,75,17,75,reconciled,agree,majority
21,TRV,VIT 34,Republic of Ivory Coast,Amman,office,1,1,,,ok_group,agree,agree
21,TRV,VIT 34,Republic of Ivory Coast,Beiiing,office,,2,,,ok_group,empty,agree
21,TRV,VIT 34,Republic of Ivory Coast,Beirut,office,,1,,,ok_group,empty,agree
21,TRV,VIT 34,Republic of Ivory Coast,Calgary Citizenship and Immiaration,office,,2,,,ok_group,empty,agree
21,TRV,VIT 34,Republic of Ivory Coast,Case Processing Centre Ottawa,office,3,6,,,ok_group,agree,agree
21,TRV,VIT 34,Republic of Ivory Coast,Dakar,office,13,47,,,ok_group,agree,agree
21,TRV,VIT 34,Republic of Ivory Coast,London Enaland,office,,2,,,ok_group,empty,agree
21,TRV,VIT 34,Republic of Ivory Coast,Ottawa IR,office,,1,,,ok_group,empty,agree
21,TRV,VIT 34,Republic of Ivory Coast,Paris,office,,10,,,ok_group,empty,agree
21,TRV,VIT 34,Republic of Ivory Coast,RROC,office,,1,,,ok_group,empty,agree
21,TRV,VIT 34,Republic of Ivory Coast,Vienna,office,,1,,,ok_group,empty,agree
21,TRV,VIT 34,Republic of Ivory Coast,Washinaton,office,,1,,,ok_group,empty,agree
21,TRV,VIT 34,Republic of South Africa,,citizenship,40,317,40,317,reconciled,agree,agree
21,TRV,VIT 34,Republic of South Africa,Abu Dhabi,office,,9,,,ok_group,empty,agree
21,TRV,VIT 34,Republic of South Africa,Beiiing,office,,1,,,ok_group,empty,agree
21,TRV,VIT 34,Republic of South Africa,Beirut,office,,1,,,ok_group,empty,agree
21,TRV,VIT 34,Republic of South Africa,Boqota,office,,1,,,ok_group,empty,agree
21,TRV,VIT 34,Republic of South Africa,Case Processing Centre Ottawa,office,2,9,,,ok_group,agree,agree
21,TRV,VIT 34,Republic of South Africa,CN Middle East,office,,1,,,ok_group,empty,agree
21,TRV,VIT 34,Republic of South Africa,Hong Kona,office,1,1,,,ok_group,agree,agree
21,TRV,VIT 34,Republic of South Africa,Laqos,office,1,1,,,ok_group,agree,agree
21,TRV,VIT 34,Republic of South Africa,Lima,office,,1,,,ok_group,empty,agree
21,TRV,VIT 34,Republic of South Africa,London Enaland,office,2,2,,,ok_group,agree,agree
21,TRV,VIT 34,Republic of South Africa,Operations Support Centre,office,,1,,,ok_group,empty,agree
21,TRV,VIT 34,Republic of South Africa,Ottawa IR,office,,3,,,ok_group,empty,agree
21,TRV,VIT 34,Republic of South Africa,Paris,office,,2,,,ok_group,empty,agree
21,TRV,VIT 34,Republic of South Africa,Pretoria,office,28,259,,,ok_group,agree,agree
21,TRV,VIT 34,Republic of South Africa,Riyadh,office,,2,,,ok_group,empty,agree
21,TRV,VIT 34,Republic of South Africa,RROC,office,,1,,,ok_group,empty,agree
21,TRV,VIT 34,Republic of South Africa,Singapore,office,1,1,,,ok_group,agree,agree
21,TRV,VIT 34,Republic of South Africa,Sydney Australia,office,4,15,,,ok_group,agree,agree
21,TRV,VIT 34,Republic of South Africa,Vancouver Immiadration,office,,2,,,ok_group,empty,agree
21,TRV,VIT 34,Republic of South Africa,Vienna,office,1,2,,,ok_group,agree,agree
21,TRV,VIT 34,Republic of South Africa,Warsaw,office,,1,,,ok_group,empty,agree
21,TRV,VIT 34,Republic of South Africa,Winnipeg,office,,1,,,ok_group,empty,agree
21,TRV,VIT 34,Republic of The Marshall Islands,,citizenship,1,1,1,1,reconciled,agree,agree
21,TRV,VIT 34,Republic of The Marshall Islands,Case Processing Centre Ottawa,office,1,1,,,ok_group,agree,agree
21,TRV,VIT 34,Republic of the Niger,,citizenship,12,28,3,28,MISMATCH,agree,agree
21,TRV,VIT 34,Republic of the Niger,Case Processing Centre Ottawa,office,1,1,,,IN_FAILED_GROUP,agree,agree
21,TRV,VIT 34,Republic of the Niger,Dakar,office,,15,,,IN_FAILED_GROUP,none,agree
21,TRV,VIT 34,Republic of the Niger,Laqos,office,1,1,,,IN_FAILED_GROUP,agree,agree
21,TRV,VIT 34,Republic of the Niger,Manila,office,,1,,,IN_FAILED_GROUP,empty,agree
21,TRV,VIT 34,Republic of the Niger,Paris,office,,5,,,IN_FAILED_GROUP,empty,agree
21,TRV,VIT 34,Republic of the Niger,Pretoria,office,,1,,,IN_FAILED_GROUP,empty,agree
21,TRV,VIT 34,Republic of the Niger,Washinaton,office,1,4,,,IN_FAILED_GROUP,agree,agree
21,TRV,VIT 34,Romania,,citizenship,1,2,1,2,reconciled,agree,agree
21,TRV,VIT 34,Romania,RROC,office,1,2,,,ok_group,agree,agree
21,TRV,VIT 34,Russia,,citizenship,462,3513,464,3513,MISMATCH,agree,majority
21,TRV,VIT 34,Russia,Abu Dhabi,office,6,40,,,IN_FAILED_GROUP,agree,agree
21,TRV,VIT 34,Russia,Amman,office,1,10,,,IN_FAILED_GROUP,agree,agree
21,TRV,VIT 34,Russia,Ankara,office,3,16,,,IN_FAILED_GROUP,agree,agree
21,TRV,VIT 34,Russia,Beiiing,office,2,21,,,IN_FAILED_GROUP,agree,agree
21,TRV,VIT 34,Russia,Beirut,office,,2,,,IN_FAILED_GROUP,empty,agree
21,TRV,VIT 34,Russia,Boqota,office,,1,,,IN_FAILED_GROUP,empty,agree
21,TRV,VIT 34,Russia,Brussels,office,1,1,,,IN_FAILED_GROUP,agree,agree
21,TRV,VIT 34,Russia,Bucharest,office,,5,,,IN_FAILED_GROUP,empty,agree
21,TRV,VIT 34,Russia,Buenos Aires,office,1,2,,,IN_FAILED_GROUP,agree,agree
21,TRV,VIT 34,Russia,Case Processing Centre Edmonton,office,,2,,,IN_FAILED_GROUP,empty,agree
21,TRV,VIT 34,Russia,Case Processing Centre Ottawa,office,18,195,,,IN_FAILED_GROUP,agree,agree
21,TRV,VIT 34,Russia,Case Review Citizenship And Immiar,office,1,5,,,IN_FAILED_GROUP,agree,agree
21,TRV,VIT 34,Russia,CN India,office,1,1,,,IN_FAILED_GROUP,agree,agree
21,TRV,VIT 34,Russia,Dar-Es-Salaam,office,3,3,,,IN_FAILED_GROUP,agree,agree
21,TRV,VIT 34,Russia,Ho Chi Minh City Vietnam,office,,1,,,IN_FAILED_GROUP,empty,agree
21,TRV,VIT 34,Russia,Hong Kona,office,,9,,,IN_FAILED_GROUP,empty,agree
21,TRV,VIT 34,Russia,Kingston Jamaica,office,,2,,,IN_FAILED_GROUP,empty,agree
21,TRV,VIT 34,Russia,Kyiv,office,,2,,,IN_FAILED_GROUP,empty,agree
21,TRV,VIT 34,Russia,Lima,office,,2,,,IN_FAILED_GROUP,empty,agree
21,TRV,VIT 34,Russia,London Enqland,office,16,202,,,IN_FAILED_GROUP,agree,agree
22,TRV,VIT 34,Russia,Los Angeles,office,,1,,,IN_FAILED_GROUP,empty,agree
22,TRV,VIT 34,Russia,Manila,office,1,2,,,IN_FAILED_GROUP,agree,agree
22,TRV,VIT 34,Russia,Matching Centre,office,,2,,,IN_FAILED_GROUP,empty,agree
22,TRV,VIT 34,Russia,Mexico City,office,3,10,,,IN_FAILED_GROUP,agree,agree
22,TRV,VIT 34,Russia,Moscow,office,35,1264,,,IN_FAILED_GROUP,agree,agree
22,TRV,VIT 34,Russia,Nairobi,office,,1,,,IN_FAILED_GROUP,empty,agree
22,TRV,VIT 34,Russia,New Delhi,office,,1,,,IN_FAILED_GROUP,empty,agree
22,TRV,VIT 34,Russia,New York,office,,7,,,IN_FAILED_GROUP,empty,agree
22,TRV,VIT 34,Russia,Operations Support Centre,office,1,6,,,IN_FAILED_GROUP,agree,agree
22,TRV,VIT 34,Russia,Paris,office,16,114,,,IN_FAILED_GROUP,agree,agree
22,TRV,VIT 34,Russia,Port of Spain,office,,2,,,IN_FAILED_GROUP,empty,agree
22,TRV,VIT 34,Russia,Pretoria,office,,3,,,IN_FAILED_GROUP,empty,agree
22,TRV,VIT 34,Russia,Riyadh,office,1,6,,,IN_FAILED_GROUP,agree,agree
22,TRV,VIT 34,Russia,Rome,office,6,14,,,IN_FAILED_GROUP,majority,agree
22,TRV,VIT 34,Russia,RROC,office,8,47,,,IN_FAILED_GROUP,agree,agree
22,TRV,VIT 34,Russia,Sao Paulo,office,4,9,,,IN_FAILED_GROUP,agree,agree
22,TRV,VIT 34,Russia,Singapore,office,2,7,,,IN_FAILED_GROUP,agree,agree
22,TRV,VIT 34,Russia,Sydney Australia,office,1,11,,,IN_FAILED_GROUP,agree,agree
22,TRV,VIT 34,Russia,Tel Aviv,office,1,10,,,IN_FAILED_GROUP,agree,agree
22,TRV,VIT 34,Russia,Vienna,office,41,226,,,IN_FAILED_GROUP,agree,agree
22,TRV,VIT 34,Russia,Warsaw,office,284,1227,,,IN_FAILED_GROUP,majority,agree
22,TRV,VIT 34,Russia,Washinaton,office,7,21,,,IN_FAILED_GROUP,majority,agree
22,TRV,VIT 34,Rwanda,,citizenship,1,79,11,79,MISMATCH,majority,agree
22,TRV,VIT 34,Rwanda,Accra,office,,1,,,IN_FAILED_GROUP,empty,agree
22,TRV,VIT 34,Rwanda,Ankara,office,,2,,,IN_FAILED_GROUP,empty,agree
22,TRV,VIT 34,Rwanda,Beiiing,office,,1,,,IN_FAILED_GROUP,empty,agree
22,TRV,VIT 34,Rwanda,Case Processing Centre Ottawa,office,3,8,,,IN_FAILED_GROUP,agree,agree
22,TRV,VIT 34,Rwanda,Case Review Citizenship And Immiar,office,1,1,,,IN_FAILED_GROUP,agree,agree
22,TRV,VIT 34,Rwanda,Dakar,office,2,2,,,IN_FAILED_GROUP,agree,agree
22,TRV,VIT 34,Rwanda,Dar-Es-Salaam,office,4,50,,,IN_FAILED_GROUP,agree,agree
22,TRV,VIT 34,Rwanda,Nairobi,office,1,1,,,IN_FAILED_GROUP,agree,agree
22,TRV,VIT 34,Rwanda,New York,office,,1,,,IN_FAILED_GROUP,empty,agree
22,TRV,VIT 34,Rwanda,Ottawa IR,office,,1,,,IN_FAILED_GROUP,empty,agree
22,TRV,VIT 34,Rwanda,Paris,office,,3,,,IN_FAILED_GROUP,empty,agree
22,TRV,VIT 34,Rwanda,Pretoria,office,,3,,,IN_FAILED_GROUP,empty,agree
22,TRV,VIT 34,Rwanda,Riyadh,office,,1,,,IN_FAILED_GROUP,empty,agree
22,TRV,VIT 34,Rwanda,RROC,office,,2,,,IN_FAILED_GROUP,empty,agree
22,TRV,VIT 34,Rwanda,Vienna,office,,1,,,IN_FAILED_GROUP,empty,agree
22,TRV,VIT 34,Rwanda,Washinaton,office,,1,,,IN_FAILED_GROUP,empty,agree
22,TRV,VIT 34,Saudi Arabia,,citizenship,105,1089,105,1089,reconciled,agree,agree
22,TRV,VIT 34,Saudi Arabia,Abu Dhabi,office,,2,,,ok_group,empty,agree
22,TRV,VIT 34,Saudi Arabia,Amman,office,,1,,,ok_group,empty,agree
22,TRV,VIT 34,Saudi Arabia,Ankara,office,,1,,,ok_group,empty,agree
22,TRV,VIT 34,Saudi Arabia,Beirut,office,,1,,,ok_group,empty,agree
22,TRV,VIT 34,Saudi Arabia,Cairo,office,1,1,,,ok_group,agree,agree
22,TRV,VIT 34,Saudi Arabia,Case Processing Centre Edmonton,office,1,7,,,ok_group,agree,agree
22,TRV,VIT 34,Saudi Arabia,Case Processing Centre Ottawa,office,7,311,,,ok_group,agree,agree
22,TRV,VIT 34,Saudi Arabia,Lima,office,,1,,,ok_group,empty,agree
22,TRV,VIT 34,Saudi Arabia,London Enaland,office,1,24,,,ok_group,agree,agree
22,TRV,VIT 34,Saudi Arabia,Manila,office,,3,,,ok_group,empty,agree
22,TRV,VIT 34,Saudi Arabia,Mexico City,office,1,1,,,ok_group,agree,agree
22,TRV,VIT 34,Saudi Arabia,New Delhi,office,,1,,,ok_group,empty,agree
22,TRV,VIT 34,Saudi Arabia,New York,office,,1,,,ok_group,empty,agree
22,TRV,VIT 34,Saudi Arabia,Paris,office,,2,,,ok_group,empty,agree
22,TRV,VIT 34,Saudi Arabia,Riyadh,office,83,644,,,ok_group,majority,agree
22,TRV,VIT 34,Saudi Arabia,RROC,office,10,59,,,ok_group,agree,agree
22,TRV,VIT 34,Saudi Arabia,Sao Paulo,office,,5,,,ok_group,empty,agree
22,TRV,VIT 34,Saudi Arabia,Sydney Australia,office,,4,,,ok_group,empty,agree
22,TRV,VIT 34,Saudi Arabia,Vienna,office,,3,,,ok_group,empty,agree
22,TRV,VIT 34,Saudi Arabia,Washinaton,office,1,17,,,ok_group,agree,agree
22,TRV,VIT 34,Senegal,,citizenship,19,66,19,66,reconciled,agree,agree
22,TRV,VIT 34,Senegal,Amman,office,,1,,,ok_group,empty,agree
22,TRV,VIT 34,Senegal,Ankara,office,,1,,,ok_group,empty,agree
22,TRV,VIT 34,Senegal,Case Processing Centre Ottawa,office,2,5,,,ok_group,agree,agree
22,TRV,VIT 34,Senegal,CN North Africa,office,,2,,,ok_group,empty,agree
22,TRV,VIT 34,Senegal,Dakar,office,17,39,,,ok_group,agree,agree
22,TRV,VIT 34,Senegal,Mexico City,office,,1,,,ok_group,empty,agree
22,TRV,VIT 34,Senegal,Ottawa IR,office,,1,,,ok_group,empty,agree
22,TRV,VIT 34,Senegal,Paris,office,,12,,,ok_group,empty,agree
22,TRV,VIT 34,Senegal,Pretoria,office,,1,,,ok_group,empty,agree
22,TRV,VIT 34,Senegal,Washinaton,office,,3,,,ok_group,empty,agree
22,TRV,VIT 34,"Serbia, Republic of",,citizenship,,88,9,88,MISMATCH,none,agree
22,TRV,VIT 34,"Serbia, Republic of",Abu Dhabi,office,,1,,,IN_FAILED_GROUP,empty,agree
22,TRV,VIT 34,"Serbia, Republic of",Case Processing Centre Ottawa,office,1,20,,,IN_FAILED_GROUP,agree,agree
22,TRV,VIT 34,"Serbia, Republic of",London Enaland,office,,1,,,IN_FAILED_GROUP,empty,agree
22,TRV,VIT 34,"Serbia, Republic of",Operations Support Centre,office,,1,,,IN_FAILED_GROUP,empty,agree
22,TRV,VIT 34,"Serbia, Republic of",Paris,office,,4,,,IN_FAILED_GROUP,empty,agree
22,TRV,VIT 34,"Serbia, Republic of",Pretoria,office,1,1,,,IN_FAILED_GROUP,agree,agree
22,TRV,VIT 34,"Serbia, Republic of",Rome,office,,1,,,IN_FAILED_GROUP,empty,agree
22,TRV,VIT 34,"Serbia, Republic of",RROC,office,,6,,,IN_FAILED_GROUP,empty,agree
22,TRV,VIT 34,"Serbia, Republic of",Shanghai,office,,1,,,IN_FAILED_GROUP,empty,agree
22,TRV,VIT 34,"Serbia, Republic of",Sydney Australia,office,,1,,,IN_FAILED_GROUP,empty,agree
22,TRV,VIT 34,"Serbia, Republic of",Vienna,office,7,48,,,IN_FAILED_GROUP,agree,agree
22,TRV,VIT 34,"Serbia, Republic of",Washinaton,office,,2,,,IN_FAILED_GROUP,empty,agree
22,TRV,VIT 34,"Serbia, Republic of",Winnipeg,office,,1,,,IN_FAILED_GROUP,empty,agree
22,TRV,VIT 34,Seychelles,,citizenship,,1,0,1,reconciled,empty,agree
22,TRV,VIT 34,Seychelles,Abu Dhabi,office,,1,,,ok_group,empty,agree
22,TRV,VIT 34,Sierra Leone,,citizenship,3,13,3,13,reconciled,agree,agree
22,TRV,VIT 34,Sierra Leone,Accra,office,3,6,,,ok_group,agree,agree
22,TRV,VIT 34,Sierra Leone,Ankara,office,,1,,,ok_group,empty,agree
22,TRV,VIT 34,Sierra Leone,Dar-Es-Salaam,office,,1,,,ok_group,empty,agree
22,TRV,VIT 34,Sierra Leone,London Enaland,office,,2,,,ok_group,empty,agree
22,TRV,VIT 34,Sierra Leone,Ottawa IR,office,,1,,,ok_group,empty,agree
22,TRV,VIT 34,Sierra Leone,Washinaton,office,,2,,,ok_group,empty,agree
22,TRV,VIT 34,Socialist Republic of Vietnam,,citizenship,131,498,122,498,MISMATCH,agree,agree
22,TRV,VIT 34,Socialist Republic of Vietnam,Abu Dhabi,office,,1,,,IN_FAILED_GROUP,empty,agree
22,TRV,VIT 34,Socialist Republic of Vietnam,Case Processing Centre Ottawa,office,,20,,,IN_FAILED_GROUP,none,agree
22,TRV,VIT 34,Socialist Republic of Vietnam,Ho Chi Minh City Vietnam,office,115,441,,,IN_FAILED_GROUP,agree,agree
22,TRV,VIT 34,Socialist Republic of Vietnam,London Enaland,office,,3,,,IN_FAILED_GROUP,empty,agree
22,TRV,VIT 34,Socialist Republic of Vietnam,Manila,office,,3,,,IN_FAILED_GROUP,empty,agree
22,TRV,VIT 34,Socialist Republic of Vietnam,New York,office,,1,,,IN_FAILED_GROUP,empty,agree
22,TRV,VIT 34,Socialist Republic of Vietnam,Rome,office,,1,,,IN_FAILED_GROUP,empty,agree
22,TRV,VIT 34,Socialist Republic of Vietnam,RROC,office,,1,,,IN_FAILED_GROUP,empty,agree
22,TRV,VIT 34,Socialist Republic of Vietnam,Vancouver Immiadration,office,1,8,,,IN_FAILED_GROUP,agree,agree
22,TRV,VIT 34,Socialist Republic of Vietnam,Warsaw,office,,1,,,IN_FAILED_GROUP,empty,agree
22,TRV,VIT 34,Socialist Republic of Vietnam,Washinaton,office,6,18,,,IN_FAILED_GROUP,agree,agree
22,TRV,VIT 34,"Somalia, Democratic Republic of",,citizenship,5,33,5,33,reconciled,agree,agree
22,TRV,VIT 34,"Somalia, Democratic Republic of",Abu Dhabi,office,,1,,,ok_group,empty,agree
23,TRV,VIT 34,"Somalia, Democratic Republic of",Case Processing Centre Ottawa,office,1,1,,,ok_group,agree,agree
23,TRV,VIT 34,"Somalia, Democratic Republic of",Dar-Es-Salaam,office,,1,,,ok_group,empty,agree
23,TRV,VIT 34,"Somalia, Democratic Republic of",London Enaland,office,,2,,,ok_group,empty,agree
23,TRV,VIT 34,"Somalia, Democratic Republic of",Nairobi,office,2,24,,,ok_group,agree,agree
23,TRV,VIT 34,"Somalia, Democratic Republic of",RROC,office,1,1,,,ok_group,agree,agree
23,TRV,VIT 34,"Somalia, Democratic Republic of",Warsaw,office,,1,,,ok_group,empty,agree
23,TRV,VIT 34,"Somalia, Democratic Republic of",Washinaton,office,1,1,,,ok_group,agree,agree
23,TRV,VIT 34,"Somalia, Democratic Republic of",Winnipeg,office,,1,,,ok_group,empty,agree
23,TRV,VIT 34,"South Sudan, Republic Of",,citizenship,1,10,1,10,reconciled,agree,agree
23,TRV,VIT 34,"South Sudan, Republic Of",Pretoria,office,1,1,,,ok_group,agree,agree
23,TRV,VIT 34,"South Sudan, Republic Of",Washinaton,office,,9,,,ok_group,empty,agree
23,TRV,VIT 34,Sri Lanka,,citizenship,38,284,38,284,reconciled,agree,majority
23,TRV,VIT 34,Sri Lanka,Abu Dhabi,office,,1,,,ok_group,empty,agree
23,TRV,VIT 34,Sri Lanka,Beiiing,office,,1,,,ok_group,empty,agree
23,TRV,VIT 34,Sri Lanka,Beirut,office,,2,,,ok_group,empty,agree
23,TRV,VIT 34,Sri Lanka,Case Processing Centre Ottawa,office,10,24,,,ok_group,agree,agree
23,TRV,VIT 34,Sri Lanka,Case Review Citizenship And Immiar,office,,1,,,ok_group,empty,agree
23,TRV,VIT 34,Sri Lanka,CN North Africa,office,1,1,,,ok_group,agree,agree
23,TRV,VIT 34,Sri Lanka,CN South Asia,office,,1,,,ok_group,empty,agree
23,TRV,VIT 34,Sri Lanka,Colombo,office,15,119,,,ok_group,agree,agree
23,TRV,VIT 34,Sri Lanka,London Enaland,office,3,11,,,ok_group,agree,agree
23,TRV,VIT 34,Sri Lanka,Manila,office,1,2,,,ok_group,agree,agree
23,TRV,VIT 34,Sri Lanka,Operations Support Centre,office,,7,,,ok_group,empty,agree
23,TRV,VIT 34,Sri Lanka,Paris,office,6,92,,,ok_group,agree,agree
23,TRV,VIT 34,Sri Lanka,Pretoria,office,,5,,,ok_group,empty,agree
23,TRV,VIT 34,Sri Lanka,RROC,office,,1,,,ok_group,empty,agree
23,TRV,VIT 34,Sri Lanka,Sydney Australia,office,,3,,,ok_group,empty,agree
23,TRV,VIT 34,Sri Lanka,Vancouver Immiadration,office,1,1,,,ok_group,agree,agree
23,TRV,VIT 34,Sri Lanka,Vienna,office,1,4,,,ok_group,agree,agree
23,TRV,VIT 34,Sri Lanka,Washinaton,office,,7,,,ok_group,empty,agree
23,TRV,VIT 34,Sri Lanka,Winnipeg,office,,1,,,ok_group,empty,agree
23,TRV,VIT 34,St. Kitts-Nevis,,citizenship,5,64,5,64,reconciled,agree,agree
23,TRV,VIT 34,St. Kitts-Nevis,Abu Dhabi,office,,20,,,ok_group,empty,agree
23,TRV,VIT 34,St. Kitts-Nevis,Amman,office,,12,,,ok_group,empty,agree
23,TRV,VIT 34,St. Kitts-Nevis,Ankara,office,,5,,,ok_group,empty,agree
23,TRV,VIT 34,St. Kitts-Nevis,Beirut,office,,4,,,ok_group,empty,agree
23,TRV,VIT 34,St. Kitts-Nevis,Case Processing Centre Ottawa,office,1,7,,,ok_group,agree,agree
23,TRV,VIT 34,St. Kitts-Nevis,CN Middle East,office,1,1,,,ok_group,agree,agree
23,TRV,VIT 34,St. Kitts-Nevis,London Enaland,office,1,6,,,ok_group,agree,agree
23,TRV,VIT 34,St. Kitts-Nevis,Moscow,office,,2,,,ok_group,empty,agree
23,TRV,VIT 34,St. Kitts-Nevis,Operations Support Centre,office,,1,,,ok_group,empty,agree
23,TRV,VIT 34,St. Kitts-Nevis,Paris,office,,2,,,ok_group,empty,agree
23,TRV,VIT 34,St. Kitts-Nevis,Port of Spain,office,1,2,,,ok_group,agree,agree
23,TRV,VIT 34,St. Kitts-Nevis,Riyadh,office,1,1,,,ok_group,agree,agree
23,TRV,VIT 34,St. Kitts-Nevis,Vienna,office,,1,,,ok_group,empty,agree
23,TRV,VIT 34,St. Lucia,,citizenship,1,6,1,6,reconciled,agree,agree
23,TRV,VIT 34,St. Lucia,Abu Dhabi,office,,2,,,ok_group,empty,agree
23,TRV,VIT 34,St. Lucia,Ankara,office,1,1,,,ok_group,agree,agree
23,TRV,VIT 34,St. Lucia,Port of Spain,office,,3,,,ok_group,empty,agree
23,TRV,VIT 34,St. Vincent and the Grenadines,,citizenship,,2,0,2,reconciled,empty,agree
23,TRV,VIT 34,St. Vincent and the Grenadines,Mexico City,office,,1,,,ok_group,empty,agree
23,TRV,VIT 34,St. Vincent and the Grenadines,Port of Spain,office,,1,,,ok_group,empty,agree
23,TRV,VIT 34,Stateless,,citizenship,14,371,14,371,reconciled,agree,agree
23,TRV,VIT 34,Stateless,Abu Dhabi,office,1,135,,,ok_group,agree,agree
23,TRV,VIT 34,Stateless,Amman,office,3,13,,,ok_group,agree,agree
23,TRV,VIT 34,Stateless,Ankara,office,,17,,,ok_group,empty,agree
23,TRV,VIT 34,Stateless,Beirut,office,5,107,,,ok_group,agree,agree
23,TRV,VIT 34,Stateless,Cairo,office,,2,,,ok_group,empty,agree
23,TRV,VIT 34,Stateless,Case Processing Centre Ottawa,office,1,23,,,ok_group,agree,agree
23,TRV,VIT 34,Stateless,CN India,office,1,2,,,ok_group,agree,agree
23,TRV,VIT 34,Stateless,Kyiv,office,,1,,,ok_group,empty,agree
23,TRV,VIT 34,Stateless,London Enaland,office,2,9,,,ok_group,agree,agree
23,TRV,VIT 34,Stateless,New York,office,,2,,,ok_group,empty,agree
23,TRV,VIT 34,Stateless,Paris,office,,3,,,ok_group,empty,agree
23,TRV,VIT 34,Stateless,Riyadh,office,,19,,,ok_group,empty,agree
23,TRV,VIT 34,Stateless,Tel Aviv,office,,1,,,ok_group,empty,agree
23,TRV,VIT 34,Stateless,Vienna,office,1,36,,,ok_group,agree,agree
23,TRV,VIT 34,Stateless,Warsaw,office,,1,,,ok_group,empty,agree
23,TRV,VIT 34,Swaziland,,citizenship,,3,0,3,reconciled,empty,agree
23,TRV,VIT 34,Swaziland,Pretoria,office,,3,,,ok_group,empty,agree
23,TRV,VIT 34,Syria,,citizenship,87,1240,78,1240,MISMATCH,majority,agree
23,TRV,VIT 34,Syria,Abu Dhabi,office,,73,,,IN_FAILED_GROUP,empty,agree
23,TRV,VIT 34,Syria,Accra,office,,1,,,IN_FAILED_GROUP,empty,agree
23,TRV,VIT 34,Syria,Amman,office,47,408,,,IN_FAILED_GROUP,agree,agree
23,TRV,VIT 34,Syria,Ankara,office,,86,,,IN_FAILED_GROUP,empty,agree
23,TRV,VIT 34,Syria,Beirut,office,1,128,,,IN_FAILED_GROUP,agree,agree
23,TRV,VIT 34,Syria,Bucharest,office,,1,,,IN_FAILED_GROUP,empty,agree
23,TRV,VIT 34,Syria,Cairo,office,1,14,,,IN_FAILED_GROUP,agree,agree
23,TRV,VIT 34,Syria,Calgary Citizenship and Immiaration,office,,1,,,IN_FAILED_GROUP,empty,agree
23,TRV,VIT 34,Syria,Case Processing Centre Edmonton,office,,5,,,IN_FAILED_GROUP,empty,agree
23,TRV,VIT 34,Syria,Case Processing Centre Ottawa,office,14,183,,,IN_FAILED_GROUP,agree,agree
23,TRV,VIT 34,Syria,Dar-Es-Salaam,office,,15,,,IN_FAILED_GROUP,empty,agree
23,TRV,VIT 34,Syria,London Enaland,office,7,63,,,IN_FAILED_GROUP,agree,agree
23,TRV,VIT 34,Syria,Manila,office,,1,,,IN_FAILED_GROUP,empty,agree
23,TRV,VIT 34,Syria,Matching Centre,office,,1,,,IN_FAILED_GROUP,empty,agree
23,TRV,VIT 34,Syria,New York,office,,2,,,IN_FAILED_GROUP,empty,agree
23,TRV,VIT 34,Syria,Paris,office,2,40,,,IN_FAILED_GROUP,agree,agree
23,TRV,VIT 34,Syria,Port of Spain,office,2,8,,,IN_FAILED_GROUP,agree,agree
23,TRV,VIT 34,Syria,Pretoria,office,1,2,,,IN_FAILED_GROUP,agree,agree
23,TRV,VIT 34,Syria,Rabat,office,,5,,,IN_FAILED_GROUP,empty,agree
23,TRV,VIT 34,Syria,Riyadh,office,1,50,,,IN_FAILED_GROUP,agree,agree
23,TRV,VIT 34,Syria,Rome,office,,4,,,IN_FAILED_GROUP,empty,agree
23,TRV,VIT 34,Syria,RROC,office,1,7,,,IN_FAILED_GROUP,agree,agree
23,TRV,VIT 34,Syria,Sao Paulo,office,,1,,,IN_FAILED_GROUP,empty,agree
23,TRV,VIT 34,Syria,Singapore,office,,1,,,IN_FAILED_GROUP,empty,agree
23,TRV,VIT 34,Syria,Sydney Australia,office,1,12,,,IN_FAILED_GROUP,agree,agree
23,TRV,VIT 34,Syria,Tunis,office,,2,,,IN_FAILED_GROUP,empty,agree
23,TRV,VIT 34,Syria,Vienna,office,,112,,,IN_FAILED_GROUP,none,agree
23,TRV,VIT 34,Syria,Warsaw,office,,4,,,IN_FAILED_GROUP,empty,agree
23,TRV,VIT 34,Syria,Washinaton,office,,8,,,IN_FAILED_GROUP,empty,agree
23,TRV,VIT 34,Syria,Winnipeg,office,,2,,,IN_FAILED_GROUP,empty,agree
23,TRV,VIT 34,Tadiikistan,,citizenship,3,33,3,33,reconciled,agree,agree
23,TRV,VIT 34,Tadiikistan,Ankara,office,,2,,,ok_group,empty,agree
23,TRV,VIT 34,Tadiikistan,Beirut,office,,1,,,ok_group,empty,agree
23,TRV,VIT 34,Tadiikistan,Case Processing Centre Ottawa,office,,1,,,ok_group,empty,agree
23,TRV,VIT 34,Tadiikistan,London Enaland,office,,3,,,ok_group,empty,agree
23,TRV,VIT 34,Tadiikistan,Moscow,office,,8,,,ok_group,empty,agree
23,TRV,VIT 34,Tadiikistan,Vienna,office,,1,,,ok_group,empty,agree
24,TRV,VIT 34,Tadiikistan,Warsaw,office,3,14,,,ok_group,agree,agree
24,TRV,VIT 34,Tadiikistan,Washinaton,office,,3,,,ok_group,empty,agree
24,TRV,VIT 34,Taiwan,,citizenship,3,34,3,34,reconciled,agree,agree
24,TRV,VIT 34,Taiwan,Case Processing Centre Ottawa,office,,1,,,ok_group,empty,agree
24,TRV,VIT 34,Taiwan,Case Review Citizenship And Immiar,office,,1,,,ok_group,empty,agree
24,TRV,VIT 34,Taiwan,Hong Kona,office,,25,,,ok_group,empty,agree
24,TRV,VIT 34,Taiwan,Riyadh,office,,1,,,ok_group,empty,agree
24,TRV,VIT 34,Taiwan,RROC,office,3,6,,,ok_group,agree,agree
24,TRV,VIT 34,Thailand,,citizenship,10,69,10,69,reconciled,agree,agree
24,TRV,VIT 34,Thailand,Banakok,office,10,48,,,ok_group,agree,agree
24,TRV,VIT 34,Thailand,Case Processing Centre Ottawa,office,,7,,,ok_group,empty,agree
24,TRV,VIT 34,Thailand,CN China,office,,1,,,ok_group,empty,agree
24,TRV,VIT 34,Thailand,Washinaton,office,,13,,,ok_group,empty,agree
24,TRV,VIT 34,The Netherlands,,citizenship,,1,0,1,reconciled,empty,agree
24,TRV,VIT 34,The Netherlands,London Enaland,office,,1,,,ok_group,empty,agree
24,TRV,VIT 34,"Togo, Republic of",,citizenship,3,13,3,13,reconciled,agree,agree
24,TRV,VIT 34,"Togo, Republic of",Accra,office,1,6,,,ok_group,agree,agree
24,TRV,VIT 34,"Togo, Republic of",Beiiing,office,1,1,,,ok_group,agree,agree
24,TRV,VIT 34,"Togo, Republic of",Case Processing Centre Ottawa,office,1,4,,,ok_group,agree,agree
24,TRV,VIT 34,"Togo, Republic of",Paris,office,,1,,,ok_group,empty,agree
24,TRV,VIT 34,"Togo, Republic of",Winnipeg,office,,1,,,ok_group,empty,agree
24,TRV,VIT 34,"Trinidad and Tobago, Republic of",,citizenship,8,28,8,28,reconciled,agree,agree
24,TRV,VIT 34,"Trinidad and Tobago, Republic of",Beiiing,office,,1,,,ok_group,empty,agree
24,TRV,VIT 34,"Trinidad and Tobago, Republic of",Case Processing Centre Ottawa,office,,5,,,ok_group,empty,agree
24,TRV,VIT 34,"Trinidad and Tobago, Republic of",Port of Spain,office,8,22,,,ok_group,agree,agree
24,TRV,VIT 34,Tunisia,,citizenship,213,1296,213,1296,reconciled,agree,agree
24,TRV,VIT 34,Tunisia,Abu Dhabi,office,,5,,,ok_group,empty,agree
24,TRV,VIT 34,Tunisia,Ankara,office,,1,,,ok_group,empty,agree
24,TRV,VIT 34,Tunisia,Beiiing,office,,2,,,ok_group,empty,agree
24,TRV,VIT 34,Tunisia,Beirut,office,,1,,,ok_group,empty,agree
24,TRV,VIT 34,Tunisia,Calgary Citizenship and Immiaration,office,,1,,,ok_group,empty,agree
24,TRV,VIT 34,Tunisia,Case Processing Centre Edmonton,office,,2,,,ok_group,empty,agree
24,TRV,VIT 34,Tunisia,Case Processing Centre Ottawa,office,60,692,,,ok_group,agree,agree
24,TRV,VIT 34,Tunisia,CN Iran,office,,5,,,ok_group,empty,agree
24,TRV,VIT 34,Tunisia,CN North Africa,office,,2,,,ok_group,empty,agree
24,TRV,VIT 34,Tunisia,London Enaland,office,1,4,,,ok_group,agree,agree
24,TRV,VIT 34,Tunisia,Los Angeles,office,,1,,,ok_group,empty,agree
24,TRV,VIT 34,Tunisia,NCMS Innovation Science And Techr,office,1,1,,,ok_group,agree,agree
24,TRV,VIT 34,Tunisia,New York,office,,1,,,ok_group,empty,agree
24,TRV,VIT 34,Tunisia,Operational Performance Manageme,office,,1,,,ok_group,empty,agree
24,TRV,VIT 34,Tunisia,Ottawa IR,office,,2,,,ok_group,empty,agree
24,TRV,VIT 34,Tunisia,Paris,office,148,414,,,ok_group,agree,agree
24,TRV,VIT 34,Tunisia,Riyadh,office,,1,,,ok_group,empty,agree
24,TRV,VIT 34,Tunisia,RROC,office,1,19,,,ok_group,agree,agree
24,TRV,VIT 34,Tunisia,Sydney Australia,office,,1,,,ok_group,empty,agree
24,TRV,VIT 34,Tunisia,Tunis,office,1,117,,,ok_group,agree,agree
24,TRV,VIT 34,Tunisia,Vancouver Immiadration,office,,3,,,ok_group,empty,agree
24,TRV,VIT 34,Tunisia,Vienna,office,,15,,,ok_group,empty,agree
24,TRV,VIT 34,Tunisia,Warsaw,office,,1,,,ok_group,empty,agree
24,TRV,VIT 34,Tunisia,Washinaton,office,1,4,,,ok_group,agree,agree
24,TRV,VIT 34,Turkey,,citizenship,62,376,62,376,reconciled,agree,agree
24,TRV,VIT 34,Turkey,Abu Dhabi,office,1,15,,,ok_group,agree,agree
24,TRV,VIT 34,Turkey,Amman,office,,2,,,ok_group,empty,agree
24,TRV,VIT 34,Turkey,Ankara,office,16,131,,,ok_group,agree,agree
24,TRV,VIT 34,Turkey,Beiiing,office,,5,,,ok_group,empty,agree
24,TRV,VIT 34,Turkey,Beirut,office,,1,,,ok_group,empty,agree
24,TRV,VIT 34,Turkey,Boqota,office,,2,,,ok_group,empty,agree
24,TRV,VIT 34,Turkey,Case Processing Centre Edmonton,office,,1,,,ok_group,empty,agree
24,TRV,VIT 34,Turkey,Case Processing Centre Ottawa,office,19,76,,,ok_group,agree,agree
24,TRV,VIT 34,Turkey,CN Iran,office,,1,,,ok_group,empty,agree
24,TRV,VIT 34,Turkey,Kingston Jamaica,office,,1,,,ok_group,empty,agree
24,TRV,VIT 34,Turkey,London Enaland,office,9,26,,,ok_group,agree,agree
24,TRV,VIT 34,Turkey,Los Angeles,office,,1,,,ok_group,empty,agree
24,TRV,VIT 34,Turkey,Mexico City,office,,1,,,ok_group,empty,agree
24,TRV,VIT 34,Turkey,Operations Support Centre,office,,1,,,ok_group,empty,agree
24,TRV,VIT 34,Turkey,Paris,office,2,20,,,ok_group,agree,agree
24,TRV,VIT 34,Turkey,Port of Spain,office,,1,,,ok_group,empty,agree
24,TRV,VIT 34,Turkey,Riyadh,office,,8,,,ok_group,empty,agree
24,TRV,VIT 34,Turkey,RROC,office,5,34,,,ok_group,agree,agree
24,TRV,VIT 34,Turkey,Shanghai,office,,3,,,ok_group,empty,agree
24,TRV,VIT 34,Turkey,Singapore,office,,1,,,ok_group,empty,agree
24,TRV,VIT 34,Turkey,Sydney Australia,office,,2,,,ok_group,empty,agree
24,TRV,VIT 34,Turkey,Vancouver Immiadration,office,1,4,,,ok_group,agree,agree
24,TRV,VIT 34,Turkey,Vienna,office,4,14,,,ok_group,agree,agree
24,TRV,VIT 34,Turkey,Warsaw,office,,6,,,ok_group,empty,agree
24,TRV,VIT 34,Turkey,Washinaton,office,4,18,,,ok_group,agree,agree
24,TRV,VIT 34,Turkey,Whitehorse IRCC,office,1,1,,,ok_group,agree,agree
24,TRV,VIT 34,Turkmenistan,,citizenship,2,8,2,8,reconciled,agree,agree
24,TRV,VIT 34,Turkmenistan,Ankara,office,,1,,,ok_group,empty,agree
24,TRV,VIT 34,Turkmenistan,Case Processing Centre Ottawa,office,1,2,,,ok_group,agree,agree
24,TRV,VIT 34,Turkmenistan,London Enaland,office,,3,,,ok_group,empty,agree
24,TRV,VIT 34,Turkmenistan,Singapore,office,1,1,,,ok_group,agree,agree
24,TRV,VIT 34,Turkmenistan,Warsaw,office,,1,,,ok_group,empty,agree
24,TRV,VIT 34,Uganda,,citizenship,13,62,13,62,reconciled,agree,agree
24,TRV,VIT 34,Uganda,Abu Dhabi,office,,1,,,ok_group,empty,agree
24,TRV,VIT 34,Uganda,Amman,office,,3,,,ok_group,empty,agree
24,TRV,VIT 34,Uganda,Ankara,office,,1,,,ok_group,empty,agree
24,TRV,VIT 34,Uganda,Cairo,office,,1,,,ok_group,empty,agree
24,TRV,VIT 34,Uganda,Calgary Citizenship and Immiaration,office,1,7,,,ok_group,agree,agree
24,TRV,VIT 34,Uganda,Case Processing Centre Ottawa,office,2,5,,,ok_group,agree,agree
24,TRV,VIT 34,Uganda,CN North Africa,office,3,3,,,ok_group,agree,agree
24,TRV,VIT 34,Uganda,Dakar,office,,1,,,ok_group,empty,agree
24,TRV,VIT 34,Uganda,Dar-Es-Salaam,office,,6,,,ok_group,empty,agree
24,TRV,VIT 34,Uganda,London Enaland,office,,1,,,ok_group,empty,agree
24,TRV,VIT 34,Uganda,Nairobi,office,1,23,,,ok_group,agree,agree
24,TRV,VIT 34,Uganda,Operations Support Centre,office,5,6,,,ok_group,agree,agree
24,TRV,VIT 34,Uganda,Ottawa IR,office,,1,,,ok_group,empty,agree
24,TRV,VIT 34,Uganda,Paris,office,1,1,,,ok_group,agree,agree
24,TRV,VIT 34,Uganda,RROC,office,,1,,,ok_group,empty,agree
24,TRV,VIT 34,Uganda,Washinaton,office,,1,,,ok_group,empty,agree
24,TRV,VIT 34,Ukraine,,citizenship,543,5976,543,5976,reconciled,majority,majority
24,TRV,VIT 34,Ukraine,Abu Dhabi,office,,10,,,ok_group,empty,agree
24,TRV,VIT 34,Ukraine,Amman,office,,2,,,ok_group,empty,agree
24,TRV,VIT 34,Ukraine,Ankara,office,,4,,,ok_group,empty,agree
24,TRV,VIT 34,Ukraine,Banakok,office,,1,,,ok_group,empty,agree
24,TRV,VIT 34,Ukraine,Beiiing,office,,45,,,ok_group,empty,agree
24,TRV,VIT 34,Ukraine,Beirut,office,,5,,,ok_group,empty,agree
24,TRV,VIT 34,Ukraine,Bogota,office,,1,,,ok_group,empty,agree
25,TRV,VIT 34,Ukraine,Bucharest,office,,11,,,ok_group,empty,agree
25,TRV,VIT 34,Ukraine,Cairo,office,,1,,,ok_group,empty,agree
25,TRV,VIT 34,Ukraine,Calgary Citizenship and Immiaration,office,,1,,,ok_group,empty,agree
25,TRV,VIT 34,Ukraine,Case Processing Centre Edmonton,office,,1,,,ok_group,empty,agree
25,TRV,VIT 34,Ukraine,Case Processing Centre Ottawa,office,227,728,,,ok_group,agree,agree
25,TRV,VIT 34,Ukraine,CN India,office,,1,,,ok_group,empty,agree
25,TRV,VIT 34,Ukraine,Colombo,office,,1,,,ok_group,empty,agree
25,TRV,VIT 34,Ukraine,Ho Chi Minh City Vietnam,office,,2,,,ok_group,empty,agree
25,TRV,VIT 34,Ukraine,Kyiv,office,,124,,,ok_group,empty,agree
25,TRV,VIT 34,Ukraine,London Enaland,office,294,4034,,,ok_group,agree,agree
25,TRV,VIT 34,Ukraine,Manila,office,,3,,,ok_group,empty,agree
25,TRV,VIT 34,Ukraine,Matching Centre,office,,192,,,ok_group,empty,agree
25,TRV,VIT 34,Ukraine,Mexico City,office,,3,,,ok_group,empty,agree
25,TRV,VIT 34,Ukraine,Moscow,office,1,3,,,ok_group,agree,agree
25,TRV,VIT 34,Ukraine,Paris,office,1,145,,,ok_group,agree,agree
25,TRV,VIT 34,Ukraine,Pretoria,office,,1,,,ok_group,empty,agree
25,TRV,VIT 34,Ukraine,Riyadh,office,,1,,,ok_group,empty,agree
25,TRV,VIT 34,Ukraine,Rome,office,,14,,,ok_group,empty,agree
25,TRV,VIT 34,Ukraine,RROC,office,8,257,,,ok_group,agree,majority
25,TRV,VIT 34,Ukraine,Sao Paulo,office,,1,,,ok_group,empty,agree
25,TRV,VIT 34,Ukraine,Singapore,office,,2,,,ok_group,empty,agree
25,TRV,VIT 34,Ukraine,Vancouver Immiadration,office,,1,,,ok_group,empty,agree
25,TRV,VIT 34,Ukraine,Vienna,office,2,127,,,ok_group,agree,agree
25,TRV,VIT 34,Ukraine,Warsaw,office,10,249,,,ok_group,agree,agree
25,TRV,VIT 34,Ukraine,Washinaton,office,,5,,,ok_group,empty,agree
25,TRV,VIT 34,United Arab Emirates,,citizenship,1,7,1,7,reconciled,agree,agree
25,TRV,VIT 34,United Arab Emirates,Case Processing Centre Ottawa,office,,2,,,ok_group,empty,agree
25,TRV,VIT 34,United Arab Emirates,RROC,office,,2,,,ok_group,empty,agree
25,TRV,VIT 34,United Arab Emirates,Washinaton,office,1,3,,,ok_group,agree,agree
25,TRV,VIT 34,United Kingdom and Overseas Territories,,citizenship,1,6,1,6,reconciled,agree,agree
25,TRV,VIT 34,United Kingdom and Overseas Territories,Calgary Citizenship and Immiaration,office,,1,,,ok_group,empty,agree
25,TRV,VIT 34,United Kingdom and Overseas Territories,Case Processing Centre Ottawa,office,1,3,,,ok_group,agree,agree
25,TRV,VIT 34,United Kingdom and Overseas Territories,London Enaland,office,,2,,,ok_group,empty,agree
25,TRV,VIT 34,United Republic of Tanzania,,citizenship,1,15,1,15,reconciled,agree,agree
25,TRV,VIT 34,United Republic of Tanzania,Dar-Es-Salaam,office,1,12,,,ok_group,agree,agree
25,TRV,VIT 34,United Republic of Tanzania,London Enaland,office,,2,,,ok_group,empty,agree
25,TRV,VIT 34,United Republic of Tanzania,Ottawa IR,office,,1,,,ok_group,empty,agree
25,TRV,VIT 34,United States of America,,citizenship,,3,0,3,reconciled,empty,agree
25,TRV,VIT 34,United States of America,Los Angeles,office,,1,,,ok_group,empty,agree
25,TRV,VIT 34,United States of America,New York,office,,1,,,ok_group,empty,agree
25,TRV,VIT 34,United States of America,Washinaton,office,,1,,,ok_group,empty,agree
25,TRV,VIT 34,Unspecified,,citizenship,1,2,1,2,reconciled,agree,agree
25,TRV,VIT 34,Unspecified,Case Processing Centre Edmonton,office,1,1,,,ok_group,agree,agree
25,TRV,VIT 34,Unspecified,Tel Aviv,office,,1,,,ok_group,empty,agree
25,TRV,VIT 34,Uruquay,,citizenship,,6,0,6,reconciled,empty,agree
25,TRV,VIT 34,Uruquay,Beiiing,office,,1,,,ok_group,empty,agree
25,TRV,VIT 34,Uruquay,Buenos Aires,office,,1,,,ok_group,empty,agree
25,TRV,VIT 34,Uruquay,Case Processing Centre Ottawa,office,,1,,,ok_group,empty,agree
25,TRV,VIT 34,Uruquay,London Enaland,office,,1,,,ok_group,empty,agree
25,TRV,VIT 34,Uruquay,Mexico City,office,,1,,,ok_group,empty,agree
25,TRV,VIT 34,Uruquay,Washinaton,office,,1,,,ok_group,empty,agree
25,TRV,VIT 34,Uzbekistan,,citizenship,,60,9,60,MISMATCH,none,agree
25,TRV,VIT 34,Uzbekistan,Abu Dhabi,office,,1,,,IN_FAILED_GROUP,empty,agree
25,TRV,VIT 34,Uzbekistan,Case Processing Centre Ottawa,office,4,8,,,IN_FAILED_GROUP,agree,agree
25,TRV,VIT 34,Uzbekistan,London Enaland,office,,3,,,IN_FAILED_GROUP,empty,agree
25,TRV,VIT 34,Uzbekistan,Moscow,office,,13,,,IN_FAILED_GROUP,empty,agree
25,TRV,VIT 34,Uzbekistan,Operations Support Centre,office,1,1,,,IN_FAILED_GROUP,agree,agree
25,TRV,VIT 34,Uzbekistan,Paris,office,,1,,,IN_FAILED_GROUP,empty,agree
25,TRV,VIT 34,Uzbekistan,RROC,office,1,2,,,IN_FAILED_GROUP,agree,agree
25,TRV,VIT 34,Uzbekistan,Singapore,office,,1,,,IN_FAILED_GROUP,empty,agree
25,TRV,VIT 34,Uzbekistan,Vienna,office,,2,,,IN_FAILED_GROUP,empty,agree
25,TRV,VIT 34,Uzbekistan,Warsaw,office,3,19,,,IN_FAILED_GROUP,agree,agree
25,TRV,VIT 34,Uzbekistan,Washinaton,office,,9,,,IN_FAILED_GROUP,empty,agree
25,TRV,VIT 34,Vanuatu,,citizenship,,6,0,6,reconciled,empty,agree
25,TRV,VIT 34,Vanuatu,Abu Dhabi,office,,2,,,ok_group,empty,agree
25,TRV,VIT 34,Vanuatu,Banakok,office,,1,,,ok_group,empty,agree
25,TRV,VIT 34,Vanuatu,Beiiing,office,,1,,,ok_group,empty,agree
25,TRV,VIT 34,Vanuatu,Case Processing Centre Ottawa,office,,1,,,ok_group,empty,agree
25,TRV,VIT 34,Vanuatu,Sydney Australia,office,,1,,,ok_group,empty,agree
25,TRV,VIT 34,Venezuela,,citizenship,9,76,9,76,reconciled,agree,agree
25,TRV,VIT 34,Venezuela,Abu Dhabi,office,,1,,,ok_group,empty,agree
25,TRV,VIT 34,Venezuela,Beiiing,office,,1,,,ok_group,empty,agree
25,TRV,VIT 34,Venezuela,Beirut,office,,7,,,ok_group,empty,agree
25,TRV,VIT 34,Venezuela,Boqota,office,3,13,,,ok_group,agree,agree
25,TRV,VIT 34,Venezuela,Case Processing Centre Ottawa,office,5,9,,,ok_group,agree,agree
25,TRV,VIT 34,Venezuela,Mexico City,office,1,30,,,ok_group,agree,agree
25,TRV,VIT 34,Venezuela,Paris,office,,6,,,ok_group,empty,agree
25,TRV,VIT 34,Venezuela,RROC,office,,5,,,ok_group,empty,agree
25,TRV,VIT 34,Venezuela,Sao Paulo,office,,1,,,ok_group,empty,agree
25,TRV,VIT 34,Venezuela,Washinaton,office,,2,,,ok_group,empty,agree
25,TRV,VIT 34,Venezuela,Whitehorse IRCC,office,,1,,,ok_group,empty,agree
25,TRV,VIT 34,"Yemen, Republic of",,citizenship,13,288,13,288,reconciled,agree,agree
25,TRV,VIT 34,"Yemen, Republic of",Abu Dhabi,office,,61,,,ok_group,empty,agree
25,TRV,VIT 34,"Yemen, Republic of",Amman,office,1,7,,,ok_group,agree,agree
25,TRV,VIT 34,"Yemen, Republic of",Ankara,office,1,5,,,ok_group,agree,agree
25,TRV,VIT 34,"Yemen, Republic of",Banaalore,office,,1,,,ok_group,empty,agree
25,TRV,VIT 34,"Yemen, Republic of",Beiiing,office,1,3,,,ok_group,agree,agree
25,TRV,VIT 34,"Yemen, Republic of",Beirut,office,,1,,,ok_group,empty,agree
25,TRV,VIT 34,"Yemen, Republic of",Cairo,office,,7,,,ok_group,empty,agree
25,TRV,VIT 34,"Yemen, Republic of",Case Processing Centre Edmonton,office,,1,,,ok_group,empty,agree
25,TRV,VIT 34,"Yemen, Republic of",Case Processing Centre Ottawa,office,2,128,,,ok_group,agree,agree
25,TRV,VIT 34,"Yemen, Republic of",Dar-Es-Salaam,office,,1,,,ok_group,empty,agree
25,TRV,VIT 34,"Yemen, Republic of",Jakarta,office,,1,,,ok_group,empty,agree
25,TRV,VIT 34,"Yemen, Republic of",London Enaland,office,3,15,,,ok_group,agree,agree
25,TRV,VIT 34,"Yemen, Republic of",Nairobi,office,,2,,,ok_group,empty,agree
25,TRV,VIT 34,"Yemen, Republic of",New Delhi,office,1,2,,,ok_group,agree,agree
25,TRV,VIT 34,"Yemen, Republic of",New York,office,,1,,,ok_group,empty,agree
25,TRV,VIT 34,"Yemen, Republic of",Paris,office,1,12,,,ok_group,agree,agree
25,TRV,VIT 34,"Yemen, Republic of",Riyadh,office,,14,,,ok_group,empty,agree
25,TRV,VIT 34,"Yemen, Republic of",Rome,office,1,1,,,ok_group,agree,agree
25,TRV,VIT 34,"Yemen, Republic of",Singapore,office,,5,,,ok_group,empty,agree
25,TRV,VIT 34,"Yemen, Republic of",Sydney Australia,office,,1,,,ok_group,empty,agree
25,TRV,VIT 34,"Yemen, Republic of",Tunis,office,,6,,,ok_group,empty,agree
25,TRV,VIT 34,"Yemen, Republic of",Vienna,office,1,4,,,ok_group,agree,agree
25,TRV,VIT 34,"Yemen, Republic of",Warsaw,office,,3,,,ok_group,empty,agree
25,TRV,VIT 34,"Yemen, Republic of",Washinaton,office,1,5,,,ok_group,agree,agree
25,TRV,VIT 34,"Yemen, Republic of",Winnipeg,office,,1,,,ok_group,empty,agree
25,TRV,VIT 34,Zambia,,citizenship,5,5,5,15,MISMATCH,agree,agree
26,TRV,VIT 34,Zambia,Case Processing Centre Ottawa,office,,1,,,IN_FAILED_GROUP,empty,agree
26,TRV,VIT 34,Zambia,Dar-Es-Salaam,office,,2,,,IN_FAILED_GROUP,empty,agree
26,TRV,VIT 34,Zambia,Pretoria,office,1,8,,,IN_FAILED_GROUP,agree,agree
26,TRV,VIT 34,Zambia,RROC,office,3,3,,,IN_FAILED_GROUP,agree,agree
26,TRV,VIT 34,Zambia,Washinaton,office,1,1,,,IN_FAILED_GROUP,agree,agree
26,TRV,VIT 34,Zimbabwe,,citizenship,10,52,10,52,reconciled,agree,agree
26,TRV,VIT 34,Zimbabwe,Ankara,office,,1,,,ok_group,empty,agree
26,TRV,VIT 34,Zimbabwe,Case Processing Centre Ottawa,office,4,6,,,ok_group,agree,agree
26,TRV,VIT 34,Zimbabwe,Case Review Citizenship And Immiar,office,,1,,,ok_group,empty,agree
26,TRV,VIT 34,Zimbabwe,Laqos,office,1,1,,,ok_group,agree,agree
26,TRV,VIT 34,Zimbabwe,London Enaland,office,,2,,,ok_group,empty,agree
26,TRV,VIT 34,Zimbabwe,Ottawa IR,office,,2,,,ok_group,empty,agree
26,TRV,VIT 34,Zimbabwe,Pretoria,office,4,36,,,ok_group,agree,agree
26,TRV,VIT 34,Zimbabwe,Vancouver Immiadration,office,,1,,,ok_group,empty,agree
26,TRV,VIT 34,Zimbabwe,Washinaton,office,1,2,,,ok_group,agree,agree
26,TRV,VIT 35,,,activity_type,1393,12366,1396,16366,MISMATCH,agree,agree
26,TRV,VIT 35,Afghanistan,,citizenship,2,4,2,4,reconciled,agree,agree
26,TRV,VIT 35,Afghanistan,Abu Dhabi,office,,1,,,ok_group,empty,agree
26,TRV,VIT 35,Afghanistan,Ankara,office,1,1,,,ok_group,agree,agree
26,TRV,VIT 35,Afghanistan,London Enaland,office,,1,,,ok_group,empty,agree
26,TRV,VIT 35,Afghanistan,Vienna,office,1,1,,,ok_group,agree,agree
26,TRV,VIT 35,Albania,,citizenship,2,24,2,24,reconciled,agree,agree
26,TRV,VIT 35,Albania,London Enaland,office,,1,,,ok_group,empty,agree
26,TRV,VIT 35,Albania,Rome,office,,17,,,ok_group,empty,agree
26,TRV,VIT 35,Albania,Vancouver Immiadration,office,1,4,,,ok_group,agree,agree
26,TRV,VIT 35,Albania,Vienna,office,1,1,,,ok_group,agree,agree
26,TRV,VIT 35,Albania,Whitehorse IRCC,office,,1,,,ok_group,empty,agree
26,TRV,VIT 35,Alaeria,,citizenship,,48,0,48,reconciled,empty,agree
26,TRV,VIT 35,Alaeria,Case Processing Centre Ottawa,office,,2,,,ok_group,empty,agree
26,TRV,VIT 35,Alaeria,CN Iran,office,,5,,,ok_group,empty,agree
26,TRV,VIT 35,Alaeria,CN North Africa,office,,10,,,ok_group,empty,agree
26,TRV,VIT 35,Alaeria,Paris,office,,29,,,ok_group,empty,agree
26,TRV,VIT 35,Alaeria,Rome,office,,2,,,ok_group,empty,agree
26,TRV,VIT 35,Argentina,,citizenship,4,87,4,87,reconciled,agree,agree
26,TRV,VIT 35,Argentina,Buenos Aires,office,4,87,,,ok_group,agree,agree
26,TRV,VIT 35,Armenia,,citizenship,,1,0,1,reconciled,empty,agree
26,TRV,VIT 35,Armenia,Warsaw,office,,1,,,ok_group,empty,agree
26,TRV,VIT 35,Bangladesh,,citizenship,10,127,10,127,reconciled,agree,agree
26,TRV,VIT 35,Bangladesh,Case Processing Centre Ottawa,office,,1,,,ok_group,empty,agree
26,TRV,VIT 35,Bangladesh,Chandigarh,office,,1,,,ok_group,empty,agree
26,TRV,VIT 35,Bangladesh,CN India,office,,38,,,ok_group,empty,agree
26,TRV,VIT 35,Bangladesh,CN South Asia,office,8,29,,,ok_group,agree,agree
26,TRV,VIT 35,Bangladesh,New York,office,,1,,,ok_group,empty,agree
26,TRV,VIT 35,Bangladesh,Pretoria,office,,2,,,ok_group,empty,agree
26,TRV,VIT 35,Bangladesh,Singapore,office,2,54,,,ok_group,agree,majority
26,TRV,VIT 35,Bangladesh,Winnipeg,office,,1,,,ok_group,empty,agree
26,TRV,VIT 35,Belarus,,citizenship,1,1,1,1,reconciled,agree,agree
26,TRV,VIT 35,Belarus,CN North Africa,office,1,1,,,ok_group,agree,agree
26,TRV,VIT 35,Bolivia,,citizenship,1,5,1,5,reconciled,agree,agree
26,TRV,VIT 35,Bolivia,Lima,office,1,5,,,ok_group,agree,agree
26,TRV,VIT 35,Bosnia-Hercegovina,,citizenship,37,184,37,184,reconciled,agree,agree
26,TRV,VIT 35,Bosnia-Hercegovina,Case Review Citizenship And Immiar,office,,1,,,ok_group,empty,agree
26,TRV,VIT 35,Bosnia-Hercegovina,Riyadh,office,,1,,,ok_group,empty,agree
26,TRV,VIT 35,Bosnia-Hercegovina,Vienna,office,37,182,,,ok_group,agree,agree
26,TRV,VIT 35,Brazil,,citizenship,,21,0,21,reconciled,empty,agree
26,TRV,VIT 35,Brazil,Sao Paulo,office,,20,,,ok_group,empty,agree
26,TRV,VIT 35,Brazil,Vancouver Immiadration,office,,1,,,ok_group,empty,agree
26,TRV,VIT 35,Burkina-Faso,,citizenship,,10,0,10,reconciled,empty,agree
26,TRV,VIT 35,Burkina-Faso,Dakar,office,,9,,,ok_group,empty,agree
26,TRV,VIT 35,Burkina-Faso,Paris,office,,1,,,ok_group,empty,agree
26,TRV,VIT 35,Burundi,,citizenship,2,16,2,16,reconciled,agree,agree
26,TRV,VIT 35,Burundi,Dar-Es-Salaam,office,2,15,,,ok_group,agree,agree
26,TRV,VIT 35,Burundi,Nairobi,office,,1,,,ok_group,empty,agree
26,TRV,VIT 35,Cambodia,,citizenship,2,2,2,2,reconciled,agree,agree
26,TRV,VIT 35,Cambodia,Banakok,office,2,2,,,ok_group,agree,agree
26,TRV,VIT 35,Central African Republic,,citizenship,,1,0,1,reconciled,empty,agree
26,TRV,VIT 35,Central African Republic,Paris,office,,1,,,ok_group,empty,agree
26,TRV,VIT 35,"Chad, Republic of",,citizenship,,2,0,2,reconciled,empty,agree
26,TRV,VIT 35,"Chad, Republic of",Dakar,office,,2,,,ok_group,empty,agree
26,TRV,VIT 35,Colombia,,citizenship,,18,0,18,reconciled,empty,agree
26,TRV,VIT 35,Colombia,Boqota,office,,18,,,ok_group,empty,agree
26,TRV,VIT 35,"Condo, Democratic Republic of the",,citizenship,1,15,1,15,reconciled,agree,agree
26,TRV,VIT 35,"Condo, Democratic Republic of the",Bucharest Global Operations Centre,office,1,2,,,ok_group,agree,agree
26,TRV,VIT 35,"Condo, Democratic Republic of the",Dakar,office,,6,,,ok_group,empty,agree
26,TRV,VIT 35,"Condo, Democratic Republic of the",Paris,office,,6,,,ok_group,empty,agree
26,TRV,VIT 35,"Condo, Democratic Republic of the",Rome,office,,1,,,ok_group,empty,agree
26,TRV,VIT 35,"Condo, People's Republic of the",,citizenship,,6,0,6,reconciled,empty,agree
26,TRV,VIT 35,"Condo, People's Republic of the",Dakar,office,,6,,,ok_group,empty,agree
26,TRV,VIT 35,Croatia,,citizenship,,1,0,1,reconciled,empty,agree
26,TRV,VIT 35,Croatia,Vienna,office,,1,,,ok_group,empty,agree
26,TRV,VIT 35,Cuba,,citizenship,,3,0,3,reconciled,empty,agree
26,TRV,VIT 35,Cuba,Havana,office,,2,,,ok_group,empty,agree
26,TRV,VIT 35,Cuba,Vancouver Immiadration,office,,1,,,ok_group,empty,agree
26,TRV,VIT 35,Democratic Republic of Sudan,,citizenship,,1,0,1,reconciled,empty,agree
26,TRV,VIT 35,Democratic Republic of Sudan,Vienna,office,,1,,,ok_group,empty,agree
26,TRV,VIT 35,Dominican Republic,,citizenship,,1,0,1,reconciled,empty,agree
26,TRV,VIT 35,Dominican Republic,Mexico City,office,,1,,,ok_group,empty,agree
26,TRV,VIT 35,Ecuador,,citizenship,,2,0,2,reconciled,empty,agree
26,TRV,VIT 35,Ecuador,Boqota,office,,2,,,ok_group,empty,agree
26,TRV,VIT 35,Eqypt,,citizenship,3,24,3,24,reconciled,agree,agree
26,TRV,VIT 35,Eqypt,Ankara,office,,2,,,ok_group,empty,agree
26,TRV,VIT 35,Eqypt,Beirut,office,1,1,,,ok_group,agree,agree
26,TRV,VIT 35,Eqypt,Cairo,office,2,14,,,ok_group,agree,agree
26,TRV,VIT 35,Eqypt,Calgary Citizenship and Immiaration,office,,1,,,ok_group,empty,agree
26,TRV,VIT 35,Eqypt,Dakar,office,,1,,,ok_group,empty,agree
26,TRV,VIT 35,Eqypt,Paris,office,,1,,,ok_group,empty,agree
26,TRV,VIT 35,Eqypt,Vancouver Immiadration,office,,1,,,ok_group,empty,agree
26,TRV,VIT 35,Eqypt,Washinaton,office,,1,,,ok_group,empty,agree
26,TRV,VIT 35,Eqypt,Whitehorse IRCC,office,,1,,,ok_group,empty,agree
26,TRV,VIT 35,Eqypt,Winnipeg,office,,1,,,ok_group,empty,agree
26,TRV,VIT 35,El Salvador,,citizenship,1,4,1,4,reconciled,agree,agree
26,TRV,VIT 35,El Salvador,Mexico City,office,1,3,,,ok_group,agree,agree
26,TRV,VIT 35,El Salvador,Whitehorse IRCC,office,,1,,,ok_group,empty,agree
26,TRV,VIT 35,Ethiopia,,citizenship,,5,0,5,reconciled,empty,agree
26,TRV,VIT 35,Ethiopia,Nairobi,office,,4,,,ok_group,empty,agree
26,TRV,VIT 35,Ethiopia,New York,office,,1,,,ok_group,empty,agree
26,TRV,VIT 35,Federal Republic of Cameroon,,citizenship,3,30,3,30,reconciled,agree,agree
26,TRV,VIT 35,Federal Republic of Cameroon,Accra,office,,1,,,ok_group,empty,agree
27,TRV,VIT 35,Federal Republic of Cameroon,Bucharest Global Operations Centre,office,1,3,,,ok_group,agree,agree
27,TRV,VIT 35,Federal Republic of Cameroon,Dakar,office,1,11,,,ok_group,agree,agree
27,TRV,VIT 35,Federal Republic of Cameroon,Paris,office,,12,,,ok_group,empty,agree
27,TRV,VIT 35,Federal Republic of Cameroon,Rome,office,,1,,,ok_group,empty,agree
27,TRV,VIT 35,Federal Republic of Cameroon,Vancouver Immiadration,office,,1,,,ok_group,empty,agree
27,TRV,VIT 35,Federal Republic of Cameroon,Yaounde (High Commission of Canac,office,1,1,,,ok_group,agree,agree
27,TRV,VIT 35,Gabon Republic,,citizenship,,8,0,8,reconciled,empty,agree
27,TRV,VIT 35,Gabon Republic,Paris,office,,8,,,ok_group,empty,agree
27,TRV,VIT 35,Gambia,,citizenship,,1,0,1,reconciled,empty,agree
27,TRV,VIT 35,Gambia,Dakar,office,,1,,,ok_group,empty,agree
27,TRV,VIT 35,Georgia,,citizenship,1,1,1,1,reconciled,agree,agree
27,TRV,VIT 35,Georgia,Case Processing Centre Ottawa,office,1,1,,,ok_group,agree,agree
27,TRV,VIT 35,Ghana,,citizenship,1,44,1,44,reconciled,agree,agree
27,TRV,VIT 35,Ghana,Accra,office,,28,,,ok_group,empty,agree
27,TRV,VIT 35,Ghana,Calgary Citizenship and Immiaration,office,,4,,,ok_group,empty,agree
27,TRV,VIT 35,Ghana,CN North Africa,office,1,1,,,ok_group,agree,agree
27,TRV,VIT 35,Ghana,Winnipeg,office,,11,,,ok_group,empty,agree
27,TRV,VIT 35,Guatemala,,citizenship,1,5,1,5,reconciled,agree,agree
27,TRV,VIT 35,Guatemala,Mexico City,office,1,5,,,ok_group,agree,agree
27,TRV,VIT 35,"Guinea, Republic of",,citizenship,3,9,3,9,reconciled,agree,agree
27,TRV,VIT 35,"Guinea, Republic of",Dakar,office,3,9,,,ok_group,agree,agree
27,TRV,VIT 35,Haiti,,citizenship,,20,0,20,reconciled,empty,agree
27,TRV,VIT 35,Haiti,Ankara,office,,1,,,ok_group,empty,agree
27,TRV,VIT 35,Haiti,Calgary Citizenship and Immiaration,office,,1,,,ok_group,empty,agree
27,TRV,VIT 35,Haiti,Mexico City,office,,11,,,ok_group,empty,agree
27,TRV,VIT 35,Haiti,Port-Au-Prince,office,,7,,,ok_group,empty,agree
27,TRV,VIT 35,Honduras,,citizenship,,1,0,1,reconciled,empty,agree
27,TRV,VIT 35,Honduras,Mexico City,office,,1,,,ok_group,empty,agree
27,TRV,VIT 35,Hungary,,citizenship,,1,0,1,reconciled,empty,agree
27,TRV,VIT 35,Hungary,Vancouver Immiadration,office,,1,,,ok_group,empty,agree
27,TRV,VIT 35,Iceland,,citizenship,1,2,1,2,reconciled,agree,agree
27,TRV,VIT 35,Iceland,Case Processing Centre Ottawa,office,,1,,,ok_group,empty,agree
27,TRV,VIT 35,Iceland,CN India,office,1,1,,,ok_group,agree,agree
27,TRV,VIT 35,India,,citizenship,1120,10311,1120,10311,reconciled,agree,agree
27,TRV,VIT 35,India,Banaalore,office,,59,,,ok_group,empty,agree
27,TRV,VIT 35,India,Case Processing Centre Ottawa,office,42,3908,,,ok_group,agree,agree
27,TRV,VIT 35,India,Chandigarh,office,,233,,,ok_group,empty,agree
27,TRV,VIT 35,India,CN India,office,969,5080,,,ok_group,agree,majority
27,TRV,VIT 35,India,Los Angeles,office,,1,,,ok_group,empty,agree
27,TRV,VIT 35,India,Manila,office,1,1,,,ok_group,agree,agree
27,TRV,VIT 35,India,New Delhi,office,103,1010,,,ok_group,agree,agree
27,TRV,VIT 35,India,New York,office,2,2,,,ok_group,agree,agree
27,TRV,VIT 35,India,Operations Support Centre,office,,8,,,ok_group,empty,agree
27,TRV,VIT 35,India,Rome,office,,4,,,ok_group,empty,agree
27,TRV,VIT 35,India,RROC,office,2,3,,,ok_group,agree,agree
27,TRV,VIT 35,India,Vancouver Immiadration,office,,1,,,ok_group,empty,agree
27,TRV,VIT 35,India,Whitehorse IRCC,office,1,1,,,ok_group,agree,agree
27,TRV,VIT 35,Iran,,citizenship,1,6,1,6,reconciled,agree,agree
27,TRV,VIT 35,Iran,Banaalore,office,,1,,,ok_group,empty,agree
27,TRV,VIT 35,Iran,Boqota,office,,1,,,ok_group,empty,agree
27,TRV,VIT 35,Iran,Case Processing Centre Ottawa,office,,1,,,ok_group,empty,agree
27,TRV,VIT 35,Iran,Vienna,office,1,3,,,ok_group,agree,agree
27,TRV,VIT 35,Iraq,,citizenship,,2,0,2,reconciled,empty,agree
27,TRV,VIT 35,Iraq,Amman,office,,1,,,ok_group,empty,agree
27,TRV,VIT 35,Iraq,Paris,office,,1,,,ok_group,empty,agree
27,TRV,VIT 35,Jamaica,,citizenship,,7,0,7,reconciled,empty,agree
27,TRV,VIT 35,Jamaica,Kingston Jamaica,office,,4,,,ok_group,empty,agree
27,TRV,VIT 35,Jamaica,Mexico City,office,,1,,,ok_group,empty,agree
27,TRV,VIT 35,Jamaica,Paris,office,,1,,,ok_group,empty,agree
27,TRV,VIT 35,Jamaica,Vancouver Immiadration,office,,1,,,ok_group,empty,agree
27,TRV,VIT 35,Jordan,,citizenship,,2,0,2,reconciled,empty,agree
27,TRV,VIT 35,Jordan,Rabat,office,,1,,,ok_group,empty,agree
27,TRV,VIT 35,Jordan,Winnipeg,office,,1,,,ok_group,empty,agree
27,TRV,VIT 35,Kazakhstan,,citizenship,,2,0,2,reconciled,empty,agree
27,TRV,VIT 35,Kazakhstan,Moscow,office,,1,,,ok_group,empty,agree
27,TRV,VIT 35,Kazakhstan,Warsaw,office,,1,,,ok_group,empty,agree
27,TRV,VIT 35,Kenya,,citizenship,1,7,1,7,reconciled,agree,agree
27,TRV,VIT 35,Kenya,Calgary Citizenship and Immiaration,office,,3,,,ok_group,empty,agree
27,TRV,VIT 35,Kenya,Nairobi,office,,3,,,ok_group,empty,agree
27,TRV,VIT 35,Kenya,Vancouver Immiadration,office,1,1,,,ok_group,agree,agree
27,TRV,VIT 35,"Kosovo, Republic of",,citizenship,1,24,1,24,reconciled,agree,agree
27,TRV,VIT 35,"Kosovo, Republic of",Vienna,office,1,24,,,ok_group,agree,agree
27,TRV,VIT 35,Kuwait,,citizenship,,1,0,1,reconciled,empty,agree
27,TRV,VIT 35,Kuwait,Washinaton,office,,1,,,ok_group,empty,agree
27,TRV,VIT 35,Lebanon,,citizenship,1,9,1,9,reconciled,agree,agree
27,TRV,VIT 35,Lebanon,Ankara,office,,4,,,ok_group,empty,agree
27,TRV,VIT 35,Lebanon,Beirut,office,1,2,,,ok_group,agree,agree
27,TRV,VIT 35,Lebanon,Buenos Aires,office,,1,,,ok_group,empty,agree
27,TRV,VIT 35,Lebanon,Vancouver Immiadration,office,,1,,,ok_group,empty,agree
27,TRV,VIT 35,Lebanon,Whitehorse IRCC,office,,1,,,ok_group,empty,agree
27,TRV,VIT 35,Liberia,,citizenship,,1,0,1,reconciled,empty,agree
27,TRV,VIT 35,Liberia,Accra,office,,1,,,ok_group,empty,agree
27,TRV,VIT 35,Libya,,citizenship,,22,0,22,reconciled,empty,agree
27,TRV,VIT 35,Libya,Paris,office,,1,,,ok_group,empty,agree
27,TRV,VIT 35,Libya,Tunis,office,,21,,,ok_group,empty,agree
27,TRV,VIT 35,Macedonia,,citizenship,3,16,3,16,reconciled,agree,agree
27,TRV,VIT 35,Macedonia,Vienna,office,3,16,,,ok_group,agree,agree
27,TRV,VIT 35,Madaaascar,,citizenship,,2,0,2,reconciled,empty,agree
27,TRV,VIT 35,Madaaascar,Whitehorse IRCC,office,,2,,,ok_group,empty,agree
27,TRV,VIT 35,"Mali, Republic of",,citizenship,1,10,1,10,reconciled,agree,agree
27,TRV,VIT 35,"Mali, Republic of",Dakar,office,1,10,,,ok_group,agree,agree
27,TRV,VIT 35,Mauritania,,citizenship,,1,0,1,reconciled,empty,agree
27,TRV,VIT 35,Mauritania,Dakar,office,,1,,,ok_group,empty,agree
27,TRV,VIT 35,Mexico,,citizenship,,1,0,1,reconciled,empty,agree
27,TRV,VIT 35,Mexico,CN Americas,office,,1,,,ok_group,empty,agree
27,TRV,VIT 35,"Monteneqro, Republic of",,citizenship,3,14,3,14,reconciled,agree,agree
27,TRV,VIT 35,"Monteneqro, Republic of",Buenos Aires,office,,1,,,ok_group,empty,agree
27,TRV,VIT 35,"Monteneqro, Republic of",Vienna,office,3,13,,,ok_group,agree,agree
27,TRV,VIT 35,Morocco,,citizenship,,4171,0,171,MISMATCH,empty,majority
27,TRV,VIT 35,Morocco,Calgary Citizenship and Immiaration,office,,1,,,IN_FAILED_GROUP,empty,agree
27,TRV,VIT 35,Morocco,Case Processing Centre Ottawa,office,,3,,,IN_FAILED_GROUP,empty,agree
27,TRV,VIT 35,Morocco,Rabat,office,,166,,,IN_FAILED_GROUP,empty,agree
27,TRV,VIT 35,Morocco,Rome,office,,1,,,IN_FAILED_GROUP,empty,agree
27,TRV,VIT 35,Nepal,,citizenship,,35,0,342,MISMATCH,empty,agree
27,TRV,VIT 35,Nepal,Banaalore,office,,25,,,IN_FAILED_GROUP,empty,agree
27,TRV,VIT 35,Nepal,New Delhi,office,,6,,,IN_FAILED_GROUP,empty,agree
27,TRV,VIT 35,Nepal,Rabat,office,,1,,,IN_FAILED_GROUP,empty,agree
27,TRV,VIT 35,Nepal,Vancouver Immiadration,office,,310,,,IN_FAILED_GROUP,empty,majority
28,TRV,VIT 35,Nigeria,,citizenship,4,48,4,48,reconciled,agree,agree
28,TRV,VIT 35,Nigeria,Abuia,office,1,3,,,ok_group,agree,agree
28,TRV,VIT 35,Nigeria,Case Processing Centre Ottawa,office,1,2,,,ok_group,agree,agree
28,TRV,VIT 35,Nigeria,Dakar,office,,1,,,ok_group,empty,agree
28,TRV,VIT 35,Nigeria,Dar-Es-Salaam,office,,1,,,ok_group,empty,agree
28,TRV,VIT 35,Nigeria,Laqos,office,,10,,,ok_group,empty,agree
28,TRV,VIT 35,Nigeria,London Enaland,office,,7,,,ok_group,empty,agree
28,TRV,VIT 35,Nigeria,Nairobi,office,,15,,,ok_group,empty,agree
28,TRV,VIT 35,Nigeria,Sao Paulo,office,,2,,,ok_group,empty,agree
28,TRV,VIT 35,Nigeria,Vancouver Immiadration,office,1,4,,,ok_group,agree,agree
28,TRV,VIT 35,Nigeria,Vienna,office,1,1,,,ok_group,agree,agree
28,TRV,VIT 35,Nigeria,Whitehorse IRCC,office,,1,,,ok_group,empty,agree
28,TRV,VIT 35,Nigeria,Winnipeg,office,,1,,,ok_group,empty,agree
28,TRV,VIT 35,Pakistan,,citizenship,7,40,7,40,reconciled,agree,agree
28,TRV,VIT 35,Pakistan,Abu Dhabi,office,1,26,,,ok_group,agree,agree
28,TRV,VIT 35,Pakistan,Amman,office,1,1,,,ok_group,agree,agree
28,TRV,VIT 35,Pakistan,CN Middle East,office,4,4,,,ok_group,agree,agree
28,TRV,VIT 35,Pakistan,Dakar,office,,3,,,ok_group,empty,agree
28,TRV,VIT 35,Pakistan,Islamabad,office,,2,,,ok_group,empty,agree
28,TRV,VIT 35,Pakistan,Los Angeles,office,,1,,,ok_group,empty,agree
28,TRV,VIT 35,Pakistan,Pretoria,office,1,1,,,ok_group,agree,agree
28,TRV,VIT 35,Pakistan,Sao Paulo,office,,1,,,ok_group,empty,agree
28,TRV,VIT 35,Pakistan,Warsaw,office,,1,,,ok_group,empty,agree
28,TRV,VIT 35,Palestinian Authority (Gaza/West Bank),,citizenship,1,1,1,1,reconciled,agree,agree
28,TRV,VIT 35,Palestinian Authority (Gaza/West Bank),Dakar,office,1,1,,,ok_group,agree,agree
28,TRV,VIT 35,Peoples Republic of Benin,,citizenship,,1,0,1,reconciled,empty,agree
28,TRV,VIT 35,Peoples Republic of Benin,Accra,office,,1,,,ok_group,empty,agree
28,TRV,VIT 35,People's Republic of China,,citizenship,2,34,2,34,reconciled,agree,agree
28,TRV,VIT 35,People's Republic of China,Beiiing,office,2,13,,,ok_group,agree,agree
28,TRV,VIT 35,People's Republic of China,Case Processing Centre Ottawa,office,,4,,,ok_group,empty,agree
28,TRV,VIT 35,People's Republic of China,Rome,office,,1,,,ok_group,empty,agree
28,TRV,VIT 35,People's Republic of China,Shanghai,office,,14,,,ok_group,empty,agree
28,TRV,VIT 35,People's Republic of China,Vienna,office,,1,,,ok_group,empty,agree
28,TRV,VIT 35,People's Republic of China,Washinaton,office,,1,,,ok_group,empty,agree
28,TRV,VIT 35,Peru,,citizenship,62,222,62,222,reconciled,agree,agree
28,TRV,VIT 35,Peru,Lima,office,62,219,,,ok_group,agree,agree
28,TRV,VIT 35,Peru,Vancouver Immiadration,office,,1,,,ok_group,empty,agree
28,TRV,VIT 35,Peru,Winnipeg,office,,2,,,ok_group,empty,agree
28,TRV,VIT 35,Philippines,,citizenship,16,115,16,115,reconciled,agree,agree
28,TRV,VIT 35,Philippines,Calgary Citizenship and Immiaration,office,,17,,,ok_group,empty,agree
28,TRV,VIT 35,Philippines,Case Processing Centre Ottawa,office,2,10,,,ok_group,agree,agree
28,TRV,VIT 35,Philippines,CN North Africa,office,1,1,,,ok_group,agree,agree
28,TRV,VIT 35,Philippines,CN South Asia,office,9,29,,,ok_group,agree,agree
28,TRV,VIT 35,Philippines,Manila,office,,23,,,ok_group,empty,agree
28,TRV,VIT 35,Philippines,Vancouver Immiadration,office,2,10,,,ok_group,agree,agree
28,TRV,VIT 35,Philippines,Whitehorse IRCC,office,2,20,,,ok_group,agree,agree
28,TRV,VIT 35,Philippines,Winnipeg,office,,5,,,ok_group,empty,agree
28,TRV,VIT 35,Republic of Ivory Coast,,citizenship,1,20,1,20,reconciled,agree,agree
28,TRV,VIT 35,Republic of Ivory Coast,CN South Asia,office,,1,,,ok_group,empty,agree
28,TRV,VIT 35,Republic of Ivory Coast,Dakar,office,1,18,,,ok_group,agree,agree
28,TRV,VIT 35,Republic of Ivory Coast,Washinaton,office,,1,,,ok_group,empty,agree
28,TRV,VIT 35,Republic of South Africa,,citizenship,,5,0,5,reconciled,empty,agree
28,TRV,VIT 35,Republic of South Africa,Lima,office,,1,,,ok_group,empty,agree
28,TRV,VIT 35,Republic of South Africa,Pretoria,office,,1,,,ok_group,empty,agree
28,TRV,VIT 35,Republic of South Africa,Sao Paulo,office,,1,,,ok_group,empty,agree
28,TRV,VIT 35,Republic of South Africa,Vancouver Immiadration,office,,1,,,ok_group,empty,agree
28,TRV,VIT 35,Republic of South Africa,Winnipeg,office,,1,,,ok_group,empty,agree
28,TRV,VIT 35,Republic of the Niger,,citizenship,,1,0,1,reconciled,empty,agree
28,TRV,VIT 35,Republic of the Niger,Dakar,office,,1,,,ok_group,empty,agree
28,TRV,VIT 35,Russia,,citizenship,2,21,2,21,reconciled,agree,agree
28,TRV,VIT 35,Russia,Ankara,office,1,2,,,ok_group,agree,agree
28,TRV,VIT 35,Russia,Moscow,office,,15,,,ok_group,empty,agree
28,TRV,VIT 35,Russia,Sao Paulo,office,,1,,,ok_group,empty,agree
28,TRV,VIT 35,Russia,Warsaw,office,1,3,,,ok_group,agree,agree
28,TRV,VIT 35,Rwanda,,citizenship,4,28,4,28,reconciled,agree,agree
28,TRV,VIT 35,Rwanda,Accra,office,,1,,,ok_group,empty,agree
28,TRV,VIT 35,Rwanda,Case Processing Centre Ottawa,office,1,1,,,ok_group,agree,agree
28,TRV,VIT 35,Rwanda,CN South Asia,office,1,1,,,ok_group,agree,agree
28,TRV,VIT 35,Rwanda,Dar-Es-Salaam,office,2,20,,,ok_group,agree,agree
28,TRV,VIT 35,Rwanda,London Enaland,office,,3,,,ok_group,empty,agree
28,TRV,VIT 35,Rwanda,Nairobi,office,,1,,,ok_group,empty,agree
28,TRV,VIT 35,Rwanda,Paris,office,,1,,,ok_group,empty,agree
28,TRV,VIT 35,Saudi Arabia,,citizenship,,3,0,3,reconciled,empty,agree
28,TRV,VIT 35,Saudi Arabia,Riyadh,office,,2,,,ok_group,empty,agree
28,TRV,VIT 35,Saudi Arabia,Sao Paulo,office,,1,,,ok_group,empty,agree
28,TRV,VIT 35,Senegal,,citizenship,,7,0,7,reconciled,empty,agree
28,TRV,VIT 35,Senegal,CN North Africa,office,,1,,,ok_group,empty,agree
28,TRV,VIT 35,Senegal,Dakar,office,,4,,,ok_group,empty,agree
28,TRV,VIT 35,Senegal,Paris,office,,2,,,ok_group,empty,agree
28,TRV,VIT 35,"Serbia, Republic of",,citizenship,44,186,44,186,reconciled,majority,agree
28,TRV,VIT 35,"Serbia, Republic of",Vienna,office,44,186,,,ok_group,majority,agree
28,TRV,VIT 35,Sierra Leone,,citizenship,,4,0,4,reconciled,empty,agree
28,TRV,VIT 35,Sierra Leone,Accra,office,,4,,,ok_group,empty,agree
28,TRV,VIT 35,Socialist Republic of Vietnam,,citizenship,1,10,1,10,reconciled,agree,agree
28,TRV,VIT 35,Socialist Republic of Vietnam,CN South Asia,office,1,1,,,ok_group,agree,agree
28,TRV,VIT 35,Socialist Republic of Vietnam,Ho Chi Minh City Vietnam,office,,5,,,ok_group,empty,agree
28,TRV,VIT 35,Socialist Republic of Vietnam,Vancouver Immiadration,office,,4,,,ok_group,empty,agree
28,TRV,VIT 35,"Somalia, Democratic Republic of",,citizenship,,1,0,1,reconciled,empty,agree
28,TRV,VIT 35,"Somalia, Democratic Republic of",Dar-Es-Salaam,office,,1,,,ok_group,empty,agree
28,TRV,VIT 35,"South Sudan, Republic Of",,citizenship,,1,0,1,reconciled,empty,agree
28,TRV,VIT 35,"South Sudan, Republic Of",Nairobi,office,,1,,,ok_group,empty,agree
28,TRV,VIT 35,Sri Lanka,,citizenship,35,74,35,74,reconciled,agree,majority
28,TRV,VIT 35,Sri Lanka,Calgary Citizenship and Immiaration,office,,1,,,ok_group,empty,agree
28,TRV,VIT 35,Sri Lanka,Colombo,office,35,64,,,ok_group,agree,agree
28,TRV,VIT 35,Sri Lanka,Jakarta,office,,1,,,ok_group,empty,agree
28,TRV,VIT 35,Sri Lanka,Paris,office,,4,,,ok_group,empty,agree
28,TRV,VIT 35,Sri Lanka,Washinaton,office,,1,,,ok_group,empty,agree
28,TRV,VIT 35,Sri Lanka,Whitehorse IRCC,office,,3,,,ok_group,empty,agree
28,TRV,VIT 35,Stateless,,citizenship,,2,0,2,reconciled,empty,agree
28,TRV,VIT 35,Stateless,Riyadh,office,,1,,,ok_group,empty,agree
28,TRV,VIT 35,Stateless,Vienna,office,,1,,,ok_group,empty,agree
28,TRV,VIT 35,Syria,,citizenship,,9,0,9,reconciled,empty,agree
28,TRV,VIT 35,Syria,Accra,office,,1,,,ok_group,empty,agree
28,TRV,VIT 35,Syria,Ankara,office,,1,,,ok_group,empty,agree
28,TRV,VIT 35,Syria,Cairo,office,,1,,,ok_group,empty,agree
28,TRV,VIT 35,Syria,New York,office,,2,,,ok_group,empty,agree
28,TRV,VIT 35,Syria,Rabat,office,,1,,,ok_group,empty,agree
28,TRV,VIT 35,Syria,Riyadh,office,,1,,,ok_group,empty,agree
29,TRV,VIT 35,Syria,Vienna,office,,2,,,ok_group,empty,agree
29,TRV,VIT 35,Thailand,,citizenship,,1,0,1,reconciled,empty,agree
29,TRV,VIT 35,Thailand,Banakok,office,,1,,,ok_group,empty,agree
29,TRV,VIT 35,"Togo, Republic of",,citizenship,2,6,2,6,reconciled,agree,agree
29,TRV,VIT 35,"Togo, Republic of",Accra,office,2,5,,,ok_group,agree,agree
29,TRV,VIT 35,"Togo, Republic of",Dakar,office,,1,,,ok_group,empty,agree
29,TRV,VIT 35,"Trinidad and Tobago, Republic of",,citizenship,,1,0,1,reconciled,empty,agree
29,TRV,VIT 35,"Trinidad and Tobago, Republic of",Winnipeg,office,,1,,,ok_group,empty,agree
29,TRV,VIT 35,Tunisia,,citizenship,1,102,1,102,reconciled,agree,agree
29,TRV,VIT 35,Tunisia,Paris,office,1,10,,,ok_group,agree,agree
29,TRV,VIT 35,Tunisia,Rome,office,,2,,,ok_group,empty,agree
29,TRV,VIT 35,Tunisia,Tunis,office,,90,,,ok_group,empty,agree
29,TRV,VIT 35,Turkey,,citizenship,1,2,1,2,reconciled,agree,agree
29,TRV,VIT 35,Turkey,Case Processing Centre Ottawa,office,1,2,,,ok_group,agree,agree
29,TRV,VIT 35,Uganda,,citizenship,5,13,5,13,reconciled,agree,agree
29,TRV,VIT 35,Uganda,CN North Africa,office,1,1,,,ok_group,agree,agree
29,TRV,VIT 35,Uganda,Dakar,office,,1,,,ok_group,empty,agree
29,TRV,VIT 35,Uganda,Dar-Es-Salaam,office,,1,,,ok_group,empty,agree
29,TRV,VIT 35,Uganda,Nairobi,office,4,10,,,ok_group,agree,agree
29,TRV,VIT 35,Ukraine,,citizenship,1,10,1,10,reconciled,agree,agree
29,TRV,VIT 35,Ukraine,Colombo,office,,2,,,ok_group,empty,agree
29,TRV,VIT 35,Ukraine,Kyiv,office,,1,,,ok_group,empty,agree
29,TRV,VIT 35,Ukraine,London Enaland,office,1,2,,,ok_group,agree,agree
29,TRV,VIT 35,Ukraine,Vienna,office,,5,,,ok_group,empty,agree
29,TRV,VIT 35,United Republic of Tanzania,,citizenship,,2,0,2,reconciled,empty,agree
29,TRV,VIT 35,United Republic of Tanzania,Dar-Es-Salaam,office,,2,,,ok_group,empty,agree
29,TRV,VIT 35,United States of America,,citizenship,,1,0,1,reconciled,empty,agree
29,TRV,VIT 35,United States of America,Los Angeles,office,,1,,,ok_group,empty,agree
29,TRV,VIT 35,Uruquay,,citizenship,,8,0,8,reconciled,empty,agree
29,TRV,VIT 35,Uruquay,Buenos Aires,office,,8,,,ok_group,empty,agree
29,TRV,VIT 35,Venezuela,,citizenship,,1,0,1,reconciled,empty,agree
29,TRV,VIT 35,Venezuela,Mexico City,office,,1,,,ok_group,empty,agree
29,TRV,VIT 35,"Yemen, Republic of",,citizenship,,3,0,3,reconciled,empty,agree
29,TRV,VIT 35,"Yemen, Republic of",Riyadh,office,,2,,,ok_group,empty,agree
29,TRV,VIT 35,"Yemen, Republic of",Tunis,office,,1,,,ok_group,empty,agree
29,TRV,VIT 35,Zimbabwe,,citizenship,,4,0,4,reconciled,empty,agree
29,TRV,VIT 35,Zimbabwe,Dar-Es-Salaam,office,,1,,,ok_group,empty,agree
29,TRV,VIT 35,Zimbabwe,Pretoria,office,,3,,,ok_group,empty,agree
29,TRV,VIT 37,,,activity_type,47,252,47,252,reconciled,agree,agree
29,TRV,VIT 37,Afghanistan,,citizenship,,2,0,2,reconciled,empty,agree
29,TRV,VIT 37,Afghanistan,Winnipeg,office,,2,,,ok_group,empty,agree
29,TRV,VIT 37,Albania,,citizenship,4,6,4,6,reconciled,agree,agree
29,TRV,VIT 37,Albania,Case Processing Centre Ottawa,office,3,3,,,ok_group,agree,agree
29,TRV,VIT 37,Albania,CN North Africa,office,1,1,,,ok_group,agree,agree
29,TRV,VIT 37,Albania,Rome,office,,1,,,ok_group,empty,agree
29,TRV,VIT 37,Albania,Vancouver Immiadration,office,,1,,,ok_group,empty,agree
29,TRV,VIT 37,Alaeria,,citizenship,1,1,1,1,reconciled,agree,agree
29,TRV,VIT 37,Alaeria,Paris,office,1,1,,,ok_group,agree,agree
29,TRV,VIT 37,Armenia,,citizenship,1,1,1,1,reconciled,agree,agree
29,TRV,VIT 37,Armenia,Vancouver Immiadration,office,1,1,,,ok_group,agree,agree
29,TRV,VIT 37,Bangladesh,,citizenship,1,5,1,5,reconciled,agree,agree
29,TRV,VIT 37,Bangladesh,Pretoria,office,,3,,,ok_group,empty,agree
29,TRV,VIT 37,Bangladesh,Singapore,office,,1,,,ok_group,empty,agree
29,TRV,VIT 37,Bangladesh,Vancouver Immiadration,office,1,1,,,ok_group,agree,agree
29,TRV,VIT 37,Belarus,,citizenship,1,1,1,1,reconciled,agree,agree
29,TRV,VIT 37,Belarus,Case Processing Centre Ottawa,office,1,1,,,ok_group,agree,agree
29,TRV,VIT 37,Bosnia-Hercegovina,,citizenship,1,7,1,7,reconciled,agree,agree
29,TRV,VIT 37,Bosnia-Hercegovina,Vienna,office,1,7,,,ok_group,agree,agree
29,TRV,VIT 37,Burkina-Faso,,citizenship,,2,0,2,reconciled,empty,agree
29,TRV,VIT 37,Burkina-Faso,Case Processing Centre Ottawa,office,,1,,,ok_group,empty,agree
29,TRV,VIT 37,Burkina-Faso,Paris,office,,1,,,ok_group,empty,agree
29,TRV,VIT 37,Cambodia,,citizenship,1,1,1,1,reconciled,agree,agree
29,TRV,VIT 37,Cambodia,Banakok,office,1,1,,,ok_group,agree,agree
29,TRV,VIT 37,Colombia,,citizenship,1,5,1,5,reconciled,agree,agree
29,TRV,VIT 37,Colombia,Boqota,office,,3,,,ok_group,empty,agree
29,TRV,VIT 37,Colombia,Case Processing Centre Ottawa,office,1,1,,,ok_group,agree,agree
29,TRV,VIT 37,Colombia,Ottawa IR,office,,1,,,ok_group,empty,agree
29,TRV,VIT 37,"Condo, Democratic Republic of the",,citizenship,,7,0,7,reconciled,empty,agree
29,TRV,VIT 37,"Condo, Democratic Republic of the",Dakar,office,,1,,,ok_group,empty,agree
29,TRV,VIT 37,"Condo, Democratic Republic of the",Paris,office,,5,,,ok_group,empty,agree
29,TRV,VIT 37,"Condo, Democratic Republic of the",Vancouver Immiadration,office,,1,,,ok_group,empty,agree
29,TRV,VIT 37,"Condo, People's Republic of the",,citizenship,,3,0,3,reconciled,empty,agree
29,TRV,VIT 37,"Condo, People's Republic of the",Dakar,office,,1,,,ok_group,empty,agree
29,TRV,VIT 37,"Condo, People's Republic of the",Paris,office,,2,,,ok_group,empty,agree
29,TRV,VIT 37,Costa Rica,,citizenship,,1,0,1,reconciled,empty,agree
29,TRV,VIT 37,Costa Rica,Mexico City,office,,1,,,ok_group,empty,agree
29,TRV,VIT 37,Cuba,,citizenship,,1,0,1,reconciled,empty,agree
29,TRV,VIT 37,Cuba,Mexico City,office,,1,,,ok_group,empty,agree
29,TRV,VIT 37,Democratic Republic of Sudan,,citizenship,,2,0,2,reconciled,empty,agree
29,TRV,VIT 37,Democratic Republic of Sudan,Cairo,office,,2,,,ok_group,empty,agree
29,TRV,VIT 37,Dominican Republic,,citizenship,,4,0,4,reconciled,empty,agree
29,TRV,VIT 37,Dominican Republic,Mexico City,office,,4,,,ok_group,empty,agree
29,TRV,VIT 37,Eqypt,,citizenship,,1,0,1,reconciled,empty,agree
29,TRV,VIT 37,Eqypt,Cairo,office,,1,,,ok_group,empty,agree
29,TRV,VIT 37,Ethiopia,,citizenship,,1,0,1,reconciled,empty,agree
29,TRV,VIT 37,Ethiopia,Calgary Citizenship and Immiaration,office,,1,,,ok_group,empty,agree
29,TRV,VIT 37,Federal Republic of Cameroon,,citizenship,,2,0,2,reconciled,empty,agree
29,TRV,VIT 37,Federal Republic of Cameroon,Case Processing Centre Ottawa,office,,1,,,ok_group,empty,agree
29,TRV,VIT 37,Federal Republic of Cameroon,Dakar,office,,1,,,ok_group,empty,agree
29,TRV,VIT 37,Georgia,,citizenship,,1,0,1,reconciled,empty,agree
29,TRV,VIT 37,Georgia,Vancouver Immiadration,office,,1,,,ok_group,empty,agree
29,TRV,VIT 37,Ghana,,citizenship,3,5,3,5,reconciled,agree,agree
29,TRV,VIT 37,Ghana,Accra,office,1,2,,,ok_group,agree,agree
29,TRV,VIT 37,Ghana,CN North Africa,office,2,2,,,ok_group,agree,agree
29,TRV,VIT 37,Ghana,Winnipeg,office,,1,,,ok_group,empty,agree
29,TRV,VIT 37,Grenada,,citizenship,,1,0,1,reconciled,empty,agree
29,TRV,VIT 37,Grenada,Vienna,office,,1,,,ok_group,empty,agree
29,TRV,VIT 37,"Guinea, Republic of",,citizenship,,3,0,3,reconciled,empty,agree
29,TRV,VIT 37,"Guinea, Republic of",Dakar,office,,1,,,ok_group,empty,agree
29,TRV,VIT 37,"Guinea, Republic of",Paris,office,,2,,,ok_group,empty,agree
29,TRV,VIT 37,Guyana,,citizenship,,2,0,2,reconciled,empty,agree
29,TRV,VIT 37,Guyana,Port of Spain,office,,2,,,ok_group,empty,agree
29,TRV,VIT 37,Haiti,,citizenship,,1,0,1,reconciled,empty,agree
29,TRV,VIT 37,Haiti,Mexico City,office,,1,,,ok_group,empty,agree
29,TRV,VIT 37,Honduras,,citizenship,,1,0,1,reconciled,empty,agree
29,TRV,VIT 37,Honduras,Mexico City,office,,1,,,ok_group,empty,agree
29,TRV,VIT 37,India,,citizenship,1,16,1,214,MISMATCH,agree,agree
29,TRV,VIT 37,India,Call Centre Montréal,office,1,200,,,IN_FAILED_GROUP,agree,majority
30,TRV,VIT 37,India,Case Processing Centre Ottawa,office,,5,,,IN_FAILED_GROUP,empty,agree
30,TRV,VIT 37,India,Chandigarh,office,,3,,,IN_FAILED_GROUP,empty,agree
30,TRV,VIT 37,India,CN India,office,,1,,,IN_FAILED_GROUP,empty,agree
30,TRV,VIT 37,India,National Security Division Intelligenc,office,,1,,,IN_FAILED_GROUP,empty,agree
30,TRV,VIT 37,India,New Delhi,office,,4,,,IN_FAILED_GROUP,empty,agree
30,TRV,VIT 37,Iran,,citizenship,,7,0,7,reconciled,empty,agree
30,TRV,VIT 37,Iran,Amman,office,,1,,,ok_group,empty,agree
30,TRV,VIT 37,Iran,Ankara,office,,1,,,ok_group,empty,agree
30,TRV,VIT 37,Iran,Banaalore,office,,1,,,ok_group,empty,agree
30,TRV,VIT 37,Iran,Boqota,office,,1,,,ok_group,empty,agree
30,TRV,VIT 37,Iran,Buenos Aires,office,,1,,,ok_group,empty,agree
30,TRV,VIT 37,Iran,Case Processing Centre Ottawa,office,,1,,,ok_group,empty,agree
30,TRV,VIT 37,Iran,NHO Warrant Response Centre,office,,1,,,ok_group,empty,agree
30,TRV,VIT 37,Jamaica,,citizenship,,3,0,3,reconciled,empty,agree
30,TRV,VIT 37,Jamaica,Kingston Jamaica,office,,3,,,ok_group,empty,agree
30,TRV,VIT 37,Kazakhstan,,citizenship,,2,0,2,reconciled,empty,agree
30,TRV,VIT 37,Kazakhstan,Moscow,office,,2,,,ok_group,empty,agree
30,TRV,VIT 37,Kenya,,citizenship,1,1,1,1,reconciled,agree,agree
30,TRV,VIT 37,Kenya,Case Processing Centre Ottawa,office,1,1,,,ok_group,agree,agree
30,TRV,VIT 37,"Kosovo, Republic of",,citizenship,,6,0,6,reconciled,empty,agree
30,TRV,VIT 37,"Kosovo, Republic of",Vienna,office,,6,,,ok_group,empty,agree
30,TRV,VIT 37,Lebanon,,citizenship,2,5,2,5,reconciled,agree,agree
30,TRV,VIT 37,Lebanon,Beirut,office,1,1,,,ok_group,agree,agree
30,TRV,VIT 37,Lebanon,Buenos Aires,office,,1,,,ok_group,empty,agree
30,TRV,VIT 37,Lebanon,Dakar,office,,2,,,ok_group,empty,agree
30,TRV,VIT 37,Lebanon,Lester B Pearson International Airpo,office,1,1,,,ok_group,agree,agree
30,TRV,VIT 37,Liberia,,citizenship,1,1,1,1,reconciled,agree,agree
30,TRV,VIT 37,Liberia,Accra,office,1,1,,,ok_group,agree,agree
30,TRV,VIT 37,Macao SAR,,citizenship,,1,0,1,reconciled,empty,agree
30,TRV,VIT 37,Macao SAR,Hong Kona,office,,1,,,ok_group,empty,agree
30,TRV,VIT 37,Macedonia,,citizenship,,3,0,3,reconciled,empty,agree
30,TRV,VIT 37,Macedonia,Vienna,office,,3,,,ok_group,empty,agree
30,TRV,VIT 37,"Mali, Republic of",,citizenship,5,6,5,6,reconciled,agree,agree
30,TRV,VIT 37,"Mali, Republic of",Dakar,office,5,6,,,ok_group,agree,agree
30,TRV,VIT 37,Mauritania,,citizenship,,1,0,1,reconciled,empty,agree
30,TRV,VIT 37,Mauritania,Winnipeg,office,,1,,,ok_group,empty,agree
30,TRV,VIT 37,"Monteneqro, Republic of",,citizenship,,4,0,4,reconciled,empty,agree
30,TRV,VIT 37,"Monteneqro, Republic of",Vienna,office,,4,,,ok_group,empty,agree
30,TRV,VIT 37,Nepal,,citizenship,1,1,1,1,reconciled,agree,agree
30,TRV,VIT 37,Nepal,Case Processing Centre Ottawa,office,1,1,,,ok_group,agree,agree
30,TRV,VIT 37,Nicaraqua,,citizenship,,1,0,1,reconciled,empty,agree
30,TRV,VIT 37,Nicaraqua,Mexico City,office,,1,,,ok_group,empty,agree
30,TRV,VIT 37,Nigeria,,citizenship,4,10,4,10,reconciled,agree,agree
30,TRV,VIT 37,Nigeria,Calgary Citizenship and Immiaration,office,,2,,,ok_group,empty,agree
30,TRV,VIT 37,Nigeria,Case Processing Centre Ottawa,office,1,1,,,ok_group,agree,agree
30,TRV,VIT 37,Nigeria,Laqos,office,2,3,,,ok_group,agree,agree
30,TRV,VIT 37,Nigeria,London Enaland,office,,1,,,ok_group,empty,agree
30,TRV,VIT 37,Nigeria,Manila Global Operations Centre,office,1,1,,,ok_group,agree,agree
30,TRV,VIT 37,Nigeria,Paris,office,,1,,,ok_group,empty,agree
30,TRV,VIT 37,Nigeria,Whitehorse IRCC,office,,1,,,ok_group,empty,agree
30,TRV,VIT 37,Pakistan,,citizenship,2,10,2,10,reconciled,agree,agree
30,TRV,VIT 37,Pakistan,Abu Dhabi,office,1,4,,,ok_group,agree,agree
30,TRV,VIT 37,Pakistan,Calgary Citizenship and Immiaration,office,,4,,,ok_group,empty,agree
30,TRV,VIT 37,Pakistan,CN Middle East,office,1,1,,,ok_group,agree,agree
30,TRV,VIT 37,Pakistan,London Enaland,office,,1,,,ok_group,empty,agree
30,TRV,VIT 37,"Panama, Republic of",,citizenship,,3,0,3,reconciled,empty,agree
30,TRV,VIT 37,"Panama, Republic of",Mexico City,office,,3,,,ok_group,empty,agree
30,TRV,VIT 37,Peoples Republic of Benin,,citizenship,1,6,1,6,reconciled,agree,agree
30,TRV,VIT 37,Peoples Republic of Benin,Case Processing Centre Ottawa,office,1,6,,,ok_group,agree,agree
30,TRV,VIT 37,People's Republic of China,,citizenship,2,11,2,11,reconciled,agree,agree
30,TRV,VIT 37,People's Republic of China,Beiiing,office,2,5,,,ok_group,agree,agree
30,TRV,VIT 37,People's Republic of China,Case Processing Centre Ottawa,office,,2,,,ok_group,empty,agree
30,TRV,VIT 37,People's Republic of China,Vienna,office,,3,,,ok_group,empty,agree
30,TRV,VIT 37,People's Republic of China,Washinaton,office,,1,,,ok_group,empty,agree
30,TRV,VIT 37,Peru,,citizenship,2,4,2,4,reconciled,agree,agree
30,TRV,VIT 37,Peru,Lima,office,2,4,,,ok_group,agree,agree
30,TRV,VIT 37,Philippines,,citizenship,1,7,1,7,reconciled,agree,agree
30,TRV,VIT 37,Philippines,Calgary Citizenship and Immiaration,office,,1,,,ok_group,empty,agree
30,TRV,VIT 37,Philippines,CN South Asia,office,1,1,,,ok_group,agree,agree
30,TRV,VIT 37,Philippines,Vancouver Immiadration,office,,2,,,ok_group,empty,agree
30,TRV,VIT 37,Philippines,Whitehorse IRCC,office,,3,,,ok_group,empty,agree
30,TRV,VIT 37,Republic of Diibouti,,citizenship,,1,0,1,reconciled,empty,agree
30,TRV,VIT 37,Republic of Diibouti,Winnipeg,office,,1,,,ok_group,empty,agree
30,TRV,VIT 37,Republic of Ivory Coast,,citizenship,1,5,1,5,reconciled,agree,agree
30,TRV,VIT 37,Republic of Ivory Coast,Case Processing Centre Ottawa,office,,3,,,ok_group,empty,agree
30,TRV,VIT 37,Republic of Ivory Coast,Dakar,office,1,2,,,ok_group,agree,agree
30,TRV,VIT 37,Republic of South Africa,,citizenship,,1,0,1,reconciled,empty,agree
30,TRV,VIT 37,Republic of South Africa,Pretoria,office,,1,,,ok_group,empty,agree
30,TRV,VIT 37,Republic of the Niger,,citizenship,,1,0,1,reconciled,empty,agree
30,TRV,VIT 37,Republic of the Niger,Dakar,office,,1,,,ok_group,empty,agree
30,TRV,VIT 37,Russia,,citizenship,2,28,2,28,reconciled,agree,agree
30,TRV,VIT 37,Russia,Kingston Jamaica,office,,1,,,ok_group,empty,agree
30,TRV,VIT 37,Russia,London Enaland,office,,1,,,ok_group,empty,agree
30,TRV,VIT 37,Russia,Moscow,office,,9,,,ok_group,empty,agree
30,TRV,VIT 37,Russia,Paris,office,,1,,,ok_group,empty,agree
30,TRV,VIT 37,Russia,Rome,office,,2,,,ok_group,empty,agree
30,TRV,VIT 37,Russia,Vienna,office,2,9,,,ok_group,agree,agree
30,TRV,VIT 37,Russia,Warsaw,office,,5,,,ok_group,empty,agree
30,TRV,VIT 37,Rwanda,,citizenship,,1,0,1,reconciled,empty,agree
30,TRV,VIT 37,Rwanda,Paris,office,,1,,,ok_group,empty,agree
30,TRV,VIT 37,"Serbia, Republic of",,citizenship,,2,0,2,reconciled,empty,agree
30,TRV,VIT 37,"Serbia, Republic of",Vienna,office,,2,,,ok_group,empty,agree
30,TRV,VIT 37,Socialist Republic of Vietnam,,citizenship,2,3,2,3,reconciled,agree,agree
30,TRV,VIT 37,Socialist Republic of Vietnam,Calgary Citizenship and Immiaration,office,,1,,,ok_group,empty,agree
30,TRV,VIT 37,Socialist Republic of Vietnam,Ho Chi Minh City Vietnam,office,2,2,,,ok_group,agree,agree
30,TRV,VIT 37,Sri Lanka,,citizenship,,3,0,3,reconciled,empty,agree
30,TRV,VIT 37,Sri Lanka,CN India,office,,1,,,ok_group,empty,agree
30,TRV,VIT 37,Sri Lanka,Colombo,office,,1,,,ok_group,empty,agree
30,TRV,VIT 37,Sri Lanka,Vienna,office,,1,,,ok_group,empty,agree
30,TRV,VIT 37,St. Kitts-Nevis,,citizenship,,3,0,3,reconciled,empty,agree
30,TRV,VIT 37,St. Kitts-Nevis,Paris,office,,2,,,ok_group,empty,agree
30,TRV,VIT 37,St. Kitts-Nevis,Vienna,office,,1,,,ok_group,empty,agree
30,TRV,VIT 37,Stateless,,citizenship,,1,0,1,reconciled,empty,agree
30,TRV,VIT 37,Stateless,Vienna,office,,1,,,ok_group,empty,agree
30,TRV,VIT 37,Taiwan,,citizenship,,1,0,1,reconciled,empty,agree
30,TRV,VIT 37,Taiwan,Whitehorse IRCC,office,,1,,,ok_group,empty,agree
30,TRV,VIT 37,"Togo, Republic of",,citizenship,,1,0,1,reconciled,empty,agree
30,TRV,VIT 37,"Togo, Republic of",Paris,office,,1,,,ok_group,empty,agree
31,TRV,VIT 37,Tunisia,,citizenship,,1,0,1,reconciled,empty,agree
31,TRV,VIT 37,Tunisia,Dakar,office,,1,,,ok_group,empty,agree
31,TRV,VIT 37,Turkey,,citizenship,,3,0,3,reconciled,empty,agree
31,TRV,VIT 37,Turkey,Ankara,office,,1,,,ok_group,empty,agree
31,TRV,VIT 37,Turkey,Boqota,office,,1,,,ok_group,empty,agree
31,TRV,VIT 37,Turkey,Vienna,office,,1,,,ok_group,empty,agree
31,TRV,VIT 37,Uganda,,citizenship,2,2,2,2,reconciled,agree,agree
31,TRV,VIT 37,Uganda,CN North Africa,office,1,1,,,ok_group,agree,agree
31,TRV,VIT 37,Uganda,Nairobi,office,1,1,,,ok_group,agree,agree
31,TRV,VIT 37,Ukraine,,citizenship,1,12,1,12,reconciled,agree,agree
31,TRV,VIT 37,Ukraine,Case Processing Centre Ottawa,office,1,1,,,ok_group,agree,agree
31,TRV,VIT 37,Ukraine,Colombo,office,,1,,,ok_group,empty,agree
31,TRV,VIT 37,Ukraine,Kyiv,office,,7,,,ok_group,empty,agree
31,TRV,VIT 37,Ukraine,Riyadh,office,,1,,,ok_group,empty,agree
31,TRV,VIT 37,Ukraine,Vienna,office,,2,,,ok_group,empty,agree
31,TRV,VIT 37,United States of America,,citizenship,1,1,1,1,reconciled,agree,agree
31,TRV,VIT 37,United States of America,New York,office,1,1,,,ok_group,agree,agree
31,TRV,VIT 37,Venezuela,,citizenship,,5,0,5,reconciled,empty,agree
31,TRV,VIT 37,Venezuela,Mexico City,office,,4,,,ok_group,empty,agree
31,TRV,VIT 37,Venezuela,Whitehorse IRCC,office,,1,,,ok_group,empty,agree
31,TRV,VIT 37,Zimbabwe,,citizenship,1,1,1,1,reconciled,agree,agree
31,TRV,VIT 37,Zimbabwe,Case Processing Centre Ottawa,office,1,1,,,ok_group,agree,agree
31,VR-EXT,,,,application_type,20,97,20,97,reconciled,agree,agree
31,VR-EXT,VIT 34,,,activity_type,20,92,20,92,reconciled,agree,agree
31,VR-EXT,VIT 34,Brazil,,citizenship,,1,0,1,reconciled,empty,agree
31,VR-EXT,VIT 34,Brazil,Yellowknife,office,,1,,,ok_group,empty,agree
31,VR-EXT,VIT 34,Federal Republic of Cameroon,,citizenship,,1,0,1,reconciled,empty,agree
31,VR-EXT,VIT 34,Federal Republic of Cameroon,Case Processing Centre Edmonton,office,,1,,,ok_group,empty,agree
31,VR-EXT,VIT 34,Hong Kong SAR,,citizenship,,1,0,1,reconciled,empty,agree
31,VR-EXT,VIT 34,Hong Kong SAR,Case Processing Centre Edmonton,office,,1,,,ok_group,empty,agree
31,VR-EXT,VIT 34,Iceland,,citizenship,,1,0,1,reconciled,empty,agree
31,VR-EXT,VIT 34,Iceland,Case Processing Centre Edmonton,office,,1,,,ok_group,empty,agree
31,VR-EXT,VIT 34,India,,citizenship,,22,0,22,reconciled,empty,agree
31,VR-EXT,VIT 34,India,Case Processing Centre Edmonton,office,,21,,,ok_group,empty,agree
31,VR-EXT,VIT 34,India,New Delhi,office,,1,,,ok_group,empty,agree
31,VR-EXT,VIT 34,Iran,,citizenship,1,6,1,6,reconciled,agree,agree
31,VR-EXT,VIT 34,Iran,Case Processing Centre Edmonton,office,1,6,,,ok_group,agree,agree
31,VR-EXT,VIT 34,Israel,,citizenship,,6,0,6,reconciled,empty,agree
31,VR-EXT,VIT 34,Israel,Case Processing Centre Edmonton,office,,6,,,ok_group,empty,agree
31,VR-EXT,VIT 34,Jordan,,citizenship,2,2,2,2,reconciled,agree,agree
31,VR-EXT,VIT 34,Jordan,Case Processing Centre Edmonton,office,2,2,,,ok_group,agree,agree
31,VR-EXT,VIT 34,Mexico,,citizenship,,7,0,7,reconciled,empty,agree
31,VR-EXT,VIT 34,Mexico,Case Processing Centre Edmonton,office,,5,,,ok_group,empty,agree
31,VR-EXT,VIT 34,Mexico,Operations Support Centre,office,,1,,,ok_group,empty,agree
31,VR-EXT,VIT 34,Mexico,Yellowknife,office,,1,,,ok_group,empty,agree
31,VR-EXT,VIT 34,Pakistan,,citizenship,,1,0,1,reconciled,empty,agree
31,VR-EXT,VIT 34,Pakistan,Case Processing Centre Edmonton,office,,1,,,ok_group,empty,agree
31,VR-EXT,VIT 34,Palestinian Authority (Gaza/West Bank),,citizenship,7,11,7,11,reconciled,agree,agree
31,VR-EXT,VIT 34,Palestinian Authority (Gaza/West Bank),Case Processing Centre Edmonton,office,7,11,,,ok_group,agree,agree
31,VR-EXT,VIT 34,People's Republic of China,,citizenship,4,17,4,17,reconciled,agree,agree
31,VR-EXT,VIT 34,People's Republic of China,Beiiing,office,,1,,,ok_group,empty,agree
31,VR-EXT,VIT 34,People's Republic of China,Case Processing Centre Edmonton,office,4,16,,,ok_group,agree,agree
31,VR-EXT,VIT 34,Philippines,,citizenship,4,7,4,7,reconciled,agree,agree
31,VR-EXT,VIT 34,Philippines,Case Processing Centre Edmonton,office,4,6,,,ok_group,agree,agree
31,VR-EXT,VIT 34,Philippines,Yellowknife,office,,1,,,ok_group,empty,agree
31,VR-EXT,VIT 34,Russia,,citizenship,1,3,1,3,reconciled,agree,agree
31,VR-EXT,VIT 34,Russia,Case Processing Centre Edmonton,office,1,3,,,ok_group,agree,agree
31,VR-EXT,VIT 34,Socialist Republic of Vietnam,,citizenship,,2,0,2,reconciled,empty,agree
31,VR-EXT,VIT 34,Socialist Republic of Vietnam,Case Processing Centre Edmonton,office,,2,,,ok_group,empty,agree
31,VR-EXT,VIT 34,Sweden,,citizenship,,1,0,1,reconciled,empty,agree
31,VR-EXT,VIT 34,Sweden,Yellowknife,office,,1,,,ok_group,empty,agree
31,VR-EXT,VIT 34,Syria,,citizenship,,1,0,1,reconciled,empty,agree
31,VR-EXT,VIT 34,Syria,Case Processing Centre Edmonton,office,,1,,,ok_group,empty,agree
31,VR-EXT,VIT 34,The Netherlands,,citizenship,1,1,1,1,reconciled,agree,agree
31,VR-EXT,VIT 34,The Netherlands,Case Processing Centre Edmonton,office,1,1,,,ok_group,agree,agree
31,VR-EXT,VIT 34,United Kingdom and Overseas Territories,,citizenship,,1,0,1,reconciled,empty,agree
31,VR-EXT,VIT 34,United Kingdom and Overseas Territories,Case Processing Centre Edmonton,office,,1,,,ok_group,empty,agree
31,VR-EXT,VIT 35,,,activity_type,,4,0,4,reconciled,empty,agree
31,VR-EXT,VIT 35,India,,citizenship,,4,0,4,reconciled,empty,agree
31,VR-EXT,VIT 35,India,Case Processing Centre Edmonton,office,,4,,,ok_group,empty,agree
31,VR-EXT,VIT 37,,,activity_type,,1,0,1,reconciled,empty,agree
31,VR-EXT,VIT 37,Mexico,,citizenship,,1,0,1,reconciled,empty,agree
31,VR-EXT,VIT 37,Mexico,Call Centre Montréal,office,,1,,,ok_group,empty,agree
31,WP,,,,application_type,1590,24056,1590,24056,reconciled,agree,agree
31,WP,VIT 34,,,activity_type,1565,23821,915,23821,MISMATCH,agree,agree
31,WP,VIT 34,Afghanistan,,citizenship,2,44,2,44,reconciled,agree,agree
31,WP,VIT 34,Afghanistan,Abu Dhabi,office,,6,,,ok_group,empty,agree
31,WP,VIT 34,Afghanistan,Ankara,office,,8,,,ok_group,empty,agree
31,WP,VIT 34,Afghanistan,Case Processing Centre Edmonton,office,,11,,,ok_group,empty,agree
31,WP,VIT 34,Afghanistan,London Enaland,office,,5,,,ok_group,empty,agree
31,WP,VIT 34,Afghanistan,Mexico City,office,1,2,,,ok_group,agree,agree
31,WP,VIT 34,Afghanistan,New York,office,,1,,,ok_group,empty,agree
31,WP,VIT 34,Afghanistan,Ottawa IR,office,1,1,,,ok_group,agree,agree
31,WP,VIT 34,Afghanistan,Paris,office,,1,,,ok_group,empty,agree
31,WP,VIT 34,Afghanistan,RROC,office,,3,,,ok_group,empty,agree
31,WP,VIT 34,Afghanistan,Singapore,office,,3,,,ok_group,empty,agree
31,WP,VIT 34,Afghanistan,Vienna,office,,2,,,ok_group,empty,agree
31,WP,VIT 34,Afghanistan,Warsaw,office,,1,,,ok_group,empty,agree
31,WP,VIT 34,Albania,,citizenship,2,9,2,9,reconciled,agree,agree
31,WP,VIT 34,Albania,London Enaland,office,,2,,,ok_group,empty,agree
31,WP,VIT 34,Albania,New York,office,2,2,,,ok_group,agree,agree
31,WP,VIT 34,Albania,Pretoria,office,,1,,,ok_group,empty,agree
31,WP,VIT 34,Albania,Rome,office,,4,,,ok_group,empty,agree
31,WP,VIT 34,Alaeria,,citizenship,10,99,10,99,reconciled,agree,agree
31,WP,VIT 34,Alaeria,Abu Dhabi,office,,2,,,ok_group,empty,agree
31,WP,VIT 34,Alaeria,Beiiing,office,,1,,,ok_group,empty,agree
31,WP,VIT 34,Alaeria,Case Processing Centre Edmonton,office,,45,,,ok_group,empty,agree
31,WP,VIT 34,Alaeria,London Enaland,office,,5,,,ok_group,empty,agree
31,WP,VIT 34,Alaeria,Paris,office,10,40,,,ok_group,agree,agree
31,WP,VIT 34,Alaeria,Singapore,office,,1,,,ok_group,empty,agree
31,WP,VIT 34,Alaeria,Tunis,office,,4,,,ok_group,empty,agree
31,WP,VIT 34,Alaeria,Vienna,office,,1,,,ok_group,empty,agree
31,WP,VIT 34,Angola,,citizenship,,2,0,2,reconciled,empty,agree
31,WP,VIT 34,Angola,Pretoria,office,,2,,,ok_group,empty,agree
31,WP,VIT 34,Argentina,,citizenship,,11,0,11,reconciled,empty,agree
31,WP,VIT 34,Argentina,Case Processing Centre Edmonton,office,,11,,,ok_group,empty,agree
31,WP,VIT 34,Armenia,,citizenship,,18,0,18,reconciled,empty,agree
31,WP,VIT 34,Armenia,Case Processing Centre Edmonton,office,,8,,,ok_group,empty,agree
32,WP,VIT 34,Armenia,London Enaland,office,,7,,,ok_group,empty,agree
32,WP,VIT 34,Armenia,Paris,office,,1,,,ok_group,empty,agree
32,WP,VIT 34,Armenia,Warsaw,office,,2,,,ok_group,empty,agree
32,WP,VIT 34,Australia,,citizenship,2,16,2,16,reconciled,agree,agree
32,WP,VIT 34,Australia,Case Processing Centre Edmonton,office,,3,,,ok_group,empty,agree
32,WP,VIT 34,Australia,Hong Kona,office,,2,,,ok_group,empty,agree
32,WP,VIT 34,Australia,Sydney Australia,office,2,11,,,ok_group,agree,agree
32,WP,VIT 34,Austria,,citizenship,,2,0,2,reconciled,empty,agree
32,WP,VIT 34,Austria,Vienna,office,,2,,,ok_group,empty,agree
32,WP,VIT 34,Azerbaiian,,citizenship,,25,0,25,reconciled,empty,agree
32,WP,VIT 34,Azerbaiian,Ankara,office,,2,,,ok_group,empty,agree
32,WP,VIT 34,Azerbaiian,Case Processing Centre Edmonton,office,,3,,,ok_group,empty,agree
32,WP,VIT 34,Azerbaiian,London Enaland,office,,18,,,ok_group,empty,agree
32,WP,VIT 34,Azerbaiian,Riyadh,office,,1,,,ok_group,empty,agree
32,WP,VIT 34,Azerbaiian,Vienna,office,,1,,,ok_group,empty,agree
32,WP,VIT 34,Bahrain,,citizenship,,2,0,2,reconciled,empty,agree
32,WP,VIT 34,Bahrain,Case Processing Centre Edmonton,office,,2,,,ok_group,empty,agree
32,WP,VIT 34,Bangladesh,,citizenship,,35,0,35,reconciled,empty,agree
32,WP,VIT 34,Bangladesh,Abu Dhabi,office,,2,,,ok_group,empty,agree
32,WP,VIT 34,Bangladesh,Ankara,office,,1,,,ok_group,empty,agree
32,WP,VIT 34,Bangladesh,Beiiing,office,,1,,,ok_group,empty,agree
32,WP,VIT 34,Bangladesh,Case Processing Centre Edmonton,office,,10,,,ok_group,empty,agree
32,WP,VIT 34,Bangladesh,Guanadzhou,office,,1,,,ok_group,empty,agree
32,WP,VIT 34,Bangladesh,Manila,office,,1,,,ok_group,empty,agree
32,WP,VIT 34,Bangladesh,New York,office,,1,,,ok_group,empty,agree
32,WP,VIT 34,Bangladesh,Paris,office,,3,,,ok_group,empty,agree
32,WP,VIT 34,Bangladesh,Singapore,office,,14,,,ok_group,empty,agree
32,WP,VIT 34,Bangladesh,Vienna,office,,1,,,ok_group,empty,agree
32,WP,VIT 34,Belarus,,citizenship,,31,0,31,reconciled,empty,agree
32,WP,VIT 34,Belarus,Case Processing Centre Edmonton,office,,3,,,ok_group,empty,agree
32,WP,VIT 34,Belarus,London Enaland,office,,7,,,ok_group,empty,agree
32,WP,VIT 34,Belarus,New York,office,,2,,,ok_group,empty,agree
32,WP,VIT 34,Belarus,RROC,office,,1,,,ok_group,empty,agree
32,WP,VIT 34,Belarus,Warsaw,office,,18,,,ok_group,empty,agree
32,WP,VIT 34,Belgium,,citizenship,,1,0,1,reconciled,empty,agree
32,WP,VIT 34,Belgium,New York,office,,1,,,ok_group,empty,agree
32,WP,VIT 34,Belize,,citizenship,1,2,1,2,reconciled,agree,agree
32,WP,VIT 34,Belize,Mexico City,office,1,2,,,ok_group,agree,agree
32,WP,VIT 34,Bolivia,,citizenship,,1,0,1,reconciled,empty,agree
32,WP,VIT 34,Bolivia,New York,office,,1,,,ok_group,empty,agree
32,WP,VIT 34,Bosnia-Hercegovina,,citizenship,,1,0,1,reconciled,empty,agree
32,WP,VIT 34,Bosnia-Hercegovina,New York,office,,1,,,ok_group,empty,agree
32,WP,VIT 34,"Botswana, Republic of",,citizenship,,5,0,5,reconciled,empty,agree
32,WP,VIT 34,"Botswana, Republic of",Pretoria,office,,5,,,ok_group,empty,agree
32,WP,VIT 34,Brazil,,citizenship,3,75,3,75,reconciled,agree,majority
32,WP,VIT 34,Brazil,Beirut,office,,1,,,ok_group,empty,agree
32,WP,VIT 34,Brazil,Case Processing Centre Edmonton,office,1,61,,,ok_group,agree,agree
32,WP,VIT 34,Brazil,Case Processing Centre Ottawa,office,,1,,,ok_group,empty,agree
32,WP,VIT 34,Brazil,London Enaland,office,,1,,,ok_group,empty,agree
32,WP,VIT 34,Brazil,Manila,office,,1,,,ok_group,empty,agree
32,WP,VIT 34,Brazil,New York,office,,1,,,ok_group,empty,agree
32,WP,VIT 34,Brazil,Riyadh,office,,2,,,ok_group,empty,agree
32,WP,VIT 34,Brazil,Sao Paulo,office,2,7,,,ok_group,agree,agree
32,WP,VIT 34,Bulgaria,,citizenship,,1,0,1,reconciled,empty,agree
32,WP,VIT 34,Bulgaria,London Enaland,office,,1,,,ok_group,empty,agree
32,WP,VIT 34,Burkina-Faso,,citizenship,,2,0,2,reconciled,empty,agree
32,WP,VIT 34,Burkina-Faso,Paris,office,,2,,,ok_group,empty,agree
32,WP,VIT 34,Cambodia,,citizenship,,2,0,2,reconciled,empty,agree
32,WP,VIT 34,Cambodia,Banakok,office,,2,,,ok_group,empty,agree
32,WP,VIT 34,Chile,,citizenship,,1,0,1,reconciled,empty,agree
32,WP,VIT 34,Chile,Buenos Aires,office,,1,,,ok_group,empty,agree
32,WP,VIT 34,Colombia,,citizenship,12,93,12,93,reconciled,agree,agree
32,WP,VIT 34,Colombia,Abu Dhabi,office,2,4,,,ok_group,agree,agree
32,WP,VIT 34,Colombia,Boqota,office,10,72,,,ok_group,agree,agree
32,WP,VIT 34,Colombia,Case Processing Centre Edmonton,office,,7,,,ok_group,empty,agree
32,WP,VIT 34,Colombia,Hong Kona,office,,1,,,ok_group,empty,agree
32,WP,VIT 34,Colombia,Mexico City,office,,2,,,ok_group,empty,agree
32,WP,VIT 34,Colombia,New York,office,,2,,,ok_group,empty,agree
32,WP,VIT 34,Colombia,Riyadh,office,,2,,,ok_group,empty,agree
32,WP,VIT 34,Colombia,Sao Paulo,office,,1,,,ok_group,empty,agree
32,WP,VIT 34,Colombia,Sydney Australia,office,,2,,,ok_group,empty,agree
32,WP,VIT 34,"Condo, Democratic Republic of the",,citizenship,,1,0,1,reconciled,empty,agree
32,WP,VIT 34,"Condo, Democratic Republic of the",London Enaland,office,,1,,,ok_group,empty,agree
32,WP,VIT 34,"Condo, People's Republic of the",,citizenship,,2,0,2,reconciled,empty,agree
32,WP,VIT 34,"Condo, People's Republic of the",Case Processing Centre Edmonton,office,,2,,,ok_group,empty,agree
32,WP,VIT 34,Costa Rica,,citizenship,,3,0,3,reconciled,empty,agree
32,WP,VIT 34,Costa Rica,Case Processing Centre Edmonton,office,,1,,,ok_group,empty,agree
32,WP,VIT 34,Costa Rica,Mexico City,office,,2,,,ok_group,empty,agree
32,WP,VIT 34,Croatia,,citizenship,,1,0,1,reconciled,empty,agree
32,WP,VIT 34,Croatia,Case Processing Centre Edmonton,office,,1,,,ok_group,empty,agree
32,WP,VIT 34,Cuba,,citizenship,2,24,2,24,reconciled,agree,agree
32,WP,VIT 34,Cuba,Beiiing,office,,1,,,ok_group,empty,agree
32,WP,VIT 34,Cuba,Boqota,office,,2,,,ok_group,empty,agree
32,WP,VIT 34,Cuba,Case Processing Centre Edmonton,office,,3,,,ok_group,empty,agree
32,WP,VIT 34,Cuba,Mexico City,office,1,14,,,ok_group,agree,agree
32,WP,VIT 34,Cuba,Paris,office,,1,,,ok_group,empty,agree
32,WP,VIT 34,Cuba,Sao Paulo,office,,2,,,ok_group,empty,agree
32,WP,VIT 34,Cuba,Vienna,office,1,1,,,ok_group,agree,agree
32,WP,VIT 34,Cyprus,,citizenship,,3,0,3,reconciled,empty,agree
32,WP,VIT 34,Cyprus,New York,office,,1,,,ok_group,empty,agree
32,WP,VIT 34,Cyprus,Vienna,office,,2,,,ok_group,empty,agree
32,WP,VIT 34,Democratic Republic of Sudan,,citizenship,2,19,2,19,reconciled,agree,agree
32,WP,VIT 34,Democratic Republic of Sudan,Abu Dhabi,office,2,3,,,ok_group,agree,agree
32,WP,VIT 34,Democratic Republic of Sudan,Ankara,office,,2,,,ok_group,empty,agree
32,WP,VIT 34,Democratic Republic of Sudan,Beiiing,office,,2,,,ok_group,empty,agree
32,WP,VIT 34,Democratic Republic of Sudan,Cairo,office,,1,,,ok_group,empty,agree
32,WP,VIT 34,Democratic Republic of Sudan,Case Processing Centre Edmonton,office,,4,,,ok_group,empty,agree
32,WP,VIT 34,Democratic Republic of Sudan,New York,office,,1,,,ok_group,empty,agree
32,WP,VIT 34,Democratic Republic of Sudan,Pretoria,office,,1,,,ok_group,empty,agree
32,WP,VIT 34,Democratic Republic of Sudan,Riyadh,office,,4,,,ok_group,empty,agree
32,WP,VIT 34,Democratic Republic of Sudan,Vienna,office,,1,,,ok_group,empty,agree
32,WP,VIT 34,Denmark,,citizenship,,1,0,1,reconciled,empty,agree
32,WP,VIT 34,Denmark,Case Processing Centre Edmonton,office,,1,,,ok_group,empty,agree
32,WP,VIT 34,Dominica,,citizenship,2,2,2,2,reconciled,agree,agree
32,WP,VIT 34,Dominica,Ankara,office,2,2,,,ok_group,agree,agree
32,WP,VIT 34,Dominican Republic,,citizenship,,2,0,2,reconciled,empty,agree
32,WP,VIT 34,Dominican Republic,Mexico City,office,,2,,,ok_group,empty,agree
32,WP,VIT 34,Ecuador,,citizenship,,6,0,6,reconciled,empty,agree
33,WP,VIT 34,Ecuador,Boqota,office,,6,,,ok_group,empty,agree
33,WP,VIT 34,Eqypt,,citizenship,6,176,6,176,reconciled,agree,agree
33,WP,VIT 34,Eqypt,Abu Dhabi,office,2,8,,,ok_group,agree,agree
33,WP,VIT 34,Eqypt,Accra,office,,1,,,ok_group,empty,agree
33,WP,VIT 34,Eqypt,Amman,office,,1,,,ok_group,empty,agree
33,WP,VIT 34,Eqypt,Ankara,office,,43,,,ok_group,empty,agree
33,WP,VIT 34,Eqypt,Beiiing,office,,1,,,ok_group,empty,agree
33,WP,VIT 34,Eqypt,Beirut,office,,3,,,ok_group,empty,agree
33,WP,VIT 34,Eqypt,Boqota,office,,1,,,ok_group,empty,agree
33,WP,VIT 34,Eqypt,Cairo,office,1,7,,,ok_group,agree,agree
33,WP,VIT 34,Eqypt,Case Processing Centre Edmonton,office,,64,,,ok_group,empty,agree
33,WP,VIT 34,Eqypt,Lima,office,1,1,,,ok_group,agree,agree
33,WP,VIT 34,Eqypt,London Enaland,office,,22,,,ok_group,empty,agree
33,WP,VIT 34,Eqypt,New York,office,,1,,,ok_group,empty,agree
33,WP,VIT 34,Eqypt,Ottawa IR,office,1,1,,,ok_group,agree,agree
33,WP,VIT 34,Eqypt,Paris,office,,2,,,ok_group,empty,agree
33,WP,VIT 34,Eqypt,Pretoria,office,,1,,,ok_group,empty,agree
33,WP,VIT 34,Eqypt,Riyadh,office,1,13,,,ok_group,agree,agree
33,WP,VIT 34,Eqypt,Rome,office,,1,,,ok_group,empty,agree
33,WP,VIT 34,Eqypt,Sao Paulo,office,,3,,,ok_group,empty,agree
33,WP,VIT 34,Eqypt,Singapore,office,,1,,,ok_group,empty,agree
33,WP,VIT 34,Eqypt,Warsaw,office,,1,,,ok_group,empty,agree
33,WP,VIT 34,El Salvador,,citizenship,3,7,3,7,reconciled,agree,agree
33,WP,VIT 34,El Salvador,Mexico City,office,3,7,,,ok_group,agree,agree
33,WP,VIT 34,Ethiopia,,citizenship,1,6,1,6,reconciled,agree,agree
33,WP,VIT 34,Ethiopia,Ankara,office,,1,,,ok_group,empty,agree
33,WP,VIT 34,Ethiopia,Case Processing Centre Edmonton,office,,2,,,ok_group,empty,agree
33,WP,VIT 34,Ethiopia,Nairobi,office,,1,,,ok_group,empty,agree
33,WP,VIT 34,Ethiopia,Ottawa IR,office,1,1,,,ok_group,agree,agree
33,WP,VIT 34,Ethiopia,RROC,office,,1,,,ok_group,empty,agree
33,WP,VIT 34,Federal Republic of Cameroon,,citizenship,3,19,3,19,reconciled,agree,agree
33,WP,VIT 34,Federal Republic of Cameroon,Beiiing,office,1,2,,,ok_group,agree,agree
33,WP,VIT 34,Federal Republic of Cameroon,Bucharest Global Operations Centre,office,2,3,,,ok_group,agree,agree
33,WP,VIT 34,Federal Republic of Cameroon,Case Processing Centre Edmonton,office,,11,,,ok_group,empty,agree
33,WP,VIT 34,Federal Republic of Cameroon,New York,office,,1,,,ok_group,empty,agree
33,WP,VIT 34,Federal Republic of Cameroon,Paris,office,,2,,,ok_group,empty,agree
33,WP,VIT 34,Federal Republic of Germany,,citizenship,,6,0,6,reconciled,empty,agree
33,WP,VIT 34,Federal Republic of Germany,Case Processing Centre Edmonton,office,,1,,,ok_group,empty,agree
33,WP,VIT 34,Federal Republic of Germany,Vienna,office,,5,,,ok_group,empty,agree
33,WP,VIT 34,Fiii,,citizenship,,1,0,1,reconciled,empty,agree
33,WP,VIT 34,Fiii,Sydney Australia,office,,1,,,ok_group,empty,agree
33,WP,VIT 34,Finland,,citizenship,,1,0,1,reconciled,empty,agree
33,WP,VIT 34,Finland,Case Processing Centre Edmonton,office,,1,,,ok_group,empty,agree
33,WP,VIT 34,France,,citizenship,2,23,2,23,reconciled,agree,agree
33,WP,VIT 34,France,Case Processing Centre Edmonton,office,,11,,,ok_group,empty,agree
33,WP,VIT 34,France,New York,office,,1,,,ok_group,empty,agree
33,WP,VIT 34,France,Operations Support Centre,office,1,2,,,ok_group,agree,agree
33,WP,VIT 34,France,Paris,office,1,9,,,ok_group,agree,agree
33,WP,VIT 34,Georgia,,citizenship,,22,0,22,reconciled,empty,agree
33,WP,VIT 34,Georgia,London Enaland,office,,18,,,ok_group,empty,agree
33,WP,VIT 34,Georgia,Matching Centre,office,,2,,,ok_group,empty,agree
33,WP,VIT 34,Georgia,Rome,office,,1,,,ok_group,empty,agree
33,WP,VIT 34,Georgia,Warsaw,office,,1,,,ok_group,empty,agree
33,WP,VIT 34,Ghana,,citizenship,3,20,3,20,reconciled,agree,agree
33,WP,VIT 34,Ghana,Accra,office,3,14,,,ok_group,agree,agree
33,WP,VIT 34,Ghana,Amman,office,,1,,,ok_group,empty,agree
33,WP,VIT 34,Ghana,Beiiing,office,,2,,,ok_group,empty,agree
33,WP,VIT 34,Ghana,Case Processing Centre Edmonton,office,,2,,,ok_group,empty,agree
33,WP,VIT 34,Ghana,RROC,office,,1,,,ok_group,empty,agree
33,WP,VIT 34,Greece,,citizenship,1,2,1,2,reconciled,agree,agree
33,WP,VIT 34,Greece,Case Processing Centre Edmonton,office,,1,,,ok_group,empty,agree
33,WP,VIT 34,Greece,Operations Support Centre,office,1,1,,,ok_group,agree,agree
33,WP,VIT 34,Grenada,,citizenship,,1,0,1,reconciled,empty,agree
33,WP,VIT 34,Grenada,Port of Spain,office,,1,,,ok_group,empty,agree
33,WP,VIT 34,Guatemala,,citizenship,17,218,17,218,reconciled,agree,agree
33,WP,VIT 34,Guatemala,Mexico City,office,17,218,,,ok_group,agree,agree
33,WP,VIT 34,Haiti,,citizenship,2,15,2,15,reconciled,agree,agree
33,WP,VIT 34,Haiti,Case Processing Centre Edmonton,office,,3,,,ok_group,empty,agree
33,WP,VIT 34,Haiti,Mexico City,office,2,11,,,ok_group,agree,agree
33,WP,VIT 34,Haiti,RROC,office,,1,,,ok_group,empty,agree
33,WP,VIT 34,Honduras,,citizenship,2,20,2,20,reconciled,agree,agree
33,WP,VIT 34,Honduras,Mexico City,office,2,20,,,ok_group,agree,agree
33,WP,VIT 34,Hong Kong SAR,,citizenship,29,229,29,229,reconciled,agree,agree
33,WP,VIT 34,Hong Kong SAR,Beiiing,office,2,23,,,ok_group,agree,agree
33,WP,VIT 34,Hong Kong SAR,Case Processing Centre Edmonton,office,,14,,,ok_group,empty,agree
33,WP,VIT 34,Hong Kong SAR,Hong Kona,office,27,190,,,ok_group,majority,agree
33,WP,VIT 34,Hong Kong SAR,New York,office,,1,,,ok_group,empty,agree
33,WP,VIT 34,Hong Kong SAR,Warsaw,office,,1,,,ok_group,empty,agree
33,WP,VIT 34,Hungary,,citizenship,,2,0,2,reconciled,empty,agree
33,WP,VIT 34,Hungary,Case Processing Centre Edmonton,office,,1,,,ok_group,empty,agree
33,WP,VIT 34,Hungary,London Enaland,office,,1,,,ok_group,empty,agree
33,WP,VIT 34,India,,citizenship,22,288,22,288,reconciled,agree,agree
33,WP,VIT 34,India,Abu Dhabi,office,1,16,,,ok_group,agree,agree
33,WP,VIT 34,India,Amman,office,,3,,,ok_group,empty,agree
33,WP,VIT 34,India,Ankara,office,,1,,,ok_group,empty,agree
33,WP,VIT 34,India,Banaalore,office,,8,,,ok_group,empty,agree
33,WP,VIT 34,India,Banakok,office,,1,,,ok_group,empty,agree
33,WP,VIT 34,India,Beiiing,office,,4,,,ok_group,empty,agree
33,WP,VIT 34,India,Case Processing Centre Edmonton,office,3,119,,,ok_group,agree,agree
33,WP,VIT 34,India,Chandigarh,office,,11,,,ok_group,empty,agree
33,WP,VIT 34,India,CN India,office,3,6,,,ok_group,agree,agree
33,WP,VIT 34,India,London Enaland,office,,2,,,ok_group,empty,agree
33,WP,VIT 34,India,Manila,office,,1,,,ok_group,empty,agree
33,WP,VIT 34,India,New Delhi,office,,39,,,ok_group,empty,agree
33,WP,VIT 34,India,New York,office,,8,,,ok_group,empty,agree
33,WP,VIT 34,India,Operations Support Centre,office,,10,,,ok_group,empty,agree
33,WP,VIT 34,India,Ottawa IR,office,3,3,,,ok_group,agree,agree
33,WP,VIT 34,India,Paris,office,2,6,,,ok_group,agree,agree
33,WP,VIT 34,India,Pretoria,office,1,1,,,ok_group,agree,agree
33,WP,VIT 34,India,Rabat,office,,1,,,ok_group,empty,agree
33,WP,VIT 34,India,Riyadh,office,,11,,,ok_group,empty,agree
33,WP,VIT 34,India,RROC,office,9,34,,,ok_group,agree,agree
33,WP,VIT 34,India,Warsaw,office,,1,,,ok_group,empty,agree
33,WP,VIT 34,India,Washinaton,office,,2,,,ok_group,empty,agree
33,WP,VIT 34,Iran,,citizenship,507,4056,443,2670,MISMATCH,agree,agree
33,WP,VIT 34,Iran,Abu Dhabi,office,1,8,,,IN_FAILED_GROUP,agree,agree
33,WP,VIT 34,Iran,Amman,office,1,1,,,IN_FAILED_GROUP,agree,agree
33,WP,VIT 34,Iran,Ankara,office,376,153,,,IN_FAILED_GROUP,agree,agree
34,WP,VIT 34,Iran,Banakok,office,1,2,,,IN_FAILED_GROUP,agree,agree
34,WP,VIT 34,Iran,Beiiing,office,,21,,,IN_FAILED_GROUP,empty,agree
34,WP,VIT 34,Iran,Boqota,office,,2,,,IN_FAILED_GROUP,empty,agree
34,WP,VIT 34,Iran,Bucharest,office,,1,,,IN_FAILED_GROUP,empty,agree
34,WP,VIT 34,Iran,Case Processing Centre Edmonton,office,17,1142,,,IN_FAILED_GROUP,agree,agree
34,WP,VIT 34,Iran,Case Processing Centre Ottawa,office,,316,,,IN_FAILED_GROUP,empty,agree
34,WP,VIT 34,Iran,Case Review Citizenship And Immiar,office,,1,,,IN_FAILED_GROUP,empty,agree
34,WP,VIT 34,Iran,CN Iran,office,7,567,,,IN_FAILED_GROUP,majority,agree
34,WP,VIT 34,Iran,Ho Chi Minh City Vietnam,office,,1,,,IN_FAILED_GROUP,empty,agree
34,WP,VIT 34,Iran,Hong Kona,office,,2,,,IN_FAILED_GROUP,empty,agree
34,WP,VIT 34,Iran,London Enaland,office,3,50,,,IN_FAILED_GROUP,agree,agree
34,WP,VIT 34,Iran,Manila,office,,6,,,IN_FAILED_GROUP,empty,agree
34,WP,VIT 34,Iran,Matching Centre,office,,2,,,IN_FAILED_GROUP,empty,agree
34,WP,VIT 34,Iran,Montreal Immigration,office,,1,,,IN_FAILED_GROUP,empty,agree
34,WP,VIT 34,Iran,Moscow,office,,2,,,IN_FAILED_GROUP,empty,agree
34,WP,VIT 34,Iran,New York,office,4,170,,,IN_FAILED_GROUP,agree,agree
34,WP,VIT 34,Iran,Operational Performance Manageme,office,,1,,,IN_FAILED_GROUP,empty,agree
34,WP,VIT 34,Iran,Ottawa IR,office,23,23,,,IN_FAILED_GROUP,agree,agree
34,WP,VIT 34,Iran,Paris,office,,30,,,IN_FAILED_GROUP,empty,agree
34,WP,VIT 34,Iran,Port of Spain,office,,1,,,IN_FAILED_GROUP,empty,agree
34,WP,VIT 34,Iran,Pretoria,office,,9,,,IN_FAILED_GROUP,empty,agree
34,WP,VIT 34,Iran,Rome,office,1,35,,,IN_FAILED_GROUP,agree,agree
34,WP,VIT 34,Iran,RROC,office,,2,,,IN_FAILED_GROUP,empty,agree
34,WP,VIT 34,Iran,Sao Paulo,office,2,7,,,IN_FAILED_GROUP,agree,agree
34,WP,VIT 34,Iran,Singapore,office,6,68,,,IN_FAILED_GROUP,agree,agree
34,WP,VIT 34,Iran,Sydney Australia,office,,14,,,IN_FAILED_GROUP,empty,agree
34,WP,VIT 34,Iran,Vienna,office,1,16,,,IN_FAILED_GROUP,agree,agree
34,WP,VIT 34,Iran,Warsaw,office,,16,,,IN_FAILED_GROUP,empty,agree
34,WP,VIT 34,Iraq,,citizenship,3,103,3,103,reconciled,agree,agree
34,WP,VIT 34,Iraq,Abu Dhabi,office,,2,,,ok_group,empty,agree
34,WP,VIT 34,Iraq,Amman,office,2,45,,,ok_group,agree,agree
34,WP,VIT 34,Iraq,Ankara,office,1,14,,,ok_group,agree,agree
34,WP,VIT 34,Iraq,Case Processing Centre Edmonton,office,,11,,,ok_group,empty,agree
34,WP,VIT 34,Iraq,Dar-Es-Salaam,office,,1,,,ok_group,empty,agree
34,WP,VIT 34,Iraq,Hong Kona,office,,1,,,ok_group,empty,agree
34,WP,VIT 34,Iraq,London Enaland,office,,21,,,ok_group,empty,agree
34,WP,VIT 34,Iraq,New York,office,,2,,,ok_group,empty,agree
34,WP,VIT 34,Iraq,Paris,office,,3,,,ok_group,empty,agree
34,WP,VIT 34,Iraq,Rome,office,,2,,,ok_group,empty,agree
34,WP,VIT 34,Iraq,Singapore,office,,1,,,ok_group,empty,agree
34,WP,VIT 34,Israel,,citizenship,,45,0,45,reconciled,empty,agree
34,WP,VIT 34,Israel,Ankara,office,,2,,,ok_group,empty,agree
34,WP,VIT 34,Israel,Case Processing Centre Edmonton,office,,32,,,ok_group,empty,agree
34,WP,VIT 34,Israel,London Enaland,office,,1,,,ok_group,empty,agree
34,WP,VIT 34,Israel,Mexico City,office,,2,,,ok_group,empty,agree
34,WP,VIT 34,Israel,Tel Aviv,office,,7,,,ok_group,empty,agree
34,WP,VIT 34,Israel,Warsaw,office,,1,,,ok_group,empty,agree
34,WP,VIT 34,Italy,,citizenship,1,5,1,5,reconciled,agree,agree
34,WP,VIT 34,Italy,Mexico City,office,,1,,,ok_group,empty,agree
34,WP,VIT 34,Italy,New York,office,,1,,,ok_group,empty,agree
34,WP,VIT 34,Italy,Operations Support Centre,office,1,1,,,ok_group,agree,agree
34,WP,VIT 34,Italy,Rome,office,,1,,,ok_group,empty,agree
34,WP,VIT 34,Italy,Tunis,office,,1,,,ok_group,empty,agree
34,WP,VIT 34,Jamaica,,citizenship,,2,0,2,reconciled,empty,agree
34,WP,VIT 34,Jamaica,Case Processing Centre Edmonton,office,,1,,,ok_group,empty,agree
34,WP,VIT 34,Jamaica,New York,office,,1,,,ok_group,empty,agree
34,WP,VIT 34,Japan,,citizenship,1,1,1,1,reconciled,agree,agree
34,WP,VIT 34,Japan,Operations Support Centre,office,1,1,,,ok_group,agree,agree
34,WP,VIT 34,Jordan,,citizenship,5,189,5,189,reconciled,agree,agree
34,WP,VIT 34,Jordan,Abu Dhabi,office,,5,,,ok_group,empty,agree
34,WP,VIT 34,Jordan,Amman,office,1,33,,,ok_group,agree,agree
34,WP,VIT 34,Jordan,Ankara,office,,4,,,ok_group,empty,agree
34,WP,VIT 34,Jordan,Beiiing,office,,1,,,ok_group,empty,agree
34,WP,VIT 34,Jordan,Boqota,office,,1,,,ok_group,empty,agree
34,WP,VIT 34,Jordan,Case Processing Centre Edmonton,office,2,119,,,ok_group,agree,agree
34,WP,VIT 34,Jordan,London Enaland,office,,11,,,ok_group,empty,agree
34,WP,VIT 34,Jordan,Manila,office,,1,,,ok_group,empty,agree
34,WP,VIT 34,Jordan,New York,office,,4,,,ok_group,empty,agree
34,WP,VIT 34,Jordan,Ottawa IR,office,2,2,,,ok_group,agree,agree
34,WP,VIT 34,Jordan,Riyadh,office,,3,,,ok_group,empty,agree
34,WP,VIT 34,Jordan,RROC,office,,2,,,ok_group,empty,agree
34,WP,VIT 34,Jordan,Sao Paulo,office,,1,,,ok_group,empty,agree
34,WP,VIT 34,Jordan,Tel Aviv,office,,1,,,ok_group,empty,agree
34,WP,VIT 34,Jordan,Vienna,office,,1,,,ok_group,empty,agree
34,WP,VIT 34,Kazakhstan,,citizenship,,10,0,10,reconciled,empty,agree
34,WP,VIT 34,Kazakhstan,Case Processing Centre Edmonton,office,,1,,,ok_group,empty,agree
34,WP,VIT 34,Kazakhstan,Mexico City,office,,1,,,ok_group,empty,agree
34,WP,VIT 34,Kazakhstan,Warsaw,office,,8,,,ok_group,empty,agree
34,WP,VIT 34,Kenya,,citizenship,5,9,5,9,reconciled,agree,agree
34,WP,VIT 34,Kenya,Case Processing Centre Edmonton,office,2,3,,,ok_group,agree,agree
34,WP,VIT 34,Kenya,Nairobi,office,2,5,,,ok_group,agree,agree
34,WP,VIT 34,Kenya,Ottawa IR,office,1,1,,,ok_group,agree,agree
34,WP,VIT 34,"Korea, Republic of",,citizenship,2,13,2,13,reconciled,agree,agree
34,WP,VIT 34,"Korea, Republic of",Case Processing Centre Edmonton,office,,10,,,ok_group,empty,agree
34,WP,VIT 34,"Korea, Republic of",New York,office,1,1,,,ok_group,agree,agree
34,WP,VIT 34,"Korea, Republic of",Paris,office,,1,,,ok_group,empty,agree
34,WP,VIT 34,"Korea, Republic of",Vancouver International Airport,office,1,1,,,ok_group,agree,agree
34,WP,VIT 34,"Kosovo, Republic of",,citizenship,,2,0,2,reconciled,empty,agree
34,WP,VIT 34,"Kosovo, Republic of",Vienna,office,,2,,,ok_group,empty,agree
34,WP,VIT 34,Kuwait,,citizenship,,6,0,6,reconciled,empty,agree
34,WP,VIT 34,Kuwait,Abu Dhabi,office,,1,,,ok_group,empty,agree
34,WP,VIT 34,Kuwait,Case Processing Centre Edmonton,office,,5,,,ok_group,empty,agree
34,WP,VIT 34,Kyrayzstan,,citizenship,,4,0,4,reconciled,empty,agree
34,WP,VIT 34,Kyrayzstan,Abu Dhabi,office,,2,,,ok_group,empty,agree
34,WP,VIT 34,Kyrayzstan,Case Processing Centre Edmonton,office,,1,,,ok_group,empty,agree
34,WP,VIT 34,Kyrayzstan,Warsaw,office,,1,,,ok_group,empty,agree
34,WP,VIT 34,Lebanon,,citizenship,2,264,2,264,reconciled,agree,agree
34,WP,VIT 34,Lebanon,Abu Dhabi,office,,11,,,ok_group,empty,agree
34,WP,VIT 34,Lebanon,Accra,office,,2,,,ok_group,empty,agree
34,WP,VIT 34,Lebanon,Amman,office,1,2,,,ok_group,agree,agree
34,WP,VIT 34,Lebanon,Ankara,office,,29,,,ok_group,empty,agree
34,WP,VIT 34,Lebanon,Beirut,office,,120,,,ok_group,empty,agree
34,WP,VIT 34,Lebanon,Case Processing Centre Edmonton,office,1,67,,,ok_group,agree,agree
34,WP,VIT 34,Lebanon,Dar-Es-Salaam,office,,1,,,ok_group,empty,agree
34,WP,VIT 34,Lebanon,London Enaland,office,,11,,,ok_group,empty,agree
34,WP,VIT 34,Lebanon,Mexico City,office,,1,,,ok_group,empty,agree
34,WP,VIT 34,Lebanon,New York,office,,4,,,ok_group,empty,agree
34,WP,VIT 34,Lebanon,Paris,office,,5,,,ok_group,empty,agree
35,WP,VIT 34,Lebanon,Pretoria,office,,1,,,ok_group,empty,agree
35,WP,VIT 34,Lebanon,Riyadh,office,,7,,,ok_group,empty,agree
35,WP,VIT 34,Lebanon,Rome,office,,2,,,ok_group,empty,agree
35,WP,VIT 34,Lebanon,Warsaw,office,,1,,,ok_group,empty,agree
35,WP,VIT 34,Liberia,,citizenship,1,1,1,1,reconciled,agree,agree
35,WP,VIT 34,Liberia,Dakar,office,1,1,,,ok_group,agree,agree
35,WP,VIT 34,Libya,,citizenship,1,97,1,97,reconciled,agree,agree
35,WP,VIT 34,Libya,Abu Dhabi,office,1,2,,,ok_group,agree,agree
35,WP,VIT 34,Libya,Case Processing Centre Edmonton,office,,10,,,ok_group,empty,agree
35,WP,VIT 34,Libya,London Enaland,office,,5,,,ok_group,empty,agree
35,WP,VIT 34,Libya,Paris,office,,2,,,ok_group,empty,agree
35,WP,VIT 34,Libya,Pretoria,office,,23,,,ok_group,empty,agree
35,WP,VIT 34,Libya,RROC,office,,1,,,ok_group,empty,agree
35,WP,VIT 34,Libya,Tunis,office,,53,,,ok_group,empty,agree
35,WP,VIT 34,Libya,Vienna,office,,1,,,ok_group,empty,agree
35,WP,VIT 34,Madaaascar,,citizenship,4,15,4,15,reconciled,agree,agree
35,WP,VIT 34,Madaaascar,Case Processing Centre Edmonton,office,,1,,,ok_group,empty,agree
35,WP,VIT 34,Madaaascar,Pretoria,office,4,14,,,ok_group,agree,agree
35,WP,VIT 34,Malawi,,citizenship,,1,0,1,reconciled,empty,agree
35,WP,VIT 34,Malawi,Case Processing Centre Edmonton,office,,1,,,ok_group,empty,agree
35,WP,VIT 34,Malaysia,,citizenship,,5,0,5,reconciled,empty,agree
35,WP,VIT 34,Malaysia,Beiiing,office,,1,,,ok_group,empty,agree
35,WP,VIT 34,Malaysia,Case Processing Centre Edmonton,office,,2,,,ok_group,empty,agree
35,WP,VIT 34,Malaysia,Singapore,office,,2,,,ok_group,empty,agree
35,WP,VIT 34,Mauritius,,citizenship,3,35,3,35,reconciled,agree,agree
35,WP,VIT 34,Mauritius,London Enaland,office,,2,,,ok_group,empty,agree
35,WP,VIT 34,Mauritius,Pretoria,office,3,33,,,ok_group,agree,agree
35,WP,VIT 34,Mexico,,citizenship,13,209,13,209,reconciled,agree,agree
35,WP,VIT 34,Mexico,Case Processing Centre Edmonton,office,,12,,,ok_group,empty,agree
35,WP,VIT 34,Mexico,Mexico City,office,13,191,,,ok_group,agree,agree
35,WP,VIT 34,Mexico,New York,office,,2,,,ok_group,empty,agree
35,WP,VIT 34,Mexico,RROC,office,,4,,,ok_group,empty,agree
35,WP,VIT 34,Moldova,,citizenship,,9,0,9,reconciled,empty,agree
35,WP,VIT 34,Moldova,Bucharest,office,,4,,,ok_group,empty,agree
35,WP,VIT 34,Moldova,London Enaland,office,,5,,,ok_group,empty,agree
35,WP,VIT 34,"Mongolia, People's Republic of",,citizenship,,3,0,3,reconciled,empty,agree
35,WP,VIT 34,"Mongolia, People's Republic of",Hong Kona,office,,3,,,ok_group,empty,agree
35,WP,VIT 34,"Monteneqro, Republic of",,citizenship,,1,0,1,reconciled,empty,agree
35,WP,VIT 34,"Monteneqro, Republic of",Vienna,office,,1,,,ok_group,empty,agree
35,WP,VIT 34,Morocco,,citizenship,12,237,12,237,reconciled,agree,agree
35,WP,VIT 34,Morocco,Abu Dhabi,office,2,6,,,ok_group,agree,agree
35,WP,VIT 34,Morocco,Case Processing Centre Edmonton,office,1,58,,,ok_group,agree,agree
35,WP,VIT 34,Morocco,London Enaland,office,,1,,,ok_group,empty,agree
35,WP,VIT 34,Morocco,New York,office,,1,,,ok_group,empty,agree
35,WP,VIT 34,Morocco,Ottawa IR,office,1,1,,,ok_group,agree,agree
35,WP,VIT 34,Morocco,Paris,office,,1,,,ok_group,empty,agree
35,WP,VIT 34,Morocco,Rabat,office,8,153,,,ok_group,agree,agree
35,WP,VIT 34,Morocco,Riyadh,office,,14,,,ok_group,empty,agree
35,WP,VIT 34,Morocco,Rome,office,,1,,,ok_group,empty,agree
35,WP,VIT 34,Morocco,Tunis,office,,1,,,ok_group,empty,agree
35,WP,VIT 34,Mozambique,,citizenship,,1,0,1,reconciled,empty,agree
35,WP,VIT 34,Mozambique,Case Processing Centre Edmonton,office,,1,,,ok_group,empty,agree
35,WP,VIT 34,Nepal,,citizenship,1,8,1,8,reconciled,agree,agree
35,WP,VIT 34,Nepal,Banakok,office,1,2,,,ok_group,agree,agree
35,WP,VIT 34,Nepal,Case Processing Centre Edmonton,office,,2,,,ok_group,empty,agree
35,WP,VIT 34,Nepal,New Delhi,office,,2,,,ok_group,empty,agree
35,WP,VIT 34,Nepal,RROC,office,,2,,,ok_group,empty,agree
35,WP,VIT 34,New Zealand,,citizenship,,3,0,3,reconciled,empty,agree
35,WP,VIT 34,New Zealand,Case Processing Centre Edmonton,office,,1,,,ok_group,empty,agree
35,WP,VIT 34,New Zealand,Sydney Australia,office,,2,,,ok_group,empty,agree
35,WP,VIT 34,Nicaraqua,,citizenship,,2,0,2,reconciled,empty,agree
35,WP,VIT 34,Nicaraqua,Case Processing Centre Edmonton,office,,1,,,ok_group,empty,agree
35,WP,VIT 34,Nicaraqua,Mexico City,office,,1,,,ok_group,empty,agree
35,WP,VIT 34,Nigeria,,citizenship,7,104,7,104,reconciled,agree,agree
35,WP,VIT 34,Nigeria,Abu Dhabi,office,,3,,,ok_group,empty,agree
35,WP,VIT 34,Nigeria,Beiiing,office,,2,,,ok_group,empty,agree
35,WP,VIT 34,Nigeria,Case Processing Centre Edmonton,office,1,67,,,ok_group,agree,agree
35,WP,VIT 34,Nigeria,London Enaland,office,,2,,,ok_group,empty,agree
35,WP,VIT 34,Nigeria,Nairobi,office,,6,,,ok_group,empty,agree
35,WP,VIT 34,Nigeria,New York,office,,3,,,ok_group,empty,agree
35,WP,VIT 34,Nigeria,Pretoria,office,,1,,,ok_group,empty,agree
35,WP,VIT 34,Nigeria,RROC,office,6,19,,,ok_group,agree,agree
35,WP,VIT 34,Nigeria,Vienna,office,,1,,,ok_group,empty,agree
35,WP,VIT 34,Oman,,citizenship,,1,0,1,reconciled,empty,agree
35,WP,VIT 34,Oman,Case Processing Centre Edmonton,office,,1,,,ok_group,empty,agree
35,WP,VIT 34,Other,,citizenship,,1,0,1,reconciled,empty,agree
35,WP,VIT 34,Other,Case Processing Centre Edmonton,office,,1,,,ok_group,empty,agree
35,WP,VIT 34,Pakistan,,citizenship,28,452,28,452,reconciled,agree,agree
35,WP,VIT 34,Pakistan,Abu Dhabi,office,14,148,,,ok_group,agree,agree
35,WP,VIT 34,Pakistan,Ankara,office,1,3,,,ok_group,agree,agree
35,WP,VIT 34,Pakistan,Beiiing,office,,18,,,ok_group,empty,agree
35,WP,VIT 34,Pakistan,Boqota,office,,1,,,ok_group,empty,agree
35,WP,VIT 34,Pakistan,Case Processing Centre Edmonton,office,1,160,,,ok_group,agree,agree
35,WP,VIT 34,Pakistan,Guanadzhou,office,,1,,,ok_group,empty,agree
35,WP,VIT 34,Pakistan,Hong Kona,office,,2,,,ok_group,empty,agree
35,WP,VIT 34,Pakistan,London Enaland,office,,15,,,ok_group,empty,agree
35,WP,VIT 34,Pakistan,Manila,office,1,12,,,ok_group,agree,agree
35,WP,VIT 34,Pakistan,Mexico City,office,2,2,,,ok_group,agree,agree
35,WP,VIT 34,Pakistan,New York,office,2,8,,,ok_group,agree,agree
35,WP,VIT 34,Pakistan,Ottawa IR,office,4,4,,,ok_group,agree,agree
35,WP,VIT 34,Pakistan,Paris,office,1,6,,,ok_group,agree,agree
35,WP,VIT 34,Pakistan,Pretoria,office,,4,,,ok_group,empty,agree
35,WP,VIT 34,Pakistan,Riyadh,office,,14,,,ok_group,empty,agree
35,WP,VIT 34,Pakistan,RROC,office,,1,,,ok_group,empty,agree
35,WP,VIT 34,Pakistan,Singapore,office,1,20,,,ok_group,agree,agree
35,WP,VIT 34,Pakistan,Sydney Australia,office,,4,,,ok_group,empty,agree
35,WP,VIT 34,Pakistan,Vienna,office,1,2,,,ok_group,agree,agree
35,WP,VIT 34,Pakistan,Warsaw,office,,25,,,ok_group,empty,agree
35,WP,VIT 34,Pakistan,Washinaton,office,,2,,,ok_group,empty,agree
35,WP,VIT 34,Palestinian Authority (Gaza/West Bank),,citizenship,17,98,17,98,reconciled,agree,agree
35,WP,VIT 34,Palestinian Authority (Gaza/West Bank),Abu Dhabi,office,,1,,,ok_group,empty,agree
35,WP,VIT 34,Palestinian Authority (Gaza/West Bank),Amman,office,9,28,,,ok_group,agree,agree
35,WP,VIT 34,Palestinian Authority (Gaza/West Bank),Ankara,office,,9,,,ok_group,empty,agree
35,WP,VIT 34,Palestinian Authority (Gaza/West Bank),Cairo,office,3,10,,,ok_group,agree,agree
35,WP,VIT 34,Palestinian Authority (Gaza/West Bank),Case Processing Centre Edmonton,office,2,32,,,ok_group,agree,agree
35,WP,VIT 34,Palestinian Authority (Gaza/West Bank),Jakarta,office,1,1,,,ok_group,agree,agree
35,WP,VIT 34,Palestinian Authority (Gaza/West Bank),London Enaland,office,,7,,,ok_group,empty,agree
35,WP,VIT 34,Palestinian Authority (Gaza/West Bank),New York,office,,1,,,ok_group,empty,agree
36,WP,VIT 34,Palestinian Authority (Gaza/West Bank),Paris,office,2,4,,,ok_group,agree,agree
36,WP,VIT 34,Palestinian Authority (Gaza/West Bank),Riyadh,office,,1,,,ok_group,empty,agree
36,WP,VIT 34,Palestinian Authority (Gaza/West Bank),Tel Aviv,office,,3,,,ok_group,empty,agree
36,WP,VIT 34,Palestinian Authority (Gaza/West Bank),Vienna,office,,1,,,ok_group,empty,agree
36,WP,VIT 34,Paraquay,,citizenship,,1,0,1,reconciled,empty,agree
36,WP,VIT 34,Paraquay,Case Processing Centre Edmonton,office,,1,,,ok_group,empty,agree
36,WP,VIT 34,Peoples Republic of Benin,,citizenship,,1,0,1,reconciled,empty,agree
36,WP,VIT 34,Peoples Republic of Benin,Accra,office,,1,,,ok_group,empty,agree
36,WP,VIT 34,People's Republic of China,,citizenship,71,6237,702,6237,MISMATCH,majority,agree
36,WP,VIT 34,People's Republic of China,Abu Dhabi,office,,1,,,IN_FAILED_GROUP,empty,agree
36,WP,VIT 34,People's Republic of China,Banakok,office,,3,,,IN_FAILED_GROUP,empty,agree
36,WP,VIT 34,People's Republic of China,Beiiing,office,390,3710,,,IN_FAILED_GROUP,agree,agree
36,WP,VIT 34,People's Republic of China,Buenos Aires,office,10,10,,,IN_FAILED_GROUP,agree,agree
36,WP,VIT 34,People's Republic of China,Case Processing Centre Edmonton,office,48,1812,,,IN_FAILED_GROUP,agree,agree
36,WP,VIT 34,People's Republic of China,Case Processing Centre Ottawa,office,,1,,,IN_FAILED_GROUP,empty,agree
36,WP,VIT 34,People's Republic of China,Guanadzhou,office,1,49,,,IN_FAILED_GROUP,agree,agree
36,WP,VIT 34,People's Republic of China,Hong Kona,office,,51,,,IN_FAILED_GROUP,none,majority
36,WP,VIT 34,People's Republic of China,London Enaland,office,,11,,,IN_FAILED_GROUP,empty,agree
36,WP,VIT 34,People's Republic of China,Los Angeles,office,2,3,,,IN_FAILED_GROUP,agree,agree
36,WP,VIT 34,People's Republic of China,Manila,office,,3,,,IN_FAILED_GROUP,empty,agree
36,WP,VIT 34,People's Republic of China,Mexico City,office,3,4,,,IN_FAILED_GROUP,agree,agree
36,WP,VIT 34,People's Republic of China,Nairobi,office,2,3,,,IN_FAILED_GROUP,agree,agree
36,WP,VIT 34,People's Republic of China,New York,office,24,121,,,IN_FAILED_GROUP,agree,agree
36,WP,VIT 34,People's Republic of China,Ottawa IR,office,213,214,,,IN_FAILED_GROUP,agree,agree
36,WP,VIT 34,People's Republic of China,Paris,office,,7,,,IN_FAILED_GROUP,empty,agree
36,WP,VIT 34,People's Republic of China,Pretoria,office,1,10,,,IN_FAILED_GROUP,agree,agree
36,WP,VIT 34,People's Republic of China,Rome,office,,2,,,IN_FAILED_GROUP,empty,agree
36,WP,VIT 34,People's Republic of China,RROC,office,,1,,,IN_FAILED_GROUP,empty,agree
36,WP,VIT 34,People's Republic of China,Seoul,office,,1,,,IN_FAILED_GROUP,empty,agree
36,WP,VIT 34,People's Republic of China,Shanghai,office,,153,,,IN_FAILED_GROUP,empty,agree
36,WP,VIT 34,People's Republic of China,Singapore,office,3,20,,,IN_FAILED_GROUP,agree,agree
36,WP,VIT 34,People's Republic of China,Sydney Australia,office,,26,,,IN_FAILED_GROUP,empty,agree
36,WP,VIT 34,People's Republic of China,Tokyo,office,,1,,,IN_FAILED_GROUP,empty,agree
36,WP,VIT 34,People's Republic of China,Vienna,office,4,12,,,IN_FAILED_GROUP,agree,agree
36,WP,VIT 34,People's Republic of China,Warsaw,office,1,2,,,IN_FAILED_GROUP,agree,agree
36,WP,VIT 34,People's Republic of China,Washinaton,office,,6,,,IN_FAILED_GROUP,empty,agree
36,WP,VIT 34,Peru,,citizenship,1,9,1,9,reconciled,agree,agree
36,WP,VIT 34,Peru,Case Processing Centre Edmonton,office,,7,,,ok_group,empty,agree
36,WP,VIT 34,Peru,Lima,office,,1,,,ok_group,empty,agree
36,WP,VIT 34,Peru,Ottawa IR,office,1,1,,,ok_group,agree,agree
36,WP,VIT 34,Philippines,,citizenship,1,44,11,44,MISMATCH,majority,agree
36,WP,VIT 34,Philippines,Abu Dhabi,office,,3,,,IN_FAILED_GROUP,empty,agree
36,WP,VIT 34,Philippines,Amman,office,,1,,,IN_FAILED_GROUP,empty,agree
36,WP,VIT 34,Philippines,Ankara,office,,1,,,IN_FAILED_GROUP,empty,agree
36,WP,VIT 34,Philippines,Case Processing Centre Edmonton,office,1,2,,,IN_FAILED_GROUP,agree,agree
36,WP,VIT 34,Philippines,Ho Chi Minh City Vietnam,office,,1,,,IN_FAILED_GROUP,empty,agree
36,WP,VIT 34,Philippines,Hong Kona,office,,1,,,IN_FAILED_GROUP,empty,agree
36,WP,VIT 34,Philippines,Manila,office,10,14,,,IN_FAILED_GROUP,agree,agree
36,WP,VIT 34,Philippines,Moscow,office,,1,,,IN_FAILED_GROUP,empty,agree
36,WP,VIT 34,Philippines,Operations Support Centre,office,,1,,,IN_FAILED_GROUP,empty,agree
36,WP,VIT 34,Philippines,Riyadh,office,,15,,,IN_FAILED_GROUP,empty,agree
36,WP,VIT 34,Philippines,Tunis,office,,2,,,IN_FAILED_GROUP,empty,agree
36,WP,VIT 34,Philippines,Warsaw,office,,2,,,IN_FAILED_GROUP,empty,agree
36,WP,VIT 34,Poland,,citizenship,1,2,1,2,reconciled,agree,agree
36,WP,VIT 34,Poland,New York,office,,1,,,ok_group,empty,agree
36,WP,VIT 34,Poland,Warsaw,office,1,1,,,ok_group,agree,agree
36,WP,VIT 34,Republic of Ireland,,citizenship,,3,0,3,reconciled,empty,agree
36,WP,VIT 34,Republic of Ireland,Case Processing Centre Edmonton,office,,1,,,ok_group,empty,agree
36,WP,VIT 34,Republic of Ireland,London Enaland,office,,2,,,ok_group,empty,agree
36,WP,VIT 34,Republic of Ivory Coast,,citizenship,2,13,2,13,reconciled,agree,agree
36,WP,VIT 34,Republic of Ivory Coast,Case Processing Centre Edmonton,office,,2,,,ok_group,empty,agree
36,WP,VIT 34,Republic of Ivory Coast,Dakar,office,,4,,,ok_group,empty,agree
36,WP,VIT 34,Republic of Ivory Coast,Paris,office,,1,,,ok_group,empty,agree
36,WP,VIT 34,Republic of Ivory Coast,RROC,office,2,6,,,ok_group,agree,agree
36,WP,VIT 34,Republic of South Africa,,citizenship,6,90,8,90,MISMATCH,agree,agree
36,WP,VIT 34,Republic of South Africa,Abu Dhabi,office,1,2,,,IN_FAILED_GROUP,agree,agree
36,WP,VIT 34,Republic of South Africa,Case Processing Centre Edmonton,office,,8,,,IN_FAILED_GROUP,empty,agree
36,WP,VIT 34,Republic of South Africa,Mexico City,office,,1,,,IN_FAILED_GROUP,empty,agree
36,WP,VIT 34,Republic of South Africa,New York,office,,1,,,IN_FAILED_GROUP,empty,agree
36,WP,VIT 34,Republic of South Africa,Pretoria,office,7,76,,,IN_FAILED_GROUP,majority,agree
36,WP,VIT 34,Republic of South Africa,Riyadh,office,,2,,,IN_FAILED_GROUP,empty,agree
36,WP,VIT 34,Republic of the Niger,,citizenship,,3,0,3,reconciled,empty,agree
36,WP,VIT 34,Republic of the Niger,Case Processing Centre Edmonton,office,,3,,,ok_group,empty,agree
36,WP,VIT 34,Romania,,citizenship,,1,0,1,reconciled,empty,agree
36,WP,VIT 34,Romania,Bucharest,office,,1,,,ok_group,empty,agree
36,WP,VIT 34,Russia,,citizenship,35,712,25,712,MISMATCH,agree,majority
36,WP,VIT 34,Russia,Abu Dhabi,office,,1,,,IN_FAILED_GROUP,empty,agree
36,WP,VIT 34,Russia,Ankara,office,3,15,,,IN_FAILED_GROUP,agree,agree
36,WP,VIT 34,Russia,Beiiing,office,1,4,,,IN_FAILED_GROUP,agree,agree
36,WP,VIT 34,Russia,Buenos Aires,office,,1,,,IN_FAILED_GROUP,empty,agree
36,WP,VIT 34,Russia,Case Processing Centre Edmonton,office,1,367,,,IN_FAILED_GROUP,agree,agree
36,WP,VIT 34,Russia,Hong Kona,office,,1,,,IN_FAILED_GROUP,empty,agree
36,WP,VIT 34,Russia,Kyiv,office,,1,,,IN_FAILED_GROUP,empty,agree
36,WP,VIT 34,Russia,London Enaland,office,,94,,,IN_FAILED_GROUP,empty,agree
36,WP,VIT 34,Russia,Manila,office,1,1,,,IN_FAILED_GROUP,agree,agree
36,WP,VIT 34,Russia,Matching Centre,office,,1,,,IN_FAILED_GROUP,empty,agree
36,WP,VIT 34,Russia,Mexico City,office,1,7,,,IN_FAILED_GROUP,agree,agree
36,WP,VIT 34,Russia,Moscow,office,,21,,,IN_FAILED_GROUP,empty,agree
36,WP,VIT 34,Russia,New York,office,5,15,,,IN_FAILED_GROUP,agree,agree
36,WP,VIT 34,Russia,Ottawa IR,office,1,11,,,IN_FAILED_GROUP,agree,agree
36,WP,VIT 34,Russia,Paris,office,2,12,,,IN_FAILED_GROUP,agree,agree
36,WP,VIT 34,Russia,Pretoria,office,2,2,,,IN_FAILED_GROUP,agree,agree
36,WP,VIT 34,Russia,Rome,office,,2,,,IN_FAILED_GROUP,empty,agree
36,WP,VIT 34,Russia,RROC,office,,9,,,IN_FAILED_GROUP,empty,agree
36,WP,VIT 34,Russia,Singapore,office,,1,,,IN_FAILED_GROUP,empty,agree
36,WP,VIT 34,Russia,Sydney Australia,office,,3,,,IN_FAILED_GROUP,empty,agree
36,WP,VIT 34,Russia,Tel Aviv,office,,1,,,IN_FAILED_GROUP,empty,agree
36,WP,VIT 34,Russia,Tunis,office,,1,,,IN_FAILED_GROUP,empty,agree
36,WP,VIT 34,Russia,Vienna,office,3,28,,,IN_FAILED_GROUP,agree,agree
36,WP,VIT 34,Russia,Warsaw,office,5,113,,,IN_FAILED_GROUP,agree,agree
36,WP,VIT 34,Rwanda,,citizenship,,4,0,4,reconciled,empty,agree
36,WP,VIT 34,Rwanda,Dar-Es-Salaam,office,,1,,,ok_group,empty,agree
36,WP,VIT 34,Rwanda,Paris,office,,1,,,ok_group,empty,agree
36,WP,VIT 34,Rwanda,Pretoria,office,,2,,,ok_group,empty,agree
36,WP,VIT 34,Saudi Arabia,,citizenship,2,72,2,379,MISMATCH,agree,agree
36,WP,VIT 34,Saudi Arabia,Case Processing Centre Edmonton,office,1,28,,,IN_FAILED_GROUP,agree,agree
36,WP,VIT 34,Saudi Arabia,London Enaland,office,,2,,,IN_FAILED_GROUP,empty,agree
36,WP,VIT 34,Saudi Arabia,New York,office,,310,,,IN_FAILED_GROUP,empty,majority
37,WP,VIT 34,Saudi Arabia,Paris,office,,1,,,IN_FAILED_GROUP,empty,agree
37,WP,VIT 34,Saudi Arabia,Riyadh,office,1,38,,,IN_FAILED_GROUP,agree,agree
37,WP,VIT 34,Senegal,,citizenship,1,4,1,4,reconciled,agree,agree
37,WP,VIT 34,Senegal,Case Processing Centre Edmonton,office,,2,,,ok_group,empty,agree
37,WP,VIT 34,Senegal,RROC,office,1,2,,,ok_group,agree,agree
37,WP,VIT 34,"Serbia, Republic of",,citizenship,,14,0,14,reconciled,empty,agree
37,WP,VIT 34,"Serbia, Republic of",Ankara,office,,1,,,ok_group,empty,agree
37,WP,VIT 34,"Serbia, Republic of",Case Processing Centre Edmonton,office,,9,,,ok_group,empty,agree
37,WP,VIT 34,"Serbia, Republic of",London Enaland,office,,1,,,ok_group,empty,agree
37,WP,VIT 34,"Serbia, Republic of",Mexico City,office,,1,,,ok_group,empty,agree
37,WP,VIT 34,"Serbia, Republic of",Vienna,office,,2,,,ok_group,empty,agree
37,WP,VIT 34,Sierra Leone,,citizenship,,2,0,2,reconciled,empty,agree
37,WP,VIT 34,Sierra Leone,Case Processing Centre Edmonton,office,,1,,,ok_group,empty,agree
37,WP,VIT 34,Sierra Leone,Paris,office,,1,,,ok_group,empty,agree
37,WP,VIT 34,Singapore,,citizenship,,1,0,1,reconciled,empty,agree
37,WP,VIT 34,Singapore,Case Processing Centre Edmonton,office,,1,,,ok_group,empty,agree
37,WP,VIT 34,Socialist Republic of Vietnam,,citizenship,4,19,4,19,reconciled,agree,agree
37,WP,VIT 34,Socialist Republic of Vietnam,Case Processing Centre Edmonton,office,,2,,,ok_group,empty,agree
37,WP,VIT 34,Socialist Republic of Vietnam,Ho Chi Minh City Vietnam,office,4,16,,,ok_group,agree,agree
37,WP,VIT 34,Socialist Republic of Vietnam,Jakarta,office,,1,,,ok_group,empty,agree
37,WP,VIT 34,Spain,,citizenship,,1,0,1,reconciled,empty,agree
37,WP,VIT 34,Spain,Paris,office,,1,,,ok_group,empty,agree
37,WP,VIT 34,Sri Lanka,,citizenship,3,20,3,20,reconciled,agree,agree
37,WP,VIT 34,Sri Lanka,Abu Dhabi,office,,1,,,ok_group,empty,agree
37,WP,VIT 34,Sri Lanka,Amman,office,,1,,,ok_group,empty,agree
37,WP,VIT 34,Sri Lanka,Beiiing,office,,2,,,ok_group,empty,agree
37,WP,VIT 34,Sri Lanka,Case Processing Centre Edmonton,office,,3,,,ok_group,empty,agree
37,WP,VIT 34,Sri Lanka,Colombo,office,3,12,,,ok_group,agree,agree
37,WP,VIT 34,Sri Lanka,New York,office,,1,,,ok_group,empty,agree
37,WP,VIT 34,St. Kitts-Nevis,,citizenship,1,5,1,5,reconciled,agree,agree
37,WP,VIT 34,St. Kitts-Nevis,Ankara,office,,1,,,ok_group,empty,agree
37,WP,VIT 34,St. Kitts-Nevis,Beirut,office,,1,,,ok_group,empty,agree
37,WP,VIT 34,St. Kitts-Nevis,Case Processing Centre Edmonton,office,,2,,,ok_group,empty,agree
37,WP,VIT 34,St. Kitts-Nevis,New York,office,1,1,,,ok_group,agree,agree
37,WP,VIT 34,St. Vincent and the Grenadines,,citizenship,,1,0,1,reconciled,empty,agree
37,WP,VIT 34,St. Vincent and the Grenadines,Case Processing Centre Edmonton,office,,1,,,ok_group,empty,agree
37,WP,VIT 34,Stateless,,citizenship,1,14,1,14,reconciled,agree,agree
37,WP,VIT 34,Stateless,Abu Dhabi,office,,1,,,ok_group,empty,agree
37,WP,VIT 34,Stateless,Ankara,office,,3,,,ok_group,empty,agree
37,WP,VIT 34,Stateless,Beirut,office,1,5,,,ok_group,agree,agree
37,WP,VIT 34,Stateless,Case Processing Centre Edmonton,office,,3,,,ok_group,empty,agree
37,WP,VIT 34,Stateless,Vienna,office,,2,,,ok_group,empty,agree
37,WP,VIT 34,Sweden,,citizenship,,7,0,7,reconciled,empty,agree
37,WP,VIT 34,Sweden,Case Processing Centre Edmonton,office,,2,,,ok_group,empty,agree
37,WP,VIT 34,Sweden,London Enaland,office,,5,,,ok_group,empty,agree
37,WP,VIT 34,Switzerland,,citizenship,,1,0,1,reconciled,empty,agree
37,WP,VIT 34,Switzerland,Paris,office,,1,,,ok_group,empty,agree
37,WP,VIT 34,Syria,,citizenship,6,155,6,155,reconciled,agree,agree
37,WP,VIT 34,Syria,Abu Dhabi,office,1,13,,,ok_group,agree,agree
37,WP,VIT 34,Syria,Accra,office,,1,,,ok_group,empty,agree
37,WP,VIT 34,Syria,Amman,office,2,38,,,ok_group,agree,agree
37,WP,VIT 34,Syria,Ankara,office,1,11,,,ok_group,agree,agree
37,WP,VIT 34,Syria,Beiiing,office,,1,,,ok_group,empty,agree
37,WP,VIT 34,Syria,Beirut,office,,5,,,ok_group,empty,agree
37,WP,VIT 34,Syria,Cairo,office,,1,,,ok_group,empty,agree
37,WP,VIT 34,Syria,Case Processing Centre Edmonton,office,,49,,,ok_group,empty,agree
37,WP,VIT 34,Syria,London Enaland,office,,22,,,ok_group,empty,agree
37,WP,VIT 34,Syria,Nairobi,office,,3,,,ok_group,empty,agree
37,WP,VIT 34,Syria,New York,office,1,6,,,ok_group,agree,agree
37,WP,VIT 34,Syria,Paris,office,,2,,,ok_group,empty,agree
37,WP,VIT 34,Syria,Rabat,office,,1,,,ok_group,empty,agree
37,WP,VIT 34,Syria,Riyadh,office,,1,,,ok_group,empty,agree
37,WP,VIT 34,Syria,Vienna,office,1,1,,,ok_group,agree,agree
37,WP,VIT 34,Tadiikistan,,citizenship,,3,0,3,reconciled,empty,agree
37,WP,VIT 34,Tadiikistan,London Enaland,office,,1,,,ok_group,empty,agree
37,WP,VIT 34,Tadiikistan,Warsaw,office,,2,,,ok_group,empty,agree
37,WP,VIT 34,Taiwan,,citizenship,,4,0,4,reconciled,empty,agree
37,WP,VIT 34,Taiwan,Beiiing,office,,1,,,ok_group,empty,agree
37,WP,VIT 34,Taiwan,Case Processing Centre Edmonton,office,,3,,,ok_group,empty,agree
37,WP,VIT 34,Thailand,,citizenship,,1,0,1,reconciled,empty,agree
37,WP,VIT 34,Thailand,New York,office,,1,,,ok_group,empty,agree
37,WP,VIT 34,The Netherlands,,citizenship,,2,0,2,reconciled,empty,agree
37,WP,VIT 34,The Netherlands,London Enaland,office,,1,,,ok_group,empty,agree
37,WP,VIT 34,The Netherlands,Paris,office,,1,,,ok_group,empty,agree
37,WP,VIT 34,"Togo, Republic of",,citizenship,,3,0,3,reconciled,empty,agree
37,WP,VIT 34,"Togo, Republic of",Accra,office,,1,,,ok_group,empty,agree
37,WP,VIT 34,"Togo, Republic of",Case Processing Centre Edmonton,office,,2,,,ok_group,empty,agree
37,WP,VIT 34,"Trinidad and Tobago, Republic of",,citizenship,,1,0,1,reconciled,empty,agree
37,WP,VIT 34,"Trinidad and Tobago, Republic of",Port of Spain,office,,1,,,ok_group,empty,agree
37,WP,VIT 34,Tunisia,,citizenship,20,3199,200,3199,MISMATCH,agree,agree
37,WP,VIT 34,Tunisia,Abu Dhabi,office,,3,,,IN_FAILED_GROUP,empty,agree
37,WP,VIT 34,Tunisia,Amman,office,,1,,,IN_FAILED_GROUP,empty,agree
37,WP,VIT 34,Tunisia,Beiiing,office,,3,,,IN_FAILED_GROUP,empty,agree
37,WP,VIT 34,Tunisia,Bucharest,office,,22,,,IN_FAILED_GROUP,empty,agree
37,WP,VIT 34,Tunisia,Case Processing Centre Edmonton,office,,951,,,IN_FAILED_GROUP,empty,agree
37,WP,VIT 34,Tunisia,Dakar,office,,1,,,IN_FAILED_GROUP,empty,agree
37,WP,VIT 34,Tunisia,London Enaland,office,,1,,,IN_FAILED_GROUP,empty,agree
37,WP,VIT 34,Tunisia,New York,office,,2,,,IN_FAILED_GROUP,empty,agree
37,WP,VIT 34,Tunisia,Paris,office,200,53,,,IN_FAILED_GROUP,majority,agree
37,WP,VIT 34,Tunisia,Riyadh,office,,9,,,IN_FAILED_GROUP,empty,agree
37,WP,VIT 34,Tunisia,Rome,office,,3,,,IN_FAILED_GROUP,empty,agree
37,WP,VIT 34,Tunisia,Tunis,office,,2147,,,IN_FAILED_GROUP,empty,agree
37,WP,VIT 34,Tunisia,Vienna,office,,3,,,IN_FAILED_GROUP,empty,agree
37,WP,VIT 34,Turkey,,citizenship,2,60,2,60,reconciled,agree,agree
37,WP,VIT 34,Turkey,Ankara,office,2,12,,,ok_group,agree,agree
37,WP,VIT 34,Turkey,Case Processing Centre Edmonton,office,,27,,,ok_group,empty,agree
37,WP,VIT 34,Turkey,London Enaland,office,,13,,,ok_group,empty,agree
37,WP,VIT 34,Turkey,Nairobi,office,,1,,,ok_group,empty,agree
37,WP,VIT 34,Turkey,New York,office,,1,,,ok_group,empty,agree
37,WP,VIT 34,Turkey,Pretoria,office,,1,,,ok_group,empty,agree
37,WP,VIT 34,Turkey,Sao Paulo,office,,2,,,ok_group,empty,agree
37,WP,VIT 34,Turkey,Sydney Australia,office,,1,,,ok_group,empty,agree
37,WP,VIT 34,Turkey,Vienna,office,,2,,,ok_group,empty,agree
37,WP,VIT 34,Uganda,,citizenship,,4,0,4,reconciled,empty,agree
37,WP,VIT 34,Uganda,Case Processing Centre Edmonton,office,,2,,,ok_group,empty,agree
37,WP,VIT 34,Uganda,Pretoria,office,,2,,,ok_group,empty,agree
37,WP,VIT 34,Ukraine,,citizenship,4,5416,4,5416,reconciled,agree,agree
37,WP,VIT 34,Ukraine,Amman,office,,1,,,ok_group,empty,agree
38,WP,VIT 34,Ukraine,Ankara,office,,1,,,ok_group,empty,agree
38,WP,VIT 34,Ukraine,Beiiing,office,,1,,,ok_group,empty,agree
38,WP,VIT 34,Ukraine,Bucharest,office,,5,,,ok_group,empty,agree
38,WP,VIT 34,Ukraine,Calgary International Airport,office,,1,,,ok_group,empty,agree
38,WP,VIT 34,Ukraine,Case Processing Centre Edmonton,office,,116,,,ok_group,empty,agree
38,WP,VIT 34,Ukraine,Case Processing Centre Ottawa,office,,2,,,ok_group,empty,agree
38,WP,VIT 34,Ukraine,Dar-Es-Salaam,office,,1,,,ok_group,empty,agree
38,WP,VIT 34,Ukraine,Hong Kona,office,,1,,,ok_group,empty,agree
38,WP,VIT 34,Ukraine,Kyiv,office,,6,,,ok_group,empty,agree
38,WP,VIT 34,Ukraine,London Enaland,office,3,4507,,,ok_group,agree,majority
38,WP,VIT 34,Ukraine,Matching Centre,office,,726,,,ok_group,empty,agree
38,WP,VIT 34,Ukraine,Mexico City,office,1,1,,,ok_group,agree,agree
38,WP,VIT 34,Ukraine,Moscow,office,,1,,,ok_group,empty,agree
38,WP,VIT 34,Ukraine,New York,office,,2,,,ok_group,empty,agree
38,WP,VIT 34,Ukraine,Rome,office,,1,,,ok_group,empty,agree
38,WP,VIT 34,Ukraine,RROC,office,,1,,,ok_group,empty,agree
38,WP,VIT 34,Ukraine,Sydney Australia,office,,4,,,ok_group,empty,agree
38,WP,VIT 34,Ukraine,Vienna,office,,26,,,ok_group,empty,agree
38,WP,VIT 34,Ukraine,Warsaw,office,,12,,,ok_group,empty,agree
38,WP,VIT 34,United Kingdom and Overseas Territories,,citizenship,1,34,1,34,reconciled,agree,agree
38,WP,VIT 34,United Kingdom and Overseas Territories,Ankara,office,,2,,,ok_group,empty,agree
38,WP,VIT 34,United Kingdom and Overseas Territories,Case Processing Centre Edmonton,office,,8,,,ok_group,empty,agree
38,WP,VIT 34,United Kingdom and Overseas Territories,Hong Kona,office,1,8,,,ok_group,agree,agree
38,WP,VIT 34,United Kingdom and Overseas Territories,London Enaland,office,,12,,,ok_group,empty,agree
38,WP,VIT 34,United Kingdom and Overseas Territories,New York,office,,1,,,ok_group,empty,agree
38,WP,VIT 34,United Kingdom and Overseas Territories,Operations Support Centre,office,,2,,,ok_group,empty,agree
38,WP,VIT 34,United Kingdom and Overseas Territories,Pretoria,office,,1,,,ok_group,empty,agree
38,WP,VIT 34,United States of America,,citizenship,1,7,1,7,reconciled,agree,agree
38,WP,VIT 34,United States of America,Case Processing Centre Edmonton,office,1,5,,,ok_group,agree,agree
38,WP,VIT 34,United States of America,New York,office,,1,,,ok_group,empty,agree
38,WP,VIT 34,United States of America,Pretoria,office,,1,,,ok_group,empty,agree
38,WP,VIT 34,Uzbekistan,,citizenship,,7,0,7,reconciled,empty,agree
38,WP,VIT 34,Uzbekistan,Case Processing Centre Edmonton,office,,2,,,ok_group,empty,agree
38,WP,VIT 34,Uzbekistan,London Enaland,office,,1,,,ok_group,empty,agree
38,WP,VIT 34,Uzbekistan,Singapore,office,,1,,,ok_group,empty,agree
38,WP,VIT 34,Uzbekistan,Warsaw,office,,3,,,ok_group,empty,agree
38,WP,VIT 34,Vanuatu,,citizenship,,1,0,1,reconciled,empty,agree
38,WP,VIT 34,Vanuatu,Hong Kona,office,,1,,,ok_group,empty,agree
38,WP,VIT 34,Venezuela,,citizenship,1,8,1,8,reconciled,agree,agree
38,WP,VIT 34,Venezuela,Buenos Aires,office,,1,,,ok_group,empty,agree
38,WP,VIT 34,Venezuela,Mexico City,office,1,4,,,ok_group,agree,agree
38,WP,VIT 34,Venezuela,New York,office,,2,,,ok_group,empty,agree
38,WP,VIT 34,Venezuela,Paris,office,,1,,,ok_group,empty,agree
38,WP,VIT 34,"Yemen, Republic of",,citizenship,5,32,5,32,reconciled,agree,agree
38,WP,VIT 34,"Yemen, Republic of",Abu Dhabi,office,,3,,,ok_group,empty,agree
38,WP,VIT 34,"Yemen, Republic of",Ankara,office,,3,,,ok_group,empty,agree
38,WP,VIT 34,"Yemen, Republic of",Cairo,office,,1,,,ok_group,empty,agree
38,WP,VIT 34,"Yemen, Republic of",Case Processing Centre Edmonton,office,,9,,,ok_group,empty,agree
38,WP,VIT 34,"Yemen, Republic of",Jakarta,office,,1,,,ok_group,empty,agree
38,WP,VIT 34,"Yemen, Republic of",London Enaland,office,,6,,,ok_group,empty,agree
38,WP,VIT 34,"Yemen, Republic of",Mexico City,office,1,1,,,ok_group,agree,agree
38,WP,VIT 34,"Yemen, Republic of",Ottawa IR,office,4,4,,,ok_group,agree,agree
38,WP,VIT 34,"Yemen, Republic of",Paris,office,,1,,,ok_group,empty,agree
38,WP,VIT 34,"Yemen, Republic of",Riyadh,office,,1,,,ok_group,empty,agree
38,WP,VIT 34,"Yemen, Republic of",Singapore,office,,1,,,ok_group,empty,agree
38,WP,VIT 34,"Yemen, Republic of",Washinaton,office,,1,,,ok_group,empty,agree
38,WP,VIT 34,Zambia,,citizenship,3,4,3,4,reconciled,agree,agree
38,WP,VIT 34,Zambia,Pretoria,office,3,4,,,ok_group,agree,agree
38,WP,VIT 34,Zimbabwe,,citizenship,1,9,1,9,reconciled,agree,agree
38,WP,VIT 34,Zimbabwe,Case Processing Centre Edmonton,office,,1,,,ok_group,empty,agree
38,WP,VIT 34,Zimbabwe,Pretoria,office,1,8,,,ok_group,agree,agree
38,WP,VIT 35,,,activity_type,12,186,12,384,MISMATCH,agree,agree
38,WP,VIT 35,Albania,,citizenship,,3,0,3,reconciled,empty,agree
38,WP,VIT 35,Albania,Rome,office,,3,,,ok_group,empty,agree
38,WP,VIT 35,Belarus,,citizenship,,1,0,1,reconciled,empty,agree
38,WP,VIT 35,Belarus,Warsaw,office,,1,,,ok_group,empty,agree
38,WP,VIT 35,Bosnia-Hercegovina,,citizenship,1,16,1,16,reconciled,agree,agree
38,WP,VIT 35,Bosnia-Hercegovina,Vienna,office,1,16,,,ok_group,agree,agree
38,WP,VIT 35,Bulgaria,,citizenship,,1,0,1,reconciled,empty,agree
38,WP,VIT 35,Bulgaria,Vienna,office,,1,,,ok_group,empty,agree
38,WP,VIT 35,Colombia,,citizenship,,4,0,4,reconciled,empty,agree
38,WP,VIT 35,Colombia,Boqota,office,,3,,,ok_group,empty,agree
38,WP,VIT 35,Colombia,Buenos Aires,office,,1,,,ok_group,empty,agree
38,WP,VIT 35,"Condo, Democratic Republic of the",,citizenship,,1,0,1,reconciled,empty,agree
38,WP,VIT 35,"Condo, Democratic Republic of the",Paris,office,,1,,,ok_group,empty,agree
38,WP,VIT 35,Costa Rica,,citizenship,,1,0,1,reconciled,empty,agree
38,WP,VIT 35,Costa Rica,Mexico City,office,,1,,,ok_group,empty,agree
38,WP,VIT 35,Croatia,,citizenship,,1,0,1,reconciled,empty,agree
38,WP,VIT 35,Croatia,Vienna,office,,1,,,ok_group,empty,agree
38,WP,VIT 35,Democratic Republic of Sudan,,citizenship,,1,0,1,reconciled,empty,agree
38,WP,VIT 35,Democratic Republic of Sudan,Riyadh,office,,1,,,ok_group,empty,agree
38,WP,VIT 35,Eqypt,,citizenship,,1,0,1,reconciled,empty,agree
38,WP,VIT 35,Eqypt,Boqota,office,,1,,,ok_group,empty,agree
38,WP,VIT 35,Federal Republic of Cameroon,,citizenship,,1,0,1,reconciled,empty,agree
38,WP,VIT 35,Federal Republic of Cameroon,Paris,office,,1,,,ok_group,empty,agree
38,WP,VIT 35,Ghana,,citizenship,,2,0,2,reconciled,empty,agree
38,WP,VIT 35,Ghana,Accra,office,,2,,,ok_group,empty,agree
38,WP,VIT 35,Hong Kong SAR,,citizenship,,1,0,1,reconciled,empty,agree
38,WP,VIT 35,Hong Kong SAR,Operational Performance Manageme,office,,1,,,ok_group,empty,agree
38,WP,VIT 35,Hungary,,citizenship,,1,0,1,reconciled,empty,agree
38,WP,VIT 35,Hungary,Vienna,office,,1,,,ok_group,empty,agree
38,WP,VIT 35,India,,citizenship,5,30,5,30,reconciled,agree,agree
38,WP,VIT 35,India,Banaalore,office,,1,,,ok_group,empty,agree
38,WP,VIT 35,India,CN India,office,1,2,,,ok_group,agree,agree
38,WP,VIT 35,India,New Delhi,office,,8,,,ok_group,empty,agree
38,WP,VIT 35,India,Riyadh,office,,1,,,ok_group,empty,agree
38,WP,VIT 35,India,RROC,office,4,18,,,ok_group,agree,agree
38,WP,VIT 35,Iran,,citizenship,,22,0,22,reconciled,empty,agree
38,WP,VIT 35,Iran,Ankara,office,,12,,,ok_group,empty,agree
38,WP,VIT 35,Iran,New York,office,,8,,,ok_group,empty,agree
38,WP,VIT 35,Iran,Sao Paulo,office,,2,,,ok_group,empty,agree
38,WP,VIT 35,Jamaica,,citizenship,,1,0,1,reconciled,empty,agree
38,WP,VIT 35,Jamaica,Kingston Jamaica,office,,1,,,ok_group,empty,agree
38,WP,VIT 35,Macedonia,,citizenship,,1,0,1,reconciled,empty,agree
38,WP,VIT 35,Macedonia,Vienna,office,,1,,,ok_group,empty,agree
38,WP,VIT 35,"Monteneqro, Republic of",,citizenship,,1,0,1,reconciled,empty,agree
38,WP,VIT 35,"Monteneqro, Republic of",Vienna,office,,1,,,ok_group,empty,agree
38,WP,VIT 35,Morocco,,citizenship,,200,0,2,MISMATCH,empty,majority
39,WP,VIT 35,Morocco,Rabat,office,,2,,,IN_FAILED_GROUP,empty,agree
39,WP,VIT 35,Nigeria,,citizenship,,2,0,2,reconciled,empty,agree
39,WP,VIT 35,Nigeria,RROC,office,,2,,,ok_group,empty,agree
39,WP,VIT 35,Pakistan,,citizenship,,1,0,1,reconciled,empty,agree
39,WP,VIT 35,Pakistan,Riyadh,office,,1,,,ok_group,empty,agree
39,WP,VIT 35,Peoples Republic of Benin,,citizenship,,1,0,1,reconciled,empty,agree
39,WP,VIT 35,Peoples Republic of Benin,Accra,office,,1,,,ok_group,empty,agree
39,WP,VIT 35,Republic of Ivory Coast,,citizenship,,1,0,1,reconciled,empty,agree
39,WP,VIT 35,Republic of Ivory Coast,Dakar,office,,1,,,ok_group,empty,agree
39,WP,VIT 35,Republic of South Africa,,citizenship,,1,0,1,reconciled,empty,agree
39,WP,VIT 35,Republic of South Africa,Riyadh,office,,1,,,ok_group,empty,agree
39,WP,VIT 35,Russia,,citizenship,1,2,1,2,reconciled,agree,agree
39,WP,VIT 35,Russia,Ottawa IR,office,1,1,,,ok_group,agree,agree
39,WP,VIT 35,Russia,Vienna,office,,1,,,ok_group,empty,agree
39,WP,VIT 35,Rwanda,,citizenship,,1,0,1,reconciled,empty,agree
39,WP,VIT 35,Rwanda,Dar-Es-Salaam,office,,1,,,ok_group,empty,agree
39,WP,VIT 35,"Serbia, Republic of",,citizenship,4,60,4,60,reconciled,agree,agree
39,WP,VIT 35,"Serbia, Republic of",Vienna,office,4,60,,,ok_group,agree,agree
39,WP,VIT 35,Socialist Republic of Vietnam,,citizenship,,1,0,1,reconciled,empty,agree
39,WP,VIT 35,Socialist Republic of Vietnam,Ho Chi Minh City Vietnam,office,,1,,,ok_group,empty,agree
39,WP,VIT 35,Tunisia,,citizenship,,21,0,21,reconciled,empty,agree
39,WP,VIT 35,Tunisia,Paris,office,,1,,,ok_group,empty,agree
39,WP,VIT 35,Tunisia,Tunis,office,,20,,,ok_group,empty,agree
39,WP,VIT 35,Ukraine,,citizenship,,2,0,2,reconciled,empty,agree
39,WP,VIT 35,Ukraine,Vienna,office,,2,,,ok_group,empty,agree
39,WP,VIT 35,Venezuela,,citizenship,1,1,1,1,reconciled,agree,agree
39,WP,VIT 35,Venezuela,Ottawa IR,office,1,1,,,ok_group,agree,agree
39,WP,VIT 37,,,activity_type,13,49,13,49,reconciled,agree,agree
39,WP,VIT 37,Albania,,citizenship,,1,0,1,reconciled,empty,agree
39,WP,VIT 37,Albania,Rome,office,,1,,,ok_group,empty,agree
39,WP,VIT 37,Australia,,citizenship,,1,0,1,reconciled,empty,agree
39,WP,VIT 37,Australia,Sydney Australia,office,,1,,,ok_group,empty,agree
39,WP,VIT 37,Czech Republic,,citizenship,,1,0,1,reconciled,empty,agree
39,WP,VIT 37,Czech Republic,Vienna,office,,1,,,ok_group,empty,agree
39,WP,VIT 37,Eqypt,,citizenship,,1,0,1,reconciled,empty,agree
39,WP,VIT 37,Eqypt,Boqota,office,,1,,,ok_group,empty,agree
39,WP,VIT 37,France,,citizenship,,1,0,1,reconciled,empty,agree
39,WP,VIT 37,France,Paris,office,,1,,,ok_group,empty,agree
39,WP,VIT 37,Hong Kong SAR,,citizenship,,1,0,1,reconciled,empty,agree
39,WP,VIT 37,Hong Kong SAR,Hong Kona,office,,1,,,ok_group,empty,agree
39,WP,VIT 37,India,,citizenship,,1,0,1,reconciled,empty,agree
39,WP,VIT 37,India,POE Huntinadon,office,,1,,,ok_group,empty,agree
39,WP,VIT 37,Iran,,citizenship,,11,0,11,reconciled,empty,agree
39,WP,VIT 37,Iran,New York,office,,11,,,ok_group,empty,agree
39,WP,VIT 37,"Kosovo, Republic of",,citizenship,,2,0,2,reconciled,empty,agree
39,WP,VIT 37,"Kosovo, Republic of",Vienna,office,,2,,,ok_group,empty,agree
39,WP,VIT 37,Mexico,,citizenship,1,2,1,2,reconciled,agree,agree
39,WP,VIT 37,Mexico,Mexico City,office,,1,,,ok_group,empty,agree
39,WP,VIT 37,Mexico,RROC,office,1,1,,,ok_group,agree,agree
39,WP,VIT 37,Nigeria,,citizenship,,2,0,2,reconciled,empty,agree
39,WP,VIT 37,Nigeria,Boqota,office,,1,,,ok_group,empty,agree
39,WP,VIT 37,Nigeria,Nairobi,office,,1,,,ok_group,empty,agree
39,WP,VIT 37,People's Republic of China,,citizenship,,1,0,1,reconciled,empty,agree
39,WP,VIT 37,People's Republic of China,Vienna,office,,1,,,ok_group,empty,agree
39,WP,VIT 37,Republic of Ireland,,citizenship,7,8,7,8,reconciled,agree,agree
39,WP,VIT 37,Republic of Ireland,EPIC - Electronic Processing and Int,office,1,1,,,ok_group,agree,agree
39,WP,VIT 37,Republic of Ireland,Operations Support Centre,office,6,7,,,ok_group,agree,agree
39,WP,VIT 37,Russia,,citizenship,3,8,3,8,reconciled,agree,agree
39,WP,VIT 37,Russia,Ankara,office,,1,,,ok_group,empty,agree
39,WP,VIT 37,Russia,Ottawa IR,office,3,3,,,ok_group,agree,agree
39,WP,VIT 37,Russia,Pretoria,office,,1,,,ok_group,empty,agree
39,WP,VIT 37,Russia,Rome,office,,1,,,ok_group,empty,agree
39,WP,VIT 37,Russia,Vienna,office,,2,,,ok_group,empty,agree
39,WP,VIT 37,"Serbia, Republic of",,citizenship,,1,0,1,reconciled,empty,agree
39,WP,VIT 37,"Serbia, Republic of",Vienna,office,,1,,,ok_group,empty,agree
39,WP,VIT 37,Taiwan,,citizenship,,1,0,1,reconciled,empty,agree
39,WP,VIT 37,Taiwan,Manila,office,,1,,,ok_group,empty,agree
39,WP,VIT 37,Tunisia,,citizenship,,1,0,1,reconciled,empty,agree
39,WP,VIT 37,Tunisia,Tunis,office,,1,,,ok_group,empty,agree
39,WP,VIT 37,Ukraine,,citizenship,1,4,1,4,reconciled,agree,agree
39,WP,VIT 37,Ukraine,London Enaland,office,1,3,,,ok_group,agree,agree
39,WP,VIT 37,Ukraine,Vienna,office,,1,,,ok_group,empty,agree
39,WP,VIT 37,United Kingdom and Overseas Territories,,citizenship,1,1,1,1,reconciled,agree,agree
39,WP,VIT 37,United Kingdom and Overseas Territories,Operations Support Centre,office,1,1,,,ok_group,agree,agree
39,WP-EXT,,,,application_type,327,645,327,645,reconciled,agree,agree
39,WP-EXT,VIT 34,,,activity_type,321,638,221,638,MISMATCH,agree,majority
39,WP-EXT,VIT 34,Afghanistan,,citizenship,6,6,8,6,MISMATCH,agree,agree
39,WP-EXT,VIT 34,Afghanistan,Case Processing Centre Edmonton,office,7,5,,,IN_FAILED_GROUP,majority,agree
39,WP-EXT,VIT 34,Afghanistan,Case Processing Centre Ottawa,office,1,1,,,IN_FAILED_GROUP,agree,agree
39,WP-EXT,VIT 34,Armenia,,citizenship,,1,0,1,reconciled,empty,agree
39,WP-EXT,VIT 34,Armenia,Case Processing Centre Edmonton,office,,1,,,ok_group,empty,agree
39,WP-EXT,VIT 34,Bangladesh,,citizenship,1,4,1,4,reconciled,agree,agree
39,WP-EXT,VIT 34,Bangladesh,Case Processing Centre Edmonton,office,1,4,,,ok_group,agree,agree
39,WP-EXT,VIT 34,Brazil,,citizenship,2,5,2,5,reconciled,agree,agree
39,WP-EXT,VIT 34,Brazil,Case Processing Centre Edmonton,office,1,4,,,ok_group,agree,agree
39,WP-EXT,VIT 34,Brazil,EPIC - Electronic Processing and Int,office,1,1,,,ok_group,agree,agree
39,WP-EXT,VIT 34,Cambodia,,citizenship,,1,0,1,reconciled,empty,agree
39,WP-EXT,VIT 34,Cambodia,Case Processing Centre Edmonton,office,,1,,,ok_group,empty,agree
39,WP-EXT,VIT 34,Colombia,,citizenship,,3,0,3,reconciled,empty,agree
39,WP-EXT,VIT 34,Colombia,Case Processing Centre Edmonton,office,,3,,,ok_group,empty,agree
39,WP-EXT,VIT 34,Eqypt,,citizenship,1,3,1,3,reconciled,agree,agree
39,WP-EXT,VIT 34,Eqypt,Case Processing Centre Edmonton,office,,1,,,ok_group,empty,agree
39,WP-EXT,VIT 34,Eqypt,Edmonton IRCC,office,1,1,,,ok_group,agree,agree
39,WP-EXT,VIT 34,Eqypt,Montreal Immigration,office,,1,,,ok_group,empty,agree
39,WP-EXT,VIT 34,Eritrea,,citizenship,1,1,1,1,reconciled,agree,agree
39,WP-EXT,VIT 34,Eritrea,Case Processing Centre Edmonton,office,1,1,,,ok_group,agree,agree
39,WP-EXT,VIT 34,Federal Republic of Cameroon,,citizenship,5,6,5,6,reconciled,agree,agree
39,WP-EXT,VIT 34,Federal Republic of Cameroon,Case Processing Centre Edmonton,office,5,6,,,ok_group,agree,agree
39,WP-EXT,VIT 34,Federal Republic of Germany,,citizenship,,2,0,2,reconciled,empty,agree
39,WP-EXT,VIT 34,Federal Republic of Germany,Case Processing Centre Edmonton,office,,2,,,ok_group,empty,agree
39,WP-EXT,VIT 34,France,,citizenship,,2,0,2,reconciled,empty,agree
39,WP-EXT,VIT 34,France,Case Processing Centre Edmonton,office,,2,,,ok_group,empty,agree
39,WP-EXT,VIT 34,Georgia,,citizenship,,1,0,1,reconciled,empty,agree
39,WP-EXT,VIT 34,Georgia,Case Processing Centre Edmonton,office,,1,,,ok_group,empty,agree
39,WP-EXT,VIT 34,Greece,,citizenship,,1,0,1,reconciled,empty,agree
39,WP-EXT,VIT 34,Greece,Case Processing Centre Edmonton,office,,1,,,ok_group,empty,agree
39,WP-EXT,VIT 34,Honduras,,citizenship,,1,0,1,reconciled,empty,agree
39,WP-EXT,VIT 34,Honduras,Case Processing Centre Edmonton,office,,1,,,ok_group,empty,agree
40,WP-EXT,VIT 34,India,,citizenship,12,35,12,35,reconciled,agree,agree
40,WP-EXT,VIT 34,India,Case Processing Centre Edmonton,office,7,29,,,ok_group,agree,agree
40,WP-EXT,VIT 34,India,Case Processing Centre Ottawa,office,5,5,,,ok_group,agree,agree
40,WP-EXT,VIT 34,India,Saskatoon IRCC,office,,1,,,ok_group,empty,agree
40,WP-EXT,VIT 34,Iran,,citizenship,11,237,102,237,MISMATCH,agree,agree
40,WP-EXT,VIT 34,Iran,Ankara,office,,1,,,IN_FAILED_GROUP,empty,agree
40,WP-EXT,VIT 34,Iran,Case Processing Centre Edmonton,office,97,200,,,IN_FAILED_GROUP,majority,agree
40,WP-EXT,VIT 34,Iran,Case Processing Centre Ottawa,office,4,4,,,IN_FAILED_GROUP,agree,agree
40,WP-EXT,VIT 34,Iran,Edmonton IRCC,office,,19,,,IN_FAILED_GROUP,none,agree
40,WP-EXT,VIT 34,Iran,Operations Support Centre,office,1,1,,,IN_FAILED_GROUP,agree,agree
40,WP-EXT,VIT 34,Iran,Saskatoon IRCC,office,,11,,,IN_FAILED_GROUP,empty,agree
40,WP-EXT,VIT 34,Iran,Yellowknife,office,,1,,,IN_FAILED_GROUP,empty,agree
40,WP-EXT,VIT 34,Israel,,citizenship,26,71,26,71,reconciled,agree,majority
40,WP-EXT,VIT 34,Israel,Case Processing Centre Edmonton,office,25,69,,,ok_group,agree,agree
40,WP-EXT,VIT 34,Israel,Case Processing Centre Ottawa,office,1,1,,,ok_group,agree,agree
40,WP-EXT,VIT 34,Israel,Edmonton IRCC,office,,1,,,ok_group,empty,agree
40,WP-EXT,VIT 34,Italy,,citizenship,,1,0,1,reconciled,empty,agree
40,WP-EXT,VIT 34,Italy,Saskatoon IRCC,office,,1,,,ok_group,empty,agree
40,WP-EXT,VIT 34,Jamaica,,citizenship,,1,0,1,reconciled,empty,agree
40,WP-EXT,VIT 34,Jamaica,Case Processing Centre Edmonton,office,,1,,,ok_group,empty,agree
40,WP-EXT,VIT 34,Jordan,,citizenship,2,4,2,4,reconciled,agree,agree
40,WP-EXT,VIT 34,Jordan,Case Processing Centre Edmonton,office,2,4,,,ok_group,agree,agree
40,WP-EXT,VIT 34,Kenya,,citizenship,,1,0,1,reconciled,empty,agree
40,WP-EXT,VIT 34,Kenya,Case Processing Centre Edmonton,office,,1,,,ok_group,empty,agree
40,WP-EXT,VIT 34,"Korea, Republic of",,citizenship,,1,0,1,reconciled,empty,agree
40,WP-EXT,VIT 34,"Korea, Republic of",Case Processing Centre Edmonton,office,,1,,,ok_group,empty,agree
40,WP-EXT,VIT 34,Kuwait,,citizenship,,2,0,2,reconciled,empty,agree
40,WP-EXT,VIT 34,Kuwait,Case Processing Centre Edmonton,office,,2,,,ok_group,empty,agree
40,WP-EXT,VIT 34,Lebanon,,citizenship,8,10,8,10,reconciled,agree,agree
40,WP-EXT,VIT 34,Lebanon,Case Processing Centre Edmonton,office,8,10,,,ok_group,agree,agree
40,WP-EXT,VIT 34,Mexico,,citizenship,,2,0,2,reconciled,empty,agree
40,WP-EXT,VIT 34,Mexico,Case Processing Centre Edmonton,office,,2,,,ok_group,empty,agree
40,WP-EXT,VIT 34,Morocco,,citizenship,,2,0,2,reconciled,empty,agree
40,WP-EXT,VIT 34,Morocco,Case Processing Centre Edmonton,office,,2,,,ok_group,empty,agree
40,WP-EXT,VIT 34,Nigeria,,citizenship,,3,0,3,reconciled,empty,agree
40,WP-EXT,VIT 34,Nigeria,Case Processing Centre Edmonton,office,,3,,,ok_group,empty,agree
40,WP-EXT,VIT 34,Pakistan,,citizenship,5,8,5,8,reconciled,agree,agree
40,WP-EXT,VIT 34,Pakistan,Case Processing Centre Edmonton,office,4,7,,,ok_group,agree,agree
40,WP-EXT,VIT 34,Pakistan,Islamabad,office,1,1,,,ok_group,agree,agree
40,WP-EXT,VIT 34,Palestinian Authority (Gaza/West Bank),,citizenship,46,70,46,70,reconciled,agree,majority
40,WP-EXT,VIT 34,Palestinian Authority (Gaza/West Bank),Case Processing Centre Edmonton,office,45,68,,,ok_group,agree,agree
40,WP-EXT,VIT 34,Palestinian Authority (Gaza/West Bank),Case Processing Centre Ottawa,office,1,1,,,ok_group,agree,agree
40,WP-EXT,VIT 34,Palestinian Authority (Gaza/West Bank),Saskatoon IRCC,office,,1,,,ok_group,empty,agree
40,WP-EXT,VIT 34,People's Republic of China,,citizenship,25,53,25,53,reconciled,agree,agree
40,WP-EXT,VIT 34,People's Republic of China,Beiiing,office,1,3,,,ok_group,agree,agree
40,WP-EXT,VIT 34,People's Republic of China,Case Processing Centre Edmonton,office,22,45,,,ok_group,agree,agree
40,WP-EXT,VIT 34,People's Republic of China,Case Processing Centre Ottawa,office,1,1,,,ok_group,agree,agree
40,WP-EXT,VIT 34,People's Republic of China,Edmonton IRCC,office,1,4,,,ok_group,agree,agree
40,WP-EXT,VIT 34,Peru,,citizenship,,1,0,1,reconciled,empty,agree
40,WP-EXT,VIT 34,Peru,Case Processing Centre Edmonton,office,,1,,,ok_group,empty,agree
40,WP-EXT,VIT 34,Philippines,,citizenship,3,3,3,3,reconciled,agree,agree
40,WP-EXT,VIT 34,Philippines,Case Processing Centre Edmonton,office,2,2,,,ok_group,agree,agree
40,WP-EXT,VIT 34,Philippines,Case Processing Centre Ottawa,office,1,1,,,ok_group,agree,agree
40,WP-EXT,VIT 34,Poland,,citizenship,1,1,1,1,reconciled,agree,agree
40,WP-EXT,VIT 34,Poland,Case Processing Centre Edmonton,office,1,1,,,ok_group,agree,agree
40,WP-EXT,VIT 34,Russia,,citizenship,4,9,4,9,reconciled,agree,agree
40,WP-EXT,VIT 34,Russia,Case Processing Centre Edmonton,office,3,7,,,ok_group,agree,agree
40,WP-EXT,VIT 34,Russia,Case Processing Centre Ottawa,office,1,1,,,ok_group,agree,agree
40,WP-EXT,VIT 34,Russia,Edmonton IRCC,office,,1,,,ok_group,empty,agree
40,WP-EXT,VIT 34,"Serbia, Republic of",,citizenship,,1,0,1,reconciled,empty,agree
40,WP-EXT,VIT 34,"Serbia, Republic of",Case Processing Centre Edmonton,office,,1,,,ok_group,empty,agree
40,WP-EXT,VIT 34,Sri Lanka,,citizenship,1,1,1,1,reconciled,agree,agree
40,WP-EXT,VIT 34,Sri Lanka,Case Processing Centre Edmonton,office,1,1,,,ok_group,agree,agree
40,WP-EXT,VIT 34,Syria,,citizenship,3,4,3,4,reconciled,agree,agree
40,WP-EXT,VIT 34,Syria,Case Processing Centre Edmonton,office,3,4,,,ok_group,agree,agree
40,WP-EXT,VIT 34,The Netherlands,,citizenship,1,1,1,1,reconciled,agree,agree
40,WP-EXT,VIT 34,The Netherlands,Case Processing Centre Edmonton,office,1,1,,,ok_group,agree,agree
40,WP-EXT,VIT 34,Tunisia,,citizenship,1,2,1,2,reconciled,agree,agree
40,WP-EXT,VIT 34,Tunisia,Operations Support Centre,office,1,1,,,ok_group,agree,agree
40,WP-EXT,VIT 34,Tunisia,Tunis,office,,1,,,ok_group,empty,agree
40,WP-EXT,VIT 34,Turkey,,citizenship,,3,0,3,reconciled,empty,agree
40,WP-EXT,VIT 34,Turkey,Case Processing Centre Edmonton,office,,3,,,ok_group,empty,agree
40,WP-EXT,VIT 34,Ukraine,,citizenship,52,70,52,70,reconciled,agree,majority
40,WP-EXT,VIT 34,Ukraine,Case Processing Centre Edmonton,office,34,49,,,ok_group,agree,agree
40,WP-EXT,VIT 34,Ukraine,Case Processing Centre Ottawa,office,15,15,,,ok_group,agree,agree
40,WP-EXT,VIT 34,Ukraine,Edmonton IRCC,office,3,6,,,ok_group,agree,agree
40,WP-EXT,VIT 34,United Kingdom and Overseas Territories,,citizenship,3,3,3,3,reconciled,agree,agree
40,WP-EXT,VIT 34,United Kingdom and Overseas Territories,Case Processing Centre Edmonton,office,3,3,,,ok_group,agree,agree
40,WP-EXT,VIT 34,United States of America,,citizenship,1,1,1,1,reconciled,agree,agree
40,WP-EXT,VIT 34,United States of America,Case Processing Centre Edmonton,office,1,1,,,ok_group,agree,agree
40,WP-EXT,VIT 35,,,activity_type,4,4,4,4,reconciled,agree,agree
40,WP-EXT,VIT 35,Colombia,,citizenship,2,2,2,2,reconciled,agree,agree
40,WP-EXT,VIT 35,Colombia,Case Processing Centre Edmonton,office,2,2,,,ok_group,agree,agree
40,WP-EXT,VIT 35,Haiti,,citizenship,1,1,1,1,reconciled,agree,agree
40,WP-EXT,VIT 35,Haiti,Call Centre Montréal,office,1,1,,,ok_group,agree,agree
40,WP-EXT,VIT 35,India,,citizenship,1,1,1,1,reconciled,agree,agree
40,WP-EXT,VIT 35,India,Case Processing Centre Edmonton,office,1,1,,,ok_group,agree,agree
40,WP-EXT,VIT 37,,,activity_type,2,3,2,3,reconciled,agree,agree
40,WP-EXT,VIT 37,Ghana,,citizenship,1,1,1,1,reconciled,agree,agree
40,WP-EXT,VIT 37,Ghana,Case Processing Centre Edmonton,office,1,1,,,ok_group,agree,agree
40,WP-EXT,VIT 37,India,,citizenship,,1,0,1,reconciled,empty,agree
40,WP-EXT,VIT 37,India,Case Processing Centre Edmonton,office,,1,,,ok_group,empty,agree
40,WP-EXT,VIT 37,Mexico,,citizenship,1,1,,,ok_group,agree,agree
40,___Operations Support Centre __,,,,application_type,1,1,,,no_parent,agree,agree
40,‘Grand: Total si sce,,,,application_type,27527,195224,,,no_parent,agree,agree
