country,year,month,value
Total,2023,January,56390
Total,2023,February,53085
Total,2023,March,46720
Total,2023,April,27185
Total,2023,May,41015
Total,2023,June,37835
Total,2023,July,41495
Total,2023,August,41335
Total,2023,September,28270
Total,2023,October,31690
Total,2023,November,30385
Total,2023,December,39385
Total,2023,Total,474790
Total,2024,January,53495
Total,2024,February,39630
Total,2024,March,39685
Total,2024,April,45365
Total,2024,May,47565
Total,2024,June,38315
Total,2024,July,45180
Total,2024,August,41410
Total,2024,September,31240
Total,2024,October,32670
Total,2024,November,38775
Total,2024,December,25700
Total,2024,Total,479035
Total,2025,January,38710
Total,2025,February,34610
Total,2025,March,32765
Total,2025,April,26450
Total,2025,May,34690
Total,2025,June,36285
Total,2025,July,34705
Total,2025,August,31900
Total,2025,September,33145
Total,2025,October,32555
Total,2025,November,21355
Total,2025,December,22820
Total,2025,Total,379995
Total,2026,January,26890
Total,2026,February,30410
Total,2026,March,31590
Total,2026,April,31165
Total,2026,May,33600
Total,2026,Total,153650
Afghanistan,2023,January,1855
Afghanistan,2023,February,1470
Afghanistan,2023,March,1470
Afghanistan,2023,April,1130
Afghanistan,2023,May,2765
Afghanistan,2023,June,1780
Afghanistan,2023,July,2715
Afghanistan,2023,August,2375
Afghanistan,2023,September,2180
Afghanistan,2023,October,1495
Afghanistan,2023,November,1490
Afghanistan,2023,December,1165
Afghanistan,2023,Total,21890
Afghanistan,2024,January,1150
Afghanistan,2024,February,1255
Afghanistan,2024,March,1120
Afghanistan,2024,April,850
Afghanistan,2024,May,990
Afghanistan,2024,June,615
Afghanistan,2024,July,940
Afghanistan,2024,August,665
Afghanistan,2024,September,480
Afghanistan,2024,October,735
Afghanistan,2024,November,750
Afghanistan,2024,December,510
Afghanistan,2024,Total,10060
Afghanistan,2025,January,690
Afghanistan,2025,February,410
Afghanistan,2025,March,675
Afghanistan,2025,April,655
Afghanistan,2025,May,830
Afghanistan,2025,June,990
Afghanistan,2025,July,560
Afghanistan,2025,August,700
Afghanistan,2025,September,665
Afghanistan,2025,October,925
Afghanistan,2025,November,540
Afghanistan,2025,December,220
Afghanistan,2025,Total,7860
Afghanistan,2026,January,435
Afghanistan,2026,February,520
Afghanistan,2026,March,515
Afghanistan,2026,April,680
Afghanistan,2026,May,645
Afghanistan,2026,Total,2795
Albania,2023,January,75
Albania,2023,February,65
Albania,2023,March,80
Albania,2023,April,30
Albania,2023,May,60
Albania,2023,June,40
Albania,2023,July,70
Albania,2023,August,65
Albania,2023,September,25
Albania,2023,October,60
Albania,2023,November,35
Albania,2023,December,40
Albania,2023,Total,645
Albania,2024,January,110
Albania,2024,February,60
Albania,2024,March,60
Albania,2024,April,45
Albania,2024,May,65
Albania,2024,June,35
Albania,2024,July,45
Albania,2024,August,50
Albania,2024,September,45
Albania,2024,October,25
Albania,2024,November,35
Albania,2024,December,25
Albania,2024,Total,600
Albania,2025,January,60
Albania,2025,February,50
Albania,2025,March,45
Albania,2025,April,30
Albania,2025,May,25
Albania,2025,June,50
Albania,2025,July,60
Albania,2025,August,40
Albania,2025,September,35
Albania,2025,October,40
Albania,2025,November,20
Albania,2025,December,20
Albania,2025,Total,475
Albania,2026,January,20
Albania,2026,February,30
Albania,2026,March,35
Albania,2026,April,25
Albania,2026,May,35
Albania,2026,Total,150
Algeria,2023,January,490
Algeria,2023,February,425
Algeria,2023,March,655
Algeria,2023,April,245
Algeria,2023,May,360
Algeria,2023,June,295
Algeria,2023,July,440
Algeria,2023,August,695
Algeria,2023,September,625
Algeria,2023,October,690
Algeria,2023,November,575
Algeria,2023,December,575
Algeria,2023,Total,6070
Algeria,2024,January,705
Algeria,2024,February,650
Algeria,2024,March,375
Algeria,2024,April,445
Algeria,2024,May,925
Algeria,2024,June,995
Algeria,2024,July,830
Algeria,2024,August,845
Algeria,2024,September,610
Algeria,2024,October,475
Algeria,2024,November,695
Algeria,2024,December,540
Algeria,2024,Total,8085
Algeria,2025,January,445
Algeria,2025,February,310
Algeria,2025,March,590
Algeria,2025,April,585
Algeria,2025,May,790
Algeria,2025,June,695
Algeria,2025,July,770
Algeria,2025,August,860
Algeria,2025,September,805
Algeria,2025,October,625
Algeria,2025,November,385
Algeria,2025,December,490
Algeria,2025,Total,7355
Algeria,2026,January,430
Algeria,2026,February,520
Algeria,2026,March,620
Algeria,2026,April,490
Algeria,2026,May,725
Algeria,2026,Total,2785
Andorra,2023,January,0
Andorra,2023,February,0
Andorra,2023,March,
Andorra,2023,April,0
Andorra,2023,May,0
Andorra,2023,June,0
Andorra,2023,July,0
Andorra,2023,August,0
Andorra,2023,September,0
Andorra,2023,October,0
Andorra,2023,November,0
Andorra,2023,December,0
Andorra,2023,Total,
Andorra,2024,January,0
Andorra,2024,February,0
Andorra,2024,March,0
Andorra,2024,April,0
Andorra,2024,May,0
Andorra,2024,June,
Andorra,2024,July,0
Andorra,2024,August,0
Andorra,2024,September,0
Andorra,2024,October,0
Andorra,2024,November,0
Andorra,2024,December,0
Andorra,2024,Total,
Andorra,2025,January,0
Andorra,2025,February,0
Andorra,2025,March,
Andorra,2025,April,0
Andorra,2025,May,
Andorra,2025,June,0
Andorra,2025,July,0
Andorra,2025,August,0
Andorra,2025,September,0
Andorra,2025,October,0
Andorra,2025,November,0
Andorra,2025,December,0
Andorra,2025,Total,
Andorra,2026,January,
Andorra,2026,February,0
Andorra,2026,March,0
Andorra,2026,April,0
Andorra,2026,May,0
Andorra,2026,Total,
Angola,2023,January,25
Angola,2023,February,40
Angola,2023,March,30
Angola,2023,April,20
Angola,2023,May,15
Angola,2023,June,20
Angola,2023,July,10
Angola,2023,August,5
Angola,2023,September,10
Angola,2023,October,25
Angola,2023,November,5
Angola,2023,December,35
Angola,2023,Total,240
Angola,2024,January,20
Angola,2024,February,20
Angola,2024,March,10
Angola,2024,April,15
Angola,2024,May,25
Angola,2024,June,25
Angola,2024,July,25
Angola,2024,August,25
Angola,2024,September,10
Angola,2024,October,
Angola,2024,November,10
Angola,2024,December,
Angola,2024,Total,200
Angola,2025,January,20
Angola,2025,February,15
Angola,2025,March,10
Angola,2025,April,10
Angola,2025,May,20
Angola,2025,June,10
Angola,2025,July,15
Angola,2025,August,35
Angola,2025,September,15
Angola,2025,October,35
Angola,2025,November,10
Angola,2025,December,20
Angola,2025,Total,210
Angola,2026,January,10
Angola,2026,February,25
Angola,2026,March,15
Angola,2026,April,5
Angola,2026,May,15
Angola,2026,Total,70
Antigua and Barbuda,2023,January,30
Antigua and Barbuda,2023,February,10
Antigua and Barbuda,2023,March,15
Antigua and Barbuda,2023,April,5
Antigua and Barbuda,2023,May,10
Antigua and Barbuda,2023,June,10
Antigua and Barbuda,2023,July,10
Antigua and Barbuda,2023,August,10
Antigua and Barbuda,2023,September,
Antigua and Barbuda,2023,October,
Antigua and Barbuda,2023,November,5
Antigua and Barbuda,2023,December,5
Antigua and Barbuda,2023,Total,115
Antigua and Barbuda,2024,January,
Antigua and Barbuda,2024,February,10
Antigua and Barbuda,2024,March,
Antigua and Barbuda,2024,April,
Antigua and Barbuda,2024,May,5
Antigua and Barbuda,2024,June,5
Antigua and Barbuda,2024,July,5
Antigua and Barbuda,2024,August,5
Antigua and Barbuda,2024,September,10
Antigua and Barbuda,2024,October,5
Antigua and Barbuda,2024,November,10
Antigua and Barbuda,2024,December,
Antigua and Barbuda,2024,Total,75
Antigua and Barbuda,2025,January,
Antigua and Barbuda,2025,February,5
Antigua and Barbuda,2025,March,5
Antigua and Barbuda,2025,April,
Antigua and Barbuda,2025,May,
Antigua and Barbuda,2025,June,5
Antigua and Barbuda,2025,July,5
Antigua and Barbuda,2025,August,10
Antigua and Barbuda,2025,September,10
Antigua and Barbuda,2025,October,5
Antigua and Barbuda,2025,November,
Antigua and Barbuda,2025,December,10
Antigua and Barbuda,2025,Total,65
Antigua and Barbuda,2026,January,5
Antigua and Barbuda,2026,February,5
Antigua and Barbuda,2026,March,5
Antigua and Barbuda,2026,April,5
Antigua and Barbuda,2026,May,
Antigua and Barbuda,2026,Total,25
Argentina,2023,January,55
Argentina,2023,February,55
Argentina,2023,March,50
Argentina,2023,April,30
Argentina,2023,May,45
Argentina,2023,June,55
Argentina,2023,July,25
Argentina,2023,August,35
Argentina,2023,September,10
Argentina,2023,October,30
Argentina,2023,November,20
Argentina,2023,December,70
Argentina,2023,Total,475
Argentina,2024,January,65
Argentina,2024,February,45
Argentina,2024,March,45
Argentina,2024,April,40
Argentina,2024,May,45
Argentina,2024,June,35
Argentina,2024,July,45
Argentina,2024,August,30
Argentina,2024,September,20
Argentina,2024,October,20
Argentina,2024,November,30
Argentina,2024,December,25
Argentina,2024,Total,440
Argentina,2025,January,30
Argentina,2025,February,45
Argentina,2025,March,40
Argentina,2025,April,30
Argentina,2025,May,50
Argentina,2025,June,50
Argentina,2025,July,55
Argentina,2025,August,35
Argentina,2025,September,30
Argentina,2025,October,40
Argentina,2025,November,20
Argentina,2025,December,20
Argentina,2025,Total,435
Argentina,2026,January,15
Argentina,2026,February,40
Argentina,2026,March,40
Argentina,2026,April,25
Argentina,2026,May,35
Argentina,2026,Total,160
Armenia,2023,January,25
Armenia,2023,February,15
Armenia,2023,March,20
Armenia,2023,April,10
Armenia,2023,May,15
Armenia,2023,June,35
Armenia,2023,July,25
Armenia,2023,August,25
Armenia,2023,September,20
Armenia,2023,October,30
Armenia,2023,November,10
Armenia,2023,December,10
Armenia,2023,Total,240
Armenia,2024,January,25
Armenia,2024,February,15
Armenia,2024,March,20
Armenia,2024,April,15
Armenia,2024,May,25
Armenia,2024,June,20
Armenia,2024,July,15
Armenia,2024,August,5
Armenia,2024,September,35
Armenia,2024,October,20
Armenia,2024,November,20
Armenia,2024,December,10
Armenia,2024,Total,220
Armenia,2025,January,20
Armenia,2025,February,10
Armenia,2025,March,10
Armenia,2025,April,20
Armenia,2025,May,10
Armenia,2025,June,20
Armenia,2025,July,20
Armenia,2025,August,5
Armenia,2025,September,5
Armenia,2025,October,10
Armenia,2025,November,
Armenia,2025,December,5
Armenia,2025,Total,140
Armenia,2026,January,5
Armenia,2026,February,5
Armenia,2026,March,10
Armenia,2026,April,15
Armenia,2026,May,10
Armenia,2026,Total,40
Australia,2023,January,190
Australia,2023,February,210
Australia,2023,March,145
Australia,2023,April,45
Australia,2023,May,120
Australia,2023,June,105
Australia,2023,July,75
Australia,2023,August,95
Australia,2023,September,45
Australia,2023,October,60
Australia,2023,November,55
Australia,2023,December,95
Australia,2023,Total,1235
Australia,2024,January,115
Australia,2024,February,85
Australia,2024,March,60
Australia,2024,April,95
Australia,2024,May,120
Australia,2024,June,90
Australia,2024,July,75
Australia,2024,August,90
Australia,2024,September,35
Australia,2024,October,50
Australia,2024,November,105
Australia,2024,December,75
Australia,2024,Total,995
Australia,2025,January,55
Australia,2025,February,75
Australia,2025,March,55
Australia,2025,April,65
Australia,2025,May,80
Australia,2025,June,70
Australia,2025,July,80
Australia,2025,August,45
Australia,2025,September,65
Australia,2025,October,45
Australia,2025,November,35
Australia,2025,December,45
Australia,2025,Total,705
Australia,2026,January,35
Australia,2026,February,55
Australia,2026,March,75
Australia,2026,April,55
Australia,2026,May,50
Australia,2026,Total,265
Austria,2023,January,25
Austria,2023,February,15
Austria,2023,March,10
Austria,2023,April,5
Austria,2023,May,5
Austria,2023,June,5
Austria,2023,July,10
Austria,2023,August,5
Austria,2023,September,
Austria,2023,October,
Austria,2023,November,
Austria,2023,December,5
Austria,2023,Total,100
Austria,2024,January,20
Austria,2024,February,10
Austria,2024,March,
Austria,2024,April,
Austria,2024,May,10
Austria,2024,June,10
Austria,2024,July,15
Austria,2024,August,5
Austria,2024,September,5
Austria,2024,October,
Austria,2024,November,10
Austria,2024,December,
Austria,2024,Total,90
Austria,2025,January,
Austria,2025,February,10
Austria,2025,March,
Austria,2025,April,10
Austria,2025,May,5
Austria,2025,June,5
Austria,2025,July,5
Austria,2025,August,5
Austria,2025,September,5
Austria,2025,October,5
Austria,2025,November,
Austria,2025,December,0
Austria,2025,Total,60
Austria,2026,January,
Austria,2026,February,15
Austria,2026,March,5
Austria,2026,April,10
Austria,2026,May,
Austria,2026,Total,35
Azerbaijan,2023,January,35
Azerbaijan,2023,February,25
Azerbaijan,2023,March,10
Azerbaijan,2023,April,25
Azerbaijan,2023,May,20
Azerbaijan,2023,June,20
Azerbaijan,2023,July,10
Azerbaijan,2023,August,15
Azerbaijan,2023,September,15
Azerbaijan,2023,October,25
Azerbaijan,2023,November,35
Azerbaijan,2023,December,20
Azerbaijan,2023,Total,260
Azerbaijan,2024,January,25
Azerbaijan,2024,February,10
Azerbaijan,2024,March,10
Azerbaijan,2024,April,20
Azerbaijan,2024,May,20
Azerbaijan,2024,June,10
Azerbaijan,2024,July,20
Azerbaijan,2024,August,20
Azerbaijan,2024,September,15
Azerbaijan,2024,October,15
Azerbaijan,2024,November,15
Azerbaijan,2024,December,10
Azerbaijan,2024,Total,190
Azerbaijan,2025,January,
Azerbaijan,2025,February,15
Azerbaijan,2025,March,15
Azerbaijan,2025,April,
Azerbaijan,2025,May,15
Azerbaijan,2025,June,20
Azerbaijan,2025,July,10
Azerbaijan,2025,August,10
Azerbaijan,2025,September,10
Azerbaijan,2025,October,10
Azerbaijan,2025,November,15
Azerbaijan,2025,December,
Azerbaijan,2025,Total,135
Azerbaijan,2026,January,10
Azerbaijan,2026,February,10
Azerbaijan,2026,March,15
Azerbaijan,2026,April,20
Azerbaijan,2026,May,25
Azerbaijan,2026,Total,75
"Bahama Islands, The",2023,January,75
"Bahama Islands, The",2023,February,75
"Bahama Islands, The",2023,March,30
"Bahama Islands, The",2023,April,20
"Bahama Islands, The",2023,May,35
"Bahama Islands, The",2023,June,30
"Bahama Islands, The",2023,July,30
"Bahama Islands, The",2023,August,30
"Bahama Islands, The",2023,September,10
"Bahama Islands, The",2023,October,30
"Bahama Islands, The",2023,November,20
"Bahama Islands, The",2023,December,25
"Bahama Islands, The",2023,Total,395
"Bahama Islands, The",2024,January,75
"Bahama Islands, The",2024,February,25
"Bahama Islands, The",2024,March,35
"Bahama Islands, The",2024,April,25
"Bahama Islands, The",2024,May,30
"Bahama Islands, The",2024,June,25
"Bahama Islands, The",2024,July,50
"Bahama Islands, The",2024,August,30
"Bahama Islands, The",2024,September,20
"Bahama Islands, The",2024,October,25
"Bahama Islands, The",2024,November,15
"Bahama Islands, The",2024,December,20
"Bahama Islands, The",2024,Total,380
"Bahama Islands, The",2025,January,30
"Bahama Islands, The",2025,February,25
"Bahama Islands, The",2025,March,30
"Bahama Islands, The",2025,April,15
"Bahama Islands, The",2025,May,15
"Bahama Islands, The",2025,June,30
"Bahama Islands, The",2025,July,30
"Bahama Islands, The",2025,August,15
"Bahama Islands, The",2025,September,20
"Bahama Islands, The",2025,October,25
"Bahama Islands, The",2025,November,10
"Bahama Islands, The",2025,December,30
"Bahama Islands, The",2025,Total,275
"Bahama Islands, The",2026,January,5
"Bahama Islands, The",2026,February,25
"Bahama Islands, The",2026,March,15
"Bahama Islands, The",2026,April,25
"Bahama Islands, The",2026,May,35
"Bahama Islands, The",2026,Total,110
Bahrain,2023,January,
Bahrain,2023,February,
Bahrain,2023,March,
Bahrain,2023,April,
Bahrain,2023,May,
Bahrain,2023,June,10
Bahrain,2023,July,5
Bahrain,2023,August,
Bahrain,2023,September,0
Bahrain,2023,October,
Bahrain,2023,November,0
Bahrain,2023,December,
Bahrain,2023,Total,35
Bahrain,2024,January,
Bahrain,2024,February,
Bahrain,2024,March,
Bahrain,2024,April,
Bahrain,2024,May,10
Bahrain,2024,June,
Bahrain,2024,July,0
Bahrain,2024,August,0
Bahrain,2024,September,
Bahrain,2024,October,
Bahrain,2024,November,
Bahrain,2024,December,
Bahrain,2024,Total,25
Bahrain,2025,January,
Bahrain,2025,February,0
Bahrain,2025,March,
Bahrain,2025,April,0
Bahrain,2025,May,
Bahrain,2025,June,5
Bahrain,2025,July,
Bahrain,2025,August,
Bahrain,2025,September,0
Bahrain,2025,October,
Bahrain,2025,November,0
Bahrain,2025,December,0
Bahrain,2025,Total,15
Bahrain,2026,January,
Bahrain,2026,February,
Bahrain,2026,March,
Bahrain,2026,April,
Bahrain,2026,May,5
Bahrain,2026,Total,15
Bangladesh,2023,January,420
Bangladesh,2023,February,630
Bangladesh,2023,March,580
Bangladesh,2023,April,270
Bangladesh,2023,May,385
Bangladesh,2023,June,445
Bangladesh,2023,July,450
Bangladesh,2023,August,425
Bangladesh,2023,September,255
Bangladesh,2023,October,360
Bangladesh,2023,November,305
Bangladesh,2023,December,400
Bangladesh,2023,Total,4920
Bangladesh,2024,January,540
Bangladesh,2024,February,380
Bangladesh,2024,March,445
Bangladesh,2024,April,365
Bangladesh,2024,May,585
Bangladesh,2024,June,295
Bangladesh,2024,July,325
Bangladesh,2024,August,340
Bangladesh,2024,September,255
Bangladesh,2024,October,290
Bangladesh,2024,November,335
Bangladesh,2024,December,185
Bangladesh,2024,Total,4340
Bangladesh,2025,January,330
Bangladesh,2025,February,345
Bangladesh,2025,March,290
Bangladesh,2025,April,250
Bangladesh,2025,May,250
Bangladesh,2025,June,230
Bangladesh,2025,July,295
Bangladesh,2025,August,205
Bangladesh,2025,September,260
Bangladesh,2025,October,220
Bangladesh,2025,November,155
Bangladesh,2025,December,205
Bangladesh,2025,Total,3025
Bangladesh,2026,January,250
Bangladesh,2026,February,315
Bangladesh,2026,March,335
Bangladesh,2026,April,315
Bangladesh,2026,May,405
Bangladesh,2026,Total,1620
Barbados,2023,January,40
Barbados,2023,February,35
Barbados,2023,March,35
Barbados,2023,April,15
Barbados,2023,May,20
Barbados,2023,June,20
Barbados,2023,July,25
Barbados,2023,August,30
Barbados,2023,September,10
Barbados,2023,October,15
Barbados,2023,November,10
Barbados,2023,December,10
Barbados,2023,Total,265
Barbados,2024,January,40
Barbados,2024,February,25
Barbados,2024,March,15
Barbados,2024,April,15
Barbados,2024,May,25
Barbados,2024,June,20
Barbados,2024,July,20
Barbados,2024,August,20
Barbados,2024,September,15
Barbados,2024,October,10
Barbados,2024,November,15
Barbados,2024,December,15
Barbados,2024,Total,240
Barbados,2025,January,20
Barbados,2025,February,20
Barbados,2025,March,15
Barbados,2025,April,10
Barbados,2025,May,10
Barbados,2025,June,10
Barbados,2025,July,15
Barbados,2025,August,20
Barbados,2025,September,10
Barbados,2025,October,20
Barbados,2025,November,10
Barbados,2025,December,5
Barbados,2025,Total,170
Barbados,2026,January,15
Barbados,2026,February,10
Barbados,2026,March,25
Barbados,2026,April,20
Barbados,2026,May,25
Barbados,2026,Total,95
Belarus,2023,January,25
Belarus,2023,February,25
Belarus,2023,March,15
Belarus,2023,April,15
Belarus,2023,May,25
Belarus,2023,June,25
Belarus,2023,July,10
Belarus,2023,August,20
Belarus,2023,September,10
Belarus,2023,October,20
Belarus,2023,November,10
Belarus,2023,December,20
Belarus,2023,Total,220
Belarus,2024,January,40
Belarus,2024,February,25
Belarus,2024,March,20
Belarus,2024,April,50
Belarus,2024,May,40
Belarus,2024,June,25
Belarus,2024,July,20
Belarus,2024,August,25
Belarus,2024,September,15
Belarus,2024,October,15
Belarus,2024,November,15
Belarus,2024,December,10
Belarus,2024,Total,295
Belarus,2025,January,25
Belarus,2025,February,25
Belarus,2025,March,35
Belarus,2025,April,15
Belarus,2025,May,30
Belarus,2025,June,15
Belarus,2025,July,10
Belarus,2025,August,5
Belarus,2025,September,5
Belarus,2025,October,15
Belarus,2025,November,
Belarus,2025,December,15
Belarus,2025,Total,200
Belarus,2026,January,5
Belarus,2026,February,5
Belarus,2026,March,10
Belarus,2026,April,5
Belarus,2026,May,15
Belarus,2026,Total,40
Belgium,2023,January,60
Belgium,2023,February,70
Belgium,2023,March,60
Belgium,2023,April,25
Belgium,2023,May,30
Belgium,2023,June,40
Belgium,2023,July,25
Belgium,2023,August,75
Belgium,2023,September,70
Belgium,2023,October,20
Belgium,2023,November,20
Belgium,2023,December,50
Belgium,2023,Total,550
Belgium,2024,January,30
Belgium,2024,February,25
Belgium,2024,March,30
Belgium,2024,April,30
Belgium,2024,May,40
Belgium,2024,June,35
Belgium,2024,July,45
Belgium,2024,August,65
Belgium,2024,September,40
Belgium,2024,October,30
Belgium,2024,November,60
Belgium,2024,December,45
Belgium,2024,Total,480
Belgium,2025,January,40
Belgium,2025,February,45
Belgium,2025,March,45
Belgium,2025,April,40
Belgium,2025,May,55
Belgium,2025,June,50
Belgium,2025,July,40
Belgium,2025,August,40
Belgium,2025,September,60
Belgium,2025,October,50
Belgium,2025,November,30
Belgium,2025,December,40
Belgium,2025,Total,530
Belgium,2026,January,30
Belgium,2026,February,35
Belgium,2026,March,45
Belgium,2026,April,50
Belgium,2026,May,25
Belgium,2026,Total,180
Belize,2023,January,10
Belize,2023,February,10
Belize,2023,March,
Belize,2023,April,5
Belize,2023,May,10
Belize,2023,June,10
Belize,2023,July,5
Belize,2023,August,5
Belize,2023,September,
Belize,2023,October,10
Belize,2023,November,
Belize,2023,December,5
Belize,2023,Total,75
Belize,2024,January,15
Belize,2024,February,
Belize,2024,March,
Belize,2024,April,
Belize,2024,May,
Belize,2024,June,
Belize,2024,July,
Belize,2024,August,0
Belize,2024,September,
Belize,2024,October,
Belize,2024,November,5
Belize,2024,December,5
Belize,2024,Total,50
Belize,2025,January,5
Belize,2025,February,10
Belize,2025,March,
Belize,2025,April,0
Belize,2025,May,
Belize,2025,June,
Belize,2025,July,5
Belize,2025,August,5
Belize,2025,September,10
Belize,2025,October,
Belize,2025,November,0
Belize,2025,December,15
Belize,2025,Total,65
Belize,2026,January,10
Belize,2026,February,10
Belize,2026,March,
Belize,2026,April,5
Belize,2026,May,
Belize,2026,Total,25
Bhutan,2023,January,10
Bhutan,2023,February,10
Bhutan,2023,March,
Bhutan,2023,April,
Bhutan,2023,May,
Bhutan,2023,June,5
Bhutan,2023,July,5
Bhutan,2023,August,
Bhutan,2023,September,
Bhutan,2023,October,0
Bhutan,2023,November,
Bhutan,2023,December,
Bhutan,2023,Total,50
Bhutan,2024,January,5
Bhutan,2024,February,
Bhutan,2024,March,5
Bhutan,2024,April,
Bhutan,2024,May,
Bhutan,2024,June,0
Bhutan,2024,July,
Bhutan,2024,August,
Bhutan,2024,September,0
Bhutan,2024,October,5
Bhutan,2024,November,
Bhutan,2024,December,
Bhutan,2024,Total,35
Bhutan,2025,January,
Bhutan,2025,February,
Bhutan,2025,March,10
Bhutan,2025,April,0
Bhutan,2025,May,0
Bhutan,2025,June,10
Bhutan,2025,July,10
Bhutan,2025,August,
Bhutan,2025,September,
Bhutan,2025,October,5
Bhutan,2025,November,
Bhutan,2025,December,0
Bhutan,2025,Total,45
Bhutan,2026,January,5
Bhutan,2026,February,10
Bhutan,2026,March,20
Bhutan,2026,April,5
Bhutan,2026,May,15
Bhutan,2026,Total,55
Bolivia,2023,January,25
Bolivia,2023,February,15
Bolivia,2023,March,
Bolivia,2023,April,5
Bolivia,2023,May,15
Bolivia,2023,June,
Bolivia,2023,July,10
Bolivia,2023,August,10
Bolivia,2023,September,10
Bolivia,2023,October,5
Bolivia,2023,November,15
Bolivia,2023,December,5
Bolivia,2023,Total,120
Bolivia,2024,January,20
Bolivia,2024,February,15
Bolivia,2024,March,15
Bolivia,2024,April,30
Bolivia,2024,May,15
Bolivia,2024,June,25
Bolivia,2024,July,10
Bolivia,2024,August,15
Bolivia,2024,September,10
Bolivia,2024,October,10
Bolivia,2024,November,30
Bolivia,2024,December,35
Bolivia,2024,Total,230
Bolivia,2025,January,5
Bolivia,2025,February,10
Bolivia,2025,March,10
Bolivia,2025,April,10
Bolivia,2025,May,
Bolivia,2025,June,25
Bolivia,2025,July,25
Bolivia,2025,August,10
Bolivia,2025,September,25
Bolivia,2025,October,15
Bolivia,2025,November,
Bolivia,2025,December,10
Bolivia,2025,Total,150
Bolivia,2026,January,10
Bolivia,2026,February,5
Bolivia,2026,March,25
Bolivia,2026,April,30
Bolivia,2026,May,15
Bolivia,2026,Total,90
Bosnia-Hercegovina,2023,January,20
Bosnia-Hercegovina,2023,February,10
Bosnia-Hercegovina,2023,March,
Bosnia-Hercegovina,2023,April,5
Bosnia-Hercegovina,2023,May,15
Bosnia-Hercegovina,2023,June,
Bosnia-Hercegovina,2023,July,
Bosnia-Hercegovina,2023,August,10
Bosnia-Hercegovina,2023,September,
Bosnia-Hercegovina,2023,October,5
Bosnia-Hercegovina,2023,November,10
Bosnia-Hercegovina,2023,December,
Bosnia-Hercegovina,2023,Total,85
Bosnia-Hercegovina,2024,January,5
Bosnia-Hercegovina,2024,February,5
Bosnia-Hercegovina,2024,March,10
Bosnia-Hercegovina,2024,April,
Bosnia-Hercegovina,2024,May,10
Bosnia-Hercegovina,2024,June,10
Bosnia-Hercegovina,2024,July,
Bosnia-Hercegovina,2024,August,10
Bosnia-Hercegovina,2024,September,5
Bosnia-Hercegovina,2024,October,5
Bosnia-Hercegovina,2024,November,10
Bosnia-Hercegovina,2024,December,
Bosnia-Hercegovina,2024,Total,75
Bosnia-Hercegovina,2025,January,
Bosnia-Hercegovina,2025,February,10
Bosnia-Hercegovina,2025,March,
Bosnia-Hercegovina,2025,April,5
Bosnia-Hercegovina,2025,May,5
Bosnia-Hercegovina,2025,June,0
Bosnia-Hercegovina,2025,July,
Bosnia-Hercegovina,2025,August,
Bosnia-Hercegovina,2025,September,
Bosnia-Hercegovina,2025,October,5
Bosnia-Hercegovina,2025,November,
Bosnia-Hercegovina,2025,December,
Bosnia-Hercegovina,2025,Total,40
Bosnia-Hercegovina,2026,January,0
Bosnia-Hercegovina,2026,February,
Bosnia-Hercegovina,2026,March,5
Bosnia-Hercegovina,2026,April,
Bosnia-Hercegovina,2026,May,
Bosnia-Hercegovina,2026,Total,10
"Botswana, Republic of",2023,January,10
"Botswana, Republic of",2023,February,15
"Botswana, Republic of",2023,March,
"Botswana, Republic of",2023,April,0
"Botswana, Republic of",2023,May,
"Botswana, Republic of",2023,June,
"Botswana, Republic of",2023,July,
"Botswana, Republic of",2023,August,
"Botswana, Republic of",2023,September,
"Botswana, Republic of",2023,October,
"Botswana, Republic of",2023,November,
"Botswana, Republic of",2023,December,
"Botswana, Republic of",2023,Total,45
"Botswana, Republic of",2024,January,
"Botswana, Republic of",2024,February,
"Botswana, Republic of",2024,March,
"Botswana, Republic of",2024,April,
"Botswana, Republic of",2024,May,
"Botswana, Republic of",2024,June,
"Botswana, Republic of",2024,July,
"Botswana, Republic of",2024,August,
"Botswana, Republic of",2024,September,
"Botswana, Republic of",2024,October,
"Botswana, Republic of",2024,November,
"Botswana, Republic of",2024,December,
"Botswana, Republic of",2024,Total,25
"Botswana, Republic of",2025,January,5
"Botswana, Republic of",2025,February,
"Botswana, Republic of",2025,March,
"Botswana, Republic of",2025,April,0
"Botswana, Republic of",2025,May,
"Botswana, Republic of",2025,June,
"Botswana, Republic of",2025,July,
"Botswana, Republic of",2025,August,
"Botswana, Republic of",2025,September,
"Botswana, Republic of",2025,October,
"Botswana, Republic of",2025,November,0
"Botswana, Republic of",2025,December,
"Botswana, Republic of",2025,Total,20
"Botswana, Republic of",2026,January,
"Botswana, Republic of",2026,February,5
"Botswana, Republic of",2026,March,
"Botswana, Republic of",2026,April,
"Botswana, Republic of",2026,May,0
"Botswana, Republic of",2026,Total,10
Brazil,2023,January,1255
Brazil,2023,February,1080
Brazil,2023,March,785
Brazil,2023,April,355
Brazil,2023,May,575
Brazil,2023,June,540
Brazil,2023,July,655
Brazil,2023,August,615
Brazil,2023,September,265
Brazil,2023,October,335
Brazil,2023,November,265
Brazil,2023,December,430
Brazil,2023,Total,7170
Brazil,2024,January,840
Brazil,2024,February,580
Brazil,2024,March,470
Brazil,2024,April,665
Brazil,2024,May,565
Brazil,2024,June,455
Brazil,2024,July,560
Brazil,2024,August,520
Brazil,2024,September,315
Brazil,2024,October,290
Brazil,2024,November,465
Brazil,2024,December,300
Brazil,2024,Total,6025
Brazil,2025,January,420
Brazil,2025,February,455
Brazil,2025,March,495
Brazil,2025,April,355
Brazil,2025,May,510
Brazil,2025,June,565
Brazil,2025,July,485
Brazil,2025,August,520
Brazil,2025,September,435
Brazil,2025,October,345
Brazil,2025,November,200
Brazil,2025,December,300
Brazil,2025,Total,5095
Brazil,2026,January,395
Brazil,2026,February,445
Brazil,2026,March,405
Brazil,2026,April,405
Brazil,2026,May,410
Brazil,2026,Total,2060
Brunei,2023,January,
Brunei,2023,February,0
Brunei,2023,March,
Brunei,2023,April,0
Brunei,2023,May,0
Brunei,2023,June,0
Brunei,2023,July,0
Brunei,2023,August,
Brunei,2023,September,0
Brunei,2023,October,
Brunei,2023,November,0
Brunei,2023,December,0
Brunei,2023,Total,5
Brunei,2024,January,0
Brunei,2024,February,0
Brunei,2024,March,0
Brunei,2024,April,
Brunei,2024,May,
Brunei,2024,June,0
Brunei,2024,July,0
Brunei,2024,August,0
Brunei,2024,September,0
Brunei,2024,October,0
Brunei,2024,November,
Brunei,2024,December,0
Brunei,2024,Total,
Brunei,2025,January,
Brunei,2025,February,0
Brunei,2025,March,0
Brunei,2025,April,0
Brunei,2025,May,0
Brunei,2025,June,0
Brunei,2025,July,0
Brunei,2025,August,0
Brunei,2025,September,
Brunei,2025,October,0
Brunei,2025,November,0
Brunei,2025,December,0
Brunei,2025,Total,
Brunei,2026,January,0
Brunei,2026,February,
Brunei,2026,March,
Brunei,2026,April,0
Brunei,2026,May,
Brunei,2026,Total,
Bulgaria,2023,January,30
Bulgaria,2023,February,20
Bulgaria,2023,March,5
Bulgaria,2023,April,15
Bulgaria,2023,May,10
Bulgaria,2023,June,10
Bulgaria,2023,July,10
Bulgaria,2023,August,10
Bulgaria,2023,September,5
Bulgaria,2023,October,5
Bulgaria,2023,November,5
Bulgaria,2023,December,5
Bulgaria,2023,Total,130
Bulgaria,2024,January,5
Bulgaria,2024,February,10
Bulgaria,2024,March,10
Bulgaria,2024,April,10
Bulgaria,2024,May,
Bulgaria,2024,June,10
Bulgaria,2024,July,15
Bulgaria,2024,August,10
Bulgaria,2024,September,
Bulgaria,2024,October,10
Bulgaria,2024,November,10
Bulgaria,2024,December,5
Bulgaria,2024,Total,105
Bulgaria,2025,January,10
Bulgaria,2025,February,5
Bulgaria,2025,March,5
Bulgaria,2025,April,5
Bulgaria,2025,May,5
Bulgaria,2025,June,5
Bulgaria,2025,July,
Bulgaria,2025,August,5
Bulgaria,2025,September,
Bulgaria,2025,October,10
Bulgaria,2025,November,
Bulgaria,2025,December,5
Bulgaria,2025,Total,60
Bulgaria,2026,January,5
Bulgaria,2026,February,
Bulgaria,2026,March,
Bulgaria,2026,April,5
Bulgaria,2026,May,
Bulgaria,2026,Total,15
Burkina-Faso,2023,January,30
Burkina-Faso,2023,February,35
Burkina-Faso,2023,March,35
Burkina-Faso,2023,April,45
Burkina-Faso,2023,May,20
Burkina-Faso,2023,June,40
Burkina-Faso,2023,July,40
Burkina-Faso,2023,August,45
Burkina-Faso,2023,September,40
Burkina-Faso,2023,October,30
Burkina-Faso,2023,November,20
Burkina-Faso,2023,December,30
Burkina-Faso,2023,Total,405
Burkina-Faso,2024,January,45
Burkina-Faso,2024,February,35
Burkina-Faso,2024,March,50
Burkina-Faso,2024,April,35
Burkina-Faso,2024,May,40
Burkina-Faso,2024,June,35
Burkina-Faso,2024,July,45
Burkina-Faso,2024,August,60
Burkina-Faso,2024,September,40
Burkina-Faso,2024,October,55
Burkina-Faso,2024,November,60
Burkina-Faso,2024,December,50
Burkina-Faso,2024,Total,545
Burkina-Faso,2025,January,50
Burkina-Faso,2025,February,60
Burkina-Faso,2025,March,40
Burkina-Faso,2025,April,30
Burkina-Faso,2025,May,95
Burkina-Faso,2025,June,60
Burkina-Faso,2025,July,45
Burkina-Faso,2025,August,85
Burkina-Faso,2025,September,60
Burkina-Faso,2025,October,85
Burkina-Faso,2025,November,40
Burkina-Faso,2025,December,70
Burkina-Faso,2025,Total,715
Burkina-Faso,2026,January,30
Burkina-Faso,2026,February,60
Burkina-Faso,2026,March,35
Burkina-Faso,2026,April,40
Burkina-Faso,2026,May,40
Burkina-Faso,2026,Total,215
Burundi,2023,January,80
Burundi,2023,February,85
Burundi,2023,March,95
Burundi,2023,April,60
Burundi,2023,May,90
Burundi,2023,June,65
Burundi,2023,July,60
Burundi,2023,August,75
Burundi,2023,September,50
Burundi,2023,October,80
Burundi,2023,November,100
Burundi,2023,December,155
Burundi,2023,Total,1005
Burundi,2024,January,115
Burundi,2024,February,125
Burundi,2024,March,115
Burundi,2024,April,80
Burundi,2024,May,160
Burundi,2024,June,120
Burundi,2024,July,100
Burundi,2024,August,120
Burundi,2024,September,80
Burundi,2024,October,145
Burundi,2024,November,80
Burundi,2024,December,55
Burundi,2024,Total,1290
Burundi,2025,January,90
Burundi,2025,February,90
Burundi,2025,March,75
Burundi,2025,April,75
Burundi,2025,May,100
Burundi,2025,June,75
Burundi,2025,July,95
Burundi,2025,August,100
Burundi,2025,September,180
Burundi,2025,October,205
Burundi,2025,November,45
Burundi,2025,December,95
Burundi,2025,Total,1230
Burundi,2026,January,185
Burundi,2026,February,100
Burundi,2026,March,80
Burundi,2026,April,110
Burundi,2026,May,235
Burundi,2026,Total,705
Cambodia,2023,January,20
Cambodia,2023,February,25
Cambodia,2023,March,35
Cambodia,2023,April,10
Cambodia,2023,May,10
Cambodia,2023,June,20
Cambodia,2023,July,10
Cambodia,2023,August,5
Cambodia,2023,September,20
Cambodia,2023,October,15
Cambodia,2023,November,15
Cambodia,2023,December,5
Cambodia,2023,Total,190
Cambodia,2024,January,25
Cambodia,2024,February,10
Cambodia,2024,March,5
Cambodia,2024,April,5
Cambodia,2024,May,20
Cambodia,2024,June,10
Cambodia,2024,July,15
Cambodia,2024,August,20
Cambodia,2024,September,15
Cambodia,2024,October,10
Cambodia,2024,November,25
Cambodia,2024,December,15
Cambodia,2024,Total,170
Cambodia,2025,January,5
Cambodia,2025,February,20
Cambodia,2025,March,10
Cambodia,2025,April,
Cambodia,2025,May,
Cambodia,2025,June,5
Cambodia,2025,July,10
Cambodia,2025,August,10
Cambodia,2025,September,10
Cambodia,2025,October,10
Cambodia,2025,November,5
Cambodia,2025,December,15
Cambodia,2025,Total,110
Cambodia,2026,January,
Cambodia,2026,February,5
Cambodia,2026,March,5
Cambodia,2026,April,15
Cambodia,2026,May,10
Cambodia,2026,Total,35
Cape Verde Islands,2023,January,
Cape Verde Islands,2023,February,0
Cape Verde Islands,2023,March,
Cape Verde Islands,2023,April,0
Cape Verde Islands,2023,May,0
Cape Verde Islands,2023,June,0
Cape Verde Islands,2023,July,0
Cape Verde Islands,2023,August,0
Cape Verde Islands,2023,September,0
Cape Verde Islands,2023,October,0
Cape Verde Islands,2023,November,0
Cape Verde Islands,2023,December,0
Cape Verde Islands,2023,Total,
Cape Verde Islands,2024,January,0
Cape Verde Islands,2024,February,0
Cape Verde Islands,2024,March,0
Cape Verde Islands,2024,April,0
Cape Verde Islands,2024,May,
Cape Verde Islands,2024,June,
Cape Verde Islands,2024,July,0
Cape Verde Islands,2024,August,0
Cape Verde Islands,2024,September,0
Cape Verde Islands,2024,October,
Cape Verde Islands,2024,November,0
Cape Verde Islands,2024,December,0
Cape Verde Islands,2024,Total,
Cape Verde Islands,2025,January,0
Cape Verde Islands,2025,February,0
Cape Verde Islands,2025,March,
Cape Verde Islands,2025,April,0
Cape Verde Islands,2025,May,0
Cape Verde Islands,2025,June,0
Cape Verde Islands,2025,July,0
Cape Verde Islands,2025,August,0
Cape Verde Islands,2025,September,
Cape Verde Islands,2025,October,0
Cape Verde Islands,2025,November,0
Cape Verde Islands,2025,December,
Cape Verde Islands,2025,Total,
Cape Verde Islands,2026,January,
Cape Verde Islands,2026,February,0
Cape Verde Islands,2026,March,0
Cape Verde Islands,2026,April,
Cape Verde Islands,2026,May,
Cape Verde Islands,2026,Total,
Central African Republic,2023,January,45
Central African Republic,2023,February,50
Central African Republic,2023,March,20
Central African Republic,2023,April,
Central African Republic,2023,May,10
Central African Republic,2023,June,25
Central African Republic,2023,July,15
Central African Republic,2023,August,25
Central African Republic,2023,September,15
Central African Republic,2023,October,10
Central African Republic,2023,November,20
Central African Republic,2023,December,10
Central African Republic,2023,Total,240
Central African Republic,2024,January,20
Central African Republic,2024,February,35
Central African Republic,2024,March,20
Central African Republic,2024,April,30
Central African Republic,2024,May,20
Central African Republic,2024,June,25
Central African Republic,2024,July,5
Central African Republic,2024,August,15
Central African Republic,2024,September,15
Central African Republic,2024,October,40
Central African Republic,2024,November,60
Central African Republic,2024,December,15
Central African Republic,2024,Total,300
Central African Republic,2025,January,10
Central African Republic,2025,February,35
Central African Republic,2025,March,50
Central African Republic,2025,April,60
Central African Republic,2025,May,35
Central African Republic,2025,June,5
Central African Republic,2025,July,35
Central African Republic,2025,August,25
Central African Republic,2025,September,40
Central African Republic,2025,October,15
Central African Republic,2025,November,20
Central African Republic,2025,December,
Central African Republic,2025,Total,335
Central African Republic,2026,January,50
Central African Republic,2026,February,45
Central African Republic,2026,March,10
Central African Republic,2026,April,45
Central African Republic,2026,May,30
Central African Republic,2026,Total,180
"Chad, Republic of",2023,January,10
"Chad, Republic of",2023,February,20
"Chad, Republic of",2023,March,30
"Chad, Republic of",2023,April,20
"Chad, Republic of",2023,May,15
"Chad, Republic of",2023,June,15
"Chad, Republic of",2023,July,15
"Chad, Republic of",2023,August,45
"Chad, Republic of",2023,September,10
"Chad, Republic of",2023,October,30
"Chad, Republic of",2023,November,35
"Chad, Republic of",2023,December,35
"Chad, Republic of",2023,Total,280
"Chad, Republic of",2024,January,40
"Chad, Republic of",2024,February,50
"Chad, Republic of",2024,March,15
"Chad, Republic of",2024,April,15
"Chad, Republic of",2024,May,25
"Chad, Republic of",2024,June,30
"Chad, Republic of",2024,July,30
"Chad, Republic of",2024,August,15
"Chad, Republic of",2024,September,15
"Chad, Republic of",2024,October,15
"Chad, Republic of",2024,November,35
"Chad, Republic of",2024,December,25
"Chad, Republic of",2024,Total,305
"Chad, Republic of",2025,January,10
"Chad, Republic of",2025,February,25
"Chad, Republic of",2025,March,40
"Chad, Republic of",2025,April,30
"Chad, Republic of",2025,May,30
"Chad, Republic of",2025,June,20
"Chad, Republic of",2025,July,25
"Chad, Republic of",2025,August,25
"Chad, Republic of",2025,September,30
"Chad, Republic of",2025,October,30
"Chad, Republic of",2025,November,15
"Chad, Republic of",2025,December,20
"Chad, Republic of",2025,Total,305
"Chad, Republic of",2026,January,30
"Chad, Republic of",2026,February,25
"Chad, Republic of",2026,March,25
"Chad, Republic of",2026,April,5
"Chad, Republic of",2026,May,20
"Chad, Republic of",2026,Total,100
Chile,2023,January,110
Chile,2023,February,115
Chile,2023,March,65
Chile,2023,April,30
Chile,2023,May,45
Chile,2023,June,45
Chile,2023,July,40
Chile,2023,August,85
Chile,2023,September,30
Chile,2023,October,50
Chile,2023,November,40
Chile,2023,December,90
Chile,2023,Total,745
Chile,2024,January,105
Chile,2024,February,80
Chile,2024,March,85
Chile,2024,April,75
Chile,2024,May,90
Chile,2024,June,85
Chile,2024,July,70
Chile,2024,August,100
Chile,2024,September,40
Chile,2024,October,35
Chile,2024,November,70
Chile,2024,December,40
Chile,2024,Total,880
Chile,2025,January,120
Chile,2025,February,65
Chile,2025,March,70
Chile,2025,April,50
Chile,2025,May,70
Chile,2025,June,75
Chile,2025,July,95
Chile,2025,August,60
Chile,2025,September,50
Chile,2025,October,75
Chile,2025,November,30
Chile,2025,December,60
Chile,2025,Total,825
Chile,2026,January,70
Chile,2026,February,85
Chile,2026,March,75
Chile,2026,April,60
Chile,2026,May,75
Chile,2026,Total,360
Colombia,2023,January,585
Colombia,2023,February,570
Colombia,2023,March,475
Colombia,2023,April,180
Colombia,2023,May,355
Colombia,2023,June,350
Colombia,2023,July,390
Colombia,2023,August,425
Colombia,2023,September,380
Colombia,2023,October,275
Colombia,2023,November,225
Colombia,2023,December,375
Colombia,2023,Total,4580
Colombia,2024,January,640
Colombia,2024,February,700
Colombia,2024,March,1735
Colombia,2024,April,1480
Colombia,2024,May,1460
Colombia,2024,June,765
Colombia,2024,July,530
Colombia,2024,August,685
Colombia,2024,September,520
Colombia,2024,October,535
Colombia,2024,November,630
Colombia,2024,December,395
Colombia,2024,Total,10075
Colombia,2025,January,445
Colombia,2025,February,440
Colombia,2025,March,430
Colombia,2025,April,335
Colombia,2025,May,510
Colombia,2025,June,545
Colombia,2025,July,670
Colombia,2025,August,660
Colombia,2025,September,460
Colombia,2025,October,510
Colombia,2025,November,240
Colombia,2025,December,365
Colombia,2025,Total,5610
Colombia,2026,January,405
Colombia,2026,February,560
Colombia,2026,March,565
Colombia,2026,April,555
Colombia,2026,May,580
Colombia,2026,Total,2670
Commonwealth of the Northern Mariana Islands,2023,January,0
Commonwealth of the Northern Mariana Islands,2023,February,0
Commonwealth of the Northern Mariana Islands,2023,March,0
Commonwealth of the Northern Mariana Islands,2023,April,0
Commonwealth of the Northern Mariana Islands,2023,May,0
Commonwealth of the Northern Mariana Islands,2023,June,0
Commonwealth of the Northern Mariana Islands,2023,July,0
Commonwealth of the Northern Mariana Islands,2023,August,0
Commonwealth of the Northern Mariana Islands,2023,September,0
Commonwealth of the Northern Mariana Islands,2023,October,0
Commonwealth of the Northern Mariana Islands,2023,November,0
Commonwealth of the Northern Mariana Islands,2023,December,0
Commonwealth of the Northern Mariana Islands,2023,Total,0
Commonwealth of the Northern Mariana Islands,2024,January,0
Commonwealth of the Northern Mariana Islands,2024,February,0
Commonwealth of the Northern Mariana Islands,2024,March,0
Commonwealth of the Northern Mariana Islands,2024,April,0
Commonwealth of the Northern Mariana Islands,2024,May,0
Commonwealth of the Northern Mariana Islands,2024,June,0
Commonwealth of the Northern Mariana Islands,2024,July,0
Commonwealth of the Northern Mariana Islands,2024,August,0
Commonwealth of the Northern Mariana Islands,2024,September,0
Commonwealth of the Northern Mariana Islands,2024,October,0
Commonwealth of the Northern Mariana Islands,2024,November,0
Commonwealth of the Northern Mariana Islands,2024,December,0
Commonwealth of the Northern Mariana Islands,2024,Total,0
Commonwealth of the Northern Mariana Islands,2025,January,0
Commonwealth of the Northern Mariana Islands,2025,February,
Commonwealth of the Northern Mariana Islands,2025,March,0
Commonwealth of the Northern Mariana Islands,2025,April,0
Commonwealth of the Northern Mariana Islands,2025,May,0
Commonwealth of the Northern Mariana Islands,2025,June,0
Commonwealth of the Northern Mariana Islands,2025,July,0
Commonwealth of the Northern Mariana Islands,2025,August,0
Commonwealth of the Northern Mariana Islands,2025,September,0
Commonwealth of the Northern Mariana Islands,2025,October,0
Commonwealth of the Northern Mariana Islands,2025,November,0
Commonwealth of the Northern Mariana Islands,2025,December,0
Commonwealth of the Northern Mariana Islands,2025,Total,
Commonwealth of the Northern Mariana Islands,2026,January,0
Commonwealth of the Northern Mariana Islands,2026,February,0
Commonwealth of the Northern Mariana Islands,2026,March,0
Commonwealth of the Northern Mariana Islands,2026,April,0
Commonwealth of the Northern Mariana Islands,2026,May,0
Commonwealth of the Northern Mariana Islands,2026,Total,0
Comoros,2023,January,
Comoros,2023,February,
Comoros,2023,March,0
Comoros,2023,April,
Comoros,2023,May,0
Comoros,2023,June,
Comoros,2023,July,
Comoros,2023,August,
Comoros,2023,September,5
Comoros,2023,October,
Comoros,2023,November,0
Comoros,2023,December,0
Comoros,2023,Total,20
Comoros,2024,January,
Comoros,2024,February,
Comoros,2024,March,0
Comoros,2024,April,
Comoros,2024,May,
Comoros,2024,June,5
Comoros,2024,July,0
Comoros,2024,August,5
Comoros,2024,September,
Comoros,2024,October,
Comoros,2024,November,0
Comoros,2024,December,0
Comoros,2024,Total,25
Comoros,2025,January,
Comoros,2025,February,
Comoros,2025,March,
Comoros,2025,April,
Comoros,2025,May,0
Comoros,2025,June,
Comoros,2025,July,0
Comoros,2025,August,
Comoros,2025,September,
Comoros,2025,October,0
Comoros,2025,November,
Comoros,2025,December,
Comoros,2025,Total,15
Comoros,2026,January,
Comoros,2026,February,0
Comoros,2026,March,0
Comoros,2026,April,0
Comoros,2026,May,
Comoros,2026,Total,
"Congo, Democratic Republic of the",2023,January,350
"Congo, Democratic Republic of the",2023,February,245
"Congo, Democratic Republic of the",2023,March,395
"Congo, Democratic Republic of the",2023,April,475
"Congo, Democratic Republic of the",2023,May,395
"Congo, Democratic Republic of the",2023,June,445
"Congo, Democratic Republic of the",2023,July,435
"Congo, Democratic Republic of the",2023,August,490
"Congo, Democratic Republic of the",2023,September,545
"Congo, Democratic Republic of the",2023,October,470
"Congo, Democratic Republic of the",2023,November,420
"Congo, Democratic Republic of the",2023,December,270
"Congo, Democratic Republic of the",2023,Total,4940
"Congo, Democratic Republic of the",2024,January,165
"Congo, Democratic Republic of the",2024,February,360
"Congo, Democratic Republic of the",2024,March,330
"Congo, Democratic Republic of the",2024,April,420
"Congo, Democratic Republic of the",2024,May,430
"Congo, Democratic Republic of the",2024,June,260
"Congo, Democratic Republic of the",2024,July,440
"Congo, Democratic Republic of the",2024,August,595
"Congo, Democratic Republic of the",2024,September,290
"Congo, Democratic Republic of the",2024,October,475
"Congo, Democratic Republic of the",2024,November,385
"Congo, Democratic Republic of the",2024,December,355
"Congo, Democratic Republic of the",2024,Total,4505
"Congo, Democratic Republic of the",2025,January,365
"Congo, Democratic Republic of the",2025,February,330
"Congo, Democratic Republic of the",2025,March,275
"Congo, Democratic Republic of the",2025,April,455
"Congo, Democratic Republic of the",2025,May,335
"Congo, Democratic Republic of the",2025,June,355
"Congo, Democratic Republic of the",2025,July,330
"Congo, Democratic Republic of the",2025,August,315
"Congo, Democratic Republic of the",2025,September,455
"Congo, Democratic Republic of the",2025,October,385
"Congo, Democratic Republic of the",2025,November,145
"Congo, Democratic Republic of the",2025,December,205
"Congo, Democratic Republic of the",2025,Total,3945
"Congo, Democratic Republic of the",2026,January,230
"Congo, Democratic Republic of the",2026,February,330
"Congo, Democratic Republic of the",2026,March,355
"Congo, Democratic Republic of the",2026,April,420
"Congo, Democratic Republic of the",2026,May,230
"Congo, Democratic Republic of the",2026,Total,1565
"Congo, People's Republic of the",2023,January,20
"Congo, People's Republic of the",2023,February,20
"Congo, People's Republic of the",2023,March,15
"Congo, People's Republic of the",2023,April,35
"Congo, People's Republic of the",2023,May,25
"Congo, People's Republic of the",2023,June,15
"Congo, People's Republic of the",2023,July,15
"Congo, People's Republic of the",2023,August,15
"Congo, People's Republic of the",2023,September,20
"Congo, People's Republic of the",2023,October,10
"Congo, People's Republic of the",2023,November,20
"Congo, People's Republic of the",2023,December,15
"Congo, People's Republic of the",2023,Total,235
"Congo, People's Republic of the",2024,January,25
"Congo, People's Republic of the",2024,February,15
"Congo, People's Republic of the",2024,March,20
"Congo, People's Republic of the",2024,April,20
"Congo, People's Republic of the",2024,May,25
"Congo, People's Republic of the",2024,June,25
"Congo, People's Republic of the",2024,July,10
"Congo, People's Republic of the",2024,August,20
"Congo, People's Republic of the",2024,September,30
"Congo, People's Republic of the",2024,October,15
"Congo, People's Republic of the",2024,November,25
"Congo, People's Republic of the",2024,December,15
"Congo, People's Republic of the",2024,Total,235
"Congo, People's Republic of the",2025,January,40
"Congo, People's Republic of the",2025,February,10
"Congo, People's Republic of the",2025,March,15
"Congo, People's Republic of the",2025,April,10
"Congo, People's Republic of the",2025,May,45
"Congo, People's Republic of the",2025,June,35
"Congo, People's Republic of the",2025,July,30
"Congo, People's Republic of the",2025,August,30
"Congo, People's Republic of the",2025,September,35
"Congo, People's Republic of the",2025,October,50
"Congo, People's Republic of the",2025,November,40
"Congo, People's Republic of the",2025,December,10
"Congo, People's Republic of the",2025,Total,350
"Congo, People's Republic of the",2026,January,20
"Congo, People's Republic of the",2026,February,15
"Congo, People's Republic of the",2026,March,15
"Congo, People's Republic of the",2026,April,10
"Congo, People's Republic of the",2026,May,20
"Congo, People's Republic of the",2026,Total,80
Costa Rica,2023,January,45
Costa Rica,2023,February,30
Costa Rica,2023,March,25
Costa Rica,2023,April,15
Costa Rica,2023,May,15
Costa Rica,2023,June,15
Costa Rica,2023,July,30
Costa Rica,2023,August,25
Costa Rica,2023,September,20
Costa Rica,2023,October,15
Costa Rica,2023,November,15
Costa Rica,2023,December,20
Costa Rica,2023,Total,265
Costa Rica,2024,January,25
Costa Rica,2024,February,10
Costa Rica,2024,March,15
Costa Rica,2024,April,10
Costa Rica,2024,May,10
Costa Rica,2024,June,20
Costa Rica,2024,July,10
Costa Rica,2024,August,25
Costa Rica,2024,September,15
Costa Rica,2024,October,20
Costa Rica,2024,November,30
Costa Rica,2024,December,10
Costa Rica,2024,Total,200
Costa Rica,2025,January,20
Costa Rica,2025,February,20
Costa Rica,2025,March,20
Costa Rica,2025,April,20
Costa Rica,2025,May,15
Costa Rica,2025,June,20
Costa Rica,2025,July,20
Costa Rica,2025,August,15
Costa Rica,2025,September,5
Costa Rica,2025,October,10
Costa Rica,2025,November,10
Costa Rica,2025,December,20
Costa Rica,2025,Total,200
Costa Rica,2026,January,10
Costa Rica,2026,February,5
Costa Rica,2026,March,25
Costa Rica,2026,April,15
Costa Rica,2026,May,20
Costa Rica,2026,Total,80
Croatia,2023,January,40
Croatia,2023,February,30
Croatia,2023,March,20
Croatia,2023,April,15
Croatia,2023,May,10
Croatia,2023,June,10
Croatia,2023,July,10
Croatia,2023,August,5
Croatia,2023,September,5
Croatia,2023,October,5
Croatia,2023,November,
Croatia,2023,December,10
Croatia,2023,Total,160
Croatia,2024,January,20
Croatia,2024,February,10
Croatia,2024,March,
Croatia,2024,April,10
Croatia,2024,May,15
Croatia,2024,June,5
Croatia,2024,July,5
Croatia,2024,August,10
Croatia,2024,September,5
Croatia,2024,October,5
Croatia,2024,November,10
Croatia,2024,December,
Croatia,2024,Total,100
Croatia,2025,January,
Croatia,2025,February,5
Croatia,2025,March,10
Croatia,2025,April,5
Croatia,2025,May,
Croatia,2025,June,5
Croatia,2025,July,
Croatia,2025,August,
Croatia,2025,September,
Croatia,2025,October,5
Croatia,2025,November,5
Croatia,2025,December,
Croatia,2025,Total,55
Croatia,2026,January,20
Croatia,2026,February,
Croatia,2026,March,
Croatia,2026,April,5
Croatia,2026,May,10
Croatia,2026,Total,40
Cuba,2023,January,165
Cuba,2023,February,145
Cuba,2023,March,155
Cuba,2023,April,70
Cuba,2023,May,95
Cuba,2023,June,50
Cuba,2023,July,80
Cuba,2023,August,65
Cuba,2023,September,55
Cuba,2023,October,60
Cuba,2023,November,45
Cuba,2023,December,45
Cuba,2023,Total,1030
Cuba,2024,January,85
Cuba,2024,February,70
Cuba,2024,March,70
Cuba,2024,April,70
Cuba,2024,May,75
Cuba,2024,June,70
Cuba,2024,July,70
Cuba,2024,August,70
Cuba,2024,September,65
Cuba,2024,October,95
Cuba,2024,November,105
Cuba,2024,December,75
Cuba,2024,Total,915
Cuba,2025,January,95
Cuba,2025,February,95
Cuba,2025,March,70
Cuba,2025,April,65
Cuba,2025,May,90
Cuba,2025,June,120
Cuba,2025,July,100
Cuba,2025,August,60
Cuba,2025,September,75
Cuba,2025,October,60
Cuba,2025,November,65
Cuba,2025,December,105
Cuba,2025,Total,995
Cuba,2026,January,60
Cuba,2026,February,70
Cuba,2026,March,55
Cuba,2026,April,75
Cuba,2026,May,70
Cuba,2026,Total,330
Cyprus,2023,January,
Cyprus,2023,February,
Cyprus,2023,March,
Cyprus,2023,April,0
Cyprus,2023,May,0
Cyprus,2023,June,0
Cyprus,2023,July,
Cyprus,2023,August,
Cyprus,2023,September,0
Cyprus,2023,October,
Cyprus,2023,November,0
Cyprus,2023,December,
Cyprus,2023,Total,10
Cyprus,2024,January,
Cyprus,2024,February,0
Cyprus,2024,March,0
Cyprus,2024,April,0
Cyprus,2024,May,
Cyprus,2024,June,0
Cyprus,2024,July,
Cyprus,2024,August,0
Cyprus,2024,September,0
Cyprus,2024,October,
Cyprus,2024,November,0
Cyprus,2024,December,
Cyprus,2024,Total,10
Cyprus,2025,January,
Cyprus,2025,February,
Cyprus,2025,March,
Cyprus,2025,April,0
Cyprus,2025,May,
Cyprus,2025,June,
Cyprus,2025,July,
Cyprus,2025,August,0
Cyprus,2025,September,0
Cyprus,2025,October,
Cyprus,2025,November,0
Cyprus,2025,December,
Cyprus,2025,Total,15
Cyprus,2026,January,
Cyprus,2026,February,
Cyprus,2026,March,
Cyprus,2026,April,
Cyprus,2026,May,0
Cyprus,2026,Total,5
Czech Republic,2023,January,30
Czech Republic,2023,February,35
Czech Republic,2023,March,25
Czech Republic,2023,April,5
Czech Republic,2023,May,20
Czech Republic,2023,June,15
Czech Republic,2023,July,15
Czech Republic,2023,August,20
Czech Republic,2023,September,10
Czech Republic,2023,October,5
Czech Republic,2023,November,10
Czech Republic,2023,December,20
Czech Republic,2023,Total,210
Czech Republic,2024,January,25
Czech Republic,2024,February,20
Czech Republic,2024,March,10
Czech Republic,2024,April,10
Czech Republic,2024,May,25
Czech Republic,2024,June,15
Czech Republic,2024,July,25
Czech Republic,2024,August,10
Czech Republic,2024,September,10
Czech Republic,2024,October,5
Czech Republic,2024,November,5
Czech Republic,2024,December,10
Czech Republic,2024,Total,170
Czech Republic,2025,January,25
Czech Republic,2025,February,20
Czech Republic,2025,March,20
Czech Republic,2025,April,5
Czech Republic,2025,May,10
Czech Republic,2025,June,25
Czech Republic,2025,July,20
Czech Republic,2025,August,10
Czech Republic,2025,September,15
Czech Republic,2025,October,
Czech Republic,2025,November,5
Czech Republic,2025,December,0
Czech Republic,2025,Total,160
Czech Republic,2026,January,5
Czech Republic,2026,February,10
Czech Republic,2026,March,10
Czech Republic,2026,April,5
Czech Republic,2026,May,5
Czech Republic,2026,Total,40
Democratic Republic of Sudan,2023,January,275
Democratic Republic of Sudan,2023,February,170
Democratic Republic of Sudan,2023,March,110
Democratic Republic of Sudan,2023,April,95
Democratic Republic of Sudan,2023,May,275
Democratic Republic of Sudan,2023,June,230
Democratic Republic of Sudan,2023,July,210
Democratic Republic of Sudan,2023,August,200
Democratic Republic of Sudan,2023,September,70
Democratic Republic of Sudan,2023,October,80
Democratic Republic of Sudan,2023,November,150
Democratic Republic of Sudan,2023,December,125
Democratic Republic of Sudan,2023,Total,1990
Democratic Republic of Sudan,2024,January,145
Democratic Republic of Sudan,2024,February,195
Democratic Republic of Sudan,2024,March,145
Democratic Republic of Sudan,2024,April,180
Democratic Republic of Sudan,2024,May,105
Democratic Republic of Sudan,2024,June,150
Democratic Republic of Sudan,2024,July,120
Democratic Republic of Sudan,2024,August,145
Democratic Republic of Sudan,2024,September,125
Democratic Republic of Sudan,2024,October,300
Democratic Republic of Sudan,2024,November,320
Democratic Republic of Sudan,2024,December,495
Democratic Republic of Sudan,2024,Total,2430
Democratic Republic of Sudan,2025,January,335
Democratic Republic of Sudan,2025,February,620
Democratic Republic of Sudan,2025,March,530
Democratic Republic of Sudan,2025,April,480
Democratic Republic of Sudan,2025,May,250
Democratic Republic of Sudan,2025,June,295
Democratic Republic of Sudan,2025,July,335
Democratic Republic of Sudan,2025,August,355
Democratic Republic of Sudan,2025,September,530
Democratic Republic of Sudan,2025,October,390
Democratic Republic of Sudan,2025,November,360
Democratic Republic of Sudan,2025,December,235
Democratic Republic of Sudan,2025,Total,4710
Democratic Republic of Sudan,2026,January,455
Democratic Republic of Sudan,2026,February,505
Democratic Republic of Sudan,2026,March,705
Democratic Republic of Sudan,2026,April,695
Democratic Republic of Sudan,2026,May,620
Democratic Republic of Sudan,2026,Total,2975
Denmark,2023,January,15
Denmark,2023,February,10
Denmark,2023,March,5
Denmark,2023,April,
Denmark,2023,May,15
Denmark,2023,June,10
Denmark,2023,July,
Denmark,2023,August,5
Denmark,2023,September,
Denmark,2023,October,
Denmark,2023,November,5
Denmark,2023,December,10
Denmark,2023,Total,75
Denmark,2024,January,5
Denmark,2024,February,10
Denmark,2024,March,
Denmark,2024,April,
Denmark,2024,May,10
Denmark,2024,June,
Denmark,2024,July,
Denmark,2024,August,
Denmark,2024,September,
Denmark,2024,October,
Denmark,2024,November,
Denmark,2024,December,10
Denmark,2024,Total,60
Denmark,2025,January,10
Denmark,2025,February,
Denmark,2025,March,
Denmark,2025,April,
Denmark,2025,May,
Denmark,2025,June,5
Denmark,2025,July,5
Denmark,2025,August,5
Denmark,2025,September,
Denmark,2025,October,
Denmark,2025,November,
Denmark,2025,December,
Denmark,2025,Total,45
Denmark,2026,January,
Denmark,2026,February,
Denmark,2026,March,
Denmark,2026,April,5
Denmark,2026,May,5
Denmark,2026,Total,20
Dominica,2023,January,5
Dominica,2023,February,
Dominica,2023,March,5
Dominica,2023,April,
Dominica,2023,May,5
Dominica,2023,June,
Dominica,2023,July,
Dominica,2023,August,5
Dominica,2023,September,
Dominica,2023,October,
Dominica,2023,November,
Dominica,2023,December,10
Dominica,2023,Total,55
Dominica,2024,January,
Dominica,2024,February,5
Dominica,2024,March,10
Dominica,2024,April,15
Dominica,2024,May,
Dominica,2024,June,5
Dominica,2024,July,
Dominica,2024,August,5
Dominica,2024,September,
Dominica,2024,October,5
Dominica,2024,November,5
Dominica,2024,December,
Dominica,2024,Total,65
Dominica,2025,January,
Dominica,2025,February,
Dominica,2025,March,5
Dominica,2025,April,
Dominica,2025,May,
Dominica,2025,June,
Dominica,2025,July,
Dominica,2025,August,
Dominica,2025,September,0
Dominica,2025,October,
Dominica,2025,November,
Dominica,2025,December,
Dominica,2025,Total,25
Dominica,2026,January,0
Dominica,2026,February,0
Dominica,2026,March,
Dominica,2026,April,
Dominica,2026,May,
Dominica,2026,Total,5
Dominican Republic,2023,January,110
Dominican Republic,2023,February,85
Dominican Republic,2023,March,80
Dominican Republic,2023,April,25
Dominican Republic,2023,May,80
Dominican Republic,2023,June,45
Dominican Republic,2023,July,60
Dominican Republic,2023,August,60
Dominican Republic,2023,September,35
Dominican Republic,2023,October,25
Dominican Republic,2023,November,35
Dominican Republic,2023,December,60
Dominican Republic,2023,Total,705
Dominican Republic,2024,January,55
Dominican Republic,2024,February,60
Dominican Republic,2024,March,55
Dominican Republic,2024,April,70
Dominican Republic,2024,May,80
Dominican Republic,2024,June,60
Dominican Republic,2024,July,70
Dominican Republic,2024,August,70
Dominican Republic,2024,September,65
Dominican Republic,2024,October,55
Dominican Republic,2024,November,70
Dominican Republic,2024,December,70
Dominican Republic,2024,Total,780
Dominican Republic,2025,January,55
Dominican Republic,2025,February,85
Dominican Republic,2025,March,65
Dominican Republic,2025,April,55
Dominican Republic,2025,May,65
Dominican Republic,2025,June,70
Dominican Republic,2025,July,45
Dominican Republic,2025,August,65
Dominican Republic,2025,September,70
Dominican Republic,2025,October,55
Dominican Republic,2025,November,55
Dominican Republic,2025,December,120
Dominican Republic,2025,Total,815
Dominican Republic,2026,January,60
Dominican Republic,2026,February,75
Dominican Republic,2026,March,85
Dominican Republic,2026,April,55
Dominican Republic,2026,May,55
Dominican Republic,2026,Total,335
"East Timor, Democratic Republic of",2023,January,0
"East Timor, Democratic Republic of",2023,February,0
"East Timor, Democratic Republic of",2023,March,0
"East Timor, Democratic Republic of",2023,April,0
"East Timor, Democratic Republic of",2023,May,0
"East Timor, Democratic Republic of",2023,June,0
"East Timor, Democratic Republic of",2023,July,0
"East Timor, Democratic Republic of",2023,August,0
"East Timor, Democratic Republic of",2023,September,0
"East Timor, Democratic Republic of",2023,October,0
"East Timor, Democratic Republic of",2023,November,
"East Timor, Democratic Republic of",2023,December,0
"East Timor, Democratic Republic of",2023,Total,
"East Timor, Democratic Republic of",2024,January,0
"East Timor, Democratic Republic of",2024,February,0
"East Timor, Democratic Republic of",2024,March,0
"East Timor, Democratic Republic of",2024,April,0
"East Timor, Democratic Republic of",2024,May,0
"East Timor, Democratic Republic of",2024,June,0
"East Timor, Democratic Republic of",2024,July,0
"East Timor, Democratic Republic of",2024,August,0
"East Timor, Democratic Republic of",2024,September,0
"East Timor, Democratic Republic of",2024,October,0
"East Timor, Democratic Republic of",2024,November,0
"East Timor, Democratic Republic of",2024,December,0
"East Timor, Democratic Republic of",2024,Total,0
"East Timor, Democratic Republic of",2025,January,0
"East Timor, Democratic Republic of",2025,February,0
"East Timor, Democratic Republic of",2025,March,0
"East Timor, Democratic Republic of",2025,April,0
"East Timor, Democratic Republic of",2025,May,0
"East Timor, Democratic Republic of",2025,June,0
"East Timor, Democratic Republic of",2025,July,0
"East Timor, Democratic Republic of",2025,August,0
"East Timor, Democratic Republic of",2025,September,0
"East Timor, Democratic Republic of",2025,October,0
"East Timor, Democratic Republic of",2025,November,0
"East Timor, Democratic Republic of",2025,December,0
"East Timor, Democratic Republic of",2025,Total,0
"East Timor, Democratic Republic of",2026,January,0
"East Timor, Democratic Republic of",2026,February,0
"East Timor, Democratic Republic of",2026,March,0
"East Timor, Democratic Republic of",2026,April,0
"East Timor, Democratic Republic of",2026,May,0
"East Timor, Democratic Republic of",2026,Total,0
Ecuador,2023,January,90
Ecuador,2023,February,115
Ecuador,2023,March,55
Ecuador,2023,April,40
Ecuador,2023,May,60
Ecuador,2023,June,65
Ecuador,2023,July,120
Ecuador,2023,August,60
Ecuador,2023,September,20
Ecuador,2023,October,60
Ecuador,2023,November,35
Ecuador,2023,December,75
Ecuador,2023,Total,790
Ecuador,2024,January,55
Ecuador,2024,February,70
Ecuador,2024,March,45
Ecuador,2024,April,70
Ecuador,2024,May,55
Ecuador,2024,June,75
Ecuador,2024,July,45
Ecuador,2024,August,75
Ecuador,2024,September,35
Ecuador,2024,October,55
Ecuador,2024,November,75
Ecuador,2024,December,50
Ecuador,2024,Total,705
Ecuador,2025,January,50
Ecuador,2025,February,55
Ecuador,2025,March,50
Ecuador,2025,April,45
Ecuador,2025,May,55
Ecuador,2025,June,55
Ecuador,2025,July,45
Ecuador,2025,August,45
Ecuador,2025,September,45
Ecuador,2025,October,55
Ecuador,2025,November,20
Ecuador,2025,December,20
Ecuador,2025,Total,535
Ecuador,2026,January,65
Ecuador,2026,February,60
Ecuador,2026,March,65
Ecuador,2026,April,60
Ecuador,2026,May,90
Ecuador,2026,Total,340
Egypt,2023,January,305
Egypt,2023,February,375
Egypt,2023,March,235
Egypt,2023,April,160
Egypt,2023,May,235
Egypt,2023,June,200
Egypt,2023,July,220
Egypt,2023,August,145
Egypt,2023,September,155
Egypt,2023,October,160
Egypt,2023,November,165
Egypt,2023,December,205
Egypt,2023,Total,2560
Egypt,2024,January,335
Egypt,2024,February,230
Egypt,2024,March,285
Egypt,2024,April,265
Egypt,2024,May,230
Egypt,2024,June,220
Egypt,2024,July,195
Egypt,2024,August,200
Egypt,2024,September,135
Egypt,2024,October,155
Egypt,2024,November,175
Egypt,2024,December,190
Egypt,2024,Total,2610
Egypt,2025,January,160
Egypt,2025,February,150
Egypt,2025,March,165
Egypt,2025,April,175
Egypt,2025,May,120
Egypt,2025,June,185
Egypt,2025,July,195
Egypt,2025,August,165
Egypt,2025,September,135
Egypt,2025,October,160
Egypt,2025,November,100
Egypt,2025,December,110
Egypt,2025,Total,1820
Egypt,2026,January,105
Egypt,2026,February,165
Egypt,2026,March,185
Egypt,2026,April,155
Egypt,2026,May,170
Egypt,2026,Total,785
El Salvador,2023,January,85
El Salvador,2023,February,60
El Salvador,2023,March,50
El Salvador,2023,April,25
El Salvador,2023,May,30
El Salvador,2023,June,45
El Salvador,2023,July,45
El Salvador,2023,August,30
El Salvador,2023,September,45
El Salvador,2023,October,50
El Salvador,2023,November,30
El Salvador,2023,December,45
El Salvador,2023,Total,535
El Salvador,2024,January,80
El Salvador,2024,February,45
El Salvador,2024,March,35
El Salvador,2024,April,45
El Salvador,2024,May,45
El Salvador,2024,June,30
El Salvador,2024,July,35
El Salvador,2024,August,35
El Salvador,2024,September,35
El Salvador,2024,October,60
El Salvador,2024,November,60
El Salvador,2024,December,60
El Salvador,2024,Total,570
El Salvador,2025,January,55
El Salvador,2025,February,55
El Salvador,2025,March,55
El Salvador,2025,April,35
El Salvador,2025,May,30
El Salvador,2025,June,55
El Salvador,2025,July,45
El Salvador,2025,August,45
El Salvador,2025,September,50
El Salvador,2025,October,45
El Salvador,2025,November,45
El Salvador,2025,December,55
El Salvador,2025,Total,560
El Salvador,2026,January,35
El Salvador,2026,February,55
El Salvador,2026,March,45
El Salvador,2026,April,55
El Salvador,2026,May,40
El Salvador,2026,Total,230
Equatorial Guinea,2023,January,0
Equatorial Guinea,2023,February,0
Equatorial Guinea,2023,March,
Equatorial Guinea,2023,April,0
Equatorial Guinea,2023,May,0
Equatorial Guinea,2023,June,0
Equatorial Guinea,2023,July,
Equatorial Guinea,2023,August,0
Equatorial Guinea,2023,September,0
Equatorial Guinea,2023,October,0
Equatorial Guinea,2023,November,
Equatorial Guinea,2023,December,0
Equatorial Guinea,2023,Total,
Equatorial Guinea,2024,January,0
Equatorial Guinea,2024,February,
Equatorial Guinea,2024,March,0
Equatorial Guinea,2024,April,
Equatorial Guinea,2024,May,0
Equatorial Guinea,2024,June,0
Equatorial Guinea,2024,July,0
Equatorial Guinea,2024,August,0
Equatorial Guinea,2024,September,0
Equatorial Guinea,2024,October,0
Equatorial Guinea,2024,November,0
Equatorial Guinea,2024,December,0
Equatorial Guinea,2024,Total,
Equatorial Guinea,2025,January,
Equatorial Guinea,2025,February,0
Equatorial Guinea,2025,March,
Equatorial Guinea,2025,April,0
Equatorial Guinea,2025,May,0
Equatorial Guinea,2025,June,
Equatorial Guinea,2025,July,5
Equatorial Guinea,2025,August,
Equatorial Guinea,2025,September,0
Equatorial Guinea,2025,October,0
Equatorial Guinea,2025,November,0
Equatorial Guinea,2025,December,0
Equatorial Guinea,2025,Total,10
Equatorial Guinea,2026,January,0
Equatorial Guinea,2026,February,0
Equatorial Guinea,2026,March,0
Equatorial Guinea,2026,April,0
Equatorial Guinea,2026,May,
Equatorial Guinea,2026,Total,
Eritrea,2023,January,910
Eritrea,2023,February,735
Eritrea,2023,March,585
Eritrea,2023,April,795
Eritrea,2023,May,890
Eritrea,2023,June,750
Eritrea,2023,July,970
Eritrea,2023,August,1000
Eritrea,2023,September,750
Eritrea,2023,October,910
Eritrea,2023,November,1570
Eritrea,2023,December,1430
Eritrea,2023,Total,11290
Eritrea,2024,January,1165
Eritrea,2024,February,1195
Eritrea,2024,March,1220
Eritrea,2024,April,1575
Eritrea,2024,May,1565
Eritrea,2024,June,1165
Eritrea,2024,July,1805
Eritrea,2024,August,1415
Eritrea,2024,September,1270
Eritrea,2024,October,1090
Eritrea,2024,November,1505
Eritrea,2024,December,450
Eritrea,2024,Total,15420
Eritrea,2025,January,1005
Eritrea,2025,February,700
Eritrea,2025,March,640
Eritrea,2025,April,890
Eritrea,2025,May,840
Eritrea,2025,June,525
Eritrea,2025,July,1120
Eritrea,2025,August,915
Eritrea,2025,September,1785
Eritrea,2025,October,1585
Eritrea,2025,November,945
Eritrea,2025,December,275
Eritrea,2025,Total,11235
Eritrea,2026,January,760
Eritrea,2026,February,950
Eritrea,2026,March,545
Eritrea,2026,April,1210
Eritrea,2026,May,615
Eritrea,2026,Total,4085
Estonia,2023,January,5
Estonia,2023,February,
Estonia,2023,March,
Estonia,2023,April,0
Estonia,2023,May,0
Estonia,2023,June,
Estonia,2023,July,
Estonia,2023,August,0
Estonia,2023,September,
Estonia,2023,October,
Estonia,2023,November,
Estonia,2023,December,
Estonia,2023,Total,15
Estonia,2024,January,
Estonia,2024,February,
Estonia,2024,March,
Estonia,2024,April,
Estonia,2024,May,
Estonia,2024,June,
Estonia,2024,July,
Estonia,2024,August,
Estonia,2024,September,0
Estonia,2024,October,
Estonia,2024,November,0
Estonia,2024,December,
Estonia,2024,Total,15
Estonia,2025,January,0
Estonia,2025,February,0
Estonia,2025,March,
Estonia,2025,April,0
Estonia,2025,May,
Estonia,2025,June,
Estonia,2025,July,
Estonia,2025,August,
Estonia,2025,September,
Estonia,2025,October,
Estonia,2025,November,0
Estonia,2025,December,0
Estonia,2025,Total,10
Estonia,2026,January,0
Estonia,2026,February,
Estonia,2026,March,
Estonia,2026,April,0
Estonia,2026,May,0
Estonia,2026,Total,
Ethiopia,2023,January,305
Ethiopia,2023,February,290
Ethiopia,2023,March,350
Ethiopia,2023,April,260
Ethiopia,2023,May,470
Ethiopia,2023,June,475
Ethiopia,2023,July,320
Ethiopia,2023,August,375
Ethiopia,2023,September,210
Ethiopia,2023,October,245
Ethiopia,2023,November,290
Ethiopia,2023,December,295
Ethiopia,2023,Total,3880
Ethiopia,2024,January,275
Ethiopia,2024,February,260
Ethiopia,2024,March,410
Ethiopia,2024,April,300
Ethiopia,2024,May,415
Ethiopia,2024,June,300
Ethiopia,2024,July,450
Ethiopia,2024,August,395
Ethiopia,2024,September,460
Ethiopia,2024,October,565
Ethiopia,2024,November,485
Ethiopia,2024,December,235
Ethiopia,2024,Total,4550
Ethiopia,2025,January,355
Ethiopia,2025,February,245
Ethiopia,2025,March,265
Ethiopia,2025,April,380
Ethiopia,2025,May,350
Ethiopia,2025,June,260
Ethiopia,2025,July,340
Ethiopia,2025,August,305
Ethiopia,2025,September,450
Ethiopia,2025,October,495
Ethiopia,2025,November,335
Ethiopia,2025,December,195
Ethiopia,2025,Total,3970
Ethiopia,2026,January,150
Ethiopia,2026,February,275
Ethiopia,2026,March,270
Ethiopia,2026,April,420
Ethiopia,2026,May,400
Ethiopia,2026,Total,1520
Federal Republic of Cameroon,2023,January,880
Federal Republic of Cameroon,2023,February,780
Federal Republic of Cameroon,2023,March,1045
Federal Republic of Cameroon,2023,April,495
Federal Republic of Cameroon,2023,May,855
Federal Republic of Cameroon,2023,June,575
Federal Republic of Cameroon,2023,July,1300
Federal Republic of Cameroon,2023,August,1590
Federal Republic of Cameroon,2023,September,1370
Federal Republic of Cameroon,2023,October,1385
Federal Republic of Cameroon,2023,November,1320
Federal Republic of Cameroon,2023,December,1490
Federal Republic of Cameroon,2023,Total,13085
Federal Republic of Cameroon,2024,January,1535
Federal Republic of Cameroon,2024,February,1540
Federal Republic of Cameroon,2024,March,1420
Federal Republic of Cameroon,2024,April,1215
Federal Republic of Cameroon,2024,May,1700
Federal Republic of Cameroon,2024,June,2250
Federal Republic of Cameroon,2024,July,2725
Federal Republic of Cameroon,2024,August,2615
Federal Republic of Cameroon,2024,September,1750
Federal Republic of Cameroon,2024,October,1865
Federal Republic of Cameroon,2024,November,2130
Federal Republic of Cameroon,2024,December,1630
Federal Republic of Cameroon,2024,Total,22365
Federal Republic of Cameroon,2025,January,2005
Federal Republic of Cameroon,2025,February,1405
Federal Republic of Cameroon,2025,March,1500
Federal Republic of Cameroon,2025,April,1520
Federal Republic of Cameroon,2025,May,1785
Federal Republic of Cameroon,2025,June,1865
Federal Republic of Cameroon,2025,July,1680
Federal Republic of Cameroon,2025,August,1975
Federal Republic of Cameroon,2025,September,3030
Federal Republic of Cameroon,2025,October,2625
Federal Republic of Cameroon,2025,November,1680
Federal Republic of Cameroon,2025,December,1635
Federal Republic of Cameroon,2025,Total,22700
Federal Republic of Cameroon,2026,January,1285
Federal Republic of Cameroon,2026,February,1125
Federal Republic of Cameroon,2026,March,1075
Federal Republic of Cameroon,2026,April,1910
Federal Republic of Cameroon,2026,May,1755
Federal Republic of Cameroon,2026,Total,7150
Federal Republic of Germany,2023,January,215
Federal Republic of Germany,2023,February,165
Federal Republic of Germany,2023,March,105
Federal Republic of Germany,2023,April,70
Federal Republic of Germany,2023,May,90
Federal Republic of Germany,2023,June,80
Federal Republic of Germany,2023,July,65
Federal Republic of Germany,2023,August,105
Federal Republic of Germany,2023,September,30
Federal Republic of Germany,2023,October,60
Federal Republic of Germany,2023,November,75
Federal Republic of Germany,2023,December,100
Federal Republic of Germany,2023,Total,1155
Federal Republic of Germany,2024,January,105
Federal Republic of Germany,2024,February,85
Federal Republic of Germany,2024,March,70
Federal Republic of Germany,2024,April,80
Federal Republic of Germany,2024,May,90
Federal Republic of Germany,2024,June,80
Federal Republic of Germany,2024,July,115
Federal Republic of Germany,2024,August,90
Federal Republic of Germany,2024,September,50
Federal Republic of Germany,2024,October,60
Federal Republic of Germany,2024,November,75
Federal Republic of Germany,2024,December,50
Federal Republic of Germany,2024,Total,945
Federal Republic of Germany,2025,January,60
Federal Republic of Germany,2025,February,65
Federal Republic of Germany,2025,March,60
Federal Republic of Germany,2025,April,50
Federal Republic of Germany,2025,May,45
Federal Republic of Germany,2025,June,60
Federal Republic of Germany,2025,July,60
Federal Republic of Germany,2025,August,50
Federal Republic of Germany,2025,September,70
Federal Republic of Germany,2025,October,65
Federal Republic of Germany,2025,November,30
Federal Republic of Germany,2025,December,45
Federal Republic of Germany,2025,Total,665
Federal Republic of Germany,2026,January,35
Federal Republic of Germany,2026,February,85
Federal Republic of Germany,2026,March,70
Federal Republic of Germany,2026,April,55
Federal Republic of Germany,2026,May,55
Federal Republic of Germany,2026,Total,295
Federated States of Micronesia,2023,January,0
Federated States of Micronesia,2023,February,0
Federated States of Micronesia,2023,March,0
Federated States of Micronesia,2023,April,0
Federated States of Micronesia,2023,May,0
Federated States of Micronesia,2023,June,0
Federated States of Micronesia,2023,July,0
Federated States of Micronesia,2023,August,0
Federated States of Micronesia,2023,September,0
Federated States of Micronesia,2023,October,0
Federated States of Micronesia,2023,November,0
Federated States of Micronesia,2023,December,0
Federated States of Micronesia,2023,Total,0
Federated States of Micronesia,2024,January,0
Federated States of Micronesia,2024,February,0
Federated States of Micronesia,2024,March,
Federated States of Micronesia,2024,April,0
Federated States of Micronesia,2024,May,0
Federated States of Micronesia,2024,June,0
Federated States of Micronesia,2024,July,0
Federated States of Micronesia,2024,August,0
Federated States of Micronesia,2024,September,0
Federated States of Micronesia,2024,October,0
Federated States of Micronesia,2024,November,0
Federated States of Micronesia,2024,December,0
Federated States of Micronesia,2024,Total,
Federated States of Micronesia,2025,January,0
Federated States of Micronesia,2025,February,0
Federated States of Micronesia,2025,March,0
Federated States of Micronesia,2025,April,0
Federated States of Micronesia,2025,May,0
Federated States of Micronesia,2025,June,0
Federated States of Micronesia,2025,July,0
Federated States of Micronesia,2025,August,0
Federated States of Micronesia,2025,September,0
Federated States of Micronesia,2025,October,0
Federated States of Micronesia,2025,November,0
Federated States of Micronesia,2025,December,0
Federated States of Micronesia,2025,Total,0
Federated States of Micronesia,2026,January,0
Federated States of Micronesia,2026,February,0
Federated States of Micronesia,2026,March,0
Federated States of Micronesia,2026,April,0
Federated States of Micronesia,2026,May,0
Federated States of Micronesia,2026,Total,0
Fiji,2023,January,15
Fiji,2023,February,15
Fiji,2023,March,10
Fiji,2023,April,0
Fiji,2023,May,5
Fiji,2023,June,10
Fiji,2023,July,15
Fiji,2023,August,
Fiji,2023,September,
Fiji,2023,October,20
Fiji,2023,November,5
Fiji,2023,December,20
Fiji,2023,Total,125
Fiji,2024,January,10
Fiji,2024,February,
Fiji,2024,March,10
Fiji,2024,April,5
Fiji,2024,May,10
Fiji,2024,June,10
Fiji,2024,July,
Fiji,2024,August,
Fiji,2024,September,5
Fiji,2024,October,5
Fiji,2024,November,15
Fiji,2024,December,10
Fiji,2024,Total,90
Fiji,2025,January,10
Fiji,2025,February,
Fiji,2025,March,10
Fiji,2025,April,5
Fiji,2025,May,5
Fiji,2025,June,10
Fiji,2025,July,10
Fiji,2025,August,5
Fiji,2025,September,
Fiji,2025,October,15
Fiji,2025,November,10
Fiji,2025,December,
Fiji,2025,Total,100
Fiji,2026,January,
Fiji,2026,February,
Fiji,2026,March,
Fiji,2026,April,5
Fiji,2026,May,
Fiji,2026,Total,10
Finland,2023,January,15
Finland,2023,February,10
Finland,2023,March,25
Finland,2023,April,
Finland,2023,May,10
Finland,2023,June,10
Finland,2023,July,10
Finland,2023,August,
Finland,2023,September,
Finland,2023,October,
Finland,2023,November,
Finland,2023,December,10
Finland,2023,Total,95
Finland,2024,January,5
Finland,2024,February,5
Finland,2024,March,
Finland,2024,April,10
Finland,2024,May,5
Finland,2024,June,
Finland,2024,July,5
Finland,2024,August,
Finland,2024,September,10
Finland,2024,October,
Finland,2024,November,
Finland,2024,December,5
Finland,2024,Total,60
Finland,2025,January,10
Finland,2025,February,10
Finland,2025,March,10
Finland,2025,April,5
Finland,2025,May,5
Finland,2025,June,10
Finland,2025,July,
Finland,2025,August,
Finland,2025,September,
Finland,2025,October,5
Finland,2025,November,10
Finland,2025,December,5
Finland,2025,Total,85
Finland,2026,January,
Finland,2026,February,
Finland,2026,March,5
Finland,2026,April,
Finland,2026,May,10
Finland,2026,Total,20
France,2023,January,1550
France,2023,February,1345
France,2023,March,1110
France,2023,April,445
France,2023,May,600
France,2023,June,690
France,2023,July,1065
France,2023,August,910
France,2023,September,1095
France,2023,October,450
France,2023,November,310
France,2023,December,445
France,2023,Total,10015
France,2024,January,860
France,2024,February,775
France,2024,March,545
France,2024,April,880
France,2024,May,1025
France,2024,June,900
France,2024,July,1010
France,2024,August,1165
France,2024,September,475
France,2024,October,525
France,2024,November,1035
France,2024,December,680
France,2024,Total,9880
France,2025,January,550
France,2025,February,615
France,2025,March,995
France,2025,April,730
France,2025,May,1805
France,2025,June,1425
France,2025,July,1345
France,2025,August,1320
France,2025,September,1090
France,2025,October,925
France,2025,November,595
France,2025,December,760
France,2025,Total,12155
France,2026,January,620
France,2026,February,730
France,2026,March,835
France,2026,April,645
France,2026,May,545
France,2026,Total,3375
Gabon Republic,2023,January,
Gabon Republic,2023,February,10
Gabon Republic,2023,March,10
Gabon Republic,2023,April,5
Gabon Republic,2023,May,10
Gabon Republic,2023,June,5
Gabon Republic,2023,July,10
Gabon Republic,2023,August,5
Gabon Republic,2023,September,20
Gabon Republic,2023,October,15
Gabon Republic,2023,November,5
Gabon Republic,2023,December,10
Gabon Republic,2023,Total,115
Gabon Republic,2024,January,10
Gabon Republic,2024,February,10
Gabon Republic,2024,March,10
Gabon Republic,2024,April,
Gabon Republic,2024,May,25
Gabon Republic,2024,June,20
Gabon Republic,2024,July,15
Gabon Republic,2024,August,30
Gabon Republic,2024,September,10
Gabon Republic,2024,October,
Gabon Republic,2024,November,5
Gabon Republic,2024,December,10
Gabon Republic,2024,Total,150
Gabon Republic,2025,January,5
Gabon Republic,2025,February,15
Gabon Republic,2025,March,10
Gabon Republic,2025,April,10
Gabon Republic,2025,May,10
Gabon Republic,2025,June,25
Gabon Republic,2025,July,20
Gabon Republic,2025,August,15
Gabon Republic,2025,September,10
Gabon Republic,2025,October,25
Gabon Republic,2025,November,
Gabon Republic,2025,December,5
Gabon Republic,2025,Total,155
Gabon Republic,2026,January,10
Gabon Republic,2026,February,5
Gabon Republic,2026,March,5
Gabon Republic,2026,April,
Gabon Republic,2026,May,
Gabon Republic,2026,Total,30
Gambia,2023,January,10
Gambia,2023,February,20
Gambia,2023,March,20
Gambia,2023,April,5
Gambia,2023,May,
Gambia,2023,June,5
Gambia,2023,July,10
Gambia,2023,August,5
Gambia,2023,September,10
Gambia,2023,October,15
Gambia,2023,November,10
Gambia,2023,December,10
Gambia,2023,Total,125
Gambia,2024,January,25
Gambia,2024,February,
Gambia,2024,March,
Gambia,2024,April,15
Gambia,2024,May,15
Gambia,2024,June,5
Gambia,2024,July,5
Gambia,2024,August,
Gambia,2024,September,5
Gambia,2024,October,10
Gambia,2024,November,15
Gambia,2024,December,5
Gambia,2024,Total,115
Gambia,2025,January,5
Gambia,2025,February,5
Gambia,2025,March,10
Gambia,2025,April,
Gambia,2025,May,10
Gambia,2025,June,5
Gambia,2025,July,10
Gambia,2025,August,5
Gambia,2025,September,10
Gambia,2025,October,10
Gambia,2025,November,5
Gambia,2025,December,15
Gambia,2025,Total,100
Gambia,2026,January,5
Gambia,2026,February,10
Gambia,2026,March,5
Gambia,2026,April,10
Gambia,2026,May,20
Gambia,2026,Total,50
Georgia,2023,January,10
Georgia,2023,February,30
Georgia,2023,March,35
Georgia,2023,April,20
Georgia,2023,May,15
Georgia,2023,June,25
Georgia,2023,July,15
Georgia,2023,August,15
Georgia,2023,September,20
Georgia,2023,October,10
Georgia,2023,November,60
Georgia,2023,December,50
Georgia,2023,Total,300
Georgia,2024,January,30
Georgia,2024,February,10
Georgia,2024,March,10
Georgia,2024,April,15
Georgia,2024,May,30
Georgia,2024,June,5
Georgia,2024,July,15
Georgia,2024,August,25
Georgia,2024,September,25
Georgia,2024,October,10
Georgia,2024,November,20
Georgia,2024,December,15
Georgia,2024,Total,210
Georgia,2025,January,15
Georgia,2025,February,5
Georgia,2025,March,25
Georgia,2025,April,15
Georgia,2025,May,15
Georgia,2025,June,30
Georgia,2025,July,10
Georgia,2025,August,15
Georgia,2025,September,25
Georgia,2025,October,20
Georgia,2025,November,15
Georgia,2025,December,20
Georgia,2025,Total,225
Georgia,2026,January,
Georgia,2026,February,10
Georgia,2026,March,15
Georgia,2026,April,25
Georgia,2026,May,20
Georgia,2026,Total,70
Ghana,2023,January,210
Ghana,2023,February,200
Ghana,2023,March,180
Ghana,2023,April,100
Ghana,2023,May,145
Ghana,2023,June,135
Ghana,2023,July,130
Ghana,2023,August,70
Ghana,2023,September,90
Ghana,2023,October,95
Ghana,2023,November,125
Ghana,2023,December,150
Ghana,2023,Total,1630
Ghana,2024,January,180
Ghana,2024,February,135
Ghana,2024,March,120
Ghana,2024,April,125
Ghana,2024,May,175
Ghana,2024,June,135
Ghana,2024,July,140
Ghana,2024,August,180
Ghana,2024,September,135
Ghana,2024,October,95
Ghana,2024,November,140
Ghana,2024,December,130
Ghana,2024,Total,1690
Ghana,2025,January,185
Ghana,2025,February,180
Ghana,2025,March,150
Ghana,2025,April,135
Ghana,2025,May,155
Ghana,2025,June,135
Ghana,2025,July,145
Ghana,2025,August,115
Ghana,2025,September,155
Ghana,2025,October,195
Ghana,2025,November,90
Ghana,2025,December,95
Ghana,2025,Total,1735
Ghana,2026,January,160
Ghana,2026,February,165
Ghana,2026,March,205
Ghana,2026,April,235
Ghana,2026,May,250
Ghana,2026,Total,1020
Greece,2023,January,55
Greece,2023,February,35
Greece,2023,March,40
Greece,2023,April,10
Greece,2023,May,20
Greece,2023,June,10
Greece,2023,July,35
Greece,2023,August,35
Greece,2023,September,10
Greece,2023,October,20
Greece,2023,November,
Greece,2023,December,25
Greece,2023,Total,305
Greece,2024,January,45
Greece,2024,February,25
Greece,2024,March,30
Greece,2024,April,20
Greece,2024,May,10
Greece,2024,June,15
Greece,2024,July,20
Greece,2024,August,15
Greece,2024,September,15
Greece,2024,October,20
Greece,2024,November,20
Greece,2024,December,15
Greece,2024,Total,250
Greece,2025,January,25
Greece,2025,February,20
Greece,2025,March,15
Greece,2025,April,5
Greece,2025,May,15
Greece,2025,June,15
Greece,2025,July,15
Greece,2025,August,15
Greece,2025,September,15
Greece,2025,October,5
Greece,2025,November,5
Greece,2025,December,15
Greece,2025,Total,170
Greece,2026,January,10
Greece,2026,February,30
Greece,2026,March,10
Greece,2026,April,15
Greece,2026,May,15
Greece,2026,Total,80
Grenada,2023,January,15
Grenada,2023,February,
Grenada,2023,March,15
Grenada,2023,April,10
Grenada,2023,May,
Grenada,2023,June,
Grenada,2023,July,
Grenada,2023,August,
Grenada,2023,September,0
Grenada,2023,October,
Grenada,2023,November,5
Grenada,2023,December,10
Grenada,2023,Total,70
Grenada,2024,January,10
Grenada,2024,February,5
Grenada,2024,March,5
Grenada,2024,April,5
Grenada,2024,May,10
Grenada,2024,June,10
Grenada,2024,July,15
Grenada,2024,August,
Grenada,2024,September,5
Grenada,2024,October,5
Grenada,2024,November,10
Grenada,2024,December,5
Grenada,2024,Total,90
Grenada,2025,January,
Grenada,2025,February,5
Grenada,2025,March,5
Grenada,2025,April,5
Grenada,2025,May,
Grenada,2025,June,10
Grenada,2025,July,
Grenada,2025,August,
Grenada,2025,September,
Grenada,2025,October,10
Grenada,2025,November,5
Grenada,2025,December,
Grenada,2025,Total,60
Grenada,2026,January,
Grenada,2026,February,
Grenada,2026,March,5
Grenada,2026,April,5
Grenada,2026,May,5
Grenada,2026,Total,25
Guatemala,2023,January,40
Guatemala,2023,February,25
Guatemala,2023,March,25
Guatemala,2023,April,20
Guatemala,2023,May,20
Guatemala,2023,June,15
Guatemala,2023,July,25
Guatemala,2023,August,20
Guatemala,2023,September,15
Guatemala,2023,October,30
Guatemala,2023,November,10
Guatemala,2023,December,20
Guatemala,2023,Total,265
Guatemala,2024,January,35
Guatemala,2024,February,20
Guatemala,2024,March,25
Guatemala,2024,April,25
Guatemala,2024,May,35
Guatemala,2024,June,15
Guatemala,2024,July,25
Guatemala,2024,August,25
Guatemala,2024,September,15
Guatemala,2024,October,30
Guatemala,2024,November,25
Guatemala,2024,December,25
Guatemala,2024,Total,300
Guatemala,2025,January,20
Guatemala,2025,February,40
Guatemala,2025,March,40
Guatemala,2025,April,35
Guatemala,2025,May,20
Guatemala,2025,June,25
Guatemala,2025,July,35
Guatemala,2025,August,30
Guatemala,2025,September,20
Guatemala,2025,October,30
Guatemala,2025,November,25
Guatemala,2025,December,35
Guatemala,2025,Total,360
Guatemala,2026,January,25
Guatemala,2026,February,25
Guatemala,2026,March,25
Guatemala,2026,April,20
Guatemala,2026,May,25
Guatemala,2026,Total,120
Guinea-Bissau,2023,January,
Guinea-Bissau,2023,February,
Guinea-Bissau,2023,March,
Guinea-Bissau,2023,April,
Guinea-Bissau,2023,May,0
Guinea-Bissau,2023,June,0
Guinea-Bissau,2023,July,0
Guinea-Bissau,2023,August,
Guinea-Bissau,2023,September,0
Guinea-Bissau,2023,October,
Guinea-Bissau,2023,November,
Guinea-Bissau,2023,December,0
Guinea-Bissau,2023,Total,10
Guinea-Bissau,2024,January,
Guinea-Bissau,2024,February,
Guinea-Bissau,2024,March,
Guinea-Bissau,2024,April,0
Guinea-Bissau,2024,May,
Guinea-Bissau,2024,June,0
Guinea-Bissau,2024,July,0
Guinea-Bissau,2024,August,0
Guinea-Bissau,2024,September,0
Guinea-Bissau,2024,October,0
Guinea-Bissau,2024,November,
Guinea-Bissau,2024,December,0
Guinea-Bissau,2024,Total,5
Guinea-Bissau,2025,January,0
Guinea-Bissau,2025,February,0
Guinea-Bissau,2025,March,0
Guinea-Bissau,2025,April,0
Guinea-Bissau,2025,May,0
Guinea-Bissau,2025,June,0
Guinea-Bissau,2025,July,0
Guinea-Bissau,2025,August,0
Guinea-Bissau,2025,September,
Guinea-Bissau,2025,October,
Guinea-Bissau,2025,November,0
Guinea-Bissau,2025,December,
Guinea-Bissau,2025,Total,5
Guinea-Bissau,2026,January,0
Guinea-Bissau,2026,February,0
Guinea-Bissau,2026,March,0
Guinea-Bissau,2026,April,
Guinea-Bissau,2026,May,
Guinea-Bissau,2026,Total,
"Guinea, Republic of",2023,January,45
"Guinea, Republic of",2023,February,40
"Guinea, Republic of",2023,March,50
"Guinea, Republic of",2023,April,35
"Guinea, Republic of",2023,May,20
"Guinea, Republic of",2023,June,35
"Guinea, Republic of",2023,July,50
"Guinea, Republic of",2023,August,25
"Guinea, Republic of",2023,September,70
"Guinea, Republic of",2023,October,50
"Guinea, Republic of",2023,November,45
"Guinea, Republic of",2023,December,40
"Guinea, Republic of",2023,Total,510
"Guinea, Republic of",2024,January,55
"Guinea, Republic of",2024,February,50
"Guinea, Republic of",2024,March,50
"Guinea, Republic of",2024,April,55
"Guinea, Republic of",2024,May,75
"Guinea, Republic of",2024,June,50
"Guinea, Republic of",2024,July,50
"Guinea, Republic of",2024,August,65
"Guinea, Republic of",2024,September,20
"Guinea, Republic of",2024,October,65
"Guinea, Republic of",2024,November,50
"Guinea, Republic of",2024,December,35
"Guinea, Republic of",2024,Total,620
"Guinea, Republic of",2025,January,35
"Guinea, Republic of",2025,February,50
"Guinea, Republic of",2025,March,65
"Guinea, Republic of",2025,April,45
"Guinea, Republic of",2025,May,75
"Guinea, Republic of",2025,June,65
"Guinea, Republic of",2025,July,80
"Guinea, Republic of",2025,August,85
"Guinea, Republic of",2025,September,85
"Guinea, Republic of",2025,October,80
"Guinea, Republic of",2025,November,35
"Guinea, Republic of",2025,December,60
"Guinea, Republic of",2025,Total,765
"Guinea, Republic of",2026,January,85
"Guinea, Republic of",2026,February,60
"Guinea, Republic of",2026,March,55
"Guinea, Republic of",2026,April,55
"Guinea, Republic of",2026,May,65
"Guinea, Republic of",2026,Total,325
Guyana,2023,January,75
Guyana,2023,February,55
Guyana,2023,March,55
Guyana,2023,April,20
Guyana,2023,May,35
Guyana,2023,June,50
Guyana,2023,July,25
Guyana,2023,August,35
Guyana,2023,September,25
Guyana,2023,October,20
Guyana,2023,November,30
Guyana,2023,December,25
Guyana,2023,Total,445
Guyana,2024,January,60
Guyana,2024,February,40
Guyana,2024,March,20
Guyana,2024,April,40
Guyana,2024,May,40
Guyana,2024,June,30
Guyana,2024,July,20
Guyana,2024,August,25
Guyana,2024,September,35
Guyana,2024,October,20
Guyana,2024,November,40
Guyana,2024,December,35
Guyana,2024,Total,410
Guyana,2025,January,25
Guyana,2025,February,15
Guyana,2025,March,25
Guyana,2025,April,15
Guyana,2025,May,15
Guyana,2025,June,30
Guyana,2025,July,25
Guyana,2025,August,35
Guyana,2025,September,35
Guyana,2025,October,45
Guyana,2025,November,25
Guyana,2025,December,10
Guyana,2025,Total,295
Guyana,2026,January,5
Guyana,2026,February,30
Guyana,2026,March,25
Guyana,2026,April,20
Guyana,2026,May,30
Guyana,2026,Total,105
Haiti,2023,January,695
Haiti,2023,February,265
Haiti,2023,March,275
Haiti,2023,April,155
Haiti,2023,May,155
Haiti,2023,June,175
Haiti,2023,July,245
Haiti,2023,August,255
Haiti,2023,September,235
Haiti,2023,October,180
Haiti,2023,November,230
Haiti,2023,December,245
Haiti,2023,Total,3110
Haiti,2024,January,345
Haiti,2024,February,280
Haiti,2024,March,260
Haiti,2024,April,240
Haiti,2024,May,365
Haiti,2024,June,715
Haiti,2024,July,1005
Haiti,2024,August,820
Haiti,2024,September,375
Haiti,2024,October,535
Haiti,2024,November,415
Haiti,2024,December,270
Haiti,2024,Total,5630
Haiti,2025,January,405
Haiti,2025,February,420
Haiti,2025,March,425
Haiti,2025,April,270
Haiti,2025,May,580
Haiti,2025,June,395
Haiti,2025,July,480
Haiti,2025,August,490
Haiti,2025,September,480
Haiti,2025,October,450
Haiti,2025,November,280
Haiti,2025,December,490
Haiti,2025,Total,5160
Haiti,2026,January,380
Haiti,2026,February,395
Haiti,2026,March,430
Haiti,2026,April,270
Haiti,2026,May,280
Haiti,2026,Total,1755
Honduras,2023,January,50
Honduras,2023,February,45
Honduras,2023,March,40
Honduras,2023,April,30
Honduras,2023,May,35
Honduras,2023,June,20
Honduras,2023,July,20
Honduras,2023,August,25
Honduras,2023,September,50
Honduras,2023,October,55
Honduras,2023,November,25
Honduras,2023,December,25
Honduras,2023,Total,425
Honduras,2024,January,70
Honduras,2024,February,30
Honduras,2024,March,15
Honduras,2024,April,30
Honduras,2024,May,45
Honduras,2024,June,30
Honduras,2024,July,45
Honduras,2024,August,35
Honduras,2024,September,40
Honduras,2024,October,55
Honduras,2024,November,55
Honduras,2024,December,50
Honduras,2024,Total,505
Honduras,2025,January,45
Honduras,2025,February,30
Honduras,2025,March,30
Honduras,2025,April,15
Honduras,2025,May,50
Honduras,2025,June,35
Honduras,2025,July,35
Honduras,2025,August,45
Honduras,2025,September,35
Honduras,2025,October,25
Honduras,2025,November,50
Honduras,2025,December,35
Honduras,2025,Total,435
Honduras,2026,January,30
Honduras,2026,February,45
Honduras,2026,March,35
Honduras,2026,April,30
Honduras,2026,May,30
Honduras,2026,Total,170
Hong Kong,2023,January,755
Hong Kong,2023,February,525
Hong Kong,2023,March,805
Hong Kong,2023,April,350
Hong Kong,2023,May,720
Hong Kong,2023,June,670
Hong Kong,2023,July,745
Hong Kong,2023,August,700
Hong Kong,2023,September,410
Hong Kong,2023,October,415
Hong Kong,2023,November,820
Hong Kong,2023,December,730
Hong Kong,2023,Total,7650
Hong Kong,2024,January,555
Hong Kong,2024,February,170
Hong Kong,2024,March,190
Hong Kong,2024,April,335
Hong Kong,2024,May,615
Hong Kong,2024,June,390
Hong Kong,2024,July,420
Hong Kong,2024,August,190
Hong Kong,2024,September,40
Hong Kong,2024,October,35
Hong Kong,2024,November,45
Hong Kong,2024,December,30
Hong Kong,2024,Total,3020
Hong Kong,2025,January,20
Hong Kong,2025,February,35
Hong Kong,2025,March,15
Hong Kong,2025,April,15
Hong Kong,2025,May,25
Hong Kong,2025,June,25
Hong Kong,2025,July,15
Hong Kong,2025,August,20
Hong Kong,2025,September,20
Hong Kong,2025,October,25
Hong Kong,2025,November,15
Hong Kong,2025,December,15
Hong Kong,2025,Total,245
Hong Kong,2026,January,25
Hong Kong,2026,February,20
Hong Kong,2026,March,20
Hong Kong,2026,April,30
Hong Kong,2026,May,20
Hong Kong,2026,Total,115
Hungary,2023,January,75
Hungary,2023,February,50
Hungary,2023,March,50
Hungary,2023,April,15
Hungary,2023,May,40
Hungary,2023,June,30
Hungary,2023,July,25
Hungary,2023,August,25
Hungary,2023,September,5
Hungary,2023,October,20
Hungary,2023,November,5
Hungary,2023,December,20
Hungary,2023,Total,365
Hungary,2024,January,35
Hungary,2024,February,10
Hungary,2024,March,35
Hungary,2024,April,45
Hungary,2024,May,50
Hungary,2024,June,20
Hungary,2024,July,30
Hungary,2024,August,20
Hungary,2024,September,10
Hungary,2024,October,15
Hungary,2024,November,35
Hungary,2024,December,10
Hungary,2024,Total,310
Hungary,2025,January,40
Hungary,2025,February,25
Hungary,2025,March,15
Hungary,2025,April,5
Hungary,2025,May,15
Hungary,2025,June,5
Hungary,2025,July,10
Hungary,2025,August,20
Hungary,2025,September,20
Hungary,2025,October,25
Hungary,2025,November,25
Hungary,2025,December,15
Hungary,2025,Total,220
Hungary,2026,January,15
Hungary,2026,February,25
Hungary,2026,March,25
Hungary,2026,April,15
Hungary,2026,May,25
Hungary,2026,Total,105
Iceland,2023,January,
Iceland,2023,February,
Iceland,2023,March,
Iceland,2023,April,0
Iceland,2023,May,
Iceland,2023,June,0
Iceland,2023,July,0
Iceland,2023,August,0
Iceland,2023,September,0
Iceland,2023,October,
Iceland,2023,November,0
Iceland,2023,December,0
Iceland,2023,Total,15
Iceland,2024,January,5
Iceland,2024,February,0
Iceland,2024,March,
Iceland,2024,April,
Iceland,2024,May,
Iceland,2024,June,0
Iceland,2024,July,
Iceland,2024,August,
Iceland,2024,September,
Iceland,2024,October,0
Iceland,2024,November,0
Iceland,2024,December,0
Iceland,2024,Total,15
Iceland,2025,January,
Iceland,2025,February,0
Iceland,2025,March,
Iceland,2025,April,
Iceland,2025,May,
Iceland,2025,June,0
Iceland,2025,July,
Iceland,2025,August,
Iceland,2025,September,
Iceland,2025,October,
Iceland,2025,November,0
Iceland,2025,December,
Iceland,2025,Total,10
Iceland,2026,January,0
Iceland,2026,February,
Iceland,2026,March,
Iceland,2026,April,0
Iceland,2026,May,0
Iceland,2026,Total,
India,2023,January,15565
India,2023,February,16900
India,2023,March,14920
India,2023,April,8155
India,2023,May,12440
India,2023,June,12555
India,2023,July,12530
India,2023,August,11785
India,2023,September,6200
India,2023,October,8620
India,2023,November,6980
India,2023,December,11435
India,2023,Total,138085
India,2024,January,17165
India,2024,February,11290
India,2024,March,10325
India,2024,April,13110
India,2024,May,11460
India,2024,June,9425
India,2024,July,11575
India,2024,August,9840
India,2024,September,7165
India,2024,October,7400
India,2024,November,8590
India,2024,December,6295
India,2024,Total,123635
India,2025,January,12985
India,2025,February,11370
India,2025,March,9640
India,2025,April,7025
India,2025,May,8905
India,2025,June,9460
India,2025,July,8470
India,2025,August,7285
India,2025,September,6645
India,2025,October,6285
India,2025,November,4410
India,2025,December,4490
India,2025,Total,96965
India,2026,January,6985
India,2026,February,7175
India,2026,March,7545
India,2026,April,6530
India,2026,May,7595
India,2026,Total,35830
Iran,2023,January,940
Iran,2023,February,885
Iran,2023,March,840
Iran,2023,April,780
Iran,2023,May,1080
Iran,2023,June,1035
Iran,2023,July,925
Iran,2023,August,1410
Iran,2023,September,855
Iran,2023,October,975
Iran,2023,November,920
Iran,2023,December,1225
Iran,2023,Total,11870
Iran,2024,January,1605
Iran,2024,February,1070
Iran,2024,March,970
Iran,2024,April,1080
Iran,2024,May,1215
Iran,2024,June,605
Iran,2024,July,765
Iran,2024,August,780
Iran,2024,September,635
Iran,2024,October,605
Iran,2024,November,710
Iran,2024,December,435
Iran,2024,Total,10480
Iran,2025,January,585
Iran,2025,February,600
Iran,2025,March,420
Iran,2025,April,390
Iran,2025,May,525
Iran,2025,June,590
Iran,2025,July,785
Iran,2025,August,720
Iran,2025,September,650
Iran,2025,October,930
Iran,2025,November,525
Iran,2025,December,435
Iran,2025,Total,7165
Iran,2026,January,505
Iran,2026,February,520
Iran,2026,March,515
Iran,2026,April,530
Iran,2026,May,725
Iran,2026,Total,2795
Iraq,2023,January,285
Iraq,2023,February,285
Iraq,2023,March,340
Iraq,2023,April,160
Iraq,2023,May,175
Iraq,2023,June,345
Iraq,2023,July,85
Iraq,2023,August,130
Iraq,2023,September,85
Iraq,2023,October,70
Iraq,2023,November,60
Iraq,2023,December,85
Iraq,2023,Total,2110
Iraq,2024,January,330
Iraq,2024,February,215
Iraq,2024,March,240
Iraq,2024,April,200
Iraq,2024,May,150
Iraq,2024,June,80
Iraq,2024,July,70
Iraq,2024,August,95
Iraq,2024,September,80
Iraq,2024,October,55
Iraq,2024,November,110
Iraq,2024,December,55
Iraq,2024,Total,1675
Iraq,2025,January,90
Iraq,2025,February,115
Iraq,2025,March,115
Iraq,2025,April,65
Iraq,2025,May,185
Iraq,2025,June,205
Iraq,2025,July,315
Iraq,2025,August,255
Iraq,2025,September,250
Iraq,2025,October,220
Iraq,2025,November,70
Iraq,2025,December,85
Iraq,2025,Total,1965
Iraq,2026,January,170
Iraq,2026,February,185
Iraq,2026,March,195
Iraq,2026,April,145
Iraq,2026,May,210
Iraq,2026,Total,905
Israel,2023,January,130
Israel,2023,February,150
Israel,2023,March,95
Israel,2023,April,45
Israel,2023,May,75
Israel,2023,June,55
Israel,2023,July,55
Israel,2023,August,100
Israel,2023,September,50
Israel,2023,October,60
Israel,2023,November,50
Israel,2023,December,90
Israel,2023,Total,955
Israel,2024,January,115
Israel,2024,February,55
Israel,2024,March,65
Israel,2024,April,115
Israel,2024,May,105
Israel,2024,June,55
Israel,2024,July,75
Israel,2024,August,70
Israel,2024,September,55
Israel,2024,October,55
Israel,2024,November,65
Israel,2024,December,30
Israel,2024,Total,850
Israel,2025,January,80
Israel,2025,February,50
Israel,2025,March,45
Israel,2025,April,30
Israel,2025,May,60
Israel,2025,June,70
Israel,2025,July,70
Israel,2025,August,35
Israel,2025,September,45
Israel,2025,October,30
Israel,2025,November,20
Israel,2025,December,30
Israel,2025,Total,570
Israel,2026,January,40
Israel,2026,February,35
Israel,2026,March,50
Israel,2026,April,30
Israel,2026,May,40
Israel,2026,Total,195
Italy,2023,January,230
Italy,2023,February,170
Italy,2023,March,140
Italy,2023,April,50
Italy,2023,May,105
Italy,2023,June,85
Italy,2023,July,75
Italy,2023,August,100
Italy,2023,September,60
Italy,2023,October,75
Italy,2023,November,45
Italy,2023,December,80
Italy,2023,Total,1215
Italy,2024,January,125
Italy,2024,February,90
Italy,2024,March,65
Italy,2024,April,70
Italy,2024,May,70
Italy,2024,June,65
Italy,2024,July,70
Italy,2024,August,65
Italy,2024,September,65
Italy,2024,October,25
Italy,2024,November,75
Italy,2024,December,35
Italy,2024,Total,825
Italy,2025,January,70
Italy,2025,February,40
Italy,2025,March,85
Italy,2025,April,40
Italy,2025,May,55
Italy,2025,June,75
Italy,2025,July,75
Italy,2025,August,40
Italy,2025,September,60
Italy,2025,October,45
Italy,2025,November,30
Italy,2025,December,45
Italy,2025,Total,660
Italy,2026,January,35
Italy,2026,February,65
Italy,2026,March,45
Italy,2026,April,65
Italy,2026,May,50
Italy,2026,Total,255
Jamaica,2023,January,755
Jamaica,2023,February,530
Jamaica,2023,March,440
Jamaica,2023,April,285
Jamaica,2023,May,470
Jamaica,2023,June,260
Jamaica,2023,July,185
Jamaica,2023,August,280
Jamaica,2023,September,240
Jamaica,2023,October,280
Jamaica,2023,November,305
Jamaica,2023,December,390
Jamaica,2023,Total,4420
Jamaica,2024,January,450
Jamaica,2024,February,335
Jamaica,2024,March,295
Jamaica,2024,April,330
Jamaica,2024,May,300
Jamaica,2024,June,240
Jamaica,2024,July,270
Jamaica,2024,August,300
Jamaica,2024,September,240
Jamaica,2024,October,315
Jamaica,2024,November,415
Jamaica,2024,December,295
Jamaica,2024,Total,3785
Jamaica,2025,January,320
Jamaica,2025,February,265
Jamaica,2025,March,220
Jamaica,2025,April,175
Jamaica,2025,May,210
Jamaica,2025,June,275
Jamaica,2025,July,230
Jamaica,2025,August,240
Jamaica,2025,September,280
Jamaica,2025,October,255
Jamaica,2025,November,175
Jamaica,2025,December,215
Jamaica,2025,Total,2870
Jamaica,2026,January,225
Jamaica,2026,February,285
Jamaica,2026,March,255
Jamaica,2026,April,310
Jamaica,2026,May,290
Jamaica,2026,Total,1360
Japan,2023,January,190
Japan,2023,February,170
Japan,2023,March,110
Japan,2023,April,40
Japan,2023,May,90
Japan,2023,June,60
Japan,2023,July,75
Japan,2023,August,100
Japan,2023,September,35
Japan,2023,October,40
Japan,2023,November,50
Japan,2023,December,65
Japan,2023,Total,1025
Japan,2024,January,120
Japan,2024,February,95
Japan,2024,March,60
Japan,2024,April,100
Japan,2024,May,70
Japan,2024,June,80
Japan,2024,July,70
Japan,2024,August,80
Japan,2024,September,30
Japan,2024,October,45
Japan,2024,November,75
Japan,2024,December,70
Japan,2024,Total,890
Japan,2025,January,45
Japan,2025,February,65
Japan,2025,March,55
Japan,2025,April,30
Japan,2025,May,45
Japan,2025,June,75
Japan,2025,July,65
Japan,2025,August,50
Japan,2025,September,60
Japan,2025,October,50
Japan,2025,November,50
Japan,2025,December,45
Japan,2025,Total,635
Japan,2026,January,30
Japan,2026,February,65
Japan,2026,March,50
Japan,2026,April,50
Japan,2026,May,35
Japan,2026,Total,235
Jordan,2023,January,160
Jordan,2023,February,120
Jordan,2023,March,105
Jordan,2023,April,80
Jordan,2023,May,125
Jordan,2023,June,95
Jordan,2023,July,115
Jordan,2023,August,100
Jordan,2023,September,70
Jordan,2023,October,60
Jordan,2023,November,70
Jordan,2023,December,95
Jordan,2023,Total,1195
Jordan,2024,January,135
Jordan,2024,February,100
Jordan,2024,March,105
Jordan,2024,April,120
Jordan,2024,May,140
Jordan,2024,June,100
Jordan,2024,July,105
Jordan,2024,August,85
Jordan,2024,September,125
Jordan,2024,October,105
Jordan,2024,November,135
Jordan,2024,December,100
Jordan,2024,Total,1350
Jordan,2025,January,90
Jordan,2025,February,65
Jordan,2025,March,65
Jordan,2025,April,70
Jordan,2025,May,65
Jordan,2025,June,80
Jordan,2025,July,80
Jordan,2025,August,55
Jordan,2025,September,60
Jordan,2025,October,65
Jordan,2025,November,45
Jordan,2025,December,65
Jordan,2025,Total,800
Jordan,2026,January,45
Jordan,2026,February,70
Jordan,2026,March,60
Jordan,2026,April,125
Jordan,2026,May,95
Jordan,2026,Total,390
Kazakhstan,2023,January,35
Kazakhstan,2023,February,55
Kazakhstan,2023,March,40
Kazakhstan,2023,April,30
Kazakhstan,2023,May,30
Kazakhstan,2023,June,45
Kazakhstan,2023,July,35
Kazakhstan,2023,August,65
Kazakhstan,2023,September,20
Kazakhstan,2023,October,25
Kazakhstan,2023,November,30
Kazakhstan,2023,December,35
Kazakhstan,2023,Total,440
Kazakhstan,2024,January,55
Kazakhstan,2024,February,40
Kazakhstan,2024,March,45
Kazakhstan,2024,April,35
Kazakhstan,2024,May,50
Kazakhstan,2024,June,15
Kazakhstan,2024,July,40
Kazakhstan,2024,August,20
Kazakhstan,2024,September,15
Kazakhstan,2024,October,10
Kazakhstan,2024,November,25
Kazakhstan,2024,December,20
Kazakhstan,2024,Total,370
Kazakhstan,2025,January,40
Kazakhstan,2025,February,20
Kazakhstan,2025,March,15
Kazakhstan,2025,April,20
Kazakhstan,2025,May,25
Kazakhstan,2025,June,30
Kazakhstan,2025,July,25
Kazakhstan,2025,August,15
Kazakhstan,2025,September,15
Kazakhstan,2025,October,20
Kazakhstan,2025,November,10
Kazakhstan,2025,December,10
Kazakhstan,2025,Total,240
Kazakhstan,2026,January,5
Kazakhstan,2026,February,15
Kazakhstan,2026,March,20
Kazakhstan,2026,April,25
Kazakhstan,2026,May,20
Kazakhstan,2026,Total,90
Kenya,2023,January,170
Kenya,2023,February,160
Kenya,2023,March,120
Kenya,2023,April,70
Kenya,2023,May,110
Kenya,2023,June,115
Kenya,2023,July,100
Kenya,2023,August,80
Kenya,2023,September,50
Kenya,2023,October,90
Kenya,2023,November,55
Kenya,2023,December,90
Kenya,2023,Total,1210
Kenya,2024,January,120
Kenya,2024,February,85
Kenya,2024,March,80
Kenya,2024,April,85
Kenya,2024,May,105
Kenya,2024,June,65
Kenya,2024,July,105
Kenya,2024,August,60
Kenya,2024,September,100
Kenya,2024,October,105
Kenya,2024,November,100
Kenya,2024,December,90
Kenya,2024,Total,1105
Kenya,2025,January,95
Kenya,2025,February,110
Kenya,2025,March,110
Kenya,2025,April,75
Kenya,2025,May,90
Kenya,2025,June,95
Kenya,2025,July,110
Kenya,2025,August,75
Kenya,2025,September,55
Kenya,2025,October,70
Kenya,2025,November,65
Kenya,2025,December,65
Kenya,2025,Total,1015
Kenya,2026,January,50
Kenya,2026,February,85
Kenya,2026,March,125
Kenya,2026,April,110
Kenya,2026,May,230
Kenya,2026,Total,600
Kiribati,2023,January,0
Kiribati,2023,February,0
Kiribati,2023,March,0
Kiribati,2023,April,0
Kiribati,2023,May,
Kiribati,2023,June,0
Kiribati,2023,July,0
Kiribati,2023,August,0
Kiribati,2023,September,0
Kiribati,2023,October,0
Kiribati,2023,November,0
Kiribati,2023,December,0
Kiribati,2023,Total,
Kiribati,2024,January,0
Kiribati,2024,February,0
Kiribati,2024,March,0
Kiribati,2024,April,0
Kiribati,2024,May,0
Kiribati,2024,June,0
Kiribati,2024,July,0
Kiribati,2024,August,0
Kiribati,2024,September,0
Kiribati,2024,October,0
Kiribati,2024,November,0
Kiribati,2024,December,0
Kiribati,2024,Total,0
Kiribati,2025,January,0
Kiribati,2025,February,0
Kiribati,2025,March,0
Kiribati,2025,April,0
Kiribati,2025,May,0
Kiribati,2025,June,0
Kiribati,2025,July,0
Kiribati,2025,August,0
Kiribati,2025,September,0
Kiribati,2025,October,0
Kiribati,2025,November,0
Kiribati,2025,December,0
Kiribati,2025,Total,0
Kiribati,2026,January,0
Kiribati,2026,February,0
Kiribati,2026,March,0
Kiribati,2026,April,0
Kiribati,2026,May,0
Kiribati,2026,Total,0
"Korea, People's Democratic Republic of",2023,January,
"Korea, People's Democratic Republic of",2023,February,0
"Korea, People's Democratic Republic of",2023,March,0
"Korea, People's Democratic Republic of",2023,April,0
"Korea, People's Democratic Republic of",2023,May,0
"Korea, People's Democratic Republic of",2023,June,
"Korea, People's Democratic Republic of",2023,July,
"Korea, People's Democratic Republic of",2023,August,0
"Korea, People's Democratic Republic of",2023,September,0
"Korea, People's Democratic Republic of",2023,October,0
"Korea, People's Democratic Republic of",2023,November,0
"Korea, People's Democratic Republic of",2023,December,0
"Korea, People's Democratic Republic of",2023,Total,
"Korea, People's Democratic Republic of",2024,January,0
"Korea, People's Democratic Republic of",2024,February,0
"Korea, People's Democratic Republic of",2024,March,0
"Korea, People's Democratic Republic of",2024,April,0
"Korea, People's Democratic Republic of",2024,May,
"Korea, People's Democratic Republic of",2024,June,
"Korea, People's Democratic Republic of",2024,July,0
"Korea, People's Democratic Republic of",2024,August,0
"Korea, People's Democratic Republic of",2024,September,0
"Korea, People's Democratic Republic of",2024,October,0
"Korea, People's Democratic Republic of",2024,November,
"Korea, People's Democratic Republic of",2024,December,0
"Korea, People's Democratic Republic of",2024,Total,5
"Korea, People's Democratic Republic of",2025,January,0
"Korea, People's Democratic Republic of",2025,February,0
"Korea, People's Democratic Republic of",2025,March,
"Korea, People's Democratic Republic of",2025,April,0
"Korea, People's Democratic Republic of",2025,May,0
"Korea, People's Democratic Republic of",2025,June,0
"Korea, People's Democratic Republic of",2025,July,0
"Korea, People's Democratic Republic of",2025,August,0
"Korea, People's Democratic Republic of",2025,September,0
"Korea, People's Democratic Republic of",2025,October,0
"Korea, People's Democratic Republic of",2025,November,0
"Korea, People's Democratic Republic of",2025,December,0
"Korea, People's Democratic Republic of",2025,Total,
"Korea, People's Democratic Republic of",2026,January,0
"Korea, People's Democratic Republic of",2026,February,0
"Korea, People's Democratic Republic of",2026,March,0
"Korea, People's Democratic Republic of",2026,April,0
"Korea, People's Democratic Republic of",2026,May,
"Korea, People's Democratic Republic of",2026,Total,
"Korea, Republic of",2023,January,1025
"Korea, Republic of",2023,February,800
"Korea, Republic of",2023,March,555
"Korea, Republic of",2023,April,185
"Korea, Republic of",2023,May,440
"Korea, Republic of",2023,June,340
"Korea, Republic of",2023,July,355
"Korea, Republic of",2023,August,395
"Korea, Republic of",2023,September,160
"Korea, Republic of",2023,October,200
"Korea, Republic of",2023,November,200
"Korea, Republic of",2023,December,490
"Korea, Republic of",2023,Total,5150
"Korea, Republic of",2024,January,630
"Korea, Republic of",2024,February,420
"Korea, Republic of",2024,March,275
"Korea, Republic of",2024,April,465
"Korea, Republic of",2024,May,505
"Korea, Republic of",2024,June,370
"Korea, Republic of",2024,July,405
"Korea, Republic of",2024,August,390
"Korea, Republic of",2024,September,230
"Korea, Republic of",2024,October,220
"Korea, Republic of",2024,November,290
"Korea, Republic of",2024,December,170
"Korea, Republic of",2024,Total,4370
"Korea, Republic of",2025,January,345
"Korea, Republic of",2025,February,305
"Korea, Republic of",2025,March,235
"Korea, Republic of",2025,April,125
"Korea, Republic of",2025,May,165
"Korea, Republic of",2025,June,235
"Korea, Republic of",2025,July,220
"Korea, Republic of",2025,August,130
"Korea, Republic of",2025,September,175
"Korea, Republic of",2025,October,150
"Korea, Republic of",2025,November,125
"Korea, Republic of",2025,December,145
"Korea, Republic of",2025,Total,2350
"Korea, Republic of",2026,January,130
"Korea, Republic of",2026,February,170
"Korea, Republic of",2026,March,160
"Korea, Republic of",2026,April,190
"Korea, Republic of",2026,May,175
"Korea, Republic of",2026,Total,820
"Kosovo, Republic of",2023,January,15
"Kosovo, Republic of",2023,February,30
"Kosovo, Republic of",2023,March,10
"Kosovo, Republic of",2023,April,5
"Kosovo, Republic of",2023,May,20
"Kosovo, Republic of",2023,June,25
"Kosovo, Republic of",2023,July,10
"Kosovo, Republic of",2023,August,
"Kosovo, Republic of",2023,September,
"Kosovo, Republic of",2023,October,10
"Kosovo, Republic of",2023,November,10
"Kosovo, Republic of",2023,December,
"Kosovo, Republic of",2023,Total,150
"Kosovo, Republic of",2024,January,10
"Kosovo, Republic of",2024,February,5
"Kosovo, Republic of",2024,March,10
"Kosovo, Republic of",2024,April,15
"Kosovo, Republic of",2024,May,20
"Kosovo, Republic of",2024,June,15
"Kosovo, Republic of",2024,July,20
"Kosovo, Republic of",2024,August,15
"Kosovo, Republic of",2024,September,10
"Kosovo, Republic of",2024,October,10
"Kosovo, Republic of",2024,November,5
"Kosovo, Republic of",2024,December,5
"Kosovo, Republic of",2024,Total,140
"Kosovo, Republic of",2025,January,20
"Kosovo, Republic of",2025,February,15
"Kosovo, Republic of",2025,March,15
"Kosovo, Republic of",2025,April,5
"Kosovo, Republic of",2025,May,
"Kosovo, Republic of",2025,June,10
"Kosovo, Republic of",2025,July,15
"Kosovo, Republic of",2025,August,15
"Kosovo, Republic of",2025,September,5
"Kosovo, Republic of",2025,October,10
"Kosovo, Republic of",2025,November,
"Kosovo, Republic of",2025,December,5
"Kosovo, Republic of",2025,Total,110
"Kosovo, Republic of",2026,January,
"Kosovo, Republic of",2026,February,10
"Kosovo, Republic of",2026,March,
"Kosovo, Republic of",2026,April,5
"Kosovo, Republic of",2026,May,10
"Kosovo, Republic of",2026,Total,30
Kuwait,2023,January,
Kuwait,2023,February,
Kuwait,2023,March,10
Kuwait,2023,April,
Kuwait,2023,May,5
Kuwait,2023,June,
Kuwait,2023,July,
Kuwait,2023,August,
Kuwait,2023,September,
Kuwait,2023,October,
Kuwait,2023,November,
Kuwait,2023,December,
Kuwait,2023,Total,40
Kuwait,2024,January,
Kuwait,2024,February,
Kuwait,2024,March,
Kuwait,2024,April,
Kuwait,2024,May,5
Kuwait,2024,June,
Kuwait,2024,July,
Kuwait,2024,August,
Kuwait,2024,September,
Kuwait,2024,October,0
Kuwait,2024,November,
Kuwait,2024,December,0
Kuwait,2024,Total,25
Kuwait,2025,January,10
Kuwait,2025,February,
Kuwait,2025,March,
Kuwait,2025,April,
Kuwait,2025,May,
Kuwait,2025,June,
Kuwait,2025,July,
Kuwait,2025,August,0
Kuwait,2025,September,
Kuwait,2025,October,5
Kuwait,2025,November,
Kuwait,2025,December,
Kuwait,2025,Total,30
Kuwait,2026,January,
Kuwait,2026,February,
Kuwait,2026,March,
Kuwait,2026,April,0
Kuwait,2026,May,
Kuwait,2026,Total,10
Kyrgyzstan,2023,January,
Kyrgyzstan,2023,February,10
Kyrgyzstan,2023,March,10
Kyrgyzstan,2023,April,5
Kyrgyzstan,2023,May,15
Kyrgyzstan,2023,June,10
Kyrgyzstan,2023,July,10
Kyrgyzstan,2023,August,20
Kyrgyzstan,2023,September,10
Kyrgyzstan,2023,October,10
Kyrgyzstan,2023,November,
Kyrgyzstan,2023,December,10
Kyrgyzstan,2023,Total,120
Kyrgyzstan,2024,January,20
Kyrgyzstan,2024,February,10
Kyrgyzstan,2024,March,
Kyrgyzstan,2024,April,5
Kyrgyzstan,2024,May,10
Kyrgyzstan,2024,June,
Kyrgyzstan,2024,July,15
Kyrgyzstan,2024,August,10
Kyrgyzstan,2024,September,10
Kyrgyzstan,2024,October,10
Kyrgyzstan,2024,November,10
Kyrgyzstan,2024,December,
Kyrgyzstan,2024,Total,105
Kyrgyzstan,2025,January,
Kyrgyzstan,2025,February,10
Kyrgyzstan,2025,March,15
Kyrgyzstan,2025,April,
Kyrgyzstan,2025,May,10
Kyrgyzstan,2025,June,
Kyrgyzstan,2025,July,
Kyrgyzstan,2025,August,5
Kyrgyzstan,2025,September,10
Kyrgyzstan,2025,October,
Kyrgyzstan,2025,November,
Kyrgyzstan,2025,December,10
Kyrgyzstan,2025,Total,75
Kyrgyzstan,2026,January,
Kyrgyzstan,2026,February,5
Kyrgyzstan,2026,March,0
Kyrgyzstan,2026,April,5
Kyrgyzstan,2026,May,
Kyrgyzstan,2026,Total,15
Laos,2023,January,
Laos,2023,February,
Laos,2023,March,
Laos,2023,April,0
Laos,2023,May,0
Laos,2023,June,
Laos,2023,July,
Laos,2023,August,
Laos,2023,September,
Laos,2023,October,
Laos,2023,November,0
Laos,2023,December,
Laos,2023,Total,15
Laos,2024,January,
Laos,2024,February,0
Laos,2024,March,0
Laos,2024,April,0
Laos,2024,May,0
Laos,2024,June,
Laos,2024,July,0
Laos,2024,August,0
Laos,2024,September,
Laos,2024,October,0
Laos,2024,November,5
Laos,2024,December,
Laos,2024,Total,15
Laos,2025,January,
Laos,2025,February,
Laos,2025,March,
Laos,2025,April,0
Laos,2025,May,
Laos,2025,June,
Laos,2025,July,
Laos,2025,August,
Laos,2025,September,0
Laos,2025,October,
Laos,2025,November,
Laos,2025,December,0
Laos,2025,Total,15
Laos,2026,January,
Laos,2026,February,
Laos,2026,March,0
Laos,2026,April,
Laos,2026,May,
Laos,2026,Total,5
Latvia,2023,January,10
Latvia,2023,February,10
Latvia,2023,March,5
Latvia,2023,April,0
Latvia,2023,May,5
Latvia,2023,June,
Latvia,2023,July,
Latvia,2023,August,5
Latvia,2023,September,5
Latvia,2023,October,10
Latvia,2023,November,
Latvia,2023,December,10
Latvia,2023,Total,75
Latvia,2024,January,5
Latvia,2024,February,5
Latvia,2024,March,
Latvia,2024,April,5
Latvia,2024,May,5
Latvia,2024,June,5
Latvia,2024,July,5
Latvia,2024,August,
Latvia,2024,September,
Latvia,2024,October,
Latvia,2024,November,5
Latvia,2024,December,
Latvia,2024,Total,55
Latvia,2025,January,10
Latvia,2025,February,0
Latvia,2025,March,
Latvia,2025,April,
Latvia,2025,May,5
Latvia,2025,June,
Latvia,2025,July,0
Latvia,2025,August,5
Latvia,2025,September,0
Latvia,2025,October,
Latvia,2025,November,
Latvia,2025,December,
Latvia,2025,Total,40
Latvia,2026,January,10
Latvia,2026,February,10
Latvia,2026,March,
Latvia,2026,April,0
Latvia,2026,May,
Latvia,2026,Total,25
Lebanon,2023,January,470
Lebanon,2023,February,425
Lebanon,2023,March,610
Lebanon,2023,April,330
Lebanon,2023,May,275
Lebanon,2023,June,305
Lebanon,2023,July,370
Lebanon,2023,August,325
Lebanon,2023,September,315
Lebanon,2023,October,325
Lebanon,2023,November,355
Lebanon,2023,December,420
Lebanon,2023,Total,4525
Lebanon,2024,January,450
Lebanon,2024,February,325
Lebanon,2024,March,230
Lebanon,2024,April,335
Lebanon,2024,May,355
Lebanon,2024,June,250
Lebanon,2024,July,410
Lebanon,2024,August,405
Lebanon,2024,September,315
Lebanon,2024,October,295
Lebanon,2024,November,295
Lebanon,2024,December,210
Lebanon,2024,Total,3870
Lebanon,2025,January,170
Lebanon,2025,February,180
Lebanon,2025,March,185
Lebanon,2025,April,125
Lebanon,2025,May,240
Lebanon,2025,June,190
Lebanon,2025,July,155
Lebanon,2025,August,165
Lebanon,2025,September,195
Lebanon,2025,October,180
Lebanon,2025,November,105
Lebanon,2025,December,155
Lebanon,2025,Total,2045
Lebanon,2026,January,100
Lebanon,2026,February,140
Lebanon,2026,March,190
Lebanon,2026,April,185
Lebanon,2026,May,165
Lebanon,2026,Total,780
Lesotho,2023,January,
Lesotho,2023,February,0
Lesotho,2023,March,
Lesotho,2023,April,0
Lesotho,2023,May,0
Lesotho,2023,June,0
Lesotho,2023,July,0
Lesotho,2023,August,0
Lesotho,2023,September,0
Lesotho,2023,October,
Lesotho,2023,November,0
Lesotho,2023,December,0
Lesotho,2023,Total,
Lesotho,2024,January,0
Lesotho,2024,February,0
Lesotho,2024,March,
Lesotho,2024,April,0
Lesotho,2024,May,0
Lesotho,2024,June,0
Lesotho,2024,July,0
Lesotho,2024,August,
Lesotho,2024,September,0
Lesotho,2024,October,
Lesotho,2024,November,
Lesotho,2024,December,
Lesotho,2024,Total,5
Lesotho,2025,January,0
Lesotho,2025,February,
Lesotho,2025,March,0
Lesotho,2025,April,0
Lesotho,2025,May,0
Lesotho,2025,June,
Lesotho,2025,July,0
Lesotho,2025,August,
Lesotho,2025,September,0
Lesotho,2025,October,0
Lesotho,2025,November,0
Lesotho,2025,December,
Lesotho,2025,Total,5
Lesotho,2026,January,0
Lesotho,2026,February,0
Lesotho,2026,March,0
Lesotho,2026,April,0
Lesotho,2026,May,0
Lesotho,2026,Total,0
Liberia,2023,January,
Liberia,2023,February,
Liberia,2023,March,
Liberia,2023,April,5
Liberia,2023,May,10
Liberia,2023,June,15
Liberia,2023,July,10
Liberia,2023,August,5
Liberia,2023,September,
Liberia,2023,October,5
Liberia,2023,November,10
Liberia,2023,December,10
Liberia,2023,Total,85
Liberia,2024,January,20
Liberia,2024,February,5
Liberia,2024,March,15
Liberia,2024,April,5
Liberia,2024,May,15
Liberia,2024,June,10
Liberia,2024,July,10
Liberia,2024,August,10
Liberia,2024,September,5
Liberia,2024,October,5
Liberia,2024,November,10
Liberia,2024,December,10
Liberia,2024,Total,125
Liberia,2025,January,5
Liberia,2025,February,
Liberia,2025,March,20
Liberia,2025,April,
Liberia,2025,May,5
Liberia,2025,June,15
Liberia,2025,July,
Liberia,2025,August,5
Liberia,2025,September,10
Liberia,2025,October,15
Liberia,2025,November,5
Liberia,2025,December,10
Liberia,2025,Total,105
Liberia,2026,January,
Liberia,2026,February,10
Liberia,2026,March,10
Liberia,2026,April,10
Liberia,2026,May,5
Liberia,2026,Total,40
Libya,2023,January,90
Libya,2023,February,45
Libya,2023,March,50
Libya,2023,April,40
Libya,2023,May,50
Libya,2023,June,15
Libya,2023,July,40
Libya,2023,August,30
Libya,2023,September,10
Libya,2023,October,35
Libya,2023,November,35
Libya,2023,December,25
Libya,2023,Total,455
Libya,2024,January,45
Libya,2024,February,30
Libya,2024,March,20
Libya,2024,April,25
Libya,2024,May,20
Libya,2024,June,40
Libya,2024,July,20
Libya,2024,August,50
Libya,2024,September,20
Libya,2024,October,30
Libya,2024,November,40
Libya,2024,December,5
Libya,2024,Total,340
Libya,2025,January,25
Libya,2025,February,50
Libya,2025,March,30
Libya,2025,April,15
Libya,2025,May,15
Libya,2025,June,15
Libya,2025,July,25
Libya,2025,August,15
Libya,2025,September,15
Libya,2025,October,20
Libya,2025,November,5
Libya,2025,December,15
Libya,2025,Total,260
Libya,2026,January,10
Libya,2026,February,5
Libya,2026,March,25
Libya,2026,April,15
Libya,2026,May,25
Libya,2026,Total,80
Liechtenstein,2023,January,0
Liechtenstein,2023,February,0
Liechtenstein,2023,March,0
Liechtenstein,2023,April,0
Liechtenstein,2023,May,0
Liechtenstein,2023,June,
Liechtenstein,2023,July,0
Liechtenstein,2023,August,0
Liechtenstein,2023,September,0
Liechtenstein,2023,October,0
Liechtenstein,2023,November,0
Liechtenstein,2023,December,0
Liechtenstein,2023,Total,
Liechtenstein,2024,January,0
Liechtenstein,2024,February,0
Liechtenstein,2024,March,0
Liechtenstein,2024,April,0
Liechtenstein,2024,May,0
Liechtenstein,2024,June,0
Liechtenstein,2024,July,0
Liechtenstein,2024,August,0
Liechtenstein,2024,September,0
Liechtenstein,2024,October,0
Liechtenstein,2024,November,0
Liechtenstein,2024,December,0
Liechtenstein,2024,Total,0
Liechtenstein,2025,January,0
Liechtenstein,2025,February,0
Liechtenstein,2025,March,0
Liechtenstein,2025,April,0
Liechtenstein,2025,May,0
Liechtenstein,2025,June,0
Liechtenstein,2025,July,0
Liechtenstein,2025,August,0
Liechtenstein,2025,September,0
Liechtenstein,2025,October,0
Liechtenstein,2025,November,0
Liechtenstein,2025,December,0
Liechtenstein,2025,Total,0
Liechtenstein,2026,January,0
Liechtenstein,2026,February,0
Liechtenstein,2026,March,0
Liechtenstein,2026,April,0
Liechtenstein,2026,May,0
Liechtenstein,2026,Total,0
Lithuania,2023,January,20
Lithuania,2023,February,20
Lithuania,2023,March,5
Lithuania,2023,April,
Lithuania,2023,May,10
Lithuania,2023,June,5
Lithuania,2023,July,
Lithuania,2023,August,10
Lithuania,2023,September,
Lithuania,2023,October,5
Lithuania,2023,November,0
Lithuania,2023,December,10
Lithuania,2023,Total,85
Lithuania,2024,January,15
Lithuania,2024,February,5
Lithuania,2024,March,
Lithuania,2024,April,5
Lithuania,2024,May,5
Lithuania,2024,June,5
Lithuania,2024,July,
Lithuania,2024,August,
Lithuania,2024,September,
Lithuania,2024,October,15
Lithuania,2024,November,10
Lithuania,2024,December,5
Lithuania,2024,Total,75
Lithuania,2025,January,5
Lithuania,2025,February,
Lithuania,2025,March,10
Lithuania,2025,April,
Lithuania,2025,May,
Lithuania,2025,June,
Lithuania,2025,July,
Lithuania,2025,August,
Lithuania,2025,September,
Lithuania,2025,October,
Lithuania,2025,November,
Lithuania,2025,December,
Lithuania,2025,Total,35
Lithuania,2026,January,
Lithuania,2026,February,5
Lithuania,2026,March,
Lithuania,2026,April,
Lithuania,2026,May,
Lithuania,2026,Total,15
Luxembourg,2023,January,
Luxembourg,2023,February,0
Luxembourg,2023,March,
Luxembourg,2023,April,0
Luxembourg,2023,May,
Luxembourg,2023,June,
Luxembourg,2023,July,
Luxembourg,2023,August,0
Luxembourg,2023,September,
Luxembourg,2023,October,
Luxembourg,2023,November,0
Luxembourg,2023,December,
Luxembourg,2023,Total,10
Luxembourg,2024,January,0
Luxembourg,2024,February,
Luxembourg,2024,March,0
Luxembourg,2024,April,0
Luxembourg,2024,May,0
Luxembourg,2024,June,
Luxembourg,2024,July,0
Luxembourg,2024,August,
Luxembourg,2024,September,0
Luxembourg,2024,October,
Luxembourg,2024,November,0
Luxembourg,2024,December,
Luxembourg,2024,Total,10
Luxembourg,2025,January,
Luxembourg,2025,February,
Luxembourg,2025,March,0
Luxembourg,2025,April,
Luxembourg,2025,May,
Luxembourg,2025,June,
Luxembourg,2025,July,
Luxembourg,2025,August,5
Luxembourg,2025,September,
Luxembourg,2025,October,0
Luxembourg,2025,November,
Luxembourg,2025,December,0
Luxembourg,2025,Total,15
Luxembourg,2026,January,
Luxembourg,2026,February,10
Luxembourg,2026,March,
Luxembourg,2026,April,0
Luxembourg,2026,May,
Luxembourg,2026,Total,15
Macao,2023,January,5
Macao,2023,February,
Macao,2023,March,
Macao,2023,April,
Macao,2023,May,
Macao,2023,June,0
Macao,2023,July,0
Macao,2023,August,5
Macao,2023,September,
Macao,2023,October,0
Macao,2023,November,
Macao,2023,December,
Macao,2023,Total,30
Macao,2024,January,
Macao,2024,February,
Macao,2024,March,
Macao,2024,April,5
Macao,2024,May,5
Macao,2024,June,
Macao,2024,July,
Macao,2024,August,
Macao,2024,September,0
Macao,2024,October,0
Macao,2024,November,
Macao,2024,December,
Macao,2024,Total,20
Macao,2025,January,0
Macao,2025,February,
Macao,2025,March,0
Macao,2025,April,0
Macao,2025,May,0
Macao,2025,June,0
Macao,2025,July,
Macao,2025,August,
Macao,2025,September,
Macao,2025,October,0
Macao,2025,November,0
Macao,2025,December,0
Macao,2025,Total,5
Macao,2026,January,0
Macao,2026,February,0
Macao,2026,March,0
Macao,2026,April,
Macao,2026,May,0
Macao,2026,Total,
Macedonia,2023,January,15
Macedonia,2023,February,10
Macedonia,2023,March,10
Macedonia,2023,April,
Macedonia,2023,May,
Macedonia,2023,June,10
Macedonia,2023,July,
Macedonia,2023,August,5
Macedonia,2023,September,
Macedonia,2023,October,
Macedonia,2023,November,
Macedonia,2023,December,
Macedonia,2023,Total,75
Macedonia,2024,January,10
Macedonia,2024,February,5
Macedonia,2024,March,5
Macedonia,2024,April,
Macedonia,2024,May,10
Macedonia,2024,June,5
Macedonia,2024,July,5
Macedonia,2024,August,5
Macedonia,2024,September,
Macedonia,2024,October,5
Macedonia,2024,November,5
Macedonia,2024,December,
Macedonia,2024,Total,75
Macedonia,2025,January,
Macedonia,2025,February,5
Macedonia,2025,March,5
Macedonia,2025,April,5
Macedonia,2025,May,
Macedonia,2025,June,
Macedonia,2025,July,
Macedonia,2025,August,
Macedonia,2025,September,
Macedonia,2025,October,
Macedonia,2025,November,0
Macedonia,2025,December,
Macedonia,2025,Total,45
Macedonia,2026,January,5
Macedonia,2026,February,
Macedonia,2026,March,0
Macedonia,2026,April,10
Macedonia,2026,May,5
Macedonia,2026,Total,25
Madagascar,2023,January,25
Madagascar,2023,February,30
Madagascar,2023,March,40
Madagascar,2023,April,25
Madagascar,2023,May,20
Madagascar,2023,June,25
Madagascar,2023,July,45
Madagascar,2023,August,55
Madagascar,2023,September,45
Madagascar,2023,October,25
Madagascar,2023,November,15
Madagascar,2023,December,20
Madagascar,2023,Total,365
Madagascar,2024,January,40
Madagascar,2024,February,45
Madagascar,2024,March,60
Madagascar,2024,April,65
Madagascar,2024,May,70
Madagascar,2024,June,80
Madagascar,2024,July,75
Madagascar,2024,August,85
Madagascar,2024,September,35
Madagascar,2024,October,40
Madagascar,2024,November,75
Madagascar,2024,December,45
Madagascar,2024,Total,720
Madagascar,2025,January,45
Madagascar,2025,February,70
Madagascar,2025,March,50
Madagascar,2025,April,80
Madagascar,2025,May,95
Madagascar,2025,June,65
Madagascar,2025,July,105
Madagascar,2025,August,75
Madagascar,2025,September,75
Madagascar,2025,October,80
Madagascar,2025,November,40
Madagascar,2025,December,45
Madagascar,2025,Total,825
Madagascar,2026,January,65
Madagascar,2026,February,55
Madagascar,2026,March,80
Madagascar,2026,April,95
Madagascar,2026,May,70
Madagascar,2026,Total,365
Malawi,2023,January,5
Malawi,2023,February,
Malawi,2023,March,5
Malawi,2023,April,
Malawi,2023,May,5
Malawi,2023,June,0
Malawi,2023,July,5
Malawi,2023,August,
Malawi,2023,September,
Malawi,2023,October,10
Malawi,2023,November,
Malawi,2023,December,10
Malawi,2023,Total,50
Malawi,2024,January,
Malawi,2024,February,5
Malawi,2024,March,10
Malawi,2024,April,5
Malawi,2024,May,5
Malawi,2024,June,
Malawi,2024,July,5
Malawi,2024,August,
Malawi,2024,September,0
Malawi,2024,October,5
Malawi,2024,November,
Malawi,2024,December,
Malawi,2024,Total,55
Malawi,2025,January,0
Malawi,2025,February,5
Malawi,2025,March,
Malawi,2025,April,
Malawi,2025,May,
Malawi,2025,June,0
Malawi,2025,July,
Malawi,2025,August,5
Malawi,2025,September,5
Malawi,2025,October,5
Malawi,2025,November,
Malawi,2025,December,
Malawi,2025,Total,35
Malawi,2026,January,
Malawi,2026,February,
Malawi,2026,March,5
Malawi,2026,April,
Malawi,2026,May,5
Malawi,2026,Total,20
Malaysia,2023,January,55
Malaysia,2023,February,55
Malaysia,2023,March,40
Malaysia,2023,April,20
Malaysia,2023,May,40
Malaysia,2023,June,25
Malaysia,2023,July,20
Malaysia,2023,August,45
Malaysia,2023,September,20
Malaysia,2023,October,20
Malaysia,2023,November,15
Malaysia,2023,December,25
Malaysia,2023,Total,380
Malaysia,2024,January,60
Malaysia,2024,February,25
Malaysia,2024,March,25
Malaysia,2024,April,20
Malaysia,2024,May,40
Malaysia,2024,June,35
Malaysia,2024,July,25
Malaysia,2024,August,30
Malaysia,2024,September,25
Malaysia,2024,October,15
Malaysia,2024,November,30
Malaysia,2024,December,20
Malaysia,2024,Total,365
Malaysia,2025,January,40
Malaysia,2025,February,30
Malaysia,2025,March,20
Malaysia,2025,April,25
Malaysia,2025,May,20
Malaysia,2025,June,15
Malaysia,2025,July,15
Malaysia,2025,August,10
Malaysia,2025,September,30
Malaysia,2025,October,15
Malaysia,2025,November,10
Malaysia,2025,December,10
Malaysia,2025,Total,250
Malaysia,2026,January,20
Malaysia,2026,February,20
Malaysia,2026,March,10
Malaysia,2026,April,30
Malaysia,2026,May,20
Malaysia,2026,Total,95
"Maldives, Republic of",2023,January,0
"Maldives, Republic of",2023,February,
"Maldives, Republic of",2023,March,0
"Maldives, Republic of",2023,April,0
"Maldives, Republic of",2023,May,0
"Maldives, Republic of",2023,June,0
"Maldives, Republic of",2023,July,0
"Maldives, Republic of",2023,August,0
"Maldives, Republic of",2023,September,0
"Maldives, Republic of",2023,October,0
"Maldives, Republic of",2023,November,0
"Maldives, Republic of",2023,December,
"Maldives, Republic of",2023,Total,
"Maldives, Republic of",2024,January,0
"Maldives, Republic of",2024,February,0
"Maldives, Republic of",2024,March,0
"Maldives, Republic of",2024,April,0
"Maldives, Republic of",2024,May,0
"Maldives, Republic of",2024,June,0
"Maldives, Republic of",2024,July,
"Maldives, Republic of",2024,August,0
"Maldives, Republic of",2024,September,0
"Maldives, Republic of",2024,October,0
"Maldives, Republic of",2024,November,
"Maldives, Republic of",2024,December,
"Maldives, Republic of",2024,Total,
"Maldives, Republic of",2025,January,
"Maldives, Republic of",2025,February,
"Maldives, Republic of",2025,March,
"Maldives, Republic of",2025,April,0
"Maldives, Republic of",2025,May,0
"Maldives, Republic of",2025,June,0
"Maldives, Republic of",2025,July,
"Maldives, Republic of",2025,August,0
"Maldives, Republic of",2025,September,0
"Maldives, Republic of",2025,October,0
"Maldives, Republic of",2025,November,0
"Maldives, Republic of",2025,December,0
"Maldives, Republic of",2025,Total,5
"Maldives, Republic of",2026,January,0
"Maldives, Republic of",2026,February,0
"Maldives, Republic of",2026,March,0
"Maldives, Republic of",2026,April,0
"Maldives, Republic of",2026,May,
"Maldives, Republic of",2026,Total,
"Mali, Republic of",2023,January,35
"Mali, Republic of",2023,February,55
"Mali, Republic of",2023,March,40
"Mali, Republic of",2023,April,35
"Mali, Republic of",2023,May,15
"Mali, Republic of",2023,June,50
"Mali, Republic of",2023,July,35
"Mali, Republic of",2023,August,25
"Mali, Republic of",2023,September,50
"Mali, Republic of",2023,October,45
"Mali, Republic of",2023,November,40
"Mali, Republic of",2023,December,25
"Mali, Republic of",2023,Total,445
"Mali, Republic of",2024,January,60
"Mali, Republic of",2024,February,25
"Mali, Republic of",2024,March,30
"Mali, Republic of",2024,April,60
"Mali, Republic of",2024,May,30
"Mali, Republic of",2024,June,50
"Mali, Republic of",2024,July,20
"Mali, Republic of",2024,August,35
"Mali, Republic of",2024,September,30
"Mali, Republic of",2024,October,50
"Mali, Republic of",2024,November,40
"Mali, Republic of",2024,December,20
"Mali, Republic of",2024,Total,445
"Mali, Republic of",2025,January,25
"Mali, Republic of",2025,February,40
"Mali, Republic of",2025,March,55
"Mali, Republic of",2025,April,70
"Mali, Republic of",2025,May,30
"Mali, Republic of",2025,June,75
"Mali, Republic of",2025,July,75
"Mali, Republic of",2025,August,70
"Mali, Republic of",2025,September,90
"Mali, Republic of",2025,October,115
"Mali, Republic of",2025,November,30
"Mali, Republic of",2025,December,35
"Mali, Republic of",2025,Total,710
"Mali, Republic of",2026,January,40
"Mali, Republic of",2026,February,30
"Mali, Republic of",2026,March,25
"Mali, Republic of",2026,April,35
"Mali, Republic of",2026,May,30
"Mali, Republic of",2026,Total,160
Malta,2023,January,
Malta,2023,February,0
Malta,2023,March,0
Malta,2023,April,0
Malta,2023,May,
Malta,2023,June,
Malta,2023,July,0
Malta,2023,August,0
Malta,2023,September,0
Malta,2023,October,0
Malta,2023,November,0
Malta,2023,December,
Malta,2023,Total,5
Malta,2024,January,0
Malta,2024,February,0
Malta,2024,March,
Malta,2024,April,0
Malta,2024,May,
Malta,2024,June,0
Malta,2024,July,0
Malta,2024,August,
Malta,2024,September,5
Malta,2024,October,0
Malta,2024,November,0
Malta,2024,December,0
Malta,2024,Total,10
Malta,2025,January,0
Malta,2025,February,0
Malta,2025,March,0
Malta,2025,April,0
Malta,2025,May,0
Malta,2025,June,
Malta,2025,July,0
Malta,2025,August,0
Malta,2025,September,0
Malta,2025,October,0
Malta,2025,November,0
Malta,2025,December,0
Malta,2025,Total,
Malta,2026,January,0
Malta,2026,February,
Malta,2026,March,0
Malta,2026,April,
Malta,2026,May,0
Malta,2026,Total,
Mauritania,2023,January,10
Mauritania,2023,February,10
Mauritania,2023,March,20
Mauritania,2023,April,10
Mauritania,2023,May,10
Mauritania,2023,June,10
Mauritania,2023,July,10
Mauritania,2023,August,15
Mauritania,2023,September,15
Mauritania,2023,October,20
Mauritania,2023,November,10
Mauritania,2023,December,
Mauritania,2023,Total,140
Mauritania,2024,January,15
Mauritania,2024,February,5
Mauritania,2024,March,15
Mauritania,2024,April,10
Mauritania,2024,May,25
Mauritania,2024,June,10
Mauritania,2024,July,
Mauritania,2024,August,10
Mauritania,2024,September,10
Mauritania,2024,October,5
Mauritania,2024,November,
Mauritania,2024,December,10
Mauritania,2024,Total,125
Mauritania,2025,January,
Mauritania,2025,February,
Mauritania,2025,March,10
Mauritania,2025,April,10
Mauritania,2025,May,10
Mauritania,2025,June,10
Mauritania,2025,July,15
Mauritania,2025,August,10
Mauritania,2025,September,20
Mauritania,2025,October,30
Mauritania,2025,November,10
Mauritania,2025,December,20
Mauritania,2025,Total,140
Mauritania,2026,January,10
Mauritania,2026,February,5
Mauritania,2026,March,20
Mauritania,2026,April,5
Mauritania,2026,May,20
Mauritania,2026,Total,60
Mauritius,2023,January,125
Mauritius,2023,February,155
Mauritius,2023,March,160
Mauritius,2023,April,105
Mauritius,2023,May,70
Mauritius,2023,June,40
Mauritius,2023,July,120
Mauritius,2023,August,100
Mauritius,2023,September,60
Mauritius,2023,October,175
Mauritius,2023,November,90
Mauritius,2023,December,155
Mauritius,2023,Total,1355
Mauritius,2024,January,160
Mauritius,2024,February,180
Mauritius,2024,March,150
Mauritius,2024,April,125
Mauritius,2024,May,190
Mauritius,2024,June,100
Mauritius,2024,July,260
Mauritius,2024,August,160
Mauritius,2024,September,100
Mauritius,2024,October,110
Mauritius,2024,November,160
Mauritius,2024,December,75
Mauritius,2024,Total,1770
Mauritius,2025,January,115
Mauritius,2025,February,130
Mauritius,2025,March,145
Mauritius,2025,April,115
Mauritius,2025,May,160
Mauritius,2025,June,165
Mauritius,2025,July,190
Mauritius,2025,August,125
Mauritius,2025,September,130
Mauritius,2025,October,115
Mauritius,2025,November,40
Mauritius,2025,December,65
Mauritius,2025,Total,1490
Mauritius,2026,January,85
Mauritius,2026,February,65
Mauritius,2026,March,130
Mauritius,2026,April,75
Mauritius,2026,May,155
Mauritius,2026,Total,515
Mexico,2023,January,880
Mexico,2023,February,705
Mexico,2023,March,730
Mexico,2023,April,250
Mexico,2023,May,450
Mexico,2023,June,355
Mexico,2023,July,375
Mexico,2023,August,440
Mexico,2023,September,275
Mexico,2023,October,390
Mexico,2023,November,250
Mexico,2023,December,670
Mexico,2023,Total,5765
Mexico,2024,January,765
Mexico,2024,February,605
Mexico,2024,March,450
Mexico,2024,April,545
Mexico,2024,May,730
Mexico,2024,June,415
Mexico,2024,July,520
Mexico,2024,August,615
Mexico,2024,September,360
Mexico,2024,October,340
Mexico,2024,November,660
Mexico,2024,December,400
Mexico,2024,Total,6405
Mexico,2025,January,575
Mexico,2025,February,495
Mexico,2025,March,405
Mexico,2025,April,290
Mexico,2025,May,445
Mexico,2025,June,530
Mexico,2025,July,525
Mexico,2025,August,560
Mexico,2025,September,455
Mexico,2025,October,430
Mexico,2025,November,275
Mexico,2025,December,475
Mexico,2025,Total,5455
Mexico,2026,January,390
Mexico,2026,February,600
Mexico,2026,March,500
Mexico,2026,April,615
Mexico,2026,May,635
Mexico,2026,Total,2740
Moldova,2023,January,25
Moldova,2023,February,10
Moldova,2023,March,15
Moldova,2023,April,
Moldova,2023,May,5
Moldova,2023,June,10
Moldova,2023,July,15
Moldova,2023,August,10
Moldova,2023,September,10
Moldova,2023,October,10
Moldova,2023,November,5
Moldova,2023,December,10
Moldova,2023,Total,135
Moldova,2024,January,5
Moldova,2024,February,10
Moldova,2024,March,10
Moldova,2024,April,5
Moldova,2024,May,10
Moldova,2024,June,10
Moldova,2024,July,20
Moldova,2024,August,30
Moldova,2024,September,15
Moldova,2024,October,15
Moldova,2024,November,15
Moldova,2024,December,15
Moldova,2024,Total,150
Moldova,2025,January,20
Moldova,2025,February,5
Moldova,2025,March,15
Moldova,2025,April,10
Moldova,2025,May,15
Moldova,2025,June,10
Moldova,2025,July,15
Moldova,2025,August,25
Moldova,2025,September,10
Moldova,2025,October,10
Moldova,2025,November,5
Moldova,2025,December,10
Moldova,2025,Total,155
Moldova,2026,January,
Moldova,2026,February,10
Moldova,2026,March,10
Moldova,2026,April,15
Moldova,2026,May,10
Moldova,2026,Total,40
Monaco,2023,January,
Monaco,2023,February,0
Monaco,2023,March,
Monaco,2023,April,0
Monaco,2023,May,0
Monaco,2023,June,0
Monaco,2023,July,0
Monaco,2023,August,0
Monaco,2023,September,0
Monaco,2023,October,0
Monaco,2023,November,0
Monaco,2023,December,0
Monaco,2023,Total,
Monaco,2024,January,0
Monaco,2024,February,0
Monaco,2024,March,0
Monaco,2024,April,0
Monaco,2024,May,0
Monaco,2024,June,0
Monaco,2024,July,
Monaco,2024,August,0
Monaco,2024,September,0
Monaco,2024,October,0
Monaco,2024,November,0
Monaco,2024,December,
Monaco,2024,Total,
Monaco,2025,January,0
Monaco,2025,February,0
Monaco,2025,March,0
Monaco,2025,April,0
Monaco,2025,May,0
Monaco,2025,June,0
Monaco,2025,July,
Monaco,2025,August,0
Monaco,2025,September,0
Monaco,2025,October,0
Monaco,2025,November,0
Monaco,2025,December,0
Monaco,2025,Total,
Monaco,2026,January,0
Monaco,2026,February,0
Monaco,2026,March,0
Monaco,2026,April,0
Monaco,2026,May,0
Monaco,2026,Total,0
"Mongolia, People's Republic of",2023,January,10
"Mongolia, People's Republic of",2023,February,25
"Mongolia, People's Republic of",2023,March,10
"Mongolia, People's Republic of",2023,April,
"Mongolia, People's Republic of",2023,May,20
"Mongolia, People's Republic of",2023,June,15
"Mongolia, People's Republic of",2023,July,10
"Mongolia, People's Republic of",2023,August,10
"Mongolia, People's Republic of",2023,September,0
"Mongolia, People's Republic of",2023,October,5
"Mongolia, People's Republic of",2023,November,10
"Mongolia, People's Republic of",2023,December,10
"Mongolia, People's Republic of",2023,Total,135
"Mongolia, People's Republic of",2024,January,10
"Mongolia, People's Republic of",2024,February,5
"Mongolia, People's Republic of",2024,March,5
"Mongolia, People's Republic of",2024,April,15
"Mongolia, People's Republic of",2024,May,20
"Mongolia, People's Republic of",2024,June,15
"Mongolia, People's Republic of",2024,July,15
"Mongolia, People's Republic of",2024,August,20
"Mongolia, People's Republic of",2024,September,10
"Mongolia, People's Republic of",2024,October,5
"Mongolia, People's Republic of",2024,November,5
"Mongolia, People's Republic of",2024,December,
"Mongolia, People's Republic of",2024,Total,135
"Mongolia, People's Republic of",2025,January,
"Mongolia, People's Republic of",2025,February,10
"Mongolia, People's Republic of",2025,March,10
"Mongolia, People's Republic of",2025,April,5
"Mongolia, People's Republic of",2025,May,10
"Mongolia, People's Republic of",2025,June,20
"Mongolia, People's Republic of",2025,July,10
"Mongolia, People's Republic of",2025,August,5
"Mongolia, People's Republic of",2025,September,
"Mongolia, People's Republic of",2025,October,20
"Mongolia, People's Republic of",2025,November,5
"Mongolia, People's Republic of",2025,December,5
"Mongolia, People's Republic of",2025,Total,110
"Mongolia, People's Republic of",2026,January,0
"Mongolia, People's Republic of",2026,February,
"Mongolia, People's Republic of",2026,March,15
"Mongolia, People's Republic of",2026,April,15
"Mongolia, People's Republic of",2026,May,10
"Mongolia, People's Republic of",2026,Total,40
"Montenegro, Republic of",2023,January,
"Montenegro, Republic of",2023,February,
"Montenegro, Republic of",2023,March,
"Montenegro, Republic of",2023,April,
"Montenegro, Republic of",2023,May,
"Montenegro, Republic of",2023,June,
"Montenegro, Republic of",2023,July,0
"Montenegro, Republic of",2023,August,0
"Montenegro, Republic of",2023,September,
"Montenegro, Republic of",2023,October,
"Montenegro, Republic of",2023,November,
"Montenegro, Republic of",2023,December,
"Montenegro, Republic of",2023,Total,15
"Montenegro, Republic of",2024,January,
"Montenegro, Republic of",2024,February,
"Montenegro, Republic of",2024,March,
"Montenegro, Republic of",2024,April,
"Montenegro, Republic of",2024,May,0
"Montenegro, Republic of",2024,June,
"Montenegro, Republic of",2024,July,
"Montenegro, Republic of",2024,August,
"Montenegro, Republic of",2024,September,
"Montenegro, Republic of",2024,October,
"Montenegro, Republic of",2024,November,0
"Montenegro, Republic of",2024,December,
"Montenegro, Republic of",2024,Total,25
"Montenegro, Republic of",2025,January,
"Montenegro, Republic of",2025,February,
"Montenegro, Republic of",2025,March,0
"Montenegro, Republic of",2025,April,0
"Montenegro, Republic of",2025,May,0
"Montenegro, Republic of",2025,June,
"Montenegro, Republic of",2025,July,
"Montenegro, Republic of",2025,August,0
"Montenegro, Republic of",2025,September,
"Montenegro, Republic of",2025,October,0
"Montenegro, Republic of",2025,November,0
"Montenegro, Republic of",2025,December,0
"Montenegro, Republic of",2025,Total,10
"Montenegro, Republic of",2026,January,0
"Montenegro, Republic of",2026,February,0
"Montenegro, Republic of",2026,March,
"Montenegro, Republic of",2026,April,5
"Montenegro, Republic of",2026,May,
"Montenegro, Republic of",2026,Total,10
Morocco,2023,January,525
Morocco,2023,February,575
Morocco,2023,March,645
Morocco,2023,April,615
Morocco,2023,May,330
Morocco,2023,June,325
Morocco,2023,July,690
Morocco,2023,August,425
Morocco,2023,September,980
Morocco,2023,October,570
Morocco,2023,November,655
Morocco,2023,December,500
Morocco,2023,Total,6835
Morocco,2024,January,825
Morocco,2024,February,380
Morocco,2024,March,625
Morocco,2024,April,530
Morocco,2024,May,840
Morocco,2024,June,585
Morocco,2024,July,835
Morocco,2024,August,710
Morocco,2024,September,540
Morocco,2024,October,455
Morocco,2024,November,655
Morocco,2024,December,450
Morocco,2024,Total,7425
Morocco,2025,January,440
Morocco,2025,February,330
Morocco,2025,March,415
Morocco,2025,April,455
Morocco,2025,May,795
Morocco,2025,June,655
Morocco,2025,July,650
Morocco,2025,August,770
Morocco,2025,September,720
Morocco,2025,October,450
Morocco,2025,November,285
Morocco,2025,December,470
Morocco,2025,Total,6445
Morocco,2026,January,380
Morocco,2026,February,395
Morocco,2026,March,460
Morocco,2026,April,485
Morocco,2026,May,350
Morocco,2026,Total,2065
Mozambique,2023,January,5
Mozambique,2023,February,
Mozambique,2023,March,
Mozambique,2023,April,0
Mozambique,2023,May,0
Mozambique,2023,June,0
Mozambique,2023,July,
Mozambique,2023,August,
Mozambique,2023,September,0
Mozambique,2023,October,
Mozambique,2023,November,
Mozambique,2023,December,0
Mozambique,2023,Total,15
Mozambique,2024,January,
Mozambique,2024,February,
Mozambique,2024,March,
Mozambique,2024,April,
Mozambique,2024,May,0
Mozambique,2024,June,0
Mozambique,2024,July,
Mozambique,2024,August,0
Mozambique,2024,September,0
Mozambique,2024,October,
Mozambique,2024,November,0
Mozambique,2024,December,0
Mozambique,2024,Total,10
Mozambique,2025,January,0
Mozambique,2025,February,0
Mozambique,2025,March,
Mozambique,2025,April,0
Mozambique,2025,May,
Mozambique,2025,June,
Mozambique,2025,July,0
Mozambique,2025,August,0
Mozambique,2025,September,
Mozambique,2025,October,0
Mozambique,2025,November,0
Mozambique,2025,December,0
Mozambique,2025,Total,10
Mozambique,2026,January,0
Mozambique,2026,February,0
Mozambique,2026,March,
Mozambique,2026,April,
Mozambique,2026,May,
Mozambique,2026,Total,
Myanmar (Burma),2023,January,15
Myanmar (Burma),2023,February,25
Myanmar (Burma),2023,March,25
Myanmar (Burma),2023,April,15
Myanmar (Burma),2023,May,15
Myanmar (Burma),2023,June,40
Myanmar (Burma),2023,July,15
Myanmar (Burma),2023,August,30
Myanmar (Burma),2023,September,25
Myanmar (Burma),2023,October,30
Myanmar (Burma),2023,November,30
Myanmar (Burma),2023,December,20
Myanmar (Burma),2023,Total,280
Myanmar (Burma),2024,January,15
Myanmar (Burma),2024,February,30
Myanmar (Burma),2024,March,35
Myanmar (Burma),2024,April,60
Myanmar (Burma),2024,May,40
Myanmar (Burma),2024,June,10
Myanmar (Burma),2024,July,40
Myanmar (Burma),2024,August,15
Myanmar (Burma),2024,September,35
Myanmar (Burma),2024,October,25
Myanmar (Burma),2024,November,20
Myanmar (Burma),2024,December,5
Myanmar (Burma),2024,Total,325
Myanmar (Burma),2025,January,25
Myanmar (Burma),2025,February,20
Myanmar (Burma),2025,March,15
Myanmar (Burma),2025,April,10
Myanmar (Burma),2025,May,15
Myanmar (Burma),2025,June,30
Myanmar (Burma),2025,July,20
Myanmar (Burma),2025,August,30
Myanmar (Burma),2025,September,20
Myanmar (Burma),2025,October,5
Myanmar (Burma),2025,November,
Myanmar (Burma),2025,December,10
Myanmar (Burma),2025,Total,215
Myanmar (Burma),2026,January,10
Myanmar (Burma),2026,February,10
Myanmar (Burma),2026,March,30
Myanmar (Burma),2026,April,20
Myanmar (Burma),2026,May,15
Myanmar (Burma),2026,Total,90
Namibia,2023,January,25
Namibia,2023,February,10
Namibia,2023,March,
Namibia,2023,April,0
Namibia,2023,May,5
Namibia,2023,June,10
Namibia,2023,July,
Namibia,2023,August,5
Namibia,2023,September,
Namibia,2023,October,5
Namibia,2023,November,
Namibia,2023,December,10
Namibia,2023,Total,85
Namibia,2024,January,
Namibia,2024,February,5
Namibia,2024,March,5
Namibia,2024,April,5
Namibia,2024,May,
Namibia,2024,June,5
Namibia,2024,July,10
Namibia,2024,August,5
Namibia,2024,September,
Namibia,2024,October,
Namibia,2024,November,
Namibia,2024,December,
Namibia,2024,Total,55
Namibia,2025,January,
Namibia,2025,February,0
Namibia,2025,March,
Namibia,2025,April,
Namibia,2025,May,
Namibia,2025,June,0
Namibia,2025,July,
Namibia,2025,August,
Namibia,2025,September,
Namibia,2025,October,
Namibia,2025,November,5
Namibia,2025,December,10
Namibia,2025,Total,35
Namibia,2026,January,5
Namibia,2026,February,10
Namibia,2026,March,0
Namibia,2026,April,
Namibia,2026,May,5
Namibia,2026,Total,20
Nepal,2023,January,180
Nepal,2023,February,205
Nepal,2023,March,175
Nepal,2023,April,105
Nepal,2023,May,135
Nepal,2023,June,125
Nepal,2023,July,235
Nepal,2023,August,145
Nepal,2023,September,85
Nepal,2023,October,110
Nepal,2023,November,95
Nepal,2023,December,185
Nepal,2023,Total,1775
Nepal,2024,January,200
Nepal,2024,February,180
Nepal,2024,March,225
Nepal,2024,April,240
Nepal,2024,May,160
Nepal,2024,June,170
Nepal,2024,July,165
Nepal,2024,August,150
Nepal,2024,September,105
Nepal,2024,October,135
Nepal,2024,November,170
Nepal,2024,December,135
Nepal,2024,Total,2035
Nepal,2025,January,200
Nepal,2025,February,215
Nepal,2025,March,220
Nepal,2025,April,100
Nepal,2025,May,155
Nepal,2025,June,195
Nepal,2025,July,225
Nepal,2025,August,180
Nepal,2025,September,135
Nepal,2025,October,125
Nepal,2025,November,120
Nepal,2025,December,100
Nepal,2025,Total,1970
Nepal,2026,January,205
Nepal,2026,February,220
Nepal,2026,March,190
Nepal,2026,April,195
Nepal,2026,May,290
Nepal,2026,Total,1105
New Caledonia,2023,January,0
New Caledonia,2023,February,0
New Caledonia,2023,March,0
New Caledonia,2023,April,0
New Caledonia,2023,May,0
New Caledonia,2023,June,
New Caledonia,2023,July,0
New Caledonia,2023,August,0
New Caledonia,2023,September,0
New Caledonia,2023,October,0
New Caledonia,2023,November,0
New Caledonia,2023,December,0
New Caledonia,2023,Total,
New Caledonia,2024,January,0
New Caledonia,2024,February,0
New Caledonia,2024,March,0
New Caledonia,2024,April,0
New Caledonia,2024,May,0
New Caledonia,2024,June,0
New Caledonia,2024,July,0
New Caledonia,2024,August,0
New Caledonia,2024,September,0
New Caledonia,2024,October,0
New Caledonia,2024,November,0
New Caledonia,2024,December,0
New Caledonia,2024,Total,0
New Caledonia,2025,January,0
New Caledonia,2025,February,0
New Caledonia,2025,March,0
New Caledonia,2025,April,0
New Caledonia,2025,May,0
New Caledonia,2025,June,0
New Caledonia,2025,July,0
New Caledonia,2025,August,0
New Caledonia,2025,September,0
New Caledonia,2025,October,0
New Caledonia,2025,November,0
New Caledonia,2025,December,0
New Caledonia,2025,Total,0
New Caledonia,2026,January,0
New Caledonia,2026,February,0
New Caledonia,2026,March,0
New Caledonia,2026,April,0
New Caledonia,2026,May,0
New Caledonia,2026,Total,0
New Zealand,2023,January,55
New Zealand,2023,February,75
New Zealand,2023,March,35
New Zealand,2023,April,15
New Zealand,2023,May,30
New Zealand,2023,June,25
New Zealand,2023,July,25
New Zealand,2023,August,40
New Zealand,2023,September,15
New Zealand,2023,October,20
New Zealand,2023,November,25
New Zealand,2023,December,20
New Zealand,2023,Total,385
New Zealand,2024,January,35
New Zealand,2024,February,35
New Zealand,2024,March,35
New Zealand,2024,April,45
New Zealand,2024,May,55
New Zealand,2024,June,30
New Zealand,2024,July,20
New Zealand,2024,August,45
New Zealand,2024,September,25
New Zealand,2024,October,35
New Zealand,2024,November,25
New Zealand,2024,December,30
New Zealand,2024,Total,415
New Zealand,2025,January,30
New Zealand,2025,February,35
New Zealand,2025,March,25
New Zealand,2025,April,10
New Zealand,2025,May,25
New Zealand,2025,June,30
New Zealand,2025,July,25
New Zealand,2025,August,20
New Zealand,2025,September,25
New Zealand,2025,October,25
New Zealand,2025,November,15
New Zealand,2025,December,15
New Zealand,2025,Total,280
New Zealand,2026,January,20
New Zealand,2026,February,20
New Zealand,2026,March,10
New Zealand,2026,April,20
New Zealand,2026,May,15
New Zealand,2026,Total,85
Nicaragua,2023,January,35
Nicaragua,2023,February,30
Nicaragua,2023,March,25
Nicaragua,2023,April,25
Nicaragua,2023,May,25
Nicaragua,2023,June,15
Nicaragua,2023,July,30
Nicaragua,2023,August,20
Nicaragua,2023,September,10
Nicaragua,2023,October,20
Nicaragua,2023,November,20
Nicaragua,2023,December,15
Nicaragua,2023,Total,265
Nicaragua,2024,January,45
Nicaragua,2024,February,40
Nicaragua,2024,March,40
Nicaragua,2024,April,10
Nicaragua,2024,May,40
Nicaragua,2024,June,30
Nicaragua,2024,July,40
Nicaragua,2024,August,25
Nicaragua,2024,September,20
Nicaragua,2024,October,30
Nicaragua,2024,November,40
Nicaragua,2024,December,20
Nicaragua,2024,Total,385
Nicaragua,2025,January,20
Nicaragua,2025,February,25
Nicaragua,2025,March,15
Nicaragua,2025,April,25
Nicaragua,2025,May,20
Nicaragua,2025,June,30
Nicaragua,2025,July,20
Nicaragua,2025,August,35
Nicaragua,2025,September,25
Nicaragua,2025,October,15
Nicaragua,2025,November,15
Nicaragua,2025,December,20
Nicaragua,2025,Total,275
Nicaragua,2026,January,15
Nicaragua,2026,February,45
Nicaragua,2026,March,20
Nicaragua,2026,April,10
Nicaragua,2026,May,25
Nicaragua,2026,Total,115
Nigeria,2023,January,2230
Nigeria,2023,February,2255
Nigeria,2023,March,1735
Nigeria,2023,April,1000
Nigeria,2023,May,1130
Nigeria,2023,June,1100
Nigeria,2023,July,1305
Nigeria,2023,August,1385
Nigeria,2023,September,1065
Nigeria,2023,October,1170
Nigeria,2023,November,1285
Nigeria,2023,December,1890
Nigeria,2023,Total,17545
Nigeria,2024,January,2010
Nigeria,2024,February,1445
Nigeria,2024,March,1885
Nigeria,2024,April,2065
Nigeria,2024,May,2220
Nigeria,2024,June,1540
Nigeria,2024,July,1770
Nigeria,2024,August,1805
Nigeria,2024,September,1590
Nigeria,2024,October,1420
Nigeria,2024,November,1450
Nigeria,2024,December,1015
Nigeria,2024,Total,20215
Nigeria,2025,January,1810
Nigeria,2025,February,1360
Nigeria,2025,March,1330
Nigeria,2025,April,1090
Nigeria,2025,May,1655
Nigeria,2025,June,1390
Nigeria,2025,July,1190
Nigeria,2025,August,940
Nigeria,2025,September,1225
Nigeria,2025,October,1385
Nigeria,2025,November,905
Nigeria,2025,December,905
Nigeria,2025,Total,15185
Nigeria,2026,January,1480
Nigeria,2026,February,1460
Nigeria,2026,March,1585
Nigeria,2026,April,1310
Nigeria,2026,May,1690
Nigeria,2026,Total,7525
Norway,2023,January,15
Norway,2023,February,10
Norway,2023,March,15
Norway,2023,April,
Norway,2023,May,5
Norway,2023,June,5
Norway,2023,July,
Norway,2023,August,10
Norway,2023,September,
Norway,2023,October,
Norway,2023,November,
Norway,2023,December,0
Norway,2023,Total,70
Norway,2024,January,
Norway,2024,February,
Norway,2024,March,
Norway,2024,April,
Norway,2024,May,15
Norway,2024,June,5
Norway,2024,July,
Norway,2024,August,10
Norway,2024,September,
Norway,2024,October,
Norway,2024,November,5
Norway,2024,December,5
Norway,2024,Total,65
Norway,2025,January,5
Norway,2025,February,5
Norway,2025,March,
Norway,2025,April,
Norway,2025,May,
Norway,2025,June,5
Norway,2025,July,5
Norway,2025,August,
Norway,2025,September,
Norway,2025,October,5
Norway,2025,November,5
Norway,2025,December,
Norway,2025,Total,50
Norway,2026,January,0
Norway,2026,February,
Norway,2026,March,
Norway,2026,April,5
Norway,2026,May,
Norway,2026,Total,10
Oman,2023,January,
Oman,2023,February,
Oman,2023,March,0
Oman,2023,April,
Oman,2023,May,
Oman,2023,June,
Oman,2023,July,
Oman,2023,August,
Oman,2023,September,0
Oman,2023,October,
Oman,2023,November,
Oman,2023,December,
Oman,2023,Total,20
Oman,2024,January,
Oman,2024,February,0
Oman,2024,March,0
Oman,2024,April,0
Oman,2024,May,0
Oman,2024,June,0
Oman,2024,July,0
Oman,2024,August,0
Oman,2024,September,0
Oman,2024,October,0
Oman,2024,November,0
Oman,2024,December,
Oman,2024,Total,
Oman,2025,January,
Oman,2025,February,0
Oman,2025,March,0
Oman,2025,April,0
Oman,2025,May,
Oman,2025,June,
Oman,2025,July,
Oman,2025,August,
Oman,2025,September,0
Oman,2025,October,0
Oman,2025,November,0
Oman,2025,December,0
Oman,2025,Total,5
Oman,2026,January,0
Oman,2026,February,0
Oman,2026,March,
Oman,2026,April,
Oman,2026,May,
Oman,2026,Total,5
Pakistan,2023,January,1090
Pakistan,2023,February,865
Pakistan,2023,March,970
Pakistan,2023,April,705
Pakistan,2023,May,1015
Pakistan,2023,June,1055
Pakistan,2023,July,925
Pakistan,2023,August,1000
Pakistan,2023,September,765
Pakistan,2023,October,965
Pakistan,2023,November,1160
Pakistan,2023,December,945
Pakistan,2023,Total,11465
Pakistan,2024,January,965
Pakistan,2024,February,865
Pakistan,2024,March,820
Pakistan,2024,April,1020
Pakistan,2024,May,1065
Pakistan,2024,June,885
Pakistan,2024,July,1040
Pakistan,2024,August,1005
Pakistan,2024,September,1095
Pakistan,2024,October,1415
Pakistan,2024,November,1285
Pakistan,2024,December,750
Pakistan,2024,Total,12210
Pakistan,2025,January,700
Pakistan,2025,February,635
Pakistan,2025,March,555
Pakistan,2025,April,695
Pakistan,2025,May,805
Pakistan,2025,June,610
Pakistan,2025,July,525
Pakistan,2025,August,675
Pakistan,2025,September,725
Pakistan,2025,October,855
Pakistan,2025,November,560
Pakistan,2025,December,590
Pakistan,2025,Total,7925
Pakistan,2026,January,625
Pakistan,2026,February,650
Pakistan,2026,March,810
Pakistan,2026,April,510
Pakistan,2026,May,855
Pakistan,2026,Total,3450
Palestinian Authority (Gaza/West Bank),2023,January,110
Palestinian Authority (Gaza/West Bank),2023,February,60
Palestinian Authority (Gaza/West Bank),2023,March,85
Palestinian Authority (Gaza/West Bank),2023,April,40
Palestinian Authority (Gaza/West Bank),2023,May,45
Palestinian Authority (Gaza/West Bank),2023,June,60
Palestinian Authority (Gaza/West Bank),2023,July,70
Palestinian Authority (Gaza/West Bank),2023,August,65
Palestinian Authority (Gaza/West Bank),2023,September,20
Palestinian Authority (Gaza/West Bank),2023,October,45
Palestinian Authority (Gaza/West Bank),2023,November,60
Palestinian Authority (Gaza/West Bank),2023,December,50
Palestinian Authority (Gaza/West Bank),2023,Total,715
Palestinian Authority (Gaza/West Bank),2024,January,65
Palestinian Authority (Gaza/West Bank),2024,February,80
Palestinian Authority (Gaza/West Bank),2024,March,75
Palestinian Authority (Gaza/West Bank),2024,April,55
Palestinian Authority (Gaza/West Bank),2024,May,65
Palestinian Authority (Gaza/West Bank),2024,June,70
Palestinian Authority (Gaza/West Bank),2024,July,75
Palestinian Authority (Gaza/West Bank),2024,August,80
Palestinian Authority (Gaza/West Bank),2024,September,55
Palestinian Authority (Gaza/West Bank),2024,October,50
Palestinian Authority (Gaza/West Bank),2024,November,70
Palestinian Authority (Gaza/West Bank),2024,December,25
Palestinian Authority (Gaza/West Bank),2024,Total,765
Palestinian Authority (Gaza/West Bank),2025,January,25
Palestinian Authority (Gaza/West Bank),2025,February,30
Palestinian Authority (Gaza/West Bank),2025,March,35
Palestinian Authority (Gaza/West Bank),2025,April,15
Palestinian Authority (Gaza/West Bank),2025,May,25
Palestinian Authority (Gaza/West Bank),2025,June,30
Palestinian Authority (Gaza/West Bank),2025,July,30
Palestinian Authority (Gaza/West Bank),2025,August,35
Palestinian Authority (Gaza/West Bank),2025,September,30
Palestinian Authority (Gaza/West Bank),2025,October,30
Palestinian Authority (Gaza/West Bank),2025,November,35
Palestinian Authority (Gaza/West Bank),2025,December,20
Palestinian Authority (Gaza/West Bank),2025,Total,335
Palestinian Authority (Gaza/West Bank),2026,January,35
Palestinian Authority (Gaza/West Bank),2026,February,30
Palestinian Authority (Gaza/West Bank),2026,March,35
Palestinian Authority (Gaza/West Bank),2026,April,35
Palestinian Authority (Gaza/West Bank),2026,May,55
Palestinian Authority (Gaza/West Bank),2026,Total,190
"Panama, Republic of",2023,January,15
"Panama, Republic of",2023,February,5
"Panama, Republic of",2023,March,5
"Panama, Republic of",2023,April,5
"Panama, Republic of",2023,May,
"Panama, Republic of",2023,June,5
"Panama, Republic of",2023,July,
"Panama, Republic of",2023,August,
"Panama, Republic of",2023,September,
"Panama, Republic of",2023,October,
"Panama, Republic of",2023,November,
"Panama, Republic of",2023,December,5
"Panama, Republic of",2023,Total,65
"Panama, Republic of",2024,January,15
"Panama, Republic of",2024,February,
"Panama, Republic of",2024,March,5
"Panama, Republic of",2024,April,10
"Panama, Republic of",2024,May,
"Panama, Republic of",2024,June,15
"Panama, Republic of",2024,July,
"Panama, Republic of",2024,August,5
"Panama, Republic of",2024,September,
"Panama, Republic of",2024,October,5
"Panama, Republic of",2024,November,5
"Panama, Republic of",2024,December,5
"Panama, Republic of",2024,Total,80
"Panama, Republic of",2025,January,10
"Panama, Republic of",2025,February,5
"Panama, Republic of",2025,March,
"Panama, Republic of",2025,April,5
"Panama, Republic of",2025,May,5
"Panama, Republic of",2025,June,
"Panama, Republic of",2025,July,5
"Panama, Republic of",2025,August,5
"Panama, Republic of",2025,September,5
"Panama, Republic of",2025,October,10
"Panama, Republic of",2025,November,5
"Panama, Republic of",2025,December,
"Panama, Republic of",2025,Total,65
"Panama, Republic of",2026,January,
"Panama, Republic of",2026,February,
"Panama, Republic of",2026,March,
"Panama, Republic of",2026,April,5
"Panama, Republic of",2026,May,5
"Panama, Republic of",2026,Total,20
Papua New Guinea,2023,January,0
Papua New Guinea,2023,February,0
Papua New Guinea,2023,March,0
Papua New Guinea,2023,April,0
Papua New Guinea,2023,May,0
Papua New Guinea,2023,June,0
Papua New Guinea,2023,July,0
Papua New Guinea,2023,August,0
Papua New Guinea,2023,September,0
Papua New Guinea,2023,October,
Papua New Guinea,2023,November,
Papua New Guinea,2023,December,
Papua New Guinea,2023,Total,
Papua New Guinea,2024,January,0
Papua New Guinea,2024,February,
Papua New Guinea,2024,March,0
Papua New Guinea,2024,April,0
Papua New Guinea,2024,May,0
Papua New Guinea,2024,June,0
Papua New Guinea,2024,July,0
Papua New Guinea,2024,August,0
Papua New Guinea,2024,September,0
Papua New Guinea,2024,October,0
Papua New Guinea,2024,November,0
Papua New Guinea,2024,December,0
Papua New Guinea,2024,Total,
Papua New Guinea,2025,January,0
Papua New Guinea,2025,February,0
Papua New Guinea,2025,March,0
Papua New Guinea,2025,April,0
Papua New Guinea,2025,May,0
Papua New Guinea,2025,June,0
Papua New Guinea,2025,July,0
Papua New Guinea,2025,August,0
Papua New Guinea,2025,September,0
Papua New Guinea,2025,October,0
Papua New Guinea,2025,November,0
Papua New Guinea,2025,December,
Papua New Guinea,2025,Total,
Papua New Guinea,2026,January,
Papua New Guinea,2026,February,0
Papua New Guinea,2026,March,0
Papua New Guinea,2026,April,
Papua New Guinea,2026,May,0
Papua New Guinea,2026,Total,5
Paraguay,2023,January,10
Paraguay,2023,February,5
Paraguay,2023,March,
Paraguay,2023,April,0
Paraguay,2023,May,
Paraguay,2023,June,5
Paraguay,2023,July,
Paraguay,2023,August,10
Paraguay,2023,September,
Paraguay,2023,October,
Paraguay,2023,November,5
Paraguay,2023,December,5
Paraguay,2023,Total,55
Paraguay,2024,January,5
Paraguay,2024,February,
Paraguay,2024,March,
Paraguay,2024,April,5
Paraguay,2024,May,10
Paraguay,2024,June,5
Paraguay,2024,July,10
Paraguay,2024,August,
Paraguay,2024,September,
Paraguay,2024,October,
Paraguay,2024,November,5
Paraguay,2024,December,20
Paraguay,2024,Total,75
Paraguay,2025,January,
Paraguay,2025,February,10
Paraguay,2025,March,0
Paraguay,2025,April,
Paraguay,2025,May,
Paraguay,2025,June,
Paraguay,2025,July,
Paraguay,2025,August,
Paraguay,2025,September,
Paraguay,2025,October,
Paraguay,2025,November,
Paraguay,2025,December,
Paraguay,2025,Total,35
Paraguay,2026,January,5
Paraguay,2026,February,5
Paraguay,2026,March,
Paraguay,2026,April,
Paraguay,2026,May,
Paraguay,2026,Total,20
People's Republic of China,2023,January,4400
People's Republic of China,2023,February,4150
People's Republic of China,2023,March,3000
People's Republic of China,2023,April,1490
People's Republic of China,2023,May,2760
People's Republic of China,2023,June,2455
People's Republic of China,2023,July,2855
People's Republic of China,2023,August,2690
People's Republic of China,2023,September,1570
People's Republic of China,2023,October,1925
People's Republic of China,2023,November,2155
People's Republic of China,2023,December,2225
People's Republic of China,2023,Total,31670
People's Republic of China,2024,January,3105
People's Republic of China,2024,February,1865
People's Republic of China,2024,March,1920
People's Republic of China,2024,April,2560
People's Republic of China,2024,May,2990
People's Republic of China,2024,June,2755
People's Republic of China,2024,July,2810
People's Republic of China,2024,August,2375
People's Republic of China,2024,September,2260
People's Republic of China,2024,October,2130
People's Republic of China,2024,November,2520
People's Republic of China,2024,December,1370
People's Republic of China,2024,Total,28660
People's Republic of China,2025,January,2145
People's Republic of China,2025,February,2005
People's Republic of China,2025,March,1640
People's Republic of China,2025,April,1190
People's Republic of China,2025,May,1610
People's Republic of China,2025,June,2055
People's Republic of China,2025,July,1705
People's Republic of China,2025,August,1725
People's Republic of China,2025,September,1535
People's Republic of China,2025,October,1550
People's Republic of China,2025,November,1240
People's Republic of China,2025,December,1415
People's Republic of China,2025,Total,19815
People's Republic of China,2026,January,1435
People's Republic of China,2026,February,1560
People's Republic of China,2026,March,1655
People's Republic of China,2026,April,1590
People's Republic of China,2026,May,1890
People's Republic of China,2026,Total,8125
Peoples Republic of Benin,2023,January,50
Peoples Republic of Benin,2023,February,70
Peoples Republic of Benin,2023,March,40
Peoples Republic of Benin,2023,April,40
Peoples Republic of Benin,2023,May,35
Peoples Republic of Benin,2023,June,45
Peoples Republic of Benin,2023,July,50
Peoples Republic of Benin,2023,August,60
Peoples Republic of Benin,2023,September,50
Peoples Republic of Benin,2023,October,70
Peoples Republic of Benin,2023,November,45
Peoples Republic of Benin,2023,December,35
Peoples Republic of Benin,2023,Total,595
Peoples Republic of Benin,2024,January,115
Peoples Republic of Benin,2024,February,65
Peoples Republic of Benin,2024,March,55
Peoples Republic of Benin,2024,April,60
Peoples Republic of Benin,2024,May,70
Peoples Republic of Benin,2024,June,70
Peoples Republic of Benin,2024,July,95
Peoples Republic of Benin,2024,August,115
Peoples Republic of Benin,2024,September,75
Peoples Republic of Benin,2024,October,55
Peoples Republic of Benin,2024,November,70
Peoples Republic of Benin,2024,December,70
Peoples Republic of Benin,2024,Total,915
Peoples Republic of Benin,2025,January,65
Peoples Republic of Benin,2025,February,95
Peoples Republic of Benin,2025,March,65
Peoples Republic of Benin,2025,April,45
Peoples Republic of Benin,2025,May,125
Peoples Republic of Benin,2025,June,80
Peoples Republic of Benin,2025,July,85
Peoples Republic of Benin,2025,August,80
Peoples Republic of Benin,2025,September,110
Peoples Republic of Benin,2025,October,105
Peoples Republic of Benin,2025,November,110
Peoples Republic of Benin,2025,December,65
Peoples Republic of Benin,2025,Total,1035
Peoples Republic of Benin,2026,January,95
Peoples Republic of Benin,2026,February,35
Peoples Republic of Benin,2026,March,60
Peoples Republic of Benin,2026,April,80
Peoples Republic of Benin,2026,May,90
Peoples Republic of Benin,2026,Total,360
Peru,2023,January,105
Peru,2023,February,115
Peru,2023,March,90
Peru,2023,April,35
Peru,2023,May,55
Peru,2023,June,40
Peru,2023,July,55
Peru,2023,August,75
Peru,2023,September,25
Peru,2023,October,50
Peru,2023,November,35
Peru,2023,December,85
Peru,2023,Total,760
Peru,2024,January,120
Peru,2024,February,80
Peru,2024,March,70
Peru,2024,April,80
Peru,2024,May,115
Peru,2024,June,85
Peru,2024,July,85
Peru,2024,August,85
Peru,2024,September,45
Peru,2024,October,65
Peru,2024,November,70
Peru,2024,December,50
Peru,2024,Total,955
Peru,2025,January,80
Peru,2025,February,60
Peru,2025,March,80
Peru,2025,April,75
Peru,2025,May,95
Peru,2025,June,105
Peru,2025,July,130
Peru,2025,August,120
Peru,2025,September,90
Peru,2025,October,75
Peru,2025,November,40
Peru,2025,December,70
Peru,2025,Total,1015
Peru,2026,January,90
Peru,2026,February,130
Peru,2026,March,115
Peru,2026,April,85
Peru,2026,May,95
Peru,2026,Total,515
Philippines,2023,January,3815
Philippines,2023,February,3420
Philippines,2023,March,2700
Philippines,2023,April,1435
Philippines,2023,May,2315
Philippines,2023,June,2005
Philippines,2023,July,2100
Philippines,2023,August,2170
Philippines,2023,September,1405
Philippines,2023,October,1970
Philippines,2023,November,1425
Philippines,2023,December,2475
Philippines,2023,Total,27230
Philippines,2024,January,3785
Philippines,2024,February,2870
Philippines,2024,March,2725
Philippines,2024,April,3455
Philippines,2024,May,3330
Philippines,2024,June,2370
Philippines,2024,July,3250
Philippines,2024,August,2950
Philippines,2024,September,2455
Philippines,2024,October,2115
Philippines,2024,November,2435
Philippines,2024,December,1655
Philippines,2024,Total,33395
Philippines,2025,January,2820
Philippines,2025,February,2285
Philippines,2025,March,2315
Philippines,2025,April,1635
Philippines,2025,May,1960
Philippines,2025,June,2525
Philippines,2025,July,1985
Philippines,2025,August,1805
Philippines,2025,September,1605
Philippines,2025,October,1755
Philippines,2025,November,1420
Philippines,2025,December,1860
Philippines,2025,Total,23970
Philippines,2026,January,1785
Philippines,2026,February,2490
Philippines,2026,March,2480
Philippines,2026,April,2090
Philippines,2026,May,2560
Philippines,2026,Total,11400
Poland,2023,January,115
Poland,2023,February,90
Poland,2023,March,60
Poland,2023,April,25
Poland,2023,May,45
Poland,2023,June,15
Poland,2023,July,30
Poland,2023,August,40
Poland,2023,September,15
Poland,2023,October,35
Poland,2023,November,20
Poland,2023,December,55
Poland,2023,Total,545
Poland,2024,January,50
Poland,2024,February,55
Poland,2024,March,30
Poland,2024,April,45
Poland,2024,May,35
Poland,2024,June,25
Poland,2024,July,30
Poland,2024,August,20
Poland,2024,September,35
Poland,2024,October,35
Poland,2024,November,40
Poland,2024,December,25
Poland,2024,Total,425
Poland,2025,January,30
Poland,2025,February,35
Poland,2025,March,20
Poland,2025,April,15
Poland,2025,May,20
Poland,2025,June,30
Poland,2025,July,20
Poland,2025,August,15
Poland,2025,September,20
Poland,2025,October,15
Poland,2025,November,5
Poland,2025,December,25
Poland,2025,Total,245
Poland,2026,January,20
Poland,2026,February,10
Poland,2026,March,15
Poland,2026,April,20
Poland,2026,May,20
Poland,2026,Total,85
Portugal,2023,January,210
Portugal,2023,February,120
Portugal,2023,March,100
Portugal,2023,April,30
Portugal,2023,May,95
Portugal,2023,June,80
Portugal,2023,July,60
Portugal,2023,August,95
Portugal,2023,September,60
Portugal,2023,October,55
Portugal,2023,November,65
Portugal,2023,December,45
Portugal,2023,Total,1015
Portugal,2024,January,110
Portugal,2024,February,45
Portugal,2024,March,60
Portugal,2024,April,45
Portugal,2024,May,80
Portugal,2024,June,40
Portugal,2024,July,45
Portugal,2024,August,20
Portugal,2024,September,35
Portugal,2024,October,40
Portugal,2024,November,60
Portugal,2024,December,35
Portugal,2024,Total,625
Portugal,2025,January,60
Portugal,2025,February,55
Portugal,2025,March,45
Portugal,2025,April,25
Portugal,2025,May,45
Portugal,2025,June,65
Portugal,2025,July,55
Portugal,2025,August,50
Portugal,2025,September,30
Portugal,2025,October,40
Portugal,2025,November,25
Portugal,2025,December,25
Portugal,2025,Total,515
Portugal,2026,January,25
Portugal,2026,February,40
Portugal,2026,March,35
Portugal,2026,April,35
Portugal,2026,May,35
Portugal,2026,Total,170
Qatar,2023,January,0
Qatar,2023,February,0
Qatar,2023,March,0
Qatar,2023,April,
Qatar,2023,May,0
Qatar,2023,June,0
Qatar,2023,July,0
Qatar,2023,August,0
Qatar,2023,September,0
Qatar,2023,October,0
Qatar,2023,November,0
Qatar,2023,December,0
Qatar,2023,Total,
Qatar,2024,January,
Qatar,2024,February,0
Qatar,2024,March,0
Qatar,2024,April,0
Qatar,2024,May,0
Qatar,2024,June,0
Qatar,2024,July,0
Qatar,2024,August,0
Qatar,2024,September,0
Qatar,2024,October,0
Qatar,2024,November,
Qatar,2024,December,0
Qatar,2024,Total,
Qatar,2025,January,0
Qatar,2025,February,
Qatar,2025,March,0
Qatar,2025,April,
Qatar,2025,May,0
Qatar,2025,June,0
Qatar,2025,July,0
Qatar,2025,August,0
Qatar,2025,September,0
Qatar,2025,October,0
Qatar,2025,November,0
Qatar,2025,December,0
Qatar,2025,Total,
Qatar,2026,January,0
Qatar,2026,February,0
Qatar,2026,March,0
Qatar,2026,April,0
Qatar,2026,May,
Qatar,2026,Total,
Republic of Djibouti,2023,January,40
Republic of Djibouti,2023,February,30
Republic of Djibouti,2023,March,15
Republic of Djibouti,2023,April,20
Republic of Djibouti,2023,May,25
Republic of Djibouti,2023,June,25
Republic of Djibouti,2023,July,30
Republic of Djibouti,2023,August,60
Republic of Djibouti,2023,September,25
Republic of Djibouti,2023,October,30
Republic of Djibouti,2023,November,10
Republic of Djibouti,2023,December,35
Republic of Djibouti,2023,Total,345
Republic of Djibouti,2024,January,10
Republic of Djibouti,2024,February,10
Republic of Djibouti,2024,March,25
Republic of Djibouti,2024,April,10
Republic of Djibouti,2024,May,15
Republic of Djibouti,2024,June,10
Republic of Djibouti,2024,July,10
Republic of Djibouti,2024,August,20
Republic of Djibouti,2024,September,10
Republic of Djibouti,2024,October,10
Republic of Djibouti,2024,November,10
Republic of Djibouti,2024,December,15
Republic of Djibouti,2024,Total,155
Republic of Djibouti,2025,January,5
Republic of Djibouti,2025,February,15
Republic of Djibouti,2025,March,15
Republic of Djibouti,2025,April,20
Republic of Djibouti,2025,May,5
Republic of Djibouti,2025,June,15
Republic of Djibouti,2025,July,20
Republic of Djibouti,2025,August,20
Republic of Djibouti,2025,September,15
Republic of Djibouti,2025,October,40
Republic of Djibouti,2025,November,10
Republic of Djibouti,2025,December,35
Republic of Djibouti,2025,Total,215
Republic of Djibouti,2026,January,5
Republic of Djibouti,2026,February,20
Republic of Djibouti,2026,March,5
Republic of Djibouti,2026,April,10
Republic of Djibouti,2026,May,20
Republic of Djibouti,2026,Total,65
Republic of Indonesia,2023,January,70
Republic of Indonesia,2023,February,105
Republic of Indonesia,2023,March,75
Republic of Indonesia,2023,April,45
Republic of Indonesia,2023,May,50
Republic of Indonesia,2023,June,45
Republic of Indonesia,2023,July,55
Republic of Indonesia,2023,August,35
Republic of Indonesia,2023,September,20
Republic of Indonesia,2023,October,30
Republic of Indonesia,2023,November,35
Republic of Indonesia,2023,December,75
Republic of Indonesia,2023,Total,635
Republic of Indonesia,2024,January,80
Republic of Indonesia,2024,February,35
Republic of Indonesia,2024,March,35
Republic of Indonesia,2024,April,35
Republic of Indonesia,2024,May,50
Republic of Indonesia,2024,June,45
Republic of Indonesia,2024,July,35
Republic of Indonesia,2024,August,45
Republic of Indonesia,2024,September,15
Republic of Indonesia,2024,October,25
Republic of Indonesia,2024,November,40
Republic of Indonesia,2024,December,35
Republic of Indonesia,2024,Total,480
Republic of Indonesia,2025,January,45
Republic of Indonesia,2025,February,45
Republic of Indonesia,2025,March,35
Republic of Indonesia,2025,April,40
Republic of Indonesia,2025,May,40
Republic of Indonesia,2025,June,35
Republic of Indonesia,2025,July,30
Republic of Indonesia,2025,August,30
Republic of Indonesia,2025,September,35
Republic of Indonesia,2025,October,35
Republic of Indonesia,2025,November,20
Republic of Indonesia,2025,December,15
Republic of Indonesia,2025,Total,395
Republic of Indonesia,2026,January,40
Republic of Indonesia,2026,February,30
Republic of Indonesia,2026,March,35
Republic of Indonesia,2026,April,30
Republic of Indonesia,2026,May,40
Republic of Indonesia,2026,Total,180
Republic of Ireland,2023,January,145
Republic of Ireland,2023,February,160
Republic of Ireland,2023,March,95
Republic of Ireland,2023,April,40
Republic of Ireland,2023,May,90
Republic of Ireland,2023,June,70
Republic of Ireland,2023,July,55
Republic of Ireland,2023,August,85
Republic of Ireland,2023,September,35
Republic of Ireland,2023,October,65
Republic of Ireland,2023,November,75
Republic of Ireland,2023,December,85
Republic of Ireland,2023,Total,1000
Republic of Ireland,2024,January,105
Republic of Ireland,2024,February,85
Republic of Ireland,2024,March,85
Republic of Ireland,2024,April,75
Republic of Ireland,2024,May,65
Republic of Ireland,2024,June,70
Republic of Ireland,2024,July,60
Republic of Ireland,2024,August,55
Republic of Ireland,2024,September,50
Republic of Ireland,2024,October,55
Republic of Ireland,2024,November,50
Republic of Ireland,2024,December,65
Republic of Ireland,2024,Total,820
Republic of Ireland,2025,January,85
Republic of Ireland,2025,February,120
Republic of Ireland,2025,March,95
Republic of Ireland,2025,April,70
Republic of Ireland,2025,May,75
Republic of Ireland,2025,June,80
Republic of Ireland,2025,July,40
Republic of Ireland,2025,August,65
Republic of Ireland,2025,September,75
Republic of Ireland,2025,October,75
Republic of Ireland,2025,November,25
Republic of Ireland,2025,December,25
Republic of Ireland,2025,Total,825
Republic of Ireland,2026,January,90
Republic of Ireland,2026,February,45
Republic of Ireland,2026,March,45
Republic of Ireland,2026,April,55
Republic of Ireland,2026,May,50
Republic of Ireland,2026,Total,285
Republic of Ivory Coast,2023,January,110
Republic of Ivory Coast,2023,February,250
Republic of Ivory Coast,2023,March,250
Republic of Ivory Coast,2023,April,275
Republic of Ivory Coast,2023,May,100
Republic of Ivory Coast,2023,June,160
Republic of Ivory Coast,2023,July,245
Republic of Ivory Coast,2023,August,185
Republic of Ivory Coast,2023,September,250
Republic of Ivory Coast,2023,October,200
Republic of Ivory Coast,2023,November,175
Republic of Ivory Coast,2023,December,205
Republic of Ivory Coast,2023,Total,2395
Republic of Ivory Coast,2024,January,305
Republic of Ivory Coast,2024,February,185
Republic of Ivory Coast,2024,March,310
Republic of Ivory Coast,2024,April,270
Republic of Ivory Coast,2024,May,395
Republic of Ivory Coast,2024,June,355
Republic of Ivory Coast,2024,July,275
Republic of Ivory Coast,2024,August,285
Republic of Ivory Coast,2024,September,215
Republic of Ivory Coast,2024,October,255
Republic of Ivory Coast,2024,November,280
Republic of Ivory Coast,2024,December,255
Republic of Ivory Coast,2024,Total,3385
Republic of Ivory Coast,2025,January,215
Republic of Ivory Coast,2025,February,205
Republic of Ivory Coast,2025,March,235
Republic of Ivory Coast,2025,April,155
Republic of Ivory Coast,2025,May,275
Republic of Ivory Coast,2025,June,275
Republic of Ivory Coast,2025,July,270
Republic of Ivory Coast,2025,August,395
Republic of Ivory Coast,2025,September,335
Republic of Ivory Coast,2025,October,435
Republic of Ivory Coast,2025,November,205
Republic of Ivory Coast,2025,December,225
Republic of Ivory Coast,2025,Total,3235
Republic of Ivory Coast,2026,January,190
Republic of Ivory Coast,2026,February,195
Republic of Ivory Coast,2026,March,180
Republic of Ivory Coast,2026,April,230
Republic of Ivory Coast,2026,May,145
Republic of Ivory Coast,2026,Total,940
Republic of Palau,2023,January,0
Republic of Palau,2023,February,
Republic of Palau,2023,March,0
Republic of Palau,2023,April,
Republic of Palau,2023,May,0
Republic of Palau,2023,June,0
Republic of Palau,2023,July,0
Republic of Palau,2023,August,
Republic of Palau,2023,September,0
Republic of Palau,2023,October,0
Republic of Palau,2023,November,
Republic of Palau,2023,December,0
Republic of Palau,2023,Total,
Republic of Palau,2024,January,0
Republic of Palau,2024,February,0
Republic of Palau,2024,March,0
Republic of Palau,2024,April,
Republic of Palau,2024,May,0
Republic of Palau,2024,June,0
Republic of Palau,2024,July,0
Republic of Palau,2024,August,0
Republic of Palau,2024,September,0
Republic of Palau,2024,October,0
Republic of Palau,2024,November,0
Republic of Palau,2024,December,0
Republic of Palau,2024,Total,
Republic of Palau,2025,January,0
Republic of Palau,2025,February,0
Republic of Palau,2025,March,0
Republic of Palau,2025,April,0
Republic of Palau,2025,May,0
Republic of Palau,2025,June,0
Republic of Palau,2025,July,0
Republic of Palau,2025,August,0
Republic of Palau,2025,September,0
Republic of Palau,2025,October,0
Republic of Palau,2025,November,0
Republic of Palau,2025,December,0
Republic of Palau,2025,Total,0
Republic of Palau,2026,January,0
Republic of Palau,2026,February,0
Republic of Palau,2026,March,0
Republic of Palau,2026,April,0
Republic of Palau,2026,May,0
Republic of Palau,2026,Total,0
Republic of South Africa,2023,January,310
Republic of South Africa,2023,February,285
Republic of South Africa,2023,March,190
Republic of South Africa,2023,April,95
Republic of South Africa,2023,May,185
Republic of South Africa,2023,June,120
Republic of South Africa,2023,July,145
Republic of South Africa,2023,August,150
Republic of South Africa,2023,September,70
Republic of South Africa,2023,October,135
Republic of South Africa,2023,November,115
Republic of South Africa,2023,December,195
Republic of South Africa,2023,Total,1995
Republic of South Africa,2024,January,225
Republic of South Africa,2024,February,145
Republic of South Africa,2024,March,135
Republic of South Africa,2024,April,160
Republic of South Africa,2024,May,155
Republic of South Africa,2024,June,130
Republic of South Africa,2024,July,170
Republic of South Africa,2024,August,120
Republic of South Africa,2024,September,80
Republic of South Africa,2024,October,90
Republic of South Africa,2024,November,120
Republic of South Africa,2024,December,65
Republic of South Africa,2024,Total,1590
Republic of South Africa,2025,January,155
Republic of South Africa,2025,February,120
Republic of South Africa,2025,March,95
Republic of South Africa,2025,April,75
Republic of South Africa,2025,May,70
Republic of South Africa,2025,June,115
Republic of South Africa,2025,July,100
Republic of South Africa,2025,August,75
Republic of South Africa,2025,September,80
Republic of South Africa,2025,October,80
Republic of South Africa,2025,November,40
Republic of South Africa,2025,December,65
Republic of South Africa,2025,Total,1075
Republic of South Africa,2026,January,80
Republic of South Africa,2026,February,70
Republic of South Africa,2026,March,50
Republic of South Africa,2026,April,40
Republic of South Africa,2026,May,95
Republic of South Africa,2026,Total,335
Republic of the Niger,2023,January,15
Republic of the Niger,2023,February,5
Republic of the Niger,2023,March,15
Republic of the Niger,2023,April,5
Republic of the Niger,2023,May,10
Republic of the Niger,2023,June,5
Republic of the Niger,2023,July,5
Republic of the Niger,2023,August,
Republic of the Niger,2023,September,15
Republic of the Niger,2023,October,5
Republic of the Niger,2023,November,5
Republic of the Niger,2023,December,5
Republic of the Niger,2023,Total,95
Republic of the Niger,2024,January,10
Republic of the Niger,2024,February,5
Republic of the Niger,2024,March,15
Republic of the Niger,2024,April,10
Republic of the Niger,2024,May,10
Republic of the Niger,2024,June,10
Republic of the Niger,2024,July,10
Republic of the Niger,2024,August,15
Republic of the Niger,2024,September,
Republic of the Niger,2024,October,10
Republic of the Niger,2024,November,10
Republic of the Niger,2024,December,
Republic of the Niger,2024,Total,115
Republic of the Niger,2025,January,
Republic of the Niger,2025,February,15
Republic of the Niger,2025,March,10
Republic of the Niger,2025,April,5
Republic of the Niger,2025,May,30
Republic of the Niger,2025,June,20
Republic of the Niger,2025,July,10
Republic of the Niger,2025,August,15
Republic of the Niger,2025,September,10
Republic of the Niger,2025,October,15
Republic of the Niger,2025,November,
Republic of the Niger,2025,December,5
Republic of the Niger,2025,Total,145
Republic of the Niger,2026,January,10
Republic of the Niger,2026,February,5
Republic of the Niger,2026,March,10
Republic of the Niger,2026,April,5
Republic of the Niger,2026,May,
Republic of the Niger,2026,Total,30
Reunion,2023,January,0
Reunion,2023,February,0
Reunion,2023,March,0
Reunion,2023,April,0
Reunion,2023,May,0
Reunion,2023,June,0
Reunion,2023,July,0
Reunion,2023,August,0
Reunion,2023,September,
Reunion,2023,October,0
Reunion,2023,November,0
Reunion,2023,December,0
Reunion,2023,Total,
Reunion,2024,January,0
Reunion,2024,February,0
Reunion,2024,March,0
Reunion,2024,April,0
Reunion,2024,May,0
Reunion,2024,June,0
Reunion,2024,July,0
Reunion,2024,August,0
Reunion,2024,September,0
Reunion,2024,October,0
Reunion,2024,November,0
Reunion,2024,December,0
Reunion,2024,Total,0
Reunion,2025,January,0
Reunion,2025,February,0
Reunion,2025,March,0
Reunion,2025,April,0
Reunion,2025,May,0
Reunion,2025,June,0
Reunion,2025,July,0
Reunion,2025,August,0
Reunion,2025,September,0
Reunion,2025,October,0
Reunion,2025,November,0
Reunion,2025,December,0
Reunion,2025,Total,0
Reunion,2026,January,0
Reunion,2026,February,0
Reunion,2026,March,0
Reunion,2026,April,0
Reunion,2026,May,0
Reunion,2026,Total,0
Romania,2023,January,60
Romania,2023,February,60
Romania,2023,March,55
Romania,2023,April,35
Romania,2023,May,35
Romania,2023,June,35
Romania,2023,July,55
Romania,2023,August,25
Romania,2023,September,25
Romania,2023,October,25
Romania,2023,November,25
Romania,2023,December,35
Romania,2023,Total,470
Romania,2024,January,50
Romania,2024,February,30
Romania,2024,March,25
Romania,2024,April,30
Romania,2024,May,35
Romania,2024,June,30
Romania,2024,July,40
Romania,2024,August,45
Romania,2024,September,35
Romania,2024,October,35
Romania,2024,November,30
Romania,2024,December,15
Romania,2024,Total,400
Romania,2025,January,35
Romania,2025,February,15
Romania,2025,March,20
Romania,2025,April,30
Romania,2025,May,20
Romania,2025,June,35
Romania,2025,July,20
Romania,2025,August,25
Romania,2025,September,15
Romania,2025,October,20
Romania,2025,November,15
Romania,2025,December,20
Romania,2025,Total,270
Romania,2026,January,15
Romania,2026,February,50
Romania,2026,March,45
Romania,2026,April,25
Romania,2026,May,30
Romania,2026,Total,165
Russia,2023,January,230
Russia,2023,February,185
Russia,2023,March,165
Russia,2023,April,70
Russia,2023,May,155
Russia,2023,June,165
Russia,2023,July,130
Russia,2023,August,135
Russia,2023,September,115
Russia,2023,October,135
Russia,2023,November,125
Russia,2023,December,165
Russia,2023,Total,1775
Russia,2024,January,295
Russia,2024,February,195
Russia,2024,March,115
Russia,2024,April,200
Russia,2024,May,200
Russia,2024,June,115
Russia,2024,July,150
Russia,2024,August,135
Russia,2024,September,55
Russia,2024,October,105
Russia,2024,November,105
Russia,2024,December,105
Russia,2024,Total,1780
Russia,2025,January,90
Russia,2025,February,150
Russia,2025,March,100
Russia,2025,April,95
Russia,2025,May,90
Russia,2025,June,75
Russia,2025,July,110
Russia,2025,August,70
Russia,2025,September,75
Russia,2025,October,90
Russia,2025,November,35
Russia,2025,December,70
Russia,2025,Total,1045
Russia,2026,January,55
Russia,2026,February,70
Russia,2026,March,75
Russia,2026,April,100
Russia,2026,May,105
Russia,2026,Total,405
Rwanda,2023,January,90
Rwanda,2023,February,85
Rwanda,2023,March,95
Rwanda,2023,April,50
Rwanda,2023,May,90
Rwanda,2023,June,75
Rwanda,2023,July,95
Rwanda,2023,August,105
Rwanda,2023,September,80
Rwanda,2023,October,70
Rwanda,2023,November,85
Rwanda,2023,December,115
Rwanda,2023,Total,1040
Rwanda,2024,January,140
Rwanda,2024,February,135
Rwanda,2024,March,90
Rwanda,2024,April,85
Rwanda,2024,May,140
Rwanda,2024,June,90
Rwanda,2024,July,95
Rwanda,2024,August,130
Rwanda,2024,September,110
Rwanda,2024,October,90
Rwanda,2024,November,90
Rwanda,2024,December,95
Rwanda,2024,Total,1295
Rwanda,2025,January,55
Rwanda,2025,February,75
Rwanda,2025,March,80
Rwanda,2025,April,100
Rwanda,2025,May,85
Rwanda,2025,June,80
Rwanda,2025,July,85
Rwanda,2025,August,115
Rwanda,2025,September,115
Rwanda,2025,October,110
Rwanda,2025,November,80
Rwanda,2025,December,55
Rwanda,2025,Total,1035
Rwanda,2026,January,90
Rwanda,2026,February,95
Rwanda,2026,March,70
Rwanda,2026,April,90
Rwanda,2026,May,145
Rwanda,2026,Total,490
"Samoa, Independent State Of",2023,January,
"Samoa, Independent State Of",2023,February,0
"Samoa, Independent State Of",2023,March,0
"Samoa, Independent State Of",2023,April,0
"Samoa, Independent State Of",2023,May,0
"Samoa, Independent State Of",2023,June,0
"Samoa, Independent State Of",2023,July,0
"Samoa, Independent State Of",2023,August,0
"Samoa, Independent State Of",2023,September,0
"Samoa, Independent State Of",2023,October,0
"Samoa, Independent State Of",2023,November,0
"Samoa, Independent State Of",2023,December,
"Samoa, Independent State Of",2023,Total,
"Samoa, Independent State Of",2024,January,0
"Samoa, Independent State Of",2024,February,0
"Samoa, Independent State Of",2024,March,0
"Samoa, Independent State Of",2024,April,0
"Samoa, Independent State Of",2024,May,0
"Samoa, Independent State Of",2024,June,0
"Samoa, Independent State Of",2024,July,0
"Samoa, Independent State Of",2024,August,0
"Samoa, Independent State Of",2024,September,0
"Samoa, Independent State Of",2024,October,0
"Samoa, Independent State Of",2024,November,0
"Samoa, Independent State Of",2024,December,
"Samoa, Independent State Of",2024,Total,
"Samoa, Independent State Of",2025,January,0
"Samoa, Independent State Of",2025,February,0
"Samoa, Independent State Of",2025,March,0
"Samoa, Independent State Of",2025,April,0
"Samoa, Independent State Of",2025,May,0
"Samoa, Independent State Of",2025,June,0
"Samoa, Independent State Of",2025,July,0
"Samoa, Independent State Of",2025,August,0
"Samoa, Independent State Of",2025,September,0
"Samoa, Independent State Of",2025,October,0
"Samoa, Independent State Of",2025,November,0
"Samoa, Independent State Of",2025,December,0
"Samoa, Independent State Of",2025,Total,0
"Samoa, Independent State Of",2026,January,0
"Samoa, Independent State Of",2026,February,0
"Samoa, Independent State Of",2026,March,0
"Samoa, Independent State Of",2026,April,0
"Samoa, Independent State Of",2026,May,
"Samoa, Independent State Of",2026,Total,
San Marino,2023,January,0
San Marino,2023,February,0
San Marino,2023,March,0
San Marino,2023,April,0
San Marino,2023,May,0
San Marino,2023,June,0
San Marino,2023,July,0
San Marino,2023,August,0
San Marino,2023,September,0
San Marino,2023,October,0
San Marino,2023,November,0
San Marino,2023,December,0
San Marino,2023,Total,0
San Marino,2024,January,0
San Marino,2024,February,0
San Marino,2024,March,0
San Marino,2024,April,0
San Marino,2024,May,0
San Marino,2024,June,0
San Marino,2024,July,0
San Marino,2024,August,0
San Marino,2024,September,0
San Marino,2024,October,0
San Marino,2024,November,0
San Marino,2024,December,0
San Marino,2024,Total,0
San Marino,2025,January,0
San Marino,2025,February,0
San Marino,2025,March,0
San Marino,2025,April,0
San Marino,2025,May,0
San Marino,2025,June,0
San Marino,2025,July,0
San Marino,2025,August,0
San Marino,2025,September,
San Marino,2025,October,0
San Marino,2025,November,0
San Marino,2025,December,0
San Marino,2025,Total,
San Marino,2026,January,0
San Marino,2026,February,0
San Marino,2026,March,0
San Marino,2026,April,0
San Marino,2026,May,0
San Marino,2026,Total,0
Sao Tome and Principe,2023,January,0
Sao Tome and Principe,2023,February,0
Sao Tome and Principe,2023,March,0
Sao Tome and Principe,2023,April,0
Sao Tome and Principe,2023,May,0
Sao Tome and Principe,2023,June,0
Sao Tome and Principe,2023,July,0
Sao Tome and Principe,2023,August,
Sao Tome and Principe,2023,September,0
Sao Tome and Principe,2023,October,0
Sao Tome and Principe,2023,November,0
Sao Tome and Principe,2023,December,0
Sao Tome and Principe,2023,Total,
Sao Tome and Principe,2024,January,0
Sao Tome and Principe,2024,February,0
Sao Tome and Principe,2024,March,0
Sao Tome and Principe,2024,April,0
Sao Tome and Principe,2024,May,0
Sao Tome and Principe,2024,June,0
Sao Tome and Principe,2024,July,0
Sao Tome and Principe,2024,August,0
Sao Tome and Principe,2024,September,0
Sao Tome and Principe,2024,October,0
Sao Tome and Principe,2024,November,0
Sao Tome and Principe,2024,December,0
Sao Tome and Principe,2024,Total,0
Sao Tome and Principe,2025,January,0
Sao Tome and Principe,2025,February,0
Sao Tome and Principe,2025,March,0
Sao Tome and Principe,2025,April,0
Sao Tome and Principe,2025,May,0
Sao Tome and Principe,2025,June,0
Sao Tome and Principe,2025,July,0
Sao Tome and Principe,2025,August,0
Sao Tome and Principe,2025,September,0
Sao Tome and Principe,2025,October,
Sao Tome and Principe,2025,November,0
Sao Tome and Principe,2025,December,0
Sao Tome and Principe,2025,Total,
Sao Tome and Principe,2026,January,0
Sao Tome and Principe,2026,February,0
Sao Tome and Principe,2026,March,0
Sao Tome and Principe,2026,April,0
Sao Tome and Principe,2026,May,0
Sao Tome and Principe,2026,Total,0
Saudi Arabia,2023,January,40
Saudi Arabia,2023,February,30
Saudi Arabia,2023,March,15
Saudi Arabia,2023,April,25
Saudi Arabia,2023,May,20
Saudi Arabia,2023,June,15
Saudi Arabia,2023,July,10
Saudi Arabia,2023,August,20
Saudi Arabia,2023,September,15
Saudi Arabia,2023,October,20
Saudi Arabia,2023,November,5
Saudi Arabia,2023,December,20
Saudi Arabia,2023,Total,240
Saudi Arabia,2024,January,25
Saudi Arabia,2024,February,25
Saudi Arabia,2024,March,25
Saudi Arabia,2024,April,25
Saudi Arabia,2024,May,20
Saudi Arabia,2024,June,15
Saudi Arabia,2024,July,15
Saudi Arabia,2024,August,15
Saudi Arabia,2024,September,10
Saudi Arabia,2024,October,15
Saudi Arabia,2024,November,10
Saudi Arabia,2024,December,10
Saudi Arabia,2024,Total,215
Saudi Arabia,2025,January,15
Saudi Arabia,2025,February,5
Saudi Arabia,2025,March,10
Saudi Arabia,2025,April,
Saudi Arabia,2025,May,10
Saudi Arabia,2025,June,15
Saudi Arabia,2025,July,10
Saudi Arabia,2025,August,10
Saudi Arabia,2025,September,5
Saudi Arabia,2025,October,10
Saudi Arabia,2025,November,5
Saudi Arabia,2025,December,10
Saudi Arabia,2025,Total,110
Saudi Arabia,2026,January,5
Saudi Arabia,2026,February,10
Saudi Arabia,2026,March,10
Saudi Arabia,2026,April,15
Saudi Arabia,2026,May,10
Saudi Arabia,2026,Total,50
Senegal,2023,January,90
Senegal,2023,February,80
Senegal,2023,March,90
Senegal,2023,April,70
Senegal,2023,May,50
Senegal,2023,June,80
Senegal,2023,July,95
Senegal,2023,August,80
Senegal,2023,September,125
Senegal,2023,October,55
Senegal,2023,November,70
Senegal,2023,December,55
Senegal,2023,Total,940
Senegal,2024,January,75
Senegal,2024,February,80
Senegal,2024,March,110
Senegal,2024,April,75
Senegal,2024,May,110
Senegal,2024,June,100
Senegal,2024,July,125
Senegal,2024,August,120
Senegal,2024,September,65
Senegal,2024,October,70
Senegal,2024,November,80
Senegal,2024,December,70
Senegal,2024,Total,1075
Senegal,2025,January,80
Senegal,2025,February,70
Senegal,2025,March,90
Senegal,2025,April,95
Senegal,2025,May,165
Senegal,2025,June,140
Senegal,2025,July,135
Senegal,2025,August,115
Senegal,2025,September,135
Senegal,2025,October,160
Senegal,2025,November,90
Senegal,2025,December,70
Senegal,2025,Total,1345
Senegal,2026,January,90
Senegal,2026,February,85
Senegal,2026,March,100
Senegal,2026,April,90
Senegal,2026,May,95
Senegal,2026,Total,465
"Serbia, Republic of",2023,January,50
"Serbia, Republic of",2023,February,60
"Serbia, Republic of",2023,March,25
"Serbia, Republic of",2023,April,20
"Serbia, Republic of",2023,May,25
"Serbia, Republic of",2023,June,10
"Serbia, Republic of",2023,July,10
"Serbia, Republic of",2023,August,15
"Serbia, Republic of",2023,September,10
"Serbia, Republic of",2023,October,15
"Serbia, Republic of",2023,November,20
"Serbia, Republic of",2023,December,30
"Serbia, Republic of",2023,Total,290
"Serbia, Republic of",2024,January,30
"Serbia, Republic of",2024,February,15
"Serbia, Republic of",2024,March,15
"Serbia, Republic of",2024,April,25
"Serbia, Republic of",2024,May,30
"Serbia, Republic of",2024,June,25
"Serbia, Republic of",2024,July,25
"Serbia, Republic of",2024,August,25
"Serbia, Republic of",2024,September,10
"Serbia, Republic of",2024,October,15
"Serbia, Republic of",2024,November,10
"Serbia, Republic of",2024,December,5
"Serbia, Republic of",2024,Total,225
"Serbia, Republic of",2025,January,15
"Serbia, Republic of",2025,February,25
"Serbia, Republic of",2025,March,20
"Serbia, Republic of",2025,April,10
"Serbia, Republic of",2025,May,20
"Serbia, Republic of",2025,June,20
"Serbia, Republic of",2025,July,20
"Serbia, Republic of",2025,August,10
"Serbia, Republic of",2025,September,10
"Serbia, Republic of",2025,October,5
"Serbia, Republic of",2025,November,5
"Serbia, Republic of",2025,December,
"Serbia, Republic of",2025,Total,165
"Serbia, Republic of",2026,January,
"Serbia, Republic of",2026,February,15
"Serbia, Republic of",2026,March,15
"Serbia, Republic of",2026,April,10
"Serbia, Republic of",2026,May,15
"Serbia, Republic of",2026,Total,55
Seychelles,2023,January,
Seychelles,2023,February,0
Seychelles,2023,March,
Seychelles,2023,April,0
Seychelles,2023,May,0
Seychelles,2023,June,0
Seychelles,2023,July,0
Seychelles,2023,August,0
Seychelles,2023,September,0
Seychelles,2023,October,
Seychelles,2023,November,0
Seychelles,2023,December,0
Seychelles,2023,Total,5
Seychelles,2024,January,0
Seychelles,2024,February,0
Seychelles,2024,March,0
Seychelles,2024,April,0
Seychelles,2024,May,0
Seychelles,2024,June,0
Seychelles,2024,July,0
Seychelles,2024,August,
Seychelles,2024,September,0
Seychelles,2024,October,0
Seychelles,2024,November,
Seychelles,2024,December,0
Seychelles,2024,Total,5
Seychelles,2025,January,0
Seychelles,2025,February,
Seychelles,2025,March,
Seychelles,2025,April,0
Seychelles,2025,May,0
Seychelles,2025,June,0
Seychelles,2025,July,0
Seychelles,2025,August,0
Seychelles,2025,September,0
Seychelles,2025,October,
Seychelles,2025,November,
Seychelles,2025,December,0
Seychelles,2025,Total,5
Seychelles,2026,January,0
Seychelles,2026,February,0
Seychelles,2026,March,0
Seychelles,2026,April,0
Seychelles,2026,May,0
Seychelles,2026,Total,0
Sierra Leone,2023,January,15
Sierra Leone,2023,February,10
Sierra Leone,2023,March,5
Sierra Leone,2023,April,15
Sierra Leone,2023,May,10
Sierra Leone,2023,June,5
Sierra Leone,2023,July,5
Sierra Leone,2023,August,15
Sierra Leone,2023,September,
Sierra Leone,2023,October,10
Sierra Leone,2023,November,5
Sierra Leone,2023,December,
Sierra Leone,2023,Total,110
Sierra Leone,2024,January,5
Sierra Leone,2024,February,5
Sierra Leone,2024,March,10
Sierra Leone,2024,April,
Sierra Leone,2024,May,15
Sierra Leone,2024,June,5
Sierra Leone,2024,July,5
Sierra Leone,2024,August,5
Sierra Leone,2024,September,15
Sierra Leone,2024,October,15
Sierra Leone,2024,November,5
Sierra Leone,2024,December,
Sierra Leone,2024,Total,95
Sierra Leone,2025,January,10
Sierra Leone,2025,February,10
Sierra Leone,2025,March,
Sierra Leone,2025,April,
Sierra Leone,2025,May,10
Sierra Leone,2025,June,
Sierra Leone,2025,July,
Sierra Leone,2025,August,5
Sierra Leone,2025,September,5
Sierra Leone,2025,October,15
Sierra Leone,2025,November,
Sierra Leone,2025,December,5
Sierra Leone,2025,Total,70
Sierra Leone,2026,January,10
Sierra Leone,2026,February,
Sierra Leone,2026,March,
Sierra Leone,2026,April,5
Sierra Leone,2026,May,
Sierra Leone,2026,Total,30
Singapore,2023,January,35
Singapore,2023,February,35
Singapore,2023,March,35
Singapore,2023,April,15
Singapore,2023,May,30
Singapore,2023,June,15
Singapore,2023,July,10
Singapore,2023,August,20
Singapore,2023,September,15
Singapore,2023,October,15
Singapore,2023,November,20
Singapore,2023,December,25
Singapore,2023,Total,270
Singapore,2024,January,20
Singapore,2024,February,30
Singapore,2024,March,25
Singapore,2024,April,20
Singapore,2024,May,35
Singapore,2024,June,25
Singapore,2024,July,20
Singapore,2024,August,20
Singapore,2024,September,10
Singapore,2024,October,5
Singapore,2024,November,20
Singapore,2024,December,10
Singapore,2024,Total,240
Singapore,2025,January,20
Singapore,2025,February,15
Singapore,2025,March,10
Singapore,2025,April,15
Singapore,2025,May,10
Singapore,2025,June,20
Singapore,2025,July,10
Singapore,2025,August,10
Singapore,2025,September,5
Singapore,2025,October,15
Singapore,2025,November,15
Singapore,2025,December,10
Singapore,2025,Total,150
Singapore,2026,January,10
Singapore,2026,February,10
Singapore,2026,March,10
Singapore,2026,April,10
Singapore,2026,May,5
Singapore,2026,Total,45
Sint-Maarten,2023,January,0
Sint-Maarten,2023,February,0
Sint-Maarten,2023,March,0
Sint-Maarten,2023,April,0
Sint-Maarten,2023,May,0
Sint-Maarten,2023,June,0
Sint-Maarten,2023,July,0
Sint-Maarten,2023,August,0
Sint-Maarten,2023,September,0
Sint-Maarten,2023,October,0
Sint-Maarten,2023,November,0
Sint-Maarten,2023,December,0
Sint-Maarten,2023,Total,0
Sint-Maarten,2024,January,
Sint-Maarten,2024,February,0
Sint-Maarten,2024,March,0
Sint-Maarten,2024,April,0
Sint-Maarten,2024,May,0
Sint-Maarten,2024,June,0
Sint-Maarten,2024,July,0
Sint-Maarten,2024,August,0
Sint-Maarten,2024,September,0
Sint-Maarten,2024,October,0
Sint-Maarten,2024,November,0
Sint-Maarten,2024,December,0
Sint-Maarten,2024,Total,
Sint-Maarten,2025,January,0
Sint-Maarten,2025,February,0
Sint-Maarten,2025,March,0
Sint-Maarten,2025,April,0
Sint-Maarten,2025,May,0
Sint-Maarten,2025,June,0
Sint-Maarten,2025,July,0
Sint-Maarten,2025,August,0
Sint-Maarten,2025,September,0
Sint-Maarten,2025,October,0
Sint-Maarten,2025,November,0
Sint-Maarten,2025,December,0
Sint-Maarten,2025,Total,0
Sint-Maarten,2026,January,0
Sint-Maarten,2026,February,0
Sint-Maarten,2026,March,0
Sint-Maarten,2026,April,0
Sint-Maarten,2026,May,0
Sint-Maarten,2026,Total,0
Slovak Republic,2023,January,15
Slovak Republic,2023,February,30
Slovak Republic,2023,March,30
Slovak Republic,2023,April,
Slovak Republic,2023,May,15
Slovak Republic,2023,June,15
Slovak Republic,2023,July,15
Slovak Republic,2023,August,10
Slovak Republic,2023,September,5
Slovak Republic,2023,October,10
Slovak Republic,2023,November,5
Slovak Republic,2023,December,5
Slovak Republic,2023,Total,155
Slovak Republic,2024,January,5
Slovak Republic,2024,February,5
Slovak Republic,2024,March,15
Slovak Republic,2024,April,20
Slovak Republic,2024,May,15
Slovak Republic,2024,June,15
Slovak Republic,2024,July,15
Slovak Republic,2024,August,15
Slovak Republic,2024,September,
Slovak Republic,2024,October,5
Slovak Republic,2024,November,20
Slovak Republic,2024,December,10
Slovak Republic,2024,Total,145
Slovak Republic,2025,January,15
Slovak Republic,2025,February,10
Slovak Republic,2025,March,5
Slovak Republic,2025,April,
Slovak Republic,2025,May,5
Slovak Republic,2025,June,10
Slovak Republic,2025,July,10
Slovak Republic,2025,August,10
Slovak Republic,2025,September,
Slovak Republic,2025,October,5
Slovak Republic,2025,November,
Slovak Republic,2025,December,10
Slovak Republic,2025,Total,90
Slovak Republic,2026,January,10
Slovak Republic,2026,February,15
Slovak Republic,2026,March,15
Slovak Republic,2026,April,10
Slovak Republic,2026,May,10
Slovak Republic,2026,Total,55
Slovenia,2023,January,10
Slovenia,2023,February,10
Slovenia,2023,March,10
Slovenia,2023,April,
Slovenia,2023,May,
Slovenia,2023,June,5
Slovenia,2023,July,
Slovenia,2023,August,
Slovenia,2023,September,0
Slovenia,2023,October,0
Slovenia,2023,November,0
Slovenia,2023,December,
Slovenia,2023,Total,40
Slovenia,2024,January,
Slovenia,2024,February,
Slovenia,2024,March,
Slovenia,2024,April,0
Slovenia,2024,May,
Slovenia,2024,June,
Slovenia,2024,July,0
Slovenia,2024,August,0
Slovenia,2024,September,
Slovenia,2024,October,0
Slovenia,2024,November,
Slovenia,2024,December,
Slovenia,2024,Total,15
Slovenia,2025,January,
Slovenia,2025,February,
Slovenia,2025,March,
Slovenia,2025,April,
Slovenia,2025,May,
Slovenia,2025,June,
Slovenia,2025,July,
Slovenia,2025,August,0
Slovenia,2025,September,0
Slovenia,2025,October,0
Slovenia,2025,November,0
Slovenia,2025,December,5
Slovenia,2025,Total,20
Slovenia,2026,January,0
Slovenia,2026,February,
Slovenia,2026,March,
Slovenia,2026,April,
Slovenia,2026,May,
Slovenia,2026,Total,5
Socialist Republic of Vietnam,2023,January,945
Socialist Republic of Vietnam,2023,February,995
Socialist Republic of Vietnam,2023,March,730
Socialist Republic of Vietnam,2023,April,265
Socialist Republic of Vietnam,2023,May,645
Socialist Republic of Vietnam,2023,June,475
Socialist Republic of Vietnam,2023,July,525
Socialist Republic of Vietnam,2023,August,490
Socialist Republic of Vietnam,2023,September,285
Socialist Republic of Vietnam,2023,October,380
Socialist Republic of Vietnam,2023,November,340
Socialist Republic of Vietnam,2023,December,650
Socialist Republic of Vietnam,2023,Total,6730
Socialist Republic of Vietnam,2024,January,970
Socialist Republic of Vietnam,2024,February,520
Socialist Republic of Vietnam,2024,March,495
Socialist Republic of Vietnam,2024,April,685
Socialist Republic of Vietnam,2024,May,715
Socialist Republic of Vietnam,2024,June,545
Socialist Republic of Vietnam,2024,July,640
Socialist Republic of Vietnam,2024,August,575
Socialist Republic of Vietnam,2024,September,365
Socialist Republic of Vietnam,2024,October,375
Socialist Republic of Vietnam,2024,November,445
Socialist Republic of Vietnam,2024,December,360
Socialist Republic of Vietnam,2024,Total,6695
Socialist Republic of Vietnam,2025,January,470
Socialist Republic of Vietnam,2025,February,340
Socialist Republic of Vietnam,2025,March,360
Socialist Republic of Vietnam,2025,April,275
Socialist Republic of Vietnam,2025,May,345
Socialist Republic of Vietnam,2025,June,400
Socialist Republic of Vietnam,2025,July,300
Socialist Republic of Vietnam,2025,August,255
Socialist Republic of Vietnam,2025,September,260
Socialist Republic of Vietnam,2025,October,290
Socialist Republic of Vietnam,2025,November,330
Socialist Republic of Vietnam,2025,December,230
Socialist Republic of Vietnam,2025,Total,3865
Socialist Republic of Vietnam,2026,January,255
Socialist Republic of Vietnam,2026,February,390
Socialist Republic of Vietnam,2026,March,395
Socialist Republic of Vietnam,2026,April,445
Socialist Republic of Vietnam,2026,May,385
Socialist Republic of Vietnam,2026,Total,1875
"Solomons, The",2023,January,5
"Solomons, The",2023,February,0
"Solomons, The",2023,March,0
"Solomons, The",2023,April,
"Solomons, The",2023,May,0
"Solomons, The",2023,June,0
"Solomons, The",2023,July,0
"Solomons, The",2023,August,0
"Solomons, The",2023,September,
"Solomons, The",2023,October,
"Solomons, The",2023,November,0
"Solomons, The",2023,December,0
"Solomons, The",2023,Total,10
"Solomons, The",2024,January,0
"Solomons, The",2024,February,0
"Solomons, The",2024,March,
"Solomons, The",2024,April,0
"Solomons, The",2024,May,
"Solomons, The",2024,June,
"Solomons, The",2024,July,0
"Solomons, The",2024,August,0
"Solomons, The",2024,September,0
"Solomons, The",2024,October,0
"Solomons, The",2024,November,
"Solomons, The",2024,December,
"Solomons, The",2024,Total,10
"Solomons, The",2025,January,0
"Solomons, The",2025,February,
"Solomons, The",2025,March,0
"Solomons, The",2025,April,0
"Solomons, The",2025,May,
"Solomons, The",2025,June,0
"Solomons, The",2025,July,
"Solomons, The",2025,August,0
"Solomons, The",2025,September,0
"Solomons, The",2025,October,0
"Solomons, The",2025,November,0
"Solomons, The",2025,December,0
"Solomons, The",2025,Total,5
"Solomons, The",2026,January,0
"Solomons, The",2026,February,0
"Solomons, The",2026,March,0
"Solomons, The",2026,April,0
"Solomons, The",2026,May,0
"Solomons, The",2026,Total,0
"Somalia, Democratic Republic of",2023,January,290
"Somalia, Democratic Republic of",2023,February,230
"Somalia, Democratic Republic of",2023,March,170
"Somalia, Democratic Republic of",2023,April,320
"Somalia, Democratic Republic of",2023,May,440
"Somalia, Democratic Republic of",2023,June,620
"Somalia, Democratic Republic of",2023,July,695
"Somalia, Democratic Republic of",2023,August,515
"Somalia, Democratic Republic of",2023,September,280
"Somalia, Democratic Republic of",2023,October,400
"Somalia, Democratic Republic of",2023,November,465
"Somalia, Democratic Republic of",2023,December,425
"Somalia, Democratic Republic of",2023,Total,4855
"Somalia, Democratic Republic of",2024,January,200
"Somalia, Democratic Republic of",2024,February,470
"Somalia, Democratic Republic of",2024,March,550
"Somalia, Democratic Republic of",2024,April,320
"Somalia, Democratic Republic of",2024,May,305
"Somalia, Democratic Republic of",2024,June,610
"Somalia, Democratic Republic of",2024,July,665
"Somalia, Democratic Republic of",2024,August,510
"Somalia, Democratic Republic of",2024,September,530
"Somalia, Democratic Republic of",2024,October,620
"Somalia, Democratic Republic of",2024,November,595
"Somalia, Democratic Republic of",2024,December,240
"Somalia, Democratic Republic of",2024,Total,5620
"Somalia, Democratic Republic of",2025,January,310
"Somalia, Democratic Republic of",2025,February,265
"Somalia, Democratic Republic of",2025,March,230
"Somalia, Democratic Republic of",2025,April,245
"Somalia, Democratic Republic of",2025,May,355
"Somalia, Democratic Republic of",2025,June,430
"Somalia, Democratic Republic of",2025,July,610
"Somalia, Democratic Republic of",2025,August,430
"Somalia, Democratic Republic of",2025,September,505
"Somalia, Democratic Republic of",2025,October,540
"Somalia, Democratic Republic of",2025,November,205
"Somalia, Democratic Republic of",2025,December,100
"Somalia, Democratic Republic of",2025,Total,4230
"Somalia, Democratic Republic of",2026,January,245
"Somalia, Democratic Republic of",2026,February,365
"Somalia, Democratic Republic of",2026,March,290
"Somalia, Democratic Republic of",2026,April,475
"Somalia, Democratic Republic of",2026,May,295
"Somalia, Democratic Republic of",2026,Total,1670
"South Sudan, Republic Of",2023,January,20
"South Sudan, Republic Of",2023,February,0
"South Sudan, Republic Of",2023,March,10
"South Sudan, Republic Of",2023,April,10
"South Sudan, Republic Of",2023,May,30
"South Sudan, Republic Of",2023,June,25
"South Sudan, Republic Of",2023,July,70
"South Sudan, Republic Of",2023,August,45
"South Sudan, Republic Of",2023,September,15
"South Sudan, Republic Of",2023,October,60
"South Sudan, Republic Of",2023,November,30
"South Sudan, Republic Of",2023,December,30
"South Sudan, Republic Of",2023,Total,345
"South Sudan, Republic Of",2024,January,10
"South Sudan, Republic Of",2024,February,20
"South Sudan, Republic Of",2024,March,40
"South Sudan, Republic Of",2024,April,35
"South Sudan, Republic Of",2024,May,30
"South Sudan, Republic Of",2024,June,45
"South Sudan, Republic Of",2024,July,85
"South Sudan, Republic Of",2024,August,95
"South Sudan, Republic Of",2024,September,45
"South Sudan, Republic Of",2024,October,105
"South Sudan, Republic Of",2024,November,55
"South Sudan, Republic Of",2024,December,35
"South Sudan, Republic Of",2024,Total,605
"South Sudan, Republic Of",2025,January,30
"South Sudan, Republic Of",2025,February,30
"South Sudan, Republic Of",2025,March,55
"South Sudan, Republic Of",2025,April,40
"South Sudan, Republic Of",2025,May,30
"South Sudan, Republic Of",2025,June,60
"South Sudan, Republic Of",2025,July,50
"South Sudan, Republic Of",2025,August,35
"South Sudan, Republic Of",2025,September,60
"South Sudan, Republic Of",2025,October,75
"South Sudan, Republic Of",2025,November,30
"South Sudan, Republic Of",2025,December,5
"South Sudan, Republic Of",2025,Total,505
"South Sudan, Republic Of",2026,January,80
"South Sudan, Republic Of",2026,February,30
"South Sudan, Republic Of",2026,March,45
"South Sudan, Republic Of",2026,April,65
"South Sudan, Republic Of",2026,May,60
"South Sudan, Republic Of",2026,Total,280
Spain,2023,January,110
Spain,2023,February,95
Spain,2023,March,60
Spain,2023,April,25
Spain,2023,May,60
Spain,2023,June,50
Spain,2023,July,50
Spain,2023,August,45
Spain,2023,September,35
Spain,2023,October,30
Spain,2023,November,25
Spain,2023,December,50
Spain,2023,Total,645
Spain,2024,January,75
Spain,2024,February,55
Spain,2024,March,40
Spain,2024,April,45
Spain,2024,May,70
Spain,2024,June,30
Spain,2024,July,60
Spain,2024,August,50
Spain,2024,September,40
Spain,2024,October,25
Spain,2024,November,35
Spain,2024,December,40
Spain,2024,Total,570
Spain,2025,January,55
Spain,2025,February,35
Spain,2025,March,35
Spain,2025,April,30
Spain,2025,May,45
Spain,2025,June,45
Spain,2025,July,45
Spain,2025,August,35
Spain,2025,September,40
Spain,2025,October,25
Spain,2025,November,30
Spain,2025,December,30
Spain,2025,Total,455
Spain,2026,January,20
Spain,2026,February,40
Spain,2026,March,45
Spain,2026,April,30
Spain,2026,May,45
Spain,2026,Total,175
Sri Lanka,2023,January,320
Sri Lanka,2023,February,250
Sri Lanka,2023,March,255
Sri Lanka,2023,April,185
Sri Lanka,2023,May,190
Sri Lanka,2023,June,225
Sri Lanka,2023,July,190
Sri Lanka,2023,August,250
Sri Lanka,2023,September,140
Sri Lanka,2023,October,230
Sri Lanka,2023,November,155
Sri Lanka,2023,December,210
Sri Lanka,2023,Total,2595
Sri Lanka,2024,January,315
Sri Lanka,2024,February,270
Sri Lanka,2024,March,315
Sri Lanka,2024,April,445
Sri Lanka,2024,May,325
Sri Lanka,2024,June,245
Sri Lanka,2024,July,390
Sri Lanka,2024,August,275
Sri Lanka,2024,September,305
Sri Lanka,2024,October,485
Sri Lanka,2024,November,375
Sri Lanka,2024,December,190
Sri Lanka,2024,Total,3945
Sri Lanka,2025,January,315
Sri Lanka,2025,February,305
Sri Lanka,2025,March,310
Sri Lanka,2025,April,215
Sri Lanka,2025,May,240
Sri Lanka,2025,June,260
Sri Lanka,2025,July,270
Sri Lanka,2025,August,245
Sri Lanka,2025,September,265
Sri Lanka,2025,October,215
Sri Lanka,2025,November,175
Sri Lanka,2025,December,130
Sri Lanka,2025,Total,2940
Sri Lanka,2026,January,260
Sri Lanka,2026,February,290
Sri Lanka,2026,March,255
Sri Lanka,2026,April,250
Sri Lanka,2026,May,420
Sri Lanka,2026,Total,1475
St. Kitts-Nevis,2023,January,10
St. Kitts-Nevis,2023,February,15
St. Kitts-Nevis,2023,March,
St. Kitts-Nevis,2023,April,
St. Kitts-Nevis,2023,May,
St. Kitts-Nevis,2023,June,
St. Kitts-Nevis,2023,July,
St. Kitts-Nevis,2023,August,
St. Kitts-Nevis,2023,September,
St. Kitts-Nevis,2023,October,10
St. Kitts-Nevis,2023,November,
St. Kitts-Nevis,2023,December,
St. Kitts-Nevis,2023,Total,60
St. Kitts-Nevis,2024,January,
St. Kitts-Nevis,2024,February,0
St. Kitts-Nevis,2024,March,0
St. Kitts-Nevis,2024,April,5
St. Kitts-Nevis,2024,May,15
St. Kitts-Nevis,2024,June,5
St. Kitts-Nevis,2024,July,10
St. Kitts-Nevis,2024,August,
St. Kitts-Nevis,2024,September,0
St. Kitts-Nevis,2024,October,5
St. Kitts-Nevis,2024,November,
St. Kitts-Nevis,2024,December,
St. Kitts-Nevis,2024,Total,55
St. Kitts-Nevis,2025,January,5
St. Kitts-Nevis,2025,February,
St. Kitts-Nevis,2025,March,
St. Kitts-Nevis,2025,April,0
St. Kitts-Nevis,2025,May,0
St. Kitts-Nevis,2025,June,5
St. Kitts-Nevis,2025,July,0
St. Kitts-Nevis,2025,August,0
St. Kitts-Nevis,2025,September,
St. Kitts-Nevis,2025,October,0
St. Kitts-Nevis,2025,November,0
St. Kitts-Nevis,2025,December,
St. Kitts-Nevis,2025,Total,20
St. Kitts-Nevis,2026,January,
St. Kitts-Nevis,2026,February,
St. Kitts-Nevis,2026,March,0
St. Kitts-Nevis,2026,April,
St. Kitts-Nevis,2026,May,
St. Kitts-Nevis,2026,Total,5
St. Lucia,2023,January,45
St. Lucia,2023,February,20
St. Lucia,2023,March,35
St. Lucia,2023,April,10
St. Lucia,2023,May,10
St. Lucia,2023,June,10
St. Lucia,2023,July,15
St. Lucia,2023,August,10
St. Lucia,2023,September,5
St. Lucia,2023,October,10
St. Lucia,2023,November,10
St. Lucia,2023,December,10
St. Lucia,2023,Total,190
St. Lucia,2024,January,20
St. Lucia,2024,February,15
St. Lucia,2024,March,10
St. Lucia,2024,April,15
St. Lucia,2024,May,20
St. Lucia,2024,June,10
St. Lucia,2024,July,10
St. Lucia,2024,August,20
St. Lucia,2024,September,15
St. Lucia,2024,October,10
St. Lucia,2024,November,20
St. Lucia,2024,December,10
St. Lucia,2024,Total,170
St. Lucia,2025,January,10
St. Lucia,2025,February,10
St. Lucia,2025,March,10
St. Lucia,2025,April,5
St. Lucia,2025,May,
St. Lucia,2025,June,
St. Lucia,2025,July,10
St. Lucia,2025,August,10
St. Lucia,2025,September,10
St. Lucia,2025,October,10
St. Lucia,2025,November,5
St. Lucia,2025,December,
St. Lucia,2025,Total,90
St. Lucia,2026,January,10
St. Lucia,2026,February,10
St. Lucia,2026,March,5
St. Lucia,2026,April,5
St. Lucia,2026,May,10
St. Lucia,2026,Total,40
St. Vincent and the Grenadines,2023,January,50
St. Vincent and the Grenadines,2023,February,35
St. Vincent and the Grenadines,2023,March,20
St. Vincent and the Grenadines,2023,April,10
St. Vincent and the Grenadines,2023,May,20
St. Vincent and the Grenadines,2023,June,15
St. Vincent and the Grenadines,2023,July,15
St. Vincent and the Grenadines,2023,August,10
St. Vincent and the Grenadines,2023,September,10
St. Vincent and the Grenadines,2023,October,10
St. Vincent and the Grenadines,2023,November,10
St. Vincent and the Grenadines,2023,December,20
St. Vincent and the Grenadines,2023,Total,230
St. Vincent and the Grenadines,2024,January,25
St. Vincent and the Grenadines,2024,February,15
St. Vincent and the Grenadines,2024,March,15
St. Vincent and the Grenadines,2024,April,15
St. Vincent and the Grenadines,2024,May,30
St. Vincent and the Grenadines,2024,June,15
St. Vincent and the Grenadines,2024,July,10
St. Vincent and the Grenadines,2024,August,10
St. Vincent and the Grenadines,2024,September,20
St. Vincent and the Grenadines,2024,October,10
St. Vincent and the Grenadines,2024,November,25
St. Vincent and the Grenadines,2024,December,10
St. Vincent and the Grenadines,2024,Total,195
St. Vincent and the Grenadines,2025,January,15
St. Vincent and the Grenadines,2025,February,10
St. Vincent and the Grenadines,2025,March,
St. Vincent and the Grenadines,2025,April,
St. Vincent and the Grenadines,2025,May,5
St. Vincent and the Grenadines,2025,June,5
St. Vincent and the Grenadines,2025,July,
St. Vincent and the Grenadines,2025,August,5
St. Vincent and the Grenadines,2025,September,5
St. Vincent and the Grenadines,2025,October,15
St. Vincent and the Grenadines,2025,November,
St. Vincent and the Grenadines,2025,December,10
St. Vincent and the Grenadines,2025,Total,85
St. Vincent and the Grenadines,2026,January,10
St. Vincent and the Grenadines,2026,February,15
St. Vincent and the Grenadines,2026,March,15
St. Vincent and the Grenadines,2026,April,10
St. Vincent and the Grenadines,2026,May,10
St. Vincent and the Grenadines,2026,Total,65
Stateless,2023,January,110
Stateless,2023,February,100
Stateless,2023,March,100
Stateless,2023,April,50
Stateless,2023,May,110
Stateless,2023,June,110
Stateless,2023,July,125
Stateless,2023,August,110
Stateless,2023,September,35
Stateless,2023,October,150
Stateless,2023,November,150
Stateless,2023,December,60
Stateless,2023,Total,1210
Stateless,2024,January,115
Stateless,2024,February,240
Stateless,2024,March,190
Stateless,2024,April,85
Stateless,2024,May,125
Stateless,2024,June,75
Stateless,2024,July,80
Stateless,2024,August,145
Stateless,2024,September,145
Stateless,2024,October,120
Stateless,2024,November,675
Stateless,2024,December,75
Stateless,2024,Total,2070
Stateless,2025,January,95
Stateless,2025,February,215
Stateless,2025,March,160
Stateless,2025,April,45
Stateless,2025,May,390
Stateless,2025,June,345
Stateless,2025,July,305
Stateless,2025,August,245
Stateless,2025,September,270
Stateless,2025,October,75
Stateless,2025,November,40
Stateless,2025,December,60
Stateless,2025,Total,2240
Stateless,2026,January,180
Stateless,2026,February,185
Stateless,2026,March,220
Stateless,2026,April,215
Stateless,2026,May,245
Stateless,2026,Total,1045
Surinam,2023,January,
Surinam,2023,February,0
Surinam,2023,March,
Surinam,2023,April,
Surinam,2023,May,5
Surinam,2023,June,0
Surinam,2023,July,0
Surinam,2023,August,0
Surinam,2023,September,0
Surinam,2023,October,0
Surinam,2023,November,0
Surinam,2023,December,
Surinam,2023,Total,10
Surinam,2024,January,
Surinam,2024,February,0
Surinam,2024,March,0
Surinam,2024,April,0
Surinam,2024,May,5
Surinam,2024,June,0
Surinam,2024,July,
Surinam,2024,August,0
Surinam,2024,September,0
Surinam,2024,October,
Surinam,2024,November,
Surinam,2024,December,0
Surinam,2024,Total,10
Surinam,2025,January,
Surinam,2025,February,
Surinam,2025,March,0
Surinam,2025,April,
Surinam,2025,May,
Surinam,2025,June,0
Surinam,2025,July,0
Surinam,2025,August,0
Surinam,2025,September,
Surinam,2025,October,0
Surinam,2025,November,0
Surinam,2025,December,
Surinam,2025,Total,10
Surinam,2026,January,
Surinam,2026,February,
Surinam,2026,March,
Surinam,2026,April,
Surinam,2026,May,0
Surinam,2026,Total,5
Swaziland,2023,January,
Swaziland,2023,February,0
Swaziland,2023,March,0
Swaziland,2023,April,
Swaziland,2023,May,
Swaziland,2023,June,
Swaziland,2023,July,
Swaziland,2023,August,
Swaziland,2023,September,
Swaziland,2023,October,0
Swaziland,2023,November,0
Swaziland,2023,December,
Swaziland,2023,Total,20
Swaziland,2024,January,
Swaziland,2024,February,0
Swaziland,2024,March,0
Swaziland,2024,April,
Swaziland,2024,May,
Swaziland,2024,June,
Swaziland,2024,July,
Swaziland,2024,August,5
Swaziland,2024,September,0
Swaziland,2024,October,5
Swaziland,2024,November,
Swaziland,2024,December,
Swaziland,2024,Total,20
Swaziland,2025,January,
Swaziland,2025,February,0
Swaziland,2025,March,0
Swaziland,2025,April,0
Swaziland,2025,May,0
Swaziland,2025,June,0
Swaziland,2025,July,0
Swaziland,2025,August,0
Swaziland,2025,September,
Swaziland,2025,October,0
Swaziland,2025,November,
Swaziland,2025,December,0
Swaziland,2025,Total,5
Swaziland,2026,January,0
Swaziland,2026,February,
Swaziland,2026,March,5
Swaziland,2026,April,0
Swaziland,2026,May,0
Swaziland,2026,Total,5
Sweden,2023,January,45
Sweden,2023,February,35
Sweden,2023,March,25
Sweden,2023,April,25
Sweden,2023,May,15
Sweden,2023,June,5
Sweden,2023,July,15
Sweden,2023,August,15
Sweden,2023,September,5
Sweden,2023,October,20
Sweden,2023,November,20
Sweden,2023,December,15
Sweden,2023,Total,245
Sweden,2024,January,25
Sweden,2024,February,20
Sweden,2024,March,5
Sweden,2024,April,10
Sweden,2024,May,15
Sweden,2024,June,25
Sweden,2024,July,15
Sweden,2024,August,30
Sweden,2024,September,5
Sweden,2024,October,5
Sweden,2024,November,10
Sweden,2024,December,20
Sweden,2024,Total,195
Sweden,2025,January,10
Sweden,2025,February,10
Sweden,2025,March,10
Sweden,2025,April,10
Sweden,2025,May,10
Sweden,2025,June,20
Sweden,2025,July,10
Sweden,2025,August,25
Sweden,2025,September,20
Sweden,2025,October,20
Sweden,2025,November,5
Sweden,2025,December,
Sweden,2025,Total,150
Sweden,2026,January,
Sweden,2026,February,10
Sweden,2026,March,10
Sweden,2026,April,20
Sweden,2026,May,10
Sweden,2026,Total,50
Switzerland,2023,January,50
Switzerland,2023,February,15
Switzerland,2023,March,20
Switzerland,2023,April,10
Switzerland,2023,May,20
Switzerland,2023,June,15
Switzerland,2023,July,15
Switzerland,2023,August,20
Switzerland,2023,September,10
Switzerland,2023,October,15
Switzerland,2023,November,10
Switzerland,2023,December,15
Switzerland,2023,Total,210
Switzerland,2024,January,15
Switzerland,2024,February,15
Switzerland,2024,March,10
Switzerland,2024,April,10
Switzerland,2024,May,10
Switzerland,2024,June,5
Switzerland,2024,July,25
Switzerland,2024,August,20
Switzerland,2024,September,5
Switzerland,2024,October,10
Switzerland,2024,November,25
Switzerland,2024,December,15
Switzerland,2024,Total,165
Switzerland,2025,January,10
Switzerland,2025,February,
Switzerland,2025,March,15
Switzerland,2025,April,
Switzerland,2025,May,15
Switzerland,2025,June,25
Switzerland,2025,July,25
Switzerland,2025,August,15
Switzerland,2025,September,15
Switzerland,2025,October,15
Switzerland,2025,November,15
Switzerland,2025,December,
Switzerland,2025,Total,165
Switzerland,2026,January,5
Switzerland,2026,February,10
Switzerland,2026,March,5
Switzerland,2026,April,5
Switzerland,2026,May,15
Switzerland,2026,Total,45
Syria,2023,January,1035
Syria,2023,February,865
Syria,2023,March,1015
Syria,2023,April,1120
Syria,2023,May,1055
Syria,2023,June,590
Syria,2023,July,760
Syria,2023,August,790
Syria,2023,September,430
Syria,2023,October,315
Syria,2023,November,365
Syria,2023,December,265
Syria,2023,Total,8605
Syria,2024,January,1195
Syria,2024,February,770
Syria,2024,March,1020
Syria,2024,April,745
Syria,2024,May,1005
Syria,2024,June,510
Syria,2024,July,455
Syria,2024,August,400
Syria,2024,September,350
Syria,2024,October,700
Syria,2024,November,500
Syria,2024,December,150
Syria,2024,Total,7800
Syria,2025,January,260
Syria,2025,February,420
Syria,2025,March,465
Syria,2025,April,270
Syria,2025,May,300
Syria,2025,June,485
Syria,2025,July,560
Syria,2025,August,355
Syria,2025,September,415
Syria,2025,October,530
Syria,2025,November,195
Syria,2025,December,150
Syria,2025,Total,4410
Syria,2026,January,365
Syria,2026,February,450
Syria,2026,March,825
Syria,2026,April,755
Syria,2026,May,470
Syria,2026,Total,2870
Taiwan,2023,January,165
Taiwan,2023,February,145
Taiwan,2023,March,110
Taiwan,2023,April,50
Taiwan,2023,May,85
Taiwan,2023,June,115
Taiwan,2023,July,70
Taiwan,2023,August,115
Taiwan,2023,September,60
Taiwan,2023,October,65
Taiwan,2023,November,85
Taiwan,2023,December,85
Taiwan,2023,Total,1160
Taiwan,2024,January,105
Taiwan,2024,February,80
Taiwan,2024,March,100
Taiwan,2024,April,135
Taiwan,2024,May,120
Taiwan,2024,June,105
Taiwan,2024,July,105
Taiwan,2024,August,100
Taiwan,2024,September,70
Taiwan,2024,October,95
Taiwan,2024,November,115
Taiwan,2024,December,85
Taiwan,2024,Total,1210
Taiwan,2025,January,80
Taiwan,2025,February,95
Taiwan,2025,March,70
Taiwan,2025,April,70
Taiwan,2025,May,50
Taiwan,2025,June,80
Taiwan,2025,July,65
Taiwan,2025,August,55
Taiwan,2025,September,35
Taiwan,2025,October,70
Taiwan,2025,November,50
Taiwan,2025,December,45
Taiwan,2025,Total,760
Taiwan,2026,January,60
Taiwan,2026,February,75
Taiwan,2026,March,80
Taiwan,2026,April,85
Taiwan,2026,May,75
Taiwan,2026,Total,375
Tajikistan,2023,January,
Tajikistan,2023,February,
Tajikistan,2023,March,5
Tajikistan,2023,April,0
Tajikistan,2023,May,10
Tajikistan,2023,June,
Tajikistan,2023,July,
Tajikistan,2023,August,
Tajikistan,2023,September,5
Tajikistan,2023,October,5
Tajikistan,2023,November,
Tajikistan,2023,December,5
Tajikistan,2023,Total,60
Tajikistan,2024,January,5
Tajikistan,2024,February,5
Tajikistan,2024,March,
Tajikistan,2024,April,
Tajikistan,2024,May,
Tajikistan,2024,June,0
Tajikistan,2024,July,
Tajikistan,2024,August,0
Tajikistan,2024,September,0
Tajikistan,2024,October,
Tajikistan,2024,November,
Tajikistan,2024,December,
Tajikistan,2024,Total,25
Tajikistan,2025,January,
Tajikistan,2025,February,0
Tajikistan,2025,March,0
Tajikistan,2025,April,0
Tajikistan,2025,May,
Tajikistan,2025,June,0
Tajikistan,2025,July,
Tajikistan,2025,August,
Tajikistan,2025,September,
Tajikistan,2025,October,5
Tajikistan,2025,November,
Tajikistan,2025,December,5
Tajikistan,2025,Total,25
Tajikistan,2026,January,
Tajikistan,2026,February,10
Tajikistan,2026,March,
Tajikistan,2026,April,10
Tajikistan,2026,May,10
Tajikistan,2026,Total,30
Thailand,2023,January,95
Thailand,2023,February,85
Thailand,2023,March,50
Thailand,2023,April,35
Thailand,2023,May,35
Thailand,2023,June,50
Thailand,2023,July,25
Thailand,2023,August,20
Thailand,2023,September,5
Thailand,2023,October,25
Thailand,2023,November,40
Thailand,2023,December,40
Thailand,2023,Total,505
Thailand,2024,January,85
Thailand,2024,February,40
Thailand,2024,March,45
Thailand,2024,April,55
Thailand,2024,May,60
Thailand,2024,June,35
Thailand,2024,July,55
Thailand,2024,August,30
Thailand,2024,September,25
Thailand,2024,October,30
Thailand,2024,November,50
Thailand,2024,December,50
Thailand,2024,Total,550
Thailand,2025,January,35
Thailand,2025,February,40
Thailand,2025,March,45
Thailand,2025,April,50
Thailand,2025,May,45
Thailand,2025,June,35
Thailand,2025,July,40
Thailand,2025,August,30
Thailand,2025,September,35
Thailand,2025,October,45
Thailand,2025,November,35
Thailand,2025,December,20
Thailand,2025,Total,445
Thailand,2026,January,15
Thailand,2026,February,40
Thailand,2026,March,35
Thailand,2026,April,30
Thailand,2026,May,30
Thailand,2026,Total,155
The Netherlands,2023,January,90
The Netherlands,2023,February,60
The Netherlands,2023,March,40
The Netherlands,2023,April,20
The Netherlands,2023,May,45
The Netherlands,2023,June,40
The Netherlands,2023,July,20
The Netherlands,2023,August,25
The Netherlands,2023,September,30
The Netherlands,2023,October,20
The Netherlands,2023,November,15
The Netherlands,2023,December,25
The Netherlands,2023,Total,425
The Netherlands,2024,January,35
The Netherlands,2024,February,40
The Netherlands,2024,March,35
The Netherlands,2024,April,30
The Netherlands,2024,May,30
The Netherlands,2024,June,35
The Netherlands,2024,July,45
The Netherlands,2024,August,25
The Netherlands,2024,September,25
The Netherlands,2024,October,10
The Netherlands,2024,November,35
The Netherlands,2024,December,20
The Netherlands,2024,Total,375
The Netherlands,2025,January,40
The Netherlands,2025,February,25
The Netherlands,2025,March,20
The Netherlands,2025,April,20
The Netherlands,2025,May,20
The Netherlands,2025,June,30
The Netherlands,2025,July,15
The Netherlands,2025,August,20
The Netherlands,2025,September,30
The Netherlands,2025,October,25
The Netherlands,2025,November,10
The Netherlands,2025,December,10
The Netherlands,2025,Total,265
The Netherlands,2026,January,25
The Netherlands,2026,February,30
The Netherlands,2026,March,15
The Netherlands,2026,April,20
The Netherlands,2026,May,25
The Netherlands,2026,Total,115
"Togo, Republic of",2023,January,55
"Togo, Republic of",2023,February,70
"Togo, Republic of",2023,March,45
"Togo, Republic of",2023,April,45
"Togo, Republic of",2023,May,30
"Togo, Republic of",2023,June,65
"Togo, Republic of",2023,July,50
"Togo, Republic of",2023,August,60
"Togo, Republic of",2023,September,125
"Togo, Republic of",2023,October,65
"Togo, Republic of",2023,November,70
"Togo, Republic of",2023,December,50
"Togo, Republic of",2023,Total,725
"Togo, Republic of",2024,January,115
"Togo, Republic of",2024,February,45
"Togo, Republic of",2024,March,90
"Togo, Republic of",2024,April,80
"Togo, Republic of",2024,May,115
"Togo, Republic of",2024,June,85
"Togo, Republic of",2024,July,70
"Togo, Republic of",2024,August,170
"Togo, Republic of",2024,September,110
"Togo, Republic of",2024,October,95
"Togo, Republic of",2024,November,100
"Togo, Republic of",2024,December,85
"Togo, Republic of",2024,Total,1160
"Togo, Republic of",2025,January,75
"Togo, Republic of",2025,February,55
"Togo, Republic of",2025,March,90
"Togo, Republic of",2025,April,55
"Togo, Republic of",2025,May,145
"Togo, Republic of",2025,June,75
"Togo, Republic of",2025,July,120
"Togo, Republic of",2025,August,75
"Togo, Republic of",2025,September,90
"Togo, Republic of",2025,October,160
"Togo, Republic of",2025,November,110
"Togo, Republic of",2025,December,70
"Togo, Republic of",2025,Total,1130
"Togo, Republic of",2026,January,120
"Togo, Republic of",2026,February,70
"Togo, Republic of",2026,March,70
"Togo, Republic of",2026,April,110
"Togo, Republic of",2026,May,110
"Togo, Republic of",2026,Total,480
Tonga,2023,January,0
Tonga,2023,February,0
Tonga,2023,March,0
Tonga,2023,April,0
Tonga,2023,May,0
Tonga,2023,June,0
Tonga,2023,July,0
Tonga,2023,August,0
Tonga,2023,September,
Tonga,2023,October,0
Tonga,2023,November,0
Tonga,2023,December,0
Tonga,2023,Total,
Tonga,2024,January,0
Tonga,2024,February,0
Tonga,2024,March,0
Tonga,2024,April,0
Tonga,2024,May,0
Tonga,2024,June,0
Tonga,2024,July,0
Tonga,2024,August,0
Tonga,2024,September,0
Tonga,2024,October,0
Tonga,2024,November,0
Tonga,2024,December,0
Tonga,2024,Total,0
Tonga,2025,January,0
Tonga,2025,February,0
Tonga,2025,March,0
Tonga,2025,April,0
Tonga,2025,May,0
Tonga,2025,June,0
Tonga,2025,July,0
Tonga,2025,August,0
Tonga,2025,September,0
Tonga,2025,October,0
Tonga,2025,November,0
Tonga,2025,December,0
Tonga,2025,Total,0
Tonga,2026,January,0
Tonga,2026,February,0
Tonga,2026,March,0
Tonga,2026,April,0
Tonga,2026,May,0
Tonga,2026,Total,0
"Trinidad and Tobago, Republic of",2023,January,85
"Trinidad and Tobago, Republic of",2023,February,55
"Trinidad and Tobago, Republic of",2023,March,60
"Trinidad and Tobago, Republic of",2023,April,20
"Trinidad and Tobago, Republic of",2023,May,50
"Trinidad and Tobago, Republic of",2023,June,45
"Trinidad and Tobago, Republic of",2023,July,35
"Trinidad and Tobago, Republic of",2023,August,40
"Trinidad and Tobago, Republic of",2023,September,30
"Trinidad and Tobago, Republic of",2023,October,30
"Trinidad and Tobago, Republic of",2023,November,50
"Trinidad and Tobago, Republic of",2023,December,40
"Trinidad and Tobago, Republic of",2023,Total,540
"Trinidad and Tobago, Republic of",2024,January,45
"Trinidad and Tobago, Republic of",2024,February,50
"Trinidad and Tobago, Republic of",2024,March,45
"Trinidad and Tobago, Republic of",2024,April,35
"Trinidad and Tobago, Republic of",2024,May,45
"Trinidad and Tobago, Republic of",2024,June,50
"Trinidad and Tobago, Republic of",2024,July,30
"Trinidad and Tobago, Republic of",2024,August,50
"Trinidad and Tobago, Republic of",2024,September,40
"Trinidad and Tobago, Republic of",2024,October,40
"Trinidad and Tobago, Republic of",2024,November,55
"Trinidad and Tobago, Republic of",2024,December,35
"Trinidad and Tobago, Republic of",2024,Total,515
"Trinidad and Tobago, Republic of",2025,January,45
"Trinidad and Tobago, Republic of",2025,February,35
"Trinidad and Tobago, Republic of",2025,March,30
"Trinidad and Tobago, Republic of",2025,April,20
"Trinidad and Tobago, Republic of",2025,May,25
"Trinidad and Tobago, Republic of",2025,June,20
"Trinidad and Tobago, Republic of",2025,July,40
"Trinidad and Tobago, Republic of",2025,August,30
"Trinidad and Tobago, Republic of",2025,September,25
"Trinidad and Tobago, Republic of",2025,October,35
"Trinidad and Tobago, Republic of",2025,November,20
"Trinidad and Tobago, Republic of",2025,December,10
"Trinidad and Tobago, Republic of",2025,Total,330
"Trinidad and Tobago, Republic of",2026,January,10
"Trinidad and Tobago, Republic of",2026,February,30
"Trinidad and Tobago, Republic of",2026,March,25
"Trinidad and Tobago, Republic of",2026,April,35
"Trinidad and Tobago, Republic of",2026,May,25
"Trinidad and Tobago, Republic of",2026,Total,125
Tunisia,2023,January,335
Tunisia,2023,February,345
Tunisia,2023,March,285
Tunisia,2023,April,225
Tunisia,2023,May,245
Tunisia,2023,June,265
Tunisia,2023,July,375
Tunisia,2023,August,410
Tunisia,2023,September,420
Tunisia,2023,October,305
Tunisia,2023,November,245
Tunisia,2023,December,335
Tunisia,2023,Total,3790
Tunisia,2024,January,430
Tunisia,2024,February,420
Tunisia,2024,March,455
Tunisia,2024,April,430
Tunisia,2024,May,550
Tunisia,2024,June,545
Tunisia,2024,July,625
Tunisia,2024,August,615
Tunisia,2024,September,400
Tunisia,2024,October,300
Tunisia,2024,November,550
Tunisia,2024,December,350
Tunisia,2024,Total,5670
Tunisia,2025,January,270
Tunisia,2025,February,345
Tunisia,2025,March,430
Tunisia,2025,April,410
Tunisia,2025,May,665
Tunisia,2025,June,505
Tunisia,2025,July,535
Tunisia,2025,August,490
Tunisia,2025,September,430
Tunisia,2025,October,360
Tunisia,2025,November,210
Tunisia,2025,December,345
Tunisia,2025,Total,5000
Tunisia,2026,January,300
Tunisia,2026,February,315
Tunisia,2026,March,330
Tunisia,2026,April,420
Tunisia,2026,May,310
Tunisia,2026,Total,1680
Turkey,2023,January,240
Turkey,2023,February,230
Turkey,2023,March,225
Turkey,2023,April,130
Turkey,2023,May,220
Turkey,2023,June,195
Turkey,2023,July,175
Turkey,2023,August,120
Turkey,2023,September,150
Turkey,2023,October,170
Turkey,2023,November,230
Turkey,2023,December,200
Turkey,2023,Total,2275
Turkey,2024,January,255
Turkey,2024,February,165
Turkey,2024,March,170
Turkey,2024,April,175
Turkey,2024,May,200
Turkey,2024,June,245
Turkey,2024,July,180
Turkey,2024,August,260
Turkey,2024,September,150
Turkey,2024,October,200
Turkey,2024,November,225
Turkey,2024,December,105
Turkey,2024,Total,2330
Turkey,2025,January,150
Turkey,2025,February,105
Turkey,2025,March,140
Turkey,2025,April,130
Turkey,2025,May,155
Turkey,2025,June,240
Turkey,2025,July,165
Turkey,2025,August,165
Turkey,2025,September,120
Turkey,2025,October,155
Turkey,2025,November,170
Turkey,2025,December,210
Turkey,2025,Total,1910
Turkey,2026,January,145
Turkey,2026,February,175
Turkey,2026,March,270
Turkey,2026,April,300
Turkey,2026,May,400
Turkey,2026,Total,1290
Turkmenistan,2023,January,5
Turkmenistan,2023,February,
Turkmenistan,2023,March,10
Turkmenistan,2023,April,
Turkmenistan,2023,May,5
Turkmenistan,2023,June,
Turkmenistan,2023,July,
Turkmenistan,2023,August,0
Turkmenistan,2023,September,5
Turkmenistan,2023,October,0
Turkmenistan,2023,November,0
Turkmenistan,2023,December,
Turkmenistan,2023,Total,35
Turkmenistan,2024,January,
Turkmenistan,2024,February,0
Turkmenistan,2024,March,
Turkmenistan,2024,April,0
Turkmenistan,2024,May,10
Turkmenistan,2024,June,
Turkmenistan,2024,July,0
Turkmenistan,2024,August,0
Turkmenistan,2024,September,0
Turkmenistan,2024,October,0
Turkmenistan,2024,November,
Turkmenistan,2024,December,
Turkmenistan,2024,Total,15
Turkmenistan,2025,January,0
Turkmenistan,2025,February,
Turkmenistan,2025,March,
Turkmenistan,2025,April,0
Turkmenistan,2025,May,
Turkmenistan,2025,June,
Turkmenistan,2025,July,
Turkmenistan,2025,August,0
Turkmenistan,2025,September,
Turkmenistan,2025,October,0
Turkmenistan,2025,November,
Turkmenistan,2025,December,5
Turkmenistan,2025,Total,25
Turkmenistan,2026,January,0
Turkmenistan,2026,February,0
Turkmenistan,2026,March,
Turkmenistan,2026,April,0
Turkmenistan,2026,May,5
Turkmenistan,2026,Total,5
Turks and Caicos Islands,2023,January,0
Turks and Caicos Islands,2023,February,0
Turks and Caicos Islands,2023,March,0
Turks and Caicos Islands,2023,April,0
Turks and Caicos Islands,2023,May,0
Turks and Caicos Islands,2023,June,0
Turks and Caicos Islands,2023,July,0
Turks and Caicos Islands,2023,August,0
Turks and Caicos Islands,2023,September,0
Turks and Caicos Islands,2023,October,0
Turks and Caicos Islands,2023,November,0
Turks and Caicos Islands,2023,December,0
Turks and Caicos Islands,2023,Total,0
Turks and Caicos Islands,2024,January,0
Turks and Caicos Islands,2024,February,0
Turks and Caicos Islands,2024,March,0
Turks and Caicos Islands,2024,April,0
Turks and Caicos Islands,2024,May,0
Turks and Caicos Islands,2024,June,0
Turks and Caicos Islands,2024,July,0
Turks and Caicos Islands,2024,August,0
Turks and Caicos Islands,2024,September,0
Turks and Caicos Islands,2024,October,0
Turks and Caicos Islands,2024,November,
Turks and Caicos Islands,2024,December,0
Turks and Caicos Islands,2024,Total,
Turks and Caicos Islands,2025,January,0
Turks and Caicos Islands,2025,February,0
Turks and Caicos Islands,2025,March,0
Turks and Caicos Islands,2025,April,0
Turks and Caicos Islands,2025,May,0
Turks and Caicos Islands,2025,June,0
Turks and Caicos Islands,2025,July,0
Turks and Caicos Islands,2025,August,0
Turks and Caicos Islands,2025,September,0
Turks and Caicos Islands,2025,October,0
Turks and Caicos Islands,2025,November,0
Turks and Caicos Islands,2025,December,0
Turks and Caicos Islands,2025,Total,0
Turks and Caicos Islands,2026,January,0
Turks and Caicos Islands,2026,February,0
Turks and Caicos Islands,2026,March,0
Turks and Caicos Islands,2026,April,0
Turks and Caicos Islands,2026,May,0
Turks and Caicos Islands,2026,Total,0
Uganda,2023,January,65
Uganda,2023,February,50
Uganda,2023,March,55
Uganda,2023,April,35
Uganda,2023,May,70
Uganda,2023,June,55
Uganda,2023,July,45
Uganda,2023,August,85
Uganda,2023,September,45
Uganda,2023,October,30
Uganda,2023,November,75
Uganda,2023,December,120
Uganda,2023,Total,735
Uganda,2024,January,100
Uganda,2024,February,110
Uganda,2024,March,100
Uganda,2024,April,65
Uganda,2024,May,80
Uganda,2024,June,60
Uganda,2024,July,80
Uganda,2024,August,75
Uganda,2024,September,40
Uganda,2024,October,75
Uganda,2024,November,55
Uganda,2024,December,85
Uganda,2024,Total,925
Uganda,2025,January,70
Uganda,2025,February,50
Uganda,2025,March,75
Uganda,2025,April,40
Uganda,2025,May,20
Uganda,2025,June,65
Uganda,2025,July,120
Uganda,2025,August,55
Uganda,2025,September,55
Uganda,2025,October,115
Uganda,2025,November,85
Uganda,2025,December,110
Uganda,2025,Total,855
Uganda,2026,January,50
Uganda,2026,February,60
Uganda,2026,March,105
Uganda,2026,April,125
Uganda,2026,May,265
Uganda,2026,Total,605
Ukraine,2023,January,445
Ukraine,2023,February,345
Ukraine,2023,March,280
Ukraine,2023,April,135
Ukraine,2023,May,290
Ukraine,2023,June,280
Ukraine,2023,July,270
Ukraine,2023,August,240
Ukraine,2023,September,105
Ukraine,2023,October,180
Ukraine,2023,November,135
Ukraine,2023,December,335
Ukraine,2023,Total,3035
Ukraine,2024,January,530
Ukraine,2024,February,590
Ukraine,2024,March,420
Ukraine,2024,April,895
Ukraine,2024,May,750
Ukraine,2024,June,725
Ukraine,2024,July,675
Ukraine,2024,August,630
Ukraine,2024,September,385
Ukraine,2024,October,435
Ukraine,2024,November,590
Ukraine,2024,December,145
Ukraine,2024,Total,6770
Ukraine,2025,January,940
Ukraine,2025,February,860
Ukraine,2025,March,660
Ukraine,2025,April,495
Ukraine,2025,May,540
Ukraine,2025,June,865
Ukraine,2025,July,860
Ukraine,2025,August,575
Ukraine,2025,September,685
Ukraine,2025,October,570
Ukraine,2025,November,555
Ukraine,2025,December,790
Ukraine,2025,Total,8395
Ukraine,2026,January,600
Ukraine,2026,February,875
Ukraine,2026,March,825
Ukraine,2026,April,500
Ukraine,2026,May,730
Ukraine,2026,Total,3530
United Arab Emirates,2023,January,
United Arab Emirates,2023,February,
United Arab Emirates,2023,March,
United Arab Emirates,2023,April,
United Arab Emirates,2023,May,10
United Arab Emirates,2023,June,0
United Arab Emirates,2023,July,
United Arab Emirates,2023,August,
United Arab Emirates,2023,September,0
United Arab Emirates,2023,October,
United Arab Emirates,2023,November,0
United Arab Emirates,2023,December,
United Arab Emirates,2023,Total,25
United Arab Emirates,2024,January,0
United Arab Emirates,2024,February,0
United Arab Emirates,2024,March,
United Arab Emirates,2024,April,
United Arab Emirates,2024,May,
United Arab Emirates,2024,June,
United Arab Emirates,2024,July,
United Arab Emirates,2024,August,0
United Arab Emirates,2024,September,0
United Arab Emirates,2024,October,0
United Arab Emirates,2024,November,
United Arab Emirates,2024,December,
United Arab Emirates,2024,Total,15
United Arab Emirates,2025,January,
United Arab Emirates,2025,February,
United Arab Emirates,2025,March,
United Arab Emirates,2025,April,
United Arab Emirates,2025,May,
United Arab Emirates,2025,June,0
United Arab Emirates,2025,July,
United Arab Emirates,2025,August,0
United Arab Emirates,2025,September,0
United Arab Emirates,2025,October,
United Arab Emirates,2025,November,0
United Arab Emirates,2025,December,0
United Arab Emirates,2025,Total,10
United Arab Emirates,2026,January,0
United Arab Emirates,2026,February,
United Arab Emirates,2026,March,
United Arab Emirates,2026,April,0
United Arab Emirates,2026,May,0
United Arab Emirates,2026,Total,
United Kingdom and Overseas Territories,2023,January,805
United Kingdom and Overseas Territories,2023,February,650
United Kingdom and Overseas Territories,2023,March,545
United Kingdom and Overseas Territories,2023,April,210
United Kingdom and Overseas Territories,2023,May,490
United Kingdom and Overseas Territories,2023,June,385
United Kingdom and Overseas Territories,2023,July,290
United Kingdom and Overseas Territories,2023,August,305
United Kingdom and Overseas Territories,2023,September,305
United Kingdom and Overseas Territories,2023,October,255
United Kingdom and Overseas Territories,2023,November,275
United Kingdom and Overseas Territories,2023,December,375
United Kingdom and Overseas Territories,2023,Total,4895
United Kingdom and Overseas Territories,2024,January,560
United Kingdom and Overseas Territories,2024,February,300
United Kingdom and Overseas Territories,2024,March,355
United Kingdom and Overseas Territories,2024,April,310
United Kingdom and Overseas Territories,2024,May,415
United Kingdom and Overseas Territories,2024,June,435
United Kingdom and Overseas Territories,2024,July,400
United Kingdom and Overseas Territories,2024,August,275
United Kingdom and Overseas Territories,2024,September,285
United Kingdom and Overseas Territories,2024,October,265
United Kingdom and Overseas Territories,2024,November,365
United Kingdom and Overseas Territories,2024,December,285
United Kingdom and Overseas Territories,2024,Total,4250
United Kingdom and Overseas Territories,2025,January,300
United Kingdom and Overseas Territories,2025,February,300
United Kingdom and Overseas Territories,2025,March,315
United Kingdom and Overseas Territories,2025,April,245
United Kingdom and Overseas Territories,2025,May,270
United Kingdom and Overseas Territories,2025,June,350
United Kingdom and Overseas Territories,2025,July,290
United Kingdom and Overseas Territories,2025,August,245
United Kingdom and Overseas Territories,2025,September,230
United Kingdom and Overseas Territories,2025,October,265
United Kingdom and Overseas Territories,2025,November,125
United Kingdom and Overseas Territories,2025,December,255
United Kingdom and Overseas Territories,2025,Total,3180
United Kingdom and Overseas Territories,2026,January,300
United Kingdom and Overseas Territories,2026,February,345
United Kingdom and Overseas Territories,2026,March,280
United Kingdom and Overseas Territories,2026,April,265
United Kingdom and Overseas Territories,2026,May,270
United Kingdom and Overseas Territories,2026,Total,1465
United Republic of Tanzania,2023,January,25
United Republic of Tanzania,2023,February,35
United Republic of Tanzania,2023,March,25
United Republic of Tanzania,2023,April,15
United Republic of Tanzania,2023,May,20
United Republic of Tanzania,2023,June,15
United Republic of Tanzania,2023,July,20
United Republic of Tanzania,2023,August,30
United Republic of Tanzania,2023,September,15
United Republic of Tanzania,2023,October,10
United Republic of Tanzania,2023,November,25
United Republic of Tanzania,2023,December,25
United Republic of Tanzania,2023,Total,265
United Republic of Tanzania,2024,January,30
United Republic of Tanzania,2024,February,35
United Republic of Tanzania,2024,March,25
United Republic of Tanzania,2024,April,25
United Republic of Tanzania,2024,May,40
United Republic of Tanzania,2024,June,10
United Republic of Tanzania,2024,July,20
United Republic of Tanzania,2024,August,20
United Republic of Tanzania,2024,September,20
United Republic of Tanzania,2024,October,20
United Republic of Tanzania,2024,November,20
United Republic of Tanzania,2024,December,20
United Republic of Tanzania,2024,Total,280
United Republic of Tanzania,2025,January,30
United Republic of Tanzania,2025,February,15
United Republic of Tanzania,2025,March,35
United Republic of Tanzania,2025,April,20
United Republic of Tanzania,2025,May,15
United Republic of Tanzania,2025,June,25
United Republic of Tanzania,2025,July,15
United Republic of Tanzania,2025,August,10
United Republic of Tanzania,2025,September,20
United Republic of Tanzania,2025,October,20
United Republic of Tanzania,2025,November,20
United Republic of Tanzania,2025,December,25
United Republic of Tanzania,2025,Total,260
United Republic of Tanzania,2026,January,30
United Republic of Tanzania,2026,February,20
United Republic of Tanzania,2026,March,25
United Republic of Tanzania,2026,April,35
United Republic of Tanzania,2026,May,40
United Republic of Tanzania,2026,Total,150
United States of America,2023,January,1820
United States of America,2023,February,1455
United States of America,2023,March,1070
United States of America,2023,April,520
United States of America,2023,May,930
United States of America,2023,June,770
United States of America,2023,July,805
United States of America,2023,August,840
United States of America,2023,September,435
United States of America,2023,October,555
United States of America,2023,November,590
United States of America,2023,December,810
United States of America,2023,Total,10610
United States of America,2024,January,1080
United States of America,2024,February,685
United States of America,2024,March,705
United States of America,2024,April,845
United States of America,2024,May,920
United States of America,2024,June,770
United States of America,2024,July,920
United States of America,2024,August,780
United States of America,2024,September,590
United States of America,2024,October,535
United States of America,2024,November,785
United States of America,2024,December,660
United States of America,2024,Total,9275
United States of America,2025,January,660
United States of America,2025,February,665
United States of America,2025,March,680
United States of America,2025,April,445
United States of America,2025,May,710
United States of America,2025,June,750
United States of America,2025,July,705
United States of America,2025,August,630
United States of America,2025,September,655
United States of America,2025,October,650
United States of America,2025,November,460
United States of America,2025,December,535
United States of America,2025,Total,7540
United States of America,2026,January,530
United States of America,2026,February,575
United States of America,2026,March,695
United States of America,2026,April,655
United States of America,2026,May,585
United States of America,2026,Total,3030
Uruguay,2023,January,10
Uruguay,2023,February,5
Uruguay,2023,March,10
Uruguay,2023,April,
Uruguay,2023,May,10
Uruguay,2023,June,10
Uruguay,2023,July,10
Uruguay,2023,August,
Uruguay,2023,September,
Uruguay,2023,October,5
Uruguay,2023,November,
Uruguay,2023,December,
Uruguay,2023,Total,75
Uruguay,2024,January,15
Uruguay,2024,February,5
Uruguay,2024,March,5
Uruguay,2024,April,5
Uruguay,2024,May,
Uruguay,2024,June,5
Uruguay,2024,July,
Uruguay,2024,August,10
Uruguay,2024,September,
Uruguay,2024,October,5
Uruguay,2024,November,
Uruguay,2024,December,
Uruguay,2024,Total,65
Uruguay,2025,January,
Uruguay,2025,February,
Uruguay,2025,March,
Uruguay,2025,April,
Uruguay,2025,May,0
Uruguay,2025,June,
Uruguay,2025,July,
Uruguay,2025,August,
Uruguay,2025,September,
Uruguay,2025,October,
Uruguay,2025,November,5
Uruguay,2025,December,
Uruguay,2025,Total,25
Uruguay,2026,January,
Uruguay,2026,February,5
Uruguay,2026,March,
Uruguay,2026,April,
Uruguay,2026,May,
Uruguay,2026,Total,10
Uzbekistan,2023,January,15
Uzbekistan,2023,February,25
Uzbekistan,2023,March,20
Uzbekistan,2023,April,20
Uzbekistan,2023,May,10
Uzbekistan,2023,June,5
Uzbekistan,2023,July,20
Uzbekistan,2023,August,20
Uzbekistan,2023,September,15
Uzbekistan,2023,October,15
Uzbekistan,2023,November,15
Uzbekistan,2023,December,15
Uzbekistan,2023,Total,200
Uzbekistan,2024,January,20
Uzbekistan,2024,February,5
Uzbekistan,2024,March,10
Uzbekistan,2024,April,15
Uzbekistan,2024,May,20
Uzbekistan,2024,June,20
Uzbekistan,2024,July,15
Uzbekistan,2024,August,15
Uzbekistan,2024,September,20
Uzbekistan,2024,October,10
Uzbekistan,2024,November,10
Uzbekistan,2024,December,25
Uzbekistan,2024,Total,190
Uzbekistan,2025,January,
Uzbekistan,2025,February,10
Uzbekistan,2025,March,15
Uzbekistan,2025,April,5
Uzbekistan,2025,May,20
Uzbekistan,2025,June,5
Uzbekistan,2025,July,5
Uzbekistan,2025,August,
Uzbekistan,2025,September,5
Uzbekistan,2025,October,10
Uzbekistan,2025,November,5
Uzbekistan,2025,December,10
Uzbekistan,2025,Total,105
Uzbekistan,2026,January,15
Uzbekistan,2026,February,5
Uzbekistan,2026,March,15
Uzbekistan,2026,April,15
Uzbekistan,2026,May,10
Uzbekistan,2026,Total,55
Vanuatu,2023,January,0
Vanuatu,2023,February,
Vanuatu,2023,March,
Vanuatu,2023,April,0
Vanuatu,2023,May,0
Vanuatu,2023,June,0
Vanuatu,2023,July,0
Vanuatu,2023,August,0
Vanuatu,2023,September,0
Vanuatu,2023,October,0
Vanuatu,2023,November,0
Vanuatu,2023,December,0
Vanuatu,2023,Total,
Vanuatu,2024,January,0
Vanuatu,2024,February,0
Vanuatu,2024,March,0
Vanuatu,2024,April,
Vanuatu,2024,May,0
Vanuatu,2024,June,0
Vanuatu,2024,July,0
Vanuatu,2024,August,0
Vanuatu,2024,September,0
Vanuatu,2024,October,0
Vanuatu,2024,November,0
Vanuatu,2024,December,0
Vanuatu,2024,Total,
Vanuatu,2025,January,0
Vanuatu,2025,February,
Vanuatu,2025,March,0
Vanuatu,2025,April,0
Vanuatu,2025,May,0
Vanuatu,2025,June,
Vanuatu,2025,July,
Vanuatu,2025,August,0
Vanuatu,2025,September,0
Vanuatu,2025,October,0
Vanuatu,2025,November,0
Vanuatu,2025,December,0
Vanuatu,2025,Total,
Vanuatu,2026,January,0
Vanuatu,2026,February,0
Vanuatu,2026,March,0
Vanuatu,2026,April,0
Vanuatu,2026,May,0
Vanuatu,2026,Total,0
Venezuela,2023,January,180
Venezuela,2023,February,175
Venezuela,2023,March,175
Venezuela,2023,April,90
Venezuela,2023,May,120
Venezuela,2023,June,115
Venezuela,2023,July,105
Venezuela,2023,August,120
Venezuela,2023,September,70
Venezuela,2023,October,60
Venezuela,2023,November,80
Venezuela,2023,December,125
Venezuela,2023,Total,1410
Venezuela,2024,January,225
Venezuela,2024,February,375
Venezuela,2024,March,740
Venezuela,2024,April,745
Venezuela,2024,May,420
Venezuela,2024,June,130
Venezuela,2024,July,205
Venezuela,2024,August,155
Venezuela,2024,September,105
Venezuela,2024,October,95
Venezuela,2024,November,105
Venezuela,2024,December,125
Venezuela,2024,Total,3425
Venezuela,2025,January,135
Venezuela,2025,February,100
Venezuela,2025,March,90
Venezuela,2025,April,80
Venezuela,2025,May,85
Venezuela,2025,June,60
Venezuela,2025,July,125
Venezuela,2025,August,125
Venezuela,2025,September,95
Venezuela,2025,October,95
Venezuela,2025,November,45
Venezuela,2025,December,90
Venezuela,2025,Total,1125
Venezuela,2026,January,80
Venezuela,2026,February,120
Venezuela,2026,March,100
Venezuela,2026,April,75
Venezuela,2026,May,105
Venezuela,2026,Total,485
Western Sahara,2023,January,0
Western Sahara,2023,February,0
Western Sahara,2023,March,0
Western Sahara,2023,April,0
Western Sahara,2023,May,0
Western Sahara,2023,June,0
Western Sahara,2023,July,0
Western Sahara,2023,August,0
Western Sahara,2023,September,0
Western Sahara,2023,October,0
Western Sahara,2023,November,0
Western Sahara,2023,December,0
Western Sahara,2023,Total,0
Western Sahara,2024,January,0
Western Sahara,2024,February,0
Western Sahara,2024,March,0
Western Sahara,2024,April,0
Western Sahara,2024,May,0
Western Sahara,2024,June,0
Western Sahara,2024,July,0
Western Sahara,2024,August,0
Western Sahara,2024,September,0
Western Sahara,2024,October,0
Western Sahara,2024,November,0
Western Sahara,2024,December,0
Western Sahara,2024,Total,0
Western Sahara,2025,January,0
Western Sahara,2025,February,0
Western Sahara,2025,March,0
Western Sahara,2025,April,0
Western Sahara,2025,May,0
Western Sahara,2025,June,0
Western Sahara,2025,July,
Western Sahara,2025,August,0
Western Sahara,2025,September,0
Western Sahara,2025,October,0
Western Sahara,2025,November,0
Western Sahara,2025,December,
Western Sahara,2025,Total,
Western Sahara,2026,January,0
Western Sahara,2026,February,0
Western Sahara,2026,March,0
Western Sahara,2026,April,0
Western Sahara,2026,May,0
Western Sahara,2026,Total,0
Yemen,2023,January,70
Yemen,2023,February,45
Yemen,2023,March,60
Yemen,2023,April,40
Yemen,2023,May,65
Yemen,2023,June,60
Yemen,2023,July,50
Yemen,2023,August,55
Yemen,2023,September,35
Yemen,2023,October,50
Yemen,2023,November,100
Yemen,2023,December,70
Yemen,2023,Total,695
Yemen,2024,January,95
Yemen,2024,February,45
Yemen,2024,March,80
Yemen,2024,April,55
Yemen,2024,May,70
Yemen,2024,June,45
Yemen,2024,July,50
Yemen,2024,August,50
Yemen,2024,September,75
Yemen,2024,October,55
Yemen,2024,November,45
Yemen,2024,December,55
Yemen,2024,Total,710
Yemen,2025,January,50
Yemen,2025,February,25
Yemen,2025,March,30
Yemen,2025,April,40
Yemen,2025,May,30
Yemen,2025,June,55
Yemen,2025,July,50
Yemen,2025,August,55
Yemen,2025,September,45
Yemen,2025,October,75
Yemen,2025,November,55
Yemen,2025,December,55
Yemen,2025,Total,570
Yemen,2026,January,40
Yemen,2026,February,40
Yemen,2026,March,45
Yemen,2026,April,90
Yemen,2026,May,65
Yemen,2026,Total,280
Zambia,2023,January,15
Zambia,2023,February,10
Zambia,2023,March,10
Zambia,2023,April,
Zambia,2023,May,5
Zambia,2023,June,5
Zambia,2023,July,15
Zambia,2023,August,
Zambia,2023,September,0
Zambia,2023,October,
Zambia,2023,November,
Zambia,2023,December,10
Zambia,2023,Total,80
Zambia,2024,January,10
Zambia,2024,February,10
Zambia,2024,March,5
Zambia,2024,April,5
Zambia,2024,May,20
Zambia,2024,June,15
Zambia,2024,July,5
Zambia,2024,August,
Zambia,2024,September,
Zambia,2024,October,
Zambia,2024,November,10
Zambia,2024,December,5
Zambia,2024,Total,100
Zambia,2025,January,5
Zambia,2025,February,5
Zambia,2025,March,
Zambia,2025,April,
Zambia,2025,May,5
Zambia,2025,June,
Zambia,2025,July,5
Zambia,2025,August,5
Zambia,2025,September,10
Zambia,2025,October,10
Zambia,2025,November,
Zambia,2025,December,10
Zambia,2025,Total,75
Zambia,2026,January,10
Zambia,2026,February,
Zambia,2026,March,20
Zambia,2026,April,5
Zambia,2026,May,20
Zambia,2026,Total,55
Zimbabwe,2023,January,60
Zimbabwe,2023,February,60
Zimbabwe,2023,March,60
Zimbabwe,2023,April,30
Zimbabwe,2023,May,45
Zimbabwe,2023,June,30
Zimbabwe,2023,July,55
Zimbabwe,2023,August,50
Zimbabwe,2023,September,20
Zimbabwe,2023,October,30
Zimbabwe,2023,November,30
Zimbabwe,2023,December,60
Zimbabwe,2023,Total,535
Zimbabwe,2024,January,50
Zimbabwe,2024,February,40
Zimbabwe,2024,March,70
Zimbabwe,2024,April,60
Zimbabwe,2024,May,70
Zimbabwe,2024,June,45
Zimbabwe,2024,July,65
Zimbabwe,2024,August,55
Zimbabwe,2024,September,45
Zimbabwe,2024,October,35
Zimbabwe,2024,November,70
Zimbabwe,2024,December,40
Zimbabwe,2024,Total,645
Zimbabwe,2025,January,65
Zimbabwe,2025,February,65
Zimbabwe,2025,March,40
Zimbabwe,2025,April,35
Zimbabwe,2025,May,35
Zimbabwe,2025,June,55
Zimbabwe,2025,July,55
Zimbabwe,2025,August,50
Zimbabwe,2025,September,35
Zimbabwe,2025,October,45
Zimbabwe,2025,November,20
Zimbabwe,2025,December,30
Zimbabwe,2025,Total,535
Zimbabwe,2026,January,45
Zimbabwe,2026,February,40
Zimbabwe,2026,March,55
Zimbabwe,2026,April,50
Zimbabwe,2026,May,120
Zimbabwe,2026,Total,310
Other*,2023,January,
Other*,2023,February,
Other*,2023,March,
Other*,2023,April,0
Other*,2023,May,0
Other*,2023,June,
Other*,2023,July,0
Other*,2023,August,
Other*,2023,September,0
Other*,2023,October,0
Other*,2023,November,
Other*,2023,December,
Other*,2023,Total,10
Other*,2024,January,0
Other*,2024,February,
Other*,2024,March,0
Other*,2024,April,
Other*,2024,May,
Other*,2024,June,
Other*,2024,July,
Other*,2024,August,5
Other*,2024,September,
Other*,2024,October,
Other*,2024,November,
Other*,2024,December,
Other*,2024,Total,25
Other*,2025,January,
Other*,2025,February,0
Other*,2025,March,
Other*,2025,April,0
Other*,2025,May,0
Other*,2025,June,
Other*,2025,July,
Other*,2025,August,5
Other*,2025,September,0
Other*,2025,October,
Other*,2025,November,0
Other*,2025,December,0
Other*,2025,Total,15
Other*,2026,January,
Other*,2026,February,
Other*,2026,March,
Other*,2026,April,0
Other*,2026,May,
Other*,2026,Total,10
