country,year,month,value
Total,2023,January,40210
Total,2023,February,32470
Total,2023,March,45795
Total,2023,April,38615
Total,2023,May,49945
Total,2023,June,41185
Total,2023,July,40930
Total,2023,August,51695
Total,2023,September,45550
Total,2023,October,45035
Total,2023,November,59340
Total,2023,December,76545
Total,2023,Total,567315
Total,2024,January,50655
Total,2024,February,50040
Total,2024,March,59815
Total,2024,April,57660
Total,2024,May,47085
Total,2024,June,52205
Total,2024,July,70695
Total,2024,August,65550
Total,2024,September,58540
Total,2024,October,57270
Total,2024,November,47035
Total,2024,December,42970
Total,2024,Total,659520
Total,2025,January,41030
Total,2025,February,37665
Total,2025,March,49720
Total,2025,April,50250
Total,2025,May,50610
Total,2025,June,32365
Total,2025,July,33110
Total,2025,August,37730
Total,2025,September,42145
Total,2025,October,43345
Total,2025,November,35055
Total,2025,December,37365
Total,2025,Total,490385
Total,2026,January,35110
Total,2026,February,35575
Total,2026,March,35415
Total,2026,April,36040
Total,2026,May,25075
Total,2026,Total,167220
Afghanistan,2023,January,1445
Afghanistan,2023,February,1490
Afghanistan,2023,March,3240
Afghanistan,2023,April,2070
Afghanistan,2023,May,1920
Afghanistan,2023,June,2105
Afghanistan,2023,July,2045
Afghanistan,2023,August,1780
Afghanistan,2023,September,1380
Afghanistan,2023,October,1875
Afghanistan,2023,November,1720
Afghanistan,2023,December,2390
Afghanistan,2023,Total,23455
Afghanistan,2024,January,1125
Afghanistan,2024,February,1125
Afghanistan,2024,March,1460
Afghanistan,2024,April,1285
Afghanistan,2024,May,1360
Afghanistan,2024,June,935
Afghanistan,2024,July,1140
Afghanistan,2024,August,1145
Afghanistan,2024,September,1110
Afghanistan,2024,October,1370
Afghanistan,2024,November,1540
Afghanistan,2024,December,1375
Afghanistan,2024,Total,14970
Afghanistan,2025,January,865
Afghanistan,2025,February,1470
Afghanistan,2025,March,2125
Afghanistan,2025,April,1325
Afghanistan,2025,May,1380
Afghanistan,2025,June,1000
Afghanistan,2025,July,765
Afghanistan,2025,August,790
Afghanistan,2025,September,645
Afghanistan,2025,October,555
Afghanistan,2025,November,390
Afghanistan,2025,December,655
Afghanistan,2025,Total,11970
Afghanistan,2026,January,215
Afghanistan,2026,February,200
Afghanistan,2026,March,370
Afghanistan,2026,April,215
Afghanistan,2026,May,175
Afghanistan,2026,Total,1170
Albania,2023,January,40
Albania,2023,February,30
Albania,2023,March,55
Albania,2023,April,60
Albania,2023,May,70
Albania,2023,June,40
Albania,2023,July,50
Albania,2023,August,55
Albania,2023,September,55
Albania,2023,October,50
Albania,2023,November,55
Albania,2023,December,85
Albania,2023,Total,645
Albania,2024,January,40
Albania,2024,February,65
Albania,2024,March,60
Albania,2024,April,55
Albania,2024,May,70
Albania,2024,June,75
Albania,2024,July,90
Albania,2024,August,75
Albania,2024,September,55
Albania,2024,October,45
Albania,2024,November,35
Albania,2024,December,45
Albania,2024,Total,705
Albania,2025,January,35
Albania,2025,February,45
Albania,2025,March,55
Albania,2025,April,45
Albania,2025,May,40
Albania,2025,June,30
Albania,2025,July,40
Albania,2025,August,35
Albania,2025,September,45
Albania,2025,October,30
Albania,2025,November,30
Albania,2025,December,10
Albania,2025,Total,445
Albania,2026,January,30
Albania,2026,February,35
Albania,2026,March,30
Albania,2026,April,20
Albania,2026,May,30
Albania,2026,Total,145
Algeria,2023,January,590
Algeria,2023,February,520
Algeria,2023,March,520
Algeria,2023,April,390
Algeria,2023,May,490
Algeria,2023,June,500
Algeria,2023,July,620
Algeria,2023,August,1620
Algeria,2023,September,990
Algeria,2023,October,485
Algeria,2023,November,485
Algeria,2023,December,600
Algeria,2023,Total,7805
Algeria,2024,January,405
Algeria,2024,February,630
Algeria,2024,March,1725
Algeria,2024,April,1205
Algeria,2024,May,530
Algeria,2024,June,600
Algeria,2024,July,875
Algeria,2024,August,1020
Algeria,2024,September,940
Algeria,2024,October,730
Algeria,2024,November,645
Algeria,2024,December,415
Algeria,2024,Total,9725
Algeria,2025,January,515
Algeria,2025,February,460
Algeria,2025,March,745
Algeria,2025,April,1435
Algeria,2025,May,1330
Algeria,2025,June,425
Algeria,2025,July,400
Algeria,2025,August,470
Algeria,2025,September,645
Algeria,2025,October,1005
Algeria,2025,November,920
Algeria,2025,December,1170
Algeria,2025,Total,9525
Algeria,2026,January,970
Algeria,2026,February,840
Algeria,2026,March,935
Algeria,2026,April,1270
Algeria,2026,May,755
Algeria,2026,Total,4770
Andorra,2023,January,0
Andorra,2023,February,0
Andorra,2023,March,0
Andorra,2023,April,0
Andorra,2023,May,0
Andorra,2023,June,0
Andorra,2023,July,0
Andorra,2023,August,0
Andorra,2023,September,0
Andorra,2023,October,0
Andorra,2023,November,0
Andorra,2023,December,0
Andorra,2023,Total,0
Andorra,2024,January,0
Andorra,2024,February,0
Andorra,2024,March,0
Andorra,2024,April,0
Andorra,2024,May,0
Andorra,2024,June,0
Andorra,2024,July,0
Andorra,2024,August,0
Andorra,2024,September,
Andorra,2024,October,
Andorra,2024,November,0
Andorra,2024,December,0
Andorra,2024,Total,5
Andorra,2025,January,0
Andorra,2025,February,0
Andorra,2025,March,0
Andorra,2025,April,0
Andorra,2025,May,0
Andorra,2025,June,0
Andorra,2025,July,0
Andorra,2025,August,0
Andorra,2025,September,0
Andorra,2025,October,0
Andorra,2025,November,0
Andorra,2025,December,0
Andorra,2025,Total,0
Andorra,2026,January,0
Andorra,2026,February,0
Andorra,2026,March,0
Andorra,2026,April,0
Andorra,2026,May,0
Andorra,2026,Total,0
Angola,2023,January,15
Angola,2023,February,40
Angola,2023,March,65
Angola,2023,April,45
Angola,2023,May,55
Angola,2023,June,40
Angola,2023,July,40
Angola,2023,August,35
Angola,2023,September,20
Angola,2023,October,40
Angola,2023,November,30
Angola,2023,December,50
Angola,2023,Total,475
Angola,2024,January,50
Angola,2024,February,25
Angola,2024,March,40
Angola,2024,April,40
Angola,2024,May,35
Angola,2024,June,35
Angola,2024,July,45
Angola,2024,August,30
Angola,2024,September,40
Angola,2024,October,45
Angola,2024,November,30
Angola,2024,December,30
Angola,2024,Total,440
Angola,2025,January,35
Angola,2025,February,50
Angola,2025,March,40
Angola,2025,April,40
Angola,2025,May,45
Angola,2025,June,25
Angola,2025,July,30
Angola,2025,August,30
Angola,2025,September,30
Angola,2025,October,15
Angola,2025,November,
Angola,2025,December,10
Angola,2025,Total,350
Angola,2026,January,
Angola,2026,February,10
Angola,2026,March,10
Angola,2026,April,10
Angola,2026,May,5
Angola,2026,Total,35
Antigua and Barbuda,2023,January,15
Antigua and Barbuda,2023,February,5
Antigua and Barbuda,2023,March,
Antigua and Barbuda,2023,April,
Antigua and Barbuda,2023,May,10
Antigua and Barbuda,2023,June,
Antigua and Barbuda,2023,July,
Antigua and Barbuda,2023,August,
Antigua and Barbuda,2023,September,
Antigua and Barbuda,2023,October,5
Antigua and Barbuda,2023,November,5
Antigua and Barbuda,2023,December,15
Antigua and Barbuda,2023,Total,75
Antigua and Barbuda,2024,January,20
Antigua and Barbuda,2024,February,5
Antigua and Barbuda,2024,March,15
Antigua and Barbuda,2024,April,5
Antigua and Barbuda,2024,May,10
Antigua and Barbuda,2024,June,10
Antigua and Barbuda,2024,July,10
Antigua and Barbuda,2024,August,15
Antigua and Barbuda,2024,September,10
Antigua and Barbuda,2024,October,20
Antigua and Barbuda,2024,November,
Antigua and Barbuda,2024,December,10
Antigua and Barbuda,2024,Total,140
Antigua and Barbuda,2025,January,
Antigua and Barbuda,2025,February,
Antigua and Barbuda,2025,March,20
Antigua and Barbuda,2025,April,10
Antigua and Barbuda,2025,May,10
Antigua and Barbuda,2025,June,
Antigua and Barbuda,2025,July,10
Antigua and Barbuda,2025,August,10
Antigua and Barbuda,2025,September,5
Antigua and Barbuda,2025,October,15
Antigua and Barbuda,2025,November,5
Antigua and Barbuda,2025,December,5
Antigua and Barbuda,2025,Total,95
Antigua and Barbuda,2026,January,
Antigua and Barbuda,2026,February,5
Antigua and Barbuda,2026,March,
Antigua and Barbuda,2026,April,5
Antigua and Barbuda,2026,May,0
Antigua and Barbuda,2026,Total,20
Argentina,2023,January,40
Argentina,2023,February,40
Argentina,2023,March,45
Argentina,2023,April,35
Argentina,2023,May,45
Argentina,2023,June,45
Argentina,2023,July,45
Argentina,2023,August,55
Argentina,2023,September,50
Argentina,2023,October,50
Argentina,2023,November,75
Argentina,2023,December,65
Argentina,2023,Total,585
Argentina,2024,January,35
Argentina,2024,February,45
Argentina,2024,March,30
Argentina,2024,April,55
Argentina,2024,May,55
Argentina,2024,June,55
Argentina,2024,July,60
Argentina,2024,August,45
Argentina,2024,September,35
Argentina,2024,October,45
Argentina,2024,November,40
Argentina,2024,December,20
Argentina,2024,Total,520
Argentina,2025,January,40
Argentina,2025,February,35
Argentina,2025,March,45
Argentina,2025,April,25
Argentina,2025,May,30
Argentina,2025,June,35
Argentina,2025,July,30
Argentina,2025,August,45
Argentina,2025,September,30
Argentina,2025,October,60
Argentina,2025,November,35
Argentina,2025,December,15
Argentina,2025,Total,430
Argentina,2026,January,25
Argentina,2026,February,30
Argentina,2026,March,30
Argentina,2026,April,35
Argentina,2026,May,15
Argentina,2026,Total,135
Armenia,2023,January,25
Armenia,2023,February,15
Armenia,2023,March,35
Armenia,2023,April,30
Armenia,2023,May,15
Armenia,2023,June,10
Armenia,2023,July,20
Armenia,2023,August,15
Armenia,2023,September,25
Armenia,2023,October,15
Armenia,2023,November,30
Armenia,2023,December,20
Armenia,2023,Total,260
Armenia,2024,January,15
Armenia,2024,February,20
Armenia,2024,March,25
Armenia,2024,April,15
Armenia,2024,May,25
Armenia,2024,June,15
Armenia,2024,July,30
Armenia,2024,August,25
Armenia,2024,September,10
Armenia,2024,October,10
Armenia,2024,November,20
Armenia,2024,December,20
Armenia,2024,Total,230
Armenia,2025,January,
Armenia,2025,February,20
Armenia,2025,March,20
Armenia,2025,April,25
Armenia,2025,May,
Armenia,2025,June,20
Armenia,2025,July,15
Armenia,2025,August,15
Armenia,2025,September,15
Armenia,2025,October,20
Armenia,2025,November,5
Armenia,2025,December,10
Armenia,2025,Total,170
Armenia,2026,January,
Armenia,2026,February,
Armenia,2026,March,
Armenia,2026,April,10
Armenia,2026,May,5
Armenia,2026,Total,25
Australia,2023,January,105
Australia,2023,February,85
Australia,2023,March,115
Australia,2023,April,75
Australia,2023,May,105
Australia,2023,June,70
Australia,2023,July,60
Australia,2023,August,115
Australia,2023,September,85
Australia,2023,October,90
Australia,2023,November,95
Australia,2023,December,105
Australia,2023,Total,1110
Australia,2024,January,95
Australia,2024,February,80
Australia,2024,March,105
Australia,2024,April,90
Australia,2024,May,75
Australia,2024,June,90
Australia,2024,July,80
Australia,2024,August,80
Australia,2024,September,110
Australia,2024,October,80
Australia,2024,November,65
Australia,2024,December,80
Australia,2024,Total,1025
Australia,2025,January,110
Australia,2025,February,80
Australia,2025,March,100
Australia,2025,April,65
Australia,2025,May,95
Australia,2025,June,70
Australia,2025,July,75
Australia,2025,August,65
Australia,2025,September,70
Australia,2025,October,85
Australia,2025,November,75
Australia,2025,December,55
Australia,2025,Total,945
Australia,2026,January,50
Australia,2026,February,75
Australia,2026,March,90
Australia,2026,April,45
Australia,2026,May,15
Australia,2026,Total,270
Austria,2023,January,10
Austria,2023,February,
Austria,2023,March,15
Austria,2023,April,10
Austria,2023,May,15
Austria,2023,June,
Austria,2023,July,5
Austria,2023,August,10
Austria,2023,September,10
Austria,2023,October,
Austria,2023,November,5
Austria,2023,December,5
Austria,2023,Total,95
Austria,2024,January,10
Austria,2024,February,20
Austria,2024,March,5
Austria,2024,April,10
Austria,2024,May,10
Austria,2024,June,5
Austria,2024,July,5
Austria,2024,August,10
Austria,2024,September,5
Austria,2024,October,15
Austria,2024,November,
Austria,2024,December,
Austria,2024,Total,100
Austria,2025,January,
Austria,2025,February,10
Austria,2025,March,15
Austria,2025,April,10
Austria,2025,May,10
Austria,2025,June,
Austria,2025,July,5
Austria,2025,August,
Austria,2025,September,10
Austria,2025,October,
Austria,2025,November,
Austria,2025,December,15
Austria,2025,Total,85
Austria,2026,January,
Austria,2026,February,10
Austria,2026,March,
Austria,2026,April,
Austria,2026,May,0
Austria,2026,Total,15
Azerbaijan,2023,January,5
Azerbaijan,2023,February,20
Azerbaijan,2023,March,20
Azerbaijan,2023,April,15
Azerbaijan,2023,May,25
Azerbaijan,2023,June,25
Azerbaijan,2023,July,30
Azerbaijan,2023,August,25
Azerbaijan,2023,September,10
Azerbaijan,2023,October,10
Azerbaijan,2023,November,20
Azerbaijan,2023,December,35
Azerbaijan,2023,Total,245
Azerbaijan,2024,January,25
Azerbaijan,2024,February,10
Azerbaijan,2024,March,20
Azerbaijan,2024,April,30
Azerbaijan,2024,May,20
Azerbaijan,2024,June,25
Azerbaijan,2024,July,30
Azerbaijan,2024,August,25
Azerbaijan,2024,September,35
Azerbaijan,2024,October,30
Azerbaijan,2024,November,40
Azerbaijan,2024,December,40
Azerbaijan,2024,Total,325
Azerbaijan,2025,January,25
Azerbaijan,2025,February,25
Azerbaijan,2025,March,35
Azerbaijan,2025,April,25
Azerbaijan,2025,May,15
Azerbaijan,2025,June,15
Azerbaijan,2025,July,25
Azerbaijan,2025,August,30
Azerbaijan,2025,September,20
Azerbaijan,2025,October,20
Azerbaijan,2025,November,10
Azerbaijan,2025,December,10
Azerbaijan,2025,Total,260
Azerbaijan,2026,January,10
Azerbaijan,2026,February,10
Azerbaijan,2026,March,5
Azerbaijan,2026,April,5
Azerbaijan,2026,May,
Azerbaijan,2026,Total,40
"Bahama Islands, The",2023,January,45
"Bahama Islands, The",2023,February,35
"Bahama Islands, The",2023,March,55
"Bahama Islands, The",2023,April,30
"Bahama Islands, The",2023,May,60
"Bahama Islands, The",2023,June,40
"Bahama Islands, The",2023,July,50
"Bahama Islands, The",2023,August,55
"Bahama Islands, The",2023,September,55
"Bahama Islands, The",2023,October,60
"Bahama Islands, The",2023,November,50
"Bahama Islands, The",2023,December,50
"Bahama Islands, The",2023,Total,585
"Bahama Islands, The",2024,January,45
"Bahama Islands, The",2024,February,40
"Bahama Islands, The",2024,March,35
"Bahama Islands, The",2024,April,65
"Bahama Islands, The",2024,May,50
"Bahama Islands, The",2024,June,35
"Bahama Islands, The",2024,July,60
"Bahama Islands, The",2024,August,45
"Bahama Islands, The",2024,September,50
"Bahama Islands, The",2024,October,70
"Bahama Islands, The",2024,November,55
"Bahama Islands, The",2024,December,40
"Bahama Islands, The",2024,Total,595
"Bahama Islands, The",2025,January,40
"Bahama Islands, The",2025,February,30
"Bahama Islands, The",2025,March,30
"Bahama Islands, The",2025,April,45
"Bahama Islands, The",2025,May,45
"Bahama Islands, The",2025,June,30
"Bahama Islands, The",2025,July,25
"Bahama Islands, The",2025,August,25
"Bahama Islands, The",2025,September,35
"Bahama Islands, The",2025,October,25
"Bahama Islands, The",2025,November,15
"Bahama Islands, The",2025,December,15
"Bahama Islands, The",2025,Total,355
"Bahama Islands, The",2026,January,25
"Bahama Islands, The",2026,February,20
"Bahama Islands, The",2026,March,20
"Bahama Islands, The",2026,April,10
"Bahama Islands, The",2026,May,
"Bahama Islands, The",2026,Total,75
Bahrain,2023,January,
Bahrain,2023,February,
Bahrain,2023,March,5
Bahrain,2023,April,
Bahrain,2023,May,0
Bahrain,2023,June,0
Bahrain,2023,July,
Bahrain,2023,August,5
Bahrain,2023,September,
Bahrain,2023,October,0
Bahrain,2023,November,10
Bahrain,2023,December,
Bahrain,2023,Total,30
Bahrain,2024,January,5
Bahrain,2024,February,10
Bahrain,2024,March,0
Bahrain,2024,April,0
Bahrain,2024,May,
Bahrain,2024,June,0
Bahrain,2024,July,
Bahrain,2024,August,
Bahrain,2024,September,
Bahrain,2024,October,
Bahrain,2024,November,
Bahrain,2024,December,5
Bahrain,2024,Total,35
Bahrain,2025,January,
Bahrain,2025,February,
Bahrain,2025,March,
Bahrain,2025,April,
Bahrain,2025,May,
Bahrain,2025,June,
Bahrain,2025,July,0
Bahrain,2025,August,
Bahrain,2025,September,
Bahrain,2025,October,
Bahrain,2025,November,0
Bahrain,2025,December,
Bahrain,2025,Total,15
Bahrain,2026,January,
Bahrain,2026,February,
Bahrain,2026,March,
Bahrain,2026,April,
Bahrain,2026,May,
Bahrain,2026,Total,5
Bangladesh,2023,January,305
Bangladesh,2023,February,310
Bangladesh,2023,March,360
Bangladesh,2023,April,390
Bangladesh,2023,May,460
Bangladesh,2023,June,360
Bangladesh,2023,July,395
Bangladesh,2023,August,455
Bangladesh,2023,September,340
Bangladesh,2023,October,420
Bangladesh,2023,November,515
Bangladesh,2023,December,800
Bangladesh,2023,Total,5120
Bangladesh,2024,January,385
Bangladesh,2024,February,370
Bangladesh,2024,March,400
Bangladesh,2024,April,420
Bangladesh,2024,May,380
Bangladesh,2024,June,450
Bangladesh,2024,July,725
Bangladesh,2024,August,585
Bangladesh,2024,September,510
Bangladesh,2024,October,450
Bangladesh,2024,November,390
Bangladesh,2024,December,390
Bangladesh,2024,Total,5450
Bangladesh,2025,January,340
Bangladesh,2025,February,305
Bangladesh,2025,March,515
Bangladesh,2025,April,375
Bangladesh,2025,May,410
Bangladesh,2025,June,350
Bangladesh,2025,July,410
Bangladesh,2025,August,470
Bangladesh,2025,September,485
Bangladesh,2025,October,375
Bangladesh,2025,November,280
Bangladesh,2025,December,190
Bangladesh,2025,Total,4510
Bangladesh,2026,January,330
Bangladesh,2026,February,335
Bangladesh,2026,March,340
Bangladesh,2026,April,220
Bangladesh,2026,May,155
Bangladesh,2026,Total,1380
Barbados,2023,January,30
Barbados,2023,February,15
Barbados,2023,March,35
Barbados,2023,April,15
Barbados,2023,May,35
Barbados,2023,June,30
Barbados,2023,July,20
Barbados,2023,August,40
Barbados,2023,September,35
Barbados,2023,October,30
Barbados,2023,November,25
Barbados,2023,December,20
Barbados,2023,Total,335
Barbados,2024,January,15
Barbados,2024,February,40
Barbados,2024,March,30
Barbados,2024,April,40
Barbados,2024,May,30
Barbados,2024,June,20
Barbados,2024,July,30
Barbados,2024,August,55
Barbados,2024,September,40
Barbados,2024,October,30
Barbados,2024,November,25
Barbados,2024,December,20
Barbados,2024,Total,375
Barbados,2025,January,35
Barbados,2025,February,40
Barbados,2025,March,20
Barbados,2025,April,20
Barbados,2025,May,20
Barbados,2025,June,10
Barbados,2025,July,20
Barbados,2025,August,20
Barbados,2025,September,25
Barbados,2025,October,20
Barbados,2025,November,10
Barbados,2025,December,15
Barbados,2025,Total,255
Barbados,2026,January,25
Barbados,2026,February,25
Barbados,2026,March,20
Barbados,2026,April,20
Barbados,2026,May,5
Barbados,2026,Total,95
Belarus,2023,January,5
Belarus,2023,February,25
Belarus,2023,March,15
Belarus,2023,April,20
Belarus,2023,May,25
Belarus,2023,June,25
Belarus,2023,July,15
Belarus,2023,August,25
Belarus,2023,September,50
Belarus,2023,October,30
Belarus,2023,November,35
Belarus,2023,December,45
Belarus,2023,Total,320
Belarus,2024,January,35
Belarus,2024,February,35
Belarus,2024,March,35
Belarus,2024,April,30
Belarus,2024,May,40
Belarus,2024,June,30
Belarus,2024,July,40
Belarus,2024,August,15
Belarus,2024,September,10
Belarus,2024,October,15
Belarus,2024,November,25
Belarus,2024,December,15
Belarus,2024,Total,325
Belarus,2025,January,15
Belarus,2025,February,5
Belarus,2025,March,15
Belarus,2025,April,20
Belarus,2025,May,5
Belarus,2025,June,15
Belarus,2025,July,15
Belarus,2025,August,
Belarus,2025,September,15
Belarus,2025,October,5
Belarus,2025,November,15
Belarus,2025,December,5
Belarus,2025,Total,135
Belarus,2026,January,5
Belarus,2026,February,10
Belarus,2026,March,5
Belarus,2026,April,5
Belarus,2026,May,5
Belarus,2026,Total,35
Belgium,2023,January,40
Belgium,2023,February,30
Belgium,2023,March,50
Belgium,2023,April,25
Belgium,2023,May,45
Belgium,2023,June,40
Belgium,2023,July,50
Belgium,2023,August,50
Belgium,2023,September,35
Belgium,2023,October,35
Belgium,2023,November,50
Belgium,2023,December,50
Belgium,2023,Total,505
Belgium,2024,January,40
Belgium,2024,February,35
Belgium,2024,March,80
Belgium,2024,April,60
Belgium,2024,May,30
Belgium,2024,June,45
Belgium,2024,July,45
Belgium,2024,August,60
Belgium,2024,September,50
Belgium,2024,October,45
Belgium,2024,November,50
Belgium,2024,December,60
Belgium,2024,Total,600
Belgium,2025,January,55
Belgium,2025,February,45
Belgium,2025,March,60
Belgium,2025,April,75
Belgium,2025,May,50
Belgium,2025,June,55
Belgium,2025,July,35
Belgium,2025,August,35
Belgium,2025,September,60
Belgium,2025,October,70
Belgium,2025,November,45
Belgium,2025,December,50
Belgium,2025,Total,630
Belgium,2026,January,40
Belgium,2026,February,45
Belgium,2026,March,35
Belgium,2026,April,40
Belgium,2026,May,25
Belgium,2026,Total,185
Belize,2023,January,
Belize,2023,February,5
Belize,2023,March,5
Belize,2023,April,5
Belize,2023,May,10
Belize,2023,June,
Belize,2023,July,10
Belize,2023,August,5
Belize,2023,September,
Belize,2023,October,5
Belize,2023,November,10
Belize,2023,December,10
Belize,2023,Total,75
Belize,2024,January,
Belize,2024,February,
Belize,2024,March,
Belize,2024,April,
Belize,2024,May,5
Belize,2024,June,5
Belize,2024,July,20
Belize,2024,August,10
Belize,2024,September,
Belize,2024,October,10
Belize,2024,November,
Belize,2024,December,
Belize,2024,Total,65
Belize,2025,January,5
Belize,2025,February,
Belize,2025,March,
Belize,2025,April,5
Belize,2025,May,10
Belize,2025,June,15
Belize,2025,July,5
Belize,2025,August,5
Belize,2025,September,10
Belize,2025,October,
Belize,2025,November,5
Belize,2025,December,
Belize,2025,Total,75
Belize,2026,January,5
Belize,2026,February,
Belize,2026,March,
Belize,2026,April,
Belize,2026,May,
Belize,2026,Total,10
Bhutan,2023,January,10
Bhutan,2023,February,0
Bhutan,2023,March,
Bhutan,2023,April,
Bhutan,2023,May,0
Bhutan,2023,June,
Bhutan,2023,July,
Bhutan,2023,August,
Bhutan,2023,September,
Bhutan,2023,October,
Bhutan,2023,November,10
Bhutan,2023,December,
Bhutan,2023,Total,35
Bhutan,2024,January,
Bhutan,2024,February,5
Bhutan,2024,March,5
Bhutan,2024,April,
Bhutan,2024,May,5
Bhutan,2024,June,5
Bhutan,2024,July,5
Bhutan,2024,August,10
Bhutan,2024,September,5
Bhutan,2024,October,10
Bhutan,2024,November,5
Bhutan,2024,December,
Bhutan,2024,Total,70
Bhutan,2025,January,5
Bhutan,2025,February,10
Bhutan,2025,March,10
Bhutan,2025,April,5
Bhutan,2025,May,10
Bhutan,2025,June,10
Bhutan,2025,July,10
Bhutan,2025,August,20
Bhutan,2025,September,10
Bhutan,2025,October,5
Bhutan,2025,November,15
Bhutan,2025,December,5
Bhutan,2025,Total,115
Bhutan,2026,January,10
Bhutan,2026,February,10
Bhutan,2026,March,5
Bhutan,2026,April,10
Bhutan,2026,May,0
Bhutan,2026,Total,35
Bolivia,2023,January,10
Bolivia,2023,February,10
Bolivia,2023,March,15
Bolivia,2023,April,10
Bolivia,2023,May,15
Bolivia,2023,June,20
Bolivia,2023,July,10
Bolivia,2023,August,35
Bolivia,2023,September,20
Bolivia,2023,October,30
Bolivia,2023,November,35
Bolivia,2023,December,35
Bolivia,2023,Total,245
Bolivia,2024,January,10
Bolivia,2024,February,15
Bolivia,2024,March,30
Bolivia,2024,April,20
Bolivia,2024,May,20
Bolivia,2024,June,15
Bolivia,2024,July,30
Bolivia,2024,August,40
Bolivia,2024,September,20
Bolivia,2024,October,15
Bolivia,2024,November,15
Bolivia,2024,December,40
Bolivia,2024,Total,270
Bolivia,2025,January,20
Bolivia,2025,February,45
Bolivia,2025,March,55
Bolivia,2025,April,25
Bolivia,2025,May,25
Bolivia,2025,June,25
Bolivia,2025,July,20
Bolivia,2025,August,15
Bolivia,2025,September,15
Bolivia,2025,October,5
Bolivia,2025,November,15
Bolivia,2025,December,5
Bolivia,2025,Total,270
Bolivia,2026,January,10
Bolivia,2026,February,15
Bolivia,2026,March,5
Bolivia,2026,April,15
Bolivia,2026,May,
Bolivia,2026,Total,50
Bosnia-Hercegovina,2023,January,5
Bosnia-Hercegovina,2023,February,
Bosnia-Hercegovina,2023,March,10
Bosnia-Hercegovina,2023,April,
Bosnia-Hercegovina,2023,May,10
Bosnia-Hercegovina,2023,June,5
Bosnia-Hercegovina,2023,July,
Bosnia-Hercegovina,2023,August,0
Bosnia-Hercegovina,2023,September,
Bosnia-Hercegovina,2023,October,
Bosnia-Hercegovina,2023,November,5
Bosnia-Hercegovina,2023,December,
Bosnia-Hercegovina,2023,Total,60
Bosnia-Hercegovina,2024,January,
Bosnia-Hercegovina,2024,February,10
Bosnia-Hercegovina,2024,March,5
Bosnia-Hercegovina,2024,April,5
Bosnia-Hercegovina,2024,May,
Bosnia-Hercegovina,2024,June,10
Bosnia-Hercegovina,2024,July,
Bosnia-Hercegovina,2024,August,10
Bosnia-Hercegovina,2024,September,
Bosnia-Hercegovina,2024,October,
Bosnia-Hercegovina,2024,November,5
Bosnia-Hercegovina,2024,December,5
Bosnia-Hercegovina,2024,Total,70
Bosnia-Hercegovina,2025,January,0
Bosnia-Hercegovina,2025,February,
Bosnia-Hercegovina,2025,March,10
Bosnia-Hercegovina,2025,April,
Bosnia-Hercegovina,2025,May,10
Bosnia-Hercegovina,2025,June,
Bosnia-Hercegovina,2025,July,
Bosnia-Hercegovina,2025,August,5
Bosnia-Hercegovina,2025,September,
Bosnia-Hercegovina,2025,October,
Bosnia-Hercegovina,2025,November,5
Bosnia-Hercegovina,2025,December,
Bosnia-Hercegovina,2025,Total,45
Bosnia-Hercegovina,2026,January,5
Bosnia-Hercegovina,2026,February,0
Bosnia-Hercegovina,2026,March,
Bosnia-Hercegovina,2026,April,
Bosnia-Hercegovina,2026,May,
Bosnia-Hercegovina,2026,Total,10
"Botswana, Republic of",2023,January,
"Botswana, Republic of",2023,February,
"Botswana, Republic of",2023,March,5
"Botswana, Republic of",2023,April,
"Botswana, Republic of",2023,May,
"Botswana, Republic of",2023,June,
"Botswana, Republic of",2023,July,
"Botswana, Republic of",2023,August,5
"Botswana, Republic of",2023,September,5
"Botswana, Republic of",2023,October,
"Botswana, Republic of",2023,November,
"Botswana, Republic of",2023,December,
"Botswana, Republic of",2023,Total,40
"Botswana, Republic of",2024,January,5
"Botswana, Republic of",2024,February,5
"Botswana, Republic of",2024,March,0
"Botswana, Republic of",2024,April,
"Botswana, Republic of",2024,May,
"Botswana, Republic of",2024,June,5
"Botswana, Republic of",2024,July,
"Botswana, Republic of",2024,August,5
"Botswana, Republic of",2024,September,5
"Botswana, Republic of",2024,October,
"Botswana, Republic of",2024,November,
"Botswana, Republic of",2024,December,
"Botswana, Republic of",2024,Total,45
"Botswana, Republic of",2025,January,5
"Botswana, Republic of",2025,February,0
"Botswana, Republic of",2025,March,
"Botswana, Republic of",2025,April,0
"Botswana, Republic of",2025,May,0
"Botswana, Republic of",2025,June,
"Botswana, Republic of",2025,July,
"Botswana, Republic of",2025,August,
"Botswana, Republic of",2025,September,5
"Botswana, Republic of",2025,October,
"Botswana, Republic of",2025,November,0
"Botswana, Republic of",2025,December,0
"Botswana, Republic of",2025,Total,25
"Botswana, Republic of",2026,January,
"Botswana, Republic of",2026,February,
"Botswana, Republic of",2026,March,
"Botswana, Republic of",2026,April,
"Botswana, Republic of",2026,May,0
"Botswana, Republic of",2026,Total,10
Brazil,2023,January,475
Brazil,2023,February,370
Brazil,2023,March,570
Brazil,2023,April,465
Brazil,2023,May,610
Brazil,2023,June,580
Brazil,2023,July,550
Brazil,2023,August,605
Brazil,2023,September,520
Brazil,2023,October,545
Brazil,2023,November,505
Brazil,2023,December,635
Brazil,2023,Total,6425
Brazil,2024,January,645
Brazil,2024,February,600
Brazil,2024,March,540
Brazil,2024,April,620
Brazil,2024,May,585
Brazil,2024,June,765
Brazil,2024,July,795
Brazil,2024,August,750
Brazil,2024,September,775
Brazil,2024,October,610
Brazil,2024,November,495
Brazil,2024,December,430
Brazil,2024,Total,7610
Brazil,2025,January,410
Brazil,2025,February,450
Brazil,2025,March,505
Brazil,2025,April,420
Brazil,2025,May,430
Brazil,2025,June,440
Brazil,2025,July,415
Brazil,2025,August,465
Brazil,2025,September,515
Brazil,2025,October,565
Brazil,2025,November,435
Brazil,2025,December,370
Brazil,2025,Total,5420
Brazil,2026,January,365
Brazil,2026,February,400
Brazil,2026,March,400
Brazil,2026,April,375
Brazil,2026,May,250
Brazil,2026,Total,1790
Brunei,2023,January,0
Brunei,2023,February,0
Brunei,2023,March,0
Brunei,2023,April,0
Brunei,2023,May,
Brunei,2023,June,0
Brunei,2023,July,0
Brunei,2023,August,0
Brunei,2023,September,0
Brunei,2023,October,0
Brunei,2023,November,0
Brunei,2023,December,0
Brunei,2023,Total,
Brunei,2024,January,
Brunei,2024,February,0
Brunei,2024,March,0
Brunei,2024,April,
Brunei,2024,May,
Brunei,2024,June,0
Brunei,2024,July,0
Brunei,2024,August,0
Brunei,2024,September,0
Brunei,2024,October,0
Brunei,2024,November,0
Brunei,2024,December,0
Brunei,2024,Total,5
Brunei,2025,January,
Brunei,2025,February,
Brunei,2025,March,0
Brunei,2025,April,0
Brunei,2025,May,0
Brunei,2025,June,
Brunei,2025,July,0
Brunei,2025,August,
Brunei,2025,September,0
Brunei,2025,October,0
Brunei,2025,November,0
Brunei,2025,December,
Brunei,2025,Total,10
Brunei,2026,January,0
Brunei,2026,February,
Brunei,2026,March,
Brunei,2026,April,0
Brunei,2026,May,0
Brunei,2026,Total,
Bulgaria,2023,January,
Bulgaria,2023,February,
Bulgaria,2023,March,5
Bulgaria,2023,April,10
Bulgaria,2023,May,10
Bulgaria,2023,June,15
Bulgaria,2023,July,
Bulgaria,2023,August,5
Bulgaria,2023,September,10
Bulgaria,2023,October,10
Bulgaria,2023,November,5
Bulgaria,2023,December,30
Bulgaria,2023,Total,105
Bulgaria,2024,January,10
Bulgaria,2024,February,15
Bulgaria,2024,March,10
Bulgaria,2024,April,10
Bulgaria,2024,May,10
Bulgaria,2024,June,10
Bulgaria,2024,July,15
Bulgaria,2024,August,15
Bulgaria,2024,September,
Bulgaria,2024,October,5
Bulgaria,2024,November,5
Bulgaria,2024,December,0
Bulgaria,2024,Total,105
Bulgaria,2025,January,5
Bulgaria,2025,February,
Bulgaria,2025,March,5
Bulgaria,2025,April,5
Bulgaria,2025,May,
Bulgaria,2025,June,
Bulgaria,2025,July,
Bulgaria,2025,August,10
Bulgaria,2025,September,5
Bulgaria,2025,October,
Bulgaria,2025,November,
Bulgaria,2025,December,
Bulgaria,2025,Total,45
Bulgaria,2026,January,
Bulgaria,2026,February,
Bulgaria,2026,March,
Bulgaria,2026,April,
Bulgaria,2026,May,
Bulgaria,2026,Total,10
Burkina-Faso,2023,January,40
Burkina-Faso,2023,February,25
Burkina-Faso,2023,March,50
Burkina-Faso,2023,April,30
Burkina-Faso,2023,May,35
Burkina-Faso,2023,June,45
Burkina-Faso,2023,July,45
Burkina-Faso,2023,August,65
Burkina-Faso,2023,September,70
Burkina-Faso,2023,October,40
Burkina-Faso,2023,November,45
Burkina-Faso,2023,December,45
Burkina-Faso,2023,Total,530
Burkina-Faso,2024,January,45
Burkina-Faso,2024,February,80
Burkina-Faso,2024,March,70
Burkina-Faso,2024,April,80
Burkina-Faso,2024,May,60
Burkina-Faso,2024,June,55
Burkina-Faso,2024,July,90
Burkina-Faso,2024,August,155
Burkina-Faso,2024,September,85
Burkina-Faso,2024,October,105
Burkina-Faso,2024,November,80
Burkina-Faso,2024,December,90
Burkina-Faso,2024,Total,995
Burkina-Faso,2025,January,55
Burkina-Faso,2025,February,60
Burkina-Faso,2025,March,105
Burkina-Faso,2025,April,165
Burkina-Faso,2025,May,150
Burkina-Faso,2025,June,25
Burkina-Faso,2025,July,50
Burkina-Faso,2025,August,65
Burkina-Faso,2025,September,45
Burkina-Faso,2025,October,100
Burkina-Faso,2025,November,85
Burkina-Faso,2025,December,100
Burkina-Faso,2025,Total,1005
Burkina-Faso,2026,January,135
Burkina-Faso,2026,February,80
Burkina-Faso,2026,March,75
Burkina-Faso,2026,April,85
Burkina-Faso,2026,May,55
Burkina-Faso,2026,Total,425
Burundi,2023,January,65
Burundi,2023,February,55
Burundi,2023,March,110
Burundi,2023,April,85
Burundi,2023,May,135
Burundi,2023,June,85
Burundi,2023,July,135
Burundi,2023,August,175
Burundi,2023,September,135
Burundi,2023,October,120
Burundi,2023,November,160
Burundi,2023,December,200
Burundi,2023,Total,1460
Burundi,2024,January,110
Burundi,2024,February,75
Burundi,2024,March,210
Burundi,2024,April,225
Burundi,2024,May,130
Burundi,2024,June,160
Burundi,2024,July,185
Burundi,2024,August,165
Burundi,2024,September,155
Burundi,2024,October,220
Burundi,2024,November,175
Burundi,2024,December,150
Burundi,2024,Total,1960
Burundi,2025,January,165
Burundi,2025,February,140
Burundi,2025,March,185
Burundi,2025,April,340
Burundi,2025,May,270
Burundi,2025,June,90
Burundi,2025,July,215
Burundi,2025,August,145
Burundi,2025,September,125
Burundi,2025,October,145
Burundi,2025,November,115
Burundi,2025,December,155
Burundi,2025,Total,2095
Burundi,2026,January,130
Burundi,2026,February,140
Burundi,2026,March,125
Burundi,2026,April,135
Burundi,2026,May,170
Burundi,2026,Total,695
Cambodia,2023,January,10
Cambodia,2023,February,30
Cambodia,2023,March,20
Cambodia,2023,April,10
Cambodia,2023,May,20
Cambodia,2023,June,25
Cambodia,2023,July,15
Cambodia,2023,August,20
Cambodia,2023,September,15
Cambodia,2023,October,20
Cambodia,2023,November,20
Cambodia,2023,December,30
Cambodia,2023,Total,235
Cambodia,2024,January,30
Cambodia,2024,February,20
Cambodia,2024,March,30
Cambodia,2024,April,15
Cambodia,2024,May,20
Cambodia,2024,June,30
Cambodia,2024,July,30
Cambodia,2024,August,20
Cambodia,2024,September,10
Cambodia,2024,October,30
Cambodia,2024,November,20
Cambodia,2024,December,10
Cambodia,2024,Total,270
Cambodia,2025,January,10
Cambodia,2025,February,20
Cambodia,2025,March,20
Cambodia,2025,April,15
Cambodia,2025,May,15
Cambodia,2025,June,10
Cambodia,2025,July,20
Cambodia,2025,August,20
Cambodia,2025,September,15
Cambodia,2025,October,10
Cambodia,2025,November,10
Cambodia,2025,December,10
Cambodia,2025,Total,180
Cambodia,2026,January,10
Cambodia,2026,February,10
Cambodia,2026,March,15
Cambodia,2026,April,10
Cambodia,2026,May,5
Cambodia,2026,Total,45
Cape Verde Islands,2023,January,0
Cape Verde Islands,2023,February,0
Cape Verde Islands,2023,March,0
Cape Verde Islands,2023,April,0
Cape Verde Islands,2023,May,0
Cape Verde Islands,2023,June,0
Cape Verde Islands,2023,July,0
Cape Verde Islands,2023,August,
Cape Verde Islands,2023,September,0
Cape Verde Islands,2023,October,
Cape Verde Islands,2023,November,0
Cape Verde Islands,2023,December,
Cape Verde Islands,2023,Total,
Cape Verde Islands,2024,January,0
Cape Verde Islands,2024,February,0
Cape Verde Islands,2024,March,5
Cape Verde Islands,2024,April,
Cape Verde Islands,2024,May,0
Cape Verde Islands,2024,June,0
Cape Verde Islands,2024,July,0
Cape Verde Islands,2024,August,0
Cape Verde Islands,2024,September,0
Cape Verde Islands,2024,October,
Cape Verde Islands,2024,November,0
Cape Verde Islands,2024,December,0
Cape Verde Islands,2024,Total,10
Cape Verde Islands,2025,January,
Cape Verde Islands,2025,February,0
Cape Verde Islands,2025,March,
Cape Verde Islands,2025,April,
Cape Verde Islands,2025,May,5
Cape Verde Islands,2025,June,
Cape Verde Islands,2025,July,0
Cape Verde Islands,2025,August,0
Cape Verde Islands,2025,September,0
Cape Verde Islands,2025,October,
Cape Verde Islands,2025,November,0
Cape Verde Islands,2025,December,0
Cape Verde Islands,2025,Total,15
Cape Verde Islands,2026,January,
Cape Verde Islands,2026,February,0
Cape Verde Islands,2026,March,0
Cape Verde Islands,2026,April,0
Cape Verde Islands,2026,May,
Cape Verde Islands,2026,Total,
Central African Republic,2023,January,10
Central African Republic,2023,February,
Central African Republic,2023,March,20
Central African Republic,2023,April,5
Central African Republic,2023,May,30
Central African Republic,2023,June,45
Central African Republic,2023,July,15
Central African Republic,2023,August,25
Central African Republic,2023,September,35
Central African Republic,2023,October,20
Central African Republic,2023,November,20
Central African Republic,2023,December,35
Central African Republic,2023,Total,260
Central African Republic,2024,January,20
Central African Republic,2024,February,35
Central African Republic,2024,March,25
Central African Republic,2024,April,35
Central African Republic,2024,May,50
Central African Republic,2024,June,60
Central African Republic,2024,July,25
Central African Republic,2024,August,25
Central African Republic,2024,September,25
Central African Republic,2024,October,60
Central African Republic,2024,November,55
Central African Republic,2024,December,45
Central African Republic,2024,Total,460
Central African Republic,2025,January,
Central African Republic,2025,February,55
Central African Republic,2025,March,25
Central African Republic,2025,April,15
Central African Republic,2025,May,30
Central African Republic,2025,June,90
Central African Republic,2025,July,20
Central African Republic,2025,August,55
Central African Republic,2025,September,25
Central African Republic,2025,October,20
Central African Republic,2025,November,20
Central African Republic,2025,December,55
Central African Republic,2025,Total,415
Central African Republic,2026,January,10
Central African Republic,2026,February,70
Central African Republic,2026,March,60
Central African Republic,2026,April,95
Central African Republic,2026,May,30
Central African Republic,2026,Total,260
"Chad, Republic of",2023,January,10
"Chad, Republic of",2023,February,15
"Chad, Republic of",2023,March,50
"Chad, Republic of",2023,April,25
"Chad, Republic of",2023,May,25
"Chad, Republic of",2023,June,40
"Chad, Republic of",2023,July,20
"Chad, Republic of",2023,August,70
"Chad, Republic of",2023,September,50
"Chad, Republic of",2023,October,20
"Chad, Republic of",2023,November,45
"Chad, Republic of",2023,December,40
"Chad, Republic of",2023,Total,405
"Chad, Republic of",2024,January,40
"Chad, Republic of",2024,February,25
"Chad, Republic of",2024,March,60
"Chad, Republic of",2024,April,75
"Chad, Republic of",2024,May,45
"Chad, Republic of",2024,June,50
"Chad, Republic of",2024,July,45
"Chad, Republic of",2024,August,60
"Chad, Republic of",2024,September,60
"Chad, Republic of",2024,October,55
"Chad, Republic of",2024,November,45
"Chad, Republic of",2024,December,50
"Chad, Republic of",2024,Total,605
"Chad, Republic of",2025,January,45
"Chad, Republic of",2025,February,20
"Chad, Republic of",2025,March,35
"Chad, Republic of",2025,April,55
"Chad, Republic of",2025,May,65
"Chad, Republic of",2025,June,50
"Chad, Republic of",2025,July,60
"Chad, Republic of",2025,August,35
"Chad, Republic of",2025,September,30
"Chad, Republic of",2025,October,15
"Chad, Republic of",2025,November,40
"Chad, Republic of",2025,December,40
"Chad, Republic of",2025,Total,490
"Chad, Republic of",2026,January,15
"Chad, Republic of",2026,February,10
"Chad, Republic of",2026,March,20
"Chad, Republic of",2026,April,25
"Chad, Republic of",2026,May,15
"Chad, Republic of",2026,Total,85
Chile,2023,January,90
Chile,2023,February,75
Chile,2023,March,100
Chile,2023,April,75
Chile,2023,May,125
Chile,2023,June,85
Chile,2023,July,95
Chile,2023,August,90
Chile,2023,September,85
Chile,2023,October,95
Chile,2023,November,135
Chile,2023,December,135
Chile,2023,Total,1185
Chile,2024,January,100
Chile,2024,February,130
Chile,2024,March,115
Chile,2024,April,150
Chile,2024,May,135
Chile,2024,June,120
Chile,2024,July,155
Chile,2024,August,155
Chile,2024,September,180
Chile,2024,October,150
Chile,2024,November,115
Chile,2024,December,110
Chile,2024,Total,1620
Chile,2025,January,115
Chile,2025,February,115
Chile,2025,March,125
Chile,2025,April,125
Chile,2025,May,150
Chile,2025,June,100
Chile,2025,July,120
Chile,2025,August,140
Chile,2025,September,115
Chile,2025,October,90
Chile,2025,November,90
Chile,2025,December,70
Chile,2025,Total,1360
Chile,2026,January,65
Chile,2026,February,70
Chile,2026,March,70
Chile,2026,April,35
Chile,2026,May,35
Chile,2026,Total,275
Colombia,2023,January,435
Colombia,2023,February,490
Colombia,2023,March,625
Colombia,2023,April,515
Colombia,2023,May,630
Colombia,2023,June,505
Colombia,2023,July,555
Colombia,2023,August,645
Colombia,2023,September,510
Colombia,2023,October,605
Colombia,2023,November,4015
Colombia,2023,December,4790
Colombia,2023,Total,14320
Colombia,2024,January,585
Colombia,2024,February,655
Colombia,2024,March,750
Colombia,2024,April,745
Colombia,2024,May,620
Colombia,2024,June,720
Colombia,2024,July,870
Colombia,2024,August,845
Colombia,2024,September,825
Colombia,2024,October,770
Colombia,2024,November,670
Colombia,2024,December,645
Colombia,2024,Total,8695
Colombia,2025,January,710
Colombia,2025,February,720
Colombia,2025,March,785
Colombia,2025,April,670
Colombia,2025,May,625
Colombia,2025,June,505
Colombia,2025,July,495
Colombia,2025,August,645
Colombia,2025,September,635
Colombia,2025,October,460
Colombia,2025,November,390
Colombia,2025,December,255
Colombia,2025,Total,6895
Colombia,2026,January,340
Colombia,2026,February,355
Colombia,2026,March,355
Colombia,2026,April,300
Colombia,2026,May,230
Colombia,2026,Total,1575
Commonwealth of the Northern Mariana Islands,2023,January,0
Commonwealth of the Northern Mariana Islands,2023,February,0
Commonwealth of the Northern Mariana Islands,2023,March,0
Commonwealth of the Northern Mariana Islands,2023,April,0
Commonwealth of the Northern Mariana Islands,2023,May,0
Commonwealth of the Northern Mariana Islands,2023,June,0
Commonwealth of the Northern Mariana Islands,2023,July,0
Commonwealth of the Northern Mariana Islands,2023,August,
Commonwealth of the Northern Mariana Islands,2023,September,0
Commonwealth of the Northern Mariana Islands,2023,October,
Commonwealth of the Northern Mariana Islands,2023,November,0
Commonwealth of the Northern Mariana Islands,2023,December,0
Commonwealth of the Northern Mariana Islands,2023,Total,
Commonwealth of the Northern Mariana Islands,2024,January,0
Commonwealth of the Northern Mariana Islands,2024,February,0
Commonwealth of the Northern Mariana Islands,2024,March,
Commonwealth of the Northern Mariana Islands,2024,April,0
Commonwealth of the Northern Mariana Islands,2024,May,0
Commonwealth of the Northern Mariana Islands,2024,June,
Commonwealth of the Northern Mariana Islands,2024,July,0
Commonwealth of the Northern Mariana Islands,2024,August,0
Commonwealth of the Northern Mariana Islands,2024,September,
Commonwealth of the Northern Mariana Islands,2024,October,0
Commonwealth of the Northern Mariana Islands,2024,November,0
Commonwealth of the Northern Mariana Islands,2024,December,0
Commonwealth of the Northern Mariana Islands,2024,Total,
Commonwealth of the Northern Mariana Islands,2025,January,0
Commonwealth of the Northern Mariana Islands,2025,February,0
Commonwealth of the Northern Mariana Islands,2025,March,0
Commonwealth of the Northern Mariana Islands,2025,April,
Commonwealth of the Northern Mariana Islands,2025,May,0
Commonwealth of the Northern Mariana Islands,2025,June,0
Commonwealth of the Northern Mariana Islands,2025,July,0
Commonwealth of the Northern Mariana Islands,2025,August,0
Commonwealth of the Northern Mariana Islands,2025,September,0
Commonwealth of the Northern Mariana Islands,2025,October,0
Commonwealth of the Northern Mariana Islands,2025,November,0
Commonwealth of the Northern Mariana Islands,2025,December,0
Commonwealth of the Northern Mariana Islands,2025,Total,
Commonwealth of the Northern Mariana Islands,2026,January,0
Commonwealth of the Northern Mariana Islands,2026,February,0
Commonwealth of the Northern Mariana Islands,2026,March,0
Commonwealth of the Northern Mariana Islands,2026,April,0
Commonwealth of the Northern Mariana Islands,2026,May,0
Commonwealth of the Northern Mariana Islands,2026,Total,0
Comoros,2023,January,
Comoros,2023,February,
Comoros,2023,March,0
Comoros,2023,April,5
Comoros,2023,May,0
Comoros,2023,June,
Comoros,2023,July,
Comoros,2023,August,5
Comoros,2023,September,
Comoros,2023,October,
Comoros,2023,November,0
Comoros,2023,December,5
Comoros,2023,Total,30
Comoros,2024,January,
Comoros,2024,February,
Comoros,2024,March,
Comoros,2024,April,
Comoros,2024,May,0
Comoros,2024,June,0
Comoros,2024,July,
Comoros,2024,August,
Comoros,2024,September,
Comoros,2024,October,0
Comoros,2024,November,
Comoros,2024,December,
Comoros,2024,Total,20
Comoros,2025,January,
Comoros,2025,February,
Comoros,2025,March,10
Comoros,2025,April,
Comoros,2025,May,
Comoros,2025,June,10
Comoros,2025,July,0
Comoros,2025,August,0
Comoros,2025,September,
Comoros,2025,October,0
Comoros,2025,November,
Comoros,2025,December,5
Comoros,2025,Total,35
Comoros,2026,January,
Comoros,2026,February,0
Comoros,2026,March,
Comoros,2026,April,
Comoros,2026,May,5
Comoros,2026,Total,10
"Congo, Democratic Republic of the",2023,January,290
"Congo, Democratic Republic of the",2023,February,260
"Congo, Democratic Republic of the",2023,March,380
"Congo, Democratic Republic of the",2023,April,310
"Congo, Democratic Republic of the",2023,May,320
"Congo, Democratic Republic of the",2023,June,350
"Congo, Democratic Republic of the",2023,July,470
"Congo, Democratic Republic of the",2023,August,400
"Congo, Democratic Republic of the",2023,September,325
"Congo, Democratic Republic of the",2023,October,485
"Congo, Democratic Republic of the",2023,November,670
"Congo, Democratic Republic of the",2023,December,730
"Congo, Democratic Republic of the",2023,Total,4985
"Congo, Democratic Republic of the",2024,January,390
"Congo, Democratic Republic of the",2024,February,470
"Congo, Democratic Republic of the",2024,March,535
"Congo, Democratic Republic of the",2024,April,390
"Congo, Democratic Republic of the",2024,May,330
"Congo, Democratic Republic of the",2024,June,505
"Congo, Democratic Republic of the",2024,July,375
"Congo, Democratic Republic of the",2024,August,470
"Congo, Democratic Republic of the",2024,September,530
"Congo, Democratic Republic of the",2024,October,440
"Congo, Democratic Republic of the",2024,November,400
"Congo, Democratic Republic of the",2024,December,360
"Congo, Democratic Republic of the",2024,Total,5195
"Congo, Democratic Republic of the",2025,January,325
"Congo, Democratic Republic of the",2025,February,395
"Congo, Democratic Republic of the",2025,March,625
"Congo, Democratic Republic of the",2025,April,555
"Congo, Democratic Republic of the",2025,May,620
"Congo, Democratic Republic of the",2025,June,290
"Congo, Democratic Republic of the",2025,July,310
"Congo, Democratic Republic of the",2025,August,325
"Congo, Democratic Republic of the",2025,September,325
"Congo, Democratic Republic of the",2025,October,460
"Congo, Democratic Republic of the",2025,November,265
"Congo, Democratic Republic of the",2025,December,450
"Congo, Democratic Republic of the",2025,Total,4945
"Congo, Democratic Republic of the",2026,January,215
"Congo, Democratic Republic of the",2026,February,215
"Congo, Democratic Republic of the",2026,March,350
"Congo, Democratic Republic of the",2026,April,300
"Congo, Democratic Republic of the",2026,May,285
"Congo, Democratic Republic of the",2026,Total,1365
"Congo, People's Republic of the",2023,January,25
"Congo, People's Republic of the",2023,February,35
"Congo, People's Republic of the",2023,March,50
"Congo, People's Republic of the",2023,April,25
"Congo, People's Republic of the",2023,May,15
"Congo, People's Republic of the",2023,June,25
"Congo, People's Republic of the",2023,July,35
"Congo, People's Republic of the",2023,August,30
"Congo, People's Republic of the",2023,September,60
"Congo, People's Republic of the",2023,October,40
"Congo, People's Republic of the",2023,November,35
"Congo, People's Republic of the",2023,December,40
"Congo, People's Republic of the",2023,Total,415
"Congo, People's Republic of the",2024,January,30
"Congo, People's Republic of the",2024,February,30
"Congo, People's Republic of the",2024,March,55
"Congo, People's Republic of the",2024,April,40
"Congo, People's Republic of the",2024,May,50
"Congo, People's Republic of the",2024,June,40
"Congo, People's Republic of the",2024,July,35
"Congo, People's Republic of the",2024,August,55
"Congo, People's Republic of the",2024,September,45
"Congo, People's Republic of the",2024,October,55
"Congo, People's Republic of the",2024,November,40
"Congo, People's Republic of the",2024,December,30
"Congo, People's Republic of the",2024,Total,510
"Congo, People's Republic of the",2025,January,35
"Congo, People's Republic of the",2025,February,45
"Congo, People's Republic of the",2025,March,45
"Congo, People's Republic of the",2025,April,55
"Congo, People's Republic of the",2025,May,100
"Congo, People's Republic of the",2025,June,30
"Congo, People's Republic of the",2025,July,20
"Congo, People's Republic of the",2025,August,25
"Congo, People's Republic of the",2025,September,30
"Congo, People's Republic of the",2025,October,45
"Congo, People's Republic of the",2025,November,25
"Congo, People's Republic of the",2025,December,30
"Congo, People's Republic of the",2025,Total,480
"Congo, People's Republic of the",2026,January,20
"Congo, People's Republic of the",2026,February,20
"Congo, People's Republic of the",2026,March,15
"Congo, People's Republic of the",2026,April,45
"Congo, People's Republic of the",2026,May,20
"Congo, People's Republic of the",2026,Total,120
Costa Rica,2023,January,20
Costa Rica,2023,February,15
Costa Rica,2023,March,25
Costa Rica,2023,April,20
Costa Rica,2023,May,25
Costa Rica,2023,June,20
Costa Rica,2023,July,15
Costa Rica,2023,August,20
Costa Rica,2023,September,35
Costa Rica,2023,October,15
Costa Rica,2023,November,25
Costa Rica,2023,December,35
Costa Rica,2023,Total,275
Costa Rica,2024,January,10
Costa Rica,2024,February,20
Costa Rica,2024,March,30
Costa Rica,2024,April,40
Costa Rica,2024,May,20
Costa Rica,2024,June,30
Costa Rica,2024,July,20
Costa Rica,2024,August,30
Costa Rica,2024,September,35
Costa Rica,2024,October,25
Costa Rica,2024,November,25
Costa Rica,2024,December,20
Costa Rica,2024,Total,305
Costa Rica,2025,January,20
Costa Rica,2025,February,30
Costa Rica,2025,March,20
Costa Rica,2025,April,10
Costa Rica,2025,May,20
Costa Rica,2025,June,25
Costa Rica,2025,July,15
Costa Rica,2025,August,15
Costa Rica,2025,September,30
Costa Rica,2025,October,15
Costa Rica,2025,November,15
Costa Rica,2025,December,20
Costa Rica,2025,Total,240
Costa Rica,2026,January,25
Costa Rica,2026,February,20
Costa Rica,2026,March,25
Costa Rica,2026,April,20
Costa Rica,2026,May,10
Costa Rica,2026,Total,95
Croatia,2023,January,15
Croatia,2023,February,10
Croatia,2023,March,10
Croatia,2023,April,5
Croatia,2023,May,15
Croatia,2023,June,
Croatia,2023,July,15
Croatia,2023,August,10
Croatia,2023,September,5
Croatia,2023,October,10
Croatia,2023,November,5
Croatia,2023,December,20
Croatia,2023,Total,125
Croatia,2024,January,10
Croatia,2024,February,10
Croatia,2024,March,10
Croatia,2024,April,
Croatia,2024,May,10
Croatia,2024,June,5
Croatia,2024,July,10
Croatia,2024,August,10
Croatia,2024,September,15
Croatia,2024,October,5
Croatia,2024,November,10
Croatia,2024,December,
Croatia,2024,Total,100
Croatia,2025,January,5
Croatia,2025,February,10
Croatia,2025,March,
Croatia,2025,April,
Croatia,2025,May,10
Croatia,2025,June,
Croatia,2025,July,5
Croatia,2025,August,
Croatia,2025,September,
Croatia,2025,October,15
Croatia,2025,November,
Croatia,2025,December,5
Croatia,2025,Total,65
Croatia,2026,January,
Croatia,2026,February,
Croatia,2026,March,
Croatia,2026,April,
Croatia,2026,May,0
Croatia,2026,Total,10
Cuba,2023,January,135
Cuba,2023,February,110
Cuba,2023,March,155
Cuba,2023,April,75
Cuba,2023,May,120
Cuba,2023,June,100
Cuba,2023,July,115
Cuba,2023,August,125
Cuba,2023,September,90
Cuba,2023,October,125
Cuba,2023,November,170
Cuba,2023,December,185
Cuba,2023,Total,1500
Cuba,2024,January,115
Cuba,2024,February,100
Cuba,2024,March,115
Cuba,2024,April,185
Cuba,2024,May,125
Cuba,2024,June,160
Cuba,2024,July,200
Cuba,2024,August,155
Cuba,2024,September,105
Cuba,2024,October,125
Cuba,2024,November,110
Cuba,2024,December,115
Cuba,2024,Total,1615
Cuba,2025,January,120
Cuba,2025,February,120
Cuba,2025,March,140
Cuba,2025,April,105
Cuba,2025,May,110
Cuba,2025,June,90
Cuba,2025,July,65
Cuba,2025,August,80
Cuba,2025,September,105
Cuba,2025,October,110
Cuba,2025,November,80
Cuba,2025,December,75
Cuba,2025,Total,1190
Cuba,2026,January,65
Cuba,2026,February,85
Cuba,2026,March,65
Cuba,2026,April,40
Cuba,2026,May,15
Cuba,2026,Total,270
Cyprus,2023,January,
Cyprus,2023,February,0
Cyprus,2023,March,0
Cyprus,2023,April,
Cyprus,2023,May,
Cyprus,2023,June,
Cyprus,2023,July,
Cyprus,2023,August,
Cyprus,2023,September,0
Cyprus,2023,October,
Cyprus,2023,November,0
Cyprus,2023,December,5
Cyprus,2023,Total,20
Cyprus,2024,January,
Cyprus,2024,February,
Cyprus,2024,March,
Cyprus,2024,April,0
Cyprus,2024,May,0
Cyprus,2024,June,5
Cyprus,2024,July,
Cyprus,2024,August,
Cyprus,2024,September,5
Cyprus,2024,October,
Cyprus,2024,November,
Cyprus,2024,December,
Cyprus,2024,Total,25
Cyprus,2025,January,
Cyprus,2025,February,0
Cyprus,2025,March,
Cyprus,2025,April,0
Cyprus,2025,May,0
Cyprus,2025,June,0
Cyprus,2025,July,
Cyprus,2025,August,0
Cyprus,2025,September,5
Cyprus,2025,October,0
Cyprus,2025,November,0
Cyprus,2025,December,
Cyprus,2025,Total,10
Cyprus,2026,January,0
Cyprus,2026,February,0
Cyprus,2026,March,
Cyprus,2026,April,
Cyprus,2026,May,0
Cyprus,2026,Total,
Czech Republic,2023,January,25
Czech Republic,2023,February,20
Czech Republic,2023,March,30
Czech Republic,2023,April,15
Czech Republic,2023,May,35
Czech Republic,2023,June,20
Czech Republic,2023,July,10
Czech Republic,2023,August,15
Czech Republic,2023,September,15
Czech Republic,2023,October,5
Czech Republic,2023,November,15
Czech Republic,2023,December,15
Czech Republic,2023,Total,220
Czech Republic,2024,January,5
Czech Republic,2024,February,15
Czech Republic,2024,March,25
Czech Republic,2024,April,20
Czech Republic,2024,May,10
Czech Republic,2024,June,15
Czech Republic,2024,July,20
Czech Republic,2024,August,15
Czech Republic,2024,September,15
Czech Republic,2024,October,20
Czech Republic,2024,November,15
Czech Republic,2024,December,15
Czech Republic,2024,Total,200
Czech Republic,2025,January,10
Czech Republic,2025,February,10
Czech Republic,2025,March,20
Czech Republic,2025,April,10
Czech Republic,2025,May,5
Czech Republic,2025,June,10
Czech Republic,2025,July,10
Czech Republic,2025,August,10
Czech Republic,2025,September,15
Czech Republic,2025,October,15
Czech Republic,2025,November,10
Czech Republic,2025,December,5
Czech Republic,2025,Total,130
Czech Republic,2026,January,10
Czech Republic,2026,February,5
Czech Republic,2026,March,10
Czech Republic,2026,April,10
Czech Republic,2026,May,5
Czech Republic,2026,Total,40
Democratic Republic of Sudan,2023,January,75
Democratic Republic of Sudan,2023,February,35
Democratic Republic of Sudan,2023,March,105
Democratic Republic of Sudan,2023,April,75
Democratic Republic of Sudan,2023,May,205
Democratic Republic of Sudan,2023,June,140
Democratic Republic of Sudan,2023,July,145
Democratic Republic of Sudan,2023,August,275
Democratic Republic of Sudan,2023,September,200
Democratic Republic of Sudan,2023,October,225
Democratic Republic of Sudan,2023,November,280
Democratic Republic of Sudan,2023,December,280
Democratic Republic of Sudan,2023,Total,2040
Democratic Republic of Sudan,2024,January,215
Democratic Republic of Sudan,2024,February,3545
Democratic Republic of Sudan,2024,March,4260
Democratic Republic of Sudan,2024,April,815
Democratic Republic of Sudan,2024,May,155
Democratic Republic of Sudan,2024,June,200
Democratic Republic of Sudan,2024,July,200
Democratic Republic of Sudan,2024,August,275
Democratic Republic of Sudan,2024,September,230
Democratic Republic of Sudan,2024,October,385
Democratic Republic of Sudan,2024,November,640
Democratic Republic of Sudan,2024,December,490
Democratic Republic of Sudan,2024,Total,11410
Democratic Republic of Sudan,2025,January,125
Democratic Republic of Sudan,2025,February,2435
Democratic Republic of Sudan,2025,March,1550
Democratic Republic of Sudan,2025,April,835
Democratic Republic of Sudan,2025,May,495
Democratic Republic of Sudan,2025,June,440
Democratic Republic of Sudan,2025,July,510
Democratic Republic of Sudan,2025,August,390
Democratic Republic of Sudan,2025,September,390
Democratic Republic of Sudan,2025,October,495
Democratic Republic of Sudan,2025,November,230
Democratic Republic of Sudan,2025,December,305
Democratic Republic of Sudan,2025,Total,8210
Democratic Republic of Sudan,2026,January,135
Democratic Republic of Sudan,2026,February,325
Democratic Republic of Sudan,2026,March,405
Democratic Republic of Sudan,2026,April,290
Democratic Republic of Sudan,2026,May,295
Democratic Republic of Sudan,2026,Total,1450
Denmark,2023,January,10
Denmark,2023,February,
Denmark,2023,March,10
Denmark,2023,April,5
Denmark,2023,May,10
Denmark,2023,June,
Denmark,2023,July,10
Denmark,2023,August,10
Denmark,2023,September,
Denmark,2023,October,5
Denmark,2023,November,5
Denmark,2023,December,
Denmark,2023,Total,70
Denmark,2024,January,5
Denmark,2024,February,5
Denmark,2024,March,10
Denmark,2024,April,5
Denmark,2024,May,5
Denmark,2024,June,5
Denmark,2024,July,
Denmark,2024,August,
Denmark,2024,September,
Denmark,2024,October,5
Denmark,2024,November,5
Denmark,2024,December,
Denmark,2024,Total,60
Denmark,2025,January,10
Denmark,2025,February,5
Denmark,2025,March,5
Denmark,2025,April,5
Denmark,2025,May,10
Denmark,2025,June,10
Denmark,2025,July,5
Denmark,2025,August,
Denmark,2025,September,5
Denmark,2025,October,10
Denmark,2025,November,
Denmark,2025,December,5
Denmark,2025,Total,75
Denmark,2026,January,
Denmark,2026,February,
Denmark,2026,March,5
Denmark,2026,April,
Denmark,2026,May,0
Denmark,2026,Total,10
Dominica,2023,January,5
Dominica,2023,February,5
Dominica,2023,March,10
Dominica,2023,April,5
Dominica,2023,May,15
Dominica,2023,June,
Dominica,2023,July,
Dominica,2023,August,
Dominica,2023,September,10
Dominica,2023,October,0
Dominica,2023,November,10
Dominica,2023,December,5
Dominica,2023,Total,70
Dominica,2024,January,
Dominica,2024,February,
Dominica,2024,March,5
Dominica,2024,April,
Dominica,2024,May,
Dominica,2024,June,
Dominica,2024,July,
Dominica,2024,August,10
Dominica,2024,September,
Dominica,2024,October,
Dominica,2024,November,0
Dominica,2024,December,10
Dominica,2024,Total,45
Dominica,2025,January,
Dominica,2025,February,5
Dominica,2025,March,0
Dominica,2025,April,5
Dominica,2025,May,
Dominica,2025,June,0
Dominica,2025,July,
Dominica,2025,August,
Dominica,2025,September,5
Dominica,2025,October,
Dominica,2025,November,10
Dominica,2025,December,
Dominica,2025,Total,40
Dominica,2026,January,5
Dominica,2026,February,
Dominica,2026,March,
Dominica,2026,April,
Dominica,2026,May,0
Dominica,2026,Total,15
Dominican Republic,2023,January,70
Dominican Republic,2023,February,65
Dominican Republic,2023,March,90
Dominican Republic,2023,April,85
Dominican Republic,2023,May,95
Dominican Republic,2023,June,60
Dominican Republic,2023,July,90
Dominican Republic,2023,August,85
Dominican Republic,2023,September,110
Dominican Republic,2023,October,95
Dominican Republic,2023,November,105
Dominican Republic,2023,December,150
Dominican Republic,2023,Total,1100
Dominican Republic,2024,January,90
Dominican Republic,2024,February,95
Dominican Republic,2024,March,135
Dominican Republic,2024,April,105
Dominican Republic,2024,May,100
Dominican Republic,2024,June,85
Dominican Republic,2024,July,120
Dominican Republic,2024,August,120
Dominican Republic,2024,September,110
Dominican Republic,2024,October,125
Dominican Republic,2024,November,105
Dominican Republic,2024,December,90
Dominican Republic,2024,Total,1280
Dominican Republic,2025,January,100
Dominican Republic,2025,February,100
Dominican Republic,2025,March,110
Dominican Republic,2025,April,75
Dominican Republic,2025,May,90
Dominican Republic,2025,June,95
Dominican Republic,2025,July,75
Dominican Republic,2025,August,95
Dominican Republic,2025,September,85
Dominican Republic,2025,October,80
Dominican Republic,2025,November,65
Dominican Republic,2025,December,75
Dominican Republic,2025,Total,1045
Dominican Republic,2026,January,50
Dominican Republic,2026,February,60
Dominican Republic,2026,March,75
Dominican Republic,2026,April,35
Dominican Republic,2026,May,15
Dominican Republic,2026,Total,235
"East Timor, Democratic Republic of",2023,January,0
"East Timor, Democratic Republic of",2023,February,0
"East Timor, Democratic Republic of",2023,March,0
"East Timor, Democratic Republic of",2023,April,0
"East Timor, Democratic Republic of",2023,May,
"East Timor, Democratic Republic of",2023,June,0
"East Timor, Democratic Republic of",2023,July,0
"East Timor, Democratic Republic of",2023,August,0
"East Timor, Democratic Republic of",2023,September,0
"East Timor, Democratic Republic of",2023,October,0
"East Timor, Democratic Republic of",2023,November,
"East Timor, Democratic Republic of",2023,December,0
"East Timor, Democratic Republic of",2023,Total,
"East Timor, Democratic Republic of",2024,January,0
"East Timor, Democratic Republic of",2024,February,0
"East Timor, Democratic Republic of",2024,March,0
"East Timor, Democratic Republic of",2024,April,0
"East Timor, Democratic Republic of",2024,May,0
"East Timor, Democratic Republic of",2024,June,0
"East Timor, Democratic Republic of",2024,July,0
"East Timor, Democratic Republic of",2024,August,0
"East Timor, Democratic Republic of",2024,September,0
"East Timor, Democratic Republic of",2024,October,
"East Timor, Democratic Republic of",2024,November,0
"East Timor, Democratic Republic of",2024,December,0
"East Timor, Democratic Republic of",2024,Total,
"East Timor, Democratic Republic of",2025,January,0
"East Timor, Democratic Republic of",2025,February,0
"East Timor, Democratic Republic of",2025,March,0
"East Timor, Democratic Republic of",2025,April,0
"East Timor, Democratic Republic of",2025,May,0
"East Timor, Democratic Republic of",2025,June,0
"East Timor, Democratic Republic of",2025,July,0
"East Timor, Democratic Republic of",2025,August,0
"East Timor, Democratic Republic of",2025,September,0
"East Timor, Democratic Republic of",2025,October,0
"East Timor, Democratic Republic of",2025,November,0
"East Timor, Democratic Republic of",2025,December,0
"East Timor, Democratic Republic of",2025,Total,0
"East Timor, Democratic Republic of",2026,January,
"East Timor, Democratic Republic of",2026,February,0
"East Timor, Democratic Republic of",2026,March,0
"East Timor, Democratic Republic of",2026,April,0
"East Timor, Democratic Republic of",2026,May,0
"East Timor, Democratic Republic of",2026,Total,
Ecuador,2023,January,90
Ecuador,2023,February,50
Ecuador,2023,March,75
Ecuador,2023,April,65
Ecuador,2023,May,50
Ecuador,2023,June,65
Ecuador,2023,July,60
Ecuador,2023,August,45
Ecuador,2023,September,75
Ecuador,2023,October,60
Ecuador,2023,November,70
Ecuador,2023,December,125
Ecuador,2023,Total,830
Ecuador,2024,January,55
Ecuador,2024,February,60
Ecuador,2024,March,80
Ecuador,2024,April,75
Ecuador,2024,May,65
Ecuador,2024,June,70
Ecuador,2024,July,115
Ecuador,2024,August,105
Ecuador,2024,September,80
Ecuador,2024,October,70
Ecuador,2024,November,90
Ecuador,2024,December,60
Ecuador,2024,Total,925
Ecuador,2025,January,85
Ecuador,2025,February,80
Ecuador,2025,March,85
Ecuador,2025,April,70
Ecuador,2025,May,55
Ecuador,2025,June,45
Ecuador,2025,July,70
Ecuador,2025,August,75
Ecuador,2025,September,60
Ecuador,2025,October,70
Ecuador,2025,November,50
Ecuador,2025,December,30
Ecuador,2025,Total,775
Ecuador,2026,January,50
Ecuador,2026,February,75
Ecuador,2026,March,65
Ecuador,2026,April,40
Ecuador,2026,May,30
Ecuador,2026,Total,265
Egypt,2023,January,155
Egypt,2023,February,205
Egypt,2023,March,260
Egypt,2023,April,175
Egypt,2023,May,285
Egypt,2023,June,250
Egypt,2023,July,210
Egypt,2023,August,250
Egypt,2023,September,215
Egypt,2023,October,245
Egypt,2023,November,230
Egypt,2023,December,405
Egypt,2023,Total,2890
Egypt,2024,January,215
Egypt,2024,February,180
Egypt,2024,March,290
Egypt,2024,April,220
Egypt,2024,May,170
Egypt,2024,June,185
Egypt,2024,July,305
Egypt,2024,August,280
Egypt,2024,September,255
Egypt,2024,October,225
Egypt,2024,November,225
Egypt,2024,December,250
Egypt,2024,Total,2805
Egypt,2025,January,215
Egypt,2025,February,145
Egypt,2025,March,180
Egypt,2025,April,190
Egypt,2025,May,220
Egypt,2025,June,145
Egypt,2025,July,110
Egypt,2025,August,170
Egypt,2025,September,205
Egypt,2025,October,145
Egypt,2025,November,160
Egypt,2025,December,160
Egypt,2025,Total,2050
Egypt,2026,January,120
Egypt,2026,February,105
Egypt,2026,March,135
Egypt,2026,April,160
Egypt,2026,May,65
Egypt,2026,Total,590
El Salvador,2023,January,35
El Salvador,2023,February,55
El Salvador,2023,March,65
El Salvador,2023,April,55
El Salvador,2023,May,60
El Salvador,2023,June,60
El Salvador,2023,July,90
El Salvador,2023,August,60
El Salvador,2023,September,40
El Salvador,2023,October,50
El Salvador,2023,November,110
El Salvador,2023,December,105
El Salvador,2023,Total,780
El Salvador,2024,January,60
El Salvador,2024,February,45
El Salvador,2024,March,45
El Salvador,2024,April,50
El Salvador,2024,May,45
El Salvador,2024,June,75
El Salvador,2024,July,55
El Salvador,2024,August,65
El Salvador,2024,September,60
El Salvador,2024,October,55
El Salvador,2024,November,45
El Salvador,2024,December,60
El Salvador,2024,Total,655
El Salvador,2025,January,65
El Salvador,2025,February,55
El Salvador,2025,March,55
El Salvador,2025,April,50
El Salvador,2025,May,45
El Salvador,2025,June,35
El Salvador,2025,July,40
El Salvador,2025,August,40
El Salvador,2025,September,40
El Salvador,2025,October,30
El Salvador,2025,November,35
El Salvador,2025,December,25
El Salvador,2025,Total,505
El Salvador,2026,January,30
El Salvador,2026,February,25
El Salvador,2026,March,25
El Salvador,2026,April,15
El Salvador,2026,May,20
El Salvador,2026,Total,120
Equatorial Guinea,2023,January,0
Equatorial Guinea,2023,February,0
Equatorial Guinea,2023,March,
Equatorial Guinea,2023,April,0
Equatorial Guinea,2023,May,0
Equatorial Guinea,2023,June,
Equatorial Guinea,2023,July,0
Equatorial Guinea,2023,August,0
Equatorial Guinea,2023,September,
Equatorial Guinea,2023,October,0
Equatorial Guinea,2023,November,0
Equatorial Guinea,2023,December,0
Equatorial Guinea,2023,Total,
Equatorial Guinea,2024,January,0
Equatorial Guinea,2024,February,0
Equatorial Guinea,2024,March,0
Equatorial Guinea,2024,April,0
Equatorial Guinea,2024,May,0
Equatorial Guinea,2024,June,
Equatorial Guinea,2024,July,0
Equatorial Guinea,2024,August,
Equatorial Guinea,2024,September,0
Equatorial Guinea,2024,October,
Equatorial Guinea,2024,November,0
Equatorial Guinea,2024,December,
Equatorial Guinea,2024,Total,5
Equatorial Guinea,2025,January,0
Equatorial Guinea,2025,February,0
Equatorial Guinea,2025,March,0
Equatorial Guinea,2025,April,
Equatorial Guinea,2025,May,
Equatorial Guinea,2025,June,0
Equatorial Guinea,2025,July,0
Equatorial Guinea,2025,August,
Equatorial Guinea,2025,September,0
Equatorial Guinea,2025,October,0
Equatorial Guinea,2025,November,0
Equatorial Guinea,2025,December,0
Equatorial Guinea,2025,Total,
Equatorial Guinea,2026,January,0
Equatorial Guinea,2026,February,0
Equatorial Guinea,2026,March,0
Equatorial Guinea,2026,April,5
Equatorial Guinea,2026,May,0
Equatorial Guinea,2026,Total,5
Eritrea,2023,January,1070
Eritrea,2023,February,805
Eritrea,2023,March,1120
Eritrea,2023,April,1155
Eritrea,2023,May,1075
Eritrea,2023,June,1155
Eritrea,2023,July,1335
Eritrea,2023,August,1325
Eritrea,2023,September,1395
Eritrea,2023,October,1480
Eritrea,2023,November,1390
Eritrea,2023,December,2425
Eritrea,2023,Total,15720
Eritrea,2024,January,535
Eritrea,2024,February,805
Eritrea,2024,March,1375
Eritrea,2024,April,1215
Eritrea,2024,May,1060
Eritrea,2024,June,930
Eritrea,2024,July,1405
Eritrea,2024,August,1320
Eritrea,2024,September,1205
Eritrea,2024,October,1345
Eritrea,2024,November,1330
Eritrea,2024,December,1535
Eritrea,2024,Total,14050
Eritrea,2025,January,370
Eritrea,2025,February,935
Eritrea,2025,March,1090
Eritrea,2025,April,865
Eritrea,2025,May,780
Eritrea,2025,June,635
Eritrea,2025,July,460
Eritrea,2025,August,560
Eritrea,2025,September,490
Eritrea,2025,October,585
Eritrea,2025,November,525
Eritrea,2025,December,610
Eritrea,2025,Total,7900
Eritrea,2026,January,175
Eritrea,2026,February,300
Eritrea,2026,March,380
Eritrea,2026,April,260
Eritrea,2026,May,260
Eritrea,2026,Total,1380
Estonia,2023,January,
Estonia,2023,February,
Estonia,2023,March,0
Estonia,2023,April,
Estonia,2023,May,
Estonia,2023,June,
Estonia,2023,July,
Estonia,2023,August,0
Estonia,2023,September,
Estonia,2023,October,
Estonia,2023,November,
Estonia,2023,December,
Estonia,2023,Total,20
Estonia,2024,January,
Estonia,2024,February,
Estonia,2024,March,0
Estonia,2024,April,
Estonia,2024,May,
Estonia,2024,June,0
Estonia,2024,July,
Estonia,2024,August,5
Estonia,2024,September,
Estonia,2024,October,
Estonia,2024,November,
Estonia,2024,December,
Estonia,2024,Total,25
Estonia,2025,January,
Estonia,2025,February,
Estonia,2025,March,0
Estonia,2025,April,
Estonia,2025,May,
Estonia,2025,June,
Estonia,2025,July,0
Estonia,2025,August,0
Estonia,2025,September,0
Estonia,2025,October,0
Estonia,2025,November,
Estonia,2025,December,
Estonia,2025,Total,10
Estonia,2026,January,
Estonia,2026,February,
Estonia,2026,March,
Estonia,2026,April,0
Estonia,2026,May,0
Estonia,2026,Total,10
Ethiopia,2023,January,425
Ethiopia,2023,February,405
Ethiopia,2023,March,505
Ethiopia,2023,April,355
Ethiopia,2023,May,420
Ethiopia,2023,June,565
Ethiopia,2023,July,530
Ethiopia,2023,August,540
Ethiopia,2023,September,450
Ethiopia,2023,October,560
Ethiopia,2023,November,915
Ethiopia,2023,December,1175
Ethiopia,2023,Total,6845
Ethiopia,2024,January,365
Ethiopia,2024,February,420
Ethiopia,2024,March,480
Ethiopia,2024,April,500
Ethiopia,2024,May,435
Ethiopia,2024,June,400
Ethiopia,2024,July,610
Ethiopia,2024,August,665
Ethiopia,2024,September,635
Ethiopia,2024,October,900
Ethiopia,2024,November,1250
Ethiopia,2024,December,1150
Ethiopia,2024,Total,7805
Ethiopia,2025,January,420
Ethiopia,2025,February,440
Ethiopia,2025,March,495
Ethiopia,2025,April,510
Ethiopia,2025,May,575
Ethiopia,2025,June,380
Ethiopia,2025,July,385
Ethiopia,2025,August,340
Ethiopia,2025,September,465
Ethiopia,2025,October,635
Ethiopia,2025,November,595
Ethiopia,2025,December,440
Ethiopia,2025,Total,5680
Ethiopia,2026,January,170
Ethiopia,2026,February,200
Ethiopia,2026,March,225
Ethiopia,2026,April,135
Ethiopia,2026,May,110
Ethiopia,2026,Total,835
Federal Republic of Cameroon,2023,January,1185
Federal Republic of Cameroon,2023,February,895
Federal Republic of Cameroon,2023,March,1395
Federal Republic of Cameroon,2023,April,850
Federal Republic of Cameroon,2023,May,1310
Federal Republic of Cameroon,2023,June,1325
Federal Republic of Cameroon,2023,July,1655
Federal Republic of Cameroon,2023,August,3155
Federal Republic of Cameroon,2023,September,3735
Federal Republic of Cameroon,2023,October,1440
Federal Republic of Cameroon,2023,November,1430
Federal Republic of Cameroon,2023,December,1955
Federal Republic of Cameroon,2023,Total,20325
Federal Republic of Cameroon,2024,January,1425
Federal Republic of Cameroon,2024,February,2105
Federal Republic of Cameroon,2024,March,5650
Federal Republic of Cameroon,2024,April,3865
Federal Republic of Cameroon,2024,May,1960
Federal Republic of Cameroon,2024,June,1610
Federal Republic of Cameroon,2024,July,1895
Federal Republic of Cameroon,2024,August,3775
Federal Republic of Cameroon,2024,September,3905
Federal Republic of Cameroon,2024,October,3065
Federal Republic of Cameroon,2024,November,2075
Federal Republic of Cameroon,2024,December,1505
Federal Republic of Cameroon,2024,Total,32835
Federal Republic of Cameroon,2025,January,1830
Federal Republic of Cameroon,2025,February,1380
Federal Republic of Cameroon,2025,March,3510
Federal Republic of Cameroon,2025,April,9390
Federal Republic of Cameroon,2025,May,10640
Federal Republic of Cameroon,2025,June,1155
Federal Republic of Cameroon,2025,July,1035
Federal Republic of Cameroon,2025,August,1075
Federal Republic of Cameroon,2025,September,1685
Federal Republic of Cameroon,2025,October,4630
Federal Republic of Cameroon,2025,November,4360
Federal Republic of Cameroon,2025,December,8310
Federal Republic of Cameroon,2025,Total,48995
Federal Republic of Cameroon,2026,January,6145
Federal Republic of Cameroon,2026,February,6240
Federal Republic of Cameroon,2026,March,3830
Federal Republic of Cameroon,2026,April,7570
Federal Republic of Cameroon,2026,May,5985
Federal Republic of Cameroon,2026,Total,29775
Federal Republic of Germany,2023,January,70
Federal Republic of Germany,2023,February,75
Federal Republic of Germany,2023,March,115
Federal Republic of Germany,2023,April,80
Federal Republic of Germany,2023,May,110
Federal Republic of Germany,2023,June,75
Federal Republic of Germany,2023,July,90
Federal Republic of Germany,2023,August,100
Federal Republic of Germany,2023,September,95
Federal Republic of Germany,2023,October,80
Federal Republic of Germany,2023,November,120
Federal Republic of Germany,2023,December,90
Federal Republic of Germany,2023,Total,1095
Federal Republic of Germany,2024,January,95
Federal Republic of Germany,2024,February,75
Federal Republic of Germany,2024,March,80
Federal Republic of Germany,2024,April,105
Federal Republic of Germany,2024,May,80
Federal Republic of Germany,2024,June,65
Federal Republic of Germany,2024,July,95
Federal Republic of Germany,2024,August,95
Federal Republic of Germany,2024,September,125
Federal Republic of Germany,2024,October,100
Federal Republic of Germany,2024,November,80
Federal Republic of Germany,2024,December,70
Federal Republic of Germany,2024,Total,1060
Federal Republic of Germany,2025,January,75
Federal Republic of Germany,2025,February,90
Federal Republic of Germany,2025,March,70
Federal Republic of Germany,2025,April,90
Federal Republic of Germany,2025,May,85
Federal Republic of Germany,2025,June,50
Federal Republic of Germany,2025,July,65
Federal Republic of Germany,2025,August,80
Federal Republic of Germany,2025,September,50
Federal Republic of Germany,2025,October,80
Federal Republic of Germany,2025,November,55
Federal Republic of Germany,2025,December,60
Federal Republic of Germany,2025,Total,855
Federal Republic of Germany,2026,January,80
Federal Republic of Germany,2026,February,75
Federal Republic of Germany,2026,March,70
Federal Republic of Germany,2026,April,45
Federal Republic of Germany,2026,May,35
Federal Republic of Germany,2026,Total,300
Federated States of Micronesia,2023,January,
Federated States of Micronesia,2023,February,0
Federated States of Micronesia,2023,March,0
Federated States of Micronesia,2023,April,0
Federated States of Micronesia,2023,May,0
Federated States of Micronesia,2023,June,
Federated States of Micronesia,2023,July,0
Federated States of Micronesia,2023,August,0
Federated States of Micronesia,2023,September,0
Federated States of Micronesia,2023,October,0
Federated States of Micronesia,2023,November,0
Federated States of Micronesia,2023,December,0
Federated States of Micronesia,2023,Total,
Federated States of Micronesia,2024,January,
Federated States of Micronesia,2024,February,0
Federated States of Micronesia,2024,March,0
Federated States of Micronesia,2024,April,0
Federated States of Micronesia,2024,May,0
Federated States of Micronesia,2024,June,0
Federated States of Micronesia,2024,July,0
Federated States of Micronesia,2024,August,0
Federated States of Micronesia,2024,September,0
Federated States of Micronesia,2024,October,0
Federated States of Micronesia,2024,November,
Federated States of Micronesia,2024,December,0
Federated States of Micronesia,2024,Total,
Federated States of Micronesia,2025,January,0
Federated States of Micronesia,2025,February,
Federated States of Micronesia,2025,March,0
Federated States of Micronesia,2025,April,0
Federated States of Micronesia,2025,May,0
Federated States of Micronesia,2025,June,0
Federated States of Micronesia,2025,July,0
Federated States of Micronesia,2025,August,0
Federated States of Micronesia,2025,September,0
Federated States of Micronesia,2025,October,0
Federated States of Micronesia,2025,November,0
Federated States of Micronesia,2025,December,0
Federated States of Micronesia,2025,Total,
Federated States of Micronesia,2026,January,0
Federated States of Micronesia,2026,February,0
Federated States of Micronesia,2026,March,0
Federated States of Micronesia,2026,April,0
Federated States of Micronesia,2026,May,0
Federated States of Micronesia,2026,Total,0
Fiji,2023,January,10
Fiji,2023,February,
Fiji,2023,March,5
Fiji,2023,April,5
Fiji,2023,May,5
Fiji,2023,June,
Fiji,2023,July,10
Fiji,2023,August,20
Fiji,2023,September,5
Fiji,2023,October,10
Fiji,2023,November,20
Fiji,2023,December,20
Fiji,2023,Total,120
Fiji,2024,January,5
Fiji,2024,February,10
Fiji,2024,March,10
Fiji,2024,April,10
Fiji,2024,May,
Fiji,2024,June,15
Fiji,2024,July,25
Fiji,2024,August,10
Fiji,2024,September,
Fiji,2024,October,10
Fiji,2024,November,5
Fiji,2024,December,10
Fiji,2024,Total,120
Fiji,2025,January,5
Fiji,2025,February,10
Fiji,2025,March,
Fiji,2025,April,5
Fiji,2025,May,
Fiji,2025,June,5
Fiji,2025,July,
Fiji,2025,August,5
Fiji,2025,September,5
Fiji,2025,October,10
Fiji,2025,November,5
Fiji,2025,December,5
Fiji,2025,Total,70
Fiji,2026,January,
Fiji,2026,February,
Fiji,2026,March,
Fiji,2026,April,
Fiji,2026,May,0
Fiji,2026,Total,15
Finland,2023,January,
Finland,2023,February,10
Finland,2023,March,10
Finland,2023,April,
Finland,2023,May,10
Finland,2023,June,5
Finland,2023,July,
Finland,2023,August,10
Finland,2023,September,5
Finland,2023,October,15
Finland,2023,November,5
Finland,2023,December,10
Finland,2023,Total,85
Finland,2024,January,
Finland,2024,February,10
Finland,2024,March,10
Finland,2024,April,
Finland,2024,May,20
Finland,2024,June,
Finland,2024,July,10
Finland,2024,August,5
Finland,2024,September,25
Finland,2024,October,5
Finland,2024,November,
Finland,2024,December,
Finland,2024,Total,110
Finland,2025,January,5
Finland,2025,February,
Finland,2025,March,
Finland,2025,April,5
Finland,2025,May,10
Finland,2025,June,10
Finland,2025,July,5
Finland,2025,August,5
Finland,2025,September,5
Finland,2025,October,
Finland,2025,November,10
Finland,2025,December,0
Finland,2025,Total,70
Finland,2026,January,
Finland,2026,February,10
Finland,2026,March,
Finland,2026,April,
Finland,2026,May,5
Finland,2026,Total,25
France,2023,January,810
France,2023,February,785
France,2023,March,945
France,2023,April,640
France,2023,May,715
France,2023,June,630
France,2023,July,760
France,2023,August,990
France,2023,September,915
France,2023,October,885
France,2023,November,800
France,2023,December,770
France,2023,Total,9640
France,2024,January,660
France,2024,February,835
France,2024,March,1075
France,2024,April,895
France,2024,May,775
France,2024,June,845
France,2024,July,1160
France,2024,August,1480
France,2024,September,1320
France,2024,October,1180
France,2024,November,1105
France,2024,December,775
France,2024,Total,12105
France,2025,January,1090
France,2025,February,985
France,2025,March,1245
France,2025,April,1245
France,2025,May,1125
France,2025,June,760
France,2025,July,705
France,2025,August,935
France,2025,September,875
France,2025,October,940
France,2025,November,840
France,2025,December,775
France,2025,Total,11525
France,2026,January,610
France,2026,February,495
France,2026,March,665
France,2026,April,575
France,2026,May,350
France,2026,Total,2700
Gabon Republic,2023,January,10
Gabon Republic,2023,February,15
Gabon Republic,2023,March,
Gabon Republic,2023,April,10
Gabon Republic,2023,May,5
Gabon Republic,2023,June,15
Gabon Republic,2023,July,10
Gabon Republic,2023,August,25
Gabon Republic,2023,September,20
Gabon Republic,2023,October,10
Gabon Republic,2023,November,5
Gabon Republic,2023,December,
Gabon Republic,2023,Total,130
Gabon Republic,2024,January,15
Gabon Republic,2024,February,20
Gabon Republic,2024,March,35
Gabon Republic,2024,April,20
Gabon Republic,2024,May,10
Gabon Republic,2024,June,15
Gabon Republic,2024,July,15
Gabon Republic,2024,August,20
Gabon Republic,2024,September,15
Gabon Republic,2024,October,15
Gabon Republic,2024,November,10
Gabon Republic,2024,December,20
Gabon Republic,2024,Total,215
Gabon Republic,2025,January,10
Gabon Republic,2025,February,15
Gabon Republic,2025,March,35
Gabon Republic,2025,April,30
Gabon Republic,2025,May,15
Gabon Republic,2025,June,
Gabon Republic,2025,July,15
Gabon Republic,2025,August,
Gabon Republic,2025,September,10
Gabon Republic,2025,October,10
Gabon Republic,2025,November,5
Gabon Republic,2025,December,10
Gabon Republic,2025,Total,165
Gabon Republic,2026,January,15
Gabon Republic,2026,February,15
Gabon Republic,2026,March,10
Gabon Republic,2026,April,30
Gabon Republic,2026,May,15
Gabon Republic,2026,Total,80
Gambia,2023,January,15
Gambia,2023,February,10
Gambia,2023,March,25
Gambia,2023,April,5
Gambia,2023,May,15
Gambia,2023,June,15
Gambia,2023,July,10
Gambia,2023,August,15
Gambia,2023,September,10
Gambia,2023,October,25
Gambia,2023,November,5
Gambia,2023,December,25
Gambia,2023,Total,170
Gambia,2024,January,25
Gambia,2024,February,20
Gambia,2024,March,10
Gambia,2024,April,20
Gambia,2024,May,20
Gambia,2024,June,10
Gambia,2024,July,30
Gambia,2024,August,20
Gambia,2024,September,25
Gambia,2024,October,30
Gambia,2024,November,25
Gambia,2024,December,20
Gambia,2024,Total,250
Gambia,2025,January,15
Gambia,2025,February,25
Gambia,2025,March,25
Gambia,2025,April,30
Gambia,2025,May,30
Gambia,2025,June,25
Gambia,2025,July,40
Gambia,2025,August,25
Gambia,2025,September,30
Gambia,2025,October,15
Gambia,2025,November,5
Gambia,2025,December,10
Gambia,2025,Total,275
Gambia,2026,January,
Gambia,2026,February,10
Gambia,2026,March,10
Gambia,2026,April,10
Gambia,2026,May,5
Gambia,2026,Total,35
Georgia,2023,January,15
Georgia,2023,February,30
Georgia,2023,March,40
Georgia,2023,April,35
Georgia,2023,May,30
Georgia,2023,June,30
Georgia,2023,July,10
Georgia,2023,August,20
Georgia,2023,September,30
Georgia,2023,October,20
Georgia,2023,November,25
Georgia,2023,December,30
Georgia,2023,Total,310
Georgia,2024,January,25
Georgia,2024,February,30
Georgia,2024,March,35
Georgia,2024,April,35
Georgia,2024,May,45
Georgia,2024,June,30
Georgia,2024,July,55
Georgia,2024,August,55
Georgia,2024,September,45
Georgia,2024,October,40
Georgia,2024,November,35
Georgia,2024,December,30
Georgia,2024,Total,455
Georgia,2025,January,30
Georgia,2025,February,30
Georgia,2025,March,40
Georgia,2025,April,30
Georgia,2025,May,50
Georgia,2025,June,40
Georgia,2025,July,30
Georgia,2025,August,35
Georgia,2025,September,20
Georgia,2025,October,10
Georgia,2025,November,5
Georgia,2025,December,10
Georgia,2025,Total,325
Georgia,2026,January,15
Georgia,2026,February,15
Georgia,2026,March,5
Georgia,2026,April,5
Georgia,2026,May,0
Georgia,2026,Total,45
Ghana,2023,January,140
Ghana,2023,February,165
Ghana,2023,March,205
Ghana,2023,April,160
Ghana,2023,May,160
Ghana,2023,June,150
Ghana,2023,July,135
Ghana,2023,August,175
Ghana,2023,September,185
Ghana,2023,October,155
Ghana,2023,November,205
Ghana,2023,December,300
Ghana,2023,Total,2135
Ghana,2024,January,230
Ghana,2024,February,150
Ghana,2024,March,225
Ghana,2024,April,295
Ghana,2024,May,215
Ghana,2024,June,230
Ghana,2024,July,310
Ghana,2024,August,400
Ghana,2024,September,360
Ghana,2024,October,290
Ghana,2024,November,390
Ghana,2024,December,365
Ghana,2024,Total,3465
Ghana,2025,January,345
Ghana,2025,February,340
Ghana,2025,March,405
Ghana,2025,April,340
Ghana,2025,May,375
Ghana,2025,June,385
Ghana,2025,July,405
Ghana,2025,August,430
Ghana,2025,September,510
Ghana,2025,October,395
Ghana,2025,November,340
Ghana,2025,December,355
Ghana,2025,Total,4620
Ghana,2026,January,300
Ghana,2026,February,260
Ghana,2026,March,280
Ghana,2026,April,225
Ghana,2026,May,100
Ghana,2026,Total,1160
Greece,2023,January,20
Greece,2023,February,25
Greece,2023,March,35
Greece,2023,April,30
Greece,2023,May,20
Greece,2023,June,20
Greece,2023,July,15
Greece,2023,August,30
Greece,2023,September,25
Greece,2023,October,25
Greece,2023,November,25
Greece,2023,December,25
Greece,2023,Total,295
Greece,2024,January,20
Greece,2024,February,15
Greece,2024,March,30
Greece,2024,April,25
Greece,2024,May,20
Greece,2024,June,35
Greece,2024,July,25
Greece,2024,August,30
Greece,2024,September,25
Greece,2024,October,35
Greece,2024,November,20
Greece,2024,December,15
Greece,2024,Total,290
Greece,2025,January,10
Greece,2025,February,15
Greece,2025,March,25
Greece,2025,April,15
Greece,2025,May,10
Greece,2025,June,30
Greece,2025,July,10
Greece,2025,August,10
Greece,2025,September,15
Greece,2025,October,10
Greece,2025,November,20
Greece,2025,December,5
Greece,2025,Total,180
Greece,2026,January,10
Greece,2026,February,10
Greece,2026,March,10
Greece,2026,April,15
Greece,2026,May,10
Greece,2026,Total,55
Grenada,2023,January,20
Grenada,2023,February,5
Grenada,2023,March,5
Grenada,2023,April,15
Grenada,2023,May,10
Grenada,2023,June,15
Grenada,2023,July,5
Grenada,2023,August,5
Grenada,2023,September,10
Grenada,2023,October,10
Grenada,2023,November,5
Grenada,2023,December,15
Grenada,2023,Total,115
Grenada,2024,January,10
Grenada,2024,February,15
Grenada,2024,March,5
Grenada,2024,April,15
Grenada,2024,May,25
Grenada,2024,June,
Grenada,2024,July,15
Grenada,2024,August,15
Grenada,2024,September,10
Grenada,2024,October,
Grenada,2024,November,
Grenada,2024,December,
Grenada,2024,Total,130
Grenada,2025,January,10
Grenada,2025,February,5
Grenada,2025,March,10
Grenada,2025,April,
Grenada,2025,May,5
Grenada,2025,June,15
Grenada,2025,July,10
Grenada,2025,August,10
Grenada,2025,September,5
Grenada,2025,October,10
Grenada,2025,November,5
Grenada,2025,December,5
Grenada,2025,Total,100
Grenada,2026,January,
Grenada,2026,February,5
Grenada,2026,March,
Grenada,2026,April,
Grenada,2026,May,0
Grenada,2026,Total,15
Guatemala,2023,January,30
Guatemala,2023,February,40
Guatemala,2023,March,45
Guatemala,2023,April,40
Guatemala,2023,May,50
Guatemala,2023,June,20
Guatemala,2023,July,45
Guatemala,2023,August,50
Guatemala,2023,September,45
Guatemala,2023,October,30
Guatemala,2023,November,45
Guatemala,2023,December,70
Guatemala,2023,Total,515
Guatemala,2024,January,35
Guatemala,2024,February,45
Guatemala,2024,March,60
Guatemala,2024,April,50
Guatemala,2024,May,65
Guatemala,2024,June,45
Guatemala,2024,July,55
Guatemala,2024,August,75
Guatemala,2024,September,35
Guatemala,2024,October,50
Guatemala,2024,November,25
Guatemala,2024,December,50
Guatemala,2024,Total,590
Guatemala,2025,January,40
Guatemala,2025,February,25
Guatemala,2025,March,75
Guatemala,2025,April,45
Guatemala,2025,May,45
Guatemala,2025,June,15
Guatemala,2025,July,35
Guatemala,2025,August,30
Guatemala,2025,September,25
Guatemala,2025,October,15
Guatemala,2025,November,15
Guatemala,2025,December,10
Guatemala,2025,Total,380
Guatemala,2026,January,30
Guatemala,2026,February,15
Guatemala,2026,March,15
Guatemala,2026,April,20
Guatemala,2026,May,
Guatemala,2026,Total,80
Guinea-Bissau,2023,January,0
Guinea-Bissau,2023,February,0
Guinea-Bissau,2023,March,
Guinea-Bissau,2023,April,
Guinea-Bissau,2023,May,0
Guinea-Bissau,2023,June,
Guinea-Bissau,2023,July,
Guinea-Bissau,2023,August,
Guinea-Bissau,2023,September,
Guinea-Bissau,2023,October,
Guinea-Bissau,2023,November,
Guinea-Bissau,2023,December,0
Guinea-Bissau,2023,Total,10
Guinea-Bissau,2024,January,0
Guinea-Bissau,2024,February,
Guinea-Bissau,2024,March,
Guinea-Bissau,2024,April,
Guinea-Bissau,2024,May,0
Guinea-Bissau,2024,June,
Guinea-Bissau,2024,July,0
Guinea-Bissau,2024,August,0
Guinea-Bissau,2024,September,0
Guinea-Bissau,2024,October,0
Guinea-Bissau,2024,November,0
Guinea-Bissau,2024,December,
Guinea-Bissau,2024,Total,5
Guinea-Bissau,2025,January,0
Guinea-Bissau,2025,February,
Guinea-Bissau,2025,March,0
Guinea-Bissau,2025,April,
Guinea-Bissau,2025,May,
Guinea-Bissau,2025,June,0
Guinea-Bissau,2025,July,0
Guinea-Bissau,2025,August,0
Guinea-Bissau,2025,September,
Guinea-Bissau,2025,October,0
Guinea-Bissau,2025,November,0
Guinea-Bissau,2025,December,
Guinea-Bissau,2025,Total,5
Guinea-Bissau,2026,January,0
Guinea-Bissau,2026,February,
Guinea-Bissau,2026,March,0
Guinea-Bissau,2026,April,0
Guinea-Bissau,2026,May,0
Guinea-Bissau,2026,Total,
"Guinea, Republic of",2023,January,45
"Guinea, Republic of",2023,February,60
"Guinea, Republic of",2023,March,60
"Guinea, Republic of",2023,April,60
"Guinea, Republic of",2023,May,55
"Guinea, Republic of",2023,June,55
"Guinea, Republic of",2023,July,55
"Guinea, Republic of",2023,August,100
"Guinea, Republic of",2023,September,120
"Guinea, Republic of",2023,October,60
"Guinea, Republic of",2023,November,95
"Guinea, Republic of",2023,December,125
"Guinea, Republic of",2023,Total,885
"Guinea, Republic of",2024,January,65
"Guinea, Republic of",2024,February,80
"Guinea, Republic of",2024,March,90
"Guinea, Republic of",2024,April,110
"Guinea, Republic of",2024,May,60
"Guinea, Republic of",2024,June,110
"Guinea, Republic of",2024,July,115
"Guinea, Republic of",2024,August,160
"Guinea, Republic of",2024,September,135
"Guinea, Republic of",2024,October,110
"Guinea, Republic of",2024,November,115
"Guinea, Republic of",2024,December,75
"Guinea, Republic of",2024,Total,1225
"Guinea, Republic of",2025,January,125
"Guinea, Republic of",2025,February,105
"Guinea, Republic of",2025,March,100
"Guinea, Republic of",2025,April,150
"Guinea, Republic of",2025,May,145
"Guinea, Republic of",2025,June,65
"Guinea, Republic of",2025,July,100
"Guinea, Republic of",2025,August,75
"Guinea, Republic of",2025,September,75
"Guinea, Republic of",2025,October,160
"Guinea, Republic of",2025,November,90
"Guinea, Republic of",2025,December,90
"Guinea, Republic of",2025,Total,1280
"Guinea, Republic of",2026,January,110
"Guinea, Republic of",2026,February,85
"Guinea, Republic of",2026,March,85
"Guinea, Republic of",2026,April,135
"Guinea, Republic of",2026,May,75
"Guinea, Republic of",2026,Total,490
Guyana,2023,January,25
Guyana,2023,February,35
Guyana,2023,March,35
Guyana,2023,April,30
Guyana,2023,May,40
Guyana,2023,June,35
Guyana,2023,July,35
Guyana,2023,August,40
Guyana,2023,September,45
Guyana,2023,October,25
Guyana,2023,November,35
Guyana,2023,December,70
Guyana,2023,Total,450
Guyana,2024,January,30
Guyana,2024,February,30
Guyana,2024,March,40
Guyana,2024,April,40
Guyana,2024,May,30
Guyana,2024,June,35
Guyana,2024,July,75
Guyana,2024,August,25
Guyana,2024,September,35
Guyana,2024,October,35
Guyana,2024,November,30
Guyana,2024,December,25
Guyana,2024,Total,425
Guyana,2025,January,40
Guyana,2025,February,35
Guyana,2025,March,30
Guyana,2025,April,25
Guyana,2025,May,25
Guyana,2025,June,25
Guyana,2025,July,25
Guyana,2025,August,20
Guyana,2025,September,30
Guyana,2025,October,40
Guyana,2025,November,30
Guyana,2025,December,10
Guyana,2025,Total,330
Guyana,2026,January,20
Guyana,2026,February,20
Guyana,2026,March,20
Guyana,2026,April,10
Guyana,2026,May,10
Guyana,2026,Total,85
Haiti,2023,January,375
Haiti,2023,February,400
Haiti,2023,March,460
Haiti,2023,April,410
Haiti,2023,May,535
Haiti,2023,June,455
Haiti,2023,July,445
Haiti,2023,August,615
Haiti,2023,September,515
Haiti,2023,October,505
Haiti,2023,November,2475
Haiti,2023,December,3180
Haiti,2023,Total,10380
Haiti,2024,January,505
Haiti,2024,February,510
Haiti,2024,March,620
Haiti,2024,April,720
Haiti,2024,May,605
Haiti,2024,June,550
Haiti,2024,July,765
Haiti,2024,August,720
Haiti,2024,September,595
Haiti,2024,October,710
Haiti,2024,November,605
Haiti,2024,December,565
Haiti,2024,Total,7465
Haiti,2025,January,560
Haiti,2025,February,585
Haiti,2025,March,665
Haiti,2025,April,685
Haiti,2025,May,615
Haiti,2025,June,430
Haiti,2025,July,425
Haiti,2025,August,405
Haiti,2025,September,520
Haiti,2025,October,385
Haiti,2025,November,210
Haiti,2025,December,310
Haiti,2025,Total,5790
Haiti,2026,January,215
Haiti,2026,February,255
Haiti,2026,March,220
Haiti,2026,April,205
Haiti,2026,May,135
Haiti,2026,Total,1030
Holy See,2023,January,0
Holy See,2023,February,0
Holy See,2023,March,0
Holy See,2023,April,0
Holy See,2023,May,0
Holy See,2023,June,0
Holy See,2023,July,0
Holy See,2023,August,0
Holy See,2023,September,0
Holy See,2023,October,
Holy See,2023,November,0
Holy See,2023,December,0
Holy See,2023,Total,
Holy See,2024,January,0
Holy See,2024,February,0
Holy See,2024,March,0
Holy See,2024,April,0
Holy See,2024,May,0
Holy See,2024,June,
Holy See,2024,July,0
Holy See,2024,August,0
Holy See,2024,September,0
Holy See,2024,October,0
Holy See,2024,November,0
Holy See,2024,December,0
Holy See,2024,Total,
Holy See,2025,January,0
Holy See,2025,February,0
Holy See,2025,March,0
Holy See,2025,April,0
Holy See,2025,May,0
Holy See,2025,June,0
Holy See,2025,July,0
Holy See,2025,August,0
Holy See,2025,September,0
Holy See,2025,October,0
Holy See,2025,November,0
Holy See,2025,December,0
Holy See,2025,Total,0
Holy See,2026,January,0
Holy See,2026,February,0
Holy See,2026,March,0
Holy See,2026,April,0
Holy See,2026,May,0
Holy See,2026,Total,0
Honduras,2023,January,35
Honduras,2023,February,30
Honduras,2023,March,55
Honduras,2023,April,50
Honduras,2023,May,65
Honduras,2023,June,35
Honduras,2023,July,45
Honduras,2023,August,95
Honduras,2023,September,100
Honduras,2023,October,70
Honduras,2023,November,60
Honduras,2023,December,125
Honduras,2023,Total,760
Honduras,2024,January,45
Honduras,2024,February,45
Honduras,2024,March,70
Honduras,2024,April,70
Honduras,2024,May,35
Honduras,2024,June,50
Honduras,2024,July,50
Honduras,2024,August,35
Honduras,2024,September,50
Honduras,2024,October,55
Honduras,2024,November,40
Honduras,2024,December,55
Honduras,2024,Total,600
Honduras,2025,January,40
Honduras,2025,February,40
Honduras,2025,March,80
Honduras,2025,April,70
Honduras,2025,May,25
Honduras,2025,June,20
Honduras,2025,July,35
Honduras,2025,August,55
Honduras,2025,September,40
Honduras,2025,October,20
Honduras,2025,November,30
Honduras,2025,December,15
Honduras,2025,Total,470
Honduras,2026,January,20
Honduras,2026,February,20
Honduras,2026,March,30
Honduras,2026,April,20
Honduras,2026,May,5
Honduras,2026,Total,95
Hong Kong,2023,January,615
Hong Kong,2023,February,595
Hong Kong,2023,March,555
Hong Kong,2023,April,510
Hong Kong,2023,May,1475
Hong Kong,2023,June,915
Hong Kong,2023,July,450
Hong Kong,2023,August,530
Hong Kong,2023,September,120
Hong Kong,2023,October,85
Hong Kong,2023,November,75
Hong Kong,2023,December,115
Hong Kong,2023,Total,6035
Hong Kong,2024,January,260
Hong Kong,2024,February,155
Hong Kong,2024,March,275
Hong Kong,2024,April,290
Hong Kong,2024,May,730
Hong Kong,2024,June,795
Hong Kong,2024,July,1070
Hong Kong,2024,August,840
Hong Kong,2024,September,950
Hong Kong,2024,October,1060
Hong Kong,2024,November,1095
Hong Kong,2024,December,1015
Hong Kong,2024,Total,8530
Hong Kong,2025,January,1175
Hong Kong,2025,February,720
Hong Kong,2025,March,875
Hong Kong,2025,April,825
Hong Kong,2025,May,1465
Hong Kong,2025,June,1350
Hong Kong,2025,July,1120
Hong Kong,2025,August,940
Hong Kong,2025,September,1400
Hong Kong,2025,October,940
Hong Kong,2025,November,815
Hong Kong,2025,December,875
Hong Kong,2025,Total,12500
Hong Kong,2026,January,885
Hong Kong,2026,February,805
Hong Kong,2026,March,880
Hong Kong,2026,April,965
Hong Kong,2026,May,855
Hong Kong,2026,Total,4395
Hungary,2023,January,15
Hungary,2023,February,35
Hungary,2023,March,40
Hungary,2023,April,20
Hungary,2023,May,25
Hungary,2023,June,15
Hungary,2023,July,15
Hungary,2023,August,15
Hungary,2023,September,20
Hungary,2023,October,30
Hungary,2023,November,50
Hungary,2023,December,25
Hungary,2023,Total,310
Hungary,2024,January,45
Hungary,2024,February,20
Hungary,2024,March,30
Hungary,2024,April,25
Hungary,2024,May,40
Hungary,2024,June,35
Hungary,2024,July,35
Hungary,2024,August,30
Hungary,2024,September,25
Hungary,2024,October,40
Hungary,2024,November,30
Hungary,2024,December,60
Hungary,2024,Total,410
Hungary,2025,January,15
Hungary,2025,February,35
Hungary,2025,March,55
Hungary,2025,April,30
Hungary,2025,May,25
Hungary,2025,June,20
Hungary,2025,July,20
Hungary,2025,August,25
Hungary,2025,September,10
Hungary,2025,October,20
Hungary,2025,November,10
Hungary,2025,December,
Hungary,2025,Total,265
Hungary,2026,January,
Hungary,2026,February,10
Hungary,2026,March,10
Hungary,2026,April,5
Hungary,2026,May,0
Hungary,2026,Total,30
Iceland,2023,January,
Iceland,2023,February,
Iceland,2023,March,
Iceland,2023,April,10
Iceland,2023,May,0
Iceland,2023,June,0
Iceland,2023,July,0
Iceland,2023,August,0
Iceland,2023,September,
Iceland,2023,October,0
Iceland,2023,November,0
Iceland,2023,December,
Iceland,2023,Total,15
Iceland,2024,January,
Iceland,2024,February,
Iceland,2024,March,0
Iceland,2024,April,0
Iceland,2024,May,0
Iceland,2024,June,
Iceland,2024,July,0
Iceland,2024,August,
Iceland,2024,September,5
Iceland,2024,October,
Iceland,2024,November,
Iceland,2024,December,0
Iceland,2024,Total,15
Iceland,2025,January,0
Iceland,2025,February,0
Iceland,2025,March,
Iceland,2025,April,
Iceland,2025,May,0
Iceland,2025,June,0
Iceland,2025,July,
Iceland,2025,August,0
Iceland,2025,September,0
Iceland,2025,October,
Iceland,2025,November,
Iceland,2025,December,
Iceland,2025,Total,10
Iceland,2026,January,
Iceland,2026,February,
Iceland,2026,March,0
Iceland,2026,April,0
Iceland,2026,May,0
Iceland,2026,Total,
India,2023,January,10005
India,2023,February,7375
India,2023,March,11175
India,2023,April,10920
India,2023,May,15405
India,2023,June,10330
India,2023,July,10300
India,2023,August,11425
India,2023,September,9045
India,2023,October,10070
India,2023,November,11870
India,2023,December,17600
India,2023,Total,135520
India,2024,January,12600
India,2024,February,10720
India,2024,March,9230
India,2024,April,12430
India,2024,May,10990
India,2024,June,14130
India,2024,July,21245
India,2024,August,17485
India,2024,September,14420
India,2024,October,11260
India,2024,November,8835
India,2024,December,7825
India,2024,Total,151170
India,2025,January,7810
India,2025,February,6345
India,2025,March,9520
India,2025,April,6700
India,2025,May,6025
India,2025,June,5895
India,2025,July,6860
India,2025,August,8820
India,2025,September,9375
India,2025,October,8840
India,2025,November,6575
India,2025,December,5630
India,2025,Total,88400
India,2026,January,8200
India,2026,February,9025
India,2026,March,9595
India,2026,April,7990
India,2026,May,6595
India,2026,Total,41405
Iran,2023,January,1235
Iran,2023,February,1105
Iran,2023,March,1355
Iran,2023,April,1455
Iran,2023,May,1375
Iran,2023,June,1075
Iran,2023,July,1070
Iran,2023,August,1230
Iran,2023,September,1025
Iran,2023,October,1140
Iran,2023,November,1425
Iran,2023,December,2235
Iran,2023,Total,15725
Iran,2024,January,1235
Iran,2024,February,1085
Iran,2024,March,1155
Iran,2024,April,1345
Iran,2024,May,1105
Iran,2024,June,1120
Iran,2024,July,1980
Iran,2024,August,1570
Iran,2024,September,1000
Iran,2024,October,1070
Iran,2024,November,780
Iran,2024,December,835
Iran,2024,Total,14280
Iran,2025,January,765
Iran,2025,February,715
Iran,2025,March,850
Iran,2025,April,900
Iran,2025,May,910
Iran,2025,June,660
Iran,2025,July,755
Iran,2025,August,945
Iran,2025,September,1150
Iran,2025,October,755
Iran,2025,November,545
Iran,2025,December,655
Iran,2025,Total,9610
Iran,2026,January,585
Iran,2026,February,600
Iran,2026,March,625
Iran,2026,April,565
Iran,2026,May,470
Iran,2026,Total,2845
Iraq,2023,January,205
Iraq,2023,February,185
Iraq,2023,March,290
Iraq,2023,April,195
Iraq,2023,May,245
Iraq,2023,June,240
Iraq,2023,July,220
Iraq,2023,August,290
Iraq,2023,September,250
Iraq,2023,October,205
Iraq,2023,November,200
Iraq,2023,December,285
Iraq,2023,Total,2815
Iraq,2024,January,165
Iraq,2024,February,190
Iraq,2024,March,185
Iraq,2024,April,165
Iraq,2024,May,180
Iraq,2024,June,145
Iraq,2024,July,275
Iraq,2024,August,310
Iraq,2024,September,355
Iraq,2024,October,235
Iraq,2024,November,270
Iraq,2024,December,445
Iraq,2024,Total,2930
Iraq,2025,January,280
Iraq,2025,February,320
Iraq,2025,March,195
Iraq,2025,April,155
Iraq,2025,May,245
Iraq,2025,June,170
Iraq,2025,July,125
Iraq,2025,August,90
Iraq,2025,September,100
Iraq,2025,October,235
Iraq,2025,November,190
Iraq,2025,December,145
Iraq,2025,Total,2245
Iraq,2026,January,40
Iraq,2026,February,40
Iraq,2026,March,65
Iraq,2026,April,40
Iraq,2026,May,50
Iraq,2026,Total,235
Israel,2023,January,55
Israel,2023,February,65
Israel,2023,March,75
Israel,2023,April,75
Israel,2023,May,80
Israel,2023,June,55
Israel,2023,July,55
Israel,2023,August,85
Israel,2023,September,70
Israel,2023,October,105
Israel,2023,November,130
Israel,2023,December,155
Israel,2023,Total,1010
Israel,2024,January,70
Israel,2024,February,95
Israel,2024,March,45
Israel,2024,April,75
Israel,2024,May,55
Israel,2024,June,105
Israel,2024,July,190
Israel,2024,August,110
Israel,2024,September,135
Israel,2024,October,90
Israel,2024,November,40
Israel,2024,December,60
Israel,2024,Total,1070
Israel,2025,January,95
Israel,2025,February,70
Israel,2025,March,35
Israel,2025,April,55
Israel,2025,May,70
Israel,2025,June,65
Israel,2025,July,40
Israel,2025,August,70
Israel,2025,September,80
Israel,2025,October,55
Israel,2025,November,75
Israel,2025,December,70
Israel,2025,Total,775
Israel,2026,January,30
Israel,2026,February,35
Israel,2026,March,40
Israel,2026,April,55
Israel,2026,May,20
Israel,2026,Total,180
Italy,2023,January,85
Italy,2023,February,70
Italy,2023,March,85
Italy,2023,April,90
Italy,2023,May,90
Italy,2023,June,90
Italy,2023,July,70
Italy,2023,August,100
Italy,2023,September,80
Italy,2023,October,70
Italy,2023,November,55
Italy,2023,December,110
Italy,2023,Total,1010
Italy,2024,January,85
Italy,2024,February,95
Italy,2024,March,85
Italy,2024,April,55
Italy,2024,May,85
Italy,2024,June,105
Italy,2024,July,130
Italy,2024,August,85
Italy,2024,September,65
Italy,2024,October,75
Italy,2024,November,65
Italy,2024,December,55
Italy,2024,Total,985
Italy,2025,January,75
Italy,2025,February,40
Italy,2025,March,100
Italy,2025,April,85
Italy,2025,May,65
Italy,2025,June,60
Italy,2025,July,60
Italy,2025,August,55
Italy,2025,September,55
Italy,2025,October,70
Italy,2025,November,55
Italy,2025,December,50
Italy,2025,Total,765
Italy,2026,January,45
Italy,2026,February,60
Italy,2026,March,70
Italy,2026,April,50
Italy,2026,May,30
Italy,2026,Total,260
Jamaica,2023,January,345
Jamaica,2023,February,330
Jamaica,2023,March,505
Jamaica,2023,April,410
Jamaica,2023,May,460
Jamaica,2023,June,380
Jamaica,2023,July,290
Jamaica,2023,August,480
Jamaica,2023,September,335
Jamaica,2023,October,395
Jamaica,2023,November,540
Jamaica,2023,December,610
Jamaica,2023,Total,5080
Jamaica,2024,January,525
Jamaica,2024,February,520
Jamaica,2024,March,480
Jamaica,2024,April,510
Jamaica,2024,May,360
Jamaica,2024,June,460
Jamaica,2024,July,605
Jamaica,2024,August,490
Jamaica,2024,September,495
Jamaica,2024,October,580
Jamaica,2024,November,475
Jamaica,2024,December,375
Jamaica,2024,Total,5870
Jamaica,2025,January,425
Jamaica,2025,February,385
Jamaica,2025,March,435
Jamaica,2025,April,385
Jamaica,2025,May,360
Jamaica,2025,June,325
Jamaica,2025,July,465
Jamaica,2025,August,335
Jamaica,2025,September,410
Jamaica,2025,October,370
Jamaica,2025,November,310
Jamaica,2025,December,255
Jamaica,2025,Total,4450
Jamaica,2026,January,250
Jamaica,2026,February,255
Jamaica,2026,March,305
Jamaica,2026,April,175
Jamaica,2026,May,65
Jamaica,2026,Total,1055
Japan,2023,January,65
Japan,2023,February,65
Japan,2023,March,95
Japan,2023,April,95
Japan,2023,May,80
Japan,2023,June,95
Japan,2023,July,75
Japan,2023,August,100
Japan,2023,September,65
Japan,2023,October,85
Japan,2023,November,70
Japan,2023,December,75
Japan,2023,Total,965
Japan,2024,January,65
Japan,2024,February,90
Japan,2024,March,75
Japan,2024,April,100
Japan,2024,May,65
Japan,2024,June,85
Japan,2024,July,70
Japan,2024,August,75
Japan,2024,September,85
Japan,2024,October,75
Japan,2024,November,55
Japan,2024,December,60
Japan,2024,Total,905
Japan,2025,January,60
Japan,2025,February,55
Japan,2025,March,70
Japan,2025,April,65
Japan,2025,May,70
Japan,2025,June,55
Japan,2025,July,70
Japan,2025,August,50
Japan,2025,September,70
Japan,2025,October,65
Japan,2025,November,55
Japan,2025,December,45
Japan,2025,Total,730
Japan,2026,January,50
Japan,2026,February,75
Japan,2026,March,60
Japan,2026,April,50
Japan,2026,May,10
Japan,2026,Total,245
Jordan,2023,January,135
Jordan,2023,February,115
Jordan,2023,March,135
Jordan,2023,April,115
Jordan,2023,May,125
Jordan,2023,June,140
Jordan,2023,July,90
Jordan,2023,August,140
Jordan,2023,September,90
Jordan,2023,October,160
Jordan,2023,November,155
Jordan,2023,December,135
Jordan,2023,Total,1530
Jordan,2024,January,100
Jordan,2024,February,155
Jordan,2024,March,105
Jordan,2024,April,125
Jordan,2024,May,155
Jordan,2024,June,145
Jordan,2024,July,150
Jordan,2024,August,175
Jordan,2024,September,155
Jordan,2024,October,190
Jordan,2024,November,185
Jordan,2024,December,145
Jordan,2024,Total,1785
Jordan,2025,January,165
Jordan,2025,February,165
Jordan,2025,March,165
Jordan,2025,April,135
Jordan,2025,May,165
Jordan,2025,June,160
Jordan,2025,July,115
Jordan,2025,August,90
Jordan,2025,September,100
Jordan,2025,October,80
Jordan,2025,November,65
Jordan,2025,December,55
Jordan,2025,Total,1465
Jordan,2026,January,60
Jordan,2026,February,65
Jordan,2026,March,55
Jordan,2026,April,50
Jordan,2026,May,25
Jordan,2026,Total,255
Kazakhstan,2023,January,25
Kazakhstan,2023,February,30
Kazakhstan,2023,March,45
Kazakhstan,2023,April,25
Kazakhstan,2023,May,60
Kazakhstan,2023,June,25
Kazakhstan,2023,July,25
Kazakhstan,2023,August,25
Kazakhstan,2023,September,40
Kazakhstan,2023,October,30
Kazakhstan,2023,November,30
Kazakhstan,2023,December,25
Kazakhstan,2023,Total,390
Kazakhstan,2024,January,55
Kazakhstan,2024,February,35
Kazakhstan,2024,March,25
Kazakhstan,2024,April,55
Kazakhstan,2024,May,20
Kazakhstan,2024,June,25
Kazakhstan,2024,July,50
Kazakhstan,2024,August,40
Kazakhstan,2024,September,30
Kazakhstan,2024,October,30
Kazakhstan,2024,November,25
Kazakhstan,2024,December,20
Kazakhstan,2024,Total,405
Kazakhstan,2025,January,25
Kazakhstan,2025,February,30
Kazakhstan,2025,March,45
Kazakhstan,2025,April,35
Kazakhstan,2025,May,20
Kazakhstan,2025,June,30
Kazakhstan,2025,July,30
Kazakhstan,2025,August,15
Kazakhstan,2025,September,35
Kazakhstan,2025,October,20
Kazakhstan,2025,November,15
Kazakhstan,2025,December,15
Kazakhstan,2025,Total,315
Kazakhstan,2026,January,10
Kazakhstan,2026,February,30
Kazakhstan,2026,March,40
Kazakhstan,2026,April,15
Kazakhstan,2026,May,10
Kazakhstan,2026,Total,105
Kenya,2023,January,130
Kenya,2023,February,70
Kenya,2023,March,130
Kenya,2023,April,90
Kenya,2023,May,100
Kenya,2023,June,110
Kenya,2023,July,100
Kenya,2023,August,135
Kenya,2023,September,120
Kenya,2023,October,155
Kenya,2023,November,130
Kenya,2023,December,180
Kenya,2023,Total,1460
Kenya,2024,January,175
Kenya,2024,February,145
Kenya,2024,March,155
Kenya,2024,April,205
Kenya,2024,May,250
Kenya,2024,June,270
Kenya,2024,July,400
Kenya,2024,August,360
Kenya,2024,September,410
Kenya,2024,October,425
Kenya,2024,November,420
Kenya,2024,December,445
Kenya,2024,Total,3660
Kenya,2025,January,395
Kenya,2025,February,350
Kenya,2025,March,465
Kenya,2025,April,375
Kenya,2025,May,455
Kenya,2025,June,145
Kenya,2025,July,160
Kenya,2025,August,140
Kenya,2025,September,140
Kenya,2025,October,115
Kenya,2025,November,90
Kenya,2025,December,100
Kenya,2025,Total,2930
Kenya,2026,January,125
Kenya,2026,February,90
Kenya,2026,March,120
Kenya,2026,April,60
Kenya,2026,May,30
Kenya,2026,Total,430
"Korea, People's Democratic Republic of",2023,January,
"Korea, People's Democratic Republic of",2023,February,0
"Korea, People's Democratic Republic of",2023,March,0
"Korea, People's Democratic Republic of",2023,April,
"Korea, People's Democratic Republic of",2023,May,
"Korea, People's Democratic Republic of",2023,June,
"Korea, People's Democratic Republic of",2023,July,
"Korea, People's Democratic Republic of",2023,August,
"Korea, People's Democratic Republic of",2023,September,0
"Korea, People's Democratic Republic of",2023,October,0
"Korea, People's Democratic Republic of",2023,November,0
"Korea, People's Democratic Republic of",2023,December,5
"Korea, People's Democratic Republic of",2023,Total,10
"Korea, People's Democratic Republic of",2024,January,0
"Korea, People's Democratic Republic of",2024,February,0
"Korea, People's Democratic Republic of",2024,March,0
"Korea, People's Democratic Republic of",2024,April,0
"Korea, People's Democratic Republic of",2024,May,0
"Korea, People's Democratic Republic of",2024,June,0
"Korea, People's Democratic Republic of",2024,July,0
"Korea, People's Democratic Republic of",2024,August,0
"Korea, People's Democratic Republic of",2024,September,0
"Korea, People's Democratic Republic of",2024,October,0
"Korea, People's Democratic Republic of",2024,November,0
"Korea, People's Democratic Republic of",2024,December,0
"Korea, People's Democratic Republic of",2024,Total,0
"Korea, People's Democratic Republic of",2025,January,0
"Korea, People's Democratic Republic of",2025,February,0
"Korea, People's Democratic Republic of",2025,March,0
"Korea, People's Democratic Republic of",2025,April,0
"Korea, People's Democratic Republic of",2025,May,0
"Korea, People's Democratic Republic of",2025,June,0
"Korea, People's Democratic Republic of",2025,July,0
"Korea, People's Democratic Republic of",2025,August,0
"Korea, People's Democratic Republic of",2025,September,0
"Korea, People's Democratic Republic of",2025,October,0
"Korea, People's Democratic Republic of",2025,November,0
"Korea, People's Democratic Republic of",2025,December,0
"Korea, People's Democratic Republic of",2025,Total,0
"Korea, People's Democratic Republic of",2026,January,0
"Korea, People's Democratic Republic of",2026,February,0
"Korea, People's Democratic Republic of",2026,March,0
"Korea, People's Democratic Republic of",2026,April,0
"Korea, People's Democratic Republic of",2026,May,0
"Korea, People's Democratic Republic of",2026,Total,0
"Korea, Republic of",2023,January,350
"Korea, Republic of",2023,February,295
"Korea, Republic of",2023,March,370
"Korea, Republic of",2023,April,365
"Korea, Republic of",2023,May,440
"Korea, Republic of",2023,June,435
"Korea, Republic of",2023,July,300
"Korea, Republic of",2023,August,330
"Korea, Republic of",2023,September,300
"Korea, Republic of",2023,October,280
"Korea, Republic of",2023,November,375
"Korea, Republic of",2023,December,430
"Korea, Republic of",2023,Total,4270
"Korea, Republic of",2024,January,480
"Korea, Republic of",2024,February,325
"Korea, Republic of",2024,March,345
"Korea, Republic of",2024,April,405
"Korea, Republic of",2024,May,290
"Korea, Republic of",2024,June,340
"Korea, Republic of",2024,July,410
"Korea, Republic of",2024,August,335
"Korea, Republic of",2024,September,305
"Korea, Republic of",2024,October,230
"Korea, Republic of",2024,November,220
"Korea, Republic of",2024,December,200
"Korea, Republic of",2024,Total,3890
"Korea, Republic of",2025,January,295
"Korea, Republic of",2025,February,205
"Korea, Republic of",2025,March,225
"Korea, Republic of",2025,April,155
"Korea, Republic of",2025,May,160
"Korea, Republic of",2025,June,180
"Korea, Republic of",2025,July,145
"Korea, Republic of",2025,August,155
"Korea, Republic of",2025,September,225
"Korea, Republic of",2025,October,185
"Korea, Republic of",2025,November,150
"Korea, Republic of",2025,December,115
"Korea, Republic of",2025,Total,2195
"Korea, Republic of",2026,January,115
"Korea, Republic of",2026,February,135
"Korea, Republic of",2026,March,140
"Korea, Republic of",2026,April,95
"Korea, Republic of",2026,May,45
"Korea, Republic of",2026,Total,530
"Kosovo, Republic of",2023,January,25
"Kosovo, Republic of",2023,February,20
"Kosovo, Republic of",2023,March,10
"Kosovo, Republic of",2023,April,
"Kosovo, Republic of",2023,May,10
"Kosovo, Republic of",2023,June,5
"Kosovo, Republic of",2023,July,
"Kosovo, Republic of",2023,August,10
"Kosovo, Republic of",2023,September,10
"Kosovo, Republic of",2023,October,15
"Kosovo, Republic of",2023,November,10
"Kosovo, Republic of",2023,December,5
"Kosovo, Republic of",2023,Total,125
"Kosovo, Republic of",2024,January,20
"Kosovo, Republic of",2024,February,10
"Kosovo, Republic of",2024,March,10
"Kosovo, Republic of",2024,April,35
"Kosovo, Republic of",2024,May,10
"Kosovo, Republic of",2024,June,10
"Kosovo, Republic of",2024,July,15
"Kosovo, Republic of",2024,August,15
"Kosovo, Republic of",2024,September,10
"Kosovo, Republic of",2024,October,10
"Kosovo, Republic of",2024,November,15
"Kosovo, Republic of",2024,December,10
"Kosovo, Republic of",2024,Total,165
"Kosovo, Republic of",2025,January,5
"Kosovo, Republic of",2025,February,20
"Kosovo, Republic of",2025,March,5
"Kosovo, Republic of",2025,April,5
"Kosovo, Republic of",2025,May,15
"Kosovo, Republic of",2025,June,
"Kosovo, Republic of",2025,July,
"Kosovo, Republic of",2025,August,5
"Kosovo, Republic of",2025,September,15
"Kosovo, Republic of",2025,October,5
"Kosovo, Republic of",2025,November,10
"Kosovo, Republic of",2025,December,5
"Kosovo, Republic of",2025,Total,95
"Kosovo, Republic of",2026,January,
"Kosovo, Republic of",2026,February,
"Kosovo, Republic of",2026,March,
"Kosovo, Republic of",2026,April,
"Kosovo, Republic of",2026,May,
"Kosovo, Republic of",2026,Total,15
Kuwait,2023,January,
Kuwait,2023,February,
Kuwait,2023,March,10
Kuwait,2023,April,5
Kuwait,2023,May,0
Kuwait,2023,June,5
Kuwait,2023,July,5
Kuwait,2023,August,
Kuwait,2023,September,
Kuwait,2023,October,
Kuwait,2023,November,0
Kuwait,2023,December,5
Kuwait,2023,Total,40
Kuwait,2024,January,
Kuwait,2024,February,5
Kuwait,2024,March,
Kuwait,2024,April,10
Kuwait,2024,May,
Kuwait,2024,June,
Kuwait,2024,July,10
Kuwait,2024,August,
Kuwait,2024,September,
Kuwait,2024,October,0
Kuwait,2024,November,5
Kuwait,2024,December,
Kuwait,2024,Total,50
Kuwait,2025,January,5
Kuwait,2025,February,0
Kuwait,2025,March,0
Kuwait,2025,April,
Kuwait,2025,May,
Kuwait,2025,June,10
Kuwait,2025,July,10
Kuwait,2025,August,
Kuwait,2025,September,
Kuwait,2025,October,
Kuwait,2025,November,0
Kuwait,2025,December,
Kuwait,2025,Total,35
Kuwait,2026,January,5
Kuwait,2026,February,
Kuwait,2026,March,10
Kuwait,2026,April,15
Kuwait,2026,May,
Kuwait,2026,Total,35
Kyrgyzstan,2023,January,15
Kyrgyzstan,2023,February,15
Kyrgyzstan,2023,March,30
Kyrgyzstan,2023,April,20
Kyrgyzstan,2023,May,0
Kyrgyzstan,2023,June,5
Kyrgyzstan,2023,July,10
Kyrgyzstan,2023,August,
Kyrgyzstan,2023,September,10
Kyrgyzstan,2023,October,5
Kyrgyzstan,2023,November,10
Kyrgyzstan,2023,December,25
Kyrgyzstan,2023,Total,150
Kyrgyzstan,2024,January,10
Kyrgyzstan,2024,February,5
Kyrgyzstan,2024,March,10
Kyrgyzstan,2024,April,5
Kyrgyzstan,2024,May,
Kyrgyzstan,2024,June,10
Kyrgyzstan,2024,July,20
Kyrgyzstan,2024,August,5
Kyrgyzstan,2024,September,10
Kyrgyzstan,2024,October,10
Kyrgyzstan,2024,November,
Kyrgyzstan,2024,December,5
Kyrgyzstan,2024,Total,95
Kyrgyzstan,2025,January,10
Kyrgyzstan,2025,February,
Kyrgyzstan,2025,March,10
Kyrgyzstan,2025,April,10
Kyrgyzstan,2025,May,
Kyrgyzstan,2025,June,
Kyrgyzstan,2025,July,
Kyrgyzstan,2025,August,15
Kyrgyzstan,2025,September,15
Kyrgyzstan,2025,October,10
Kyrgyzstan,2025,November,
Kyrgyzstan,2025,December,
Kyrgyzstan,2025,Total,85
Kyrgyzstan,2026,January,
Kyrgyzstan,2026,February,
Kyrgyzstan,2026,March,
Kyrgyzstan,2026,April,
Kyrgyzstan,2026,May,
Kyrgyzstan,2026,Total,5
Laos,2023,January,0
Laos,2023,February,
Laos,2023,March,
Laos,2023,April,
Laos,2023,May,
Laos,2023,June,
Laos,2023,July,0
Laos,2023,August,0
Laos,2023,September,
Laos,2023,October,
Laos,2023,November,
Laos,2023,December,
Laos,2023,Total,20
Laos,2024,January,5
Laos,2024,February,5
Laos,2024,March,
Laos,2024,April,
Laos,2024,May,
Laos,2024,June,
Laos,2024,July,
Laos,2024,August,
Laos,2024,September,5
Laos,2024,October,5
Laos,2024,November,
Laos,2024,December,
Laos,2024,Total,45
Laos,2025,January,
Laos,2025,February,5
Laos,2025,March,
Laos,2025,April,
Laos,2025,May,
Laos,2025,June,
Laos,2025,July,5
Laos,2025,August,
Laos,2025,September,5
Laos,2025,October,
Laos,2025,November,
Laos,2025,December,
Laos,2025,Total,35
Laos,2026,January,
Laos,2026,February,0
Laos,2026,March,5
Laos,2026,April,
Laos,2026,May,0
Laos,2026,Total,10
Latvia,2023,January,
Latvia,2023,February,5
Latvia,2023,March,10
Latvia,2023,April,10
Latvia,2023,May,5
Latvia,2023,June,
Latvia,2023,July,
Latvia,2023,August,5
Latvia,2023,September,
Latvia,2023,October,10
Latvia,2023,November,5
Latvia,2023,December,
Latvia,2023,Total,65
Latvia,2024,January,
Latvia,2024,February,
Latvia,2024,March,5
Latvia,2024,April,10
Latvia,2024,May,5
Latvia,2024,June,
Latvia,2024,July,10
Latvia,2024,August,10
Latvia,2024,September,
Latvia,2024,October,10
Latvia,2024,November,5
Latvia,2024,December,
Latvia,2024,Total,65
Latvia,2025,January,
Latvia,2025,February,
Latvia,2025,March,5
Latvia,2025,April,
Latvia,2025,May,
Latvia,2025,June,5
Latvia,2025,July,10
Latvia,2025,August,
Latvia,2025,September,5
Latvia,2025,October,
Latvia,2025,November,10
Latvia,2025,December,0
Latvia,2025,Total,45
Latvia,2026,January,
Latvia,2026,February,5
Latvia,2026,March,
Latvia,2026,April,
Latvia,2026,May,
Latvia,2026,Total,15
Lebanon,2023,January,455
Lebanon,2023,February,365
Lebanon,2023,March,460
Lebanon,2023,April,290
Lebanon,2023,May,335
Lebanon,2023,June,275
Lebanon,2023,July,335
Lebanon,2023,August,575
Lebanon,2023,September,435
Lebanon,2023,October,310
Lebanon,2023,November,330
Lebanon,2023,December,430
Lebanon,2023,Total,4610
Lebanon,2024,January,285
Lebanon,2024,February,330
Lebanon,2024,March,375
Lebanon,2024,April,315
Lebanon,2024,May,220
Lebanon,2024,June,225
Lebanon,2024,July,360
Lebanon,2024,August,370
Lebanon,2024,September,250
Lebanon,2024,October,280
Lebanon,2024,November,220
Lebanon,2024,December,240
Lebanon,2024,Total,3460
Lebanon,2025,January,180
Lebanon,2025,February,175
Lebanon,2025,March,230
Lebanon,2025,April,260
Lebanon,2025,May,195
Lebanon,2025,June,155
Lebanon,2025,July,165
Lebanon,2025,August,160
Lebanon,2025,September,200
Lebanon,2025,October,240
Lebanon,2025,November,150
Lebanon,2025,December,185
Lebanon,2025,Total,2290
Lebanon,2026,January,135
Lebanon,2026,February,115
Lebanon,2026,March,165
Lebanon,2026,April,125
Lebanon,2026,May,85
Lebanon,2026,Total,630
Lesotho,2023,January,0
Lesotho,2023,February,0
Lesotho,2023,March,
Lesotho,2023,April,
Lesotho,2023,May,
Lesotho,2023,June,
Lesotho,2023,July,0
Lesotho,2023,August,0
Lesotho,2023,September,0
Lesotho,2023,October,
Lesotho,2023,November,0
Lesotho,2023,December,0
Lesotho,2023,Total,10
Lesotho,2024,January,0
Lesotho,2024,February,0
Lesotho,2024,March,0
Lesotho,2024,April,
Lesotho,2024,May,
Lesotho,2024,June,0
Lesotho,2024,July,0
Lesotho,2024,August,0
Lesotho,2024,September,
Lesotho,2024,October,
Lesotho,2024,November,0
Lesotho,2024,December,0
Lesotho,2024,Total,5
Lesotho,2025,January,
Lesotho,2025,February,
Lesotho,2025,March,
Lesotho,2025,April,0
Lesotho,2025,May,
Lesotho,2025,June,0
Lesotho,2025,July,
Lesotho,2025,August,
Lesotho,2025,September,
Lesotho,2025,October,0
Lesotho,2025,November,0
Lesotho,2025,December,
Lesotho,2025,Total,10
Lesotho,2026,January,
Lesotho,2026,February,
Lesotho,2026,March,0
Lesotho,2026,April,0
Lesotho,2026,May,0
Lesotho,2026,Total,
Liberia,2023,January,20
Liberia,2023,February,25
Liberia,2023,March,30
Liberia,2023,April,15
Liberia,2023,May,25
Liberia,2023,June,10
Liberia,2023,July,15
Liberia,2023,August,15
Liberia,2023,September,20
Liberia,2023,October,10
Liberia,2023,November,25
Liberia,2023,December,20
Liberia,2023,Total,230
Liberia,2024,January,20
Liberia,2024,February,30
Liberia,2024,March,10
Liberia,2024,April,15
Liberia,2024,May,25
Liberia,2024,June,15
Liberia,2024,July,20
Liberia,2024,August,15
Liberia,2024,September,5
Liberia,2024,October,35
Liberia,2024,November,20
Liberia,2024,December,15
Liberia,2024,Total,225
Liberia,2025,January,40
Liberia,2025,February,10
Liberia,2025,March,35
Liberia,2025,April,20
Liberia,2025,May,25
Liberia,2025,June,10
Liberia,2025,July,35
Liberia,2025,August,30
Liberia,2025,September,20
Liberia,2025,October,15
Liberia,2025,November,10
Liberia,2025,December,5
Liberia,2025,Total,250
Liberia,2026,January,10
Liberia,2026,February,10
Liberia,2026,March,15
Liberia,2026,April,
Liberia,2026,May,0
Liberia,2026,Total,30
Libya,2023,January,30
Libya,2023,February,35
Libya,2023,March,30
Libya,2023,April,25
Libya,2023,May,30
Libya,2023,June,30
Libya,2023,July,50
Libya,2023,August,30
Libya,2023,September,15
Libya,2023,October,30
Libya,2023,November,50
Libya,2023,December,50
Libya,2023,Total,405
Libya,2024,January,35
Libya,2024,February,10
Libya,2024,March,50
Libya,2024,April,30
Libya,2024,May,30
Libya,2024,June,15
Libya,2024,July,35
Libya,2024,August,25
Libya,2024,September,55
Libya,2024,October,40
Libya,2024,November,20
Libya,2024,December,25
Libya,2024,Total,375
Libya,2025,January,25
Libya,2025,February,35
Libya,2025,March,35
Libya,2025,April,25
Libya,2025,May,15
Libya,2025,June,15
Libya,2025,July,30
Libya,2025,August,10
Libya,2025,September,35
Libya,2025,October,20
Libya,2025,November,10
Libya,2025,December,10
Libya,2025,Total,255
Libya,2026,January,5
Libya,2026,February,10
Libya,2026,March,10
Libya,2026,April,25
Libya,2026,May,
Libya,2026,Total,50
Liechtenstein,2023,January,0
Liechtenstein,2023,February,0
Liechtenstein,2023,March,0
Liechtenstein,2023,April,
Liechtenstein,2023,May,0
Liechtenstein,2023,June,0
Liechtenstein,2023,July,0
Liechtenstein,2023,August,0
Liechtenstein,2023,September,0
Liechtenstein,2023,October,0
Liechtenstein,2023,November,0
Liechtenstein,2023,December,0
Liechtenstein,2023,Total,
Liechtenstein,2024,January,0
Liechtenstein,2024,February,0
Liechtenstein,2024,March,0
Liechtenstein,2024,April,0
Liechtenstein,2024,May,0
Liechtenstein,2024,June,0
Liechtenstein,2024,July,0
Liechtenstein,2024,August,0
Liechtenstein,2024,September,0
Liechtenstein,2024,October,0
Liechtenstein,2024,November,0
Liechtenstein,2024,December,0
Liechtenstein,2024,Total,0
Liechtenstein,2025,January,0
Liechtenstein,2025,February,0
Liechtenstein,2025,March,0
Liechtenstein,2025,April,0
Liechtenstein,2025,May,0
Liechtenstein,2025,June,0
Liechtenstein,2025,July,0
Liechtenstein,2025,August,0
Liechtenstein,2025,September,0
Liechtenstein,2025,October,0
Liechtenstein,2025,November,0
Liechtenstein,2025,December,0
Liechtenstein,2025,Total,0
Liechtenstein,2026,January,0
Liechtenstein,2026,February,0
Liechtenstein,2026,March,0
Liechtenstein,2026,April,0
Liechtenstein,2026,May,0
Liechtenstein,2026,Total,0
Lithuania,2023,January,
Lithuania,2023,February,10
Lithuania,2023,March,10
Lithuania,2023,April,10
Lithuania,2023,May,15
Lithuania,2023,June,
Lithuania,2023,July,5
Lithuania,2023,August,10
Lithuania,2023,September,10
Lithuania,2023,October,5
Lithuania,2023,November,15
Lithuania,2023,December,5
Lithuania,2023,Total,105
Lithuania,2024,January,
Lithuania,2024,February,5
Lithuania,2024,March,5
Lithuania,2024,April,
Lithuania,2024,May,
Lithuania,2024,June,
Lithuania,2024,July,15
Lithuania,2024,August,5
Lithuania,2024,September,5
Lithuania,2024,October,
Lithuania,2024,November,5
Lithuania,2024,December,
Lithuania,2024,Total,55
Lithuania,2025,January,
Lithuania,2025,February,5
Lithuania,2025,March,
Lithuania,2025,April,
Lithuania,2025,May,
Lithuania,2025,June,10
Lithuania,2025,July,
Lithuania,2025,August,
Lithuania,2025,September,10
Lithuania,2025,October,
Lithuania,2025,November,
Lithuania,2025,December,
Lithuania,2025,Total,45
Lithuania,2026,January,
Lithuania,2026,February,
Lithuania,2026,March,
Lithuania,2026,April,
Lithuania,2026,May,0
Lithuania,2026,Total,10
Luxembourg,2023,January,0
Luxembourg,2023,February,
Luxembourg,2023,March,
Luxembourg,2023,April,
Luxembourg,2023,May,5
Luxembourg,2023,June,0
Luxembourg,2023,July,0
Luxembourg,2023,August,
Luxembourg,2023,September,
Luxembourg,2023,October,0
Luxembourg,2023,November,
Luxembourg,2023,December,
Luxembourg,2023,Total,15
Luxembourg,2024,January,
Luxembourg,2024,February,0
Luxembourg,2024,March,0
Luxembourg,2024,April,
Luxembourg,2024,May,
Luxembourg,2024,June,
Luxembourg,2024,July,
Luxembourg,2024,August,0
Luxembourg,2024,September,
Luxembourg,2024,October,
Luxembourg,2024,November,5
Luxembourg,2024,December,
Luxembourg,2024,Total,15
Luxembourg,2025,January,
Luxembourg,2025,February,0
Luxembourg,2025,March,
Luxembourg,2025,April,
Luxembourg,2025,May,0
Luxembourg,2025,June,
Luxembourg,2025,July,
Luxembourg,2025,August,5
Luxembourg,2025,September,
Luxembourg,2025,October,5
Luxembourg,2025,November,
Luxembourg,2025,December,5
Luxembourg,2025,Total,30
Luxembourg,2026,January,
Luxembourg,2026,February,
Luxembourg,2026,March,5
Luxembourg,2026,April,
Luxembourg,2026,May,0
Luxembourg,2026,Total,10
Macao,2023,January,0
Macao,2023,February,
Macao,2023,March,
Macao,2023,April,
Macao,2023,May,
Macao,2023,June,
Macao,2023,July,
Macao,2023,August,
Macao,2023,September,
Macao,2023,October,
Macao,2023,November,
Macao,2023,December,5
Macao,2023,Total,25
Macao,2024,January,0
Macao,2024,February,
Macao,2024,March,
Macao,2024,April,0
Macao,2024,May,0
Macao,2024,June,
Macao,2024,July,
Macao,2024,August,
Macao,2024,September,
Macao,2024,October,
Macao,2024,November,
Macao,2024,December,0
Macao,2024,Total,20
Macao,2025,January,0
Macao,2025,February,
Macao,2025,March,5
Macao,2025,April,
Macao,2025,May,5
Macao,2025,June,0
Macao,2025,July,
Macao,2025,August,
Macao,2025,September,
Macao,2025,October,
Macao,2025,November,
Macao,2025,December,0
Macao,2025,Total,25
Macao,2026,January,
Macao,2026,February,0
Macao,2026,March,10
Macao,2026,April,
Macao,2026,May,
Macao,2026,Total,15
Macedonia,2023,January,0
Macedonia,2023,February,0
Macedonia,2023,March,10
Macedonia,2023,April,
Macedonia,2023,May,10
Macedonia,2023,June,10
Macedonia,2023,July,
Macedonia,2023,August,5
Macedonia,2023,September,
Macedonia,2023,October,10
Macedonia,2023,November,10
Macedonia,2023,December,10
Macedonia,2023,Total,70
Macedonia,2024,January,10
Macedonia,2024,February,
Macedonia,2024,March,10
Macedonia,2024,April,
Macedonia,2024,May,5
Macedonia,2024,June,10
Macedonia,2024,July,10
Macedonia,2024,August,10
Macedonia,2024,September,5
Macedonia,2024,October,5
Macedonia,2024,November,
Macedonia,2024,December,
Macedonia,2024,Total,75
Macedonia,2025,January,0
Macedonia,2025,February,5
Macedonia,2025,March,
Macedonia,2025,April,0
Macedonia,2025,May,5
Macedonia,2025,June,10
Macedonia,2025,July,
Macedonia,2025,August,
Macedonia,2025,September,
Macedonia,2025,October,
Macedonia,2025,November,
Macedonia,2025,December,
Macedonia,2025,Total,35
Macedonia,2026,January,5
Macedonia,2026,February,
Macedonia,2026,March,0
Macedonia,2026,April,5
Macedonia,2026,May,0
Macedonia,2026,Total,10
Madagascar,2023,January,30
Madagascar,2023,February,15
Madagascar,2023,March,40
Madagascar,2023,April,50
Madagascar,2023,May,40
Madagascar,2023,June,25
Madagascar,2023,July,70
Madagascar,2023,August,80
Madagascar,2023,September,65
Madagascar,2023,October,90
Madagascar,2023,November,55
Madagascar,2023,December,75
Madagascar,2023,Total,635
Madagascar,2024,January,70
Madagascar,2024,February,55
Madagascar,2024,March,100
Madagascar,2024,April,55
Madagascar,2024,May,65
Madagascar,2024,June,75
Madagascar,2024,July,75
Madagascar,2024,August,105
Madagascar,2024,September,105
Madagascar,2024,October,85
Madagascar,2024,November,70
Madagascar,2024,December,45
Madagascar,2024,Total,905
Madagascar,2025,January,90
Madagascar,2025,February,75
Madagascar,2025,March,105
Madagascar,2025,April,100
Madagascar,2025,May,95
Madagascar,2025,June,55
Madagascar,2025,July,70
Madagascar,2025,August,85
Madagascar,2025,September,105
Madagascar,2025,October,130
Madagascar,2025,November,95
Madagascar,2025,December,135
Madagascar,2025,Total,1140
Madagascar,2026,January,135
Madagascar,2026,February,95
Madagascar,2026,March,70
Madagascar,2026,April,70
Madagascar,2026,May,40
Madagascar,2026,Total,410
Malawi,2023,January,10
Malawi,2023,February,5
Malawi,2023,March,10
Malawi,2023,April,10
Malawi,2023,May,10
Malawi,2023,June,5
Malawi,2023,July,5
Malawi,2023,August,0
Malawi,2023,September,
Malawi,2023,October,
Malawi,2023,November,
Malawi,2023,December,10
Malawi,2023,Total,75
Malawi,2024,January,
Malawi,2024,February,5
Malawi,2024,March,5
Malawi,2024,April,5
Malawi,2024,May,5
Malawi,2024,June,
Malawi,2024,July,
Malawi,2024,August,5
Malawi,2024,September,
Malawi,2024,October,10
Malawi,2024,November,
Malawi,2024,December,25
Malawi,2024,Total,80
Malawi,2025,January,10
Malawi,2025,February,10
Malawi,2025,March,10
Malawi,2025,April,
Malawi,2025,May,
Malawi,2025,June,
Malawi,2025,July,5
Malawi,2025,August,
Malawi,2025,September,10
Malawi,2025,October,10
Malawi,2025,November,
Malawi,2025,December,0
Malawi,2025,Total,65
Malawi,2026,January,5
Malawi,2026,February,
Malawi,2026,March,0
Malawi,2026,April,
Malawi,2026,May,0
Malawi,2026,Total,10
Malaysia,2023,January,40
Malaysia,2023,February,30
Malaysia,2023,March,55
Malaysia,2023,April,25
Malaysia,2023,May,35
Malaysia,2023,June,25
Malaysia,2023,July,15
Malaysia,2023,August,45
Malaysia,2023,September,30
Malaysia,2023,October,35
Malaysia,2023,November,25
Malaysia,2023,December,60
Malaysia,2023,Total,415
Malaysia,2024,January,40
Malaysia,2024,February,40
Malaysia,2024,March,30
Malaysia,2024,April,25
Malaysia,2024,May,35
Malaysia,2024,June,20
Malaysia,2024,July,45
Malaysia,2024,August,35
Malaysia,2024,September,40
Malaysia,2024,October,30
Malaysia,2024,November,30
Malaysia,2024,December,20
Malaysia,2024,Total,390
Malaysia,2025,January,20
Malaysia,2025,February,40
Malaysia,2025,March,15
Malaysia,2025,April,15
Malaysia,2025,May,15
Malaysia,2025,June,10
Malaysia,2025,July,10
Malaysia,2025,August,30
Malaysia,2025,September,25
Malaysia,2025,October,25
Malaysia,2025,November,15
Malaysia,2025,December,15
Malaysia,2025,Total,235
Malaysia,2026,January,35
Malaysia,2026,February,30
Malaysia,2026,March,30
Malaysia,2026,April,20
Malaysia,2026,May,15
Malaysia,2026,Total,130
"Maldives, Republic of",2023,January,0
"Maldives, Republic of",2023,February,0
"Maldives, Republic of",2023,March,0
"Maldives, Republic of",2023,April,
"Maldives, Republic of",2023,May,
"Maldives, Republic of",2023,June,0
"Maldives, Republic of",2023,July,0
"Maldives, Republic of",2023,August,0
"Maldives, Republic of",2023,September,0
"Maldives, Republic of",2023,October,0
"Maldives, Republic of",2023,November,0
"Maldives, Republic of",2023,December,0
"Maldives, Republic of",2023,Total,5
"Maldives, Republic of",2024,January,
"Maldives, Republic of",2024,February,0
"Maldives, Republic of",2024,March,
"Maldives, Republic of",2024,April,0
"Maldives, Republic of",2024,May,0
"Maldives, Republic of",2024,June,
"Maldives, Republic of",2024,July,0
"Maldives, Republic of",2024,August,0
"Maldives, Republic of",2024,September,0
"Maldives, Republic of",2024,October,0
"Maldives, Republic of",2024,November,0
"Maldives, Republic of",2024,December,0
"Maldives, Republic of",2024,Total,5
"Maldives, Republic of",2025,January,0
"Maldives, Republic of",2025,February,
"Maldives, Republic of",2025,March,
"Maldives, Republic of",2025,April,0
"Maldives, Republic of",2025,May,0
"Maldives, Republic of",2025,June,0
"Maldives, Republic of",2025,July,0
"Maldives, Republic of",2025,August,0
"Maldives, Republic of",2025,September,0
"Maldives, Republic of",2025,October,0
"Maldives, Republic of",2025,November,0
"Maldives, Republic of",2025,December,0
"Maldives, Republic of",2025,Total,
"Maldives, Republic of",2026,January,0
"Maldives, Republic of",2026,February,0
"Maldives, Republic of",2026,March,0
"Maldives, Republic of",2026,April,0
"Maldives, Republic of",2026,May,0
"Maldives, Republic of",2026,Total,0
"Mali, Republic of",2023,January,25
"Mali, Republic of",2023,February,30
"Mali, Republic of",2023,March,70
"Mali, Republic of",2023,April,20
"Mali, Republic of",2023,May,25
"Mali, Republic of",2023,June,50
"Mali, Republic of",2023,July,40
"Mali, Republic of",2023,August,50
"Mali, Republic of",2023,September,50
"Mali, Republic of",2023,October,25
"Mali, Republic of",2023,November,35
"Mali, Republic of",2023,December,80
"Mali, Republic of",2023,Total,495
"Mali, Republic of",2024,January,30
"Mali, Republic of",2024,February,30
"Mali, Republic of",2024,March,75
"Mali, Republic of",2024,April,70
"Mali, Republic of",2024,May,55
"Mali, Republic of",2024,June,25
"Mali, Republic of",2024,July,65
"Mali, Republic of",2024,August,70
"Mali, Republic of",2024,September,50
"Mali, Republic of",2024,October,60
"Mali, Republic of",2024,November,105
"Mali, Republic of",2024,December,135
"Mali, Republic of",2024,Total,765
"Mali, Republic of",2025,January,60
"Mali, Republic of",2025,February,45
"Mali, Republic of",2025,March,80
"Mali, Republic of",2025,April,70
"Mali, Republic of",2025,May,70
"Mali, Republic of",2025,June,50
"Mali, Republic of",2025,July,65
"Mali, Republic of",2025,August,40
"Mali, Republic of",2025,September,40
"Mali, Republic of",2025,October,75
"Mali, Republic of",2025,November,30
"Mali, Republic of",2025,December,55
"Mali, Republic of",2025,Total,680
"Mali, Republic of",2026,January,55
"Mali, Republic of",2026,February,35
"Mali, Republic of",2026,March,40
"Mali, Republic of",2026,April,55
"Mali, Republic of",2026,May,70
"Mali, Republic of",2026,Total,255
Malta,2023,January,0
Malta,2023,February,
Malta,2023,March,0
Malta,2023,April,0
Malta,2023,May,0
Malta,2023,June,
Malta,2023,July,0
Malta,2023,August,
Malta,2023,September,0
Malta,2023,October,0
Malta,2023,November,
Malta,2023,December,0
Malta,2023,Total,5
Malta,2024,January,
Malta,2024,February,0
Malta,2024,March,0
Malta,2024,April,0
Malta,2024,May,0
Malta,2024,June,0
Malta,2024,July,
Malta,2024,August,0
Malta,2024,September,0
Malta,2024,October,0
Malta,2024,November,0
Malta,2024,December,
Malta,2024,Total,5
Malta,2025,January,0
Malta,2025,February,0
Malta,2025,March,
Malta,2025,April,0
Malta,2025,May,
Malta,2025,June,0
Malta,2025,July,0
Malta,2025,August,0
Malta,2025,September,0
Malta,2025,October,0
Malta,2025,November,0
Malta,2025,December,0
Malta,2025,Total,
Malta,2026,January,0
Malta,2026,February,0
Malta,2026,March,0
Malta,2026,April,0
Malta,2026,May,0
Malta,2026,Total,0
Mauritania,2023,January,5
Mauritania,2023,February,10
Mauritania,2023,March,25
Mauritania,2023,April,35
Mauritania,2023,May,20
Mauritania,2023,June,15
Mauritania,2023,July,20
Mauritania,2023,August,35
Mauritania,2023,September,30
Mauritania,2023,October,10
Mauritania,2023,November,20
Mauritania,2023,December,30
Mauritania,2023,Total,250
Mauritania,2024,January,15
Mauritania,2024,February,25
Mauritania,2024,March,25
Mauritania,2024,April,45
Mauritania,2024,May,25
Mauritania,2024,June,30
Mauritania,2024,July,25
Mauritania,2024,August,30
Mauritania,2024,September,15
Mauritania,2024,October,15
Mauritania,2024,November,20
Mauritania,2024,December,20
Mauritania,2024,Total,285
Mauritania,2025,January,45
Mauritania,2025,February,25
Mauritania,2025,March,50
Mauritania,2025,April,35
Mauritania,2025,May,40
Mauritania,2025,June,20
Mauritania,2025,July,20
Mauritania,2025,August,15
Mauritania,2025,September,20
Mauritania,2025,October,5
Mauritania,2025,November,30
Mauritania,2025,December,30
Mauritania,2025,Total,340
Mauritania,2026,January,20
Mauritania,2026,February,5
Mauritania,2026,March,15
Mauritania,2026,April,20
Mauritania,2026,May,20
Mauritania,2026,Total,85
Mauritius,2023,January,100
Mauritius,2023,February,85
Mauritius,2023,March,95
Mauritius,2023,April,65
Mauritius,2023,May,170
Mauritius,2023,June,75
Mauritius,2023,July,85
Mauritius,2023,August,305
Mauritius,2023,September,300
Mauritius,2023,October,105
Mauritius,2023,November,115
Mauritius,2023,December,125
Mauritius,2023,Total,1635
Mauritius,2024,January,90
Mauritius,2024,February,135
Mauritius,2024,March,370
Mauritius,2024,April,165
Mauritius,2024,May,135
Mauritius,2024,June,130
Mauritius,2024,July,150
Mauritius,2024,August,190
Mauritius,2024,September,220
Mauritius,2024,October,170
Mauritius,2024,November,125
Mauritius,2024,December,85
Mauritius,2024,Total,1965
Mauritius,2025,January,150
Mauritius,2025,February,70
Mauritius,2025,March,130
Mauritius,2025,April,250
Mauritius,2025,May,180
Mauritius,2025,June,90
Mauritius,2025,July,50
Mauritius,2025,August,75
Mauritius,2025,September,115
Mauritius,2025,October,190
Mauritius,2025,November,135
Mauritius,2025,December,170
Mauritius,2025,Total,1605
Mauritius,2026,January,100
Mauritius,2026,February,130
Mauritius,2026,March,125
Mauritius,2026,April,125
Mauritius,2026,May,65
Mauritius,2026,Total,545
Mexico,2023,January,625
Mexico,2023,February,605
Mexico,2023,March,880
Mexico,2023,April,725
Mexico,2023,May,835
Mexico,2023,June,820
Mexico,2023,July,705
Mexico,2023,August,860
Mexico,2023,September,855
Mexico,2023,October,800
Mexico,2023,November,930
Mexico,2023,December,950
Mexico,2023,Total,9580
Mexico,2024,January,755
Mexico,2024,February,920
Mexico,2024,March,1030
Mexico,2024,April,1025
Mexico,2024,May,1030
Mexico,2024,June,935
Mexico,2024,July,1200
Mexico,2024,August,1230
Mexico,2024,September,1330
Mexico,2024,October,1210
Mexico,2024,November,1080
Mexico,2024,December,935
Mexico,2024,Total,12675
Mexico,2025,January,1095
Mexico,2025,February,945
Mexico,2025,March,1165
Mexico,2025,April,995
Mexico,2025,May,875
Mexico,2025,June,810
Mexico,2025,July,770
Mexico,2025,August,835
Mexico,2025,September,805
Mexico,2025,October,695
Mexico,2025,November,485
Mexico,2025,December,415
Mexico,2025,Total,9885
Mexico,2026,January,405
Mexico,2026,February,415
Mexico,2026,March,510
Mexico,2026,April,340
Mexico,2026,May,180
Mexico,2026,Total,1845
Moldova,2023,January,5
Moldova,2023,February,10
Moldova,2023,March,15
Moldova,2023,April,10
Moldova,2023,May,10
Moldova,2023,June,10
Moldova,2023,July,
Moldova,2023,August,
Moldova,2023,September,30
Moldova,2023,October,15
Moldova,2023,November,25
Moldova,2023,December,55
Moldova,2023,Total,185
Moldova,2024,January,20
Moldova,2024,February,5
Moldova,2024,March,20
Moldova,2024,April,15
Moldova,2024,May,15
Moldova,2024,June,25
Moldova,2024,July,55
Moldova,2024,August,30
Moldova,2024,September,10
Moldova,2024,October,10
Moldova,2024,November,5
Moldova,2024,December,
Moldova,2024,Total,215
Moldova,2025,January,10
Moldova,2025,February,5
Moldova,2025,March,5
Moldova,2025,April,10
Moldova,2025,May,
Moldova,2025,June,5
Moldova,2025,July,10
Moldova,2025,August,20
Moldova,2025,September,25
Moldova,2025,October,25
Moldova,2025,November,10
Moldova,2025,December,15
Moldova,2025,Total,140
Moldova,2026,January,5
Moldova,2026,February,
Moldova,2026,March,
Moldova,2026,April,5
Moldova,2026,May,0
Moldova,2026,Total,15
Monaco,2023,January,0
Monaco,2023,February,
Monaco,2023,March,0
Monaco,2023,April,0
Monaco,2023,May,0
Monaco,2023,June,0
Monaco,2023,July,0
Monaco,2023,August,0
Monaco,2023,September,0
Monaco,2023,October,0
Monaco,2023,November,0
Monaco,2023,December,0
Monaco,2023,Total,
Monaco,2024,January,0
Monaco,2024,February,0
Monaco,2024,March,
Monaco,2024,April,0
Monaco,2024,May,0
Monaco,2024,June,0
Monaco,2024,July,0
Monaco,2024,August,0
Monaco,2024,September,0
Monaco,2024,October,
Monaco,2024,November,0
Monaco,2024,December,0
Monaco,2024,Total,
Monaco,2025,January,0
Monaco,2025,February,0
Monaco,2025,March,
Monaco,2025,April,0
Monaco,2025,May,0
Monaco,2025,June,0
Monaco,2025,July,0
Monaco,2025,August,0
Monaco,2025,September,0
Monaco,2025,October,0
Monaco,2025,November,0
Monaco,2025,December,0
Monaco,2025,Total,
Monaco,2026,January,0
Monaco,2026,February,0
Monaco,2026,March,0
Monaco,2026,April,0
Monaco,2026,May,
Monaco,2026,Total,
"Mongolia, People's Republic of",2023,January,10
"Mongolia, People's Republic of",2023,February,
"Mongolia, People's Republic of",2023,March,20
"Mongolia, People's Republic of",2023,April,15
"Mongolia, People's Republic of",2023,May,
"Mongolia, People's Republic of",2023,June,10
"Mongolia, People's Republic of",2023,July,
"Mongolia, People's Republic of",2023,August,5
"Mongolia, People's Republic of",2023,September,10
"Mongolia, People's Republic of",2023,October,10
"Mongolia, People's Republic of",2023,November,15
"Mongolia, People's Republic of",2023,December,20
"Mongolia, People's Republic of",2023,Total,125
"Mongolia, People's Republic of",2024,January,25
"Mongolia, People's Republic of",2024,February,10
"Mongolia, People's Republic of",2024,March,10
"Mongolia, People's Republic of",2024,April,20
"Mongolia, People's Republic of",2024,May,15
"Mongolia, People's Republic of",2024,June,5
"Mongolia, People's Republic of",2024,July,25
"Mongolia, People's Republic of",2024,August,10
"Mongolia, People's Republic of",2024,September,10
"Mongolia, People's Republic of",2024,October,20
"Mongolia, People's Republic of",2024,November,15
"Mongolia, People's Republic of",2024,December,5
"Mongolia, People's Republic of",2024,Total,170
"Mongolia, People's Republic of",2025,January,15
"Mongolia, People's Republic of",2025,February,10
"Mongolia, People's Republic of",2025,March,10
"Mongolia, People's Republic of",2025,April,
"Mongolia, People's Republic of",2025,May,10
"Mongolia, People's Republic of",2025,June,
"Mongolia, People's Republic of",2025,July,20
"Mongolia, People's Republic of",2025,August,5
"Mongolia, People's Republic of",2025,September,10
"Mongolia, People's Republic of",2025,October,
"Mongolia, People's Republic of",2025,November,5
"Mongolia, People's Republic of",2025,December,
"Mongolia, People's Republic of",2025,Total,95
"Mongolia, People's Republic of",2026,January,10
"Mongolia, People's Republic of",2026,February,20
"Mongolia, People's Republic of",2026,March,5
"Mongolia, People's Republic of",2026,April,5
"Mongolia, People's Republic of",2026,May,
"Mongolia, People's Republic of",2026,Total,45
"Montenegro, Republic of",2023,January,
"Montenegro, Republic of",2023,February,0
"Montenegro, Republic of",2023,March,
"Montenegro, Republic of",2023,April,
"Montenegro, Republic of",2023,May,0
"Montenegro, Republic of",2023,June,
"Montenegro, Republic of",2023,July,
"Montenegro, Republic of",2023,August,
"Montenegro, Republic of",2023,September,
"Montenegro, Republic of",2023,October,
"Montenegro, Republic of",2023,November,
"Montenegro, Republic of",2023,December,
"Montenegro, Republic of",2023,Total,15
"Montenegro, Republic of",2024,January,0
"Montenegro, Republic of",2024,February,0
"Montenegro, Republic of",2024,March,5
"Montenegro, Republic of",2024,April,10
"Montenegro, Republic of",2024,May,0
"Montenegro, Republic of",2024,June,
"Montenegro, Republic of",2024,July,5
"Montenegro, Republic of",2024,August,
"Montenegro, Republic of",2024,September,0
"Montenegro, Republic of",2024,October,
"Montenegro, Republic of",2024,November,
"Montenegro, Republic of",2024,December,
"Montenegro, Republic of",2024,Total,25
"Montenegro, Republic of",2025,January,0
"Montenegro, Republic of",2025,February,
"Montenegro, Republic of",2025,March,
"Montenegro, Republic of",2025,April,0
"Montenegro, Republic of",2025,May,
"Montenegro, Republic of",2025,June,
"Montenegro, Republic of",2025,July,0
"Montenegro, Republic of",2025,August,
"Montenegro, Republic of",2025,September,0
"Montenegro, Republic of",2025,October,
"Montenegro, Republic of",2025,November,
"Montenegro, Republic of",2025,December,0
"Montenegro, Republic of",2025,Total,15
"Montenegro, Republic of",2026,January,0
"Montenegro, Republic of",2026,February,5
"Montenegro, Republic of",2026,March,
"Montenegro, Republic of",2026,April,
"Montenegro, Republic of",2026,May,0
"Montenegro, Republic of",2026,Total,10
Morocco,2023,January,500
Morocco,2023,February,495
Morocco,2023,March,495
Morocco,2023,April,395
Morocco,2023,May,545
Morocco,2023,June,430
Morocco,2023,July,580
Morocco,2023,August,1260
Morocco,2023,September,975
Morocco,2023,October,500
Morocco,2023,November,545
Morocco,2023,December,615
Morocco,2023,Total,7335
Morocco,2024,January,430
Morocco,2024,February,665
Morocco,2024,March,1375
Morocco,2024,April,870
Morocco,2024,May,495
Morocco,2024,June,520
Morocco,2024,July,790
Morocco,2024,August,920
Morocco,2024,September,795
Morocco,2024,October,790
Morocco,2024,November,615
Morocco,2024,December,475
Morocco,2024,Total,8745
Morocco,2025,January,585
Morocco,2025,February,415
Morocco,2025,March,720
Morocco,2025,April,1070
Morocco,2025,May,920
Morocco,2025,June,265
Morocco,2025,July,355
Morocco,2025,August,385
Morocco,2025,September,600
Morocco,2025,October,855
Morocco,2025,November,640
Morocco,2025,December,700
Morocco,2025,Total,7510
Morocco,2026,January,550
Morocco,2026,February,480
Morocco,2026,March,520
Morocco,2026,April,585
Morocco,2026,May,385
Morocco,2026,Total,2515
Mozambique,2023,January,
Mozambique,2023,February,0
Mozambique,2023,March,0
Mozambique,2023,April,
Mozambique,2023,May,
Mozambique,2023,June,
Mozambique,2023,July,0
Mozambique,2023,August,
Mozambique,2023,September,
Mozambique,2023,October,
Mozambique,2023,November,
Mozambique,2023,December,5
Mozambique,2023,Total,25
Mozambique,2024,January,
Mozambique,2024,February,0
Mozambique,2024,March,
Mozambique,2024,April,0
Mozambique,2024,May,0
Mozambique,2024,June,0
Mozambique,2024,July,
Mozambique,2024,August,0
Mozambique,2024,September,0
Mozambique,2024,October,
Mozambique,2024,November,10
Mozambique,2024,December,
Mozambique,2024,Total,25
Mozambique,2025,January,
Mozambique,2025,February,0
Mozambique,2025,March,
Mozambique,2025,April,0
Mozambique,2025,May,
Mozambique,2025,June,
Mozambique,2025,July,0
Mozambique,2025,August,0
Mozambique,2025,September,
Mozambique,2025,October,
Mozambique,2025,November,
Mozambique,2025,December,0
Mozambique,2025,Total,10
Mozambique,2026,January,10
Mozambique,2026,February,
Mozambique,2026,March,0
Mozambique,2026,April,
Mozambique,2026,May,0
Mozambique,2026,Total,15
Myanmar (Burma),2023,January,20
Myanmar (Burma),2023,February,15
Myanmar (Burma),2023,March,25
Myanmar (Burma),2023,April,25
Myanmar (Burma),2023,May,55
Myanmar (Burma),2023,June,35
Myanmar (Burma),2023,July,10
Myanmar (Burma),2023,August,40
Myanmar (Burma),2023,September,60
Myanmar (Burma),2023,October,35
Myanmar (Burma),2023,November,30
Myanmar (Burma),2023,December,50
Myanmar (Burma),2023,Total,400
Myanmar (Burma),2024,January,35
Myanmar (Burma),2024,February,40
Myanmar (Burma),2024,March,50
Myanmar (Burma),2024,April,30
Myanmar (Burma),2024,May,15
Myanmar (Burma),2024,June,25
Myanmar (Burma),2024,July,35
Myanmar (Burma),2024,August,25
Myanmar (Burma),2024,September,40
Myanmar (Burma),2024,October,30
Myanmar (Burma),2024,November,15
Myanmar (Burma),2024,December,40
Myanmar (Burma),2024,Total,380
Myanmar (Burma),2025,January,25
Myanmar (Burma),2025,February,30
Myanmar (Burma),2025,March,30
Myanmar (Burma),2025,April,30
Myanmar (Burma),2025,May,35
Myanmar (Burma),2025,June,40
Myanmar (Burma),2025,July,20
Myanmar (Burma),2025,August,50
Myanmar (Burma),2025,September,50
Myanmar (Burma),2025,October,25
Myanmar (Burma),2025,November,30
Myanmar (Burma),2025,December,60
Myanmar (Burma),2025,Total,425
Myanmar (Burma),2026,January,20
Myanmar (Burma),2026,February,105
Myanmar (Burma),2026,March,30
Myanmar (Burma),2026,April,25
Myanmar (Burma),2026,May,25
Myanmar (Burma),2026,Total,205
Namibia,2023,January,
Namibia,2023,February,
Namibia,2023,March,5
Namibia,2023,April,5
Namibia,2023,May,
Namibia,2023,June,5
Namibia,2023,July,10
Namibia,2023,August,10
Namibia,2023,September,10
Namibia,2023,October,15
Namibia,2023,November,5
Namibia,2023,December,
Namibia,2023,Total,75
Namibia,2024,January,10
Namibia,2024,February,10
Namibia,2024,March,
Namibia,2024,April,10
Namibia,2024,May,10
Namibia,2024,June,10
Namibia,2024,July,10
Namibia,2024,August,10
Namibia,2024,September,10
Namibia,2024,October,5
Namibia,2024,November,20
Namibia,2024,December,10
Namibia,2024,Total,125
Namibia,2025,January,10
Namibia,2025,February,10
Namibia,2025,March,5
Namibia,2025,April,15
Namibia,2025,May,10
Namibia,2025,June,10
Namibia,2025,July,
Namibia,2025,August,5
Namibia,2025,September,5
Namibia,2025,October,
Namibia,2025,November,5
Namibia,2025,December,5
Namibia,2025,Total,85
Namibia,2026,January,
Namibia,2026,February,10
Namibia,2026,March,
Namibia,2026,April,0
Namibia,2026,May,
Namibia,2026,Total,20
Nauru,2023,January,0
Nauru,2023,February,0
Nauru,2023,March,0
Nauru,2023,April,0
Nauru,2023,May,0
Nauru,2023,June,0
Nauru,2023,July,0
Nauru,2023,August,0
Nauru,2023,September,0
Nauru,2023,October,0
Nauru,2023,November,0
Nauru,2023,December,0
Nauru,2023,Total,0
Nauru,2024,January,0
Nauru,2024,February,0
Nauru,2024,March,0
Nauru,2024,April,0
Nauru,2024,May,0
Nauru,2024,June,0
Nauru,2024,July,0
Nauru,2024,August,0
Nauru,2024,September,0
Nauru,2024,October,0
Nauru,2024,November,0
Nauru,2024,December,0
Nauru,2024,Total,0
Nauru,2025,January,0
Nauru,2025,February,
Nauru,2025,March,0
Nauru,2025,April,0
Nauru,2025,May,0
Nauru,2025,June,0
Nauru,2025,July,0
Nauru,2025,August,0
Nauru,2025,September,0
Nauru,2025,October,0
Nauru,2025,November,0
Nauru,2025,December,0
Nauru,2025,Total,
Nauru,2026,January,0
Nauru,2026,February,0
Nauru,2026,March,0
Nauru,2026,April,0
Nauru,2026,May,0
Nauru,2026,Total,0
Nepal,2023,January,175
Nepal,2023,February,110
Nepal,2023,March,185
Nepal,2023,April,120
Nepal,2023,May,210
Nepal,2023,June,160
Nepal,2023,July,140
Nepal,2023,August,185
Nepal,2023,September,160
Nepal,2023,October,185
Nepal,2023,November,225
Nepal,2023,December,285
Nepal,2023,Total,2135
Nepal,2024,January,200
Nepal,2024,February,165
Nepal,2024,March,180
Nepal,2024,April,230
Nepal,2024,May,230
Nepal,2024,June,245
Nepal,2024,July,395
Nepal,2024,August,440
Nepal,2024,September,355
Nepal,2024,October,355
Nepal,2024,November,250
Nepal,2024,December,215
Nepal,2024,Total,3265
Nepal,2025,January,250
Nepal,2025,February,175
Nepal,2025,March,180
Nepal,2025,April,205
Nepal,2025,May,185
Nepal,2025,June,225
Nepal,2025,July,250
Nepal,2025,August,360
Nepal,2025,September,300
Nepal,2025,October,250
Nepal,2025,November,225
Nepal,2025,December,135
Nepal,2025,Total,2740
Nepal,2026,January,200
Nepal,2026,February,195
Nepal,2026,March,235
Nepal,2026,April,195
Nepal,2026,May,145
Nepal,2026,Total,965
New Caledonia,2023,January,0
New Caledonia,2023,February,0
New Caledonia,2023,March,0
New Caledonia,2023,April,0
New Caledonia,2023,May,0
New Caledonia,2023,June,0
New Caledonia,2023,July,0
New Caledonia,2023,August,0
New Caledonia,2023,September,
New Caledonia,2023,October,0
New Caledonia,2023,November,0
New Caledonia,2023,December,0
New Caledonia,2023,Total,
New Caledonia,2024,January,0
New Caledonia,2024,February,0
New Caledonia,2024,March,0
New Caledonia,2024,April,0
New Caledonia,2024,May,0
New Caledonia,2024,June,0
New Caledonia,2024,July,0
New Caledonia,2024,August,0
New Caledonia,2024,September,0
New Caledonia,2024,October,0
New Caledonia,2024,November,0
New Caledonia,2024,December,0
New Caledonia,2024,Total,0
New Caledonia,2025,January,0
New Caledonia,2025,February,0
New Caledonia,2025,March,
New Caledonia,2025,April,0
New Caledonia,2025,May,0
New Caledonia,2025,June,0
New Caledonia,2025,July,0
New Caledonia,2025,August,0
New Caledonia,2025,September,0
New Caledonia,2025,October,0
New Caledonia,2025,November,0
New Caledonia,2025,December,0
New Caledonia,2025,Total,
New Caledonia,2026,January,0
New Caledonia,2026,February,
New Caledonia,2026,March,0
New Caledonia,2026,April,
New Caledonia,2026,May,0
New Caledonia,2026,Total,
New Zealand,2023,January,25
New Zealand,2023,February,20
New Zealand,2023,March,35
New Zealand,2023,April,40
New Zealand,2023,May,40
New Zealand,2023,June,20
New Zealand,2023,July,35
New Zealand,2023,August,55
New Zealand,2023,September,35
New Zealand,2023,October,35
New Zealand,2023,November,50
New Zealand,2023,December,30
New Zealand,2023,Total,415
New Zealand,2024,January,40
New Zealand,2024,February,20
New Zealand,2024,March,45
New Zealand,2024,April,45
New Zealand,2024,May,35
New Zealand,2024,June,30
New Zealand,2024,July,35
New Zealand,2024,August,35
New Zealand,2024,September,30
New Zealand,2024,October,30
New Zealand,2024,November,35
New Zealand,2024,December,30
New Zealand,2024,Total,420
New Zealand,2025,January,25
New Zealand,2025,February,20
New Zealand,2025,March,30
New Zealand,2025,April,20
New Zealand,2025,May,20
New Zealand,2025,June,20
New Zealand,2025,July,20
New Zealand,2025,August,30
New Zealand,2025,September,35
New Zealand,2025,October,15
New Zealand,2025,November,30
New Zealand,2025,December,20
New Zealand,2025,Total,290
New Zealand,2026,January,25
New Zealand,2026,February,40
New Zealand,2026,March,25
New Zealand,2026,April,30
New Zealand,2026,May,15
New Zealand,2026,Total,130
Nicaragua,2023,January,30
Nicaragua,2023,February,20
Nicaragua,2023,March,45
Nicaragua,2023,April,40
Nicaragua,2023,May,65
Nicaragua,2023,June,40
Nicaragua,2023,July,70
Nicaragua,2023,August,65
Nicaragua,2023,September,30
Nicaragua,2023,October,45
Nicaragua,2023,November,35
Nicaragua,2023,December,115
Nicaragua,2023,Total,600
Nicaragua,2024,January,10
Nicaragua,2024,February,55
Nicaragua,2024,March,55
Nicaragua,2024,April,80
Nicaragua,2024,May,45
Nicaragua,2024,June,35
Nicaragua,2024,July,75
Nicaragua,2024,August,45
Nicaragua,2024,September,55
Nicaragua,2024,October,50
Nicaragua,2024,November,35
Nicaragua,2024,December,45
Nicaragua,2024,Total,585
Nicaragua,2025,January,50
Nicaragua,2025,February,75
Nicaragua,2025,March,55
Nicaragua,2025,April,45
Nicaragua,2025,May,35
Nicaragua,2025,June,30
Nicaragua,2025,July,25
Nicaragua,2025,August,20
Nicaragua,2025,September,30
Nicaragua,2025,October,25
Nicaragua,2025,November,25
Nicaragua,2025,December,5
Nicaragua,2025,Total,425
Nicaragua,2026,January,5
Nicaragua,2026,February,5
Nicaragua,2026,March,20
Nicaragua,2026,April,5
Nicaragua,2026,May,10
Nicaragua,2026,Total,45
Nigeria,2023,January,1505
Nigeria,2023,February,1055
Nigeria,2023,March,1505
Nigeria,2023,April,1510
Nigeria,2023,May,2130
Nigeria,2023,June,1365
Nigeria,2023,July,1755
Nigeria,2023,August,2185
Nigeria,2023,September,1735
Nigeria,2023,October,2010
Nigeria,2023,November,2245
Nigeria,2023,December,2815
Nigeria,2023,Total,21810
Nigeria,2024,January,2550
Nigeria,2024,February,2170
Nigeria,2024,March,2430
Nigeria,2024,April,2510
Nigeria,2024,May,1530
Nigeria,2024,June,1630
Nigeria,2024,July,2505
Nigeria,2024,August,3025
Nigeria,2024,September,2135
Nigeria,2024,October,2105
Nigeria,2024,November,1925
Nigeria,2024,December,2600
Nigeria,2024,Total,27115
Nigeria,2025,January,2345
Nigeria,2025,February,1625
Nigeria,2025,March,2110
Nigeria,2025,April,1930
Nigeria,2025,May,1795
Nigeria,2025,June,1540
Nigeria,2025,July,1730
Nigeria,2025,August,2430
Nigeria,2025,September,2845
Nigeria,2025,October,2850
Nigeria,2025,November,2640
Nigeria,2025,December,2305
Nigeria,2025,Total,26145
Nigeria,2026,January,2305
Nigeria,2026,February,1505
Nigeria,2026,March,1900
Nigeria,2026,April,2770
Nigeria,2026,May,840
Nigeria,2026,Total,9320
Norway,2023,January,
Norway,2023,February,0
Norway,2023,March,10
Norway,2023,April,5
Norway,2023,May,
Norway,2023,June,5
Norway,2023,July,5
Norway,2023,August,
Norway,2023,September,5
Norway,2023,October,15
Norway,2023,November,10
Norway,2023,December,5
Norway,2023,Total,75
Norway,2024,January,10
Norway,2024,February,5
Norway,2024,March,10
Norway,2024,April,10
Norway,2024,May,10
Norway,2024,June,5
Norway,2024,July,10
Norway,2024,August,5
Norway,2024,September,10
Norway,2024,October,
Norway,2024,November,
Norway,2024,December,5
Norway,2024,Total,95
Norway,2025,January,5
Norway,2025,February,10
Norway,2025,March,10
Norway,2025,April,5
Norway,2025,May,10
Norway,2025,June,5
Norway,2025,July,
Norway,2025,August,15
Norway,2025,September,
Norway,2025,October,10
Norway,2025,November,
Norway,2025,December,10
Norway,2025,Total,90
Norway,2026,January,5
Norway,2026,February,5
Norway,2026,March,10
Norway,2026,April,
Norway,2026,May,
Norway,2026,Total,25
Oman,2023,January,0
Oman,2023,February,0
Oman,2023,March,
Oman,2023,April,0
Oman,2023,May,
Oman,2023,June,
Oman,2023,July,5
Oman,2023,August,
Oman,2023,September,
Oman,2023,October,0
Oman,2023,November,
Oman,2023,December,10
Oman,2023,Total,25
Oman,2024,January,
Oman,2024,February,
Oman,2024,March,
Oman,2024,April,
Oman,2024,May,
Oman,2024,June,
Oman,2024,July,0
Oman,2024,August,
Oman,2024,September,0
Oman,2024,October,0
Oman,2024,November,
Oman,2024,December,0
Oman,2024,Total,15
Oman,2025,January,0
Oman,2025,February,0
Oman,2025,March,
Oman,2025,April,0
Oman,2025,May,0
Oman,2025,June,0
Oman,2025,July,
Oman,2025,August,0
Oman,2025,September,0
Oman,2025,October,
Oman,2025,November,0
Oman,2025,December,
Oman,2025,Total,10
Oman,2026,January,0
Oman,2026,February,0
Oman,2026,March,
Oman,2026,April,
Oman,2026,May,
Oman,2026,Total,
Pakistan,2023,January,1010
Pakistan,2023,February,905
Pakistan,2023,March,1180
Pakistan,2023,April,1020
Pakistan,2023,May,1440
Pakistan,2023,June,1040
Pakistan,2023,July,965
Pakistan,2023,August,1305
Pakistan,2023,September,985
Pakistan,2023,October,1195
Pakistan,2023,November,1220
Pakistan,2023,December,2120
Pakistan,2023,Total,14385
Pakistan,2024,January,1365
Pakistan,2024,February,1200
Pakistan,2024,March,1250
Pakistan,2024,April,1490
Pakistan,2024,May,1275
Pakistan,2024,June,1175
Pakistan,2024,July,1805
Pakistan,2024,August,1740
Pakistan,2024,September,1240
Pakistan,2024,October,1140
Pakistan,2024,November,1075
Pakistan,2024,December,1220
Pakistan,2024,Total,15985
Pakistan,2025,January,1280
Pakistan,2025,February,960
Pakistan,2025,March,1180
Pakistan,2025,April,1190
Pakistan,2025,May,1120
Pakistan,2025,June,585
Pakistan,2025,July,635
Pakistan,2025,August,615
Pakistan,2025,September,825
Pakistan,2025,October,710
Pakistan,2025,November,485
Pakistan,2025,December,535
Pakistan,2025,Total,10110
Pakistan,2026,January,570
Pakistan,2026,February,555
Pakistan,2026,March,535
Pakistan,2026,April,425
Pakistan,2026,May,155
Pakistan,2026,Total,2240
Palestinian Authority (Gaza/West Bank),2023,January,45
Palestinian Authority (Gaza/West Bank),2023,February,75
Palestinian Authority (Gaza/West Bank),2023,March,85
Palestinian Authority (Gaza/West Bank),2023,April,55
Palestinian Authority (Gaza/West Bank),2023,May,65
Palestinian Authority (Gaza/West Bank),2023,June,55
Palestinian Authority (Gaza/West Bank),2023,July,85
Palestinian Authority (Gaza/West Bank),2023,August,70
Palestinian Authority (Gaza/West Bank),2023,September,45
Palestinian Authority (Gaza/West Bank),2023,October,80
Palestinian Authority (Gaza/West Bank),2023,November,75
Palestinian Authority (Gaza/West Bank),2023,December,110
Palestinian Authority (Gaza/West Bank),2023,Total,850
Palestinian Authority (Gaza/West Bank),2024,January,70
Palestinian Authority (Gaza/West Bank),2024,February,85
Palestinian Authority (Gaza/West Bank),2024,March,75
Palestinian Authority (Gaza/West Bank),2024,April,75
Palestinian Authority (Gaza/West Bank),2024,May,100
Palestinian Authority (Gaza/West Bank),2024,June,100
Palestinian Authority (Gaza/West Bank),2024,July,155
Palestinian Authority (Gaza/West Bank),2024,August,170
Palestinian Authority (Gaza/West Bank),2024,September,145
Palestinian Authority (Gaza/West Bank),2024,October,160
Palestinian Authority (Gaza/West Bank),2024,November,120
Palestinian Authority (Gaza/West Bank),2024,December,150
Palestinian Authority (Gaza/West Bank),2024,Total,1405
Palestinian Authority (Gaza/West Bank),2025,January,205
Palestinian Authority (Gaza/West Bank),2025,February,135
Palestinian Authority (Gaza/West Bank),2025,March,120
Palestinian Authority (Gaza/West Bank),2025,April,90
Palestinian Authority (Gaza/West Bank),2025,May,145
Palestinian Authority (Gaza/West Bank),2025,June,255
Palestinian Authority (Gaza/West Bank),2025,July,50
Palestinian Authority (Gaza/West Bank),2025,August,50
Palestinian Authority (Gaza/West Bank),2025,September,35
Palestinian Authority (Gaza/West Bank),2025,October,30
Palestinian Authority (Gaza/West Bank),2025,November,40
Palestinian Authority (Gaza/West Bank),2025,December,30
Palestinian Authority (Gaza/West Bank),2025,Total,1175
Palestinian Authority (Gaza/West Bank),2026,January,20
Palestinian Authority (Gaza/West Bank),2026,February,15
Palestinian Authority (Gaza/West Bank),2026,March,35
Palestinian Authority (Gaza/West Bank),2026,April,10
Palestinian Authority (Gaza/West Bank),2026,May,
Palestinian Authority (Gaza/West Bank),2026,Total,85
"Panama, Republic of",2023,January,5
"Panama, Republic of",2023,February,
"Panama, Republic of",2023,March,10
"Panama, Republic of",2023,April,5
"Panama, Republic of",2023,May,10
"Panama, Republic of",2023,June,5
"Panama, Republic of",2023,July,
"Panama, Republic of",2023,August,5
"Panama, Republic of",2023,September,
"Panama, Republic of",2023,October,10
"Panama, Republic of",2023,November,30
"Panama, Republic of",2023,December,
"Panama, Republic of",2023,Total,95
"Panama, Republic of",2024,January,5
"Panama, Republic of",2024,February,15
"Panama, Republic of",2024,March,10
"Panama, Republic of",2024,April,10
"Panama, Republic of",2024,May,10
"Panama, Republic of",2024,June,
"Panama, Republic of",2024,July,15
"Panama, Republic of",2024,August,10
"Panama, Republic of",2024,September,15
"Panama, Republic of",2024,October,
"Panama, Republic of",2024,November,10
"Panama, Republic of",2024,December,5
"Panama, Republic of",2024,Total,115
"Panama, Republic of",2025,January,10
"Panama, Republic of",2025,February,10
"Panama, Republic of",2025,March,10
"Panama, Republic of",2025,April,15
"Panama, Republic of",2025,May,15
"Panama, Republic of",2025,June,10
"Panama, Republic of",2025,July,5
"Panama, Republic of",2025,August,5
"Panama, Republic of",2025,September,
"Panama, Republic of",2025,October,10
"Panama, Republic of",2025,November,0
"Panama, Republic of",2025,December,5
"Panama, Republic of",2025,Total,105
"Panama, Republic of",2026,January,15
"Panama, Republic of",2026,February,5
"Panama, Republic of",2026,March,15
"Panama, Republic of",2026,April,10
"Panama, Republic of",2026,May,0
"Panama, Republic of",2026,Total,40
Papua New Guinea,2023,January,0
Papua New Guinea,2023,February,
Papua New Guinea,2023,March,0
Papua New Guinea,2023,April,0
Papua New Guinea,2023,May,
Papua New Guinea,2023,June,0
Papua New Guinea,2023,July,0
Papua New Guinea,2023,August,0
Papua New Guinea,2023,September,0
Papua New Guinea,2023,October,0
Papua New Guinea,2023,November,0
Papua New Guinea,2023,December,0
Papua New Guinea,2023,Total,
Papua New Guinea,2024,January,0
Papua New Guinea,2024,February,0
Papua New Guinea,2024,March,
Papua New Guinea,2024,April,0
Papua New Guinea,2024,May,0
Papua New Guinea,2024,June,0
Papua New Guinea,2024,July,0
Papua New Guinea,2024,August,
Papua New Guinea,2024,September,0
Papua New Guinea,2024,October,0
Papua New Guinea,2024,November,
Papua New Guinea,2024,December,0
Papua New Guinea,2024,Total,5
Papua New Guinea,2025,January,
Papua New Guinea,2025,February,
Papua New Guinea,2025,March,
Papua New Guinea,2025,April,0
Papua New Guinea,2025,May,0
Papua New Guinea,2025,June,0
Papua New Guinea,2025,July,0
Papua New Guinea,2025,August,0
Papua New Guinea,2025,September,0
Papua New Guinea,2025,October,0
Papua New Guinea,2025,November,0
Papua New Guinea,2025,December,0
Papua New Guinea,2025,Total,5
Papua New Guinea,2026,January,
Papua New Guinea,2026,February,
Papua New Guinea,2026,March,0
Papua New Guinea,2026,April,5
Papua New Guinea,2026,May,0
Papua New Guinea,2026,Total,10
Paraguay,2023,January,
Paraguay,2023,February,
Paraguay,2023,March,10
Paraguay,2023,April,
Paraguay,2023,May,10
Paraguay,2023,June,
Paraguay,2023,July,
Paraguay,2023,August,10
Paraguay,2023,September,5
Paraguay,2023,October,10
Paraguay,2023,November,10
Paraguay,2023,December,10
Paraguay,2023,Total,75
Paraguay,2024,January,5
Paraguay,2024,February,15
Paraguay,2024,March,5
Paraguay,2024,April,5
Paraguay,2024,May,
Paraguay,2024,June,5
Paraguay,2024,July,5
Paraguay,2024,August,10
Paraguay,2024,September,
Paraguay,2024,October,5
Paraguay,2024,November,
Paraguay,2024,December,0
Paraguay,2024,Total,70
Paraguay,2025,January,
Paraguay,2025,February,
Paraguay,2025,March,5
Paraguay,2025,April,
Paraguay,2025,May,5
Paraguay,2025,June,5
Paraguay,2025,July,15
Paraguay,2025,August,
Paraguay,2025,September,
Paraguay,2025,October,
Paraguay,2025,November,5
Paraguay,2025,December,
Paraguay,2025,Total,55
Paraguay,2026,January,
Paraguay,2026,February,0
Paraguay,2026,March,
Paraguay,2026,April,
Paraguay,2026,May,5
Paraguay,2026,Total,15
People's Republic of China,2023,January,2245
People's Republic of China,2023,February,2030
People's Republic of China,2023,March,2340
People's Republic of China,2023,April,2155
People's Republic of China,2023,May,2295
People's Republic of China,2023,June,2315
People's Republic of China,2023,July,2280
People's Republic of China,2023,August,2880
People's Republic of China,2023,September,3105
People's Republic of China,2023,October,3445
People's Republic of China,2023,November,4230
People's Republic of China,2023,December,4585
People's Republic of China,2023,Total,33900
People's Republic of China,2024,January,3965
People's Republic of China,2024,February,2760
People's Republic of China,2024,March,2740
People's Republic of China,2024,April,2975
People's Republic of China,2024,May,3420
People's Republic of China,2024,June,4010
People's Republic of China,2024,July,4650
People's Republic of China,2024,August,3280
People's Republic of China,2024,September,2675
People's Republic of China,2024,October,2265
People's Republic of China,2024,November,2070
People's Republic of China,2024,December,1725
People's Republic of China,2024,Total,36545
People's Republic of China,2025,January,1955
People's Republic of China,2025,February,1480
People's Republic of China,2025,March,1910
People's Republic of China,2025,April,1620
People's Republic of China,2025,May,1545
People's Republic of China,2025,June,1340
People's Republic of China,2025,July,1460
People's Republic of China,2025,August,2025
People's Republic of China,2025,September,2235
People's Republic of China,2025,October,1875
People's Republic of China,2025,November,1625
People's Republic of China,2025,December,1360
People's Republic of China,2025,Total,20430
People's Republic of China,2026,January,1460
People's Republic of China,2026,February,1340
People's Republic of China,2026,March,1515
People's Republic of China,2026,April,1000
People's Republic of China,2026,May,635
People's Republic of China,2026,Total,5940
Peoples Republic of Benin,2023,January,60
Peoples Republic of Benin,2023,February,80
Peoples Republic of Benin,2023,March,45
Peoples Republic of Benin,2023,April,35
Peoples Republic of Benin,2023,May,85
Peoples Republic of Benin,2023,June,45
Peoples Republic of Benin,2023,July,60
Peoples Republic of Benin,2023,August,185
Peoples Republic of Benin,2023,September,170
Peoples Republic of Benin,2023,October,60
Peoples Republic of Benin,2023,November,50
Peoples Republic of Benin,2023,December,85
Peoples Republic of Benin,2023,Total,965
Peoples Republic of Benin,2024,January,65
Peoples Republic of Benin,2024,February,85
Peoples Republic of Benin,2024,March,230
Peoples Republic of Benin,2024,April,180
Peoples Republic of Benin,2024,May,70
Peoples Republic of Benin,2024,June,65
Peoples Republic of Benin,2024,July,110
Peoples Republic of Benin,2024,August,130
Peoples Republic of Benin,2024,September,165
Peoples Republic of Benin,2024,October,115
Peoples Republic of Benin,2024,November,65
Peoples Republic of Benin,2024,December,65
Peoples Republic of Benin,2024,Total,1350
Peoples Republic of Benin,2025,January,90
Peoples Republic of Benin,2025,February,80
Peoples Republic of Benin,2025,March,155
Peoples Republic of Benin,2025,April,240
Peoples Republic of Benin,2025,May,295
Peoples Republic of Benin,2025,June,75
Peoples Republic of Benin,2025,July,85
Peoples Republic of Benin,2025,August,105
Peoples Republic of Benin,2025,September,125
Peoples Republic of Benin,2025,October,135
Peoples Republic of Benin,2025,November,185
Peoples Republic of Benin,2025,December,305
Peoples Republic of Benin,2025,Total,1870
Peoples Republic of Benin,2026,January,205
Peoples Republic of Benin,2026,February,200
Peoples Republic of Benin,2026,March,150
Peoples Republic of Benin,2026,April,205
Peoples Republic of Benin,2026,May,195
Peoples Republic of Benin,2026,Total,950
Peru,2023,January,80
Peru,2023,February,70
Peru,2023,March,85
Peru,2023,April,90
Peru,2023,May,90
Peru,2023,June,60
Peru,2023,July,95
Peru,2023,August,115
Peru,2023,September,85
Peru,2023,October,115
Peru,2023,November,90
Peru,2023,December,170
Peru,2023,Total,1140
Peru,2024,January,95
Peru,2024,February,130
Peru,2024,March,90
Peru,2024,April,90
Peru,2024,May,100
Peru,2024,June,125
Peru,2024,July,200
Peru,2024,August,145
Peru,2024,September,140
Peru,2024,October,140
Peru,2024,November,105
Peru,2024,December,100
Peru,2024,Total,1460
Peru,2025,January,110
Peru,2025,February,135
Peru,2025,March,185
Peru,2025,April,145
Peru,2025,May,150
Peru,2025,June,95
Peru,2025,July,115
Peru,2025,August,140
Peru,2025,September,155
Peru,2025,October,105
Peru,2025,November,85
Peru,2025,December,70
Peru,2025,Total,1485
Peru,2026,January,100
Peru,2026,February,135
Peru,2026,March,120
Peru,2026,April,85
Peru,2026,May,45
Peru,2026,Total,480
Philippines,2023,January,4835
Philippines,2023,February,2015
Philippines,2023,March,2430
Philippines,2023,April,2030
Philippines,2023,May,2410
Philippines,2023,June,2205
Philippines,2023,July,2195
Philippines,2023,August,2725
Philippines,2023,September,2360
Philippines,2023,October,2770
Philippines,2023,November,3215
Philippines,2023,December,4360
Philippines,2023,Total,33545
Philippines,2024,January,5180
Philippines,2024,February,2940
Philippines,2024,March,3255
Philippines,2024,April,4150
Philippines,2024,May,2950
Philippines,2024,June,3200
Philippines,2024,July,5360
Philippines,2024,August,3590
Philippines,2024,September,3020
Philippines,2024,October,3060
Philippines,2024,November,2905
Philippines,2024,December,2275
Philippines,2024,Total,41890
Philippines,2025,January,2745
Philippines,2025,February,1815
Philippines,2025,March,2430
Philippines,2025,April,1905
Philippines,2025,May,1895
Philippines,2025,June,1735
Philippines,2025,July,1900
Philippines,2025,August,2240
Philippines,2025,September,2915
Philippines,2025,October,2885
Philippines,2025,November,2105
Philippines,2025,December,1245
Philippines,2025,Total,25815
Philippines,2026,January,1425
Philippines,2026,February,1270
Philippines,2026,March,1305
Philippines,2026,April,1035
Philippines,2026,May,480
Philippines,2026,Total,5515
Poland,2023,January,35
Poland,2023,February,40
Poland,2023,March,45
Poland,2023,April,30
Poland,2023,May,25
Poland,2023,June,35
Poland,2023,July,30
Poland,2023,August,30
Poland,2023,September,45
Poland,2023,October,35
Poland,2023,November,45
Poland,2023,December,70
Poland,2023,Total,465
Poland,2024,January,40
Poland,2024,February,35
Poland,2024,March,50
Poland,2024,April,35
Poland,2024,May,45
Poland,2024,June,50
Poland,2024,July,40
Poland,2024,August,30
Poland,2024,September,30
Poland,2024,October,25
Poland,2024,November,35
Poland,2024,December,40
Poland,2024,Total,455
Poland,2025,January,25
Poland,2025,February,30
Poland,2025,March,30
Poland,2025,April,20
Poland,2025,May,25
Poland,2025,June,20
Poland,2025,July,10
Poland,2025,August,20
Poland,2025,September,20
Poland,2025,October,25
Poland,2025,November,20
Poland,2025,December,20
Poland,2025,Total,265
Poland,2026,January,25
Poland,2026,February,15
Poland,2026,March,30
Poland,2026,April,5
Poland,2026,May,10
Poland,2026,Total,80
Portugal,2023,January,65
Portugal,2023,February,60
Portugal,2023,March,55
Portugal,2023,April,55
Portugal,2023,May,65
Portugal,2023,June,80
Portugal,2023,July,55
Portugal,2023,August,55
Portugal,2023,September,85
Portugal,2023,October,70
Portugal,2023,November,80
Portugal,2023,December,115
Portugal,2023,Total,845
Portugal,2024,January,55
Portugal,2024,February,50
Portugal,2024,March,40
Portugal,2024,April,70
Portugal,2024,May,110
Portugal,2024,June,110
Portugal,2024,July,70
Portugal,2024,August,60
Portugal,2024,September,90
Portugal,2024,October,55
Portugal,2024,November,70
Portugal,2024,December,55
Portugal,2024,Total,835
Portugal,2025,January,55
Portugal,2025,February,40
Portugal,2025,March,40
Portugal,2025,April,45
Portugal,2025,May,45
Portugal,2025,June,30
Portugal,2025,July,20
Portugal,2025,August,45
Portugal,2025,September,45
Portugal,2025,October,35
Portugal,2025,November,25
Portugal,2025,December,30
Portugal,2025,Total,455
Portugal,2026,January,30
Portugal,2026,February,25
Portugal,2026,March,30
Portugal,2026,April,20
Portugal,2026,May,15
Portugal,2026,Total,115
Qatar,2023,January,
Qatar,2023,February,0
Qatar,2023,March,0
Qatar,2023,April,0
Qatar,2023,May,0
Qatar,2023,June,
Qatar,2023,July,0
Qatar,2023,August,
Qatar,2023,September,0
Qatar,2023,October,0
Qatar,2023,November,0
Qatar,2023,December,
Qatar,2023,Total,
Qatar,2024,January,
Qatar,2024,February,0
Qatar,2024,March,0
Qatar,2024,April,
Qatar,2024,May,0
Qatar,2024,June,0
Qatar,2024,July,
Qatar,2024,August,
Qatar,2024,September,
Qatar,2024,October,0
Qatar,2024,November,
Qatar,2024,December,0
Qatar,2024,Total,10
Qatar,2025,January,
Qatar,2025,February,
Qatar,2025,March,0
Qatar,2025,April,0
Qatar,2025,May,
Qatar,2025,June,0
Qatar,2025,July,0
Qatar,2025,August,0
Qatar,2025,September,
Qatar,2025,October,0
Qatar,2025,November,0
Qatar,2025,December,0
Qatar,2025,Total,
Qatar,2026,January,0
Qatar,2026,February,
Qatar,2026,March,
Qatar,2026,April,0
Qatar,2026,May,0
Qatar,2026,Total,
Republic of Djibouti,2023,January,10
Republic of Djibouti,2023,February,30
Republic of Djibouti,2023,March,10
Republic of Djibouti,2023,April,5
Republic of Djibouti,2023,May,10
Republic of Djibouti,2023,June,20
Republic of Djibouti,2023,July,15
Republic of Djibouti,2023,August,35
Republic of Djibouti,2023,September,35
Republic of Djibouti,2023,October,35
Republic of Djibouti,2023,November,25
Republic of Djibouti,2023,December,35
Republic of Djibouti,2023,Total,260
Republic of Djibouti,2024,January,20
Republic of Djibouti,2024,February,25
Republic of Djibouti,2024,March,15
Republic of Djibouti,2024,April,15
Republic of Djibouti,2024,May,10
Republic of Djibouti,2024,June,25
Republic of Djibouti,2024,July,30
Republic of Djibouti,2024,August,20
Republic of Djibouti,2024,September,30
Republic of Djibouti,2024,October,25
Republic of Djibouti,2024,November,5
Republic of Djibouti,2024,December,20
Republic of Djibouti,2024,Total,235
Republic of Djibouti,2025,January,20
Republic of Djibouti,2025,February,15
Republic of Djibouti,2025,March,15
Republic of Djibouti,2025,April,30
Republic of Djibouti,2025,May,40
Republic of Djibouti,2025,June,15
Republic of Djibouti,2025,July,25
Republic of Djibouti,2025,August,20
Republic of Djibouti,2025,September,10
Republic of Djibouti,2025,October,10
Republic of Djibouti,2025,November,5
Republic of Djibouti,2025,December,30
Republic of Djibouti,2025,Total,240
Republic of Djibouti,2026,January,15
Republic of Djibouti,2026,February,10
Republic of Djibouti,2026,March,10
Republic of Djibouti,2026,April,10
Republic of Djibouti,2026,May,
Republic of Djibouti,2026,Total,45
Republic of Indonesia,2023,January,50
Republic of Indonesia,2023,February,40
Republic of Indonesia,2023,March,50
Republic of Indonesia,2023,April,55
Republic of Indonesia,2023,May,90
Republic of Indonesia,2023,June,35
Republic of Indonesia,2023,July,50
Republic of Indonesia,2023,August,40
Republic of Indonesia,2023,September,15
Republic of Indonesia,2023,October,35
Republic of Indonesia,2023,November,55
Republic of Indonesia,2023,December,70
Republic of Indonesia,2023,Total,595
Republic of Indonesia,2024,January,60
Republic of Indonesia,2024,February,25
Republic of Indonesia,2024,March,55
Republic of Indonesia,2024,April,55
Republic of Indonesia,2024,May,40
Republic of Indonesia,2024,June,35
Republic of Indonesia,2024,July,70
Republic of Indonesia,2024,August,75
Republic of Indonesia,2024,September,55
Republic of Indonesia,2024,October,45
Republic of Indonesia,2024,November,35
Republic of Indonesia,2024,December,30
Republic of Indonesia,2024,Total,580
Republic of Indonesia,2025,January,40
Republic of Indonesia,2025,February,50
Republic of Indonesia,2025,March,55
Republic of Indonesia,2025,April,25
Republic of Indonesia,2025,May,25
Republic of Indonesia,2025,June,40
Republic of Indonesia,2025,July,35
Republic of Indonesia,2025,August,40
Republic of Indonesia,2025,September,45
Republic of Indonesia,2025,October,50
Republic of Indonesia,2025,November,35
Republic of Indonesia,2025,December,30
Republic of Indonesia,2025,Total,475
Republic of Indonesia,2026,January,35
Republic of Indonesia,2026,February,55
Republic of Indonesia,2026,March,45
Republic of Indonesia,2026,April,25
Republic of Indonesia,2026,May,25
Republic of Indonesia,2026,Total,180
Republic of Ireland,2023,January,75
Republic of Ireland,2023,February,60
Republic of Ireland,2023,March,95
Republic of Ireland,2023,April,100
Republic of Ireland,2023,May,120
Republic of Ireland,2023,June,75
Republic of Ireland,2023,July,80
Republic of Ireland,2023,August,85
Republic of Ireland,2023,September,60
Republic of Ireland,2023,October,100
Republic of Ireland,2023,November,70
Republic of Ireland,2023,December,65
Republic of Ireland,2023,Total,980
Republic of Ireland,2024,January,75
Republic of Ireland,2024,February,55
Republic of Ireland,2024,March,80
Republic of Ireland,2024,April,85
Republic of Ireland,2024,May,80
Republic of Ireland,2024,June,75
Republic of Ireland,2024,July,85
Republic of Ireland,2024,August,145
Republic of Ireland,2024,September,165
Republic of Ireland,2024,October,80
Republic of Ireland,2024,November,80
Republic of Ireland,2024,December,65
Republic of Ireland,2024,Total,1060
Republic of Ireland,2025,January,50
Republic of Ireland,2025,February,35
Republic of Ireland,2025,March,75
Republic of Ireland,2025,April,55
Republic of Ireland,2025,May,45
Republic of Ireland,2025,June,55
Republic of Ireland,2025,July,70
Republic of Ireland,2025,August,125
Republic of Ireland,2025,September,75
Republic of Ireland,2025,October,50
Republic of Ireland,2025,November,55
Republic of Ireland,2025,December,40
Republic of Ireland,2025,Total,735
Republic of Ireland,2026,January,100
Republic of Ireland,2026,February,145
Republic of Ireland,2026,March,125
Republic of Ireland,2026,April,110
Republic of Ireland,2026,May,45
Republic of Ireland,2026,Total,525
Republic of Ivory Coast,2023,January,175
Republic of Ivory Coast,2023,February,225
Republic of Ivory Coast,2023,March,195
Republic of Ivory Coast,2023,April,140
Republic of Ivory Coast,2023,May,195
Republic of Ivory Coast,2023,June,140
Republic of Ivory Coast,2023,July,235
Republic of Ivory Coast,2023,August,535
Republic of Ivory Coast,2023,September,420
Republic of Ivory Coast,2023,October,245
Republic of Ivory Coast,2023,November,280
Republic of Ivory Coast,2023,December,325
Republic of Ivory Coast,2023,Total,3110
Republic of Ivory Coast,2024,January,175
Republic of Ivory Coast,2024,February,355
Republic of Ivory Coast,2024,March,930
Republic of Ivory Coast,2024,April,530
Republic of Ivory Coast,2024,May,325
Republic of Ivory Coast,2024,June,210
Republic of Ivory Coast,2024,July,285
Republic of Ivory Coast,2024,August,430
Republic of Ivory Coast,2024,September,550
Republic of Ivory Coast,2024,October,365
Republic of Ivory Coast,2024,November,275
Republic of Ivory Coast,2024,December,240
Republic of Ivory Coast,2024,Total,4665
Republic of Ivory Coast,2025,January,315
Republic of Ivory Coast,2025,February,295
Republic of Ivory Coast,2025,March,500
Republic of Ivory Coast,2025,April,895
Republic of Ivory Coast,2025,May,1120
Republic of Ivory Coast,2025,June,200
Republic of Ivory Coast,2025,July,200
Republic of Ivory Coast,2025,August,180
Republic of Ivory Coast,2025,September,305
Republic of Ivory Coast,2025,October,525
Republic of Ivory Coast,2025,November,500
Republic of Ivory Coast,2025,December,720
Republic of Ivory Coast,2025,Total,5755
Republic of Ivory Coast,2026,January,685
Republic of Ivory Coast,2026,February,530
Republic of Ivory Coast,2026,March,440
Republic of Ivory Coast,2026,April,590
Republic of Ivory Coast,2026,May,415
Republic of Ivory Coast,2026,Total,2660
Republic of Palau,2023,January,0
Republic of Palau,2023,February,0
Republic of Palau,2023,March,0
Republic of Palau,2023,April,0
Republic of Palau,2023,May,0
Republic of Palau,2023,June,0
Republic of Palau,2023,July,0
Republic of Palau,2023,August,
Republic of Palau,2023,September,0
Republic of Palau,2023,October,0
Republic of Palau,2023,November,
Republic of Palau,2023,December,
Republic of Palau,2023,Total,
Republic of Palau,2024,January,0
Republic of Palau,2024,February,0
Republic of Palau,2024,March,0
Republic of Palau,2024,April,
Republic of Palau,2024,May,0
Republic of Palau,2024,June,0
Republic of Palau,2024,July,0
Republic of Palau,2024,August,0
Republic of Palau,2024,September,0
Republic of Palau,2024,October,0
Republic of Palau,2024,November,0
Republic of Palau,2024,December,0
Republic of Palau,2024,Total,
Republic of Palau,2025,January,0
Republic of Palau,2025,February,0
Republic of Palau,2025,March,
Republic of Palau,2025,April,0
Republic of Palau,2025,May,0
Republic of Palau,2025,June,0
Republic of Palau,2025,July,0
Republic of Palau,2025,August,0
Republic of Palau,2025,September,0
Republic of Palau,2025,October,0
Republic of Palau,2025,November,0
Republic of Palau,2025,December,0
Republic of Palau,2025,Total,
Republic of Palau,2026,January,0
Republic of Palau,2026,February,0
Republic of Palau,2026,March,0
Republic of Palau,2026,April,0
Republic of Palau,2026,May,0
Republic of Palau,2026,Total,0
Republic of South Africa,2023,January,120
Republic of South Africa,2023,February,105
Republic of South Africa,2023,March,160
Republic of South Africa,2023,April,125
Republic of South Africa,2023,May,160
Republic of South Africa,2023,June,135
Republic of South Africa,2023,July,160
Republic of South Africa,2023,August,195
Republic of South Africa,2023,September,130
Republic of South Africa,2023,October,135
Republic of South Africa,2023,November,180
Republic of South Africa,2023,December,160
Republic of South Africa,2023,Total,1765
Republic of South Africa,2024,January,115
Republic of South Africa,2024,February,155
Republic of South Africa,2024,March,160
Republic of South Africa,2024,April,210
Republic of South Africa,2024,May,105
Republic of South Africa,2024,June,130
Republic of South Africa,2024,July,190
Republic of South Africa,2024,August,170
Republic of South Africa,2024,September,130
Republic of South Africa,2024,October,125
Republic of South Africa,2024,November,125
Republic of South Africa,2024,December,115
Republic of South Africa,2024,Total,1725
Republic of South Africa,2025,January,95
Republic of South Africa,2025,February,100
Republic of South Africa,2025,March,110
Republic of South Africa,2025,April,100
Republic of South Africa,2025,May,85
Republic of South Africa,2025,June,95
Republic of South Africa,2025,July,80
Republic of South Africa,2025,August,100
Republic of South Africa,2025,September,85
Republic of South Africa,2025,October,85
Republic of South Africa,2025,November,100
Republic of South Africa,2025,December,40
Republic of South Africa,2025,Total,1075
Republic of South Africa,2026,January,45
Republic of South Africa,2026,February,55
Republic of South Africa,2026,March,45
Republic of South Africa,2026,April,35
Republic of South Africa,2026,May,45
Republic of South Africa,2026,Total,225
Republic of The Marshall Islands,2023,January,0
Republic of The Marshall Islands,2023,February,0
Republic of The Marshall Islands,2023,March,0
Republic of The Marshall Islands,2023,April,0
Republic of The Marshall Islands,2023,May,0
Republic of The Marshall Islands,2023,June,0
Republic of The Marshall Islands,2023,July,0
Republic of The Marshall Islands,2023,August,0
Republic of The Marshall Islands,2023,September,0
Republic of The Marshall Islands,2023,October,0
Republic of The Marshall Islands,2023,November,0
Republic of The Marshall Islands,2023,December,0
Republic of The Marshall Islands,2023,Total,0
Republic of The Marshall Islands,2024,January,0
Republic of The Marshall Islands,2024,February,0
Republic of The Marshall Islands,2024,March,0
Republic of The Marshall Islands,2024,April,0
Republic of The Marshall Islands,2024,May,0
Republic of The Marshall Islands,2024,June,0
Republic of The Marshall Islands,2024,July,0
Republic of The Marshall Islands,2024,August,0
Republic of The Marshall Islands,2024,September,0
Republic of The Marshall Islands,2024,October,5
Republic of The Marshall Islands,2024,November,0
Republic of The Marshall Islands,2024,December,0
Republic of The Marshall Islands,2024,Total,5
Republic of The Marshall Islands,2025,January,0
Republic of The Marshall Islands,2025,February,0
Republic of The Marshall Islands,2025,March,0
Republic of The Marshall Islands,2025,April,0
Republic of The Marshall Islands,2025,May,0
Republic of The Marshall Islands,2025,June,0
Republic of The Marshall Islands,2025,July,0
Republic of The Marshall Islands,2025,August,0
Republic of The Marshall Islands,2025,September,0
Republic of The Marshall Islands,2025,October,0
Republic of The Marshall Islands,2025,November,0
Republic of The Marshall Islands,2025,December,0
Republic of The Marshall Islands,2025,Total,0
Republic of The Marshall Islands,2026,January,0
Republic of The Marshall Islands,2026,February,0
Republic of The Marshall Islands,2026,March,0
Republic of The Marshall Islands,2026,April,0
Republic of The Marshall Islands,2026,May,0
Republic of The Marshall Islands,2026,Total,0
Republic of the Niger,2023,January,15
Republic of the Niger,2023,February,5
Republic of the Niger,2023,March,10
Republic of the Niger,2023,April,15
Republic of the Niger,2023,May,15
Republic of the Niger,2023,June,5
Republic of the Niger,2023,July,5
Republic of the Niger,2023,August,15
Republic of the Niger,2023,September,25
Republic of the Niger,2023,October,10
Republic of the Niger,2023,November,10
Republic of the Niger,2023,December,10
Republic of the Niger,2023,Total,140
Republic of the Niger,2024,January,15
Republic of the Niger,2024,February,15
Republic of the Niger,2024,March,20
Republic of the Niger,2024,April,15
Republic of the Niger,2024,May,10
Republic of the Niger,2024,June,10
Republic of the Niger,2024,July,15
Republic of the Niger,2024,August,25
Republic of the Niger,2024,September,20
Republic of the Niger,2024,October,20
Republic of the Niger,2024,November,15
Republic of the Niger,2024,December,15
Republic of the Niger,2024,Total,195
Republic of the Niger,2025,January,25
Republic of the Niger,2025,February,5
Republic of the Niger,2025,March,15
Republic of the Niger,2025,April,30
Republic of the Niger,2025,May,20
Republic of the Niger,2025,June,5
Republic of the Niger,2025,July,20
Republic of the Niger,2025,August,10
Republic of the Niger,2025,September,10
Republic of the Niger,2025,October,15
Republic of the Niger,2025,November,20
Republic of the Niger,2025,December,15
Republic of the Niger,2025,Total,185
Republic of the Niger,2026,January,15
Republic of the Niger,2026,February,30
Republic of the Niger,2026,March,15
Republic of the Niger,2026,April,25
Republic of the Niger,2026,May,15
Republic of the Niger,2026,Total,100
Reunion,2023,January,0
Reunion,2023,February,0
Reunion,2023,March,
Reunion,2023,April,0
Reunion,2023,May,0
Reunion,2023,June,0
Reunion,2023,July,0
Reunion,2023,August,0
Reunion,2023,September,0
Reunion,2023,October,0
Reunion,2023,November,0
Reunion,2023,December,0
Reunion,2023,Total,
Reunion,2024,January,0
Reunion,2024,February,0
Reunion,2024,March,0
Reunion,2024,April,0
Reunion,2024,May,0
Reunion,2024,June,0
Reunion,2024,July,0
Reunion,2024,August,0
Reunion,2024,September,0
Reunion,2024,October,0
Reunion,2024,November,0
Reunion,2024,December,0
Reunion,2024,Total,0
Reunion,2025,January,0
Reunion,2025,February,0
Reunion,2025,March,0
Reunion,2025,April,0
Reunion,2025,May,0
Reunion,2025,June,0
Reunion,2025,July,0
Reunion,2025,August,0
Reunion,2025,September,0
Reunion,2025,October,0
Reunion,2025,November,0
Reunion,2025,December,0
Reunion,2025,Total,0
Reunion,2026,January,0
Reunion,2026,February,0
Reunion,2026,March,0
Reunion,2026,April,0
Reunion,2026,May,0
Reunion,2026,Total,0
Romania,2023,January,35
Romania,2023,February,25
Romania,2023,March,40
Romania,2023,April,40
Romania,2023,May,40
Romania,2023,June,40
Romania,2023,July,40
Romania,2023,August,30
Romania,2023,September,25
Romania,2023,October,45
Romania,2023,November,70
Romania,2023,December,70
Romania,2023,Total,500
Romania,2024,January,30
Romania,2024,February,25
Romania,2024,March,25
Romania,2024,April,30
Romania,2024,May,25
Romania,2024,June,35
Romania,2024,July,80
Romania,2024,August,45
Romania,2024,September,20
Romania,2024,October,30
Romania,2024,November,25
Romania,2024,December,25
Romania,2024,Total,395
Romania,2025,January,40
Romania,2025,February,50
Romania,2025,March,30
Romania,2025,April,25
Romania,2025,May,15
Romania,2025,June,25
Romania,2025,July,30
Romania,2025,August,25
Romania,2025,September,30
Romania,2025,October,40
Romania,2025,November,15
Romania,2025,December,10
Romania,2025,Total,325
Romania,2026,January,10
Romania,2026,February,10
Romania,2026,March,15
Romania,2026,April,
Romania,2026,May,15
Romania,2026,Total,60
Russia,2023,January,165
Russia,2023,February,110
Russia,2023,March,180
Russia,2023,April,205
Russia,2023,May,205
Russia,2023,June,160
Russia,2023,July,195
Russia,2023,August,195
Russia,2023,September,215
Russia,2023,October,185
Russia,2023,November,220
Russia,2023,December,355
Russia,2023,Total,2395
Russia,2024,January,270
Russia,2024,February,225
Russia,2024,March,260
Russia,2024,April,220
Russia,2024,May,175
Russia,2024,June,235
Russia,2024,July,300
Russia,2024,August,270
Russia,2024,September,225
Russia,2024,October,220
Russia,2024,November,165
Russia,2024,December,145
Russia,2024,Total,2705
Russia,2025,January,125
Russia,2025,February,125
Russia,2025,March,170
Russia,2025,April,185
Russia,2025,May,95
Russia,2025,June,120
Russia,2025,July,140
Russia,2025,August,135
Russia,2025,September,125
Russia,2025,October,180
Russia,2025,November,85
Russia,2025,December,90
Russia,2025,Total,1585
Russia,2026,January,95
Russia,2026,February,95
Russia,2026,March,115
Russia,2026,April,70
Russia,2026,May,50
Russia,2026,Total,430
Rwanda,2023,January,110
Rwanda,2023,February,110
Rwanda,2023,March,110
Rwanda,2023,April,75
Rwanda,2023,May,145
Rwanda,2023,June,90
Rwanda,2023,July,120
Rwanda,2023,August,155
Rwanda,2023,September,145
Rwanda,2023,October,80
Rwanda,2023,November,115
Rwanda,2023,December,170
Rwanda,2023,Total,1420
Rwanda,2024,January,110
Rwanda,2024,February,190
Rwanda,2024,March,200
Rwanda,2024,April,185
Rwanda,2024,May,135
Rwanda,2024,June,145
Rwanda,2024,July,145
Rwanda,2024,August,215
Rwanda,2024,September,130
Rwanda,2024,October,185
Rwanda,2024,November,175
Rwanda,2024,December,155
Rwanda,2024,Total,1970
Rwanda,2025,January,180
Rwanda,2025,February,170
Rwanda,2025,March,235
Rwanda,2025,April,245
Rwanda,2025,May,260
Rwanda,2025,June,130
Rwanda,2025,July,125
Rwanda,2025,August,120
Rwanda,2025,September,125
Rwanda,2025,October,100
Rwanda,2025,November,95
Rwanda,2025,December,160
Rwanda,2025,Total,1950
Rwanda,2026,January,90
Rwanda,2026,February,95
Rwanda,2026,March,130
Rwanda,2026,April,110
Rwanda,2026,May,65
Rwanda,2026,Total,490
"Samoa, Independent State Of",2023,January,0
"Samoa, Independent State Of",2023,February,0
"Samoa, Independent State Of",2023,March,0
"Samoa, Independent State Of",2023,April,0
"Samoa, Independent State Of",2023,May,0
"Samoa, Independent State Of",2023,June,0
"Samoa, Independent State Of",2023,July,
"Samoa, Independent State Of",2023,August,0
"Samoa, Independent State Of",2023,September,0
"Samoa, Independent State Of",2023,October,0
"Samoa, Independent State Of",2023,November,0
"Samoa, Independent State Of",2023,December,0
"Samoa, Independent State Of",2023,Total,
"Samoa, Independent State Of",2024,January,0
"Samoa, Independent State Of",2024,February,0
"Samoa, Independent State Of",2024,March,
"Samoa, Independent State Of",2024,April,0
"Samoa, Independent State Of",2024,May,
"Samoa, Independent State Of",2024,June,0
"Samoa, Independent State Of",2024,July,0
"Samoa, Independent State Of",2024,August,0
"Samoa, Independent State Of",2024,September,0
"Samoa, Independent State Of",2024,October,0
"Samoa, Independent State Of",2024,November,
"Samoa, Independent State Of",2024,December,0
"Samoa, Independent State Of",2024,Total,5
"Samoa, Independent State Of",2025,January,0
"Samoa, Independent State Of",2025,February,0
"Samoa, Independent State Of",2025,March,0
"Samoa, Independent State Of",2025,April,0
"Samoa, Independent State Of",2025,May,0
"Samoa, Independent State Of",2025,June,0
"Samoa, Independent State Of",2025,July,0
"Samoa, Independent State Of",2025,August,0
"Samoa, Independent State Of",2025,September,
"Samoa, Independent State Of",2025,October,0
"Samoa, Independent State Of",2025,November,0
"Samoa, Independent State Of",2025,December,0
"Samoa, Independent State Of",2025,Total,
"Samoa, Independent State Of",2026,January,0
"Samoa, Independent State Of",2026,February,0
"Samoa, Independent State Of",2026,March,0
"Samoa, Independent State Of",2026,April,0
"Samoa, Independent State Of",2026,May,0
"Samoa, Independent State Of",2026,Total,0
San Marino,2023,January,0
San Marino,2023,February,0
San Marino,2023,March,0
San Marino,2023,April,0
San Marino,2023,May,0
San Marino,2023,June,0
San Marino,2023,July,0
San Marino,2023,August,0
San Marino,2023,September,0
San Marino,2023,October,0
San Marino,2023,November,0
San Marino,2023,December,0
San Marino,2023,Total,0
San Marino,2024,January,0
San Marino,2024,February,0
San Marino,2024,March,0
San Marino,2024,April,0
San Marino,2024,May,0
San Marino,2024,June,0
San Marino,2024,July,0
San Marino,2024,August,0
San Marino,2024,September,0
San Marino,2024,October,0
San Marino,2024,November,
San Marino,2024,December,0
San Marino,2024,Total,
San Marino,2025,January,0
San Marino,2025,February,0
San Marino,2025,March,0
San Marino,2025,April,0
San Marino,2025,May,0
San Marino,2025,June,0
San Marino,2025,July,0
San Marino,2025,August,0
San Marino,2025,September,0
San Marino,2025,October,0
San Marino,2025,November,0
San Marino,2025,December,0
San Marino,2025,Total,0
San Marino,2026,January,0
San Marino,2026,February,0
San Marino,2026,March,0
San Marino,2026,April,0
San Marino,2026,May,0
San Marino,2026,Total,0
Sao Tome and Principe,2023,January,0
Sao Tome and Principe,2023,February,0
Sao Tome and Principe,2023,March,0
Sao Tome and Principe,2023,April,0
Sao Tome and Principe,2023,May,
Sao Tome and Principe,2023,June,0
Sao Tome and Principe,2023,July,0
Sao Tome and Principe,2023,August,0
Sao Tome and Principe,2023,September,0
Sao Tome and Principe,2023,October,0
Sao Tome and Principe,2023,November,0
Sao Tome and Principe,2023,December,0
Sao Tome and Principe,2023,Total,
Sao Tome and Principe,2024,January,0
Sao Tome and Principe,2024,February,0
Sao Tome and Principe,2024,March,0
Sao Tome and Principe,2024,April,0
Sao Tome and Principe,2024,May,0
Sao Tome and Principe,2024,June,0
Sao Tome and Principe,2024,July,0
Sao Tome and Principe,2024,August,0
Sao Tome and Principe,2024,September,0
Sao Tome and Principe,2024,October,0
Sao Tome and Principe,2024,November,0
Sao Tome and Principe,2024,December,0
Sao Tome and Principe,2024,Total,0
Sao Tome and Principe,2025,January,0
Sao Tome and Principe,2025,February,0
Sao Tome and Principe,2025,March,0
Sao Tome and Principe,2025,April,0
Sao Tome and Principe,2025,May,
Sao Tome and Principe,2025,June,0
Sao Tome and Principe,2025,July,0
Sao Tome and Principe,2025,August,0
Sao Tome and Principe,2025,September,0
Sao Tome and Principe,2025,October,0
Sao Tome and Principe,2025,November,0
Sao Tome and Principe,2025,December,0
Sao Tome and Principe,2025,Total,
Sao Tome and Principe,2026,January,0
Sao Tome and Principe,2026,February,0
Sao Tome and Principe,2026,March,0
Sao Tome and Principe,2026,April,0
Sao Tome and Principe,2026,May,0
Sao Tome and Principe,2026,Total,0
Saudi Arabia,2023,January,15
Saudi Arabia,2023,February,30
Saudi Arabia,2023,March,30
Saudi Arabia,2023,April,20
Saudi Arabia,2023,May,15
Saudi Arabia,2023,June,30
Saudi Arabia,2023,July,10
Saudi Arabia,2023,August,15
Saudi Arabia,2023,September,10
Saudi Arabia,2023,October,15
Saudi Arabia,2023,November,20
Saudi Arabia,2023,December,30
Saudi Arabia,2023,Total,235
Saudi Arabia,2024,January,15
Saudi Arabia,2024,February,15
Saudi Arabia,2024,March,20
Saudi Arabia,2024,April,15
Saudi Arabia,2024,May,10
Saudi Arabia,2024,June,10
Saudi Arabia,2024,July,25
Saudi Arabia,2024,August,10
Saudi Arabia,2024,September,10
Saudi Arabia,2024,October,15
Saudi Arabia,2024,November,15
Saudi Arabia,2024,December,20
Saudi Arabia,2024,Total,185
Saudi Arabia,2025,January,25
Saudi Arabia,2025,February,5
Saudi Arabia,2025,March,10
Saudi Arabia,2025,April,5
Saudi Arabia,2025,May,20
Saudi Arabia,2025,June,10
Saudi Arabia,2025,July,5
Saudi Arabia,2025,August,5
Saudi Arabia,2025,September,15
Saudi Arabia,2025,October,10
Saudi Arabia,2025,November,10
Saudi Arabia,2025,December,15
Saudi Arabia,2025,Total,140
Saudi Arabia,2026,January,10
Saudi Arabia,2026,February,5
Saudi Arabia,2026,March,15
Saudi Arabia,2026,April,10
Saudi Arabia,2026,May,
Saudi Arabia,2026,Total,45
Senegal,2023,January,75
Senegal,2023,February,70
Senegal,2023,March,115
Senegal,2023,April,65
Senegal,2023,May,100
Senegal,2023,June,90
Senegal,2023,July,90
Senegal,2023,August,135
Senegal,2023,September,115
Senegal,2023,October,110
Senegal,2023,November,105
Senegal,2023,December,130
Senegal,2023,Total,1205
Senegal,2024,January,85
Senegal,2024,February,130
Senegal,2024,March,180
Senegal,2024,April,165
Senegal,2024,May,105
Senegal,2024,June,135
Senegal,2024,July,175
Senegal,2024,August,210
Senegal,2024,September,180
Senegal,2024,October,180
Senegal,2024,November,165
Senegal,2024,December,140
Senegal,2024,Total,1850
Senegal,2025,January,230
Senegal,2025,February,145
Senegal,2025,March,220
Senegal,2025,April,215
Senegal,2025,May,240
Senegal,2025,June,135
Senegal,2025,July,165
Senegal,2025,August,100
Senegal,2025,September,150
Senegal,2025,October,160
Senegal,2025,November,145
Senegal,2025,December,195
Senegal,2025,Total,2100
Senegal,2026,January,150
Senegal,2026,February,125
Senegal,2026,March,145
Senegal,2026,April,200
Senegal,2026,May,125
Senegal,2026,Total,750
"Serbia, Republic of",2023,January,25
"Serbia, Republic of",2023,February,5
"Serbia, Republic of",2023,March,30
"Serbia, Republic of",2023,April,25
"Serbia, Republic of",2023,May,20
"Serbia, Republic of",2023,June,20
"Serbia, Republic of",2023,July,30
"Serbia, Republic of",2023,August,20
"Serbia, Republic of",2023,September,10
"Serbia, Republic of",2023,October,20
"Serbia, Republic of",2023,November,35
"Serbia, Republic of",2023,December,20
"Serbia, Republic of",2023,Total,265
"Serbia, Republic of",2024,January,20
"Serbia, Republic of",2024,February,10
"Serbia, Republic of",2024,March,35
"Serbia, Republic of",2024,April,30
"Serbia, Republic of",2024,May,20
"Serbia, Republic of",2024,June,15
"Serbia, Republic of",2024,July,45
"Serbia, Republic of",2024,August,20
"Serbia, Republic of",2024,September,30
"Serbia, Republic of",2024,October,10
"Serbia, Republic of",2024,November,15
"Serbia, Republic of",2024,December,5
"Serbia, Republic of",2024,Total,250
"Serbia, Republic of",2025,January,15
"Serbia, Republic of",2025,February,15
"Serbia, Republic of",2025,March,15
"Serbia, Republic of",2025,April,20
"Serbia, Republic of",2025,May,10
"Serbia, Republic of",2025,June,15
"Serbia, Republic of",2025,July,15
"Serbia, Republic of",2025,August,5
"Serbia, Republic of",2025,September,5
"Serbia, Republic of",2025,October,15
"Serbia, Republic of",2025,November,5
"Serbia, Republic of",2025,December,5
"Serbia, Republic of",2025,Total,145
"Serbia, Republic of",2026,January,10
"Serbia, Republic of",2026,February,15
"Serbia, Republic of",2026,March,10
"Serbia, Republic of",2026,April,5
"Serbia, Republic of",2026,May,0
"Serbia, Republic of",2026,Total,45
Seychelles,2023,January,0
Seychelles,2023,February,0
Seychelles,2023,March,0
Seychelles,2023,April,0
Seychelles,2023,May,
Seychelles,2023,June,0
Seychelles,2023,July,0
Seychelles,2023,August,0
Seychelles,2023,September,0
Seychelles,2023,October,0
Seychelles,2023,November,
Seychelles,2023,December,0
Seychelles,2023,Total,
Seychelles,2024,January,0
Seychelles,2024,February,0
Seychelles,2024,March,0
Seychelles,2024,April,
Seychelles,2024,May,0
Seychelles,2024,June,0
Seychelles,2024,July,0
Seychelles,2024,August,
Seychelles,2024,September,
Seychelles,2024,October,
Seychelles,2024,November,
Seychelles,2024,December,
Seychelles,2024,Total,10
Seychelles,2025,January,0
Seychelles,2025,February,0
Seychelles,2025,March,0
Seychelles,2025,April,0
Seychelles,2025,May,0
Seychelles,2025,June,0
Seychelles,2025,July,0
Seychelles,2025,August,0
Seychelles,2025,September,0
Seychelles,2025,October,0
Seychelles,2025,November,0
Seychelles,2025,December,0
Seychelles,2025,Total,0
Seychelles,2026,January,0
Seychelles,2026,February,0
Seychelles,2026,March,0
Seychelles,2026,April,0
Seychelles,2026,May,0
Seychelles,2026,Total,0
Sierra Leone,2023,January,10
Sierra Leone,2023,February,10
Sierra Leone,2023,March,10
Sierra Leone,2023,April,
Sierra Leone,2023,May,10
Sierra Leone,2023,June,5
Sierra Leone,2023,July,10
Sierra Leone,2023,August,15
Sierra Leone,2023,September,5
Sierra Leone,2023,October,10
Sierra Leone,2023,November,15
Sierra Leone,2023,December,15
Sierra Leone,2023,Total,120
Sierra Leone,2024,January,25
Sierra Leone,2024,February,15
Sierra Leone,2024,March,10
Sierra Leone,2024,April,15
Sierra Leone,2024,May,15
Sierra Leone,2024,June,10
Sierra Leone,2024,July,20
Sierra Leone,2024,August,30
Sierra Leone,2024,September,20
Sierra Leone,2024,October,30
Sierra Leone,2024,November,20
Sierra Leone,2024,December,10
Sierra Leone,2024,Total,210
Sierra Leone,2025,January,10
Sierra Leone,2025,February,15
Sierra Leone,2025,March,15
Sierra Leone,2025,April,30
Sierra Leone,2025,May,25
Sierra Leone,2025,June,5
Sierra Leone,2025,July,25
Sierra Leone,2025,August,15
Sierra Leone,2025,September,15
Sierra Leone,2025,October,15
Sierra Leone,2025,November,20
Sierra Leone,2025,December,15
Sierra Leone,2025,Total,205
Sierra Leone,2026,January,10
Sierra Leone,2026,February,
Sierra Leone,2026,March,10
Sierra Leone,2026,April,
Sierra Leone,2026,May,0
Sierra Leone,2026,Total,25
Singapore,2023,January,20
Singapore,2023,February,20
Singapore,2023,March,25
Singapore,2023,April,25
Singapore,2023,May,20
Singapore,2023,June,15
Singapore,2023,July,15
Singapore,2023,August,35
Singapore,2023,September,20
Singapore,2023,October,20
Singapore,2023,November,20
Singapore,2023,December,25
Singapore,2023,Total,250
Singapore,2024,January,15
Singapore,2024,February,20
Singapore,2024,March,20
Singapore,2024,April,20
Singapore,2024,May,35
Singapore,2024,June,25
Singapore,2024,July,25
Singapore,2024,August,20
Singapore,2024,September,20
Singapore,2024,October,15
Singapore,2024,November,15
Singapore,2024,December,10
Singapore,2024,Total,245
Singapore,2025,January,5
Singapore,2025,February,5
Singapore,2025,March,15
Singapore,2025,April,10
Singapore,2025,May,5
Singapore,2025,June,5
Singapore,2025,July,25
Singapore,2025,August,10
Singapore,2025,September,15
Singapore,2025,October,15
Singapore,2025,November,5
Singapore,2025,December,10
Singapore,2025,Total,130
Singapore,2026,January,15
Singapore,2026,February,10
Singapore,2026,March,15
Singapore,2026,April,10
Singapore,2026,May,
Singapore,2026,Total,55
Sint-Maarten,2023,January,0
Sint-Maarten,2023,February,0
Sint-Maarten,2023,March,0
Sint-Maarten,2023,April,0
Sint-Maarten,2023,May,
Sint-Maarten,2023,June,0
Sint-Maarten,2023,July,0
Sint-Maarten,2023,August,0
Sint-Maarten,2023,September,0
Sint-Maarten,2023,October,0
Sint-Maarten,2023,November,0
Sint-Maarten,2023,December,0
Sint-Maarten,2023,Total,
Sint-Maarten,2024,January,0
Sint-Maarten,2024,February,0
Sint-Maarten,2024,March,0
Sint-Maarten,2024,April,0
Sint-Maarten,2024,May,0
Sint-Maarten,2024,June,0
Sint-Maarten,2024,July,0
Sint-Maarten,2024,August,0
Sint-Maarten,2024,September,0
Sint-Maarten,2024,October,0
Sint-Maarten,2024,November,0
Sint-Maarten,2024,December,0
Sint-Maarten,2024,Total,0
Sint-Maarten,2025,January,0
Sint-Maarten,2025,February,0
Sint-Maarten,2025,March,0
Sint-Maarten,2025,April,0
Sint-Maarten,2025,May,0
Sint-Maarten,2025,June,0
Sint-Maarten,2025,July,0
Sint-Maarten,2025,August,0
Sint-Maarten,2025,September,0
Sint-Maarten,2025,October,0
Sint-Maarten,2025,November,0
Sint-Maarten,2025,December,0
Sint-Maarten,2025,Total,0
Sint-Maarten,2026,January,0
Sint-Maarten,2026,February,0
Sint-Maarten,2026,March,0
Sint-Maarten,2026,April,0
Sint-Maarten,2026,May,0
Sint-Maarten,2026,Total,0
Slovak Republic,2023,January,15
Slovak Republic,2023,February,10
Slovak Republic,2023,March,25
Slovak Republic,2023,April,20
Slovak Republic,2023,May,10
Slovak Republic,2023,June,15
Slovak Republic,2023,July,20
Slovak Republic,2023,August,25
Slovak Republic,2023,September,20
Slovak Republic,2023,October,10
Slovak Republic,2023,November,25
Slovak Republic,2023,December,10
Slovak Republic,2023,Total,210
Slovak Republic,2024,January,20
Slovak Republic,2024,February,10
Slovak Republic,2024,March,25
Slovak Republic,2024,April,15
Slovak Republic,2024,May,25
Slovak Republic,2024,June,25
Slovak Republic,2024,July,20
Slovak Republic,2024,August,10
Slovak Republic,2024,September,10
Slovak Republic,2024,October,10
Slovak Republic,2024,November,5
Slovak Republic,2024,December,10
Slovak Republic,2024,Total,175
Slovak Republic,2025,January,15
Slovak Republic,2025,February,10
Slovak Republic,2025,March,5
Slovak Republic,2025,April,
Slovak Republic,2025,May,
Slovak Republic,2025,June,5
Slovak Republic,2025,July,10
Slovak Republic,2025,August,5
Slovak Republic,2025,September,5
Slovak Republic,2025,October,
Slovak Republic,2025,November,10
Slovak Republic,2025,December,
Slovak Republic,2025,Total,80
Slovak Republic,2026,January,10
Slovak Republic,2026,February,15
Slovak Republic,2026,March,5
Slovak Republic,2026,April,5
Slovak Republic,2026,May,
Slovak Republic,2026,Total,40
Slovenia,2023,January,
Slovenia,2023,February,
Slovenia,2023,March,0
Slovenia,2023,April,5
Slovenia,2023,May,
Slovenia,2023,June,
Slovenia,2023,July,0
Slovenia,2023,August,0
Slovenia,2023,September,
Slovenia,2023,October,0
Slovenia,2023,November,
Slovenia,2023,December,
Slovenia,2023,Total,15
Slovenia,2024,January,
Slovenia,2024,February,
Slovenia,2024,March,
Slovenia,2024,April,5
Slovenia,2024,May,
Slovenia,2024,June,
Slovenia,2024,July,
Slovenia,2024,August,
Slovenia,2024,September,
Slovenia,2024,October,
Slovenia,2024,November,
Slovenia,2024,December,
Slovenia,2024,Total,25
Slovenia,2025,January,
Slovenia,2025,February,
Slovenia,2025,March,
Slovenia,2025,April,
Slovenia,2025,May,0
Slovenia,2025,June,
Slovenia,2025,July,0
Slovenia,2025,August,
Slovenia,2025,September,
Slovenia,2025,October,
Slovenia,2025,November,0
Slovenia,2025,December,
Slovenia,2025,Total,15
Slovenia,2026,January,
Slovenia,2026,February,0
Slovenia,2026,March,
Slovenia,2026,April,
Slovenia,2026,May,0
Slovenia,2026,Total,5
Socialist Republic of Vietnam,2023,January,490
Socialist Republic of Vietnam,2023,February,505
Socialist Republic of Vietnam,2023,March,600
Socialist Republic of Vietnam,2023,April,580
Socialist Republic of Vietnam,2023,May,610
Socialist Republic of Vietnam,2023,June,660
Socialist Republic of Vietnam,2023,July,480
Socialist Republic of Vietnam,2023,August,695
Socialist Republic of Vietnam,2023,September,520
Socialist Republic of Vietnam,2023,October,590
Socialist Republic of Vietnam,2023,November,735
Socialist Republic of Vietnam,2023,December,760
Socialist Republic of Vietnam,2023,Total,7225
Socialist Republic of Vietnam,2024,January,600
Socialist Republic of Vietnam,2024,February,575
Socialist Republic of Vietnam,2024,March,625
Socialist Republic of Vietnam,2024,April,655
Socialist Republic of Vietnam,2024,May,570
Socialist Republic of Vietnam,2024,June,650
Socialist Republic of Vietnam,2024,July,860
Socialist Republic of Vietnam,2024,August,705
Socialist Republic of Vietnam,2024,September,630
Socialist Republic of Vietnam,2024,October,630
Socialist Republic of Vietnam,2024,November,545
Socialist Republic of Vietnam,2024,December,565
Socialist Republic of Vietnam,2024,Total,7605
Socialist Republic of Vietnam,2025,January,430
Socialist Republic of Vietnam,2025,February,415
Socialist Republic of Vietnam,2025,March,520
Socialist Republic of Vietnam,2025,April,585
Socialist Republic of Vietnam,2025,May,560
Socialist Republic of Vietnam,2025,June,460
Socialist Republic of Vietnam,2025,July,500
Socialist Republic of Vietnam,2025,August,455
Socialist Republic of Vietnam,2025,September,545
Socialist Republic of Vietnam,2025,October,575
Socialist Republic of Vietnam,2025,November,430
Socialist Republic of Vietnam,2025,December,310
Socialist Republic of Vietnam,2025,Total,5785
Socialist Republic of Vietnam,2026,January,375
Socialist Republic of Vietnam,2026,February,365
Socialist Republic of Vietnam,2026,March,405
Socialist Republic of Vietnam,2026,April,270
Socialist Republic of Vietnam,2026,May,70
Socialist Republic of Vietnam,2026,Total,1490
"Solomons, The",2023,January,
"Solomons, The",2023,February,0
"Solomons, The",2023,March,0
"Solomons, The",2023,April,0
"Solomons, The",2023,May,0
"Solomons, The",2023,June,
"Solomons, The",2023,July,
"Solomons, The",2023,August,0
"Solomons, The",2023,September,
"Solomons, The",2023,October,
"Solomons, The",2023,November,0
"Solomons, The",2023,December,0
"Solomons, The",2023,Total,5
"Solomons, The",2024,January,
"Solomons, The",2024,February,
"Solomons, The",2024,March,
"Solomons, The",2024,April,
"Solomons, The",2024,May,0
"Solomons, The",2024,June,0
"Solomons, The",2024,July,0
"Solomons, The",2024,August,0
"Solomons, The",2024,September,0
"Solomons, The",2024,October,0
"Solomons, The",2024,November,0
"Solomons, The",2024,December,0
"Solomons, The",2024,Total,5
"Solomons, The",2025,January,0
"Solomons, The",2025,February,0
"Solomons, The",2025,March,0
"Solomons, The",2025,April,0
"Solomons, The",2025,May,
"Solomons, The",2025,June,0
"Solomons, The",2025,July,0
"Solomons, The",2025,August,0
"Solomons, The",2025,September,
"Solomons, The",2025,October,0
"Solomons, The",2025,November,0
"Solomons, The",2025,December,0
"Solomons, The",2025,Total,
"Solomons, The",2026,January,0
"Solomons, The",2026,February,0
"Solomons, The",2026,March,0
"Solomons, The",2026,April,0
"Solomons, The",2026,May,0
"Solomons, The",2026,Total,0
"Somalia, Democratic Republic of",2023,January,580
"Somalia, Democratic Republic of",2023,February,650
"Somalia, Democratic Republic of",2023,March,575
"Somalia, Democratic Republic of",2023,April,325
"Somalia, Democratic Republic of",2023,May,520
"Somalia, Democratic Republic of",2023,June,525
"Somalia, Democratic Republic of",2023,July,620
"Somalia, Democratic Republic of",2023,August,690
"Somalia, Democratic Republic of",2023,September,815
"Somalia, Democratic Republic of",2023,October,700
"Somalia, Democratic Republic of",2023,November,775
"Somalia, Democratic Republic of",2023,December,1375
"Somalia, Democratic Republic of",2023,Total,8150
"Somalia, Democratic Republic of",2024,January,480
"Somalia, Democratic Republic of",2024,February,570
"Somalia, Democratic Republic of",2024,March,485
"Somalia, Democratic Republic of",2024,April,410
"Somalia, Democratic Republic of",2024,May,455
"Somalia, Democratic Republic of",2024,June,670
"Somalia, Democratic Republic of",2024,July,635
"Somalia, Democratic Republic of",2024,August,870
"Somalia, Democratic Republic of",2024,September,840
"Somalia, Democratic Republic of",2024,October,960
"Somalia, Democratic Republic of",2024,November,925
"Somalia, Democratic Republic of",2024,December,450
"Somalia, Democratic Republic of",2024,Total,7745
"Somalia, Democratic Republic of",2025,January,165
"Somalia, Democratic Republic of",2025,February,190
"Somalia, Democratic Republic of",2025,March,225
"Somalia, Democratic Republic of",2025,April,240
"Somalia, Democratic Republic of",2025,May,245
"Somalia, Democratic Republic of",2025,June,250
"Somalia, Democratic Republic of",2025,July,275
"Somalia, Democratic Republic of",2025,August,245
"Somalia, Democratic Republic of",2025,September,220
"Somalia, Democratic Republic of",2025,October,245
"Somalia, Democratic Republic of",2025,November,220
"Somalia, Democratic Republic of",2025,December,330
"Somalia, Democratic Republic of",2025,Total,2860
"Somalia, Democratic Republic of",2026,January,150
"Somalia, Democratic Republic of",2026,February,175
"Somalia, Democratic Republic of",2026,March,175
"Somalia, Democratic Republic of",2026,April,150
"Somalia, Democratic Republic of",2026,May,85
"Somalia, Democratic Republic of",2026,Total,735
"South Sudan, Republic Of",2023,January,55
"South Sudan, Republic Of",2023,February,35
"South Sudan, Republic Of",2023,March,15
"South Sudan, Republic Of",2023,April,35
"South Sudan, Republic Of",2023,May,20
"South Sudan, Republic Of",2023,June,55
"South Sudan, Republic Of",2023,July,25
"South Sudan, Republic Of",2023,August,30
"South Sudan, Republic Of",2023,September,25
"South Sudan, Republic Of",2023,October,65
"South Sudan, Republic Of",2023,November,95
"South Sudan, Republic Of",2023,December,95
"South Sudan, Republic Of",2023,Total,550
"South Sudan, Republic Of",2024,January,50
"South Sudan, Republic Of",2024,February,30
"South Sudan, Republic Of",2024,March,35
"South Sudan, Republic Of",2024,April,40
"South Sudan, Republic Of",2024,May,50
"South Sudan, Republic Of",2024,June,35
"South Sudan, Republic Of",2024,July,25
"South Sudan, Republic Of",2024,August,60
"South Sudan, Republic Of",2024,September,50
"South Sudan, Republic Of",2024,October,65
"South Sudan, Republic Of",2024,November,160
"South Sudan, Republic Of",2024,December,105
"South Sudan, Republic Of",2024,Total,700
"South Sudan, Republic Of",2025,January,20
"South Sudan, Republic Of",2025,February,25
"South Sudan, Republic Of",2025,March,95
"South Sudan, Republic Of",2025,April,25
"South Sudan, Republic Of",2025,May,35
"South Sudan, Republic Of",2025,June,50
"South Sudan, Republic Of",2025,July,45
"South Sudan, Republic Of",2025,August,75
"South Sudan, Republic Of",2025,September,115
"South Sudan, Republic Of",2025,October,90
"South Sudan, Republic Of",2025,November,15
"South Sudan, Republic Of",2025,December,90
"South Sudan, Republic Of",2025,Total,685
"South Sudan, Republic Of",2026,January,5
"South Sudan, Republic Of",2026,February,50
"South Sudan, Republic Of",2026,March,150
"South Sudan, Republic Of",2026,April,65
"South Sudan, Republic Of",2026,May,65
"South Sudan, Republic Of",2026,Total,335
Spain,2023,January,45
Spain,2023,February,45
Spain,2023,March,55
Spain,2023,April,65
Spain,2023,May,75
Spain,2023,June,40
Spain,2023,July,45
Spain,2023,August,70
Spain,2023,September,60
Spain,2023,October,60
Spain,2023,November,70
Spain,2023,December,75
Spain,2023,Total,710
Spain,2024,January,40
Spain,2024,February,55
Spain,2024,March,55
Spain,2024,April,60
Spain,2024,May,45
Spain,2024,June,45
Spain,2024,July,85
Spain,2024,August,50
Spain,2024,September,60
Spain,2024,October,75
Spain,2024,November,50
Spain,2024,December,50
Spain,2024,Total,675
Spain,2025,January,45
Spain,2025,February,45
Spain,2025,March,45
Spain,2025,April,50
Spain,2025,May,50
Spain,2025,June,35
Spain,2025,July,40
Spain,2025,August,45
Spain,2025,September,45
Spain,2025,October,40
Spain,2025,November,35
Spain,2025,December,35
Spain,2025,Total,510
Spain,2026,January,30
Spain,2026,February,25
Spain,2026,March,60
Spain,2026,April,40
Spain,2026,May,20
Spain,2026,Total,170
Sri Lanka,2023,January,335
Sri Lanka,2023,February,250
Sri Lanka,2023,March,325
Sri Lanka,2023,April,255
Sri Lanka,2023,May,410
Sri Lanka,2023,June,280
Sri Lanka,2023,July,225
Sri Lanka,2023,August,310
Sri Lanka,2023,September,265
Sri Lanka,2023,October,350
Sri Lanka,2023,November,370
Sri Lanka,2023,December,510
Sri Lanka,2023,Total,3880
Sri Lanka,2024,January,405
Sri Lanka,2024,February,365
Sri Lanka,2024,March,395
Sri Lanka,2024,April,365
Sri Lanka,2024,May,330
Sri Lanka,2024,June,385
Sri Lanka,2024,July,615
Sri Lanka,2024,August,470
Sri Lanka,2024,September,475
Sri Lanka,2024,October,540
Sri Lanka,2024,November,380
Sri Lanka,2024,December,375
Sri Lanka,2024,Total,5100
Sri Lanka,2025,January,340
Sri Lanka,2025,February,335
Sri Lanka,2025,March,405
Sri Lanka,2025,April,245
Sri Lanka,2025,May,300
Sri Lanka,2025,June,325
Sri Lanka,2025,July,305
Sri Lanka,2025,August,395
Sri Lanka,2025,September,320
Sri Lanka,2025,October,255
Sri Lanka,2025,November,240
Sri Lanka,2025,December,155
Sri Lanka,2025,Total,3615
Sri Lanka,2026,January,295
Sri Lanka,2026,February,400
Sri Lanka,2026,March,365
Sri Lanka,2026,April,245
Sri Lanka,2026,May,190
Sri Lanka,2026,Total,1500
St. Kitts-Nevis,2023,January,0
St. Kitts-Nevis,2023,February,
St. Kitts-Nevis,2023,March,
St. Kitts-Nevis,2023,April,5
St. Kitts-Nevis,2023,May,10
St. Kitts-Nevis,2023,June,
St. Kitts-Nevis,2023,July,
St. Kitts-Nevis,2023,August,10
St. Kitts-Nevis,2023,September,
St. Kitts-Nevis,2023,October,
St. Kitts-Nevis,2023,November,
St. Kitts-Nevis,2023,December,5
St. Kitts-Nevis,2023,Total,40
St. Kitts-Nevis,2024,January,
St. Kitts-Nevis,2024,February,5
St. Kitts-Nevis,2024,March,10
St. Kitts-Nevis,2024,April,10
St. Kitts-Nevis,2024,May,
St. Kitts-Nevis,2024,June,5
St. Kitts-Nevis,2024,July,
St. Kitts-Nevis,2024,August,10
St. Kitts-Nevis,2024,September,
St. Kitts-Nevis,2024,October,10
St. Kitts-Nevis,2024,November,
St. Kitts-Nevis,2024,December,10
St. Kitts-Nevis,2024,Total,80
St. Kitts-Nevis,2025,January,
St. Kitts-Nevis,2025,February,
St. Kitts-Nevis,2025,March,
St. Kitts-Nevis,2025,April,
St. Kitts-Nevis,2025,May,0
St. Kitts-Nevis,2025,June,
St. Kitts-Nevis,2025,July,
St. Kitts-Nevis,2025,August,
St. Kitts-Nevis,2025,September,
St. Kitts-Nevis,2025,October,
St. Kitts-Nevis,2025,November,
St. Kitts-Nevis,2025,December,
St. Kitts-Nevis,2025,Total,25
St. Kitts-Nevis,2026,January,0
St. Kitts-Nevis,2026,February,
St. Kitts-Nevis,2026,March,10
St. Kitts-Nevis,2026,April,
St. Kitts-Nevis,2026,May,
St. Kitts-Nevis,2026,Total,15
St. Lucia,2023,January,20
St. Lucia,2023,February,10
St. Lucia,2023,March,25
St. Lucia,2023,April,10
St. Lucia,2023,May,10
St. Lucia,2023,June,15
St. Lucia,2023,July,10
St. Lucia,2023,August,15
St. Lucia,2023,September,20
St. Lucia,2023,October,15
St. Lucia,2023,November,20
St. Lucia,2023,December,25
St. Lucia,2023,Total,200
St. Lucia,2024,January,20
St. Lucia,2024,February,15
St. Lucia,2024,March,20
St. Lucia,2024,April,15
St. Lucia,2024,May,20
St. Lucia,2024,June,25
St. Lucia,2024,July,20
St. Lucia,2024,August,20
St. Lucia,2024,September,15
St. Lucia,2024,October,5
St. Lucia,2024,November,20
St. Lucia,2024,December,5
St. Lucia,2024,Total,205
St. Lucia,2025,January,35
St. Lucia,2025,February,15
St. Lucia,2025,March,15
St. Lucia,2025,April,10
St. Lucia,2025,May,20
St. Lucia,2025,June,10
St. Lucia,2025,July,10
St. Lucia,2025,August,15
St. Lucia,2025,September,20
St. Lucia,2025,October,15
St. Lucia,2025,November,5
St. Lucia,2025,December,5
St. Lucia,2025,Total,175
St. Lucia,2026,January,10
St. Lucia,2026,February,10
St. Lucia,2026,March,5
St. Lucia,2026,April,15
St. Lucia,2026,May,0
St. Lucia,2026,Total,35
St. Vincent and the Grenadines,2023,January,5
St. Vincent and the Grenadines,2023,February,15
St. Vincent and the Grenadines,2023,March,15
St. Vincent and the Grenadines,2023,April,30
St. Vincent and the Grenadines,2023,May,20
St. Vincent and the Grenadines,2023,June,30
St. Vincent and the Grenadines,2023,July,15
St. Vincent and the Grenadines,2023,August,30
St. Vincent and the Grenadines,2023,September,15
St. Vincent and the Grenadines,2023,October,15
St. Vincent and the Grenadines,2023,November,25
St. Vincent and the Grenadines,2023,December,25
St. Vincent and the Grenadines,2023,Total,240
St. Vincent and the Grenadines,2024,January,20
St. Vincent and the Grenadines,2024,February,30
St. Vincent and the Grenadines,2024,March,30
St. Vincent and the Grenadines,2024,April,25
St. Vincent and the Grenadines,2024,May,20
St. Vincent and the Grenadines,2024,June,25
St. Vincent and the Grenadines,2024,July,20
St. Vincent and the Grenadines,2024,August,25
St. Vincent and the Grenadines,2024,September,10
St. Vincent and the Grenadines,2024,October,15
St. Vincent and the Grenadines,2024,November,20
St. Vincent and the Grenadines,2024,December,20
St. Vincent and the Grenadines,2024,Total,255
St. Vincent and the Grenadines,2025,January,10
St. Vincent and the Grenadines,2025,February,30
St. Vincent and the Grenadines,2025,March,10
St. Vincent and the Grenadines,2025,April,20
St. Vincent and the Grenadines,2025,May,15
St. Vincent and the Grenadines,2025,June,10
St. Vincent and the Grenadines,2025,July,20
St. Vincent and the Grenadines,2025,August,15
St. Vincent and the Grenadines,2025,September,5
St. Vincent and the Grenadines,2025,October,15
St. Vincent and the Grenadines,2025,November,10
St. Vincent and the Grenadines,2025,December,5
St. Vincent and the Grenadines,2025,Total,170
St. Vincent and the Grenadines,2026,January,
St. Vincent and the Grenadines,2026,February,5
St. Vincent and the Grenadines,2026,March,10
St. Vincent and the Grenadines,2026,April,
St. Vincent and the Grenadines,2026,May,
St. Vincent and the Grenadines,2026,Total,20
Stateless,2023,January,45
Stateless,2023,February,40
Stateless,2023,March,150
Stateless,2023,April,100
Stateless,2023,May,100
Stateless,2023,June,265
Stateless,2023,July,60
Stateless,2023,August,245
Stateless,2023,September,560
Stateless,2023,October,145
Stateless,2023,November,280
Stateless,2023,December,230
Stateless,2023,Total,2220
Stateless,2024,January,130
Stateless,2024,February,180
Stateless,2024,March,430
Stateless,2024,April,140
Stateless,2024,May,175
Stateless,2024,June,605
Stateless,2024,July,180
Stateless,2024,August,265
Stateless,2024,September,305
Stateless,2024,October,310
Stateless,2024,November,165
Stateless,2024,December,200
Stateless,2024,Total,3080
Stateless,2025,January,170
Stateless,2025,February,165
Stateless,2025,March,330
Stateless,2025,April,135
Stateless,2025,May,400
Stateless,2025,June,400
Stateless,2025,July,65
Stateless,2025,August,380
Stateless,2025,September,320
Stateless,2025,October,160
Stateless,2025,November,175
Stateless,2025,December,425
Stateless,2025,Total,3125
Stateless,2026,January,30
Stateless,2026,February,435
Stateless,2026,March,135
Stateless,2026,April,90
Stateless,2026,May,45
Stateless,2026,Total,740
Surinam,2023,January,0
Surinam,2023,February,
Surinam,2023,March,5
Surinam,2023,April,0
Surinam,2023,May,
Surinam,2023,June,
Surinam,2023,July,
Surinam,2023,August,
Surinam,2023,September,0
Surinam,2023,October,
Surinam,2023,November,
Surinam,2023,December,
Surinam,2023,Total,20
Surinam,2024,January,0
Surinam,2024,February,0
Surinam,2024,March,
Surinam,2024,April,0
Surinam,2024,May,0
Surinam,2024,June,0
Surinam,2024,July,0
Surinam,2024,August,0
Surinam,2024,September,
Surinam,2024,October,
Surinam,2024,November,
Surinam,2024,December,0
Surinam,2024,Total,10
Surinam,2025,January,0
Surinam,2025,February,
Surinam,2025,March,0
Surinam,2025,April,0
Surinam,2025,May,0
Surinam,2025,June,0
Surinam,2025,July,
Surinam,2025,August,
Surinam,2025,September,
Surinam,2025,October,
Surinam,2025,November,0
Surinam,2025,December,0
Surinam,2025,Total,10
Surinam,2026,January,0
Surinam,2026,February,
Surinam,2026,March,0
Surinam,2026,April,
Surinam,2026,May,0
Surinam,2026,Total,
Swaziland,2023,January,
Swaziland,2023,February,5
Swaziland,2023,March,0
Swaziland,2023,April,
Swaziland,2023,May,
Swaziland,2023,June,0
Swaziland,2023,July,0
Swaziland,2023,August,
Swaziland,2023,September,0
Swaziland,2023,October,
Swaziland,2023,November,
Swaziland,2023,December,
Swaziland,2023,Total,20
Swaziland,2024,January,0
Swaziland,2024,February,0
Swaziland,2024,March,
Swaziland,2024,April,
Swaziland,2024,May,
Swaziland,2024,June,0
Swaziland,2024,July,0
Swaziland,2024,August,
Swaziland,2024,September,0
Swaziland,2024,October,
Swaziland,2024,November,
Swaziland,2024,December,
Swaziland,2024,Total,15
Swaziland,2025,January,
Swaziland,2025,February,
Swaziland,2025,March,
Swaziland,2025,April,
Swaziland,2025,May,
Swaziland,2025,June,
Swaziland,2025,July,
Swaziland,2025,August,
Swaziland,2025,September,5
Swaziland,2025,October,
Swaziland,2025,November,0
Swaziland,2025,December,
Swaziland,2025,Total,30
Swaziland,2026,January,0
Swaziland,2026,February,0
Swaziland,2026,March,0
Swaziland,2026,April,0
Swaziland,2026,May,0
Swaziland,2026,Total,0
Sweden,2023,January,20
Sweden,2023,February,25
Sweden,2023,March,30
Sweden,2023,April,15
Sweden,2023,May,35
Sweden,2023,June,35
Sweden,2023,July,25
Sweden,2023,August,15
Sweden,2023,September,10
Sweden,2023,October,15
Sweden,2023,November,35
Sweden,2023,December,25
Sweden,2023,Total,280
Sweden,2024,January,25
Sweden,2024,February,20
Sweden,2024,March,20
Sweden,2024,April,30
Sweden,2024,May,25
Sweden,2024,June,15
Sweden,2024,July,15
Sweden,2024,August,20
Sweden,2024,September,45
Sweden,2024,October,20
Sweden,2024,November,25
Sweden,2024,December,30
Sweden,2024,Total,285
Sweden,2025,January,15
Sweden,2025,February,15
Sweden,2025,March,15
Sweden,2025,April,30
Sweden,2025,May,20
Sweden,2025,June,15
Sweden,2025,July,15
Sweden,2025,August,10
Sweden,2025,September,10
Sweden,2025,October,15
Sweden,2025,November,10
Sweden,2025,December,10
Sweden,2025,Total,175
Sweden,2026,January,15
Sweden,2026,February,15
Sweden,2026,March,20
Sweden,2026,April,10
Sweden,2026,May,
Sweden,2026,Total,60
Switzerland,2023,January,25
Switzerland,2023,February,10
Switzerland,2023,March,15
Switzerland,2023,April,15
Switzerland,2023,May,10
Switzerland,2023,June,15
Switzerland,2023,July,15
Switzerland,2023,August,15
Switzerland,2023,September,15
Switzerland,2023,October,10
Switzerland,2023,November,20
Switzerland,2023,December,15
Switzerland,2023,Total,185
Switzerland,2024,January,15
Switzerland,2024,February,10
Switzerland,2024,March,25
Switzerland,2024,April,20
Switzerland,2024,May,20
Switzerland,2024,June,20
Switzerland,2024,July,10
Switzerland,2024,August,25
Switzerland,2024,September,20
Switzerland,2024,October,20
Switzerland,2024,November,10
Switzerland,2024,December,25
Switzerland,2024,Total,210
Switzerland,2025,January,15
Switzerland,2025,February,5
Switzerland,2025,March,20
Switzerland,2025,April,15
Switzerland,2025,May,20
Switzerland,2025,June,10
Switzerland,2025,July,15
Switzerland,2025,August,
Switzerland,2025,September,25
Switzerland,2025,October,20
Switzerland,2025,November,
Switzerland,2025,December,10
Switzerland,2025,Total,165
Switzerland,2026,January,15
Switzerland,2026,February,15
Switzerland,2026,March,20
Switzerland,2026,April,15
Switzerland,2026,May,5
Switzerland,2026,Total,75
Syria,2023,January,180
Syria,2023,February,425
Syria,2023,March,1505
Syria,2023,April,440
Syria,2023,May,955
Syria,2023,June,1090
Syria,2023,July,655
Syria,2023,August,580
Syria,2023,September,830
Syria,2023,October,640
Syria,2023,November,850
Syria,2023,December,835
Syria,2023,Total,8990
Syria,2024,January,700
Syria,2024,February,650
Syria,2024,March,600
Syria,2024,April,585
Syria,2024,May,750
Syria,2024,June,660
Syria,2024,July,700
Syria,2024,August,480
Syria,2024,September,465
Syria,2024,October,870
Syria,2024,November,820
Syria,2024,December,725
Syria,2024,Total,8005
Syria,2025,January,490
Syria,2025,February,255
Syria,2025,March,330
Syria,2025,April,460
Syria,2025,May,520
Syria,2025,June,535
Syria,2025,July,435
Syria,2025,August,450
Syria,2025,September,320
Syria,2025,October,265
Syria,2025,November,395
Syria,2025,December,325
Syria,2025,Total,4780
Syria,2026,January,235
Syria,2026,February,270
Syria,2026,March,310
Syria,2026,April,185
Syria,2026,May,130
Syria,2026,Total,1125
Taiwan,2023,January,90
Taiwan,2023,February,60
Taiwan,2023,March,95
Taiwan,2023,April,110
Taiwan,2023,May,100
Taiwan,2023,June,85
Taiwan,2023,July,85
Taiwan,2023,August,125
Taiwan,2023,September,95
Taiwan,2023,October,105
Taiwan,2023,November,125
Taiwan,2023,December,135
Taiwan,2023,Total,1215
Taiwan,2024,January,135
Taiwan,2024,February,100
Taiwan,2024,March,110
Taiwan,2024,April,110
Taiwan,2024,May,135
Taiwan,2024,June,125
Taiwan,2024,July,150
Taiwan,2024,August,145
Taiwan,2024,September,105
Taiwan,2024,October,120
Taiwan,2024,November,120
Taiwan,2024,December,60
Taiwan,2024,Total,1415
Taiwan,2025,January,110
Taiwan,2025,February,80
Taiwan,2025,March,90
Taiwan,2025,April,80
Taiwan,2025,May,85
Taiwan,2025,June,80
Taiwan,2025,July,80
Taiwan,2025,August,75
Taiwan,2025,September,95
Taiwan,2025,October,105
Taiwan,2025,November,85
Taiwan,2025,December,80
Taiwan,2025,Total,1050
Taiwan,2026,January,75
Taiwan,2026,February,80
Taiwan,2026,March,90
Taiwan,2026,April,60
Taiwan,2026,May,35
Taiwan,2026,Total,340
Tajikistan,2023,January,5
Tajikistan,2023,February,0
Tajikistan,2023,March,
Tajikistan,2023,April,5
Tajikistan,2023,May,
Tajikistan,2023,June,5
Tajikistan,2023,July,10
Tajikistan,2023,August,
Tajikistan,2023,September,10
Tajikistan,2023,October,15
Tajikistan,2023,November,15
Tajikistan,2023,December,15
Tajikistan,2023,Total,85
Tajikistan,2024,January,15
Tajikistan,2024,February,10
Tajikistan,2024,March,10
Tajikistan,2024,April,10
Tajikistan,2024,May,10
Tajikistan,2024,June,15
Tajikistan,2024,July,15
Tajikistan,2024,August,25
Tajikistan,2024,September,10
Tajikistan,2024,October,15
Tajikistan,2024,November,25
Tajikistan,2024,December,5
Tajikistan,2024,Total,165
Tajikistan,2025,January,5
Tajikistan,2025,February,15
Tajikistan,2025,March,25
Tajikistan,2025,April,10
Tajikistan,2025,May,5
Tajikistan,2025,June,5
Tajikistan,2025,July,10
Tajikistan,2025,August,0
Tajikistan,2025,September,10
Tajikistan,2025,October,
Tajikistan,2025,November,
Tajikistan,2025,December,0
Tajikistan,2025,Total,90
Tajikistan,2026,January,
Tajikistan,2026,February,
Tajikistan,2026,March,
Tajikistan,2026,April,
Tajikistan,2026,May,0
Tajikistan,2026,Total,5
Thailand,2023,January,80
Thailand,2023,February,35
Thailand,2023,March,60
Thailand,2023,April,45
Thailand,2023,May,45
Thailand,2023,June,50
Thailand,2023,July,35
Thailand,2023,August,65
Thailand,2023,September,70
Thailand,2023,October,50
Thailand,2023,November,70
Thailand,2023,December,60
Thailand,2023,Total,670
Thailand,2024,January,80
Thailand,2024,February,55
Thailand,2024,March,85
Thailand,2024,April,40
Thailand,2024,May,65
Thailand,2024,June,55
Thailand,2024,July,60
Thailand,2024,August,65
Thailand,2024,September,70
Thailand,2024,October,60
Thailand,2024,November,55
Thailand,2024,December,55
Thailand,2024,Total,745
Thailand,2025,January,55
Thailand,2025,February,40
Thailand,2025,March,50
Thailand,2025,April,50
Thailand,2025,May,50
Thailand,2025,June,50
Thailand,2025,July,30
Thailand,2025,August,40
Thailand,2025,September,60
Thailand,2025,October,60
Thailand,2025,November,55
Thailand,2025,December,50
Thailand,2025,Total,590
Thailand,2026,January,50
Thailand,2026,February,40
Thailand,2026,March,55
Thailand,2026,April,25
Thailand,2026,May,5
Thailand,2026,Total,170
The Netherlands,2023,January,35
The Netherlands,2023,February,25
The Netherlands,2023,March,45
The Netherlands,2023,April,35
The Netherlands,2023,May,40
The Netherlands,2023,June,30
The Netherlands,2023,July,40
The Netherlands,2023,August,35
The Netherlands,2023,September,35
The Netherlands,2023,October,35
The Netherlands,2023,November,40
The Netherlands,2023,December,35
The Netherlands,2023,Total,430
The Netherlands,2024,January,25
The Netherlands,2024,February,40
The Netherlands,2024,March,45
The Netherlands,2024,April,25
The Netherlands,2024,May,35
The Netherlands,2024,June,55
The Netherlands,2024,July,50
The Netherlands,2024,August,40
The Netherlands,2024,September,50
The Netherlands,2024,October,40
The Netherlands,2024,November,50
The Netherlands,2024,December,10
The Netherlands,2024,Total,465
The Netherlands,2025,January,40
The Netherlands,2025,February,35
The Netherlands,2025,March,70
The Netherlands,2025,April,35
The Netherlands,2025,May,15
The Netherlands,2025,June,30
The Netherlands,2025,July,35
The Netherlands,2025,August,15
The Netherlands,2025,September,30
The Netherlands,2025,October,35
The Netherlands,2025,November,15
The Netherlands,2025,December,20
The Netherlands,2025,Total,370
The Netherlands,2026,January,20
The Netherlands,2026,February,30
The Netherlands,2026,March,30
The Netherlands,2026,April,15
The Netherlands,2026,May,10
The Netherlands,2026,Total,105
"Togo, Republic of",2023,January,85
"Togo, Republic of",2023,February,60
"Togo, Republic of",2023,March,100
"Togo, Republic of",2023,April,85
"Togo, Republic of",2023,May,110
"Togo, Republic of",2023,June,80
"Togo, Republic of",2023,July,75
"Togo, Republic of",2023,August,145
"Togo, Republic of",2023,September,185
"Togo, Republic of",2023,October,100
"Togo, Republic of",2023,November,65
"Togo, Republic of",2023,December,125
"Togo, Republic of",2023,Total,1215
"Togo, Republic of",2024,January,60
"Togo, Republic of",2024,February,125
"Togo, Republic of",2024,March,250
"Togo, Republic of",2024,April,215
"Togo, Republic of",2024,May,105
"Togo, Republic of",2024,June,145
"Togo, Republic of",2024,July,125
"Togo, Republic of",2024,August,155
"Togo, Republic of",2024,September,180
"Togo, Republic of",2024,October,130
"Togo, Republic of",2024,November,125
"Togo, Republic of",2024,December,100
"Togo, Republic of",2024,Total,1720
"Togo, Republic of",2025,January,145
"Togo, Republic of",2025,February,100
"Togo, Republic of",2025,March,135
"Togo, Republic of",2025,April,240
"Togo, Republic of",2025,May,355
"Togo, Republic of",2025,June,80
"Togo, Republic of",2025,July,110
"Togo, Republic of",2025,August,120
"Togo, Republic of",2025,September,145
"Togo, Republic of",2025,October,235
"Togo, Republic of",2025,November,200
"Togo, Republic of",2025,December,260
"Togo, Republic of",2025,Total,2120
"Togo, Republic of",2026,January,250
"Togo, Republic of",2026,February,170
"Togo, Republic of",2026,March,165
"Togo, Republic of",2026,April,285
"Togo, Republic of",2026,May,210
"Togo, Republic of",2026,Total,1080
Tonga,2023,January,0
Tonga,2023,February,0
Tonga,2023,March,
Tonga,2023,April,
Tonga,2023,May,0
Tonga,2023,June,0
Tonga,2023,July,0
Tonga,2023,August,0
Tonga,2023,September,0
Tonga,2023,October,0
Tonga,2023,November,0
Tonga,2023,December,0
Tonga,2023,Total,
Tonga,2024,January,0
Tonga,2024,February,0
Tonga,2024,March,0
Tonga,2024,April,0
Tonga,2024,May,0
Tonga,2024,June,0
Tonga,2024,July,0
Tonga,2024,August,0
Tonga,2024,September,
Tonga,2024,October,0
Tonga,2024,November,0
Tonga,2024,December,0
Tonga,2024,Total,
Tonga,2025,January,0
Tonga,2025,February,0
Tonga,2025,March,
Tonga,2025,April,0
Tonga,2025,May,0
Tonga,2025,June,0
Tonga,2025,July,0
Tonga,2025,August,0
Tonga,2025,September,0
Tonga,2025,October,0
Tonga,2025,November,0
Tonga,2025,December,0
Tonga,2025,Total,
Tonga,2026,January,0
Tonga,2026,February,0
Tonga,2026,March,0
Tonga,2026,April,0
Tonga,2026,May,0
Tonga,2026,Total,0
"Trinidad and Tobago, Republic of",2023,January,35
"Trinidad and Tobago, Republic of",2023,February,15
"Trinidad and Tobago, Republic of",2023,March,40
"Trinidad and Tobago, Republic of",2023,April,65
"Trinidad and Tobago, Republic of",2023,May,70
"Trinidad and Tobago, Republic of",2023,June,45
"Trinidad and Tobago, Republic of",2023,July,55
"Trinidad and Tobago, Republic of",2023,August,45
"Trinidad and Tobago, Republic of",2023,September,40
"Trinidad and Tobago, Republic of",2023,October,40
"Trinidad and Tobago, Republic of",2023,November,65
"Trinidad and Tobago, Republic of",2023,December,85
"Trinidad and Tobago, Republic of",2023,Total,600
"Trinidad and Tobago, Republic of",2024,January,40
"Trinidad and Tobago, Republic of",2024,February,60
"Trinidad and Tobago, Republic of",2024,March,55
"Trinidad and Tobago, Republic of",2024,April,65
"Trinidad and Tobago, Republic of",2024,May,45
"Trinidad and Tobago, Republic of",2024,June,30
"Trinidad and Tobago, Republic of",2024,July,80
"Trinidad and Tobago, Republic of",2024,August,60
"Trinidad and Tobago, Republic of",2024,September,75
"Trinidad and Tobago, Republic of",2024,October,55
"Trinidad and Tobago, Republic of",2024,November,40
"Trinidad and Tobago, Republic of",2024,December,50
"Trinidad and Tobago, Republic of",2024,Total,650
"Trinidad and Tobago, Republic of",2025,January,45
"Trinidad and Tobago, Republic of",2025,February,25
"Trinidad and Tobago, Republic of",2025,March,45
"Trinidad and Tobago, Republic of",2025,April,50
"Trinidad and Tobago, Republic of",2025,May,35
"Trinidad and Tobago, Republic of",2025,June,40
"Trinidad and Tobago, Republic of",2025,July,20
"Trinidad and Tobago, Republic of",2025,August,45
"Trinidad and Tobago, Republic of",2025,September,45
"Trinidad and Tobago, Republic of",2025,October,30
"Trinidad and Tobago, Republic of",2025,November,35
"Trinidad and Tobago, Republic of",2025,December,25
"Trinidad and Tobago, Republic of",2025,Total,440
"Trinidad and Tobago, Republic of",2026,January,45
"Trinidad and Tobago, Republic of",2026,February,25
"Trinidad and Tobago, Republic of",2026,March,50
"Trinidad and Tobago, Republic of",2026,April,20
"Trinidad and Tobago, Republic of",2026,May,10
"Trinidad and Tobago, Republic of",2026,Total,150
Tunisia,2023,January,500
Tunisia,2023,February,395
Tunisia,2023,March,340
Tunisia,2023,April,290
Tunisia,2023,May,345
Tunisia,2023,June,315
Tunisia,2023,July,390
Tunisia,2023,August,690
Tunisia,2023,September,755
Tunisia,2023,October,570
Tunisia,2023,November,555
Tunisia,2023,December,530
Tunisia,2023,Total,5670
Tunisia,2024,January,460
Tunisia,2024,February,435
Tunisia,2024,March,795
Tunisia,2024,April,530
Tunisia,2024,May,425
Tunisia,2024,June,535
Tunisia,2024,July,640
Tunisia,2024,August,600
Tunisia,2024,September,635
Tunisia,2024,October,580
Tunisia,2024,November,560
Tunisia,2024,December,365
Tunisia,2024,Total,6560
Tunisia,2025,January,410
Tunisia,2025,February,485
Tunisia,2025,March,435
Tunisia,2025,April,555
Tunisia,2025,May,545
Tunisia,2025,June,355
Tunisia,2025,July,305
Tunisia,2025,August,370
Tunisia,2025,September,555
Tunisia,2025,October,640
Tunisia,2025,November,605
Tunisia,2025,December,540
Tunisia,2025,Total,5790
Tunisia,2026,January,400
Tunisia,2026,February,355
Tunisia,2026,March,315
Tunisia,2026,April,260
Tunisia,2026,May,260
Tunisia,2026,Total,1590
Turkey,2023,January,330
Turkey,2023,February,355
Turkey,2023,March,460
Turkey,2023,April,525
Turkey,2023,May,480
Turkey,2023,June,615
Turkey,2023,July,655
Turkey,2023,August,720
Turkey,2023,September,640
Turkey,2023,October,625
Turkey,2023,November,565
Turkey,2023,December,770
Turkey,2023,Total,6725
Turkey,2024,January,795
Turkey,2024,February,750
Turkey,2024,March,765
Turkey,2024,April,795
Turkey,2024,May,685
Turkey,2024,June,605
Turkey,2024,July,700
Turkey,2024,August,580
Turkey,2024,September,610
Turkey,2024,October,605
Turkey,2024,November,570
Turkey,2024,December,585
Turkey,2024,Total,8045
Turkey,2025,January,635
Turkey,2025,February,465
Turkey,2025,March,685
Turkey,2025,April,615
Turkey,2025,May,465
Turkey,2025,June,435
Turkey,2025,July,525
Turkey,2025,August,465
Turkey,2025,September,380
Turkey,2025,October,135
Turkey,2025,November,110
Turkey,2025,December,120
Turkey,2025,Total,5030
Turkey,2026,January,125
Turkey,2026,February,160
Turkey,2026,March,170
Turkey,2026,April,125
Turkey,2026,May,85
Turkey,2026,Total,665
Turkmenistan,2023,January,
Turkmenistan,2023,February,
Turkmenistan,2023,March,5
Turkmenistan,2023,April,0
Turkmenistan,2023,May,
Turkmenistan,2023,June,
Turkmenistan,2023,July,0
Turkmenistan,2023,August,0
Turkmenistan,2023,September,
Turkmenistan,2023,October,5
Turkmenistan,2023,November,0
Turkmenistan,2023,December,
Turkmenistan,2023,Total,20
Turkmenistan,2024,January,
Turkmenistan,2024,February,5
Turkmenistan,2024,March,5
Turkmenistan,2024,April,5
Turkmenistan,2024,May,
Turkmenistan,2024,June,
Turkmenistan,2024,July,5
Turkmenistan,2024,August,
Turkmenistan,2024,September,0
Turkmenistan,2024,October,10
Turkmenistan,2024,November,
Turkmenistan,2024,December,
Turkmenistan,2024,Total,50
Turkmenistan,2025,January,5
Turkmenistan,2025,February,
Turkmenistan,2025,March,
Turkmenistan,2025,April,5
Turkmenistan,2025,May,
Turkmenistan,2025,June,
Turkmenistan,2025,July,
Turkmenistan,2025,August,
Turkmenistan,2025,September,5
Turkmenistan,2025,October,
Turkmenistan,2025,November,
Turkmenistan,2025,December,
Turkmenistan,2025,Total,30
Turkmenistan,2026,January,
Turkmenistan,2026,February,0
Turkmenistan,2026,March,0
Turkmenistan,2026,April,0
Turkmenistan,2026,May,0
Turkmenistan,2026,Total,
Turks and Caicos Islands,2023,January,0
Turks and Caicos Islands,2023,February,0
Turks and Caicos Islands,2023,March,0
Turks and Caicos Islands,2023,April,0
Turks and Caicos Islands,2023,May,0
Turks and Caicos Islands,2023,June,0
Turks and Caicos Islands,2023,July,0
Turks and Caicos Islands,2023,August,0
Turks and Caicos Islands,2023,September,0
Turks and Caicos Islands,2023,October,0
Turks and Caicos Islands,2023,November,0
Turks and Caicos Islands,2023,December,0
Turks and Caicos Islands,2023,Total,0
Turks and Caicos Islands,2024,January,
Turks and Caicos Islands,2024,February,0
Turks and Caicos Islands,2024,March,0
Turks and Caicos Islands,2024,April,0
Turks and Caicos Islands,2024,May,0
Turks and Caicos Islands,2024,June,0
Turks and Caicos Islands,2024,July,0
Turks and Caicos Islands,2024,August,0
Turks and Caicos Islands,2024,September,0
Turks and Caicos Islands,2024,October,0
Turks and Caicos Islands,2024,November,0
Turks and Caicos Islands,2024,December,0
Turks and Caicos Islands,2024,Total,
Turks and Caicos Islands,2025,January,0
Turks and Caicos Islands,2025,February,0
Turks and Caicos Islands,2025,March,0
Turks and Caicos Islands,2025,April,0
Turks and Caicos Islands,2025,May,0
Turks and Caicos Islands,2025,June,0
Turks and Caicos Islands,2025,July,0
Turks and Caicos Islands,2025,August,0
Turks and Caicos Islands,2025,September,0
Turks and Caicos Islands,2025,October,0
Turks and Caicos Islands,2025,November,0
Turks and Caicos Islands,2025,December,0
Turks and Caicos Islands,2025,Total,0
Turks and Caicos Islands,2026,January,0
Turks and Caicos Islands,2026,February,0
Turks and Caicos Islands,2026,March,0
Turks and Caicos Islands,2026,April,0
Turks and Caicos Islands,2026,May,0
Turks and Caicos Islands,2026,Total,0
Uganda,2023,January,90
Uganda,2023,February,50
Uganda,2023,March,80
Uganda,2023,April,110
Uganda,2023,May,140
Uganda,2023,June,110
Uganda,2023,July,120
Uganda,2023,August,100
Uganda,2023,September,115
Uganda,2023,October,125
Uganda,2023,November,155
Uganda,2023,December,160
Uganda,2023,Total,1365
Uganda,2024,January,140
Uganda,2024,February,145
Uganda,2024,March,200
Uganda,2024,April,240
Uganda,2024,May,190
Uganda,2024,June,240
Uganda,2024,July,230
Uganda,2024,August,205
Uganda,2024,September,265
Uganda,2024,October,280
Uganda,2024,November,240
Uganda,2024,December,390
Uganda,2024,Total,2760
Uganda,2025,January,465
Uganda,2025,February,320
Uganda,2025,March,505
Uganda,2025,April,495
Uganda,2025,May,390
Uganda,2025,June,305
Uganda,2025,July,280
Uganda,2025,August,365
Uganda,2025,September,255
Uganda,2025,October,90
Uganda,2025,November,70
Uganda,2025,December,90
Uganda,2025,Total,3620
Uganda,2026,January,50
Uganda,2026,February,50
Uganda,2026,March,70
Uganda,2026,April,95
Uganda,2026,May,70
Uganda,2026,Total,335
Ukraine,2023,January,290
Ukraine,2023,February,260
Ukraine,2023,March,360
Ukraine,2023,April,475
Ukraine,2023,May,620
Ukraine,2023,June,710
Ukraine,2023,July,650
Ukraine,2023,August,745
Ukraine,2023,September,720
Ukraine,2023,October,1615
Ukraine,2023,November,3555
Ukraine,2023,December,3310
Ukraine,2023,Total,13315
Ukraine,2024,January,2900
Ukraine,2024,February,2995
Ukraine,2024,March,3300
Ukraine,2024,April,4005
Ukraine,2024,May,2885
Ukraine,2024,June,3205
Ukraine,2024,July,3230
Ukraine,2024,August,3280
Ukraine,2024,September,3520
Ukraine,2024,October,6475
Ukraine,2024,November,2225
Ukraine,2024,December,2110
Ukraine,2024,Total,40135
Ukraine,2025,January,1570
Ukraine,2025,February,1395
Ukraine,2025,March,1650
Ukraine,2025,April,1505
Ukraine,2025,May,1460
Ukraine,2025,June,1245
Ukraine,2025,July,1275
Ukraine,2025,August,1145
Ukraine,2025,September,1075
Ukraine,2025,October,1050
Ukraine,2025,November,565
Ukraine,2025,December,320
Ukraine,2025,Total,14245
Ukraine,2026,January,395
Ukraine,2026,February,415
Ukraine,2026,March,355
Ukraine,2026,April,280
Ukraine,2026,May,165
Ukraine,2026,Total,1610
United Arab Emirates,2023,January,10
United Arab Emirates,2023,February,
United Arab Emirates,2023,March,0
United Arab Emirates,2023,April,0
United Arab Emirates,2023,May,
United Arab Emirates,2023,June,
United Arab Emirates,2023,July,0
United Arab Emirates,2023,August,5
United Arab Emirates,2023,September,5
United Arab Emirates,2023,October,5
United Arab Emirates,2023,November,
United Arab Emirates,2023,December,
United Arab Emirates,2023,Total,35
United Arab Emirates,2024,January,0
United Arab Emirates,2024,February,5
United Arab Emirates,2024,March,0
United Arab Emirates,2024,April,
United Arab Emirates,2024,May,5
United Arab Emirates,2024,June,0
United Arab Emirates,2024,July,10
United Arab Emirates,2024,August,
United Arab Emirates,2024,September,
United Arab Emirates,2024,October,
United Arab Emirates,2024,November,0
United Arab Emirates,2024,December,0
United Arab Emirates,2024,Total,30
United Arab Emirates,2025,January,
United Arab Emirates,2025,February,0
United Arab Emirates,2025,March,
United Arab Emirates,2025,April,
United Arab Emirates,2025,May,0
United Arab Emirates,2025,June,
United Arab Emirates,2025,July,
United Arab Emirates,2025,August,
United Arab Emirates,2025,September,
United Arab Emirates,2025,October,0
United Arab Emirates,2025,November,0
United Arab Emirates,2025,December,
United Arab Emirates,2025,Total,10
United Arab Emirates,2026,January,0
United Arab Emirates,2026,February,0
United Arab Emirates,2026,March,0
United Arab Emirates,2026,April,0
United Arab Emirates,2026,May,
United Arab Emirates,2026,Total,
United Kingdom and Overseas Territories,2023,January,325
United Kingdom and Overseas Territories,2023,February,300
United Kingdom and Overseas Territories,2023,March,455
United Kingdom and Overseas Territories,2023,April,285
United Kingdom and Overseas Territories,2023,May,495
United Kingdom and Overseas Territories,2023,June,375
United Kingdom and Overseas Territories,2023,July,330
United Kingdom and Overseas Territories,2023,August,480
United Kingdom and Overseas Territories,2023,September,395
United Kingdom and Overseas Territories,2023,October,415
United Kingdom and Overseas Territories,2023,November,435
United Kingdom and Overseas Territories,2023,December,505
United Kingdom and Overseas Territories,2023,Total,4790
United Kingdom and Overseas Territories,2024,January,395
United Kingdom and Overseas Territories,2024,February,340
United Kingdom and Overseas Territories,2024,March,430
United Kingdom and Overseas Territories,2024,April,435
United Kingdom and Overseas Territories,2024,May,340
United Kingdom and Overseas Territories,2024,June,380
United Kingdom and Overseas Territories,2024,July,485
United Kingdom and Overseas Territories,2024,August,470
United Kingdom and Overseas Territories,2024,September,435
United Kingdom and Overseas Territories,2024,October,395
United Kingdom and Overseas Territories,2024,November,365
United Kingdom and Overseas Territories,2024,December,365
United Kingdom and Overseas Territories,2024,Total,4840
United Kingdom and Overseas Territories,2025,January,440
United Kingdom and Overseas Territories,2025,February,290
United Kingdom and Overseas Territories,2025,March,385
United Kingdom and Overseas Territories,2025,April,315
United Kingdom and Overseas Territories,2025,May,335
United Kingdom and Overseas Territories,2025,June,305
United Kingdom and Overseas Territories,2025,July,315
United Kingdom and Overseas Territories,2025,August,380
United Kingdom and Overseas Territories,2025,September,455
United Kingdom and Overseas Territories,2025,October,430
United Kingdom and Overseas Territories,2025,November,370
United Kingdom and Overseas Territories,2025,December,335
United Kingdom and Overseas Territories,2025,Total,4355
United Kingdom and Overseas Territories,2026,January,405
United Kingdom and Overseas Territories,2026,February,390
United Kingdom and Overseas Territories,2026,March,530
United Kingdom and Overseas Territories,2026,April,500
United Kingdom and Overseas Territories,2026,May,205
United Kingdom and Overseas Territories,2026,Total,2025
United Republic of Tanzania,2023,January,30
United Republic of Tanzania,2023,February,25
United Republic of Tanzania,2023,March,40
United Republic of Tanzania,2023,April,25
United Republic of Tanzania,2023,May,50
United Republic of Tanzania,2023,June,25
United Republic of Tanzania,2023,July,50
United Republic of Tanzania,2023,August,35
United Republic of Tanzania,2023,September,40
United Republic of Tanzania,2023,October,25
United Republic of Tanzania,2023,November,25
United Republic of Tanzania,2023,December,35
United Republic of Tanzania,2023,Total,405
United Republic of Tanzania,2024,January,35
United Republic of Tanzania,2024,February,50
United Republic of Tanzania,2024,March,50
United Republic of Tanzania,2024,April,50
United Republic of Tanzania,2024,May,35
United Republic of Tanzania,2024,June,35
United Republic of Tanzania,2024,July,60
United Republic of Tanzania,2024,August,45
United Republic of Tanzania,2024,September,35
United Republic of Tanzania,2024,October,70
United Republic of Tanzania,2024,November,75
United Republic of Tanzania,2024,December,50
United Republic of Tanzania,2024,Total,585
United Republic of Tanzania,2025,January,55
United Republic of Tanzania,2025,February,30
United Republic of Tanzania,2025,March,60
United Republic of Tanzania,2025,April,65
United Republic of Tanzania,2025,May,40
United Republic of Tanzania,2025,June,50
United Republic of Tanzania,2025,July,40
United Republic of Tanzania,2025,August,45
United Republic of Tanzania,2025,September,45
United Republic of Tanzania,2025,October,35
United Republic of Tanzania,2025,November,20
United Republic of Tanzania,2025,December,25
United Republic of Tanzania,2025,Total,505
United Republic of Tanzania,2026,January,20
United Republic of Tanzania,2026,February,15
United Republic of Tanzania,2026,March,25
United Republic of Tanzania,2026,April,10
United Republic of Tanzania,2026,May,
United Republic of Tanzania,2026,Total,75
United States of America,2023,January,805
United States of America,2023,February,705
United States of America,2023,March,1055
United States of America,2023,April,805
United States of America,2023,May,1050
United States of America,2023,June,730
United States of America,2023,July,735
United States of America,2023,August,1000
United States of America,2023,September,835
United States of America,2023,October,855
United States of America,2023,November,895
United States of America,2023,December,1085
United States of America,2023,Total,10555
United States of America,2024,January,925
United States of America,2024,February,965
United States of America,2024,March,900
United States of America,2024,April,905
United States of America,2024,May,735
United States of America,2024,June,695
United States of America,2024,July,960
United States of America,2024,August,875
United States of America,2024,September,885
United States of America,2024,October,820
United States of America,2024,November,705
United States of America,2024,December,735
United States of America,2024,Total,10105
United States of America,2025,January,805
United States of America,2025,February,750
United States of America,2025,March,965
United States of America,2025,April,905
United States of America,2025,May,770
United States of America,2025,June,705
United States of America,2025,July,800
United States of America,2025,August,750
United States of America,2025,September,940
United States of America,2025,October,1000
United States of America,2025,November,710
United States of America,2025,December,790
United States of America,2025,Total,9895
United States of America,2026,January,850
United States of America,2026,February,825
United States of America,2026,March,885
United States of America,2026,April,620
United States of America,2026,May,230
United States of America,2026,Total,3410
Uruguay,2023,January,
Uruguay,2023,February,5
Uruguay,2023,March,5
Uruguay,2023,April,
Uruguay,2023,May,10
Uruguay,2023,June,5
Uruguay,2023,July,0
Uruguay,2023,August,5
Uruguay,2023,September,5
Uruguay,2023,October,
Uruguay,2023,November,5
Uruguay,2023,December,10
Uruguay,2023,Total,65
Uruguay,2024,January,
Uruguay,2024,February,5
Uruguay,2024,March,5
Uruguay,2024,April,5
Uruguay,2024,May,5
Uruguay,2024,June,5
Uruguay,2024,July,0
Uruguay,2024,August,5
Uruguay,2024,September,5
Uruguay,2024,October,
Uruguay,2024,November,
Uruguay,2024,December,0
Uruguay,2024,Total,50
Uruguay,2025,January,0
Uruguay,2025,February,5
Uruguay,2025,March,
Uruguay,2025,April,10
Uruguay,2025,May,
Uruguay,2025,June,
Uruguay,2025,July,0
Uruguay,2025,August,5
Uruguay,2025,September,0
Uruguay,2025,October,
Uruguay,2025,November,
Uruguay,2025,December,
Uruguay,2025,Total,40
Uruguay,2026,January,
Uruguay,2026,February,
Uruguay,2026,March,
Uruguay,2026,April,0
Uruguay,2026,May,
Uruguay,2026,Total,10
Uzbekistan,2023,January,5
Uzbekistan,2023,February,20
Uzbekistan,2023,March,20
Uzbekistan,2023,April,15
Uzbekistan,2023,May,25
Uzbekistan,2023,June,10
Uzbekistan,2023,July,25
Uzbekistan,2023,August,20
Uzbekistan,2023,September,20
Uzbekistan,2023,October,10
Uzbekistan,2023,November,20
Uzbekistan,2023,December,20
Uzbekistan,2023,Total,205
Uzbekistan,2024,January,15
Uzbekistan,2024,February,30
Uzbekistan,2024,March,20
Uzbekistan,2024,April,30
Uzbekistan,2024,May,40
Uzbekistan,2024,June,25
Uzbekistan,2024,July,15
Uzbekistan,2024,August,30
Uzbekistan,2024,September,20
Uzbekistan,2024,October,15
Uzbekistan,2024,November,25
Uzbekistan,2024,December,20
Uzbekistan,2024,Total,285
Uzbekistan,2025,January,25
Uzbekistan,2025,February,30
Uzbekistan,2025,March,20
Uzbekistan,2025,April,25
Uzbekistan,2025,May,20
Uzbekistan,2025,June,5
Uzbekistan,2025,July,10
Uzbekistan,2025,August,25
Uzbekistan,2025,September,35
Uzbekistan,2025,October,25
Uzbekistan,2025,November,25
Uzbekistan,2025,December,15
Uzbekistan,2025,Total,260
Uzbekistan,2026,January,20
Uzbekistan,2026,February,15
Uzbekistan,2026,March,20
Uzbekistan,2026,April,30
Uzbekistan,2026,May,5
Uzbekistan,2026,Total,90
Vanuatu,2023,January,0
Vanuatu,2023,February,0
Vanuatu,2023,March,0
Vanuatu,2023,April,0
Vanuatu,2023,May,0
Vanuatu,2023,June,0
Vanuatu,2023,July,0
Vanuatu,2023,August,
Vanuatu,2023,September,0
Vanuatu,2023,October,0
Vanuatu,2023,November,0
Vanuatu,2023,December,
Vanuatu,2023,Total,
Vanuatu,2024,January,
Vanuatu,2024,February,0
Vanuatu,2024,March,0
Vanuatu,2024,April,0
Vanuatu,2024,May,0
Vanuatu,2024,June,
Vanuatu,2024,July,0
Vanuatu,2024,August,
Vanuatu,2024,September,0
Vanuatu,2024,October,
Vanuatu,2024,November,
Vanuatu,2024,December,0
Vanuatu,2024,Total,10
Vanuatu,2025,January,
Vanuatu,2025,February,0
Vanuatu,2025,March,0
Vanuatu,2025,April,0
Vanuatu,2025,May,0
Vanuatu,2025,June,
Vanuatu,2025,July,
Vanuatu,2025,August,0
Vanuatu,2025,September,0
Vanuatu,2025,October,0
Vanuatu,2025,November,
Vanuatu,2025,December,0
Vanuatu,2025,Total,10
Vanuatu,2026,January,0
Vanuatu,2026,February,0
Vanuatu,2026,March,0
Vanuatu,2026,April,
Vanuatu,2026,May,0
Vanuatu,2026,Total,
Venezuela,2023,January,100
Venezuela,2023,February,95
Venezuela,2023,March,140
Venezuela,2023,April,125
Venezuela,2023,May,105
Venezuela,2023,June,175
Venezuela,2023,July,125
Venezuela,2023,August,170
Venezuela,2023,September,125
Venezuela,2023,October,115
Venezuela,2023,November,1360
Venezuela,2023,December,1480
Venezuela,2023,Total,4115
Venezuela,2024,January,105
Venezuela,2024,February,135
Venezuela,2024,March,105
Venezuela,2024,April,125
Venezuela,2024,May,125
Venezuela,2024,June,125
Venezuela,2024,July,220
Venezuela,2024,August,205
Venezuela,2024,September,140
Venezuela,2024,October,185
Venezuela,2024,November,175
Venezuela,2024,December,150
Venezuela,2024,Total,1795
Venezuela,2025,January,140
Venezuela,2025,February,160
Venezuela,2025,March,195
Venezuela,2025,April,140
Venezuela,2025,May,145
Venezuela,2025,June,80
Venezuela,2025,July,50
Venezuela,2025,August,90
Venezuela,2025,September,120
Venezuela,2025,October,65
Venezuela,2025,November,65
Venezuela,2025,December,35
Venezuela,2025,Total,1290
Venezuela,2026,January,40
Venezuela,2026,February,40
Venezuela,2026,March,30
Venezuela,2026,April,45
Venezuela,2026,May,45
Venezuela,2026,Total,200
Western Sahara,2023,January,0
Western Sahara,2023,February,0
Western Sahara,2023,March,0
Western Sahara,2023,April,0
Western Sahara,2023,May,0
Western Sahara,2023,June,0
Western Sahara,2023,July,0
Western Sahara,2023,August,0
Western Sahara,2023,September,0
Western Sahara,2023,October,0
Western Sahara,2023,November,0
Western Sahara,2023,December,0
Western Sahara,2023,Total,0
Western Sahara,2024,January,0
Western Sahara,2024,February,0
Western Sahara,2024,March,0
Western Sahara,2024,April,
Western Sahara,2024,May,0
Western Sahara,2024,June,0
Western Sahara,2024,July,0
Western Sahara,2024,August,0
Western Sahara,2024,September,0
Western Sahara,2024,October,0
Western Sahara,2024,November,0
Western Sahara,2024,December,0
Western Sahara,2024,Total,
Western Sahara,2025,January,0
Western Sahara,2025,February,
Western Sahara,2025,March,0
Western Sahara,2025,April,0
Western Sahara,2025,May,0
Western Sahara,2025,June,0
Western Sahara,2025,July,0
Western Sahara,2025,August,0
Western Sahara,2025,September,0
Western Sahara,2025,October,0
Western Sahara,2025,November,0
Western Sahara,2025,December,0
Western Sahara,2025,Total,
Western Sahara,2026,January,0
Western Sahara,2026,February,0
Western Sahara,2026,March,0
Western Sahara,2026,April,0
Western Sahara,2026,May,0
Western Sahara,2026,Total,0
Yemen,2023,January,80
Yemen,2023,February,100
Yemen,2023,March,120
Yemen,2023,April,60
Yemen,2023,May,110
Yemen,2023,June,110
Yemen,2023,July,65
Yemen,2023,August,100
Yemen,2023,September,115
Yemen,2023,October,110
Yemen,2023,November,105
Yemen,2023,December,125
Yemen,2023,Total,1200
Yemen,2024,January,115
Yemen,2024,February,120
Yemen,2024,March,85
Yemen,2024,April,80
Yemen,2024,May,70
Yemen,2024,June,70
Yemen,2024,July,65
Yemen,2024,August,80
Yemen,2024,September,75
Yemen,2024,October,80
Yemen,2024,November,80
Yemen,2024,December,85
Yemen,2024,Total,1010
Yemen,2025,January,45
Yemen,2025,February,65
Yemen,2025,March,55
Yemen,2025,April,65
Yemen,2025,May,60
Yemen,2025,June,90
Yemen,2025,July,60
Yemen,2025,August,50
Yemen,2025,September,45
Yemen,2025,October,30
Yemen,2025,November,40
Yemen,2025,December,30
Yemen,2025,Total,635
Yemen,2026,January,20
Yemen,2026,February,35
Yemen,2026,March,30
Yemen,2026,April,30
Yemen,2026,May,10
Yemen,2026,Total,120
Zambia,2023,January,
Zambia,2023,February,5
Zambia,2023,March,10
Zambia,2023,April,
Zambia,2023,May,10
Zambia,2023,June,10
Zambia,2023,July,
Zambia,2023,August,20
Zambia,2023,September,10
Zambia,2023,October,10
Zambia,2023,November,15
Zambia,2023,December,15
Zambia,2023,Total,105
Zambia,2024,January,5
Zambia,2024,February,
Zambia,2024,March,20
Zambia,2024,April,10
Zambia,2024,May,15
Zambia,2024,June,5
Zambia,2024,July,15
Zambia,2024,August,10
Zambia,2024,September,10
Zambia,2024,October,5
Zambia,2024,November,15
Zambia,2024,December,10
Zambia,2024,Total,125
Zambia,2025,January,15
Zambia,2025,February,15
Zambia,2025,March,10
Zambia,2025,April,
Zambia,2025,May,15
Zambia,2025,June,25
Zambia,2025,July,15
Zambia,2025,August,10
Zambia,2025,September,15
Zambia,2025,October,
Zambia,2025,November,15
Zambia,2025,December,5
Zambia,2025,Total,150
Zambia,2026,January,
Zambia,2026,February,10
Zambia,2026,March,10
Zambia,2026,April,
Zambia,2026,May,5
Zambia,2026,Total,35
Zimbabwe,2023,January,55
Zimbabwe,2023,February,35
Zimbabwe,2023,March,85
Zimbabwe,2023,April,45
Zimbabwe,2023,May,85
Zimbabwe,2023,June,45
Zimbabwe,2023,July,35
Zimbabwe,2023,August,55
Zimbabwe,2023,September,65
Zimbabwe,2023,October,60
Zimbabwe,2023,November,85
Zimbabwe,2023,December,120
Zimbabwe,2023,Total,765
Zimbabwe,2024,January,80
Zimbabwe,2024,February,125
Zimbabwe,2024,March,90
Zimbabwe,2024,April,115
Zimbabwe,2024,May,95
Zimbabwe,2024,June,95
Zimbabwe,2024,July,120
Zimbabwe,2024,August,140
Zimbabwe,2024,September,125
Zimbabwe,2024,October,105
Zimbabwe,2024,November,105
Zimbabwe,2024,December,100
Zimbabwe,2024,Total,1300
Zimbabwe,2025,January,105
Zimbabwe,2025,February,60
Zimbabwe,2025,March,120
Zimbabwe,2025,April,100
Zimbabwe,2025,May,80
Zimbabwe,2025,June,95
Zimbabwe,2025,July,90
Zimbabwe,2025,August,55
Zimbabwe,2025,September,50
Zimbabwe,2025,October,55
Zimbabwe,2025,November,50
Zimbabwe,2025,December,50
Zimbabwe,2025,Total,905
Zimbabwe,2026,January,20
Zimbabwe,2026,February,45
Zimbabwe,2026,March,55
Zimbabwe,2026,April,25
Zimbabwe,2026,May,15
Zimbabwe,2026,Total,155
Other*,2023,January,60
Other*,2023,February,45
Other*,2023,March,65
Other*,2023,April,30
Other*,2023,May,50
Other*,2023,June,50
Other*,2023,July,15
Other*,2023,August,35
Other*,2023,September,30
Other*,2023,October,30
Other*,2023,November,75
Other*,2023,December,70
Other*,2023,Total,555
Other*,2024,January,40
Other*,2024,February,55
Other*,2024,March,45
Other*,2024,April,50
Other*,2024,May,40
Other*,2024,June,35
Other*,2024,July,40
Other*,2024,August,45
Other*,2024,September,30
Other*,2024,October,50
Other*,2024,November,35
Other*,2024,December,30
Other*,2024,Total,485
Other*,2025,January,20
Other*,2025,February,30
Other*,2025,March,40
Other*,2025,April,65
Other*,2025,May,55
Other*,2025,June,55
Other*,2025,July,60
Other*,2025,August,45
Other*,2025,September,85
Other*,2025,October,90
Other*,2025,November,40
Other*,2025,December,35
Other*,2025,Total,620
Other*,2026,January,30
Other*,2026,February,70
Other*,2026,March,110
Other*,2026,April,720
Other*,2026,May,735
Other*,2026,Total,1660
