country,year,month,value
Total,2023,January,63885
Total,2023,February,60005
Total,2023,March,70200
Total,2023,April,51730
Total,2023,May,91925
Total,2023,June,94735
Total,2023,July,84360
Total,2023,August,80015
Total,2023,September,59575
Total,2023,October,68690
Total,2023,November,85410
Total,2023,December,49880
Total,2023,Total,860420
Total,2024,January,63700
Total,2024,February,67420
Total,2024,March,32705
Total,2024,April,34840
Total,2024,May,47690
Total,2024,June,44205
Total,2024,July,63670
Total,2024,August,69680
Total,2024,September,38950
Total,2024,October,41460
Total,2024,November,39375
Total,2024,December,35150
Total,2024,Total,578845
Total,2025,January,33925
Total,2025,February,21730
Total,2025,March,18310
Total,2025,April,21570
Total,2025,May,20520
Total,2025,June,26515
Total,2025,July,30740
Total,2025,August,40375
Total,2025,September,18130
Total,2025,October,17530
Total,2025,November,15350
Total,2025,December,17285
Total,2025,Total,281975
Total,2026,January,14445
Total,2026,February,11370
Total,2026,March,13295
Total,2026,April,17260
Total,2026,May,17980
Total,2026,Total,74345
Afghanistan,2023,January,15
Afghanistan,2023,February,30
Afghanistan,2023,March,15
Afghanistan,2023,April,15
Afghanistan,2023,May,10
Afghanistan,2023,June,10
Afghanistan,2023,July,15
Afghanistan,2023,August,20
Afghanistan,2023,September,20
Afghanistan,2023,October,20
Afghanistan,2023,November,35
Afghanistan,2023,December,10
Afghanistan,2023,Total,215
Afghanistan,2024,January,175
Afghanistan,2024,February,10
Afghanistan,2024,March,15
Afghanistan,2024,April,15
Afghanistan,2024,May,95
Afghanistan,2024,June,50
Afghanistan,2024,July,45
Afghanistan,2024,August,30
Afghanistan,2024,September,15
Afghanistan,2024,October,15
Afghanistan,2024,November,35
Afghanistan,2024,December,20
Afghanistan,2024,Total,530
Afghanistan,2025,January,25
Afghanistan,2025,February,10
Afghanistan,2025,March,10
Afghanistan,2025,April,10
Afghanistan,2025,May,10
Afghanistan,2025,June,10
Afghanistan,2025,July,20
Afghanistan,2025,August,25
Afghanistan,2025,September,10
Afghanistan,2025,October,15
Afghanistan,2025,November,20
Afghanistan,2025,December,30
Afghanistan,2025,Total,195
Afghanistan,2026,January,60
Afghanistan,2026,February,15
Afghanistan,2026,March,20
Afghanistan,2026,April,35
Afghanistan,2026,May,30
Afghanistan,2026,Total,160
Albania,2023,January,30
Albania,2023,February,35
Albania,2023,March,30
Albania,2023,April,25
Albania,2023,May,55
Albania,2023,June,75
Albania,2023,July,70
Albania,2023,August,45
Albania,2023,September,25
Albania,2023,October,65
Albania,2023,November,45
Albania,2023,December,40
Albania,2023,Total,540
Albania,2024,January,25
Albania,2024,February,25
Albania,2024,March,15
Albania,2024,April,25
Albania,2024,May,30
Albania,2024,June,30
Albania,2024,July,45
Albania,2024,August,45
Albania,2024,September,30
Albania,2024,October,30
Albania,2024,November,15
Albania,2024,December,35
Albania,2024,Total,350
Albania,2025,January,45
Albania,2025,February,15
Albania,2025,March,10
Albania,2025,April,15
Albania,2025,May,25
Albania,2025,June,15
Albania,2025,July,25
Albania,2025,August,10
Albania,2025,September,15
Albania,2025,October,10
Albania,2025,November,5
Albania,2025,December,15
Albania,2025,Total,210
Albania,2026,January,20
Albania,2026,February,
Albania,2026,March,
Albania,2026,April,10
Albania,2026,May,
Albania,2026,Total,40
Algeria,2023,January,920
Algeria,2023,February,1210
Algeria,2023,March,1140
Algeria,2023,April,915
Algeria,2023,May,2225
Algeria,2023,June,1850
Algeria,2023,July,735
Algeria,2023,August,1500
Algeria,2023,September,2380
Algeria,2023,October,4860
Algeria,2023,November,6085
Algeria,2023,December,1775
Algeria,2023,Total,25590
Algeria,2024,January,2720
Algeria,2024,February,1525
Algeria,2024,March,840
Algeria,2024,April,1815
Algeria,2024,May,1330
Algeria,2024,June,1305
Algeria,2024,July,2570
Algeria,2024,August,3450
Algeria,2024,September,2980
Algeria,2024,October,2640
Algeria,2024,November,1765
Algeria,2024,December,1230
Algeria,2024,Total,24160
Algeria,2025,January,800
Algeria,2025,February,680
Algeria,2025,March,555
Algeria,2025,April,410
Algeria,2025,May,445
Algeria,2025,June,1005
Algeria,2025,July,815
Algeria,2025,August,1250
Algeria,2025,September,570
Algeria,2025,October,395
Algeria,2025,November,365
Algeria,2025,December,280
Algeria,2025,Total,7565
Algeria,2026,January,240
Algeria,2026,February,310
Algeria,2026,March,275
Algeria,2026,April,170
Algeria,2026,May,225
Algeria,2026,Total,1220
Andorra,2023,January,0
Andorra,2023,February,
Andorra,2023,March,0
Andorra,2023,April,0
Andorra,2023,May,0
Andorra,2023,June,0
Andorra,2023,July,0
Andorra,2023,August,
Andorra,2023,September,0
Andorra,2023,October,0
Andorra,2023,November,
Andorra,2023,December,0
Andorra,2023,Total,
Andorra,2024,January,0
Andorra,2024,February,0
Andorra,2024,March,0
Andorra,2024,April,0
Andorra,2024,May,0
Andorra,2024,June,0
Andorra,2024,July,0
Andorra,2024,August,0
Andorra,2024,September,
Andorra,2024,October,0
Andorra,2024,November,0
Andorra,2024,December,0
Andorra,2024,Total,
Andorra,2025,January,0
Andorra,2025,February,0
Andorra,2025,March,
Andorra,2025,April,
Andorra,2025,May,0
Andorra,2025,June,0
Andorra,2025,July,0
Andorra,2025,August,0
Andorra,2025,September,0
Andorra,2025,October,0
Andorra,2025,November,0
Andorra,2025,December,0
Andorra,2025,Total,
Andorra,2026,January,
Andorra,2026,February,0
Andorra,2026,March,0
Andorra,2026,April,
Andorra,2026,May,
Andorra,2026,Total,
Angola,2023,January,10
Angola,2023,February,5
Angola,2023,March,20
Angola,2023,April,
Angola,2023,May,10
Angola,2023,June,20
Angola,2023,July,5
Angola,2023,August,20
Angola,2023,September,15
Angola,2023,October,15
Angola,2023,November,15
Angola,2023,December,
Angola,2023,Total,145
Angola,2024,January,15
Angola,2024,February,
Angola,2024,March,15
Angola,2024,April,10
Angola,2024,May,10
Angola,2024,June,
Angola,2024,July,
Angola,2024,August,
Angola,2024,September,5
Angola,2024,October,
Angola,2024,November,5
Angola,2024,December,5
Angola,2024,Total,85
Angola,2025,January,5
Angola,2025,February,
Angola,2025,March,10
Angola,2025,April,
Angola,2025,May,
Angola,2025,June,
Angola,2025,July,
Angola,2025,August,
Angola,2025,September,
Angola,2025,October,
Angola,2025,November,
Angola,2025,December,
Angola,2025,Total,40
Angola,2026,January,
Angola,2026,February,
Angola,2026,March,10
Angola,2026,April,
Angola,2026,May,
Angola,2026,Total,20
Antigua and Barbuda,2023,January,5
Antigua and Barbuda,2023,February,
Antigua and Barbuda,2023,March,
Antigua and Barbuda,2023,April,
Antigua and Barbuda,2023,May,10
Antigua and Barbuda,2023,June,10
Antigua and Barbuda,2023,July,10
Antigua and Barbuda,2023,August,5
Antigua and Barbuda,2023,September,5
Antigua and Barbuda,2023,October,
Antigua and Barbuda,2023,November,
Antigua and Barbuda,2023,December,5
Antigua and Barbuda,2023,Total,65
Antigua and Barbuda,2024,January,
Antigua and Barbuda,2024,February,5
Antigua and Barbuda,2024,March,
Antigua and Barbuda,2024,April,
Antigua and Barbuda,2024,May,
Antigua and Barbuda,2024,June,0
Antigua and Barbuda,2024,July,10
Antigua and Barbuda,2024,August,
Antigua and Barbuda,2024,September,
Antigua and Barbuda,2024,October,
Antigua and Barbuda,2024,November,5
Antigua and Barbuda,2024,December,
Antigua and Barbuda,2024,Total,35
Antigua and Barbuda,2025,January,
Antigua and Barbuda,2025,February,0
Antigua and Barbuda,2025,March,
Antigua and Barbuda,2025,April,
Antigua and Barbuda,2025,May,
Antigua and Barbuda,2025,June,
Antigua and Barbuda,2025,July,5
Antigua and Barbuda,2025,August,5
Antigua and Barbuda,2025,September,
Antigua and Barbuda,2025,October,
Antigua and Barbuda,2025,November,
Antigua and Barbuda,2025,December,
Antigua and Barbuda,2025,Total,30
Antigua and Barbuda,2026,January,0
Antigua and Barbuda,2026,February,0
Antigua and Barbuda,2026,March,5
Antigua and Barbuda,2026,April,
Antigua and Barbuda,2026,May,
Antigua and Barbuda,2026,Total,10
Argentina,2023,January,40
Argentina,2023,February,35
Argentina,2023,March,55
Argentina,2023,April,30
Argentina,2023,May,45
Argentina,2023,June,50
Argentina,2023,July,30
Argentina,2023,August,25
Argentina,2023,September,25
Argentina,2023,October,30
Argentina,2023,November,25
Argentina,2023,December,15
Argentina,2023,Total,415
Argentina,2024,January,25
Argentina,2024,February,20
Argentina,2024,March,20
Argentina,2024,April,20
Argentina,2024,May,15
Argentina,2024,June,15
Argentina,2024,July,20
Argentina,2024,August,25
Argentina,2024,September,5
Argentina,2024,October,15
Argentina,2024,November,15
Argentina,2024,December,10
Argentina,2024,Total,210
Argentina,2025,January,10
Argentina,2025,February,10
Argentina,2025,March,5
Argentina,2025,April,10
Argentina,2025,May,15
Argentina,2025,June,15
Argentina,2025,July,15
Argentina,2025,August,15
Argentina,2025,September,5
Argentina,2025,October,10
Argentina,2025,November,
Argentina,2025,December,10
Argentina,2025,Total,120
Argentina,2026,January,10
Argentina,2026,February,
Argentina,2026,March,5
Argentina,2026,April,5
Argentina,2026,May,10
Argentina,2026,Total,30
Armenia,2023,January,5
Armenia,2023,February,
Armenia,2023,March,10
Armenia,2023,April,
Armenia,2023,May,5
Armenia,2023,June,10
Armenia,2023,July,
Armenia,2023,August,10
Armenia,2023,September,10
Armenia,2023,October,
Armenia,2023,November,10
Armenia,2023,December,10
Armenia,2023,Total,80
Armenia,2024,January,
Armenia,2024,February,
Armenia,2024,March,0
Armenia,2024,April,
Armenia,2024,May,5
Armenia,2024,June,
Armenia,2024,July,15
Armenia,2024,August,10
Armenia,2024,September,
Armenia,2024,October,5
Armenia,2024,November,5
Armenia,2024,December,5
Armenia,2024,Total,55
Armenia,2025,January,0
Armenia,2025,February,
Armenia,2025,March,
Armenia,2025,April,
Armenia,2025,May,10
Armenia,2025,June,10
Armenia,2025,July,10
Armenia,2025,August,15
Armenia,2025,September,5
Armenia,2025,October,
Armenia,2025,November,
Armenia,2025,December,5
Armenia,2025,Total,65
Armenia,2026,January,
Armenia,2026,February,
Armenia,2026,March,
Armenia,2026,April,0
Armenia,2026,May,5
Armenia,2026,Total,10
Australia,2023,January,10
Australia,2023,February,5
Australia,2023,March,10
Australia,2023,April,15
Australia,2023,May,25
Australia,2023,June,55
Australia,2023,July,60
Australia,2023,August,50
Australia,2023,September,10
Australia,2023,October,5
Australia,2023,November,30
Australia,2023,December,15
Australia,2023,Total,290
Australia,2024,January,
Australia,2024,February,5
Australia,2024,March,10
Australia,2024,April,30
Australia,2024,May,30
Australia,2024,June,40
Australia,2024,July,40
Australia,2024,August,35
Australia,2024,September,15
Australia,2024,October,10
Australia,2024,November,15
Australia,2024,December,15
Australia,2024,Total,245
Australia,2025,January,5
Australia,2025,February,5
Australia,2025,March,20
Australia,2025,April,15
Australia,2025,May,10
Australia,2025,June,10
Australia,2025,July,5
Australia,2025,August,60
Australia,2025,September,10
Australia,2025,October,20
Australia,2025,November,15
Australia,2025,December,10
Australia,2025,Total,190
Australia,2026,January,10
Australia,2026,February,10
Australia,2026,March,25
Australia,2026,April,15
Australia,2026,May,20
Australia,2026,Total,75
Austria,2023,January,
Austria,2023,February,10
Austria,2023,March,
Austria,2023,April,5
Austria,2023,May,10
Austria,2023,June,20
Austria,2023,July,20
Austria,2023,August,10
Austria,2023,September,
Austria,2023,October,0
Austria,2023,November,10
Austria,2023,December,
Austria,2023,Total,85
Austria,2024,January,
Austria,2024,February,
Austria,2024,March,
Austria,2024,April,5
Austria,2024,May,10
Austria,2024,June,10
Austria,2024,July,15
Austria,2024,August,15
Austria,2024,September,
Austria,2024,October,5
Austria,2024,November,
Austria,2024,December,
Austria,2024,Total,75
Austria,2025,January,
Austria,2025,February,
Austria,2025,March,
Austria,2025,April,5
Austria,2025,May,
Austria,2025,June,
Austria,2025,July,5
Austria,2025,August,30
Austria,2025,September,
Austria,2025,October,
Austria,2025,November,
Austria,2025,December,
Austria,2025,Total,65
Austria,2026,January,
Austria,2026,February,
Austria,2026,March,
Austria,2026,April,10
Austria,2026,May,20
Austria,2026,Total,35
Azerbaijan,2023,January,80
Azerbaijan,2023,February,20
Azerbaijan,2023,March,60
Azerbaijan,2023,April,35
Azerbaijan,2023,May,135
Azerbaijan,2023,June,80
Azerbaijan,2023,July,75
Azerbaijan,2023,August,115
Azerbaijan,2023,September,45
Azerbaijan,2023,October,185
Azerbaijan,2023,November,360
Azerbaijan,2023,December,50
Azerbaijan,2023,Total,1245
Azerbaijan,2024,January,120
Azerbaijan,2024,February,95
Azerbaijan,2024,March,65
Azerbaijan,2024,April,35
Azerbaijan,2024,May,70
Azerbaijan,2024,June,90
Azerbaijan,2024,July,135
Azerbaijan,2024,August,160
Azerbaijan,2024,September,65
Azerbaijan,2024,October,90
Azerbaijan,2024,November,55
Azerbaijan,2024,December,80
Azerbaijan,2024,Total,1060
Azerbaijan,2025,January,110
Azerbaijan,2025,February,35
Azerbaijan,2025,March,60
Azerbaijan,2025,April,65
Azerbaijan,2025,May,55
Azerbaijan,2025,June,50
Azerbaijan,2025,July,55
Azerbaijan,2025,August,80
Azerbaijan,2025,September,35
Azerbaijan,2025,October,70
Azerbaijan,2025,November,45
Azerbaijan,2025,December,40
Azerbaijan,2025,Total,690
Azerbaijan,2026,January,55
Azerbaijan,2026,February,30
Azerbaijan,2026,March,35
Azerbaijan,2026,April,50
Azerbaijan,2026,May,25
Azerbaijan,2026,Total,190
"Bahama Islands, The",2023,January,35
"Bahama Islands, The",2023,February,25
"Bahama Islands, The",2023,March,25
"Bahama Islands, The",2023,April,20
"Bahama Islands, The",2023,May,35
"Bahama Islands, The",2023,June,110
"Bahama Islands, The",2023,July,70
"Bahama Islands, The",2023,August,75
"Bahama Islands, The",2023,September,35
"Bahama Islands, The",2023,October,10
"Bahama Islands, The",2023,November,30
"Bahama Islands, The",2023,December,15
"Bahama Islands, The",2023,Total,485
"Bahama Islands, The",2024,January,15
"Bahama Islands, The",2024,February,15
"Bahama Islands, The",2024,March,5
"Bahama Islands, The",2024,April,5
"Bahama Islands, The",2024,May,25
"Bahama Islands, The",2024,June,50
"Bahama Islands, The",2024,July,35
"Bahama Islands, The",2024,August,55
"Bahama Islands, The",2024,September,15
"Bahama Islands, The",2024,October,10
"Bahama Islands, The",2024,November,10
"Bahama Islands, The",2024,December,15
"Bahama Islands, The",2024,Total,260
"Bahama Islands, The",2025,January,10
"Bahama Islands, The",2025,February,
"Bahama Islands, The",2025,March,10
"Bahama Islands, The",2025,April,15
"Bahama Islands, The",2025,May,5
"Bahama Islands, The",2025,June,5
"Bahama Islands, The",2025,July,10
"Bahama Islands, The",2025,August,60
"Bahama Islands, The",2025,September,15
"Bahama Islands, The",2025,October,10
"Bahama Islands, The",2025,November,10
"Bahama Islands, The",2025,December,15
"Bahama Islands, The",2025,Total,170
"Bahama Islands, The",2026,January,5
"Bahama Islands, The",2026,February,5
"Bahama Islands, The",2026,March,5
"Bahama Islands, The",2026,April,10
"Bahama Islands, The",2026,May,20
"Bahama Islands, The",2026,Total,45
Bahrain,2023,January,
Bahrain,2023,February,0
Bahrain,2023,March,
Bahrain,2023,April,5
Bahrain,2023,May,
Bahrain,2023,June,5
Bahrain,2023,July,5
Bahrain,2023,August,0
Bahrain,2023,September,
Bahrain,2023,October,
Bahrain,2023,November,0
Bahrain,2023,December,
Bahrain,2023,Total,30
Bahrain,2024,January,
Bahrain,2024,February,
Bahrain,2024,March,0
Bahrain,2024,April,
Bahrain,2024,May,
Bahrain,2024,June,
Bahrain,2024,July,
Bahrain,2024,August,0
Bahrain,2024,September,0
Bahrain,2024,October,0
Bahrain,2024,November,
Bahrain,2024,December,0
Bahrain,2024,Total,10
Bahrain,2025,January,0
Bahrain,2025,February,0
Bahrain,2025,March,0
Bahrain,2025,April,0
Bahrain,2025,May,
Bahrain,2025,June,
Bahrain,2025,July,
Bahrain,2025,August,
Bahrain,2025,September,0
Bahrain,2025,October,0
Bahrain,2025,November,0
Bahrain,2025,December,
Bahrain,2025,Total,10
Bahrain,2026,January,
Bahrain,2026,February,0
Bahrain,2026,March,
Bahrain,2026,April,
Bahrain,2026,May,
Bahrain,2026,Total,5
Bangladesh,2023,January,750
Bangladesh,2023,February,895
Bangladesh,2023,March,1230
Bangladesh,2023,April,695
Bangladesh,2023,May,855
Bangladesh,2023,June,1155
Bangladesh,2023,July,2705
Bangladesh,2023,August,1825
Bangladesh,2023,September,470
Bangladesh,2023,October,1795
Bangladesh,2023,November,1785
Bangladesh,2023,December,565
Bangladesh,2023,Total,14725
Bangladesh,2024,January,1390
Bangladesh,2024,February,1795
Bangladesh,2024,March,1225
Bangladesh,2024,April,740
Bangladesh,2024,May,760
Bangladesh,2024,June,1485
Bangladesh,2024,July,1430
Bangladesh,2024,August,990
Bangladesh,2024,September,565
Bangladesh,2024,October,780
Bangladesh,2024,November,625
Bangladesh,2024,December,370
Bangladesh,2024,Total,12160
Bangladesh,2025,January,470
Bangladesh,2025,February,355
Bangladesh,2025,March,200
Bangladesh,2025,April,390
Bangladesh,2025,May,375
Bangladesh,2025,June,405
Bangladesh,2025,July,570
Bangladesh,2025,August,470
Bangladesh,2025,September,250
Bangladesh,2025,October,210
Bangladesh,2025,November,240
Bangladesh,2025,December,375
Bangladesh,2025,Total,4310
Bangladesh,2026,January,165
Bangladesh,2026,February,105
Bangladesh,2026,March,220
Bangladesh,2026,April,220
Bangladesh,2026,May,230
Bangladesh,2026,Total,945
Barbados,2023,January,15
Barbados,2023,February,5
Barbados,2023,March,15
Barbados,2023,April,15
Barbados,2023,May,45
Barbados,2023,June,45
Barbados,2023,July,50
Barbados,2023,August,30
Barbados,2023,September,10
Barbados,2023,October,10
Barbados,2023,November,25
Barbados,2023,December,5
Barbados,2023,Total,275
Barbados,2024,January,5
Barbados,2024,February,5
Barbados,2024,March,5
Barbados,2024,April,15
Barbados,2024,May,15
Barbados,2024,June,10
Barbados,2024,July,35
Barbados,2024,August,35
Barbados,2024,September,5
Barbados,2024,October,10
Barbados,2024,November,10
Barbados,2024,December,
Barbados,2024,Total,160
Barbados,2025,January,10
Barbados,2025,February,5
Barbados,2025,March,
Barbados,2025,April,10
Barbados,2025,May,
Barbados,2025,June,
Barbados,2025,July,5
Barbados,2025,August,55
Barbados,2025,September,5
Barbados,2025,October,10
Barbados,2025,November,10
Barbados,2025,December,5
Barbados,2025,Total,130
Barbados,2026,January,5
Barbados,2026,February,
Barbados,2026,March,
Barbados,2026,April,5
Barbados,2026,May,10
Barbados,2026,Total,30
Belarus,2023,January,5
Belarus,2023,February,
Belarus,2023,March,
Belarus,2023,April,
Belarus,2023,May,10
Belarus,2023,June,10
Belarus,2023,July,10
Belarus,2023,August,10
Belarus,2023,September,10
Belarus,2023,October,15
Belarus,2023,November,
Belarus,2023,December,10
Belarus,2023,Total,90
Belarus,2024,January,
Belarus,2024,February,
Belarus,2024,March,10
Belarus,2024,April,
Belarus,2024,May,10
Belarus,2024,June,
Belarus,2024,July,10
Belarus,2024,August,
Belarus,2024,September,
Belarus,2024,October,
Belarus,2024,November,
Belarus,2024,December,
Belarus,2024,Total,50
Belarus,2025,January,
Belarus,2025,February,
Belarus,2025,March,0
Belarus,2025,April,
Belarus,2025,May,0
Belarus,2025,June,
Belarus,2025,July,0
Belarus,2025,August,
Belarus,2025,September,0
Belarus,2025,October,0
Belarus,2025,November,0
Belarus,2025,December,0
Belarus,2025,Total,10
Belarus,2026,January,0
Belarus,2026,February,
Belarus,2026,March,
Belarus,2026,April,
Belarus,2026,May,
Belarus,2026,Total,
Belgium,2023,January,35
Belgium,2023,February,15
Belgium,2023,March,10
Belgium,2023,April,15
Belgium,2023,May,65
Belgium,2023,June,140
Belgium,2023,July,120
Belgium,2023,August,45
Belgium,2023,September,25
Belgium,2023,October,15
Belgium,2023,November,20
Belgium,2023,December,10
Belgium,2023,Total,515
Belgium,2024,January,20
Belgium,2024,February,10
Belgium,2024,March,20
Belgium,2024,April,25
Belgium,2024,May,80
Belgium,2024,June,45
Belgium,2024,July,115
Belgium,2024,August,110
Belgium,2024,September,30
Belgium,2024,October,25
Belgium,2024,November,15
Belgium,2024,December,25
Belgium,2024,Total,515
Belgium,2025,January,15
Belgium,2025,February,10
Belgium,2025,March,10
Belgium,2025,April,15
Belgium,2025,May,10
Belgium,2025,June,10
Belgium,2025,July,30
Belgium,2025,August,240
Belgium,2025,September,25
Belgium,2025,October,20
Belgium,2025,November,15
Belgium,2025,December,10
Belgium,2025,Total,415
Belgium,2026,January,15
Belgium,2026,February,15
Belgium,2026,March,25
Belgium,2026,April,60
Belgium,2026,May,90
Belgium,2026,Total,205
Belize,2023,January,0
Belize,2023,February,
Belize,2023,March,
Belize,2023,April,10
Belize,2023,May,5
Belize,2023,June,10
Belize,2023,July,10
Belize,2023,August,5
Belize,2023,September,5
Belize,2023,October,5
Belize,2023,November,0
Belize,2023,December,
Belize,2023,Total,55
Belize,2024,January,
Belize,2024,February,5
Belize,2024,March,0
Belize,2024,April,
Belize,2024,May,5
Belize,2024,June,5
Belize,2024,July,5
Belize,2024,August,5
Belize,2024,September,0
Belize,2024,October,
Belize,2024,November,5
Belize,2024,December,0
Belize,2024,Total,40
Belize,2025,January,
Belize,2025,February,
Belize,2025,March,
Belize,2025,April,5
Belize,2025,May,
Belize,2025,June,10
Belize,2025,July,5
Belize,2025,August,
Belize,2025,September,0
Belize,2025,October,
Belize,2025,November,
Belize,2025,December,
Belize,2025,Total,45
Belize,2026,January,
Belize,2026,February,
Belize,2026,March,
Belize,2026,April,
Belize,2026,May,
Belize,2026,Total,10
Bermuda,2023,January,
Bermuda,2023,February,
Bermuda,2023,March,0
Bermuda,2023,April,
Bermuda,2023,May,
Bermuda,2023,June,
Bermuda,2023,July,
Bermuda,2023,August,0
Bermuda,2023,September,
Bermuda,2023,October,
Bermuda,2023,November,
Bermuda,2023,December,0
Bermuda,2023,Total,15
Bermuda,2024,January,0
Bermuda,2024,February,
Bermuda,2024,March,0
Bermuda,2024,April,0
Bermuda,2024,May,
Bermuda,2024,June,0
Bermuda,2024,July,0
Bermuda,2024,August,
Bermuda,2024,September,0
Bermuda,2024,October,
Bermuda,2024,November,0
Bermuda,2024,December,0
Bermuda,2024,Total,5
Bermuda,2025,January,
Bermuda,2025,February,0
Bermuda,2025,March,0
Bermuda,2025,April,
Bermuda,2025,May,
Bermuda,2025,June,
Bermuda,2025,July,0
Bermuda,2025,August,5
Bermuda,2025,September,
Bermuda,2025,October,0
Bermuda,2025,November,0
Bermuda,2025,December,0
Bermuda,2025,Total,10
Bermuda,2026,January,
Bermuda,2026,February,0
Bermuda,2026,March,0
Bermuda,2026,April,
Bermuda,2026,May,
Bermuda,2026,Total,
Bhutan,2023,January,30
Bhutan,2023,February,20
Bhutan,2023,March,65
Bhutan,2023,April,80
Bhutan,2023,May,40
Bhutan,2023,June,150
Bhutan,2023,July,170
Bhutan,2023,August,95
Bhutan,2023,September,70
Bhutan,2023,October,20
Bhutan,2023,November,240
Bhutan,2023,December,235
Bhutan,2023,Total,1215
Bhutan,2024,January,135
Bhutan,2024,February,10
Bhutan,2024,March,75
Bhutan,2024,April,55
Bhutan,2024,May,40
Bhutan,2024,June,10
Bhutan,2024,July,350
Bhutan,2024,August,75
Bhutan,2024,September,60
Bhutan,2024,October,45
Bhutan,2024,November,50
Bhutan,2024,December,30
Bhutan,2024,Total,940
Bhutan,2025,January,15
Bhutan,2025,February,20
Bhutan,2025,March,
Bhutan,2025,April,
Bhutan,2025,May,10
Bhutan,2025,June,10
Bhutan,2025,July,25
Bhutan,2025,August,20
Bhutan,2025,September,15
Bhutan,2025,October,
Bhutan,2025,November,5
Bhutan,2025,December,5
Bhutan,2025,Total,130
Bhutan,2026,January,5
Bhutan,2026,February,5
Bhutan,2026,March,15
Bhutan,2026,April,
Bhutan,2026,May,
Bhutan,2026,Total,30
Bolivia,2023,January,10
Bolivia,2023,February,25
Bolivia,2023,March,45
Bolivia,2023,April,20
Bolivia,2023,May,40
Bolivia,2023,June,30
Bolivia,2023,July,30
Bolivia,2023,August,40
Bolivia,2023,September,10
Bolivia,2023,October,15
Bolivia,2023,November,15
Bolivia,2023,December,5
Bolivia,2023,Total,290
Bolivia,2024,January,15
Bolivia,2024,February,15
Bolivia,2024,March,15
Bolivia,2024,April,5
Bolivia,2024,May,5
Bolivia,2024,June,20
Bolivia,2024,July,25
Bolivia,2024,August,25
Bolivia,2024,September,5
Bolivia,2024,October,10
Bolivia,2024,November,15
Bolivia,2024,December,10
Bolivia,2024,Total,165
Bolivia,2025,January,10
Bolivia,2025,February,10
Bolivia,2025,March,5
Bolivia,2025,April,10
Bolivia,2025,May,15
Bolivia,2025,June,10
Bolivia,2025,July,25
Bolivia,2025,August,15
Bolivia,2025,September,
Bolivia,2025,October,5
Bolivia,2025,November,
Bolivia,2025,December,10
Bolivia,2025,Total,115
Bolivia,2026,January,5
Bolivia,2026,February,0
Bolivia,2026,March,
Bolivia,2026,April,5
Bolivia,2026,May,
Bolivia,2026,Total,15
Bosnia-Hercegovina,2023,January,
Bosnia-Hercegovina,2023,February,10
Bosnia-Hercegovina,2023,March,10
Bosnia-Hercegovina,2023,April,
Bosnia-Hercegovina,2023,May,
Bosnia-Hercegovina,2023,June,5
Bosnia-Hercegovina,2023,July,5
Bosnia-Hercegovina,2023,August,5
Bosnia-Hercegovina,2023,September,
Bosnia-Hercegovina,2023,October,
Bosnia-Hercegovina,2023,November,
Bosnia-Hercegovina,2023,December,
Bosnia-Hercegovina,2023,Total,45
Bosnia-Hercegovina,2024,January,
Bosnia-Hercegovina,2024,February,
Bosnia-Hercegovina,2024,March,
Bosnia-Hercegovina,2024,April,
Bosnia-Hercegovina,2024,May,
Bosnia-Hercegovina,2024,June,0
Bosnia-Hercegovina,2024,July,5
Bosnia-Hercegovina,2024,August,
Bosnia-Hercegovina,2024,September,
Bosnia-Hercegovina,2024,October,
Bosnia-Hercegovina,2024,November,0
Bosnia-Hercegovina,2024,December,0
Bosnia-Hercegovina,2024,Total,25
Bosnia-Hercegovina,2025,January,
Bosnia-Hercegovina,2025,February,
Bosnia-Hercegovina,2025,March,0
Bosnia-Hercegovina,2025,April,0
Bosnia-Hercegovina,2025,May,
Bosnia-Hercegovina,2025,June,
Bosnia-Hercegovina,2025,July,0
Bosnia-Hercegovina,2025,August,0
Bosnia-Hercegovina,2025,September,0
Bosnia-Hercegovina,2025,October,
Bosnia-Hercegovina,2025,November,0
Bosnia-Hercegovina,2025,December,0
Bosnia-Hercegovina,2025,Total,10
Bosnia-Hercegovina,2026,January,0
Bosnia-Hercegovina,2026,February,0
Bosnia-Hercegovina,2026,March,0
Bosnia-Hercegovina,2026,April,
Bosnia-Hercegovina,2026,May,0
Bosnia-Hercegovina,2026,Total,
"Botswana, Republic of",2023,January,
"Botswana, Republic of",2023,February,
"Botswana, Republic of",2023,March,5
"Botswana, Republic of",2023,April,5
"Botswana, Republic of",2023,May,5
"Botswana, Republic of",2023,June,10
"Botswana, Republic of",2023,July,5
"Botswana, Republic of",2023,August,30
"Botswana, Republic of",2023,September,5
"Botswana, Republic of",2023,October,
"Botswana, Republic of",2023,November,5
"Botswana, Republic of",2023,December,
"Botswana, Republic of",2023,Total,85
"Botswana, Republic of",2024,January,
"Botswana, Republic of",2024,February,
"Botswana, Republic of",2024,March,
"Botswana, Republic of",2024,April,
"Botswana, Republic of",2024,May,
"Botswana, Republic of",2024,June,0
"Botswana, Republic of",2024,July,
"Botswana, Republic of",2024,August,15
"Botswana, Republic of",2024,September,10
"Botswana, Republic of",2024,October,
"Botswana, Republic of",2024,November,
"Botswana, Republic of",2024,December,
"Botswana, Republic of",2024,Total,45
"Botswana, Republic of",2025,January,
"Botswana, Republic of",2025,February,0
"Botswana, Republic of",2025,March,
"Botswana, Republic of",2025,April,
"Botswana, Republic of",2025,May,
"Botswana, Republic of",2025,June,
"Botswana, Republic of",2025,July,
"Botswana, Republic of",2025,August,5
"Botswana, Republic of",2025,September,
"Botswana, Republic of",2025,October,
"Botswana, Republic of",2025,November,
"Botswana, Republic of",2025,December,
"Botswana, Republic of",2025,Total,30
"Botswana, Republic of",2026,January,
"Botswana, Republic of",2026,February,
"Botswana, Republic of",2026,March,
"Botswana, Republic of",2026,April,
"Botswana, Republic of",2026,May,0
"Botswana, Republic of",2026,Total,5
Brazil,2023,January,750
Brazil,2023,February,345
Brazil,2023,March,775
Brazil,2023,April,555
Brazil,2023,May,1195
Brazil,2023,June,890
Brazil,2023,July,850
Brazil,2023,August,985
Brazil,2023,September,585
Brazil,2023,October,700
Brazil,2023,November,575
Brazil,2023,December,485
Brazil,2023,Total,8695
Brazil,2024,January,420
Brazil,2024,February,350
Brazil,2024,March,425
Brazil,2024,April,365
Brazil,2024,May,400
Brazil,2024,June,550
Brazil,2024,July,620
Brazil,2024,August,325
Brazil,2024,September,245
Brazil,2024,October,225
Brazil,2024,November,150
Brazil,2024,December,330
Brazil,2024,Total,4410
Brazil,2025,January,400
Brazil,2025,February,245
Brazil,2025,March,250
Brazil,2025,April,180
Brazil,2025,May,305
Brazil,2025,June,425
Brazil,2025,July,475
Brazil,2025,August,230
Brazil,2025,September,205
Brazil,2025,October,130
Brazil,2025,November,210
Brazil,2025,December,200
Brazil,2025,Total,3260
Brazil,2026,January,170
Brazil,2026,February,130
Brazil,2026,March,150
Brazil,2026,April,195
Brazil,2026,May,325
Brazil,2026,Total,975
Brunei,2023,January,0
Brunei,2023,February,0
Brunei,2023,March,0
Brunei,2023,April,0
Brunei,2023,May,
Brunei,2023,June,
Brunei,2023,July,
Brunei,2023,August,
Brunei,2023,September,
Brunei,2023,October,
Brunei,2023,November,0
Brunei,2023,December,0
Brunei,2023,Total,10
Brunei,2024,January,
Brunei,2024,February,0
Brunei,2024,March,0
Brunei,2024,April,0
Brunei,2024,May,
Brunei,2024,June,
Brunei,2024,July,0
Brunei,2024,August,
Brunei,2024,September,0
Brunei,2024,October,0
Brunei,2024,November,0
Brunei,2024,December,0
Brunei,2024,Total,5
Brunei,2025,January,
Brunei,2025,February,0
Brunei,2025,March,
Brunei,2025,April,0
Brunei,2025,May,0
Brunei,2025,June,0
Brunei,2025,July,0
Brunei,2025,August,
Brunei,2025,September,
Brunei,2025,October,0
Brunei,2025,November,
Brunei,2025,December,0
Brunei,2025,Total,5
Brunei,2026,January,0
Brunei,2026,February,0
Brunei,2026,March,0
Brunei,2026,April,0
Brunei,2026,May,0
Brunei,2026,Total,0
Bulgaria,2023,January,
Bulgaria,2023,February,
Bulgaria,2023,March,
Bulgaria,2023,April,
Bulgaria,2023,May,5
Bulgaria,2023,June,
Bulgaria,2023,July,
Bulgaria,2023,August,
Bulgaria,2023,September,0
Bulgaria,2023,October,0
Bulgaria,2023,November,
Bulgaria,2023,December,
Bulgaria,2023,Total,20
Bulgaria,2024,January,
Bulgaria,2024,February,
Bulgaria,2024,March,0
Bulgaria,2024,April,0
Bulgaria,2024,May,
Bulgaria,2024,June,
Bulgaria,2024,July,
Bulgaria,2024,August,
Bulgaria,2024,September,10
Bulgaria,2024,October,
Bulgaria,2024,November,0
Bulgaria,2024,December,
Bulgaria,2024,Total,25
Bulgaria,2025,January,
Bulgaria,2025,February,0
Bulgaria,2025,March,
Bulgaria,2025,April,0
Bulgaria,2025,May,
Bulgaria,2025,June,
Bulgaria,2025,July,
Bulgaria,2025,August,5
Bulgaria,2025,September,0
Bulgaria,2025,October,
Bulgaria,2025,November,0
Bulgaria,2025,December,0
Bulgaria,2025,Total,20
Bulgaria,2026,January,
Bulgaria,2026,February,
Bulgaria,2026,March,0
Bulgaria,2026,April,
Bulgaria,2026,May,
Bulgaria,2026,Total,5
Burkina-Faso,2023,January,175
Burkina-Faso,2023,February,130
Burkina-Faso,2023,March,120
Burkina-Faso,2023,April,100
Burkina-Faso,2023,May,225
Burkina-Faso,2023,June,215
Burkina-Faso,2023,July,120
Burkina-Faso,2023,August,105
Burkina-Faso,2023,September,200
Burkina-Faso,2023,October,275
Burkina-Faso,2023,November,360
Burkina-Faso,2023,December,145
Burkina-Faso,2023,Total,2175
Burkina-Faso,2024,January,215
Burkina-Faso,2024,February,170
Burkina-Faso,2024,March,95
Burkina-Faso,2024,April,145
Burkina-Faso,2024,May,245
Burkina-Faso,2024,June,310
Burkina-Faso,2024,July,400
Burkina-Faso,2024,August,230
Burkina-Faso,2024,September,155
Burkina-Faso,2024,October,150
Burkina-Faso,2024,November,160
Burkina-Faso,2024,December,135
Burkina-Faso,2024,Total,2415
Burkina-Faso,2025,January,100
Burkina-Faso,2025,February,75
Burkina-Faso,2025,March,55
Burkina-Faso,2025,April,110
Burkina-Faso,2025,May,110
Burkina-Faso,2025,June,170
Burkina-Faso,2025,July,225
Burkina-Faso,2025,August,180
Burkina-Faso,2025,September,105
Burkina-Faso,2025,October,110
Burkina-Faso,2025,November,80
Burkina-Faso,2025,December,100
Burkina-Faso,2025,Total,1420
Burkina-Faso,2026,January,55
Burkina-Faso,2026,February,35
Burkina-Faso,2026,March,65
Burkina-Faso,2026,April,85
Burkina-Faso,2026,May,75
Burkina-Faso,2026,Total,315
Burundi,2023,January,100
Burundi,2023,February,55
Burundi,2023,March,95
Burundi,2023,April,125
Burundi,2023,May,270
Burundi,2023,June,270
Burundi,2023,July,200
Burundi,2023,August,365
Burundi,2023,September,175
Burundi,2023,October,200
Burundi,2023,November,215
Burundi,2023,December,190
Burundi,2023,Total,2270
Burundi,2024,January,255
Burundi,2024,February,390
Burundi,2024,March,80
Burundi,2024,April,290
Burundi,2024,May,220
Burundi,2024,June,110
Burundi,2024,July,155
Burundi,2024,August,440
Burundi,2024,September,90
Burundi,2024,October,200
Burundi,2024,November,95
Burundi,2024,December,20
Burundi,2024,Total,2355
Burundi,2025,January,235
Burundi,2025,February,35
Burundi,2025,March,45
Burundi,2025,April,30
Burundi,2025,May,40
Burundi,2025,June,15
Burundi,2025,July,15
Burundi,2025,August,110
Burundi,2025,September,20
Burundi,2025,October,45
Burundi,2025,November,5
Burundi,2025,December,45
Burundi,2025,Total,635
Burundi,2026,January,20
Burundi,2026,February,45
Burundi,2026,March,45
Burundi,2026,April,70
Burundi,2026,May,50
Burundi,2026,Total,230
Cambodia,2023,January,10
Cambodia,2023,February,10
Cambodia,2023,March,10
Cambodia,2023,April,20
Cambodia,2023,May,20
Cambodia,2023,June,20
Cambodia,2023,July,30
Cambodia,2023,August,20
Cambodia,2023,September,10
Cambodia,2023,October,
Cambodia,2023,November,15
Cambodia,2023,December,15
Cambodia,2023,Total,180
Cambodia,2024,January,10
Cambodia,2024,February,10
Cambodia,2024,March,
Cambodia,2024,April,10
Cambodia,2024,May,20
Cambodia,2024,June,20
Cambodia,2024,July,25
Cambodia,2024,August,15
Cambodia,2024,September,10
Cambodia,2024,October,5
Cambodia,2024,November,5
Cambodia,2024,December,10
Cambodia,2024,Total,150
Cambodia,2025,January,10
Cambodia,2025,February,10
Cambodia,2025,March,5
Cambodia,2025,April,25
Cambodia,2025,May,15
Cambodia,2025,June,15
Cambodia,2025,July,25
Cambodia,2025,August,20
Cambodia,2025,September,20
Cambodia,2025,October,10
Cambodia,2025,November,10
Cambodia,2025,December,20
Cambodia,2025,Total,185
Cambodia,2026,January,5
Cambodia,2026,February,5
Cambodia,2026,March,15
Cambodia,2026,April,15
Cambodia,2026,May,15
Cambodia,2026,Total,55
Cape Verde Islands,2023,January,
Cape Verde Islands,2023,February,
Cape Verde Islands,2023,March,
Cape Verde Islands,2023,April,0
Cape Verde Islands,2023,May,0
Cape Verde Islands,2023,June,0
Cape Verde Islands,2023,July,0
Cape Verde Islands,2023,August,0
Cape Verde Islands,2023,September,0
Cape Verde Islands,2023,October,
Cape Verde Islands,2023,November,
Cape Verde Islands,2023,December,0
Cape Verde Islands,2023,Total,5
Cape Verde Islands,2024,January,0
Cape Verde Islands,2024,February,0
Cape Verde Islands,2024,March,0
Cape Verde Islands,2024,April,
Cape Verde Islands,2024,May,
Cape Verde Islands,2024,June,
Cape Verde Islands,2024,July,0
Cape Verde Islands,2024,August,
Cape Verde Islands,2024,September,
Cape Verde Islands,2024,October,0
Cape Verde Islands,2024,November,0
Cape Verde Islands,2024,December,
Cape Verde Islands,2024,Total,10
Cape Verde Islands,2025,January,0
Cape Verde Islands,2025,February,
Cape Verde Islands,2025,March,0
Cape Verde Islands,2025,April,0
Cape Verde Islands,2025,May,0
Cape Verde Islands,2025,June,
Cape Verde Islands,2025,July,
Cape Verde Islands,2025,August,0
Cape Verde Islands,2025,September,0
Cape Verde Islands,2025,October,0
Cape Verde Islands,2025,November,0
Cape Verde Islands,2025,December,0
Cape Verde Islands,2025,Total,
Cape Verde Islands,2026,January,0
Cape Verde Islands,2026,February,
Cape Verde Islands,2026,March,0
Cape Verde Islands,2026,April,
Cape Verde Islands,2026,May,0
Cape Verde Islands,2026,Total,
Cayman Islands,2023,January,0
Cayman Islands,2023,February,0
Cayman Islands,2023,March,0
Cayman Islands,2023,April,0
Cayman Islands,2023,May,0
Cayman Islands,2023,June,
Cayman Islands,2023,July,
Cayman Islands,2023,August,
Cayman Islands,2023,September,0
Cayman Islands,2023,October,0
Cayman Islands,2023,November,0
Cayman Islands,2023,December,0
Cayman Islands,2023,Total,5
Cayman Islands,2024,January,0
Cayman Islands,2024,February,0
Cayman Islands,2024,March,0
Cayman Islands,2024,April,0
Cayman Islands,2024,May,0
Cayman Islands,2024,June,0
Cayman Islands,2024,July,
Cayman Islands,2024,August,
Cayman Islands,2024,September,0
Cayman Islands,2024,October,0
Cayman Islands,2024,November,0
Cayman Islands,2024,December,0
Cayman Islands,2024,Total,
Cayman Islands,2025,January,0
Cayman Islands,2025,February,0
Cayman Islands,2025,March,0
Cayman Islands,2025,April,0
Cayman Islands,2025,May,0
Cayman Islands,2025,June,0
Cayman Islands,2025,July,0
Cayman Islands,2025,August,
Cayman Islands,2025,September,0
Cayman Islands,2025,October,0
Cayman Islands,2025,November,0
Cayman Islands,2025,December,0
Cayman Islands,2025,Total,
Cayman Islands,2026,January,0
Cayman Islands,2026,February,0
Cayman Islands,2026,March,0
Cayman Islands,2026,April,0
Cayman Islands,2026,May,0
Cayman Islands,2026,Total,0
Central African Republic,2023,January,5
Central African Republic,2023,February,10
Central African Republic,2023,March,10
Central African Republic,2023,April,15
Central African Republic,2023,May,15
Central African Republic,2023,June,15
Central African Republic,2023,July,10
Central African Republic,2023,August,15
Central African Republic,2023,September,10
Central African Republic,2023,October,15
Central African Republic,2023,November,10
Central African Republic,2023,December,15
Central African Republic,2023,Total,155
Central African Republic,2024,January,20
Central African Republic,2024,February,10
Central African Republic,2024,March,5
Central African Republic,2024,April,10
Central African Republic,2024,May,5
Central African Republic,2024,June,10
Central African Republic,2024,July,15
Central African Republic,2024,August,20
Central African Republic,2024,September,15
Central African Republic,2024,October,10
Central African Republic,2024,November,10
Central African Republic,2024,December,
Central African Republic,2024,Total,125
Central African Republic,2025,January,5
Central African Republic,2025,February,
Central African Republic,2025,March,
Central African Republic,2025,April,10
Central African Republic,2025,May,
Central African Republic,2025,June,15
Central African Republic,2025,July,10
Central African Republic,2025,August,10
Central African Republic,2025,September,5
Central African Republic,2025,October,5
Central African Republic,2025,November,
Central African Republic,2025,December,10
Central African Republic,2025,Total,80
Central African Republic,2026,January,
Central African Republic,2026,February,
Central African Republic,2026,March,0
Central African Republic,2026,April,
Central African Republic,2026,May,
Central African Republic,2026,Total,15
"Chad, Republic of",2023,January,90
"Chad, Republic of",2023,February,290
"Chad, Republic of",2023,March,150
"Chad, Republic of",2023,April,170
"Chad, Republic of",2023,May,265
"Chad, Republic of",2023,June,200
"Chad, Republic of",2023,July,195
"Chad, Republic of",2023,August,310
"Chad, Republic of",2023,September,75
"Chad, Republic of",2023,October,230
"Chad, Republic of",2023,November,315
"Chad, Republic of",2023,December,275
"Chad, Republic of",2023,Total,2560
"Chad, Republic of",2024,January,210
"Chad, Republic of",2024,February,175
"Chad, Republic of",2024,March,90
"Chad, Republic of",2024,April,130
"Chad, Republic of",2024,May,120
"Chad, Republic of",2024,June,105
"Chad, Republic of",2024,July,190
"Chad, Republic of",2024,August,140
"Chad, Republic of",2024,September,105
"Chad, Republic of",2024,October,80
"Chad, Republic of",2024,November,90
"Chad, Republic of",2024,December,50
"Chad, Republic of",2024,Total,1480
"Chad, Republic of",2025,January,45
"Chad, Republic of",2025,February,15
"Chad, Republic of",2025,March,45
"Chad, Republic of",2025,April,40
"Chad, Republic of",2025,May,25
"Chad, Republic of",2025,June,55
"Chad, Republic of",2025,July,40
"Chad, Republic of",2025,August,55
"Chad, Republic of",2025,September,25
"Chad, Republic of",2025,October,40
"Chad, Republic of",2025,November,30
"Chad, Republic of",2025,December,45
"Chad, Republic of",2025,Total,460
"Chad, Republic of",2026,January,25
"Chad, Republic of",2026,February,15
"Chad, Republic of",2026,March,15
"Chad, Republic of",2026,April,25
"Chad, Republic of",2026,May,30
"Chad, Republic of",2026,Total,110
Chile,2023,January,80
Chile,2023,February,80
Chile,2023,March,65
Chile,2023,April,45
Chile,2023,May,125
Chile,2023,June,235
Chile,2023,July,125
Chile,2023,August,70
Chile,2023,September,75
Chile,2023,October,60
Chile,2023,November,60
Chile,2023,December,50
Chile,2023,Total,1070
Chile,2024,January,70
Chile,2024,February,30
Chile,2024,March,20
Chile,2024,April,35
Chile,2024,May,70
Chile,2024,June,35
Chile,2024,July,55
Chile,2024,August,50
Chile,2024,September,40
Chile,2024,October,40
Chile,2024,November,15
Chile,2024,December,15
Chile,2024,Total,475
Chile,2025,January,25
Chile,2025,February,15
Chile,2025,March,10
Chile,2025,April,25
Chile,2025,May,15
Chile,2025,June,20
Chile,2025,July,15
Chile,2025,August,65
Chile,2025,September,30
Chile,2025,October,20
Chile,2025,November,15
Chile,2025,December,10
Chile,2025,Total,260
Chile,2026,January,10
Chile,2026,February,15
Chile,2026,March,15
Chile,2026,April,20
Chile,2026,May,20
Chile,2026,Total,80
Colombia,2023,January,330
Colombia,2023,February,1130
Colombia,2023,March,1175
Colombia,2023,April,615
Colombia,2023,May,670
Colombia,2023,June,895
Colombia,2023,July,1050
Colombia,2023,August,775
Colombia,2023,September,930
Colombia,2023,October,850
Colombia,2023,November,630
Colombia,2023,December,435
Colombia,2023,Total,9485
Colombia,2024,January,320
Colombia,2024,February,475
Colombia,2024,March,370
Colombia,2024,April,385
Colombia,2024,May,285
Colombia,2024,June,245
Colombia,2024,July,545
Colombia,2024,August,720
Colombia,2024,September,405
Colombia,2024,October,420
Colombia,2024,November,340
Colombia,2024,December,230
Colombia,2024,Total,4735
Colombia,2025,January,270
Colombia,2025,February,215
Colombia,2025,March,195
Colombia,2025,April,205
Colombia,2025,May,175
Colombia,2025,June,270
Colombia,2025,July,275
Colombia,2025,August,320
Colombia,2025,September,155
Colombia,2025,October,180
Colombia,2025,November,155
Colombia,2025,December,140
Colombia,2025,Total,2555
Colombia,2026,January,100
Colombia,2026,February,115
Colombia,2026,March,165
Colombia,2026,April,145
Colombia,2026,May,130
Colombia,2026,Total,655
Commonwealth of the Northern Mariana Islands,2023,January,0
Commonwealth of the Northern Mariana Islands,2023,February,
Commonwealth of the Northern Mariana Islands,2023,March,
Commonwealth of the Northern Mariana Islands,2023,April,0
Commonwealth of the Northern Mariana Islands,2023,May,0
Commonwealth of the Northern Mariana Islands,2023,June,0
Commonwealth of the Northern Mariana Islands,2023,July,0
Commonwealth of the Northern Mariana Islands,2023,August,0
Commonwealth of the Northern Mariana Islands,2023,September,0
Commonwealth of the Northern Mariana Islands,2023,October,0
Commonwealth of the Northern Mariana Islands,2023,November,0
Commonwealth of the Northern Mariana Islands,2023,December,0
Commonwealth of the Northern Mariana Islands,2023,Total,
Commonwealth of the Northern Mariana Islands,2024,January,0
Commonwealth of the Northern Mariana Islands,2024,February,0
Commonwealth of the Northern Mariana Islands,2024,March,0
Commonwealth of the Northern Mariana Islands,2024,April,0
Commonwealth of the Northern Mariana Islands,2024,May,0
Commonwealth of the Northern Mariana Islands,2024,June,0
Commonwealth of the Northern Mariana Islands,2024,July,0
Commonwealth of the Northern Mariana Islands,2024,August,0
Commonwealth of the Northern Mariana Islands,2024,September,0
Commonwealth of the Northern Mariana Islands,2024,October,0
Commonwealth of the Northern Mariana Islands,2024,November,0
Commonwealth of the Northern Mariana Islands,2024,December,0
Commonwealth of the Northern Mariana Islands,2024,Total,0
Commonwealth of the Northern Mariana Islands,2025,January,0
Commonwealth of the Northern Mariana Islands,2025,February,0
Commonwealth of the Northern Mariana Islands,2025,March,0
Commonwealth of the Northern Mariana Islands,2025,April,0
Commonwealth of the Northern Mariana Islands,2025,May,0
Commonwealth of the Northern Mariana Islands,2025,June,0
Commonwealth of the Northern Mariana Islands,2025,July,0
Commonwealth of the Northern Mariana Islands,2025,August,0
Commonwealth of the Northern Mariana Islands,2025,September,0
Commonwealth of the Northern Mariana Islands,2025,October,0
Commonwealth of the Northern Mariana Islands,2025,November,
Commonwealth of the Northern Mariana Islands,2025,December,0
Commonwealth of the Northern Mariana Islands,2025,Total,
Commonwealth of the Northern Mariana Islands,2026,January,0
Commonwealth of the Northern Mariana Islands,2026,February,0
Commonwealth of the Northern Mariana Islands,2026,March,0
Commonwealth of the Northern Mariana Islands,2026,April,0
Commonwealth of the Northern Mariana Islands,2026,May,0
Commonwealth of the Northern Mariana Islands,2026,Total,0
Comoros,2023,January,
Comoros,2023,February,5
Comoros,2023,March,10
Comoros,2023,April,
Comoros,2023,May,15
Comoros,2023,June,5
Comoros,2023,July,10
Comoros,2023,August,10
Comoros,2023,September,5
Comoros,2023,October,10
Comoros,2023,November,
Comoros,2023,December,
Comoros,2023,Total,80
Comoros,2024,January,10
Comoros,2024,February,10
Comoros,2024,March,
Comoros,2024,April,
Comoros,2024,May,5
Comoros,2024,June,5
Comoros,2024,July,10
Comoros,2024,August,15
Comoros,2024,September,10
Comoros,2024,October,
Comoros,2024,November,
Comoros,2024,December,
Comoros,2024,Total,80
Comoros,2025,January,10
Comoros,2025,February,
Comoros,2025,March,0
Comoros,2025,April,
Comoros,2025,May,10
Comoros,2025,June,
Comoros,2025,July,
Comoros,2025,August,10
Comoros,2025,September,
Comoros,2025,October,
Comoros,2025,November,0
Comoros,2025,December,
Comoros,2025,Total,45
Comoros,2026,January,5
Comoros,2026,February,
Comoros,2026,March,
Comoros,2026,April,
Comoros,2026,May,
Comoros,2026,Total,15
"Congo, Democratic Republic of the",2023,January,1175
"Congo, Democratic Republic of the",2023,February,880
"Congo, Democratic Republic of the",2023,March,1020
"Congo, Democratic Republic of the",2023,April,975
"Congo, Democratic Republic of the",2023,May,1545
"Congo, Democratic Republic of the",2023,June,1235
"Congo, Democratic Republic of the",2023,July,660
"Congo, Democratic Republic of the",2023,August,825
"Congo, Democratic Republic of the",2023,September,815
"Congo, Democratic Republic of the",2023,October,2080
"Congo, Democratic Republic of the",2023,November,3005
"Congo, Democratic Republic of the",2023,December,1130
"Congo, Democratic Republic of the",2023,Total,15350
"Congo, Democratic Republic of the",2024,January,790
"Congo, Democratic Republic of the",2024,February,925
"Congo, Democratic Republic of the",2024,March,710
"Congo, Democratic Republic of the",2024,April,720
"Congo, Democratic Republic of the",2024,May,485
"Congo, Democratic Republic of the",2024,June,510
"Congo, Democratic Republic of the",2024,July,695
"Congo, Democratic Republic of the",2024,August,1050
"Congo, Democratic Republic of the",2024,September,975
"Congo, Democratic Republic of the",2024,October,1305
"Congo, Democratic Republic of the",2024,November,1240
"Congo, Democratic Republic of the",2024,December,1100
"Congo, Democratic Republic of the",2024,Total,10505
"Congo, Democratic Republic of the",2025,January,840
"Congo, Democratic Republic of the",2025,February,455
"Congo, Democratic Republic of the",2025,March,345
"Congo, Democratic Republic of the",2025,April,400
"Congo, Democratic Republic of the",2025,May,465
"Congo, Democratic Republic of the",2025,June,700
"Congo, Democratic Republic of the",2025,July,825
"Congo, Democratic Republic of the",2025,August,680
"Congo, Democratic Republic of the",2025,September,375
"Congo, Democratic Republic of the",2025,October,410
"Congo, Democratic Republic of the",2025,November,445
"Congo, Democratic Republic of the",2025,December,390
"Congo, Democratic Republic of the",2025,Total,6335
"Congo, Democratic Republic of the",2026,January,355
"Congo, Democratic Republic of the",2026,February,210
"Congo, Democratic Republic of the",2026,March,290
"Congo, Democratic Republic of the",2026,April,300
"Congo, Democratic Republic of the",2026,May,300
"Congo, Democratic Republic of the",2026,Total,1460
"Congo, People's Republic of the",2023,January,90
"Congo, People's Republic of the",2023,February,85
"Congo, People's Republic of the",2023,March,85
"Congo, People's Republic of the",2023,April,65
"Congo, People's Republic of the",2023,May,115
"Congo, People's Republic of the",2023,June,130
"Congo, People's Republic of the",2023,July,50
"Congo, People's Republic of the",2023,August,80
"Congo, People's Republic of the",2023,September,110
"Congo, People's Republic of the",2023,October,165
"Congo, People's Republic of the",2023,November,210
"Congo, People's Republic of the",2023,December,80
"Congo, People's Republic of the",2023,Total,1270
"Congo, People's Republic of the",2024,January,105
"Congo, People's Republic of the",2024,February,105
"Congo, People's Republic of the",2024,March,55
"Congo, People's Republic of the",2024,April,60
"Congo, People's Republic of the",2024,May,105
"Congo, People's Republic of the",2024,June,145
"Congo, People's Republic of the",2024,July,200
"Congo, People's Republic of the",2024,August,120
"Congo, People's Republic of the",2024,September,80
"Congo, People's Republic of the",2024,October,65
"Congo, People's Republic of the",2024,November,95
"Congo, People's Republic of the",2024,December,80
"Congo, People's Republic of the",2024,Total,1205
"Congo, People's Republic of the",2025,January,65
"Congo, People's Republic of the",2025,February,25
"Congo, People's Republic of the",2025,March,25
"Congo, People's Republic of the",2025,April,50
"Congo, People's Republic of the",2025,May,45
"Congo, People's Republic of the",2025,June,65
"Congo, People's Republic of the",2025,July,120
"Congo, People's Republic of the",2025,August,75
"Congo, People's Republic of the",2025,September,40
"Congo, People's Republic of the",2025,October,45
"Congo, People's Republic of the",2025,November,40
"Congo, People's Republic of the",2025,December,40
"Congo, People's Republic of the",2025,Total,635
"Congo, People's Republic of the",2026,January,30
"Congo, People's Republic of the",2026,February,15
"Congo, People's Republic of the",2026,March,20
"Congo, People's Republic of the",2026,April,25
"Congo, People's Republic of the",2026,May,55
"Congo, People's Republic of the",2026,Total,145
Costa Rica,2023,January,15
Costa Rica,2023,February,5
Costa Rica,2023,March,20
Costa Rica,2023,April,30
Costa Rica,2023,May,15
Costa Rica,2023,June,20
Costa Rica,2023,July,15
Costa Rica,2023,August,15
Costa Rica,2023,September,15
Costa Rica,2023,October,10
Costa Rica,2023,November,15
Costa Rica,2023,December,5
Costa Rica,2023,Total,180
Costa Rica,2024,January,5
Costa Rica,2024,February,10
Costa Rica,2024,March,15
Costa Rica,2024,April,
Costa Rica,2024,May,10
Costa Rica,2024,June,15
Costa Rica,2024,July,10
Costa Rica,2024,August,20
Costa Rica,2024,September,5
Costa Rica,2024,October,5
Costa Rica,2024,November,5
Costa Rica,2024,December,5
Costa Rica,2024,Total,105
Costa Rica,2025,January,10
Costa Rica,2025,February,15
Costa Rica,2025,March,10
Costa Rica,2025,April,10
Costa Rica,2025,May,15
Costa Rica,2025,June,15
Costa Rica,2025,July,15
Costa Rica,2025,August,15
Costa Rica,2025,September,
Costa Rica,2025,October,10
Costa Rica,2025,November,5
Costa Rica,2025,December,
Costa Rica,2025,Total,120
Costa Rica,2026,January,5
Costa Rica,2026,February,
Costa Rica,2026,March,
Costa Rica,2026,April,
Costa Rica,2026,May,10
Costa Rica,2026,Total,25
Croatia,2023,January,0
Croatia,2023,February,
Croatia,2023,March,
Croatia,2023,April,
Croatia,2023,May,0
Croatia,2023,June,
Croatia,2023,July,
Croatia,2023,August,
Croatia,2023,September,
Croatia,2023,October,
Croatia,2023,November,
Croatia,2023,December,0
Croatia,2023,Total,15
Croatia,2024,January,0
Croatia,2024,February,
Croatia,2024,March,0
Croatia,2024,April,0
Croatia,2024,May,0
Croatia,2024,June,0
Croatia,2024,July,0
Croatia,2024,August,
Croatia,2024,September,0
Croatia,2024,October,0
Croatia,2024,November,
Croatia,2024,December,0
Croatia,2024,Total,
Croatia,2025,January,
Croatia,2025,February,0
Croatia,2025,March,0
Croatia,2025,April,
Croatia,2025,May,0
Croatia,2025,June,0
Croatia,2025,July,0
Croatia,2025,August,
Croatia,2025,September,0
Croatia,2025,October,0
Croatia,2025,November,
Croatia,2025,December,0
Croatia,2025,Total,5
Croatia,2026,January,0
Croatia,2026,February,0
Croatia,2026,March,0
Croatia,2026,April,
Croatia,2026,May,
Croatia,2026,Total,
Cuba,2023,January,10
Cuba,2023,February,5
Cuba,2023,March,35
Cuba,2023,April,35
Cuba,2023,May,15
Cuba,2023,June,30
Cuba,2023,July,25
Cuba,2023,August,20
Cuba,2023,September,15
Cuba,2023,October,10
Cuba,2023,November,15
Cuba,2023,December,15
Cuba,2023,Total,225
Cuba,2024,January,10
Cuba,2024,February,30
Cuba,2024,March,15
Cuba,2024,April,
Cuba,2024,May,20
Cuba,2024,June,10
Cuba,2024,July,10
Cuba,2024,August,15
Cuba,2024,September,15
Cuba,2024,October,15
Cuba,2024,November,10
Cuba,2024,December,
Cuba,2024,Total,155
Cuba,2025,January,10
Cuba,2025,February,10
Cuba,2025,March,5
Cuba,2025,April,5
Cuba,2025,May,10
Cuba,2025,June,20
Cuba,2025,July,10
Cuba,2025,August,15
Cuba,2025,September,
Cuba,2025,October,5
Cuba,2025,November,10
Cuba,2025,December,5
Cuba,2025,Total,105
Cuba,2026,January,10
Cuba,2026,February,
Cuba,2026,March,10
Cuba,2026,April,10
Cuba,2026,May,5
Cuba,2026,Total,35
Cyprus,2023,January,0
Cyprus,2023,February,0
Cyprus,2023,March,
Cyprus,2023,April,0
Cyprus,2023,May,
Cyprus,2023,June,0
Cyprus,2023,July,
Cyprus,2023,August,0
Cyprus,2023,September,
Cyprus,2023,October,
Cyprus,2023,November,0
Cyprus,2023,December,0
Cyprus,2023,Total,10
Cyprus,2024,January,0
Cyprus,2024,February,0
Cyprus,2024,March,0
Cyprus,2024,April,0
Cyprus,2024,May,
Cyprus,2024,June,
Cyprus,2024,July,
Cyprus,2024,August,10
Cyprus,2024,September,
Cyprus,2024,October,
Cyprus,2024,November,0
Cyprus,2024,December,
Cyprus,2024,Total,15
Cyprus,2025,January,0
Cyprus,2025,February,0
Cyprus,2025,March,0
Cyprus,2025,April,
Cyprus,2025,May,
Cyprus,2025,June,0
Cyprus,2025,July,
Cyprus,2025,August,
Cyprus,2025,September,
Cyprus,2025,October,
Cyprus,2025,November,0
Cyprus,2025,December,0
Cyprus,2025,Total,10
Cyprus,2026,January,0
Cyprus,2026,February,
Cyprus,2026,March,0
Cyprus,2026,April,0
Cyprus,2026,May,
Cyprus,2026,Total,
Czech Republic,2023,January,5
Czech Republic,2023,February,5
Czech Republic,2023,March,10
Czech Republic,2023,April,
Czech Republic,2023,May,15
Czech Republic,2023,June,35
Czech Republic,2023,July,15
Czech Republic,2023,August,10
Czech Republic,2023,September,
Czech Republic,2023,October,
Czech Republic,2023,November,5
Czech Republic,2023,December,
Czech Republic,2023,Total,115
Czech Republic,2024,January,
Czech Republic,2024,February,
Czech Republic,2024,March,
Czech Republic,2024,April,10
Czech Republic,2024,May,25
Czech Republic,2024,June,10
Czech Republic,2024,July,25
Czech Republic,2024,August,25
Czech Republic,2024,September,
Czech Republic,2024,October,
Czech Republic,2024,November,
Czech Republic,2024,December,
Czech Republic,2024,Total,110
Czech Republic,2025,January,5
Czech Republic,2025,February,
Czech Republic,2025,March,
Czech Republic,2025,April,5
Czech Republic,2025,May,10
Czech Republic,2025,June,
Czech Republic,2025,July,15
Czech Republic,2025,August,50
Czech Republic,2025,September,5
Czech Republic,2025,October,
Czech Republic,2025,November,
Czech Republic,2025,December,
Czech Republic,2025,Total,105
Czech Republic,2026,January,
Czech Republic,2026,February,5
Czech Republic,2026,March,10
Czech Republic,2026,April,15
Czech Republic,2026,May,25
Czech Republic,2026,Total,60
Democratic Republic of Sudan,2023,January,25
Democratic Republic of Sudan,2023,February,20
Democratic Republic of Sudan,2023,March,20
Democratic Republic of Sudan,2023,April,25
Democratic Republic of Sudan,2023,May,20
Democratic Republic of Sudan,2023,June,45
Democratic Republic of Sudan,2023,July,25
Democratic Republic of Sudan,2023,August,35
Democratic Republic of Sudan,2023,September,25
Democratic Republic of Sudan,2023,October,25
Democratic Republic of Sudan,2023,November,60
Democratic Republic of Sudan,2023,December,30
Democratic Republic of Sudan,2023,Total,350
Democratic Republic of Sudan,2024,January,35
Democratic Republic of Sudan,2024,February,35
Democratic Republic of Sudan,2024,March,15
Democratic Republic of Sudan,2024,April,10
Democratic Republic of Sudan,2024,May,15
Democratic Republic of Sudan,2024,June,20
Democratic Republic of Sudan,2024,July,20
Democratic Republic of Sudan,2024,August,35
Democratic Republic of Sudan,2024,September,20
Democratic Republic of Sudan,2024,October,15
Democratic Republic of Sudan,2024,November,20
Democratic Republic of Sudan,2024,December,20
Democratic Republic of Sudan,2024,Total,265
Democratic Republic of Sudan,2025,January,15
Democratic Republic of Sudan,2025,February,10
Democratic Republic of Sudan,2025,March,5
Democratic Republic of Sudan,2025,April,10
Democratic Republic of Sudan,2025,May,15
Democratic Republic of Sudan,2025,June,25
Democratic Republic of Sudan,2025,July,15
Democratic Republic of Sudan,2025,August,30
Democratic Republic of Sudan,2025,September,10
Democratic Republic of Sudan,2025,October,
Democratic Republic of Sudan,2025,November,10
Democratic Republic of Sudan,2025,December,10
Democratic Republic of Sudan,2025,Total,155
Democratic Republic of Sudan,2026,January,20
Democratic Republic of Sudan,2026,February,10
Democratic Republic of Sudan,2026,March,10
Democratic Republic of Sudan,2026,April,10
Democratic Republic of Sudan,2026,May,15
Democratic Republic of Sudan,2026,Total,65
Denmark,2023,January,
Denmark,2023,February,
Denmark,2023,March,
Denmark,2023,April,
Denmark,2023,May,30
Denmark,2023,June,20
Denmark,2023,July,20
Denmark,2023,August,10
Denmark,2023,September,10
Denmark,2023,October,
Denmark,2023,November,
Denmark,2023,December,
Denmark,2023,Total,105
Denmark,2024,January,
Denmark,2024,February,
Denmark,2024,March,
Denmark,2024,April,
Denmark,2024,May,0
Denmark,2024,June,30
Denmark,2024,July,10
Denmark,2024,August,20
Denmark,2024,September,10
Denmark,2024,October,
Denmark,2024,November,0
Denmark,2024,December,0
Denmark,2024,Total,80
Denmark,2025,January,
Denmark,2025,February,0
Denmark,2025,March,
Denmark,2025,April,
Denmark,2025,May,15
Denmark,2025,June,20
Denmark,2025,July,10
Denmark,2025,August,45
Denmark,2025,September,
Denmark,2025,October,
Denmark,2025,November,0
Denmark,2025,December,
Denmark,2025,Total,105
Denmark,2026,January,5
Denmark,2026,February,
Denmark,2026,March,
Denmark,2026,April,10
Denmark,2026,May,45
Denmark,2026,Total,65
Dominica,2023,January,
Dominica,2023,February,5
Dominica,2023,March,
Dominica,2023,April,5
Dominica,2023,May,5
Dominica,2023,June,5
Dominica,2023,July,10
Dominica,2023,August,20
Dominica,2023,September,
Dominica,2023,October,5
Dominica,2023,November,
Dominica,2023,December,
Dominica,2023,Total,75
Dominica,2024,January,
Dominica,2024,February,5
Dominica,2024,March,0
Dominica,2024,April,
Dominica,2024,May,5
Dominica,2024,June,
Dominica,2024,July,15
Dominica,2024,August,10
Dominica,2024,September,
Dominica,2024,October,
Dominica,2024,November,
Dominica,2024,December,
Dominica,2024,Total,55
Dominica,2025,January,
Dominica,2025,February,
Dominica,2025,March,
Dominica,2025,April,
Dominica,2025,May,
Dominica,2025,June,
Dominica,2025,July,
Dominica,2025,August,5
Dominica,2025,September,
Dominica,2025,October,0
Dominica,2025,November,0
Dominica,2025,December,
Dominica,2025,Total,25
Dominica,2026,January,5
Dominica,2026,February,
Dominica,2026,March,
Dominica,2026,April,
Dominica,2026,May,
Dominica,2026,Total,15
Dominican Republic,2023,January,30
Dominican Republic,2023,February,40
Dominican Republic,2023,March,100
Dominican Republic,2023,April,85
Dominican Republic,2023,May,90
Dominican Republic,2023,June,110
Dominican Republic,2023,July,70
Dominican Republic,2023,August,70
Dominican Republic,2023,September,45
Dominican Republic,2023,October,75
Dominican Republic,2023,November,50
Dominican Republic,2023,December,45
Dominican Republic,2023,Total,805
Dominican Republic,2024,January,40
Dominican Republic,2024,February,55
Dominican Republic,2024,March,35
Dominican Republic,2024,April,15
Dominican Republic,2024,May,35
Dominican Republic,2024,June,40
Dominican Republic,2024,July,50
Dominican Republic,2024,August,60
Dominican Republic,2024,September,25
Dominican Republic,2024,October,20
Dominican Republic,2024,November,15
Dominican Republic,2024,December,30
Dominican Republic,2024,Total,410
Dominican Republic,2025,January,30
Dominican Republic,2025,February,25
Dominican Republic,2025,March,10
Dominican Republic,2025,April,10
Dominican Republic,2025,May,25
Dominican Republic,2025,June,25
Dominican Republic,2025,July,25
Dominican Republic,2025,August,15
Dominican Republic,2025,September,10
Dominican Republic,2025,October,
Dominican Republic,2025,November,5
Dominican Republic,2025,December,10
Dominican Republic,2025,Total,200
Dominican Republic,2026,January,10
Dominican Republic,2026,February,10
Dominican Republic,2026,March,5
Dominican Republic,2026,April,10
Dominican Republic,2026,May,10
Dominican Republic,2026,Total,40
"East Timor, Democratic Republic of",2023,January,0
"East Timor, Democratic Republic of",2023,February,0
"East Timor, Democratic Republic of",2023,March,0
"East Timor, Democratic Republic of",2023,April,0
"East Timor, Democratic Republic of",2023,May,0
"East Timor, Democratic Republic of",2023,June,0
"East Timor, Democratic Republic of",2023,July,0
"East Timor, Democratic Republic of",2023,August,0
"East Timor, Democratic Republic of",2023,September,0
"East Timor, Democratic Republic of",2023,October,0
"East Timor, Democratic Republic of",2023,November,0
"East Timor, Democratic Republic of",2023,December,0
"East Timor, Democratic Republic of",2023,Total,0
"East Timor, Democratic Republic of",2024,January,0
"East Timor, Democratic Republic of",2024,February,0
"East Timor, Democratic Republic of",2024,March,0
"East Timor, Democratic Republic of",2024,April,0
"East Timor, Democratic Republic of",2024,May,0
"East Timor, Democratic Republic of",2024,June,
"East Timor, Democratic Republic of",2024,July,0
"East Timor, Democratic Republic of",2024,August,0
"East Timor, Democratic Republic of",2024,September,0
"East Timor, Democratic Republic of",2024,October,0
"East Timor, Democratic Republic of",2024,November,0
"East Timor, Democratic Republic of",2024,December,0
"East Timor, Democratic Republic of",2024,Total,
"East Timor, Democratic Republic of",2025,January,
"East Timor, Democratic Republic of",2025,February,0
"East Timor, Democratic Republic of",2025,March,0
"East Timor, Democratic Republic of",2025,April,0
"East Timor, Democratic Republic of",2025,May,0
"East Timor, Democratic Republic of",2025,June,0
"East Timor, Democratic Republic of",2025,July,0
"East Timor, Democratic Republic of",2025,August,0
"East Timor, Democratic Republic of",2025,September,0
"East Timor, Democratic Republic of",2025,October,0
"East Timor, Democratic Republic of",2025,November,0
"East Timor, Democratic Republic of",2025,December,0
"East Timor, Democratic Republic of",2025,Total,
"East Timor, Democratic Republic of",2026,January,0
"East Timor, Democratic Republic of",2026,February,0
"East Timor, Democratic Republic of",2026,March,0
"East Timor, Democratic Republic of",2026,April,0
"East Timor, Democratic Republic of",2026,May,0
"East Timor, Democratic Republic of",2026,Total,0
Ecuador,2023,January,65
Ecuador,2023,February,150
Ecuador,2023,March,335
Ecuador,2023,April,170
Ecuador,2023,May,210
Ecuador,2023,June,265
Ecuador,2023,July,195
Ecuador,2023,August,255
Ecuador,2023,September,170
Ecuador,2023,October,265
Ecuador,2023,November,180
Ecuador,2023,December,90
Ecuador,2023,Total,2360
Ecuador,2024,January,70
Ecuador,2024,February,105
Ecuador,2024,March,80
Ecuador,2024,April,95
Ecuador,2024,May,200
Ecuador,2024,June,90
Ecuador,2024,July,195
Ecuador,2024,August,190
Ecuador,2024,September,90
Ecuador,2024,October,115
Ecuador,2024,November,100
Ecuador,2024,December,55
Ecuador,2024,Total,1385
Ecuador,2025,January,65
Ecuador,2025,February,85
Ecuador,2025,March,30
Ecuador,2025,April,45
Ecuador,2025,May,65
Ecuador,2025,June,85
Ecuador,2025,July,65
Ecuador,2025,August,55
Ecuador,2025,September,35
Ecuador,2025,October,30
Ecuador,2025,November,45
Ecuador,2025,December,20
Ecuador,2025,Total,630
Ecuador,2026,January,35
Ecuador,2026,February,30
Ecuador,2026,March,40
Ecuador,2026,April,40
Ecuador,2026,May,15
Ecuador,2026,Total,155
Egypt,2023,January,120
Egypt,2023,February,105
Egypt,2023,March,115
Egypt,2023,April,170
Egypt,2023,May,275
Egypt,2023,June,200
Egypt,2023,July,225
Egypt,2023,August,220
Egypt,2023,September,130
Egypt,2023,October,125
Egypt,2023,November,135
Egypt,2023,December,115
Egypt,2023,Total,1930
Egypt,2024,January,120
Egypt,2024,February,105
Egypt,2024,March,95
Egypt,2024,April,75
Egypt,2024,May,140
Egypt,2024,June,125
Egypt,2024,July,165
Egypt,2024,August,210
Egypt,2024,September,65
Egypt,2024,October,80
Egypt,2024,November,95
Egypt,2024,December,100
Egypt,2024,Total,1375
Egypt,2025,January,95
Egypt,2025,February,85
Egypt,2025,March,60
Egypt,2025,April,85
Egypt,2025,May,85
Egypt,2025,June,130
Egypt,2025,July,150
Egypt,2025,August,100
Egypt,2025,September,95
Egypt,2025,October,35
Egypt,2025,November,30
Egypt,2025,December,125
Egypt,2025,Total,1070
Egypt,2026,January,95
Egypt,2026,February,65
Egypt,2026,March,35
Egypt,2026,April,55
Egypt,2026,May,115
Egypt,2026,Total,370
El Salvador,2023,January,10
El Salvador,2023,February,5
El Salvador,2023,March,45
El Salvador,2023,April,35
El Salvador,2023,May,35
El Salvador,2023,June,55
El Salvador,2023,July,50
El Salvador,2023,August,20
El Salvador,2023,September,15
El Salvador,2023,October,25
El Salvador,2023,November,25
El Salvador,2023,December,15
El Salvador,2023,Total,330
El Salvador,2024,January,15
El Salvador,2024,February,20
El Salvador,2024,March,20
El Salvador,2024,April,5
El Salvador,2024,May,20
El Salvador,2024,June,20
El Salvador,2024,July,20
El Salvador,2024,August,30
El Salvador,2024,September,20
El Salvador,2024,October,10
El Salvador,2024,November,5
El Salvador,2024,December,20
El Salvador,2024,Total,205
El Salvador,2025,January,10
El Salvador,2025,February,15
El Salvador,2025,March,10
El Salvador,2025,April,15
El Salvador,2025,May,10
El Salvador,2025,June,10
El Salvador,2025,July,10
El Salvador,2025,August,10
El Salvador,2025,September,10
El Salvador,2025,October,5
El Salvador,2025,November,
El Salvador,2025,December,5
El Salvador,2025,Total,115
El Salvador,2026,January,10
El Salvador,2026,February,
El Salvador,2026,March,5
El Salvador,2026,April,5
El Salvador,2026,May,5
El Salvador,2026,Total,35
Equatorial Guinea,2023,January,5
Equatorial Guinea,2023,February,
Equatorial Guinea,2023,March,
Equatorial Guinea,2023,April,
Equatorial Guinea,2023,May,
Equatorial Guinea,2023,June,
Equatorial Guinea,2023,July,
Equatorial Guinea,2023,August,
Equatorial Guinea,2023,September,
Equatorial Guinea,2023,October,
Equatorial Guinea,2023,November,
Equatorial Guinea,2023,December,
Equatorial Guinea,2023,Total,30
Equatorial Guinea,2024,January,0
Equatorial Guinea,2024,February,5
Equatorial Guinea,2024,March,
Equatorial Guinea,2024,April,
Equatorial Guinea,2024,May,0
Equatorial Guinea,2024,June,
Equatorial Guinea,2024,July,0
Equatorial Guinea,2024,August,5
Equatorial Guinea,2024,September,0
Equatorial Guinea,2024,October,
Equatorial Guinea,2024,November,
Equatorial Guinea,2024,December,
Equatorial Guinea,2024,Total,20
Equatorial Guinea,2025,January,
Equatorial Guinea,2025,February,
Equatorial Guinea,2025,March,
Equatorial Guinea,2025,April,
Equatorial Guinea,2025,May,
Equatorial Guinea,2025,June,
Equatorial Guinea,2025,July,5
Equatorial Guinea,2025,August,
Equatorial Guinea,2025,September,
Equatorial Guinea,2025,October,
Equatorial Guinea,2025,November,
Equatorial Guinea,2025,December,
Equatorial Guinea,2025,Total,30
Equatorial Guinea,2026,January,
Equatorial Guinea,2026,February,0
Equatorial Guinea,2026,March,0
Equatorial Guinea,2026,April,
Equatorial Guinea,2026,May,
Equatorial Guinea,2026,Total,
Eritrea,2023,January,5
Eritrea,2023,February,
Eritrea,2023,March,
Eritrea,2023,April,10
Eritrea,2023,May,10
Eritrea,2023,June,
Eritrea,2023,July,5
Eritrea,2023,August,5
Eritrea,2023,September,10
Eritrea,2023,October,
Eritrea,2023,November,15
Eritrea,2023,December,
Eritrea,2023,Total,80
Eritrea,2024,January,10
Eritrea,2024,February,
Eritrea,2024,March,
Eritrea,2024,April,5
Eritrea,2024,May,
Eritrea,2024,June,15
Eritrea,2024,July,5
Eritrea,2024,August,10
Eritrea,2024,September,10
Eritrea,2024,October,
Eritrea,2024,November,
Eritrea,2024,December,
Eritrea,2024,Total,70
Eritrea,2025,January,
Eritrea,2025,February,
Eritrea,2025,March,
Eritrea,2025,April,
Eritrea,2025,May,0
Eritrea,2025,June,
Eritrea,2025,July,
Eritrea,2025,August,5
Eritrea,2025,September,5
Eritrea,2025,October,
Eritrea,2025,November,
Eritrea,2025,December,5
Eritrea,2025,Total,40
Eritrea,2026,January,
Eritrea,2026,February,
Eritrea,2026,March,
Eritrea,2026,April,5
Eritrea,2026,May,5
Eritrea,2026,Total,20
Estonia,2023,January,0
Estonia,2023,February,0
Estonia,2023,March,
Estonia,2023,April,0
Estonia,2023,May,
Estonia,2023,June,
Estonia,2023,July,0
Estonia,2023,August,
Estonia,2023,September,0
Estonia,2023,October,
Estonia,2023,November,0
Estonia,2023,December,0
Estonia,2023,Total,5
Estonia,2024,January,0
Estonia,2024,February,0
Estonia,2024,March,0
Estonia,2024,April,0
Estonia,2024,May,0
Estonia,2024,June,
Estonia,2024,July,
Estonia,2024,August,
Estonia,2024,September,0
Estonia,2024,October,
Estonia,2024,November,
Estonia,2024,December,0
Estonia,2024,Total,10
Estonia,2025,January,0
Estonia,2025,February,0
Estonia,2025,March,0
Estonia,2025,April,0
Estonia,2025,May,0
Estonia,2025,June,0
Estonia,2025,July,0
Estonia,2025,August,5
Estonia,2025,September,
Estonia,2025,October,0
Estonia,2025,November,0
Estonia,2025,December,0
Estonia,2025,Total,5
Estonia,2026,January,0
Estonia,2026,February,0
Estonia,2026,March,
Estonia,2026,April,
Estonia,2026,May,0
Estonia,2026,Total,
Ethiopia,2023,January,410
Ethiopia,2023,February,780
Ethiopia,2023,March,595
Ethiopia,2023,April,620
Ethiopia,2023,May,760
Ethiopia,2023,June,520
Ethiopia,2023,July,235
Ethiopia,2023,August,430
Ethiopia,2023,September,815
Ethiopia,2023,October,415
Ethiopia,2023,November,265
Ethiopia,2023,December,740
Ethiopia,2023,Total,6590
Ethiopia,2024,January,550
Ethiopia,2024,February,270
Ethiopia,2024,March,140
Ethiopia,2024,April,175
Ethiopia,2024,May,110
Ethiopia,2024,June,150
Ethiopia,2024,July,120
Ethiopia,2024,August,185
Ethiopia,2024,September,70
Ethiopia,2024,October,40
Ethiopia,2024,November,60
Ethiopia,2024,December,45
Ethiopia,2024,Total,1905
Ethiopia,2025,January,120
Ethiopia,2025,February,65
Ethiopia,2025,March,50
Ethiopia,2025,April,70
Ethiopia,2025,May,80
Ethiopia,2025,June,40
Ethiopia,2025,July,65
Ethiopia,2025,August,95
Ethiopia,2025,September,75
Ethiopia,2025,October,55
Ethiopia,2025,November,50
Ethiopia,2025,December,70
Ethiopia,2025,Total,840
Ethiopia,2026,January,70
Ethiopia,2026,February,75
Ethiopia,2026,March,50
Ethiopia,2026,April,65
Ethiopia,2026,May,60
Ethiopia,2026,Total,320
Federal Republic of Cameroon,2023,January,930
Federal Republic of Cameroon,2023,February,715
Federal Republic of Cameroon,2023,March,1050
Federal Republic of Cameroon,2023,April,975
Federal Republic of Cameroon,2023,May,2185
Federal Republic of Cameroon,2023,June,1820
Federal Republic of Cameroon,2023,July,1110
Federal Republic of Cameroon,2023,August,1140
Federal Republic of Cameroon,2023,September,1385
Federal Republic of Cameroon,2023,October,2770
Federal Republic of Cameroon,2023,November,3325
Federal Republic of Cameroon,2023,December,1375
Federal Republic of Cameroon,2023,Total,18770
Federal Republic of Cameroon,2024,January,1065
Federal Republic of Cameroon,2024,February,1260
Federal Republic of Cameroon,2024,March,965
Federal Republic of Cameroon,2024,April,1580
Federal Republic of Cameroon,2024,May,1205
Federal Republic of Cameroon,2024,June,1200
Federal Republic of Cameroon,2024,July,1650
Federal Republic of Cameroon,2024,August,1695
Federal Republic of Cameroon,2024,September,1425
Federal Republic of Cameroon,2024,October,1595
Federal Republic of Cameroon,2024,November,1625
Federal Republic of Cameroon,2024,December,1455
Federal Republic of Cameroon,2024,Total,16725
Federal Republic of Cameroon,2025,January,1060
Federal Republic of Cameroon,2025,February,695
Federal Republic of Cameroon,2025,March,555
Federal Republic of Cameroon,2025,April,605
Federal Republic of Cameroon,2025,May,725
Federal Republic of Cameroon,2025,June,760
Federal Republic of Cameroon,2025,July,1025
Federal Republic of Cameroon,2025,August,815
Federal Republic of Cameroon,2025,September,405
Federal Republic of Cameroon,2025,October,365
Federal Republic of Cameroon,2025,November,465
Federal Republic of Cameroon,2025,December,410
Federal Republic of Cameroon,2025,Total,7875
Federal Republic of Cameroon,2026,January,395
Federal Republic of Cameroon,2026,February,255
Federal Republic of Cameroon,2026,March,370
Federal Republic of Cameroon,2026,April,405
Federal Republic of Cameroon,2026,May,395
Federal Republic of Cameroon,2026,Total,1820
Federal Republic of Germany,2023,January,60
Federal Republic of Germany,2023,February,100
Federal Republic of Germany,2023,March,110
Federal Republic of Germany,2023,April,160
Federal Republic of Germany,2023,May,545
Federal Republic of Germany,2023,June,585
Federal Republic of Germany,2023,July,380
Federal Republic of Germany,2023,August,125
Federal Republic of Germany,2023,September,30
Federal Republic of Germany,2023,October,15
Federal Republic of Germany,2023,November,55
Federal Republic of Germany,2023,December,40
Federal Republic of Germany,2023,Total,2205
Federal Republic of Germany,2024,January,55
Federal Republic of Germany,2024,February,50
Federal Republic of Germany,2024,March,110
Federal Republic of Germany,2024,April,295
Federal Republic of Germany,2024,May,395
Federal Republic of Germany,2024,June,215
Federal Republic of Germany,2024,July,345
Federal Republic of Germany,2024,August,450
Federal Republic of Germany,2024,September,30
Federal Republic of Germany,2024,October,45
Federal Republic of Germany,2024,November,35
Federal Republic of Germany,2024,December,25
Federal Republic of Germany,2024,Total,2050
Federal Republic of Germany,2025,January,35
Federal Republic of Germany,2025,February,145
Federal Republic of Germany,2025,March,95
Federal Republic of Germany,2025,April,210
Federal Republic of Germany,2025,May,245
Federal Republic of Germany,2025,June,85
Federal Republic of Germany,2025,July,140
Federal Republic of Germany,2025,August,1105
Federal Republic of Germany,2025,September,60
Federal Republic of Germany,2025,October,55
Federal Republic of Germany,2025,November,35
Federal Republic of Germany,2025,December,40
Federal Republic of Germany,2025,Total,2245
Federal Republic of Germany,2026,January,105
Federal Republic of Germany,2026,February,115
Federal Republic of Germany,2026,March,270
Federal Republic of Germany,2026,April,470
Federal Republic of Germany,2026,May,405
Federal Republic of Germany,2026,Total,1360
Federated States of Micronesia,2023,January,0
Federated States of Micronesia,2023,February,0
Federated States of Micronesia,2023,March,
Federated States of Micronesia,2023,April,0
Federated States of Micronesia,2023,May,0
Federated States of Micronesia,2023,June,0
Federated States of Micronesia,2023,July,0
Federated States of Micronesia,2023,August,0
Federated States of Micronesia,2023,September,0
Federated States of Micronesia,2023,October,0
Federated States of Micronesia,2023,November,0
Federated States of Micronesia,2023,December,0
Federated States of Micronesia,2023,Total,
Federated States of Micronesia,2024,January,0
Federated States of Micronesia,2024,February,0
Federated States of Micronesia,2024,March,0
Federated States of Micronesia,2024,April,0
Federated States of Micronesia,2024,May,0
Federated States of Micronesia,2024,June,0
Federated States of Micronesia,2024,July,0
Federated States of Micronesia,2024,August,0
Federated States of Micronesia,2024,September,0
Federated States of Micronesia,2024,October,0
Federated States of Micronesia,2024,November,
Federated States of Micronesia,2024,December,0
Federated States of Micronesia,2024,Total,
Federated States of Micronesia,2025,January,0
Federated States of Micronesia,2025,February,0
Federated States of Micronesia,2025,March,0
Federated States of Micronesia,2025,April,0
Federated States of Micronesia,2025,May,0
Federated States of Micronesia,2025,June,0
Federated States of Micronesia,2025,July,0
Federated States of Micronesia,2025,August,0
Federated States of Micronesia,2025,September,0
Federated States of Micronesia,2025,October,0
Federated States of Micronesia,2025,November,0
Federated States of Micronesia,2025,December,0
Federated States of Micronesia,2025,Total,0
Federated States of Micronesia,2026,January,0
Federated States of Micronesia,2026,February,0
Federated States of Micronesia,2026,March,0
Federated States of Micronesia,2026,April,0
Federated States of Micronesia,2026,May,0
Federated States of Micronesia,2026,Total,0
Fiji,2023,January,
Fiji,2023,February,
Fiji,2023,March,5
Fiji,2023,April,5
Fiji,2023,May,
Fiji,2023,June,5
Fiji,2023,July,5
Fiji,2023,August,
Fiji,2023,September,
Fiji,2023,October,
Fiji,2023,November,10
Fiji,2023,December,10
Fiji,2023,Total,50
Fiji,2024,January,5
Fiji,2024,February,
Fiji,2024,March,
Fiji,2024,April,10
Fiji,2024,May,
Fiji,2024,June,
Fiji,2024,July,
Fiji,2024,August,
Fiji,2024,September,0
Fiji,2024,October,
Fiji,2024,November,0
Fiji,2024,December,
Fiji,2024,Total,30
Fiji,2025,January,
Fiji,2025,February,0
Fiji,2025,March,
Fiji,2025,April,
Fiji,2025,May,
Fiji,2025,June,
Fiji,2025,July,
Fiji,2025,August,
Fiji,2025,September,
Fiji,2025,October,0
Fiji,2025,November,
Fiji,2025,December,
Fiji,2025,Total,15
Fiji,2026,January,
Fiji,2026,February,0
Fiji,2026,March,
Fiji,2026,April,0
Fiji,2026,May,0
Fiji,2026,Total,
Finland,2023,January,
Finland,2023,February,
Finland,2023,March,
Finland,2023,April,5
Finland,2023,May,10
Finland,2023,June,15
Finland,2023,July,10
Finland,2023,August,
Finland,2023,September,10
Finland,2023,October,
Finland,2023,November,
Finland,2023,December,
Finland,2023,Total,65
Finland,2024,January,0
Finland,2024,February,0
Finland,2024,March,
Finland,2024,April,
Finland,2024,May,
Finland,2024,June,10
Finland,2024,July,10
Finland,2024,August,15
Finland,2024,September,5
Finland,2024,October,
Finland,2024,November,5
Finland,2024,December,0
Finland,2024,Total,55
Finland,2025,January,
Finland,2025,February,
Finland,2025,March,
Finland,2025,April,
Finland,2025,May,
Finland,2025,June,5
Finland,2025,July,5
Finland,2025,August,25
Finland,2025,September,0
Finland,2025,October,
Finland,2025,November,
Finland,2025,December,
Finland,2025,Total,50
Finland,2026,January,
Finland,2026,February,
Finland,2026,March,
Finland,2026,April,
Finland,2026,May,5
Finland,2026,Total,20
France,2023,January,410
France,2023,February,320
France,2023,March,335
France,2023,April,605
France,2023,May,1950
France,2023,June,3220
France,2023,July,2100
France,2023,August,830
France,2023,September,410
France,2023,October,190
France,2023,November,360
France,2023,December,245
France,2023,Total,10980
France,2024,January,345
France,2024,February,205
France,2024,March,160
France,2024,April,880
France,2024,May,1680
France,2024,June,1170
France,2024,July,1705
France,2024,August,2860
France,2024,September,665
France,2024,October,435
France,2024,November,310
France,2024,December,330
France,2024,Total,10745
France,2025,January,260
France,2025,February,255
France,2025,March,405
France,2025,April,560
France,2025,May,370
France,2025,June,320
France,2025,July,695
France,2025,August,5240
France,2025,September,415
France,2025,October,375
France,2025,November,295
France,2025,December,205
France,2025,Total,9390
France,2026,January,320
France,2026,February,230
France,2026,March,335
France,2026,April,545
France,2026,May,815
France,2026,Total,2245
French Polynesia,2023,January,0
French Polynesia,2023,February,0
French Polynesia,2023,March,0
French Polynesia,2023,April,0
French Polynesia,2023,May,0
French Polynesia,2023,June,
French Polynesia,2023,July,0
French Polynesia,2023,August,0
French Polynesia,2023,September,0
French Polynesia,2023,October,0
French Polynesia,2023,November,0
French Polynesia,2023,December,0
French Polynesia,2023,Total,
French Polynesia,2024,January,0
French Polynesia,2024,February,0
French Polynesia,2024,March,0
French Polynesia,2024,April,0
French Polynesia,2024,May,0
French Polynesia,2024,June,0
French Polynesia,2024,July,0
French Polynesia,2024,August,0
French Polynesia,2024,September,0
French Polynesia,2024,October,0
French Polynesia,2024,November,0
French Polynesia,2024,December,0
French Polynesia,2024,Total,0
French Polynesia,2025,January,0
French Polynesia,2025,February,0
French Polynesia,2025,March,0
French Polynesia,2025,April,0
French Polynesia,2025,May,0
French Polynesia,2025,June,0
French Polynesia,2025,July,0
French Polynesia,2025,August,
French Polynesia,2025,September,0
French Polynesia,2025,October,0
French Polynesia,2025,November,0
French Polynesia,2025,December,0
French Polynesia,2025,Total,
French Polynesia,2026,January,0
French Polynesia,2026,February,0
French Polynesia,2026,March,0
French Polynesia,2026,April,0
French Polynesia,2026,May,0
French Polynesia,2026,Total,0
Gabon Republic,2023,January,15
Gabon Republic,2023,February,20
Gabon Republic,2023,March,20
Gabon Republic,2023,April,20
Gabon Republic,2023,May,25
Gabon Republic,2023,June,20
Gabon Republic,2023,July,20
Gabon Republic,2023,August,20
Gabon Republic,2023,September,25
Gabon Republic,2023,October,45
Gabon Republic,2023,November,50
Gabon Republic,2023,December,25
Gabon Republic,2023,Total,305
Gabon Republic,2024,January,30
Gabon Republic,2024,February,15
Gabon Republic,2024,March,20
Gabon Republic,2024,April,15
Gabon Republic,2024,May,30
Gabon Republic,2024,June,20
Gabon Republic,2024,July,35
Gabon Republic,2024,August,25
Gabon Republic,2024,September,10
Gabon Republic,2024,October,15
Gabon Republic,2024,November,15
Gabon Republic,2024,December,20
Gabon Republic,2024,Total,245
Gabon Republic,2025,January,20
Gabon Republic,2025,February,10
Gabon Republic,2025,March,
Gabon Republic,2025,April,10
Gabon Republic,2025,May,10
Gabon Republic,2025,June,15
Gabon Republic,2025,July,25
Gabon Republic,2025,August,25
Gabon Republic,2025,September,10
Gabon Republic,2025,October,
Gabon Republic,2025,November,10
Gabon Republic,2025,December,
Gabon Republic,2025,Total,145
Gabon Republic,2026,January,5
Gabon Republic,2026,February,
Gabon Republic,2026,March,10
Gabon Republic,2026,April,5
Gabon Republic,2026,May,
Gabon Republic,2026,Total,30
Gambia,2023,January,25
Gambia,2023,February,175
Gambia,2023,March,75
Gambia,2023,April,75
Gambia,2023,May,170
Gambia,2023,June,65
Gambia,2023,July,65
Gambia,2023,August,120
Gambia,2023,September,35
Gambia,2023,October,85
Gambia,2023,November,60
Gambia,2023,December,125
Gambia,2023,Total,1080
Gambia,2024,January,80
Gambia,2024,February,100
Gambia,2024,March,35
Gambia,2024,April,20
Gambia,2024,May,25
Gambia,2024,June,45
Gambia,2024,July,50
Gambia,2024,August,50
Gambia,2024,September,30
Gambia,2024,October,35
Gambia,2024,November,30
Gambia,2024,December,30
Gambia,2024,Total,525
Gambia,2025,January,40
Gambia,2025,February,20
Gambia,2025,March,20
Gambia,2025,April,35
Gambia,2025,May,15
Gambia,2025,June,25
Gambia,2025,July,25
Gambia,2025,August,50
Gambia,2025,September,30
Gambia,2025,October,30
Gambia,2025,November,35
Gambia,2025,December,35
Gambia,2025,Total,355
Gambia,2026,January,25
Gambia,2026,February,20
Gambia,2026,March,30
Gambia,2026,April,35
Gambia,2026,May,25
Gambia,2026,Total,140
Georgia,2023,January,5
Georgia,2023,February,
Georgia,2023,March,
Georgia,2023,April,
Georgia,2023,May,
Georgia,2023,June,
Georgia,2023,July,
Georgia,2023,August,5
Georgia,2023,September,
Georgia,2023,October,
Georgia,2023,November,5
Georgia,2023,December,
Georgia,2023,Total,40
Georgia,2024,January,
Georgia,2024,February,
Georgia,2024,March,
Georgia,2024,April,
Georgia,2024,May,10
Georgia,2024,June,
Georgia,2024,July,10
Georgia,2024,August,10
Georgia,2024,September,
Georgia,2024,October,
Georgia,2024,November,
Georgia,2024,December,
Georgia,2024,Total,55
Georgia,2025,January,
Georgia,2025,February,
Georgia,2025,March,5
Georgia,2025,April,
Georgia,2025,May,
Georgia,2025,June,5
Georgia,2025,July,
Georgia,2025,August,5
Georgia,2025,September,5
Georgia,2025,October,5
Georgia,2025,November,
Georgia,2025,December,0
Georgia,2025,Total,40
Georgia,2026,January,
Georgia,2026,February,
Georgia,2026,March,0
Georgia,2026,April,
Georgia,2026,May,
Georgia,2026,Total,10
Ghana,2023,January,290
Ghana,2023,February,880
Ghana,2023,March,1285
Ghana,2023,April,715
Ghana,2023,May,2045
Ghana,2023,June,1895
Ghana,2023,July,1420
Ghana,2023,August,1845
Ghana,2023,September,660
Ghana,2023,October,935
Ghana,2023,November,2435
Ghana,2023,December,3265
Ghana,2023,Total,17670
Ghana,2024,January,5320
Ghana,2024,February,4580
Ghana,2024,March,1380
Ghana,2024,April,770
Ghana,2024,May,945
Ghana,2024,June,1975
Ghana,2024,July,5090
Ghana,2024,August,2800
Ghana,2024,September,820
Ghana,2024,October,1185
Ghana,2024,November,2590
Ghana,2024,December,1965
Ghana,2024,Total,29415
Ghana,2025,January,1010
Ghana,2025,February,885
Ghana,2025,March,470
Ghana,2025,April,645
Ghana,2025,May,435
Ghana,2025,June,460
Ghana,2025,July,335
Ghana,2025,August,1205
Ghana,2025,September,395
Ghana,2025,October,495
Ghana,2025,November,520
Ghana,2025,December,550
Ghana,2025,Total,7410
Ghana,2026,January,1055
Ghana,2026,February,705
Ghana,2026,March,780
Ghana,2026,April,665
Ghana,2026,May,880
Ghana,2026,Total,4085
Greece,2023,January,5
Greece,2023,February,
Greece,2023,March,
Greece,2023,April,10
Greece,2023,May,15
Greece,2023,June,15
Greece,2023,July,5
Greece,2023,August,10
Greece,2023,September,5
Greece,2023,October,
Greece,2023,November,5
Greece,2023,December,
Greece,2023,Total,75
Greece,2024,January,
Greece,2024,February,5
Greece,2024,March,5
Greece,2024,April,10
Greece,2024,May,10
Greece,2024,June,10
Greece,2024,July,10
Greece,2024,August,10
Greece,2024,September,5
Greece,2024,October,5
Greece,2024,November,
Greece,2024,December,5
Greece,2024,Total,80
Greece,2025,January,5
Greece,2025,February,
Greece,2025,March,0
Greece,2025,April,5
Greece,2025,May,
Greece,2025,June,
Greece,2025,July,
Greece,2025,August,20
Greece,2025,September,
Greece,2025,October,
Greece,2025,November,
Greece,2025,December,
Greece,2025,Total,50
Greece,2026,January,
Greece,2026,February,
Greece,2026,March,
Greece,2026,April,
Greece,2026,May,10
Greece,2026,Total,20
Grenada,2023,January,
Grenada,2023,February,
Grenada,2023,March,
Grenada,2023,April,
Grenada,2023,May,5
Grenada,2023,June,10
Grenada,2023,July,
Grenada,2023,August,
Grenada,2023,September,
Grenada,2023,October,
Grenada,2023,November,
Grenada,2023,December,0
Grenada,2023,Total,35
Grenada,2024,January,
Grenada,2024,February,
Grenada,2024,March,
Grenada,2024,April,
Grenada,2024,May,5
Grenada,2024,June,10
Grenada,2024,July,5
Grenada,2024,August,5
Grenada,2024,September,
Grenada,2024,October,0
Grenada,2024,November,5
Grenada,2024,December,
Grenada,2024,Total,40
Grenada,2025,January,
Grenada,2025,February,
Grenada,2025,March,
Grenada,2025,April,
Grenada,2025,May,5
Grenada,2025,June,
Grenada,2025,July,
Grenada,2025,August,5
Grenada,2025,September,5
Grenada,2025,October,0
Grenada,2025,November,
Grenada,2025,December,
Grenada,2025,Total,30
Grenada,2026,January,
Grenada,2026,February,0
Grenada,2026,March,
Grenada,2026,April,
Grenada,2026,May,
Grenada,2026,Total,5
Guatemala,2023,January,10
Guatemala,2023,February,10
Guatemala,2023,March,25
Guatemala,2023,April,10
Guatemala,2023,May,20
Guatemala,2023,June,20
Guatemala,2023,July,30
Guatemala,2023,August,15
Guatemala,2023,September,10
Guatemala,2023,October,10
Guatemala,2023,November,20
Guatemala,2023,December,5
Guatemala,2023,Total,180
Guatemala,2024,January,
Guatemala,2024,February,15
Guatemala,2024,March,25
Guatemala,2024,April,5
Guatemala,2024,May,20
Guatemala,2024,June,5
Guatemala,2024,July,20
Guatemala,2024,August,15
Guatemala,2024,September,10
Guatemala,2024,October,5
Guatemala,2024,November,5
Guatemala,2024,December,15
Guatemala,2024,Total,150
Guatemala,2025,January,10
Guatemala,2025,February,15
Guatemala,2025,March,
Guatemala,2025,April,10
Guatemala,2025,May,10
Guatemala,2025,June,10
Guatemala,2025,July,10
Guatemala,2025,August,10
Guatemala,2025,September,5
Guatemala,2025,October,5
Guatemala,2025,November,5
Guatemala,2025,December,10
Guatemala,2025,Total,105
Guatemala,2026,January,
Guatemala,2026,February,
Guatemala,2026,March,
Guatemala,2026,April,5
Guatemala,2026,May,
Guatemala,2026,Total,20
Guinea-Bissau,2023,January,
Guinea-Bissau,2023,February,0
Guinea-Bissau,2023,March,0
Guinea-Bissau,2023,April,0
Guinea-Bissau,2023,May,
Guinea-Bissau,2023,June,5
Guinea-Bissau,2023,July,
Guinea-Bissau,2023,August,
Guinea-Bissau,2023,September,
Guinea-Bissau,2023,October,5
Guinea-Bissau,2023,November,
Guinea-Bissau,2023,December,
Guinea-Bissau,2023,Total,25
Guinea-Bissau,2024,January,
Guinea-Bissau,2024,February,
Guinea-Bissau,2024,March,0
Guinea-Bissau,2024,April,
Guinea-Bissau,2024,May,
Guinea-Bissau,2024,June,0
Guinea-Bissau,2024,July,0
Guinea-Bissau,2024,August,
Guinea-Bissau,2024,September,
Guinea-Bissau,2024,October,
Guinea-Bissau,2024,November,0
Guinea-Bissau,2024,December,
Guinea-Bissau,2024,Total,25
Guinea-Bissau,2025,January,0
Guinea-Bissau,2025,February,0
Guinea-Bissau,2025,March,
Guinea-Bissau,2025,April,
Guinea-Bissau,2025,May,0
Guinea-Bissau,2025,June,
Guinea-Bissau,2025,July,
Guinea-Bissau,2025,August,
Guinea-Bissau,2025,September,
Guinea-Bissau,2025,October,0
Guinea-Bissau,2025,November,0
Guinea-Bissau,2025,December,0
Guinea-Bissau,2025,Total,5
Guinea-Bissau,2026,January,0
Guinea-Bissau,2026,February,0
Guinea-Bissau,2026,March,0
Guinea-Bissau,2026,April,0
Guinea-Bissau,2026,May,0
Guinea-Bissau,2026,Total,0
"Guinea, Republic of",2023,January,1355
"Guinea, Republic of",2023,February,1440
"Guinea, Republic of",2023,March,1100
"Guinea, Republic of",2023,April,660
"Guinea, Republic of",2023,May,1265
"Guinea, Republic of",2023,June,760
"Guinea, Republic of",2023,July,2165
"Guinea, Republic of",2023,August,1930
"Guinea, Republic of",2023,September,1740
"Guinea, Republic of",2023,October,1985
"Guinea, Republic of",2023,November,1735
"Guinea, Republic of",2023,December,1050
"Guinea, Republic of",2023,Total,17175
"Guinea, Republic of",2024,January,1855
"Guinea, Republic of",2024,February,2250
"Guinea, Republic of",2024,March,1680
"Guinea, Republic of",2024,April,1565
"Guinea, Republic of",2024,May,1990
"Guinea, Republic of",2024,June,2705
"Guinea, Republic of",2024,July,3890
"Guinea, Republic of",2024,August,3065
"Guinea, Republic of",2024,September,2845
"Guinea, Republic of",2024,October,2280
"Guinea, Republic of",2024,November,2375
"Guinea, Republic of",2024,December,3425
"Guinea, Republic of",2024,Total,29915
"Guinea, Republic of",2025,January,3650
"Guinea, Republic of",2025,February,985
"Guinea, Republic of",2025,March,1025
"Guinea, Republic of",2025,April,1080
"Guinea, Republic of",2025,May,950
"Guinea, Republic of",2025,June,1015
"Guinea, Republic of",2025,July,1115
"Guinea, Republic of",2025,August,700
"Guinea, Republic of",2025,September,795
"Guinea, Republic of",2025,October,580
"Guinea, Republic of",2025,November,220
"Guinea, Republic of",2025,December,390
"Guinea, Republic of",2025,Total,12510
"Guinea, Republic of",2026,January,380
"Guinea, Republic of",2026,February,210
"Guinea, Republic of",2026,March,210
"Guinea, Republic of",2026,April,265
"Guinea, Republic of",2026,May,235
"Guinea, Republic of",2026,Total,1295
Guyana,2023,January,10
Guyana,2023,February,20
Guyana,2023,March,15
Guyana,2023,April,20
Guyana,2023,May,30
Guyana,2023,June,30
Guyana,2023,July,15
Guyana,2023,August,20
Guyana,2023,September,15
Guyana,2023,October,15
Guyana,2023,November,15
Guyana,2023,December,10
Guyana,2023,Total,210
Guyana,2024,January,20
Guyana,2024,February,15
Guyana,2024,March,20
Guyana,2024,April,10
Guyana,2024,May,
Guyana,2024,June,10
Guyana,2024,July,15
Guyana,2024,August,30
Guyana,2024,September,
Guyana,2024,October,10
Guyana,2024,November,10
Guyana,2024,December,
Guyana,2024,Total,145
Guyana,2025,January,30
Guyana,2025,February,15
Guyana,2025,March,
Guyana,2025,April,
Guyana,2025,May,
Guyana,2025,June,
Guyana,2025,July,5
Guyana,2025,August,15
Guyana,2025,September,
Guyana,2025,October,5
Guyana,2025,November,10
Guyana,2025,December,10
Guyana,2025,Total,105
Guyana,2026,January,
Guyana,2026,February,
Guyana,2026,March,
Guyana,2026,April,
Guyana,2026,May,10
Guyana,2026,Total,20
Haiti,2023,January,285
Haiti,2023,February,155
Haiti,2023,March,680
Haiti,2023,April,505
Haiti,2023,May,445
Haiti,2023,June,750
Haiti,2023,July,765
Haiti,2023,August,655
Haiti,2023,September,275
Haiti,2023,October,340
Haiti,2023,November,405
Haiti,2023,December,225
Haiti,2023,Total,5485
Haiti,2024,January,200
Haiti,2024,February,175
Haiti,2024,March,130
Haiti,2024,April,105
Haiti,2024,May,295
Haiti,2024,June,175
Haiti,2024,July,245
Haiti,2024,August,650
Haiti,2024,September,295
Haiti,2024,October,190
Haiti,2024,November,225
Haiti,2024,December,140
Haiti,2024,Total,2830
Haiti,2025,January,305
Haiti,2025,February,170
Haiti,2025,March,170
Haiti,2025,April,275
Haiti,2025,May,355
Haiti,2025,June,565
Haiti,2025,July,865
Haiti,2025,August,630
Haiti,2025,September,305
Haiti,2025,October,395
Haiti,2025,November,250
Haiti,2025,December,475
Haiti,2025,Total,4755
Haiti,2026,January,335
Haiti,2026,February,150
Haiti,2026,March,215
Haiti,2026,April,320
Haiti,2026,May,340
Haiti,2026,Total,1360
Honduras,2023,January,10
Honduras,2023,February,10
Honduras,2023,March,50
Honduras,2023,April,40
Honduras,2023,May,45
Honduras,2023,June,40
Honduras,2023,July,40
Honduras,2023,August,45
Honduras,2023,September,25
Honduras,2023,October,40
Honduras,2023,November,15
Honduras,2023,December,15
Honduras,2023,Total,385
Honduras,2024,January,10
Honduras,2024,February,25
Honduras,2024,March,10
Honduras,2024,April,10
Honduras,2024,May,30
Honduras,2024,June,15
Honduras,2024,July,20
Honduras,2024,August,25
Honduras,2024,September,5
Honduras,2024,October,15
Honduras,2024,November,10
Honduras,2024,December,15
Honduras,2024,Total,190
Honduras,2025,January,15
Honduras,2025,February,10
Honduras,2025,March,
Honduras,2025,April,10
Honduras,2025,May,25
Honduras,2025,June,20
Honduras,2025,July,15
Honduras,2025,August,15
Honduras,2025,September,5
Honduras,2025,October,
Honduras,2025,November,
Honduras,2025,December,10
Honduras,2025,Total,135
Honduras,2026,January,
Honduras,2026,February,
Honduras,2026,March,
Honduras,2026,April,10
Honduras,2026,May,10
Honduras,2026,Total,25
Hong Kong,2023,January,505
Hong Kong,2023,February,515
Hong Kong,2023,March,480
Hong Kong,2023,April,560
Hong Kong,2023,May,750
Hong Kong,2023,June,705
Hong Kong,2023,July,765
Hong Kong,2023,August,870
Hong Kong,2023,September,415
Hong Kong,2023,October,330
Hong Kong,2023,November,395
Hong Kong,2023,December,285
Hong Kong,2023,Total,6580
Hong Kong,2024,January,325
Hong Kong,2024,February,250
Hong Kong,2024,March,165
Hong Kong,2024,April,340
Hong Kong,2024,May,315
Hong Kong,2024,June,345
Hong Kong,2024,July,470
Hong Kong,2024,August,295
Hong Kong,2024,September,175
Hong Kong,2024,October,120
Hong Kong,2024,November,125
Hong Kong,2024,December,120
Hong Kong,2024,Total,3045
Hong Kong,2025,January,80
Hong Kong,2025,February,85
Hong Kong,2025,March,85
Hong Kong,2025,April,75
Hong Kong,2025,May,120
Hong Kong,2025,June,130
Hong Kong,2025,July,130
Hong Kong,2025,August,215
Hong Kong,2025,September,60
Hong Kong,2025,October,65
Hong Kong,2025,November,25
Hong Kong,2025,December,25
Hong Kong,2025,Total,1095
Hong Kong,2026,January,20
Hong Kong,2026,February,25
Hong Kong,2026,March,35
Hong Kong,2026,April,50
Hong Kong,2026,May,75
Hong Kong,2026,Total,205
Hungary,2023,January,
Hungary,2023,February,
Hungary,2023,March,
Hungary,2023,April,5
Hungary,2023,May,15
Hungary,2023,June,10
Hungary,2023,July,20
Hungary,2023,August,5
Hungary,2023,September,10
Hungary,2023,October,
Hungary,2023,November,
Hungary,2023,December,
Hungary,2023,Total,75
Hungary,2024,January,
Hungary,2024,February,0
Hungary,2024,March,
Hungary,2024,April,
Hungary,2024,May,10
Hungary,2024,June,
Hungary,2024,July,15
Hungary,2024,August,25
Hungary,2024,September,
Hungary,2024,October,
Hungary,2024,November,
Hungary,2024,December,
Hungary,2024,Total,70
Hungary,2025,January,
Hungary,2025,February,
Hungary,2025,March,
Hungary,2025,April,
Hungary,2025,May,0
Hungary,2025,June,
Hungary,2025,July,
Hungary,2025,August,30
Hungary,2025,September,
Hungary,2025,October,0
Hungary,2025,November,
Hungary,2025,December,
Hungary,2025,Total,45
Hungary,2026,January,
Hungary,2026,February,0
Hungary,2026,March,10
Hungary,2026,April,
Hungary,2026,May,5
Hungary,2026,Total,20
Iceland,2023,January,
Iceland,2023,February,
Iceland,2023,March,
Iceland,2023,April,
Iceland,2023,May,0
Iceland,2023,June,
Iceland,2023,July,
Iceland,2023,August,
Iceland,2023,September,
Iceland,2023,October,
Iceland,2023,November,0
Iceland,2023,December,
Iceland,2023,Total,10
Iceland,2024,January,0
Iceland,2024,February,
Iceland,2024,March,
Iceland,2024,April,0
Iceland,2024,May,
Iceland,2024,June,
Iceland,2024,July,
Iceland,2024,August,
Iceland,2024,September,
Iceland,2024,October,
Iceland,2024,November,0
Iceland,2024,December,0
Iceland,2024,Total,20
Iceland,2025,January,
Iceland,2025,February,
Iceland,2025,March,
Iceland,2025,April,
Iceland,2025,May,
Iceland,2025,June,
Iceland,2025,July,0
Iceland,2025,August,5
Iceland,2025,September,
Iceland,2025,October,0
Iceland,2025,November,0
Iceland,2025,December,
Iceland,2025,Total,20
Iceland,2026,January,0
Iceland,2026,February,0
Iceland,2026,March,0
Iceland,2026,April,0
Iceland,2026,May,
Iceland,2026,Total,
India,2023,January,33095
India,2023,February,24195
India,2023,March,28050
India,2023,April,19155
India,2023,May,37220
India,2023,June,32680
India,2023,July,23775
India,2023,August,20995
India,2023,September,18580
India,2023,October,24100
India,2023,November,31910
India,2023,December,12655
India,2023,Total,306410
India,2024,January,18590
India,2024,February,25920
India,2024,March,4045
India,2024,April,7245
India,2024,May,12460
India,2024,June,8225
India,2024,July,11015
India,2024,August,11810
India,2024,September,6145
India,2024,October,8120
India,2024,November,7470
India,2024,December,5800
India,2024,Total,126850
India,2025,January,6215
India,2025,February,4990
India,2025,March,3565
India,2025,April,4290
India,2025,May,2965
India,2025,June,3775
India,2025,July,5555
India,2025,August,4705
India,2025,September,3045
India,2025,October,3370
India,2025,November,3625
India,2025,December,3770
India,2025,Total,49860
India,2026,January,2100
India,2026,February,1590
India,2026,March,2090
India,2026,April,2535
India,2026,May,1780
India,2026,Total,10100
Iran,2023,January,1295
Iran,2023,February,1025
Iran,2023,March,1435
Iran,2023,April,650
Iran,2023,May,1125
Iran,2023,June,2005
Iran,2023,July,1645
Iran,2023,August,1875
Iran,2023,September,1820
Iran,2023,October,915
Iran,2023,November,1190
Iran,2023,December,1105
Iran,2023,Total,16085
Iran,2024,January,1905
Iran,2024,February,1710
Iran,2024,March,625
Iran,2024,April,855
Iran,2024,May,1025
Iran,2024,June,560
Iran,2024,July,1370
Iran,2024,August,1440
Iran,2024,September,1155
Iran,2024,October,790
Iran,2024,November,1150
Iran,2024,December,1035
Iran,2024,Total,13625
Iran,2025,January,1160
Iran,2025,February,675
Iran,2025,March,695
Iran,2025,April,265
Iran,2025,May,255
Iran,2025,June,1110
Iran,2025,July,450
Iran,2025,August,555
Iran,2025,September,425
Iran,2025,October,430
Iran,2025,November,570
Iran,2025,December,430
Iran,2025,Total,7020
Iran,2026,January,220
Iran,2026,February,365
Iran,2026,March,130
Iran,2026,April,315
Iran,2026,May,145
Iran,2026,Total,1180
Iraq,2023,January,55
Iraq,2023,February,65
Iraq,2023,March,80
Iraq,2023,April,55
Iraq,2023,May,80
Iraq,2023,June,65
Iraq,2023,July,90
Iraq,2023,August,90
Iraq,2023,September,30
Iraq,2023,October,70
Iraq,2023,November,90
Iraq,2023,December,115
Iraq,2023,Total,885
Iraq,2024,January,65
Iraq,2024,February,45
Iraq,2024,March,70
Iraq,2024,April,35
Iraq,2024,May,40
Iraq,2024,June,45
Iraq,2024,July,30
Iraq,2024,August,20
Iraq,2024,September,20
Iraq,2024,October,35
Iraq,2024,November,35
Iraq,2024,December,25
Iraq,2024,Total,460
Iraq,2025,January,40
Iraq,2025,February,60
Iraq,2025,March,5
Iraq,2025,April,75
Iraq,2025,May,30
Iraq,2025,June,10
Iraq,2025,July,25
Iraq,2025,August,20
Iraq,2025,September,10
Iraq,2025,October,15
Iraq,2025,November,15
Iraq,2025,December,10
Iraq,2025,Total,320
Iraq,2026,January,10
Iraq,2026,February,10
Iraq,2026,March,20
Iraq,2026,April,10
Iraq,2026,May,
Iraq,2026,Total,55
Israel,2023,January,20
Israel,2023,February,15
Israel,2023,March,25
Israel,2023,April,35
Israel,2023,May,70
Israel,2023,June,100
Israel,2023,July,45
Israel,2023,August,30
Israel,2023,September,25
Israel,2023,October,20
Israel,2023,November,20
Israel,2023,December,10
Israel,2023,Total,405
Israel,2024,January,30
Israel,2024,February,5
Israel,2024,March,15
Israel,2024,April,45
Israel,2024,May,35
Israel,2024,June,20
Israel,2024,July,20
Israel,2024,August,20
Israel,2024,September,10
Israel,2024,October,10
Israel,2024,November,10
Israel,2024,December,10
Israel,2024,Total,225
Israel,2025,January,5
Israel,2025,February,10
Israel,2025,March,15
Israel,2025,April,30
Israel,2025,May,20
Israel,2025,June,15
Israel,2025,July,15
Israel,2025,August,35
Israel,2025,September,
Israel,2025,October,
Israel,2025,November,10
Israel,2025,December,
Israel,2025,Total,155
Israel,2026,January,5
Israel,2026,February,
Israel,2026,March,10
Israel,2026,April,30
Israel,2026,May,15
Israel,2026,Total,60
Italy,2023,January,35
Italy,2023,February,20
Italy,2023,March,55
Italy,2023,April,60
Italy,2023,May,255
Italy,2023,June,340
Italy,2023,July,185
Italy,2023,August,105
Italy,2023,September,35
Italy,2023,October,25
Italy,2023,November,50
Italy,2023,December,25
Italy,2023,Total,1195
Italy,2024,January,30
Italy,2024,February,35
Italy,2024,March,25
Italy,2024,April,100
Italy,2024,May,145
Italy,2024,June,165
Italy,2024,July,115
Italy,2024,August,175
Italy,2024,September,50
Italy,2024,October,45
Italy,2024,November,25
Italy,2024,December,35
Italy,2024,Total,950
Italy,2025,January,30
Italy,2025,February,25
Italy,2025,March,35
Italy,2025,April,75
Italy,2025,May,45
Italy,2025,June,50
Italy,2025,July,70
Italy,2025,August,385
Italy,2025,September,30
Italy,2025,October,25
Italy,2025,November,25
Italy,2025,December,25
Italy,2025,Total,820
Italy,2026,January,30
Italy,2026,February,15
Italy,2026,March,50
Italy,2026,April,135
Italy,2026,May,200
Italy,2026,Total,430
Jamaica,2023,January,150
Jamaica,2023,February,140
Jamaica,2023,March,210
Jamaica,2023,April,210
Jamaica,2023,May,220
Jamaica,2023,June,110
Jamaica,2023,July,235
Jamaica,2023,August,635
Jamaica,2023,September,195
Jamaica,2023,October,260
Jamaica,2023,November,165
Jamaica,2023,December,140
Jamaica,2023,Total,2670
Jamaica,2024,January,115
Jamaica,2024,February,125
Jamaica,2024,March,60
Jamaica,2024,April,55
Jamaica,2024,May,65
Jamaica,2024,June,170
Jamaica,2024,July,200
Jamaica,2024,August,165
Jamaica,2024,September,60
Jamaica,2024,October,55
Jamaica,2024,November,70
Jamaica,2024,December,90
Jamaica,2024,Total,1225
Jamaica,2025,January,75
Jamaica,2025,February,50
Jamaica,2025,March,35
Jamaica,2025,April,60
Jamaica,2025,May,50
Jamaica,2025,June,100
Jamaica,2025,July,75
Jamaica,2025,August,105
Jamaica,2025,September,65
Jamaica,2025,October,30
Jamaica,2025,November,30
Jamaica,2025,December,55
Jamaica,2025,Total,725
Jamaica,2026,January,50
Jamaica,2026,February,40
Jamaica,2026,March,30
Jamaica,2026,April,50
Jamaica,2026,May,50
Jamaica,2026,Total,215
Japan,2023,January,485
Japan,2023,February,485
Japan,2023,March,500
Japan,2023,April,320
Japan,2023,May,685
Japan,2023,June,1105
Japan,2023,July,880
Japan,2023,August,440
Japan,2023,September,215
Japan,2023,October,165
Japan,2023,November,410
Japan,2023,December,345
Japan,2023,Total,6045
Japan,2024,January,485
Japan,2024,February,180
Japan,2024,March,115
Japan,2024,April,400
Japan,2024,May,695
Japan,2024,June,415
Japan,2024,July,595
Japan,2024,August,905
Japan,2024,September,200
Japan,2024,October,225
Japan,2024,November,310
Japan,2024,December,330
Japan,2024,Total,4850
Japan,2025,January,475
Japan,2025,February,185
Japan,2025,March,225
Japan,2025,April,175
Japan,2025,May,125
Japan,2025,June,85
Japan,2025,July,245
Japan,2025,August,1530
Japan,2025,September,110
Japan,2025,October,230
Japan,2025,November,205
Japan,2025,December,180
Japan,2025,Total,3775
Japan,2026,January,290
Japan,2026,February,180
Japan,2026,March,235
Japan,2026,April,250
Japan,2026,May,410
Japan,2026,Total,1365
Jordan,2023,January,355
Jordan,2023,February,550
Jordan,2023,March,755
Jordan,2023,April,385
Jordan,2023,May,945
Jordan,2023,June,420
Jordan,2023,July,360
Jordan,2023,August,660
Jordan,2023,September,105
Jordan,2023,October,445
Jordan,2023,November,530
Jordan,2023,December,410
Jordan,2023,Total,5920
Jordan,2024,January,480
Jordan,2024,February,305
Jordan,2024,March,415
Jordan,2024,April,105
Jordan,2024,May,160
Jordan,2024,June,120
Jordan,2024,July,140
Jordan,2024,August,140
Jordan,2024,September,95
Jordan,2024,October,95
Jordan,2024,November,150
Jordan,2024,December,155
Jordan,2024,Total,2355
Jordan,2025,January,95
Jordan,2025,February,175
Jordan,2025,March,60
Jordan,2025,April,160
Jordan,2025,May,85
Jordan,2025,June,45
Jordan,2025,July,145
Jordan,2025,August,130
Jordan,2025,September,55
Jordan,2025,October,80
Jordan,2025,November,85
Jordan,2025,December,65
Jordan,2025,Total,1175
Jordan,2026,January,95
Jordan,2026,February,90
Jordan,2026,March,75
Jordan,2026,April,70
Jordan,2026,May,55
Jordan,2026,Total,385
Kazakhstan,2023,January,50
Kazakhstan,2023,February,20
Kazakhstan,2023,March,35
Kazakhstan,2023,April,25
Kazakhstan,2023,May,45
Kazakhstan,2023,June,50
Kazakhstan,2023,July,30
Kazakhstan,2023,August,100
Kazakhstan,2023,September,90
Kazakhstan,2023,October,55
Kazakhstan,2023,November,45
Kazakhstan,2023,December,35
Kazakhstan,2023,Total,580
Kazakhstan,2024,January,25
Kazakhstan,2024,February,20
Kazakhstan,2024,March,25
Kazakhstan,2024,April,35
Kazakhstan,2024,May,30
Kazakhstan,2024,June,40
Kazakhstan,2024,July,90
Kazakhstan,2024,August,40
Kazakhstan,2024,September,25
Kazakhstan,2024,October,10
Kazakhstan,2024,November,20
Kazakhstan,2024,December,15
Kazakhstan,2024,Total,370
Kazakhstan,2025,January,10
Kazakhstan,2025,February,20
Kazakhstan,2025,March,15
Kazakhstan,2025,April,20
Kazakhstan,2025,May,30
Kazakhstan,2025,June,35
Kazakhstan,2025,July,60
Kazakhstan,2025,August,45
Kazakhstan,2025,September,20
Kazakhstan,2025,October,5
Kazakhstan,2025,November,5
Kazakhstan,2025,December,15
Kazakhstan,2025,Total,285
Kazakhstan,2026,January,10
Kazakhstan,2026,February,15
Kazakhstan,2026,March,5
Kazakhstan,2026,April,20
Kazakhstan,2026,May,20
Kazakhstan,2026,Total,65
Kenya,2023,January,425
Kenya,2023,February,400
Kenya,2023,March,320
Kenya,2023,April,465
Kenya,2023,May,405
Kenya,2023,June,420
Kenya,2023,July,440
Kenya,2023,August,415
Kenya,2023,September,360
Kenya,2023,October,295
Kenya,2023,November,405
Kenya,2023,December,360
Kenya,2023,Total,4715
Kenya,2024,January,375
Kenya,2024,February,200
Kenya,2024,March,115
Kenya,2024,April,175
Kenya,2024,May,260
Kenya,2024,June,375
Kenya,2024,July,355
Kenya,2024,August,380
Kenya,2024,September,200
Kenya,2024,October,145
Kenya,2024,November,185
Kenya,2024,December,185
Kenya,2024,Total,2950
Kenya,2025,January,235
Kenya,2025,February,125
Kenya,2025,March,125
Kenya,2025,April,145
Kenya,2025,May,165
Kenya,2025,June,180
Kenya,2025,July,180
Kenya,2025,August,225
Kenya,2025,September,180
Kenya,2025,October,135
Kenya,2025,November,90
Kenya,2025,December,205
Kenya,2025,Total,1985
Kenya,2026,January,170
Kenya,2026,February,120
Kenya,2026,March,125
Kenya,2026,April,205
Kenya,2026,May,210
Kenya,2026,Total,830
"Korea, People's Democratic Republic of",2023,January,
"Korea, People's Democratic Republic of",2023,February,0
"Korea, People's Democratic Republic of",2023,March,0
"Korea, People's Democratic Republic of",2023,April,0
"Korea, People's Democratic Republic of",2023,May,0
"Korea, People's Democratic Republic of",2023,June,
"Korea, People's Democratic Republic of",2023,July,0
"Korea, People's Democratic Republic of",2023,August,0
"Korea, People's Democratic Republic of",2023,September,0
"Korea, People's Democratic Republic of",2023,October,0
"Korea, People's Democratic Republic of",2023,November,0
"Korea, People's Democratic Republic of",2023,December,0
"Korea, People's Democratic Republic of",2023,Total,
"Korea, People's Democratic Republic of",2024,January,
"Korea, People's Democratic Republic of",2024,February,0
"Korea, People's Democratic Republic of",2024,March,0
"Korea, People's Democratic Republic of",2024,April,0
"Korea, People's Democratic Republic of",2024,May,0
"Korea, People's Democratic Republic of",2024,June,0
"Korea, People's Democratic Republic of",2024,July,0
"Korea, People's Democratic Republic of",2024,August,0
"Korea, People's Democratic Republic of",2024,September,0
"Korea, People's Democratic Republic of",2024,October,0
"Korea, People's Democratic Republic of",2024,November,0
"Korea, People's Democratic Republic of",2024,December,0
"Korea, People's Democratic Republic of",2024,Total,
"Korea, People's Democratic Republic of",2025,January,0
"Korea, People's Democratic Republic of",2025,February,0
"Korea, People's Democratic Republic of",2025,March,0
"Korea, People's Democratic Republic of",2025,April,0
"Korea, People's Democratic Republic of",2025,May,0
"Korea, People's Democratic Republic of",2025,June,0
"Korea, People's Democratic Republic of",2025,July,0
"Korea, People's Democratic Republic of",2025,August,0
"Korea, People's Democratic Republic of",2025,September,0
"Korea, People's Democratic Republic of",2025,October,0
"Korea, People's Democratic Republic of",2025,November,0
"Korea, People's Democratic Republic of",2025,December,0
"Korea, People's Democratic Republic of",2025,Total,0
"Korea, People's Democratic Republic of",2026,January,0
"Korea, People's Democratic Republic of",2026,February,0
"Korea, People's Democratic Republic of",2026,March,0
"Korea, People's Democratic Republic of",2026,April,0
"Korea, People's Democratic Republic of",2026,May,0
"Korea, People's Democratic Republic of",2026,Total,0
"Korea, Republic of",2023,January,470
"Korea, Republic of",2023,February,300
"Korea, Republic of",2023,March,365
"Korea, Republic of",2023,April,320
"Korea, Republic of",2023,May,800
"Korea, Republic of",2023,June,985
"Korea, Republic of",2023,July,830
"Korea, Republic of",2023,August,530
"Korea, Republic of",2023,September,330
"Korea, Republic of",2023,October,230
"Korea, Republic of",2023,November,660
"Korea, Republic of",2023,December,300
"Korea, Republic of",2023,Total,6115
"Korea, Republic of",2024,January,370
"Korea, Republic of",2024,February,170
"Korea, Republic of",2024,March,130
"Korea, Republic of",2024,April,505
"Korea, Republic of",2024,May,765
"Korea, Republic of",2024,June,260
"Korea, Republic of",2024,July,335
"Korea, Republic of",2024,August,970
"Korea, Republic of",2024,September,380
"Korea, Republic of",2024,October,415
"Korea, Republic of",2024,November,480
"Korea, Republic of",2024,December,360
"Korea, Republic of",2024,Total,5145
"Korea, Republic of",2025,January,330
"Korea, Republic of",2025,February,220
"Korea, Republic of",2025,March,320
"Korea, Republic of",2025,April,225
"Korea, Republic of",2025,May,185
"Korea, Republic of",2025,June,170
"Korea, Republic of",2025,July,225
"Korea, Republic of",2025,August,1570
"Korea, Republic of",2025,September,290
"Korea, Republic of",2025,October,360
"Korea, Republic of",2025,November,380
"Korea, Republic of",2025,December,230
"Korea, Republic of",2025,Total,4505
"Korea, Republic of",2026,January,370
"Korea, Republic of",2026,February,205
"Korea, Republic of",2026,March,320
"Korea, Republic of",2026,April,405
"Korea, Republic of",2026,May,460
"Korea, Republic of",2026,Total,1760
"Kosovo, Republic of",2023,January,
"Kosovo, Republic of",2023,February,5
"Kosovo, Republic of",2023,March,10
"Kosovo, Republic of",2023,April,10
"Kosovo, Republic of",2023,May,5
"Kosovo, Republic of",2023,June,15
"Kosovo, Republic of",2023,July,15
"Kosovo, Republic of",2023,August,15
"Kosovo, Republic of",2023,September,5
"Kosovo, Republic of",2023,October,
"Kosovo, Republic of",2023,November,
"Kosovo, Republic of",2023,December,10
"Kosovo, Republic of",2023,Total,95
"Kosovo, Republic of",2024,January,10
"Kosovo, Republic of",2024,February,5
"Kosovo, Republic of",2024,March,5
"Kosovo, Republic of",2024,April,
"Kosovo, Republic of",2024,May,
"Kosovo, Republic of",2024,June,
"Kosovo, Republic of",2024,July,
"Kosovo, Republic of",2024,August,10
"Kosovo, Republic of",2024,September,
"Kosovo, Republic of",2024,October,0
"Kosovo, Republic of",2024,November,10
"Kosovo, Republic of",2024,December,0
"Kosovo, Republic of",2024,Total,55
"Kosovo, Republic of",2025,January,5
"Kosovo, Republic of",2025,February,0
"Kosovo, Republic of",2025,March,0
"Kosovo, Republic of",2025,April,0
"Kosovo, Republic of",2025,May,
"Kosovo, Republic of",2025,June,
"Kosovo, Republic of",2025,July,5
"Kosovo, Republic of",2025,August,5
"Kosovo, Republic of",2025,September,
"Kosovo, Republic of",2025,October,
"Kosovo, Republic of",2025,November,0
"Kosovo, Republic of",2025,December,10
"Kosovo, Republic of",2025,Total,35
"Kosovo, Republic of",2026,January,
"Kosovo, Republic of",2026,February,0
"Kosovo, Republic of",2026,March,0
"Kosovo, Republic of",2026,April,0
"Kosovo, Republic of",2026,May,
"Kosovo, Republic of",2026,Total,5
Kuwait,2023,January,5
Kuwait,2023,February,
Kuwait,2023,March,0
Kuwait,2023,April,5
Kuwait,2023,May,10
Kuwait,2023,June,20
Kuwait,2023,July,30
Kuwait,2023,August,100
Kuwait,2023,September,10
Kuwait,2023,October,5
Kuwait,2023,November,
Kuwait,2023,December,
Kuwait,2023,Total,195
Kuwait,2024,January,0
Kuwait,2024,February,
Kuwait,2024,March,0
Kuwait,2024,April,
Kuwait,2024,May,10
Kuwait,2024,June,5
Kuwait,2024,July,20
Kuwait,2024,August,25
Kuwait,2024,September,
Kuwait,2024,October,5
Kuwait,2024,November,
Kuwait,2024,December,
Kuwait,2024,Total,80
Kuwait,2025,January,
Kuwait,2025,February,
Kuwait,2025,March,0
Kuwait,2025,April,
Kuwait,2025,May,15
Kuwait,2025,June,
Kuwait,2025,July,20
Kuwait,2025,August,10
Kuwait,2025,September,0
Kuwait,2025,October,
Kuwait,2025,November,
Kuwait,2025,December,
Kuwait,2025,Total,55
Kuwait,2026,January,10
Kuwait,2026,February,0
Kuwait,2026,March,5
Kuwait,2026,April,
Kuwait,2026,May,5
Kuwait,2026,Total,25
Kyrgyzstan,2023,January,5
Kyrgyzstan,2023,February,
Kyrgyzstan,2023,March,10
Kyrgyzstan,2023,April,10
Kyrgyzstan,2023,May,10
Kyrgyzstan,2023,June,10
Kyrgyzstan,2023,July,10
Kyrgyzstan,2023,August,45
Kyrgyzstan,2023,September,20
Kyrgyzstan,2023,October,10
Kyrgyzstan,2023,November,25
Kyrgyzstan,2023,December,15
Kyrgyzstan,2023,Total,165
Kyrgyzstan,2024,January,
Kyrgyzstan,2024,February,5
Kyrgyzstan,2024,March,
Kyrgyzstan,2024,April,5
Kyrgyzstan,2024,May,10
Kyrgyzstan,2024,June,5
Kyrgyzstan,2024,July,20
Kyrgyzstan,2024,August,10
Kyrgyzstan,2024,September,10
Kyrgyzstan,2024,October,15
Kyrgyzstan,2024,November,10
Kyrgyzstan,2024,December,5
Kyrgyzstan,2024,Total,105
Kyrgyzstan,2025,January,10
Kyrgyzstan,2025,February,
Kyrgyzstan,2025,March,
Kyrgyzstan,2025,April,5
Kyrgyzstan,2025,May,10
Kyrgyzstan,2025,June,10
Kyrgyzstan,2025,July,10
Kyrgyzstan,2025,August,5
Kyrgyzstan,2025,September,
Kyrgyzstan,2025,October,
Kyrgyzstan,2025,November,
Kyrgyzstan,2025,December,
Kyrgyzstan,2025,Total,65
Kyrgyzstan,2026,January,
Kyrgyzstan,2026,February,
Kyrgyzstan,2026,March,
Kyrgyzstan,2026,April,
Kyrgyzstan,2026,May,
Kyrgyzstan,2026,Total,10
Laos,2023,January,
Laos,2023,February,0
Laos,2023,March,
Laos,2023,April,
Laos,2023,May,0
Laos,2023,June,
Laos,2023,July,
Laos,2023,August,5
Laos,2023,September,0
Laos,2023,October,
Laos,2023,November,
Laos,2023,December,
Laos,2023,Total,25
Laos,2024,January,
Laos,2024,February,0
Laos,2024,March,
Laos,2024,April,0
Laos,2024,May,
Laos,2024,June,0
Laos,2024,July,
Laos,2024,August,5
Laos,2024,September,5
Laos,2024,October,0
Laos,2024,November,
Laos,2024,December,
Laos,2024,Total,20
Laos,2025,January,0
Laos,2025,February,
Laos,2025,March,
Laos,2025,April,0
Laos,2025,May,
Laos,2025,June,
Laos,2025,July,
Laos,2025,August,0
Laos,2025,September,
Laos,2025,October,0
Laos,2025,November,
Laos,2025,December,
Laos,2025,Total,10
Laos,2026,January,0
Laos,2026,February,0
Laos,2026,March,
Laos,2026,April,
Laos,2026,May,
Laos,2026,Total,
Latvia,2023,January,0
Latvia,2023,February,0
Latvia,2023,March,0
Latvia,2023,April,0
Latvia,2023,May,0
Latvia,2023,June,
Latvia,2023,July,
Latvia,2023,August,10
Latvia,2023,September,5
Latvia,2023,October,
Latvia,2023,November,
Latvia,2023,December,
Latvia,2023,Total,20
Latvia,2024,January,0
Latvia,2024,February,0
Latvia,2024,March,0
Latvia,2024,April,0
Latvia,2024,May,0
Latvia,2024,June,0
Latvia,2024,July,5
Latvia,2024,August,5
Latvia,2024,September,
Latvia,2024,October,0
Latvia,2024,November,0
Latvia,2024,December,
Latvia,2024,Total,15
Latvia,2025,January,0
Latvia,2025,February,0
Latvia,2025,March,
Latvia,2025,April,0
Latvia,2025,May,
Latvia,2025,June,0
Latvia,2025,July,0
Latvia,2025,August,15
Latvia,2025,September,
Latvia,2025,October,
Latvia,2025,November,0
Latvia,2025,December,
Latvia,2025,Total,25
Latvia,2026,January,0
Latvia,2026,February,0
Latvia,2026,March,0
Latvia,2026,April,0
Latvia,2026,May,
Latvia,2026,Total,
Lebanon,2023,January,75
Lebanon,2023,February,135
Lebanon,2023,March,80
Lebanon,2023,April,100
Lebanon,2023,May,115
Lebanon,2023,June,170
Lebanon,2023,July,145
Lebanon,2023,August,130
Lebanon,2023,September,80
Lebanon,2023,October,40
Lebanon,2023,November,60
Lebanon,2023,December,75
Lebanon,2023,Total,1200
Lebanon,2024,January,110
Lebanon,2024,February,45
Lebanon,2024,March,55
Lebanon,2024,April,35
Lebanon,2024,May,80
Lebanon,2024,June,95
Lebanon,2024,July,65
Lebanon,2024,August,60
Lebanon,2024,September,80
Lebanon,2024,October,50
Lebanon,2024,November,35
Lebanon,2024,December,45
Lebanon,2024,Total,770
Lebanon,2025,January,35
Lebanon,2025,February,25
Lebanon,2025,March,20
Lebanon,2025,April,10
Lebanon,2025,May,25
Lebanon,2025,June,50
Lebanon,2025,July,50
Lebanon,2025,August,50
Lebanon,2025,September,30
Lebanon,2025,October,10
Lebanon,2025,November,20
Lebanon,2025,December,20
Lebanon,2025,Total,345
Lebanon,2026,January,10
Lebanon,2026,February,10
Lebanon,2026,March,15
Lebanon,2026,April,15
Lebanon,2026,May,25
Lebanon,2026,Total,80
Lesotho,2023,January,
Lesotho,2023,February,
Lesotho,2023,March,0
Lesotho,2023,April,
Lesotho,2023,May,
Lesotho,2023,June,0
Lesotho,2023,July,0
Lesotho,2023,August,
Lesotho,2023,September,
Lesotho,2023,October,
Lesotho,2023,November,0
Lesotho,2023,December,
Lesotho,2023,Total,15
Lesotho,2024,January,0
Lesotho,2024,February,
Lesotho,2024,March,0
Lesotho,2024,April,
Lesotho,2024,May,0
Lesotho,2024,June,
Lesotho,2024,July,0
Lesotho,2024,August,5
Lesotho,2024,September,0
Lesotho,2024,October,0
Lesotho,2024,November,0
Lesotho,2024,December,
Lesotho,2024,Total,10
Lesotho,2025,January,
Lesotho,2025,February,0
Lesotho,2025,March,0
Lesotho,2025,April,
Lesotho,2025,May,
Lesotho,2025,June,0
Lesotho,2025,July,
Lesotho,2025,August,0
Lesotho,2025,September,
Lesotho,2025,October,0
Lesotho,2025,November,0
Lesotho,2025,December,0
Lesotho,2025,Total,5
Lesotho,2026,January,0
Lesotho,2026,February,0
Lesotho,2026,March,0
Lesotho,2026,April,0
Lesotho,2026,May,
Lesotho,2026,Total,
Liberia,2023,January,5
Liberia,2023,February,20
Liberia,2023,March,35
Liberia,2023,April,15
Liberia,2023,May,40
Liberia,2023,June,25
Liberia,2023,July,20
Liberia,2023,August,45
Liberia,2023,September,30
Liberia,2023,October,50
Liberia,2023,November,90
Liberia,2023,December,35
Liberia,2023,Total,415
Liberia,2024,January,25
Liberia,2024,February,75
Liberia,2024,March,45
Liberia,2024,April,20
Liberia,2024,May,40
Liberia,2024,June,50
Liberia,2024,July,35
Liberia,2024,August,45
Liberia,2024,September,45
Liberia,2024,October,110
Liberia,2024,November,65
Liberia,2024,December,65
Liberia,2024,Total,620
Liberia,2025,January,40
Liberia,2025,February,70
Liberia,2025,March,65
Liberia,2025,April,40
Liberia,2025,May,35
Liberia,2025,June,25
Liberia,2025,July,35
Liberia,2025,August,45
Liberia,2025,September,30
Liberia,2025,October,20
Liberia,2025,November,30
Liberia,2025,December,35
Liberia,2025,Total,465
Liberia,2026,January,30
Liberia,2026,February,25
Liberia,2026,March,15
Liberia,2026,April,10
Liberia,2026,May,25
Liberia,2026,Total,105
Libya,2023,January,25
Libya,2023,February,20
Libya,2023,March,10
Libya,2023,April,10
Libya,2023,May,20
Libya,2023,June,20
Libya,2023,July,40
Libya,2023,August,35
Libya,2023,September,25
Libya,2023,October,55
Libya,2023,November,35
Libya,2023,December,5
Libya,2023,Total,300
Libya,2024,January,25
Libya,2024,February,15
Libya,2024,March,5
Libya,2024,April,
Libya,2024,May,
Libya,2024,June,5
Libya,2024,July,15
Libya,2024,August,30
Libya,2024,September,15
Libya,2024,October,15
Libya,2024,November,25
Libya,2024,December,5
Libya,2024,Total,165
Libya,2025,January,
Libya,2025,February,10
Libya,2025,March,10
Libya,2025,April,5
Libya,2025,May,15
Libya,2025,June,10
Libya,2025,July,15
Libya,2025,August,20
Libya,2025,September,10
Libya,2025,October,15
Libya,2025,November,25
Libya,2025,December,25
Libya,2025,Total,160
Libya,2026,January,10
Libya,2026,February,10
Libya,2026,March,10
Libya,2026,April,20
Libya,2026,May,20
Libya,2026,Total,75
Liechtenstein,2023,January,0
Liechtenstein,2023,February,
Liechtenstein,2023,March,0
Liechtenstein,2023,April,0
Liechtenstein,2023,May,0
Liechtenstein,2023,June,0
Liechtenstein,2023,July,0
Liechtenstein,2023,August,
Liechtenstein,2023,September,0
Liechtenstein,2023,October,0
Liechtenstein,2023,November,0
Liechtenstein,2023,December,0
Liechtenstein,2023,Total,
Liechtenstein,2024,January,0
Liechtenstein,2024,February,0
Liechtenstein,2024,March,0
Liechtenstein,2024,April,0
Liechtenstein,2024,May,0
Liechtenstein,2024,June,0
Liechtenstein,2024,July,0
Liechtenstein,2024,August,0
Liechtenstein,2024,September,0
Liechtenstein,2024,October,0
Liechtenstein,2024,November,0
Liechtenstein,2024,December,0
Liechtenstein,2024,Total,0
Liechtenstein,2025,January,0
Liechtenstein,2025,February,0
Liechtenstein,2025,March,0
Liechtenstein,2025,April,0
Liechtenstein,2025,May,0
Liechtenstein,2025,June,0
Liechtenstein,2025,July,0
Liechtenstein,2025,August,0
Liechtenstein,2025,September,0
Liechtenstein,2025,October,0
Liechtenstein,2025,November,0
Liechtenstein,2025,December,0
Liechtenstein,2025,Total,0
Liechtenstein,2026,January,0
Liechtenstein,2026,February,0
Liechtenstein,2026,March,0
Liechtenstein,2026,April,0
Liechtenstein,2026,May,0
Liechtenstein,2026,Total,0
Lithuania,2023,January,0
Lithuania,2023,February,0
Lithuania,2023,March,0
Lithuania,2023,April,0
Lithuania,2023,May,0
Lithuania,2023,June,
Lithuania,2023,July,0
Lithuania,2023,August,5
Lithuania,2023,September,
Lithuania,2023,October,
Lithuania,2023,November,0
Lithuania,2023,December,
Lithuania,2023,Total,10
Lithuania,2024,January,
Lithuania,2024,February,0
Lithuania,2024,March,0
Lithuania,2024,April,
Lithuania,2024,May,
Lithuania,2024,June,
Lithuania,2024,July,
Lithuania,2024,August,
Lithuania,2024,September,
Lithuania,2024,October,0
Lithuania,2024,November,0
Lithuania,2024,December,0
Lithuania,2024,Total,15
Lithuania,2025,January,
Lithuania,2025,February,0
Lithuania,2025,March,0
Lithuania,2025,April,
Lithuania,2025,May,
Lithuania,2025,June,0
Lithuania,2025,July,0
Lithuania,2025,August,10
Lithuania,2025,September,
Lithuania,2025,October,
Lithuania,2025,November,0
Lithuania,2025,December,0
Lithuania,2025,Total,15
Lithuania,2026,January,0
Lithuania,2026,February,0
Lithuania,2026,March,0
Lithuania,2026,April,
Lithuania,2026,May,
Lithuania,2026,Total,
Luxembourg,2023,January,
Luxembourg,2023,February,0
Luxembourg,2023,March,
Luxembourg,2023,April,0
Luxembourg,2023,May,
Luxembourg,2023,June,5
Luxembourg,2023,July,10
Luxembourg,2023,August,
Luxembourg,2023,September,5
Luxembourg,2023,October,
Luxembourg,2023,November,0
Luxembourg,2023,December,0
Luxembourg,2023,Total,30
Luxembourg,2024,January,0
Luxembourg,2024,February,
Luxembourg,2024,March,0
Luxembourg,2024,April,
Luxembourg,2024,May,5
Luxembourg,2024,June,
Luxembourg,2024,July,
Luxembourg,2024,August,10
Luxembourg,2024,September,
Luxembourg,2024,October,0
Luxembourg,2024,November,0
Luxembourg,2024,December,0
Luxembourg,2024,Total,30
Luxembourg,2025,January,
Luxembourg,2025,February,0
Luxembourg,2025,March,0
Luxembourg,2025,April,
Luxembourg,2025,May,
Luxembourg,2025,June,0
Luxembourg,2025,July,0
Luxembourg,2025,August,15
Luxembourg,2025,September,0
Luxembourg,2025,October,
Luxembourg,2025,November,0
Luxembourg,2025,December,
Luxembourg,2025,Total,20
Luxembourg,2026,January,0
Luxembourg,2026,February,
Luxembourg,2026,March,
Luxembourg,2026,April,
Luxembourg,2026,May,5
Luxembourg,2026,Total,10
Macao,2023,January,
Macao,2023,February,
Macao,2023,March,
Macao,2023,April,
Macao,2023,May,5
Macao,2023,June,10
Macao,2023,July,15
Macao,2023,August,30
Macao,2023,September,
Macao,2023,October,
Macao,2023,November,
Macao,2023,December,
Macao,2023,Total,80
Macao,2024,January,
Macao,2024,February,
Macao,2024,March,
Macao,2024,April,
Macao,2024,May,10
Macao,2024,June,10
Macao,2024,July,10
Macao,2024,August,5
Macao,2024,September,
Macao,2024,October,5
Macao,2024,November,0
Macao,2024,December,
Macao,2024,Total,55
Macao,2025,January,
Macao,2025,February,
Macao,2025,March,
Macao,2025,April,
Macao,2025,May,5
Macao,2025,June,
Macao,2025,July,10
Macao,2025,August,10
Macao,2025,September,0
Macao,2025,October,5
Macao,2025,November,
Macao,2025,December,
Macao,2025,Total,45
Macao,2026,January,
Macao,2026,February,
Macao,2026,March,
Macao,2026,April,
Macao,2026,May,
Macao,2026,Total,10
Macedonia,2023,January,0
Macedonia,2023,February,
Macedonia,2023,March,
Macedonia,2023,April,5
Macedonia,2023,May,
Macedonia,2023,June,
Macedonia,2023,July,5
Macedonia,2023,August,5
Macedonia,2023,September,
Macedonia,2023,October,
Macedonia,2023,November,15
Macedonia,2023,December,
Macedonia,2023,Total,45
Macedonia,2024,January,
Macedonia,2024,February,0
Macedonia,2024,March,
Macedonia,2024,April,
Macedonia,2024,May,
Macedonia,2024,June,0
Macedonia,2024,July,
Macedonia,2024,August,
Macedonia,2024,September,
Macedonia,2024,October,5
Macedonia,2024,November,
Macedonia,2024,December,
Macedonia,2024,Total,25
Macedonia,2025,January,
Macedonia,2025,February,
Macedonia,2025,March,
Macedonia,2025,April,
Macedonia,2025,May,
Macedonia,2025,June,
Macedonia,2025,July,0
Macedonia,2025,August,
Macedonia,2025,September,
Macedonia,2025,October,
Macedonia,2025,November,0
Macedonia,2025,December,
Macedonia,2025,Total,20
Macedonia,2026,January,
Macedonia,2026,February,5
Macedonia,2026,March,
Macedonia,2026,April,
Macedonia,2026,May,
Macedonia,2026,Total,10
Madagascar,2023,January,45
Madagascar,2023,February,50
Madagascar,2023,March,60
Madagascar,2023,April,45
Madagascar,2023,May,125
Madagascar,2023,June,80
Madagascar,2023,July,40
Madagascar,2023,August,95
Madagascar,2023,September,90
Madagascar,2023,October,35
Madagascar,2023,November,80
Madagascar,2023,December,35
Madagascar,2023,Total,770
Madagascar,2024,January,35
Madagascar,2024,February,20
Madagascar,2024,March,30
Madagascar,2024,April,50
Madagascar,2024,May,75
Madagascar,2024,June,105
Madagascar,2024,July,90
Madagascar,2024,August,120
Madagascar,2024,September,45
Madagascar,2024,October,45
Madagascar,2024,November,70
Madagascar,2024,December,70
Madagascar,2024,Total,755
Madagascar,2025,January,30
Madagascar,2025,February,30
Madagascar,2025,March,45
Madagascar,2025,April,35
Madagascar,2025,May,70
Madagascar,2025,June,60
Madagascar,2025,July,60
Madagascar,2025,August,65
Madagascar,2025,September,35
Madagascar,2025,October,55
Madagascar,2025,November,35
Madagascar,2025,December,30
Madagascar,2025,Total,550
Madagascar,2026,January,45
Madagascar,2026,February,30
Madagascar,2026,March,30
Madagascar,2026,April,30
Madagascar,2026,May,40
Madagascar,2026,Total,180
Malawi,2023,January,5
Malawi,2023,February,
Malawi,2023,March,5
Malawi,2023,April,
Malawi,2023,May,10
Malawi,2023,June,15
Malawi,2023,July,
Malawi,2023,August,20
Malawi,2023,September,10
Malawi,2023,October,5
Malawi,2023,November,15
Malawi,2023,December,
Malawi,2023,Total,105
Malawi,2024,January,
Malawi,2024,February,5
Malawi,2024,March,
Malawi,2024,April,
Malawi,2024,May,5
Malawi,2024,June,5
Malawi,2024,July,5
Malawi,2024,August,5
Malawi,2024,September,10
Malawi,2024,October,
Malawi,2024,November,10
Malawi,2024,December,10
Malawi,2024,Total,75
Malawi,2025,January,5
Malawi,2025,February,5
Malawi,2025,March,5
Malawi,2025,April,
Malawi,2025,May,5
Malawi,2025,June,5
Malawi,2025,July,
Malawi,2025,August,5
Malawi,2025,September,5
Malawi,2025,October,10
Malawi,2025,November,
Malawi,2025,December,
Malawi,2025,Total,60
Malawi,2026,January,
Malawi,2026,February,10
Malawi,2026,March,
Malawi,2026,April,
Malawi,2026,May,10
Malawi,2026,Total,25
Malaysia,2023,January,35
Malaysia,2023,February,25
Malaysia,2023,March,20
Malaysia,2023,April,30
Malaysia,2023,May,30
Malaysia,2023,June,45
Malaysia,2023,July,125
Malaysia,2023,August,70
Malaysia,2023,September,25
Malaysia,2023,October,30
Malaysia,2023,November,30
Malaysia,2023,December,20
Malaysia,2023,Total,475
Malaysia,2024,January,15
Malaysia,2024,February,15
Malaysia,2024,March,30
Malaysia,2024,April,20
Malaysia,2024,May,40
Malaysia,2024,June,25
Malaysia,2024,July,60
Malaysia,2024,August,25
Malaysia,2024,September,15
Malaysia,2024,October,15
Malaysia,2024,November,10
Malaysia,2024,December,15
Malaysia,2024,Total,290
Malaysia,2025,January,5
Malaysia,2025,February,5
Malaysia,2025,March,5
Malaysia,2025,April,10
Malaysia,2025,May,15
Malaysia,2025,June,25
Malaysia,2025,July,50
Malaysia,2025,August,40
Malaysia,2025,September,20
Malaysia,2025,October,
Malaysia,2025,November,5
Malaysia,2025,December,10
Malaysia,2025,Total,195
Malaysia,2026,January,
Malaysia,2026,February,10
Malaysia,2026,March,15
Malaysia,2026,April,15
Malaysia,2026,May,15
Malaysia,2026,Total,60
"Maldives, Republic of",2023,January,
"Maldives, Republic of",2023,February,0
"Maldives, Republic of",2023,March,
"Maldives, Republic of",2023,April,
"Maldives, Republic of",2023,May,
"Maldives, Republic of",2023,June,
"Maldives, Republic of",2023,July,
"Maldives, Republic of",2023,August,
"Maldives, Republic of",2023,September,0
"Maldives, Republic of",2023,October,
"Maldives, Republic of",2023,November,0
"Maldives, Republic of",2023,December,
"Maldives, Republic of",2023,Total,10
"Maldives, Republic of",2024,January,0
"Maldives, Republic of",2024,February,
"Maldives, Republic of",2024,March,
"Maldives, Republic of",2024,April,
"Maldives, Republic of",2024,May,
"Maldives, Republic of",2024,June,0
"Maldives, Republic of",2024,July,
"Maldives, Republic of",2024,August,
"Maldives, Republic of",2024,September,
"Maldives, Republic of",2024,October,0
"Maldives, Republic of",2024,November,
"Maldives, Republic of",2024,December,0
"Maldives, Republic of",2024,Total,10
"Maldives, Republic of",2025,January,0
"Maldives, Republic of",2025,February,0
"Maldives, Republic of",2025,March,0
"Maldives, Republic of",2025,April,0
"Maldives, Republic of",2025,May,0
"Maldives, Republic of",2025,June,0
"Maldives, Republic of",2025,July,
"Maldives, Republic of",2025,August,0
"Maldives, Republic of",2025,September,0
"Maldives, Republic of",2025,October,0
"Maldives, Republic of",2025,November,
"Maldives, Republic of",2025,December,
"Maldives, Republic of",2025,Total,
"Maldives, Republic of",2026,January,0
"Maldives, Republic of",2026,February,0
"Maldives, Republic of",2026,March,
"Maldives, Republic of",2026,April,0
"Maldives, Republic of",2026,May,0
"Maldives, Republic of",2026,Total,
"Mali, Republic of",2023,January,85
"Mali, Republic of",2023,February,290
"Mali, Republic of",2023,March,110
"Mali, Republic of",2023,April,220
"Mali, Republic of",2023,May,350
"Mali, Republic of",2023,June,220
"Mali, Republic of",2023,July,170
"Mali, Republic of",2023,August,230
"Mali, Republic of",2023,September,90
"Mali, Republic of",2023,October,155
"Mali, Republic of",2023,November,160
"Mali, Republic of",2023,December,255
"Mali, Republic of",2023,Total,2330
"Mali, Republic of",2024,January,270
"Mali, Republic of",2024,February,160
"Mali, Republic of",2024,March,120
"Mali, Republic of",2024,April,150
"Mali, Republic of",2024,May,210
"Mali, Republic of",2024,June,230
"Mali, Republic of",2024,July,280
"Mali, Republic of",2024,August,235
"Mali, Republic of",2024,September,175
"Mali, Republic of",2024,October,170
"Mali, Republic of",2024,November,140
"Mali, Republic of",2024,December,195
"Mali, Republic of",2024,Total,2335
"Mali, Republic of",2025,January,120
"Mali, Republic of",2025,February,105
"Mali, Republic of",2025,March,75
"Mali, Republic of",2025,April,110
"Mali, Republic of",2025,May,95
"Mali, Republic of",2025,June,115
"Mali, Republic of",2025,July,80
"Mali, Republic of",2025,August,140
"Mali, Republic of",2025,September,55
"Mali, Republic of",2025,October,65
"Mali, Republic of",2025,November,90
"Mali, Republic of",2025,December,65
"Mali, Republic of",2025,Total,1120
"Mali, Republic of",2026,January,65
"Mali, Republic of",2026,February,35
"Mali, Republic of",2026,March,60
"Mali, Republic of",2026,April,45
"Mali, Republic of",2026,May,60
"Mali, Republic of",2026,Total,265
Malta,2023,January,0
Malta,2023,February,0
Malta,2023,March,
Malta,2023,April,
Malta,2023,May,
Malta,2023,June,0
Malta,2023,July,0
Malta,2023,August,
Malta,2023,September,0
Malta,2023,October,0
Malta,2023,November,0
Malta,2023,December,0
Malta,2023,Total,5
Malta,2024,January,0
Malta,2024,February,0
Malta,2024,March,0
Malta,2024,April,0
Malta,2024,May,0
Malta,2024,June,0
Malta,2024,July,0
Malta,2024,August,0
Malta,2024,September,0
Malta,2024,October,0
Malta,2024,November,0
Malta,2024,December,0
Malta,2024,Total,0
Malta,2025,January,0
Malta,2025,February,0
Malta,2025,March,0
Malta,2025,April,0
Malta,2025,May,0
Malta,2025,June,0
Malta,2025,July,
Malta,2025,August,
Malta,2025,September,
Malta,2025,October,0
Malta,2025,November,0
Malta,2025,December,0
Malta,2025,Total,
Malta,2026,January,0
Malta,2026,February,0
Malta,2026,March,0
Malta,2026,April,0
Malta,2026,May,
Malta,2026,Total,
Mauritania,2023,January,25
Mauritania,2023,February,45
Mauritania,2023,March,20
Mauritania,2023,April,35
Mauritania,2023,May,60
Mauritania,2023,June,25
Mauritania,2023,July,45
Mauritania,2023,August,55
Mauritania,2023,September,25
Mauritania,2023,October,20
Mauritania,2023,November,25
Mauritania,2023,December,65
Mauritania,2023,Total,445
Mauritania,2024,January,45
Mauritania,2024,February,45
Mauritania,2024,March,25
Mauritania,2024,April,35
Mauritania,2024,May,70
Mauritania,2024,June,40
Mauritania,2024,July,55
Mauritania,2024,August,40
Mauritania,2024,September,35
Mauritania,2024,October,30
Mauritania,2024,November,35
Mauritania,2024,December,30
Mauritania,2024,Total,475
Mauritania,2025,January,35
Mauritania,2025,February,15
Mauritania,2025,March,15
Mauritania,2025,April,20
Mauritania,2025,May,20
Mauritania,2025,June,25
Mauritania,2025,July,20
Mauritania,2025,August,25
Mauritania,2025,September,15
Mauritania,2025,October,15
Mauritania,2025,November,10
Mauritania,2025,December,15
Mauritania,2025,Total,230
Mauritania,2026,January,15
Mauritania,2026,February,10
Mauritania,2026,March,10
Mauritania,2026,April,25
Mauritania,2026,May,10
Mauritania,2026,Total,70
Mauritius,2023,January,30
Mauritius,2023,February,50
Mauritius,2023,March,40
Mauritius,2023,April,140
Mauritius,2023,May,135
Mauritius,2023,June,145
Mauritius,2023,July,65
Mauritius,2023,August,70
Mauritius,2023,September,60
Mauritius,2023,October,20
Mauritius,2023,November,45
Mauritius,2023,December,45
Mauritius,2023,Total,840
Mauritius,2024,January,50
Mauritius,2024,February,10
Mauritius,2024,March,15
Mauritius,2024,April,95
Mauritius,2024,May,55
Mauritius,2024,June,85
Mauritius,2024,July,45
Mauritius,2024,August,60
Mauritius,2024,September,20
Mauritius,2024,October,20
Mauritius,2024,November,35
Mauritius,2024,December,35
Mauritius,2024,Total,530
Mauritius,2025,January,15
Mauritius,2025,February,10
Mauritius,2025,March,50
Mauritius,2025,April,20
Mauritius,2025,May,50
Mauritius,2025,June,45
Mauritius,2025,July,20
Mauritius,2025,August,45
Mauritius,2025,September,5
Mauritius,2025,October,25
Mauritius,2025,November,15
Mauritius,2025,December,10
Mauritius,2025,Total,305
Mauritius,2026,January,10
Mauritius,2026,February,5
Mauritius,2026,March,25
Mauritius,2026,April,20
Mauritius,2026,May,15
Mauritius,2026,Total,75
Mexico,2023,January,470
Mexico,2023,February,485
Mexico,2023,March,505
Mexico,2023,April,335
Mexico,2023,May,1045
Mexico,2023,June,1540
Mexico,2023,July,1245
Mexico,2023,August,895
Mexico,2023,September,595
Mexico,2023,October,400
Mexico,2023,November,705
Mexico,2023,December,360
Mexico,2023,Total,8580
Mexico,2024,January,520
Mexico,2024,February,280
Mexico,2024,March,215
Mexico,2024,April,490
Mexico,2024,May,760
Mexico,2024,June,370
Mexico,2024,July,775
Mexico,2024,August,1190
Mexico,2024,September,565
Mexico,2024,October,615
Mexico,2024,November,385
Mexico,2024,December,320
Mexico,2024,Total,6485
Mexico,2025,January,460
Mexico,2025,February,235
Mexico,2025,March,240
Mexico,2025,April,345
Mexico,2025,May,280
Mexico,2025,June,525
Mexico,2025,July,905
Mexico,2025,August,455
Mexico,2025,September,210
Mexico,2025,October,260
Mexico,2025,November,185
Mexico,2025,December,215
Mexico,2025,Total,4310
Mexico,2026,January,200
Mexico,2026,February,155
Mexico,2026,March,260
Mexico,2026,April,255
Mexico,2026,May,380
Mexico,2026,Total,1245
Moldova,2023,January,5
Moldova,2023,February,
Moldova,2023,March,
Moldova,2023,April,0
Moldova,2023,May,5
Moldova,2023,June,10
Moldova,2023,July,
Moldova,2023,August,
Moldova,2023,September,5
Moldova,2023,October,5
Moldova,2023,November,0
Moldova,2023,December,
Moldova,2023,Total,50
Moldova,2024,January,0
Moldova,2024,February,
Moldova,2024,March,
Moldova,2024,April,
Moldova,2024,May,
Moldova,2024,June,
Moldova,2024,July,0
Moldova,2024,August,
Moldova,2024,September,0
Moldova,2024,October,
Moldova,2024,November,
Moldova,2024,December,0
Moldova,2024,Total,15
Moldova,2025,January,0
Moldova,2025,February,
Moldova,2025,March,0
Moldova,2025,April,0
Moldova,2025,May,
Moldova,2025,June,0
Moldova,2025,July,
Moldova,2025,August,
Moldova,2025,September,
Moldova,2025,October,0
Moldova,2025,November,0
Moldova,2025,December,0
Moldova,2025,Total,10
Moldova,2026,January,0
Moldova,2026,February,0
Moldova,2026,March,
Moldova,2026,April,0
Moldova,2026,May,
Moldova,2026,Total,
Monaco,2023,January,0
Monaco,2023,February,0
Monaco,2023,March,0
Monaco,2023,April,0
Monaco,2023,May,
Monaco,2023,June,
Monaco,2023,July,
Monaco,2023,August,0
Monaco,2023,September,0
Monaco,2023,October,0
Monaco,2023,November,0
Monaco,2023,December,0
Monaco,2023,Total,
Monaco,2024,January,0
Monaco,2024,February,0
Monaco,2024,March,0
Monaco,2024,April,0
Monaco,2024,May,0
Monaco,2024,June,0
Monaco,2024,July,0
Monaco,2024,August,
Monaco,2024,September,0
Monaco,2024,October,0
Monaco,2024,November,0
Monaco,2024,December,0
Monaco,2024,Total,
Monaco,2025,January,0
Monaco,2025,February,0
Monaco,2025,March,0
Monaco,2025,April,0
Monaco,2025,May,0
Monaco,2025,June,0
Monaco,2025,July,0
Monaco,2025,August,0
Monaco,2025,September,0
Monaco,2025,October,0
Monaco,2025,November,0
Monaco,2025,December,0
Monaco,2025,Total,0
Monaco,2026,January,0
Monaco,2026,February,0
Monaco,2026,March,0
Monaco,2026,April,0
Monaco,2026,May,
Monaco,2026,Total,
"Mongolia, People's Republic of",2023,January,25
"Mongolia, People's Republic of",2023,February,25
"Mongolia, People's Republic of",2023,March,25
"Mongolia, People's Republic of",2023,April,20
"Mongolia, People's Republic of",2023,May,35
"Mongolia, People's Republic of",2023,June,45
"Mongolia, People's Republic of",2023,July,65
"Mongolia, People's Republic of",2023,August,105
"Mongolia, People's Republic of",2023,September,35
"Mongolia, People's Republic of",2023,October,30
"Mongolia, People's Republic of",2023,November,40
"Mongolia, People's Republic of",2023,December,25
"Mongolia, People's Republic of",2023,Total,470
"Mongolia, People's Republic of",2024,January,35
"Mongolia, People's Republic of",2024,February,15
"Mongolia, People's Republic of",2024,March,20
"Mongolia, People's Republic of",2024,April,30
"Mongolia, People's Republic of",2024,May,40
"Mongolia, People's Republic of",2024,June,55
"Mongolia, People's Republic of",2024,July,90
"Mongolia, People's Republic of",2024,August,65
"Mongolia, People's Republic of",2024,September,35
"Mongolia, People's Republic of",2024,October,30
"Mongolia, People's Republic of",2024,November,40
"Mongolia, People's Republic of",2024,December,45
"Mongolia, People's Republic of",2024,Total,505
"Mongolia, People's Republic of",2025,January,10
"Mongolia, People's Republic of",2025,February,15
"Mongolia, People's Republic of",2025,March,15
"Mongolia, People's Republic of",2025,April,15
"Mongolia, People's Republic of",2025,May,35
"Mongolia, People's Republic of",2025,June,55
"Mongolia, People's Republic of",2025,July,85
"Mongolia, People's Republic of",2025,August,50
"Mongolia, People's Republic of",2025,September,15
"Mongolia, People's Republic of",2025,October,30
"Mongolia, People's Republic of",2025,November,15
"Mongolia, People's Republic of",2025,December,40
"Mongolia, People's Republic of",2025,Total,380
"Mongolia, People's Republic of",2026,January,10
"Mongolia, People's Republic of",2026,February,15
"Mongolia, People's Republic of",2026,March,15
"Mongolia, People's Republic of",2026,April,25
"Mongolia, People's Republic of",2026,May,25
"Mongolia, People's Republic of",2026,Total,90
"Montenegro, Republic of",2023,January,
"Montenegro, Republic of",2023,February,
"Montenegro, Republic of",2023,March,5
"Montenegro, Republic of",2023,April,10
"Montenegro, Republic of",2023,May,
"Montenegro, Republic of",2023,June,
"Montenegro, Republic of",2023,July,10
"Montenegro, Republic of",2023,August,
"Montenegro, Republic of",2023,September,10
"Montenegro, Republic of",2023,October,0
"Montenegro, Republic of",2023,November,5
"Montenegro, Republic of",2023,December,
"Montenegro, Republic of",2023,Total,60
"Montenegro, Republic of",2024,January,
"Montenegro, Republic of",2024,February,
"Montenegro, Republic of",2024,March,
"Montenegro, Republic of",2024,April,
"Montenegro, Republic of",2024,May,5
"Montenegro, Republic of",2024,June,
"Montenegro, Republic of",2024,July,
"Montenegro, Republic of",2024,August,
"Montenegro, Republic of",2024,September,
"Montenegro, Republic of",2024,October,
"Montenegro, Republic of",2024,November,
"Montenegro, Republic of",2024,December,0
"Montenegro, Republic of",2024,Total,30
"Montenegro, Republic of",2025,January,
"Montenegro, Republic of",2025,February,
"Montenegro, Republic of",2025,March,0
"Montenegro, Republic of",2025,April,0
"Montenegro, Republic of",2025,May,0
"Montenegro, Republic of",2025,June,0
"Montenegro, Republic of",2025,July,0
"Montenegro, Republic of",2025,August,
"Montenegro, Republic of",2025,September,
"Montenegro, Republic of",2025,October,
"Montenegro, Republic of",2025,November,
"Montenegro, Republic of",2025,December,
"Montenegro, Republic of",2025,Total,15
"Montenegro, Republic of",2026,January,0
"Montenegro, Republic of",2026,February,
"Montenegro, Republic of",2026,March,0
"Montenegro, Republic of",2026,April,
"Montenegro, Republic of",2026,May,
"Montenegro, Republic of",2026,Total,
Morocco,2023,January,420
Morocco,2023,February,255
Morocco,2023,March,560
Morocco,2023,April,265
Morocco,2023,May,525
Morocco,2023,June,455
Morocco,2023,July,1100
Morocco,2023,August,1570
Morocco,2023,September,635
Morocco,2023,October,735
Morocco,2023,November,670
Morocco,2023,December,710
Morocco,2023,Total,7895
Morocco,2024,January,545
Morocco,2024,February,390
Morocco,2024,March,460
Morocco,2024,April,500
Morocco,2024,May,530
Morocco,2024,June,580
Morocco,2024,July,1150
Morocco,2024,August,825
Morocco,2024,September,305
Morocco,2024,October,475
Morocco,2024,November,455
Morocco,2024,December,565
Morocco,2024,Total,6780
Morocco,2025,January,410
Morocco,2025,February,225
Morocco,2025,March,210
Morocco,2025,April,260
Morocco,2025,May,320
Morocco,2025,June,310
Morocco,2025,July,355
Morocco,2025,August,555
Morocco,2025,September,180
Morocco,2025,October,165
Morocco,2025,November,200
Morocco,2025,December,245
Morocco,2025,Total,3425
Morocco,2026,January,190
Morocco,2026,February,150
Morocco,2026,March,115
Morocco,2026,April,145
Morocco,2026,May,175
Morocco,2026,Total,770
Mozambique,2023,January,0
Mozambique,2023,February,
Mozambique,2023,March,5
Mozambique,2023,April,
Mozambique,2023,May,
Mozambique,2023,June,10
Mozambique,2023,July,
Mozambique,2023,August,15
Mozambique,2023,September,10
Mozambique,2023,October,
Mozambique,2023,November,
Mozambique,2023,December,
Mozambique,2023,Total,60
Mozambique,2024,January,5
Mozambique,2024,February,
Mozambique,2024,March,0
Mozambique,2024,April,10
Mozambique,2024,May,10
Mozambique,2024,June,5
Mozambique,2024,July,
Mozambique,2024,August,
Mozambique,2024,September,10
Mozambique,2024,October,0
Mozambique,2024,November,10
Mozambique,2024,December,
Mozambique,2024,Total,60
Mozambique,2025,January,5
Mozambique,2025,February,
Mozambique,2025,March,0
Mozambique,2025,April,
Mozambique,2025,May,
Mozambique,2025,June,
Mozambique,2025,July,5
Mozambique,2025,August,
Mozambique,2025,September,
Mozambique,2025,October,
Mozambique,2025,November,5
Mozambique,2025,December,
Mozambique,2025,Total,35
Mozambique,2026,January,
Mozambique,2026,February,
Mozambique,2026,March,0
Mozambique,2026,April,
Mozambique,2026,May,
Mozambique,2026,Total,10
Myanmar (Burma),2023,January,50
Myanmar (Burma),2023,February,50
Myanmar (Burma),2023,March,60
Myanmar (Burma),2023,April,60
Myanmar (Burma),2023,May,70
Myanmar (Burma),2023,June,105
Myanmar (Burma),2023,July,195
Myanmar (Burma),2023,August,115
Myanmar (Burma),2023,September,65
Myanmar (Burma),2023,October,115
Myanmar (Burma),2023,November,115
Myanmar (Burma),2023,December,90
Myanmar (Burma),2023,Total,1095
Myanmar (Burma),2024,January,55
Myanmar (Burma),2024,February,85
Myanmar (Burma),2024,March,120
Myanmar (Burma),2024,April,85
Myanmar (Burma),2024,May,105
Myanmar (Burma),2024,June,130
Myanmar (Burma),2024,July,170
Myanmar (Burma),2024,August,190
Myanmar (Burma),2024,September,65
Myanmar (Burma),2024,October,90
Myanmar (Burma),2024,November,80
Myanmar (Burma),2024,December,135
Myanmar (Burma),2024,Total,1315
Myanmar (Burma),2025,January,45
Myanmar (Burma),2025,February,40
Myanmar (Burma),2025,March,45
Myanmar (Burma),2025,April,75
Myanmar (Burma),2025,May,55
Myanmar (Burma),2025,June,90
Myanmar (Burma),2025,July,125
Myanmar (Burma),2025,August,125
Myanmar (Burma),2025,September,65
Myanmar (Burma),2025,October,50
Myanmar (Burma),2025,November,80
Myanmar (Burma),2025,December,125
Myanmar (Burma),2025,Total,920
Myanmar (Burma),2026,January,50
Myanmar (Burma),2026,February,20
Myanmar (Burma),2026,March,50
Myanmar (Burma),2026,April,60
Myanmar (Burma),2026,May,60
Myanmar (Burma),2026,Total,235
Namibia,2023,January,
Namibia,2023,February,
Namibia,2023,March,
Namibia,2023,April,
Namibia,2023,May,
Namibia,2023,June,5
Namibia,2023,July,
Namibia,2023,August,
Namibia,2023,September,
Namibia,2023,October,
Namibia,2023,November,
Namibia,2023,December,
Namibia,2023,Total,30
Namibia,2024,January,
Namibia,2024,February,
Namibia,2024,March,
Namibia,2024,April,
Namibia,2024,May,
Namibia,2024,June,
Namibia,2024,July,0
Namibia,2024,August,0
Namibia,2024,September,
Namibia,2024,October,0
Namibia,2024,November,
Namibia,2024,December,
Namibia,2024,Total,15
Namibia,2025,January,0
Namibia,2025,February,0
Namibia,2025,March,5
Namibia,2025,April,0
Namibia,2025,May,
Namibia,2025,June,0
Namibia,2025,July,0
Namibia,2025,August,
Namibia,2025,September,0
Namibia,2025,October,0
Namibia,2025,November,0
Namibia,2025,December,
Namibia,2025,Total,15
Namibia,2026,January,
Namibia,2026,February,
Namibia,2026,March,0
Namibia,2026,April,0
Namibia,2026,May,
Namibia,2026,Total,5
Nepal,2023,January,960
Nepal,2023,February,1590
Nepal,2023,March,2580
Nepal,2023,April,2090
Nepal,2023,May,2195
Nepal,2023,June,3350
Nepal,2023,July,2495
Nepal,2023,August,2925
Nepal,2023,September,2705
Nepal,2023,October,1155
Nepal,2023,November,895
Nepal,2023,December,2975
Nepal,2023,Total,25910
Nepal,2024,January,2015
Nepal,2024,February,830
Nepal,2024,March,2400
Nepal,2024,April,610
Nepal,2024,May,705
Nepal,2024,June,300
Nepal,2024,July,1005
Nepal,2024,August,5905
Nepal,2024,September,885
Nepal,2024,October,1395
Nepal,2024,November,1105
Nepal,2024,December,345
Nepal,2024,Total,17500
Nepal,2025,January,605
Nepal,2025,February,495
Nepal,2025,March,115
Nepal,2025,April,300
Nepal,2025,May,250
Nepal,2025,June,225
Nepal,2025,July,380
Nepal,2025,August,225
Nepal,2025,September,175
Nepal,2025,October,155
Nepal,2025,November,175
Nepal,2025,December,275
Nepal,2025,Total,3375
Nepal,2026,January,165
Nepal,2026,February,65
Nepal,2026,March,195
Nepal,2026,April,185
Nepal,2026,May,260
Nepal,2026,Total,870
New Caledonia,2023,January,0
New Caledonia,2023,February,
New Caledonia,2023,March,0
New Caledonia,2023,April,0
New Caledonia,2023,May,0
New Caledonia,2023,June,0
New Caledonia,2023,July,0
New Caledonia,2023,August,0
New Caledonia,2023,September,0
New Caledonia,2023,October,0
New Caledonia,2023,November,0
New Caledonia,2023,December,0
New Caledonia,2023,Total,
New Caledonia,2024,January,0
New Caledonia,2024,February,0
New Caledonia,2024,March,0
New Caledonia,2024,April,0
New Caledonia,2024,May,0
New Caledonia,2024,June,0
New Caledonia,2024,July,0
New Caledonia,2024,August,0
New Caledonia,2024,September,0
New Caledonia,2024,October,0
New Caledonia,2024,November,0
New Caledonia,2024,December,0
New Caledonia,2024,Total,0
New Caledonia,2025,January,0
New Caledonia,2025,February,0
New Caledonia,2025,March,
New Caledonia,2025,April,0
New Caledonia,2025,May,0
New Caledonia,2025,June,0
New Caledonia,2025,July,0
New Caledonia,2025,August,0
New Caledonia,2025,September,0
New Caledonia,2025,October,0
New Caledonia,2025,November,0
New Caledonia,2025,December,0
New Caledonia,2025,Total,
New Caledonia,2026,January,0
New Caledonia,2026,February,0
New Caledonia,2026,March,0
New Caledonia,2026,April,0
New Caledonia,2026,May,0
New Caledonia,2026,Total,0
New Zealand,2023,January,
New Zealand,2023,February,
New Zealand,2023,March,5
New Zealand,2023,April,0
New Zealand,2023,May,10
New Zealand,2023,June,15
New Zealand,2023,July,20
New Zealand,2023,August,15
New Zealand,2023,September,5
New Zealand,2023,October,
New Zealand,2023,November,10
New Zealand,2023,December,5
New Zealand,2023,Total,90
New Zealand,2024,January,
New Zealand,2024,February,
New Zealand,2024,March,0
New Zealand,2024,April,
New Zealand,2024,May,10
New Zealand,2024,June,15
New Zealand,2024,July,15
New Zealand,2024,August,10
New Zealand,2024,September,5
New Zealand,2024,October,
New Zealand,2024,November,
New Zealand,2024,December,
New Zealand,2024,Total,65
New Zealand,2025,January,
New Zealand,2025,February,
New Zealand,2025,March,5
New Zealand,2025,April,
New Zealand,2025,May,5
New Zealand,2025,June,0
New Zealand,2025,July,
New Zealand,2025,August,25
New Zealand,2025,September,
New Zealand,2025,October,0
New Zealand,2025,November,
New Zealand,2025,December,
New Zealand,2025,Total,55
New Zealand,2026,January,
New Zealand,2026,February,
New Zealand,2026,March,
New Zealand,2026,April,
New Zealand,2026,May,15
New Zealand,2026,Total,25
Nicaragua,2023,January,10
Nicaragua,2023,February,10
Nicaragua,2023,March,10
Nicaragua,2023,April,10
Nicaragua,2023,May,5
Nicaragua,2023,June,10
Nicaragua,2023,July,20
Nicaragua,2023,August,5
Nicaragua,2023,September,5
Nicaragua,2023,October,10
Nicaragua,2023,November,5
Nicaragua,2023,December,5
Nicaragua,2023,Total,110
Nicaragua,2024,January,10
Nicaragua,2024,February,15
Nicaragua,2024,March,5
Nicaragua,2024,April,5
Nicaragua,2024,May,25
Nicaragua,2024,June,5
Nicaragua,2024,July,
Nicaragua,2024,August,15
Nicaragua,2024,September,5
Nicaragua,2024,October,5
Nicaragua,2024,November,
Nicaragua,2024,December,
Nicaragua,2024,Total,95
Nicaragua,2025,January,
Nicaragua,2025,February,10
Nicaragua,2025,March,
Nicaragua,2025,April,
Nicaragua,2025,May,10
Nicaragua,2025,June,5
Nicaragua,2025,July,5
Nicaragua,2025,August,
Nicaragua,2025,September,0
Nicaragua,2025,October,
Nicaragua,2025,November,
Nicaragua,2025,December,5
Nicaragua,2025,Total,60
Nicaragua,2026,January,
Nicaragua,2026,February,5
Nicaragua,2026,March,
Nicaragua,2026,April,
Nicaragua,2026,May,
Nicaragua,2026,Total,15
Nigeria,2023,January,5375
Nigeria,2023,February,7600
Nigeria,2023,March,7590
Nigeria,2023,April,5110
Nigeria,2023,May,8080
Nigeria,2023,June,9485
Nigeria,2023,July,8950
Nigeria,2023,August,8840
Nigeria,2023,September,7860
Nigeria,2023,October,7310
Nigeria,2023,November,7470
Nigeria,2023,December,6495
Nigeria,2023,Total,90160
Nigeria,2024,January,7885
Nigeria,2024,February,8450
Nigeria,2024,March,4745
Nigeria,2024,April,2175
Nigeria,2024,May,3320
Nigeria,2024,June,4465
Nigeria,2024,July,3705
Nigeria,2024,August,4920
Nigeria,2024,September,4995
Nigeria,2024,October,4850
Nigeria,2024,November,4365
Nigeria,2024,December,3725
Nigeria,2024,Total,57595
Nigeria,2025,January,3845
Nigeria,2025,February,1895
Nigeria,2025,March,1505
Nigeria,2025,April,2475
Nigeria,2025,May,1845
Nigeria,2025,June,2330
Nigeria,2025,July,2295
Nigeria,2025,August,2445
Nigeria,2025,September,2970
Nigeria,2025,October,2765
Nigeria,2025,November,2035
Nigeria,2025,December,1905
Nigeria,2025,Total,28305
Nigeria,2026,January,2030
Nigeria,2026,February,2160
Nigeria,2026,March,1640
Nigeria,2026,April,2255
Nigeria,2026,May,1980
Nigeria,2026,Total,10065
Norway,2023,January,0
Norway,2023,February,0
Norway,2023,March,
Norway,2023,April,
Norway,2023,May,10
Norway,2023,June,25
Norway,2023,July,15
Norway,2023,August,10
Norway,2023,September,
Norway,2023,October,
Norway,2023,November,
Norway,2023,December,
Norway,2023,Total,75
Norway,2024,January,0
Norway,2024,February,0
Norway,2024,March,
Norway,2024,April,
Norway,2024,May,10
Norway,2024,June,15
Norway,2024,July,10
Norway,2024,August,15
Norway,2024,September,5
Norway,2024,October,
Norway,2024,November,
Norway,2024,December,0
Norway,2024,Total,65
Norway,2025,January,
Norway,2025,February,
Norway,2025,March,0
Norway,2025,April,
Norway,2025,May,10
Norway,2025,June,
Norway,2025,July,10
Norway,2025,August,35
Norway,2025,September,
Norway,2025,October,
Norway,2025,November,0
Norway,2025,December,
Norway,2025,Total,65
Norway,2026,January,0
Norway,2026,February,0
Norway,2026,March,5
Norway,2026,April,10
Norway,2026,May,15
Norway,2026,Total,30
Oman,2023,January,0
Oman,2023,February,
Oman,2023,March,
Oman,2023,April,
Oman,2023,May,5
Oman,2023,June,
Oman,2023,July,10
Oman,2023,August,5
Oman,2023,September,
Oman,2023,October,
Oman,2023,November,
Oman,2023,December,0
Oman,2023,Total,35
Oman,2024,January,0
Oman,2024,February,
Oman,2024,March,0
Oman,2024,April,
Oman,2024,May,
Oman,2024,June,5
Oman,2024,July,10
Oman,2024,August,
Oman,2024,September,
Oman,2024,October,0
Oman,2024,November,
Oman,2024,December,
Oman,2024,Total,35
Oman,2025,January,
Oman,2025,February,
Oman,2025,March,
Oman,2025,April,
Oman,2025,May,0
Oman,2025,June,
Oman,2025,July,10
Oman,2025,August,5
Oman,2025,September,
Oman,2025,October,0
Oman,2025,November,5
Oman,2025,December,
Oman,2025,Total,30
Oman,2026,January,5
Oman,2026,February,
Oman,2026,March,
Oman,2026,April,5
Oman,2026,May,5
Oman,2026,Total,25
Pakistan,2023,January,460
Pakistan,2023,February,730
Pakistan,2023,March,560
Pakistan,2023,April,875
Pakistan,2023,May,1180
Pakistan,2023,June,1030
Pakistan,2023,July,675
Pakistan,2023,August,1815
Pakistan,2023,September,525
Pakistan,2023,October,450
Pakistan,2023,November,815
Pakistan,2023,December,740
Pakistan,2023,Total,9850
Pakistan,2024,January,1195
Pakistan,2024,February,895
Pakistan,2024,March,410
Pakistan,2024,April,530
Pakistan,2024,May,735
Pakistan,2024,June,925
Pakistan,2024,July,805
Pakistan,2024,August,1035
Pakistan,2024,September,730
Pakistan,2024,October,590
Pakistan,2024,November,495
Pakistan,2024,December,485
Pakistan,2024,Total,8830
Pakistan,2025,January,385
Pakistan,2025,February,300
Pakistan,2025,March,235
Pakistan,2025,April,115
Pakistan,2025,May,245
Pakistan,2025,June,430
Pakistan,2025,July,415
Pakistan,2025,August,725
Pakistan,2025,September,235
Pakistan,2025,October,310
Pakistan,2025,November,290
Pakistan,2025,December,340
Pakistan,2025,Total,4025
Pakistan,2026,January,130
Pakistan,2026,February,225
Pakistan,2026,March,200
Pakistan,2026,April,230
Pakistan,2026,May,370
Pakistan,2026,Total,1160
Palestinian Authority (Gaza/West Bank),2023,January,40
Palestinian Authority (Gaza/West Bank),2023,February,55
Palestinian Authority (Gaza/West Bank),2023,March,45
Palestinian Authority (Gaza/West Bank),2023,April,40
Palestinian Authority (Gaza/West Bank),2023,May,55
Palestinian Authority (Gaza/West Bank),2023,June,40
Palestinian Authority (Gaza/West Bank),2023,July,50
Palestinian Authority (Gaza/West Bank),2023,August,55
Palestinian Authority (Gaza/West Bank),2023,September,15
Palestinian Authority (Gaza/West Bank),2023,October,30
Palestinian Authority (Gaza/West Bank),2023,November,45
Palestinian Authority (Gaza/West Bank),2023,December,20
Palestinian Authority (Gaza/West Bank),2023,Total,485
Palestinian Authority (Gaza/West Bank),2024,January,30
Palestinian Authority (Gaza/West Bank),2024,February,35
Palestinian Authority (Gaza/West Bank),2024,March,30
Palestinian Authority (Gaza/West Bank),2024,April,10
Palestinian Authority (Gaza/West Bank),2024,May,30
Palestinian Authority (Gaza/West Bank),2024,June,35
Palestinian Authority (Gaza/West Bank),2024,July,25
Palestinian Authority (Gaza/West Bank),2024,August,35
Palestinian Authority (Gaza/West Bank),2024,September,30
Palestinian Authority (Gaza/West Bank),2024,October,25
Palestinian Authority (Gaza/West Bank),2024,November,15
Palestinian Authority (Gaza/West Bank),2024,December,30
Palestinian Authority (Gaza/West Bank),2024,Total,325
Palestinian Authority (Gaza/West Bank),2025,January,25
Palestinian Authority (Gaza/West Bank),2025,February,15
Palestinian Authority (Gaza/West Bank),2025,March,15
Palestinian Authority (Gaza/West Bank),2025,April,25
Palestinian Authority (Gaza/West Bank),2025,May,15
Palestinian Authority (Gaza/West Bank),2025,June,10
Palestinian Authority (Gaza/West Bank),2025,July,20
Palestinian Authority (Gaza/West Bank),2025,August,30
Palestinian Authority (Gaza/West Bank),2025,September,15
Palestinian Authority (Gaza/West Bank),2025,October,15
Palestinian Authority (Gaza/West Bank),2025,November,15
Palestinian Authority (Gaza/West Bank),2025,December,20
Palestinian Authority (Gaza/West Bank),2025,Total,220
Palestinian Authority (Gaza/West Bank),2026,January,15
Palestinian Authority (Gaza/West Bank),2026,February,20
Palestinian Authority (Gaza/West Bank),2026,March,20
Palestinian Authority (Gaza/West Bank),2026,April,15
Palestinian Authority (Gaza/West Bank),2026,May,15
Palestinian Authority (Gaza/West Bank),2026,Total,85
"Panama, Republic of",2023,January,10
"Panama, Republic of",2023,February,20
"Panama, Republic of",2023,March,30
"Panama, Republic of",2023,April,15
"Panama, Republic of",2023,May,20
"Panama, Republic of",2023,June,25
"Panama, Republic of",2023,July,40
"Panama, Republic of",2023,August,40
"Panama, Republic of",2023,September,10
"Panama, Republic of",2023,October,25
"Panama, Republic of",2023,November,25
"Panama, Republic of",2023,December,5
"Panama, Republic of",2023,Total,270
"Panama, Republic of",2024,January,5
"Panama, Republic of",2024,February,10
"Panama, Republic of",2024,March,10
"Panama, Republic of",2024,April,10
"Panama, Republic of",2024,May,20
"Panama, Republic of",2024,June,15
"Panama, Republic of",2024,July,30
"Panama, Republic of",2024,August,20
"Panama, Republic of",2024,September,15
"Panama, Republic of",2024,October,5
"Panama, Republic of",2024,November,5
"Panama, Republic of",2024,December,15
"Panama, Republic of",2024,Total,165
"Panama, Republic of",2025,January,10
"Panama, Republic of",2025,February,5
"Panama, Republic of",2025,March,
"Panama, Republic of",2025,April,
"Panama, Republic of",2025,May,10
"Panama, Republic of",2025,June,10
"Panama, Republic of",2025,July,10
"Panama, Republic of",2025,August,15
"Panama, Republic of",2025,September,15
"Panama, Republic of",2025,October,10
"Panama, Republic of",2025,November,10
"Panama, Republic of",2025,December,
"Panama, Republic of",2025,Total,105
"Panama, Republic of",2026,January,5
"Panama, Republic of",2026,February,5
"Panama, Republic of",2026,March,15
"Panama, Republic of",2026,April,10
"Panama, Republic of",2026,May,10
"Panama, Republic of",2026,Total,40
Papua New Guinea,2023,January,0
Papua New Guinea,2023,February,0
Papua New Guinea,2023,March,
Papua New Guinea,2023,April,
Papua New Guinea,2023,May,0
Papua New Guinea,2023,June,0
Papua New Guinea,2023,July,0
Papua New Guinea,2023,August,0
Papua New Guinea,2023,September,0
Papua New Guinea,2023,October,
Papua New Guinea,2023,November,0
Papua New Guinea,2023,December,0
Papua New Guinea,2023,Total,
Papua New Guinea,2024,January,0
Papua New Guinea,2024,February,0
Papua New Guinea,2024,March,0
Papua New Guinea,2024,April,0
Papua New Guinea,2024,May,0
Papua New Guinea,2024,June,0
Papua New Guinea,2024,July,0
Papua New Guinea,2024,August,0
Papua New Guinea,2024,September,0
Papua New Guinea,2024,October,0
Papua New Guinea,2024,November,
Papua New Guinea,2024,December,
Papua New Guinea,2024,Total,
Papua New Guinea,2025,January,0
Papua New Guinea,2025,February,0
Papua New Guinea,2025,March,0
Papua New Guinea,2025,April,0
Papua New Guinea,2025,May,
Papua New Guinea,2025,June,0
Papua New Guinea,2025,July,0
Papua New Guinea,2025,August,0
Papua New Guinea,2025,September,0
Papua New Guinea,2025,October,0
Papua New Guinea,2025,November,0
Papua New Guinea,2025,December,
Papua New Guinea,2025,Total,
Papua New Guinea,2026,January,
Papua New Guinea,2026,February,0
Papua New Guinea,2026,March,0
Papua New Guinea,2026,April,0
Papua New Guinea,2026,May,0
Papua New Guinea,2026,Total,
Paraguay,2023,January,0
Paraguay,2023,February,
Paraguay,2023,March,
Paraguay,2023,April,0
Paraguay,2023,May,
Paraguay,2023,June,5
Paraguay,2023,July,
Paraguay,2023,August,10
Paraguay,2023,September,
Paraguay,2023,October,0
Paraguay,2023,November,
Paraguay,2023,December,0
Paraguay,2023,Total,30
Paraguay,2024,January,0
Paraguay,2024,February,0
Paraguay,2024,March,
Paraguay,2024,April,
Paraguay,2024,May,5
Paraguay,2024,June,5
Paraguay,2024,July,10
Paraguay,2024,August,
Paraguay,2024,September,
Paraguay,2024,October,
Paraguay,2024,November,
Paraguay,2024,December,0
Paraguay,2024,Total,25
Paraguay,2025,January,
Paraguay,2025,February,
Paraguay,2025,March,0
Paraguay,2025,April,0
Paraguay,2025,May,
Paraguay,2025,June,
Paraguay,2025,July,
Paraguay,2025,August,5
Paraguay,2025,September,0
Paraguay,2025,October,
Paraguay,2025,November,
Paraguay,2025,December,0
Paraguay,2025,Total,20
Paraguay,2026,January,
Paraguay,2026,February,0
Paraguay,2026,March,0
Paraguay,2026,April,0
Paraguay,2026,May,
Paraguay,2026,Total,
People's Republic of China,2023,January,1600
People's Republic of China,2023,February,1765
People's Republic of China,2023,March,1925
People's Republic of China,2023,April,1850
People's Republic of China,2023,May,2770
People's Republic of China,2023,June,4935
People's Republic of China,2023,July,9510
People's Republic of China,2023,August,6500
People's Republic of China,2023,September,2990
People's Republic of China,2023,October,2040
People's Republic of China,2023,November,2295
People's Republic of China,2023,December,1425
People's Republic of China,2023,Total,39610
People's Republic of China,2024,January,2355
People's Republic of China,2024,February,1615
People's Republic of China,2024,March,1680
People's Republic of China,2024,April,2605
People's Republic of China,2024,May,3885
People's Republic of China,2024,June,3160
People's Republic of China,2024,July,4080
People's Republic of China,2024,August,4715
People's Republic of China,2024,September,2335
People's Republic of China,2024,October,2135
People's Republic of China,2024,November,1690
People's Republic of China,2024,December,1425
People's Republic of China,2024,Total,31680
People's Republic of China,2025,January,1245
People's Republic of China,2025,February,1280
People's Republic of China,2025,March,1365
People's Republic of China,2025,April,1900
People's Republic of China,2025,May,2695
People's Republic of China,2025,June,3760
People's Republic of China,2025,July,3190
People's Republic of China,2025,August,2415
People's Republic of China,2025,September,970
People's Republic of China,2025,October,760
People's Republic of China,2025,November,670
People's Republic of China,2025,December,870
People's Republic of China,2025,Total,21115
People's Republic of China,2026,January,720
People's Republic of China,2026,February,655
People's Republic of China,2026,March,890
People's Republic of China,2026,April,1515
People's Republic of China,2026,May,1840
People's Republic of China,2026,Total,5625
Peoples Republic of Benin,2023,January,275
Peoples Republic of Benin,2023,February,145
Peoples Republic of Benin,2023,March,180
Peoples Republic of Benin,2023,April,165
Peoples Republic of Benin,2023,May,300
Peoples Republic of Benin,2023,June,345
Peoples Republic of Benin,2023,July,135
Peoples Republic of Benin,2023,August,350
Peoples Republic of Benin,2023,September,200
Peoples Republic of Benin,2023,October,110
Peoples Republic of Benin,2023,November,415
Peoples Republic of Benin,2023,December,365
Peoples Republic of Benin,2023,Total,2985
Peoples Republic of Benin,2024,January,255
Peoples Republic of Benin,2024,February,415
Peoples Republic of Benin,2024,March,245
Peoples Republic of Benin,2024,April,195
Peoples Republic of Benin,2024,May,295
Peoples Republic of Benin,2024,June,345
Peoples Republic of Benin,2024,July,455
Peoples Republic of Benin,2024,August,395
Peoples Republic of Benin,2024,September,360
Peoples Republic of Benin,2024,October,845
Peoples Republic of Benin,2024,November,230
Peoples Republic of Benin,2024,December,285
Peoples Republic of Benin,2024,Total,4325
Peoples Republic of Benin,2025,January,205
Peoples Republic of Benin,2025,February,255
Peoples Republic of Benin,2025,March,110
Peoples Republic of Benin,2025,April,160
Peoples Republic of Benin,2025,May,150
Peoples Republic of Benin,2025,June,210
Peoples Republic of Benin,2025,July,190
Peoples Republic of Benin,2025,August,250
Peoples Republic of Benin,2025,September,160
Peoples Republic of Benin,2025,October,80
Peoples Republic of Benin,2025,November,80
Peoples Republic of Benin,2025,December,110
Peoples Republic of Benin,2025,Total,1950
Peoples Republic of Benin,2026,January,90
Peoples Republic of Benin,2026,February,70
Peoples Republic of Benin,2026,March,60
Peoples Republic of Benin,2026,April,65
Peoples Republic of Benin,2026,May,75
Peoples Republic of Benin,2026,Total,365
Peru,2023,January,150
Peru,2023,February,215
Peru,2023,March,380
Peru,2023,April,205
Peru,2023,May,410
Peru,2023,June,290
Peru,2023,July,300
Peru,2023,August,260
Peru,2023,September,145
Peru,2023,October,200
Peru,2023,November,180
Peru,2023,December,100
Peru,2023,Total,2845
Peru,2024,January,150
Peru,2024,February,135
Peru,2024,March,115
Peru,2024,April,75
Peru,2024,May,125
Peru,2024,June,110
Peru,2024,July,200
Peru,2024,August,205
Peru,2024,September,100
Peru,2024,October,80
Peru,2024,November,145
Peru,2024,December,125
Peru,2024,Total,1565
Peru,2025,January,70
Peru,2025,February,40
Peru,2025,March,55
Peru,2025,April,80
Peru,2025,May,85
Peru,2025,June,120
Peru,2025,July,120
Peru,2025,August,50
Peru,2025,September,40
Peru,2025,October,55
Peru,2025,November,40
Peru,2025,December,65
Peru,2025,Total,830
Peru,2026,January,25
Peru,2026,February,30
Peru,2026,March,30
Peru,2026,April,35
Peru,2026,May,45
Peru,2026,Total,165
Philippines,2023,January,2790
Philippines,2023,February,2595
Philippines,2023,March,3965
Philippines,2023,April,3135
Philippines,2023,May,4405
Philippines,2023,June,4785
Philippines,2023,July,4940
Philippines,2023,August,3950
Philippines,2023,September,2395
Philippines,2023,October,3110
Philippines,2023,November,4240
Philippines,2023,December,2040
Philippines,2023,Total,42355
Philippines,2024,January,2470
Philippines,2024,February,2695
Philippines,2024,March,1860
Philippines,2024,April,1615
Philippines,2024,May,1905
Philippines,2024,June,1735
Philippines,2024,July,2810
Philippines,2024,August,2650
Philippines,2024,September,1450
Philippines,2024,October,1870
Philippines,2024,November,1890
Philippines,2024,December,1225
Philippines,2024,Total,24175
Philippines,2025,January,1040
Philippines,2025,February,1080
Philippines,2025,March,560
Philippines,2025,April,365
Philippines,2025,May,545
Philippines,2025,June,785
Philippines,2025,July,1305
Philippines,2025,August,685
Philippines,2025,September,495
Philippines,2025,October,585
Philippines,2025,November,565
Philippines,2025,December,570
Philippines,2025,Total,8575
Philippines,2026,January,460
Philippines,2026,February,310
Philippines,2026,March,440
Philippines,2026,April,405
Philippines,2026,May,490
Philippines,2026,Total,2105
Poland,2023,January,
Poland,2023,February,5
Poland,2023,March,
Poland,2023,April,10
Poland,2023,May,10
Poland,2023,June,20
Poland,2023,July,20
Poland,2023,August,20
Poland,2023,September,
Poland,2023,October,
Poland,2023,November,5
Poland,2023,December,
Poland,2023,Total,105
Poland,2024,January,
Poland,2024,February,0
Poland,2024,March,0
Poland,2024,April,
Poland,2024,May,15
Poland,2024,June,20
Poland,2024,July,20
Poland,2024,August,20
Poland,2024,September,5
Poland,2024,October,
Poland,2024,November,5
Poland,2024,December,5
Poland,2024,Total,95
Poland,2025,January,
Poland,2025,February,
Poland,2025,March,
Poland,2025,April,
Poland,2025,May,
Poland,2025,June,
Poland,2025,July,
Poland,2025,August,40
Poland,2025,September,
Poland,2025,October,
Poland,2025,November,
Poland,2025,December,
Poland,2025,Total,70
Poland,2026,January,
Poland,2026,February,
Poland,2026,March,
Poland,2026,April,5
Poland,2026,May,20
Poland,2026,Total,35
Portugal,2023,January,10
Portugal,2023,February,10
Portugal,2023,March,
Portugal,2023,April,5
Portugal,2023,May,15
Portugal,2023,June,20
Portugal,2023,July,25
Portugal,2023,August,10
Portugal,2023,September,10
Portugal,2023,October,
Portugal,2023,November,5
Portugal,2023,December,
Portugal,2023,Total,120
Portugal,2024,January,10
Portugal,2024,February,5
Portugal,2024,March,10
Portugal,2024,April,10
Portugal,2024,May,15
Portugal,2024,June,10
Portugal,2024,July,20
Portugal,2024,August,25
Portugal,2024,September,5
Portugal,2024,October,10
Portugal,2024,November,5
Portugal,2024,December,
Portugal,2024,Total,130
Portugal,2025,January,10
Portugal,2025,February,
Portugal,2025,March,5
Portugal,2025,April,10
Portugal,2025,May,
Portugal,2025,June,5
Portugal,2025,July,10
Portugal,2025,August,30
Portugal,2025,September,
Portugal,2025,October,5
Portugal,2025,November,
Portugal,2025,December,5
Portugal,2025,Total,95
Portugal,2026,January,5
Portugal,2026,February,
Portugal,2026,March,
Portugal,2026,April,
Portugal,2026,May,10
Portugal,2026,Total,25
Qatar,2023,January,
Qatar,2023,February,0
Qatar,2023,March,
Qatar,2023,April,
Qatar,2023,May,
Qatar,2023,June,
Qatar,2023,July,
Qatar,2023,August,0
Qatar,2023,September,
Qatar,2023,October,
Qatar,2023,November,
Qatar,2023,December,0
Qatar,2023,Total,20
Qatar,2024,January,0
Qatar,2024,February,
Qatar,2024,March,0
Qatar,2024,April,0
Qatar,2024,May,
Qatar,2024,June,
Qatar,2024,July,
Qatar,2024,August,
Qatar,2024,September,0
Qatar,2024,October,0
Qatar,2024,November,
Qatar,2024,December,0
Qatar,2024,Total,10
Qatar,2025,January,
Qatar,2025,February,0
Qatar,2025,March,0
Qatar,2025,April,0
Qatar,2025,May,0
Qatar,2025,June,
Qatar,2025,July,
Qatar,2025,August,
Qatar,2025,September,
Qatar,2025,October,0
Qatar,2025,November,
Qatar,2025,December,
Qatar,2025,Total,10
Qatar,2026,January,
Qatar,2026,February,0
Qatar,2026,March,0
Qatar,2026,April,0
Qatar,2026,May,0
Qatar,2026,Total,
Republic of Djibouti,2023,January,15
Republic of Djibouti,2023,February,20
Republic of Djibouti,2023,March,35
Republic of Djibouti,2023,April,30
Republic of Djibouti,2023,May,45
Republic of Djibouti,2023,June,35
Republic of Djibouti,2023,July,30
Republic of Djibouti,2023,August,75
Republic of Djibouti,2023,September,70
Republic of Djibouti,2023,October,45
Republic of Djibouti,2023,November,40
Republic of Djibouti,2023,December,50
Republic of Djibouti,2023,Total,490
Republic of Djibouti,2024,January,70
Republic of Djibouti,2024,February,30
Republic of Djibouti,2024,March,30
Republic of Djibouti,2024,April,50
Republic of Djibouti,2024,May,35
Republic of Djibouti,2024,June,30
Republic of Djibouti,2024,July,40
Republic of Djibouti,2024,August,35
Republic of Djibouti,2024,September,25
Republic of Djibouti,2024,October,15
Republic of Djibouti,2024,November,25
Republic of Djibouti,2024,December,20
Republic of Djibouti,2024,Total,405
Republic of Djibouti,2025,January,20
Republic of Djibouti,2025,February,10
Republic of Djibouti,2025,March,10
Republic of Djibouti,2025,April,10
Republic of Djibouti,2025,May,15
Republic of Djibouti,2025,June,15
Republic of Djibouti,2025,July,15
Republic of Djibouti,2025,August,10
Republic of Djibouti,2025,September,10
Republic of Djibouti,2025,October,
Republic of Djibouti,2025,November,
Republic of Djibouti,2025,December,
Republic of Djibouti,2025,Total,130
Republic of Djibouti,2026,January,15
Republic of Djibouti,2026,February,0
Republic of Djibouti,2026,March,
Republic of Djibouti,2026,April,
Republic of Djibouti,2026,May,5
Republic of Djibouti,2026,Total,20
Republic of Indonesia,2023,January,35
Republic of Indonesia,2023,February,45
Republic of Indonesia,2023,March,55
Republic of Indonesia,2023,April,80
Republic of Indonesia,2023,May,90
Republic of Indonesia,2023,June,240
Republic of Indonesia,2023,July,335
Republic of Indonesia,2023,August,170
Republic of Indonesia,2023,September,35
Republic of Indonesia,2023,October,45
Republic of Indonesia,2023,November,80
Republic of Indonesia,2023,December,15
Republic of Indonesia,2023,Total,1225
Republic of Indonesia,2024,January,50
Republic of Indonesia,2024,February,60
Republic of Indonesia,2024,March,25
Republic of Indonesia,2024,April,45
Republic of Indonesia,2024,May,170
Republic of Indonesia,2024,June,130
Republic of Indonesia,2024,July,220
Republic of Indonesia,2024,August,85
Republic of Indonesia,2024,September,45
Republic of Indonesia,2024,October,50
Republic of Indonesia,2024,November,40
Republic of Indonesia,2024,December,50
Republic of Indonesia,2024,Total,980
Republic of Indonesia,2025,January,30
Republic of Indonesia,2025,February,30
Republic of Indonesia,2025,March,45
Republic of Indonesia,2025,April,50
Republic of Indonesia,2025,May,75
Republic of Indonesia,2025,June,180
Republic of Indonesia,2025,July,180
Republic of Indonesia,2025,August,105
Republic of Indonesia,2025,September,40
Republic of Indonesia,2025,October,45
Republic of Indonesia,2025,November,25
Republic of Indonesia,2025,December,40
Republic of Indonesia,2025,Total,835
Republic of Indonesia,2026,January,20
Republic of Indonesia,2026,February,25
Republic of Indonesia,2026,March,30
Republic of Indonesia,2026,April,20
Republic of Indonesia,2026,May,50
Republic of Indonesia,2026,Total,150
Republic of Ireland,2023,January,5
Republic of Ireland,2023,February,
Republic of Ireland,2023,March,0
Republic of Ireland,2023,April,
Republic of Ireland,2023,May,10
Republic of Ireland,2023,June,45
Republic of Ireland,2023,July,35
Republic of Ireland,2023,August,20
Republic of Ireland,2023,September,15
Republic of Ireland,2023,October,
Republic of Ireland,2023,November,
Republic of Ireland,2023,December,5
Republic of Ireland,2023,Total,145
Republic of Ireland,2024,January,5
Republic of Ireland,2024,February,
Republic of Ireland,2024,March,
Republic of Ireland,2024,April,
Republic of Ireland,2024,May,
Republic of Ireland,2024,June,20
Republic of Ireland,2024,July,20
Republic of Ireland,2024,August,30
Republic of Ireland,2024,September,5
Republic of Ireland,2024,October,5
Republic of Ireland,2024,November,
Republic of Ireland,2024,December,
Republic of Ireland,2024,Total,105
Republic of Ireland,2025,January,
Republic of Ireland,2025,February,
Republic of Ireland,2025,March,
Republic of Ireland,2025,April,
Republic of Ireland,2025,May,
Republic of Ireland,2025,June,
Republic of Ireland,2025,July,
Republic of Ireland,2025,August,70
Republic of Ireland,2025,September,5
Republic of Ireland,2025,October,
Republic of Ireland,2025,November,5
Republic of Ireland,2025,December,
Republic of Ireland,2025,Total,105
Republic of Ireland,2026,January,
Republic of Ireland,2026,February,
Republic of Ireland,2026,March,
Republic of Ireland,2026,April,5
Republic of Ireland,2026,May,15
Republic of Ireland,2026,Total,25
Republic of Ivory Coast,2023,January,1105
Republic of Ivory Coast,2023,February,635
Republic of Ivory Coast,2023,March,905
Republic of Ivory Coast,2023,April,545
Republic of Ivory Coast,2023,May,1040
Republic of Ivory Coast,2023,June,1030
Republic of Ivory Coast,2023,July,710
Republic of Ivory Coast,2023,August,1055
Republic of Ivory Coast,2023,September,915
Republic of Ivory Coast,2023,October,1035
Republic of Ivory Coast,2023,November,765
Republic of Ivory Coast,2023,December,575
Republic of Ivory Coast,2023,Total,10320
Republic of Ivory Coast,2024,January,460
Republic of Ivory Coast,2024,February,780
Republic of Ivory Coast,2024,March,665
Republic of Ivory Coast,2024,April,445
Republic of Ivory Coast,2024,May,565
Republic of Ivory Coast,2024,June,1040
Republic of Ivory Coast,2024,July,1640
Republic of Ivory Coast,2024,August,1090
Republic of Ivory Coast,2024,September,805
Republic of Ivory Coast,2024,October,675
Republic of Ivory Coast,2024,November,995
Republic of Ivory Coast,2024,December,1110
Republic of Ivory Coast,2024,Total,10275
Republic of Ivory Coast,2025,January,1200
Republic of Ivory Coast,2025,February,360
Republic of Ivory Coast,2025,March,390
Republic of Ivory Coast,2025,April,530
Republic of Ivory Coast,2025,May,500
Republic of Ivory Coast,2025,June,495
Republic of Ivory Coast,2025,July,775
Republic of Ivory Coast,2025,August,490
Republic of Ivory Coast,2025,September,530
Republic of Ivory Coast,2025,October,455
Republic of Ivory Coast,2025,November,225
Republic of Ivory Coast,2025,December,300
Republic of Ivory Coast,2025,Total,6255
Republic of Ivory Coast,2026,January,275
Republic of Ivory Coast,2026,February,115
Republic of Ivory Coast,2026,March,140
Republic of Ivory Coast,2026,April,250
Republic of Ivory Coast,2026,May,200
Republic of Ivory Coast,2026,Total,980
Republic of Palau,2023,January,0
Republic of Palau,2023,February,0
Republic of Palau,2023,March,0
Republic of Palau,2023,April,0
Republic of Palau,2023,May,0
Republic of Palau,2023,June,0
Republic of Palau,2023,July,0
Republic of Palau,2023,August,0
Republic of Palau,2023,September,0
Republic of Palau,2023,October,0
Republic of Palau,2023,November,0
Republic of Palau,2023,December,0
Republic of Palau,2023,Total,0
Republic of Palau,2024,January,0
Republic of Palau,2024,February,0
Republic of Palau,2024,March,0
Republic of Palau,2024,April,0
Republic of Palau,2024,May,
Republic of Palau,2024,June,0
Republic of Palau,2024,July,0
Republic of Palau,2024,August,0
Republic of Palau,2024,September,0
Republic of Palau,2024,October,0
Republic of Palau,2024,November,0
Republic of Palau,2024,December,0
Republic of Palau,2024,Total,
Republic of Palau,2025,January,0
Republic of Palau,2025,February,0
Republic of Palau,2025,March,0
Republic of Palau,2025,April,0
Republic of Palau,2025,May,0
Republic of Palau,2025,June,0
Republic of Palau,2025,July,0
Republic of Palau,2025,August,0
Republic of Palau,2025,September,0
Republic of Palau,2025,October,0
Republic of Palau,2025,November,0
Republic of Palau,2025,December,0
Republic of Palau,2025,Total,0
Republic of Palau,2026,January,0
Republic of Palau,2026,February,0
Republic of Palau,2026,March,0
Republic of Palau,2026,April,0
Republic of Palau,2026,May,0
Republic of Palau,2026,Total,0
Republic of South Africa,2023,January,40
Republic of South Africa,2023,February,60
Republic of South Africa,2023,March,100
Republic of South Africa,2023,April,65
Republic of South Africa,2023,May,120
Republic of South Africa,2023,June,145
Republic of South Africa,2023,July,65
Republic of South Africa,2023,August,100
Republic of South Africa,2023,September,100
Republic of South Africa,2023,October,50
Republic of South Africa,2023,November,115
Republic of South Africa,2023,December,55
Republic of South Africa,2023,Total,1015
Republic of South Africa,2024,January,85
Republic of South Africa,2024,February,35
Republic of South Africa,2024,March,55
Republic of South Africa,2024,April,50
Republic of South Africa,2024,May,85
Republic of South Africa,2024,June,110
Republic of South Africa,2024,July,40
Republic of South Africa,2024,August,55
Republic of South Africa,2024,September,35
Republic of South Africa,2024,October,45
Republic of South Africa,2024,November,25
Republic of South Africa,2024,December,45
Republic of South Africa,2024,Total,665
Republic of South Africa,2025,January,35
Republic of South Africa,2025,February,55
Republic of South Africa,2025,March,70
Republic of South Africa,2025,April,30
Republic of South Africa,2025,May,40
Republic of South Africa,2025,June,50
Republic of South Africa,2025,July,55
Republic of South Africa,2025,August,50
Republic of South Africa,2025,September,40
Republic of South Africa,2025,October,40
Republic of South Africa,2025,November,30
Republic of South Africa,2025,December,15
Republic of South Africa,2025,Total,500
Republic of South Africa,2026,January,15
Republic of South Africa,2026,February,15
Republic of South Africa,2026,March,30
Republic of South Africa,2026,April,20
Republic of South Africa,2026,May,30
Republic of South Africa,2026,Total,115
Republic of the Niger,2023,January,25
Republic of the Niger,2023,February,85
Republic of the Niger,2023,March,40
Republic of the Niger,2023,April,50
Republic of the Niger,2023,May,80
Republic of the Niger,2023,June,70
Republic of the Niger,2023,July,60
Republic of the Niger,2023,August,75
Republic of the Niger,2023,September,55
Republic of the Niger,2023,October,45
Republic of the Niger,2023,November,65
Republic of the Niger,2023,December,85
Republic of the Niger,2023,Total,725
Republic of the Niger,2024,January,50
Republic of the Niger,2024,February,25
Republic of the Niger,2024,March,30
Republic of the Niger,2024,April,45
Republic of the Niger,2024,May,65
Republic of the Niger,2024,June,75
Republic of the Niger,2024,July,90
Republic of the Niger,2024,August,65
Republic of the Niger,2024,September,40
Republic of the Niger,2024,October,55
Republic of the Niger,2024,November,40
Republic of the Niger,2024,December,60
Republic of the Niger,2024,Total,650
Republic of the Niger,2025,January,25
Republic of the Niger,2025,February,30
Republic of the Niger,2025,March,25
Republic of the Niger,2025,April,30
Republic of the Niger,2025,May,20
Republic of the Niger,2025,June,35
Republic of the Niger,2025,July,40
Republic of the Niger,2025,August,45
Republic of the Niger,2025,September,40
Republic of the Niger,2025,October,25
Republic of the Niger,2025,November,25
Republic of the Niger,2025,December,30
Republic of the Niger,2025,Total,370
Republic of the Niger,2026,January,20
Republic of the Niger,2026,February,10
Republic of the Niger,2026,March,10
Republic of the Niger,2026,April,15
Republic of the Niger,2026,May,20
Republic of the Niger,2026,Total,75
Romania,2023,January,15
Romania,2023,February,5
Romania,2023,March,
Romania,2023,April,10
Romania,2023,May,10
Romania,2023,June,10
Romania,2023,July,10
Romania,2023,August,10
Romania,2023,September,5
Romania,2023,October,
Romania,2023,November,5
Romania,2023,December,
Romania,2023,Total,90
Romania,2024,January,
Romania,2024,February,
Romania,2024,March,
Romania,2024,April,
Romania,2024,May,10
Romania,2024,June,5
Romania,2024,July,10
Romania,2024,August,5
Romania,2024,September,5
Romania,2024,October,
Romania,2024,November,5
Romania,2024,December,
Romania,2024,Total,55
Romania,2025,January,5
Romania,2025,February,
Romania,2025,March,
Romania,2025,April,
Romania,2025,May,10
Romania,2025,June,
Romania,2025,July,
Romania,2025,August,15
Romania,2025,September,10
Romania,2025,October,
Romania,2025,November,
Romania,2025,December,
Romania,2025,Total,60
Romania,2026,January,0
Romania,2026,February,
Romania,2026,March,
Romania,2026,April,0
Romania,2026,May,5
Romania,2026,Total,10
Russia,2023,January,100
Russia,2023,February,85
Russia,2023,March,120
Russia,2023,April,95
Russia,2023,May,80
Russia,2023,June,165
Russia,2023,July,105
Russia,2023,August,295
Russia,2023,September,190
Russia,2023,October,120
Russia,2023,November,100
Russia,2023,December,100
Russia,2023,Total,1555
Russia,2024,January,70
Russia,2024,February,70
Russia,2024,March,50
Russia,2024,April,85
Russia,2024,May,90
Russia,2024,June,100
Russia,2024,July,145
Russia,2024,August,85
Russia,2024,September,45
Russia,2024,October,40
Russia,2024,November,70
Russia,2024,December,40
Russia,2024,Total,895
Russia,2025,January,40
Russia,2025,February,35
Russia,2025,March,35
Russia,2025,April,45
Russia,2025,May,65
Russia,2025,June,45
Russia,2025,July,90
Russia,2025,August,60
Russia,2025,September,30
Russia,2025,October,35
Russia,2025,November,10
Russia,2025,December,25
Russia,2025,Total,515
Russia,2026,January,30
Russia,2026,February,20
Russia,2026,March,25
Russia,2026,April,25
Russia,2026,May,35
Russia,2026,Total,130
Rwanda,2023,January,150
Rwanda,2023,February,170
Rwanda,2023,March,365
Rwanda,2023,April,265
Rwanda,2023,May,575
Rwanda,2023,June,625
Rwanda,2023,July,410
Rwanda,2023,August,765
Rwanda,2023,September,430
Rwanda,2023,October,480
Rwanda,2023,November,600
Rwanda,2023,December,490
Rwanda,2023,Total,5320
Rwanda,2024,January,740
Rwanda,2024,February,1255
Rwanda,2024,March,395
Rwanda,2024,April,310
Rwanda,2024,May,330
Rwanda,2024,June,195
Rwanda,2024,July,445
Rwanda,2024,August,435
Rwanda,2024,September,225
Rwanda,2024,October,300
Rwanda,2024,November,215
Rwanda,2024,December,40
Rwanda,2024,Total,4895
Rwanda,2025,January,460
Rwanda,2025,February,105
Rwanda,2025,March,150
Rwanda,2025,April,45
Rwanda,2025,May,70
Rwanda,2025,June,15
Rwanda,2025,July,40
Rwanda,2025,August,175
Rwanda,2025,September,60
Rwanda,2025,October,65
Rwanda,2025,November,15
Rwanda,2025,December,110
Rwanda,2025,Total,1310
Rwanda,2026,January,45
Rwanda,2026,February,80
Rwanda,2026,March,70
Rwanda,2026,April,110
Rwanda,2026,May,65
Rwanda,2026,Total,370
Saudi Arabia,2023,January,25
Saudi Arabia,2023,February,30
Saudi Arabia,2023,March,35
Saudi Arabia,2023,April,30
Saudi Arabia,2023,May,55
Saudi Arabia,2023,June,50
Saudi Arabia,2023,July,30
Saudi Arabia,2023,August,45
Saudi Arabia,2023,September,30
Saudi Arabia,2023,October,30
Saudi Arabia,2023,November,25
Saudi Arabia,2023,December,25
Saudi Arabia,2023,Total,410
Saudi Arabia,2024,January,25
Saudi Arabia,2024,February,35
Saudi Arabia,2024,March,60
Saudi Arabia,2024,April,55
Saudi Arabia,2024,May,60
Saudi Arabia,2024,June,70
Saudi Arabia,2024,July,55
Saudi Arabia,2024,August,55
Saudi Arabia,2024,September,25
Saudi Arabia,2024,October,20
Saudi Arabia,2024,November,25
Saudi Arabia,2024,December,35
Saudi Arabia,2024,Total,525
Saudi Arabia,2025,January,30
Saudi Arabia,2025,February,25
Saudi Arabia,2025,March,35
Saudi Arabia,2025,April,35
Saudi Arabia,2025,May,45
Saudi Arabia,2025,June,60
Saudi Arabia,2025,July,70
Saudi Arabia,2025,August,80
Saudi Arabia,2025,September,20
Saudi Arabia,2025,October,20
Saudi Arabia,2025,November,15
Saudi Arabia,2025,December,20
Saudi Arabia,2025,Total,450
Saudi Arabia,2026,January,20
Saudi Arabia,2026,February,20
Saudi Arabia,2026,March,35
Saudi Arabia,2026,April,45
Saudi Arabia,2026,May,55
Saudi Arabia,2026,Total,170
Senegal,2023,January,980
Senegal,2023,February,2085
Senegal,2023,March,1105
Senegal,2023,April,605
Senegal,2023,May,1275
Senegal,2023,June,920
Senegal,2023,July,900
Senegal,2023,August,1385
Senegal,2023,September,1355
Senegal,2023,October,1095
Senegal,2023,November,1075
Senegal,2023,December,770
Senegal,2023,Total,13545
Senegal,2024,January,1060
Senegal,2024,February,1495
Senegal,2024,March,1170
Senegal,2024,April,850
Senegal,2024,May,1135
Senegal,2024,June,1605
Senegal,2024,July,2470
Senegal,2024,August,1880
Senegal,2024,September,1440
Senegal,2024,October,1190
Senegal,2024,November,1395
Senegal,2024,December,2280
Senegal,2024,Total,17975
Senegal,2025,January,2065
Senegal,2025,February,560
Senegal,2025,March,645
Senegal,2025,April,975
Senegal,2025,May,1060
Senegal,2025,June,955
Senegal,2025,July,1320
Senegal,2025,August,1080
Senegal,2025,September,1035
Senegal,2025,October,945
Senegal,2025,November,350
Senegal,2025,December,940
Senegal,2025,Total,11930
Senegal,2026,January,650
Senegal,2026,February,345
Senegal,2026,March,350
Senegal,2026,April,515
Senegal,2026,May,495
Senegal,2026,Total,2355
"Serbia, Republic of",2023,January,10
"Serbia, Republic of",2023,February,15
"Serbia, Republic of",2023,March,20
"Serbia, Republic of",2023,April,15
"Serbia, Republic of",2023,May,10
"Serbia, Republic of",2023,June,10
"Serbia, Republic of",2023,July,30
"Serbia, Republic of",2023,August,10
"Serbia, Republic of",2023,September,5
"Serbia, Republic of",2023,October,10
"Serbia, Republic of",2023,November,20
"Serbia, Republic of",2023,December,10
"Serbia, Republic of",2023,Total,160
"Serbia, Republic of",2024,January,10
"Serbia, Republic of",2024,February,5
"Serbia, Republic of",2024,March,
"Serbia, Republic of",2024,April,
"Serbia, Republic of",2024,May,
"Serbia, Republic of",2024,June,5
"Serbia, Republic of",2024,July,10
"Serbia, Republic of",2024,August,20
"Serbia, Republic of",2024,September,
"Serbia, Republic of",2024,October,5
"Serbia, Republic of",2024,November,
"Serbia, Republic of",2024,December,
"Serbia, Republic of",2024,Total,80
"Serbia, Republic of",2025,January,
"Serbia, Republic of",2025,February,
"Serbia, Republic of",2025,March,
"Serbia, Republic of",2025,April,0
"Serbia, Republic of",2025,May,
"Serbia, Republic of",2025,June,5
"Serbia, Republic of",2025,July,
"Serbia, Republic of",2025,August,5
"Serbia, Republic of",2025,September,
"Serbia, Republic of",2025,October,
"Serbia, Republic of",2025,November,
"Serbia, Republic of",2025,December,
"Serbia, Republic of",2025,Total,35
"Serbia, Republic of",2026,January,
"Serbia, Republic of",2026,February,
"Serbia, Republic of",2026,March,
"Serbia, Republic of",2026,April,
"Serbia, Republic of",2026,May,0
"Serbia, Republic of",2026,Total,5
Seychelles,2023,January,0
Seychelles,2023,February,0
Seychelles,2023,March,0
Seychelles,2023,April,0
Seychelles,2023,May,
Seychelles,2023,June,0
Seychelles,2023,July,0
Seychelles,2023,August,0
Seychelles,2023,September,0
Seychelles,2023,October,0
Seychelles,2023,November,0
Seychelles,2023,December,0
Seychelles,2023,Total,
Seychelles,2024,January,0
Seychelles,2024,February,0
Seychelles,2024,March,0
Seychelles,2024,April,0
Seychelles,2024,May,
Seychelles,2024,June,0
Seychelles,2024,July,0
Seychelles,2024,August,
Seychelles,2024,September,0
Seychelles,2024,October,0
Seychelles,2024,November,0
Seychelles,2024,December,0
Seychelles,2024,Total,
Seychelles,2025,January,
Seychelles,2025,February,0
Seychelles,2025,March,0
Seychelles,2025,April,0
Seychelles,2025,May,0
Seychelles,2025,June,0
Seychelles,2025,July,0
Seychelles,2025,August,0
Seychelles,2025,September,0
Seychelles,2025,October,0
Seychelles,2025,November,0
Seychelles,2025,December,0
Seychelles,2025,Total,
Seychelles,2026,January,0
Seychelles,2026,February,0
Seychelles,2026,March,
Seychelles,2026,April,0
Seychelles,2026,May,0
Seychelles,2026,Total,
Sierra Leone,2023,January,5
Sierra Leone,2023,February,20
Sierra Leone,2023,March,15
Sierra Leone,2023,April,10
Sierra Leone,2023,May,25
Sierra Leone,2023,June,10
Sierra Leone,2023,July,10
Sierra Leone,2023,August,35
Sierra Leone,2023,September,15
Sierra Leone,2023,October,30
Sierra Leone,2023,November,30
Sierra Leone,2023,December,25
Sierra Leone,2023,Total,235
Sierra Leone,2024,January,20
Sierra Leone,2024,February,30
Sierra Leone,2024,March,15
Sierra Leone,2024,April,10
Sierra Leone,2024,May,15
Sierra Leone,2024,June,25
Sierra Leone,2024,July,40
Sierra Leone,2024,August,30
Sierra Leone,2024,September,20
Sierra Leone,2024,October,45
Sierra Leone,2024,November,25
Sierra Leone,2024,December,40
Sierra Leone,2024,Total,315
Sierra Leone,2025,January,20
Sierra Leone,2025,February,35
Sierra Leone,2025,March,20
Sierra Leone,2025,April,20
Sierra Leone,2025,May,15
Sierra Leone,2025,June,25
Sierra Leone,2025,July,20
Sierra Leone,2025,August,15
Sierra Leone,2025,September,15
Sierra Leone,2025,October,15
Sierra Leone,2025,November,15
Sierra Leone,2025,December,25
Sierra Leone,2025,Total,240
Sierra Leone,2026,January,25
Sierra Leone,2026,February,20
Sierra Leone,2026,March,10
Sierra Leone,2026,April,15
Sierra Leone,2026,May,15
Sierra Leone,2026,Total,85
Singapore,2023,January,15
Singapore,2023,February,15
Singapore,2023,March,25
Singapore,2023,April,20
Singapore,2023,May,25
Singapore,2023,June,40
Singapore,2023,July,65
Singapore,2023,August,55
Singapore,2023,September,25
Singapore,2023,October,25
Singapore,2023,November,25
Singapore,2023,December,5
Singapore,2023,Total,340
Singapore,2024,January,10
Singapore,2024,February,10
Singapore,2024,March,20
Singapore,2024,April,15
Singapore,2024,May,40
Singapore,2024,June,25
Singapore,2024,July,60
Singapore,2024,August,40
Singapore,2024,September,10
Singapore,2024,October,10
Singapore,2024,November,15
Singapore,2024,December,10
Singapore,2024,Total,265
Singapore,2025,January,5
Singapore,2025,February,
Singapore,2025,March,5
Singapore,2025,April,10
Singapore,2025,May,15
Singapore,2025,June,25
Singapore,2025,July,35
Singapore,2025,August,25
Singapore,2025,September,10
Singapore,2025,October,10
Singapore,2025,November,
Singapore,2025,December,
Singapore,2025,Total,150
Singapore,2026,January,5
Singapore,2026,February,5
Singapore,2026,March,10
Singapore,2026,April,20
Singapore,2026,May,20
Singapore,2026,Total,60
Sint-Maarten,2023,January,0
Sint-Maarten,2023,February,0
Sint-Maarten,2023,March,
Sint-Maarten,2023,April,0
Sint-Maarten,2023,May,0
Sint-Maarten,2023,June,0
Sint-Maarten,2023,July,0
Sint-Maarten,2023,August,0
Sint-Maarten,2023,September,0
Sint-Maarten,2023,October,0
Sint-Maarten,2023,November,0
Sint-Maarten,2023,December,0
Sint-Maarten,2023,Total,
Sint-Maarten,2024,January,0
Sint-Maarten,2024,February,0
Sint-Maarten,2024,March,0
Sint-Maarten,2024,April,0
Sint-Maarten,2024,May,0
Sint-Maarten,2024,June,0
Sint-Maarten,2024,July,0
Sint-Maarten,2024,August,0
Sint-Maarten,2024,September,0
Sint-Maarten,2024,October,0
Sint-Maarten,2024,November,
Sint-Maarten,2024,December,0
Sint-Maarten,2024,Total,
Sint-Maarten,2025,January,0
Sint-Maarten,2025,February,0
Sint-Maarten,2025,March,0
Sint-Maarten,2025,April,0
Sint-Maarten,2025,May,0
Sint-Maarten,2025,June,0
Sint-Maarten,2025,July,0
Sint-Maarten,2025,August,0
Sint-Maarten,2025,September,0
Sint-Maarten,2025,October,0
Sint-Maarten,2025,November,0
Sint-Maarten,2025,December,0
Sint-Maarten,2025,Total,0
Sint-Maarten,2026,January,0
Sint-Maarten,2026,February,0
Sint-Maarten,2026,March,0
Sint-Maarten,2026,April,0
Sint-Maarten,2026,May,0
Sint-Maarten,2026,Total,0
Slovak Republic,2023,January,5
Slovak Republic,2023,February,
Slovak Republic,2023,March,5
Slovak Republic,2023,April,
Slovak Republic,2023,May,10
Slovak Republic,2023,June,15
Slovak Republic,2023,July,15
Slovak Republic,2023,August,5
Slovak Republic,2023,September,
Slovak Republic,2023,October,
Slovak Republic,2023,November,10
Slovak Republic,2023,December,
Slovak Republic,2023,Total,80
Slovak Republic,2024,January,
Slovak Republic,2024,February,
Slovak Republic,2024,March,
Slovak Republic,2024,April,
Slovak Republic,2024,May,15
Slovak Republic,2024,June,
Slovak Republic,2024,July,5
Slovak Republic,2024,August,25
Slovak Republic,2024,September,
Slovak Republic,2024,October,
Slovak Republic,2024,November,
Slovak Republic,2024,December,
Slovak Republic,2024,Total,65
Slovak Republic,2025,January,0
Slovak Republic,2025,February,
Slovak Republic,2025,March,
Slovak Republic,2025,April,5
Slovak Republic,2025,May,15
Slovak Republic,2025,June,10
Slovak Republic,2025,July,5
Slovak Republic,2025,August,75
Slovak Republic,2025,September,10
Slovak Republic,2025,October,
Slovak Republic,2025,November,0
Slovak Republic,2025,December,0
Slovak Republic,2025,Total,125
Slovak Republic,2026,January,
Slovak Republic,2026,February,0
Slovak Republic,2026,March,5
Slovak Republic,2026,April,25
Slovak Republic,2026,May,20
Slovak Republic,2026,Total,55
Slovenia,2023,January,0
Slovenia,2023,February,0
Slovenia,2023,March,0
Slovenia,2023,April,0
Slovenia,2023,May,
Slovenia,2023,June,
Slovenia,2023,July,
Slovenia,2023,August,
Slovenia,2023,September,0
Slovenia,2023,October,
Slovenia,2023,November,0
Slovenia,2023,December,0
Slovenia,2023,Total,10
Slovenia,2024,January,0
Slovenia,2024,February,0
Slovenia,2024,March,0
Slovenia,2024,April,0
Slovenia,2024,May,
Slovenia,2024,June,0
Slovenia,2024,July,
Slovenia,2024,August,
Slovenia,2024,September,0
Slovenia,2024,October,0
Slovenia,2024,November,
Slovenia,2024,December,0
Slovenia,2024,Total,
Slovenia,2025,January,0
Slovenia,2025,February,0
Slovenia,2025,March,0
Slovenia,2025,April,0
Slovenia,2025,May,0
Slovenia,2025,June,0
Slovenia,2025,July,
Slovenia,2025,August,
Slovenia,2025,September,0
Slovenia,2025,October,
Slovenia,2025,November,0
Slovenia,2025,December,
Slovenia,2025,Total,5
Slovenia,2026,January,0
Slovenia,2026,February,0
Slovenia,2026,March,0
Slovenia,2026,April,0
Slovenia,2026,May,
Slovenia,2026,Total,
Socialist Republic of Vietnam,2023,January,590
Socialist Republic of Vietnam,2023,February,440
Socialist Republic of Vietnam,2023,March,695
Socialist Republic of Vietnam,2023,April,585
Socialist Republic of Vietnam,2023,May,955
Socialist Republic of Vietnam,2023,June,955
Socialist Republic of Vietnam,2023,July,830
Socialist Republic of Vietnam,2023,August,1040
Socialist Republic of Vietnam,2023,September,790
Socialist Republic of Vietnam,2023,October,630
Socialist Republic of Vietnam,2023,November,740
Socialist Republic of Vietnam,2023,December,320
Socialist Republic of Vietnam,2023,Total,8565
Socialist Republic of Vietnam,2024,January,745
Socialist Republic of Vietnam,2024,February,650
Socialist Republic of Vietnam,2024,March,760
Socialist Republic of Vietnam,2024,April,670
Socialist Republic of Vietnam,2024,May,1215
Socialist Republic of Vietnam,2024,June,810
Socialist Republic of Vietnam,2024,July,1060
Socialist Republic of Vietnam,2024,August,780
Socialist Republic of Vietnam,2024,September,655
Socialist Republic of Vietnam,2024,October,610
Socialist Republic of Vietnam,2024,November,655
Socialist Republic of Vietnam,2024,December,590
Socialist Republic of Vietnam,2024,Total,9205
Socialist Republic of Vietnam,2025,January,440
Socialist Republic of Vietnam,2025,February,600
Socialist Republic of Vietnam,2025,March,680
Socialist Republic of Vietnam,2025,April,525
Socialist Republic of Vietnam,2025,May,460
Socialist Republic of Vietnam,2025,June,510
Socialist Republic of Vietnam,2025,July,650
Socialist Republic of Vietnam,2025,August,595
Socialist Republic of Vietnam,2025,September,335
Socialist Republic of Vietnam,2025,October,405
Socialist Republic of Vietnam,2025,November,355
Socialist Republic of Vietnam,2025,December,465
Socialist Republic of Vietnam,2025,Total,6025
Socialist Republic of Vietnam,2026,January,315
Socialist Republic of Vietnam,2026,February,215
Socialist Republic of Vietnam,2026,March,325
Socialist Republic of Vietnam,2026,April,445
Socialist Republic of Vietnam,2026,May,435
Socialist Republic of Vietnam,2026,Total,1740
"Solomons, The",2023,January,0
"Solomons, The",2023,February,0
"Solomons, The",2023,March,0
"Solomons, The",2023,April,0
"Solomons, The",2023,May,0
"Solomons, The",2023,June,
"Solomons, The",2023,July,
"Solomons, The",2023,August,0
"Solomons, The",2023,September,0
"Solomons, The",2023,October,0
"Solomons, The",2023,November,0
"Solomons, The",2023,December,0
"Solomons, The",2023,Total,
"Solomons, The",2024,January,0
"Solomons, The",2024,February,0
"Solomons, The",2024,March,0
"Solomons, The",2024,April,0
"Solomons, The",2024,May,0
"Solomons, The",2024,June,0
"Solomons, The",2024,July,0
"Solomons, The",2024,August,0
"Solomons, The",2024,September,0
"Solomons, The",2024,October,0
"Solomons, The",2024,November,0
"Solomons, The",2024,December,0
"Solomons, The",2024,Total,0
"Solomons, The",2025,January,0
"Solomons, The",2025,February,0
"Solomons, The",2025,March,0
"Solomons, The",2025,April,0
"Solomons, The",2025,May,0
"Solomons, The",2025,June,0
"Solomons, The",2025,July,0
"Solomons, The",2025,August,0
"Solomons, The",2025,September,0
"Solomons, The",2025,October,0
"Solomons, The",2025,November,0
"Solomons, The",2025,December,0
"Solomons, The",2025,Total,0
"Solomons, The",2026,January,
"Solomons, The",2026,February,0
"Solomons, The",2026,March,0
"Solomons, The",2026,April,0
"Solomons, The",2026,May,0
"Solomons, The",2026,Total,
"Somalia, Democratic Republic of",2023,January,10
"Somalia, Democratic Republic of",2023,February,10
"Somalia, Democratic Republic of",2023,March,10
"Somalia, Democratic Republic of",2023,April,10
"Somalia, Democratic Republic of",2023,May,15
"Somalia, Democratic Republic of",2023,June,10
"Somalia, Democratic Republic of",2023,July,10
"Somalia, Democratic Republic of",2023,August,5
"Somalia, Democratic Republic of",2023,September,5
"Somalia, Democratic Republic of",2023,October,
"Somalia, Democratic Republic of",2023,November,5
"Somalia, Democratic Republic of",2023,December,5
"Somalia, Democratic Republic of",2023,Total,100
"Somalia, Democratic Republic of",2024,January,10
"Somalia, Democratic Republic of",2024,February,10
"Somalia, Democratic Republic of",2024,March,
"Somalia, Democratic Republic of",2024,April,
"Somalia, Democratic Republic of",2024,May,
"Somalia, Democratic Republic of",2024,June,5
"Somalia, Democratic Republic of",2024,July,5
"Somalia, Democratic Republic of",2024,August,10
"Somalia, Democratic Republic of",2024,September,
"Somalia, Democratic Republic of",2024,October,
"Somalia, Democratic Republic of",2024,November,5
"Somalia, Democratic Republic of",2024,December,
"Somalia, Democratic Republic of",2024,Total,60
"Somalia, Democratic Republic of",2025,January,5
"Somalia, Democratic Republic of",2025,February,5
"Somalia, Democratic Republic of",2025,March,
"Somalia, Democratic Republic of",2025,April,
"Somalia, Democratic Republic of",2025,May,
"Somalia, Democratic Republic of",2025,June,
"Somalia, Democratic Republic of",2025,July,
"Somalia, Democratic Republic of",2025,August,5
"Somalia, Democratic Republic of",2025,September,
"Somalia, Democratic Republic of",2025,October,
"Somalia, Democratic Republic of",2025,November,
"Somalia, Democratic Republic of",2025,December,
"Somalia, Democratic Republic of",2025,Total,40
"Somalia, Democratic Republic of",2026,January,0
"Somalia, Democratic Republic of",2026,February,
"Somalia, Democratic Republic of",2026,March,
"Somalia, Democratic Republic of",2026,April,
"Somalia, Democratic Republic of",2026,May,5
"Somalia, Democratic Republic of",2026,Total,10
"South Sudan, Republic Of",2023,January,
"South Sudan, Republic Of",2023,February,
"South Sudan, Republic Of",2023,March,
"South Sudan, Republic Of",2023,April,
"South Sudan, Republic Of",2023,May,
"South Sudan, Republic Of",2023,June,5
"South Sudan, Republic Of",2023,July,
"South Sudan, Republic Of",2023,August,5
"South Sudan, Republic Of",2023,September,
"South Sudan, Republic Of",2023,October,
"South Sudan, Republic Of",2023,November,
"South Sudan, Republic Of",2023,December,
"South Sudan, Republic Of",2023,Total,40
"South Sudan, Republic Of",2024,January,
"South Sudan, Republic Of",2024,February,
"South Sudan, Republic Of",2024,March,0
"South Sudan, Republic Of",2024,April,0
"South Sudan, Republic Of",2024,May,
"South Sudan, Republic Of",2024,June,
"South Sudan, Republic Of",2024,July,
"South Sudan, Republic Of",2024,August,5
"South Sudan, Republic Of",2024,September,
"South Sudan, Republic Of",2024,October,0
"South Sudan, Republic Of",2024,November,
"South Sudan, Republic Of",2024,December,0
"South Sudan, Republic Of",2024,Total,20
"South Sudan, Republic Of",2025,January,0
"South Sudan, Republic Of",2025,February,
"South Sudan, Republic Of",2025,March,0
"South Sudan, Republic Of",2025,April,
"South Sudan, Republic Of",2025,May,
"South Sudan, Republic Of",2025,June,0
"South Sudan, Republic Of",2025,July,5
"South Sudan, Republic Of",2025,August,
"South Sudan, Republic Of",2025,September,
"South Sudan, Republic Of",2025,October,
"South Sudan, Republic Of",2025,November,
"South Sudan, Republic Of",2025,December,10
"South Sudan, Republic Of",2025,Total,30
"South Sudan, Republic Of",2026,January,
"South Sudan, Republic Of",2026,February,
"South Sudan, Republic Of",2026,March,
"South Sudan, Republic Of",2026,April,
"South Sudan, Republic Of",2026,May,
"South Sudan, Republic Of",2026,Total,15
Spain,2023,January,30
Spain,2023,February,60
Spain,2023,March,165
Spain,2023,April,230
Spain,2023,May,555
Spain,2023,June,485
Spain,2023,July,235
Spain,2023,August,115
Spain,2023,September,35
Spain,2023,October,25
Spain,2023,November,35
Spain,2023,December,40
Spain,2023,Total,2005
Spain,2024,January,40
Spain,2024,February,35
Spain,2024,March,15
Spain,2024,April,390
Spain,2024,May,475
Spain,2024,June,160
Spain,2024,July,220
Spain,2024,August,290
Spain,2024,September,45
Spain,2024,October,30
Spain,2024,November,10
Spain,2024,December,35
Spain,2024,Total,1740
Spain,2025,January,60
Spain,2025,February,75
Spain,2025,March,165
Spain,2025,April,225
Spain,2025,May,115
Spain,2025,June,60
Spain,2025,July,155
Spain,2025,August,745
Spain,2025,September,45
Spain,2025,October,25
Spain,2025,November,25
Spain,2025,December,25
Spain,2025,Total,1715
Spain,2026,January,80
Spain,2026,February,70
Spain,2026,March,235
Spain,2026,April,480
Spain,2026,May,365
Spain,2026,Total,1230
Sri Lanka,2023,January,345
Sri Lanka,2023,February,215
Sri Lanka,2023,March,880
Sri Lanka,2023,April,375
Sri Lanka,2023,May,610
Sri Lanka,2023,June,890
Sri Lanka,2023,July,820
Sri Lanka,2023,August,570
Sri Lanka,2023,September,530
Sri Lanka,2023,October,630
Sri Lanka,2023,November,720
Sri Lanka,2023,December,650
Sri Lanka,2023,Total,7235
Sri Lanka,2024,January,560
Sri Lanka,2024,February,320
Sri Lanka,2024,March,385
Sri Lanka,2024,April,355
Sri Lanka,2024,May,405
Sri Lanka,2024,June,345
Sri Lanka,2024,July,760
Sri Lanka,2024,August,1005
Sri Lanka,2024,September,280
Sri Lanka,2024,October,350
Sri Lanka,2024,November,280
Sri Lanka,2024,December,420
Sri Lanka,2024,Total,5460
Sri Lanka,2025,January,370
Sri Lanka,2025,February,145
Sri Lanka,2025,March,130
Sri Lanka,2025,April,100
Sri Lanka,2025,May,150
Sri Lanka,2025,June,135
Sri Lanka,2025,July,115
Sri Lanka,2025,August,110
Sri Lanka,2025,September,95
Sri Lanka,2025,October,45
Sri Lanka,2025,November,50
Sri Lanka,2025,December,80
Sri Lanka,2025,Total,1520
Sri Lanka,2026,January,90
Sri Lanka,2026,February,55
Sri Lanka,2026,March,65
Sri Lanka,2026,April,50
Sri Lanka,2026,May,55
Sri Lanka,2026,Total,315
St. Kitts-Nevis,2023,January,
St. Kitts-Nevis,2023,February,
St. Kitts-Nevis,2023,March,
St. Kitts-Nevis,2023,April,10
St. Kitts-Nevis,2023,May,5
St. Kitts-Nevis,2023,June,
St. Kitts-Nevis,2023,July,
St. Kitts-Nevis,2023,August,5
St. Kitts-Nevis,2023,September,
St. Kitts-Nevis,2023,October,
St. Kitts-Nevis,2023,November,5
St. Kitts-Nevis,2023,December,0
St. Kitts-Nevis,2023,Total,45
St. Kitts-Nevis,2024,January,
St. Kitts-Nevis,2024,February,
St. Kitts-Nevis,2024,March,
St. Kitts-Nevis,2024,April,
St. Kitts-Nevis,2024,May,5
St. Kitts-Nevis,2024,June,
St. Kitts-Nevis,2024,July,5
St. Kitts-Nevis,2024,August,5
St. Kitts-Nevis,2024,September,
St. Kitts-Nevis,2024,October,
St. Kitts-Nevis,2024,November,
St. Kitts-Nevis,2024,December,
St. Kitts-Nevis,2024,Total,35
St. Kitts-Nevis,2025,January,
St. Kitts-Nevis,2025,February,
St. Kitts-Nevis,2025,March,
St. Kitts-Nevis,2025,April,
St. Kitts-Nevis,2025,May,
St. Kitts-Nevis,2025,June,
St. Kitts-Nevis,2025,July,
St. Kitts-Nevis,2025,August,
St. Kitts-Nevis,2025,September,
St. Kitts-Nevis,2025,October,
St. Kitts-Nevis,2025,November,0
St. Kitts-Nevis,2025,December,
St. Kitts-Nevis,2025,Total,25
St. Kitts-Nevis,2026,January,
St. Kitts-Nevis,2026,February,
St. Kitts-Nevis,2026,March,0
St. Kitts-Nevis,2026,April,0
St. Kitts-Nevis,2026,May,
St. Kitts-Nevis,2026,Total,5
St. Lucia,2023,January,
St. Lucia,2023,February,5
St. Lucia,2023,March,
St. Lucia,2023,April,5
St. Lucia,2023,May,10
St. Lucia,2023,June,
St. Lucia,2023,July,15
St. Lucia,2023,August,
St. Lucia,2023,September,5
St. Lucia,2023,October,
St. Lucia,2023,November,5
St. Lucia,2023,December,
St. Lucia,2023,Total,70
St. Lucia,2024,January,
St. Lucia,2024,February,
St. Lucia,2024,March,
St. Lucia,2024,April,
St. Lucia,2024,May,5
St. Lucia,2024,June,
St. Lucia,2024,July,15
St. Lucia,2024,August,15
St. Lucia,2024,September,
St. Lucia,2024,October,
St. Lucia,2024,November,
St. Lucia,2024,December,
St. Lucia,2024,Total,60
St. Lucia,2025,January,
St. Lucia,2025,February,0
St. Lucia,2025,March,
St. Lucia,2025,April,5
St. Lucia,2025,May,5
St. Lucia,2025,June,10
St. Lucia,2025,July,
St. Lucia,2025,August,10
St. Lucia,2025,September,
St. Lucia,2025,October,5
St. Lucia,2025,November,
St. Lucia,2025,December,
St. Lucia,2025,Total,50
St. Lucia,2026,January,0
St. Lucia,2026,February,
St. Lucia,2026,March,
St. Lucia,2026,April,
St. Lucia,2026,May,
St. Lucia,2026,Total,10
St. Vincent and the Grenadines,2023,January,
St. Vincent and the Grenadines,2023,February,
St. Vincent and the Grenadines,2023,March,
St. Vincent and the Grenadines,2023,April,
St. Vincent and the Grenadines,2023,May,
St. Vincent and the Grenadines,2023,June,5
St. Vincent and the Grenadines,2023,July,
St. Vincent and the Grenadines,2023,August,5
St. Vincent and the Grenadines,2023,September,5
St. Vincent and the Grenadines,2023,October,
St. Vincent and the Grenadines,2023,November,
St. Vincent and the Grenadines,2023,December,
St. Vincent and the Grenadines,2023,Total,35
St. Vincent and the Grenadines,2024,January,
St. Vincent and the Grenadines,2024,February,
St. Vincent and the Grenadines,2024,March,
St. Vincent and the Grenadines,2024,April,
St. Vincent and the Grenadines,2024,May,
St. Vincent and the Grenadines,2024,June,5
St. Vincent and the Grenadines,2024,July,
St. Vincent and the Grenadines,2024,August,10
St. Vincent and the Grenadines,2024,September,
St. Vincent and the Grenadines,2024,October,
St. Vincent and the Grenadines,2024,November,
St. Vincent and the Grenadines,2024,December,
St. Vincent and the Grenadines,2024,Total,35
St. Vincent and the Grenadines,2025,January,
St. Vincent and the Grenadines,2025,February,0
St. Vincent and the Grenadines,2025,March,0
St. Vincent and the Grenadines,2025,April,0
St. Vincent and the Grenadines,2025,May,0
St. Vincent and the Grenadines,2025,June,5
St. Vincent and the Grenadines,2025,July,5
St. Vincent and the Grenadines,2025,August,
St. Vincent and the Grenadines,2025,September,
St. Vincent and the Grenadines,2025,October,
St. Vincent and the Grenadines,2025,November,
St. Vincent and the Grenadines,2025,December,0
St. Vincent and the Grenadines,2025,Total,20
St. Vincent and the Grenadines,2026,January,
St. Vincent and the Grenadines,2026,February,0
St. Vincent and the Grenadines,2026,March,
St. Vincent and the Grenadines,2026,April,0
St. Vincent and the Grenadines,2026,May,
St. Vincent and the Grenadines,2026,Total,
Stateless,2023,January,10
Stateless,2023,February,15
Stateless,2023,March,10
Stateless,2023,April,10
Stateless,2023,May,20
Stateless,2023,June,20
Stateless,2023,July,25
Stateless,2023,August,20
Stateless,2023,September,15
Stateless,2023,October,20
Stateless,2023,November,25
Stateless,2023,December,15
Stateless,2023,Total,205
Stateless,2024,January,25
Stateless,2024,February,15
Stateless,2024,March,10
Stateless,2024,April,5
Stateless,2024,May,25
Stateless,2024,June,30
Stateless,2024,July,40
Stateless,2024,August,30
Stateless,2024,September,25
Stateless,2024,October,25
Stateless,2024,November,20
Stateless,2024,December,15
Stateless,2024,Total,265
Stateless,2025,January,15
Stateless,2025,February,15
Stateless,2025,March,15
Stateless,2025,April,5
Stateless,2025,May,10
Stateless,2025,June,15
Stateless,2025,July,30
Stateless,2025,August,15
Stateless,2025,September,10
Stateless,2025,October,
Stateless,2025,November,10
Stateless,2025,December,30
Stateless,2025,Total,175
Stateless,2026,January,15
Stateless,2026,February,5
Stateless,2026,March,
Stateless,2026,April,15
Stateless,2026,May,
Stateless,2026,Total,40
Surinam,2023,January,0
Surinam,2023,February,
Surinam,2023,March,0
Surinam,2023,April,
Surinam,2023,May,0
Surinam,2023,June,
Surinam,2023,July,0
Surinam,2023,August,
Surinam,2023,September,0
Surinam,2023,October,0
Surinam,2023,November,
Surinam,2023,December,5
Surinam,2023,Total,15
Surinam,2024,January,
Surinam,2024,February,0
Surinam,2024,March,0
Surinam,2024,April,0
Surinam,2024,May,0
Surinam,2024,June,0
Surinam,2024,July,
Surinam,2024,August,
Surinam,2024,September,
Surinam,2024,October,
Surinam,2024,November,0
Surinam,2024,December,0
Surinam,2024,Total,5
Surinam,2025,January,0
Surinam,2025,February,0
Surinam,2025,March,0
Surinam,2025,April,0
Surinam,2025,May,
Surinam,2025,June,0
Surinam,2025,July,
Surinam,2025,August,0
Surinam,2025,September,0
Surinam,2025,October,
Surinam,2025,November,
Surinam,2025,December,0
Surinam,2025,Total,
Surinam,2026,January,
Surinam,2026,February,0
Surinam,2026,March,
Surinam,2026,April,
Surinam,2026,May,0
Surinam,2026,Total,
Swaziland,2023,January,0
Swaziland,2023,February,0
Swaziland,2023,March,
Swaziland,2023,April,
Swaziland,2023,May,
Swaziland,2023,June,
Swaziland,2023,July,0
Swaziland,2023,August,
Swaziland,2023,September,
Swaziland,2023,October,
Swaziland,2023,November,
Swaziland,2023,December,0
Swaziland,2023,Total,20
Swaziland,2024,January,
Swaziland,2024,February,
Swaziland,2024,March,
Swaziland,2024,April,
Swaziland,2024,May,0
Swaziland,2024,June,0
Swaziland,2024,July,
Swaziland,2024,August,0
Swaziland,2024,September,
Swaziland,2024,October,0
Swaziland,2024,November,
Swaziland,2024,December,0
Swaziland,2024,Total,10
Swaziland,2025,January,
Swaziland,2025,February,0
Swaziland,2025,March,0
Swaziland,2025,April,0
Swaziland,2025,May,
Swaziland,2025,June,
Swaziland,2025,July,
Swaziland,2025,August,
Swaziland,2025,September,0
Swaziland,2025,October,0
Swaziland,2025,November,0
Swaziland,2025,December,
Swaziland,2025,Total,10
Swaziland,2026,January,
Swaziland,2026,February,0
Swaziland,2026,March,0
Swaziland,2026,April,
Swaziland,2026,May,
Swaziland,2026,Total,5
Sweden,2023,January,
Sweden,2023,February,
Sweden,2023,March,5
Sweden,2023,April,
Sweden,2023,May,10
Sweden,2023,June,20
Sweden,2023,July,20
Sweden,2023,August,10
Sweden,2023,September,10
Sweden,2023,October,
Sweden,2023,November,5
Sweden,2023,December,
Sweden,2023,Total,100
Sweden,2024,January,5
Sweden,2024,February,
Sweden,2024,March,
Sweden,2024,April,
Sweden,2024,May,10
Sweden,2024,June,10
Sweden,2024,July,15
Sweden,2024,August,15
Sweden,2024,September,5
Sweden,2024,October,5
Sweden,2024,November,0
Sweden,2024,December,
Sweden,2024,Total,75
Sweden,2025,January,
Sweden,2025,February,
Sweden,2025,March,0
Sweden,2025,April,
Sweden,2025,May,
Sweden,2025,June,
Sweden,2025,July,
Sweden,2025,August,20
Sweden,2025,September,5
Sweden,2025,October,
Sweden,2025,November,
Sweden,2025,December,
Sweden,2025,Total,50
Sweden,2026,January,5
Sweden,2026,February,
Sweden,2026,March,
Sweden,2026,April,5
Sweden,2026,May,10
Sweden,2026,Total,25
Switzerland,2023,January,20
Switzerland,2023,February,10
Switzerland,2023,March,10
Switzerland,2023,April,25
Switzerland,2023,May,65
Switzerland,2023,June,120
Switzerland,2023,July,60
Switzerland,2023,August,30
Switzerland,2023,September,15
Switzerland,2023,October,15
Switzerland,2023,November,10
Switzerland,2023,December,5
Switzerland,2023,Total,380
Switzerland,2024,January,5
Switzerland,2024,February,5
Switzerland,2024,March,5
Switzerland,2024,April,30
Switzerland,2024,May,70
Switzerland,2024,June,50
Switzerland,2024,July,50
Switzerland,2024,August,80
Switzerland,2024,September,25
Switzerland,2024,October,5
Switzerland,2024,November,15
Switzerland,2024,December,15
Switzerland,2024,Total,355
Switzerland,2025,January,15
Switzerland,2025,February,20
Switzerland,2025,March,10
Switzerland,2025,April,15
Switzerland,2025,May,15
Switzerland,2025,June,10
Switzerland,2025,July,20
Switzerland,2025,August,205
Switzerland,2025,September,15
Switzerland,2025,October,15
Switzerland,2025,November,10
Switzerland,2025,December,
Switzerland,2025,Total,355
Switzerland,2026,January,10
Switzerland,2026,February,5
Switzerland,2026,March,10
Switzerland,2026,April,75
Switzerland,2026,May,85
Switzerland,2026,Total,190
Syria,2023,January,25
Syria,2023,February,35
Syria,2023,March,30
Syria,2023,April,40
Syria,2023,May,65
Syria,2023,June,55
Syria,2023,July,45
Syria,2023,August,55
Syria,2023,September,25
Syria,2023,October,55
Syria,2023,November,70
Syria,2023,December,50
Syria,2023,Total,550
Syria,2024,January,80
Syria,2024,February,40
Syria,2024,March,35
Syria,2024,April,20
Syria,2024,May,30
Syria,2024,June,60
Syria,2024,July,45
Syria,2024,August,35
Syria,2024,September,20
Syria,2024,October,35
Syria,2024,November,35
Syria,2024,December,35
Syria,2024,Total,465
Syria,2025,January,25
Syria,2025,February,25
Syria,2025,March,15
Syria,2025,April,20
Syria,2025,May,15
Syria,2025,June,10
Syria,2025,July,25
Syria,2025,August,30
Syria,2025,September,10
Syria,2025,October,10
Syria,2025,November,15
Syria,2025,December,10
Syria,2025,Total,210
Syria,2026,January,10
Syria,2026,February,20
Syria,2026,March,10
Syria,2026,April,20
Syria,2026,May,20
Syria,2026,Total,80
Taiwan,2023,January,115
Taiwan,2023,February,50
Taiwan,2023,March,155
Taiwan,2023,April,215
Taiwan,2023,May,230
Taiwan,2023,June,330
Taiwan,2023,July,315
Taiwan,2023,August,210
Taiwan,2023,September,70
Taiwan,2023,October,150
Taiwan,2023,November,120
Taiwan,2023,December,55
Taiwan,2023,Total,2015
Taiwan,2024,January,65
Taiwan,2024,February,105
Taiwan,2024,March,115
Taiwan,2024,April,100
Taiwan,2024,May,110
Taiwan,2024,June,30
Taiwan,2024,July,570
Taiwan,2024,August,440
Taiwan,2024,September,135
Taiwan,2024,October,90
Taiwan,2024,November,75
Taiwan,2024,December,80
Taiwan,2024,Total,1925
Taiwan,2025,January,105
Taiwan,2025,February,65
Taiwan,2025,March,85
Taiwan,2025,April,120
Taiwan,2025,May,100
Taiwan,2025,June,65
Taiwan,2025,July,115
Taiwan,2025,August,480
Taiwan,2025,September,75
Taiwan,2025,October,80
Taiwan,2025,November,55
Taiwan,2025,December,45
Taiwan,2025,Total,1390
Taiwan,2026,January,75
Taiwan,2026,February,95
Taiwan,2026,March,100
Taiwan,2026,April,130
Taiwan,2026,May,225
Taiwan,2026,Total,615
Tajikistan,2023,January,
Tajikistan,2023,February,
Tajikistan,2023,March,5
Tajikistan,2023,April,5
Tajikistan,2023,May,5
Tajikistan,2023,June,10
Tajikistan,2023,July,
Tajikistan,2023,August,50
Tajikistan,2023,September,50
Tajikistan,2023,October,20
Tajikistan,2023,November,30
Tajikistan,2023,December,30
Tajikistan,2023,Total,210
Tajikistan,2024,January,20
Tajikistan,2024,February,30
Tajikistan,2024,March,20
Tajikistan,2024,April,10
Tajikistan,2024,May,5
Tajikistan,2024,June,
Tajikistan,2024,July,15
Tajikistan,2024,August,15
Tajikistan,2024,September,15
Tajikistan,2024,October,10
Tajikistan,2024,November,20
Tajikistan,2024,December,10
Tajikistan,2024,Total,170
Tajikistan,2025,January,
Tajikistan,2025,February,
Tajikistan,2025,March,5
Tajikistan,2025,April,10
Tajikistan,2025,May,5
Tajikistan,2025,June,10
Tajikistan,2025,July,
Tajikistan,2025,August,10
Tajikistan,2025,September,5
Tajikistan,2025,October,
Tajikistan,2025,November,5
Tajikistan,2025,December,5
Tajikistan,2025,Total,65
Tajikistan,2026,January,
Tajikistan,2026,February,0
Tajikistan,2026,March,
Tajikistan,2026,April,5
Tajikistan,2026,May,0
Tajikistan,2026,Total,10
Thailand,2023,January,100
Thailand,2023,February,105
Thailand,2023,March,170
Thailand,2023,April,175
Thailand,2023,May,180
Thailand,2023,June,285
Thailand,2023,July,285
Thailand,2023,August,170
Thailand,2023,September,65
Thailand,2023,October,65
Thailand,2023,November,85
Thailand,2023,December,90
Thailand,2023,Total,1780
Thailand,2024,January,65
Thailand,2024,February,75
Thailand,2024,March,40
Thailand,2024,April,90
Thailand,2024,May,100
Thailand,2024,June,145
Thailand,2024,July,210
Thailand,2024,August,145
Thailand,2024,September,70
Thailand,2024,October,50
Thailand,2024,November,60
Thailand,2024,December,80
Thailand,2024,Total,1130
Thailand,2025,January,40
Thailand,2025,February,55
Thailand,2025,March,60
Thailand,2025,April,70
Thailand,2025,May,60
Thailand,2025,June,110
Thailand,2025,July,150
Thailand,2025,August,80
Thailand,2025,September,50
Thailand,2025,October,30
Thailand,2025,November,25
Thailand,2025,December,45
Thailand,2025,Total,765
Thailand,2026,January,25
Thailand,2026,February,20
Thailand,2026,March,35
Thailand,2026,April,35
Thailand,2026,May,40
Thailand,2026,Total,155
The Netherlands,2023,January,10
The Netherlands,2023,February,10
The Netherlands,2023,March,10
The Netherlands,2023,April,15
The Netherlands,2023,May,25
The Netherlands,2023,June,55
The Netherlands,2023,July,40
The Netherlands,2023,August,25
The Netherlands,2023,September,30
The Netherlands,2023,October,10
The Netherlands,2023,November,10
The Netherlands,2023,December,10
The Netherlands,2023,Total,250
The Netherlands,2024,January,
The Netherlands,2024,February,
The Netherlands,2024,March,5
The Netherlands,2024,April,
The Netherlands,2024,May,10
The Netherlands,2024,June,20
The Netherlands,2024,July,25
The Netherlands,2024,August,45
The Netherlands,2024,September,20
The Netherlands,2024,October,10
The Netherlands,2024,November,10
The Netherlands,2024,December,
The Netherlands,2024,Total,160
The Netherlands,2025,January,15
The Netherlands,2025,February,5
The Netherlands,2025,March,5
The Netherlands,2025,April,10
The Netherlands,2025,May,10
The Netherlands,2025,June,15
The Netherlands,2025,July,10
The Netherlands,2025,August,70
The Netherlands,2025,September,10
The Netherlands,2025,October,10
The Netherlands,2025,November,5
The Netherlands,2025,December,5
The Netherlands,2025,Total,170
The Netherlands,2026,January,5
The Netherlands,2026,February,10
The Netherlands,2026,March,5
The Netherlands,2026,April,20
The Netherlands,2026,May,20
The Netherlands,2026,Total,55
"Togo, Republic of",2023,January,270
"Togo, Republic of",2023,February,160
"Togo, Republic of",2023,March,200
"Togo, Republic of",2023,April,185
"Togo, Republic of",2023,May,295
"Togo, Republic of",2023,June,350
"Togo, Republic of",2023,July,265
"Togo, Republic of",2023,August,365
"Togo, Republic of",2023,September,265
"Togo, Republic of",2023,October,170
"Togo, Republic of",2023,November,540
"Togo, Republic of",2023,December,410
"Togo, Republic of",2023,Total,3475
"Togo, Republic of",2024,January,250
"Togo, Republic of",2024,February,530
"Togo, Republic of",2024,March,365
"Togo, Republic of",2024,April,205
"Togo, Republic of",2024,May,365
"Togo, Republic of",2024,June,430
"Togo, Republic of",2024,July,525
"Togo, Republic of",2024,August,405
"Togo, Republic of",2024,September,390
"Togo, Republic of",2024,October,755
"Togo, Republic of",2024,November,245
"Togo, Republic of",2024,December,240
"Togo, Republic of",2024,Total,4705
"Togo, Republic of",2025,January,230
"Togo, Republic of",2025,February,190
"Togo, Republic of",2025,March,125
"Togo, Republic of",2025,April,90
"Togo, Republic of",2025,May,95
"Togo, Republic of",2025,June,105
"Togo, Republic of",2025,July,130
"Togo, Republic of",2025,August,115
"Togo, Republic of",2025,September,120
"Togo, Republic of",2025,October,65
"Togo, Republic of",2025,November,75
"Togo, Republic of",2025,December,135
"Togo, Republic of",2025,Total,1465
"Togo, Republic of",2026,January,80
"Togo, Republic of",2026,February,70
"Togo, Republic of",2026,March,40
"Togo, Republic of",2026,April,65
"Togo, Republic of",2026,May,75
"Togo, Republic of",2026,Total,330
Tonga,2023,January,0
Tonga,2023,February,0
Tonga,2023,March,0
Tonga,2023,April,0
Tonga,2023,May,0
Tonga,2023,June,0
Tonga,2023,July,0
Tonga,2023,August,0
Tonga,2023,September,0
Tonga,2023,October,0
Tonga,2023,November,0
Tonga,2023,December,0
Tonga,2023,Total,0
Tonga,2024,January,0
Tonga,2024,February,0
Tonga,2024,March,0
Tonga,2024,April,0
Tonga,2024,May,0
Tonga,2024,June,0
Tonga,2024,July,
Tonga,2024,August,0
Tonga,2024,September,
Tonga,2024,October,0
Tonga,2024,November,0
Tonga,2024,December,0
Tonga,2024,Total,
Tonga,2025,January,0
Tonga,2025,February,0
Tonga,2025,March,0
Tonga,2025,April,0
Tonga,2025,May,0
Tonga,2025,June,0
Tonga,2025,July,0
Tonga,2025,August,0
Tonga,2025,September,0
Tonga,2025,October,0
Tonga,2025,November,0
Tonga,2025,December,0
Tonga,2025,Total,0
Tonga,2026,January,0
Tonga,2026,February,0
Tonga,2026,March,0
Tonga,2026,April,0
Tonga,2026,May,0
Tonga,2026,Total,0
"Trinidad and Tobago, Republic of",2023,January,20
"Trinidad and Tobago, Republic of",2023,February,65
"Trinidad and Tobago, Republic of",2023,March,45
"Trinidad and Tobago, Republic of",2023,April,55
"Trinidad and Tobago, Republic of",2023,May,75
"Trinidad and Tobago, Republic of",2023,June,90
"Trinidad and Tobago, Republic of",2023,July,75
"Trinidad and Tobago, Republic of",2023,August,70
"Trinidad and Tobago, Republic of",2023,September,60
"Trinidad and Tobago, Republic of",2023,October,25
"Trinidad and Tobago, Republic of",2023,November,30
"Trinidad and Tobago, Republic of",2023,December,30
"Trinidad and Tobago, Republic of",2023,Total,635
"Trinidad and Tobago, Republic of",2024,January,25
"Trinidad and Tobago, Republic of",2024,February,20
"Trinidad and Tobago, Republic of",2024,March,25
"Trinidad and Tobago, Republic of",2024,April,30
"Trinidad and Tobago, Republic of",2024,May,35
"Trinidad and Tobago, Republic of",2024,June,45
"Trinidad and Tobago, Republic of",2024,July,55
"Trinidad and Tobago, Republic of",2024,August,65
"Trinidad and Tobago, Republic of",2024,September,15
"Trinidad and Tobago, Republic of",2024,October,20
"Trinidad and Tobago, Republic of",2024,November,30
"Trinidad and Tobago, Republic of",2024,December,5
"Trinidad and Tobago, Republic of",2024,Total,375
"Trinidad and Tobago, Republic of",2025,January,15
"Trinidad and Tobago, Republic of",2025,February,15
"Trinidad and Tobago, Republic of",2025,March,10
"Trinidad and Tobago, Republic of",2025,April,15
"Trinidad and Tobago, Republic of",2025,May,5
"Trinidad and Tobago, Republic of",2025,June,40
"Trinidad and Tobago, Republic of",2025,July,50
"Trinidad and Tobago, Republic of",2025,August,40
"Trinidad and Tobago, Republic of",2025,September,10
"Trinidad and Tobago, Republic of",2025,October,10
"Trinidad and Tobago, Republic of",2025,November,15
"Trinidad and Tobago, Republic of",2025,December,15
"Trinidad and Tobago, Republic of",2025,Total,250
"Trinidad and Tobago, Republic of",2026,January,
"Trinidad and Tobago, Republic of",2026,February,5
"Trinidad and Tobago, Republic of",2026,March,25
"Trinidad and Tobago, Republic of",2026,April,5
"Trinidad and Tobago, Republic of",2026,May,30
"Trinidad and Tobago, Republic of",2026,Total,70
Tunisia,2023,January,170
Tunisia,2023,February,210
Tunisia,2023,March,250
Tunisia,2023,April,240
Tunisia,2023,May,455
Tunisia,2023,June,310
Tunisia,2023,July,160
Tunisia,2023,August,535
Tunisia,2023,September,270
Tunisia,2023,October,330
Tunisia,2023,November,545
Tunisia,2023,December,355
Tunisia,2023,Total,3835
Tunisia,2024,January,310
Tunisia,2024,February,275
Tunisia,2024,March,245
Tunisia,2024,April,290
Tunisia,2024,May,310
Tunisia,2024,June,355
Tunisia,2024,July,500
Tunisia,2024,August,370
Tunisia,2024,September,335
Tunisia,2024,October,280
Tunisia,2024,November,270
Tunisia,2024,December,235
Tunisia,2024,Total,3770
Tunisia,2025,January,160
Tunisia,2025,February,165
Tunisia,2025,March,190
Tunisia,2025,April,150
Tunisia,2025,May,130
Tunisia,2025,June,175
Tunisia,2025,July,215
Tunisia,2025,August,160
Tunisia,2025,September,110
Tunisia,2025,October,125
Tunisia,2025,November,115
Tunisia,2025,December,135
Tunisia,2025,Total,1825
Tunisia,2026,January,85
Tunisia,2026,February,55
Tunisia,2026,March,75
Tunisia,2026,April,70
Tunisia,2026,May,70
Tunisia,2026,Total,360
Turkey,2023,January,225
Turkey,2023,February,370
Turkey,2023,March,435
Turkey,2023,April,190
Turkey,2023,May,435
Turkey,2023,June,340
Turkey,2023,July,465
Turkey,2023,August,345
Turkey,2023,September,185
Turkey,2023,October,730
Turkey,2023,November,775
Turkey,2023,December,165
Turkey,2023,Total,4660
Turkey,2024,January,245
Turkey,2024,February,145
Turkey,2024,March,70
Turkey,2024,April,125
Turkey,2024,May,300
Turkey,2024,June,210
Turkey,2024,July,390
Turkey,2024,August,195
Turkey,2024,September,85
Turkey,2024,October,125
Turkey,2024,November,75
Turkey,2024,December,130
Turkey,2024,Total,2100
Turkey,2025,January,90
Turkey,2025,February,20
Turkey,2025,March,120
Turkey,2025,April,125
Turkey,2025,May,160
Turkey,2025,June,240
Turkey,2025,July,365
Turkey,2025,August,170
Turkey,2025,September,75
Turkey,2025,October,70
Turkey,2025,November,65
Turkey,2025,December,60
Turkey,2025,Total,1565
Turkey,2026,January,100
Turkey,2026,February,35
Turkey,2026,March,55
Turkey,2026,April,120
Turkey,2026,May,65
Turkey,2026,Total,375
Turkmenistan,2023,January,
Turkmenistan,2023,February,10
Turkmenistan,2023,March,5
Turkmenistan,2023,April,
Turkmenistan,2023,May,5
Turkmenistan,2023,June,
Turkmenistan,2023,July,
Turkmenistan,2023,August,5
Turkmenistan,2023,September,
Turkmenistan,2023,October,
Turkmenistan,2023,November,5
Turkmenistan,2023,December,
Turkmenistan,2023,Total,50
Turkmenistan,2024,January,
Turkmenistan,2024,February,
Turkmenistan,2024,March,
Turkmenistan,2024,April,
Turkmenistan,2024,May,
Turkmenistan,2024,June,
Turkmenistan,2024,July,5
Turkmenistan,2024,August,
Turkmenistan,2024,September,0
Turkmenistan,2024,October,
Turkmenistan,2024,November,
Turkmenistan,2024,December,0
Turkmenistan,2024,Total,25
Turkmenistan,2025,January,
Turkmenistan,2025,February,
Turkmenistan,2025,March,
Turkmenistan,2025,April,0
Turkmenistan,2025,May,
Turkmenistan,2025,June,
Turkmenistan,2025,July,
Turkmenistan,2025,August,
Turkmenistan,2025,September,
Turkmenistan,2025,October,5
Turkmenistan,2025,November,
Turkmenistan,2025,December,
Turkmenistan,2025,Total,25
Turkmenistan,2026,January,5
Turkmenistan,2026,February,0
Turkmenistan,2026,March,
Turkmenistan,2026,April,
Turkmenistan,2026,May,
Turkmenistan,2026,Total,10
Turks and Caicos Islands,2023,January,0
Turks and Caicos Islands,2023,February,0
Turks and Caicos Islands,2023,March,0
Turks and Caicos Islands,2023,April,0
Turks and Caicos Islands,2023,May,0
Turks and Caicos Islands,2023,June,0
Turks and Caicos Islands,2023,July,0
Turks and Caicos Islands,2023,August,0
Turks and Caicos Islands,2023,September,0
Turks and Caicos Islands,2023,October,0
Turks and Caicos Islands,2023,November,0
Turks and Caicos Islands,2023,December,0
Turks and Caicos Islands,2023,Total,0
Turks and Caicos Islands,2024,January,0
Turks and Caicos Islands,2024,February,0
Turks and Caicos Islands,2024,March,0
Turks and Caicos Islands,2024,April,0
Turks and Caicos Islands,2024,May,0
Turks and Caicos Islands,2024,June,0
Turks and Caicos Islands,2024,July,0
Turks and Caicos Islands,2024,August,0
Turks and Caicos Islands,2024,September,0
Turks and Caicos Islands,2024,October,0
Turks and Caicos Islands,2024,November,0
Turks and Caicos Islands,2024,December,0
Turks and Caicos Islands,2024,Total,0
Turks and Caicos Islands,2025,January,0
Turks and Caicos Islands,2025,February,0
Turks and Caicos Islands,2025,March,0
Turks and Caicos Islands,2025,April,0
Turks and Caicos Islands,2025,May,0
Turks and Caicos Islands,2025,June,0
Turks and Caicos Islands,2025,July,0
Turks and Caicos Islands,2025,August,
Turks and Caicos Islands,2025,September,0
Turks and Caicos Islands,2025,October,0
Turks and Caicos Islands,2025,November,0
Turks and Caicos Islands,2025,December,0
Turks and Caicos Islands,2025,Total,
Turks and Caicos Islands,2026,January,0
Turks and Caicos Islands,2026,February,0
Turks and Caicos Islands,2026,March,0
Turks and Caicos Islands,2026,April,0
Turks and Caicos Islands,2026,May,0
Turks and Caicos Islands,2026,Total,0
Uganda,2023,January,100
Uganda,2023,February,210
Uganda,2023,March,140
Uganda,2023,April,160
Uganda,2023,May,160
Uganda,2023,June,185
Uganda,2023,July,70
Uganda,2023,August,190
Uganda,2023,September,200
Uganda,2023,October,110
Uganda,2023,November,120
Uganda,2023,December,120
Uganda,2023,Total,1765
Uganda,2024,January,135
Uganda,2024,February,75
Uganda,2024,March,75
Uganda,2024,April,55
Uganda,2024,May,75
Uganda,2024,June,90
Uganda,2024,July,90
Uganda,2024,August,105
Uganda,2024,September,70
Uganda,2024,October,35
Uganda,2024,November,45
Uganda,2024,December,35
Uganda,2024,Total,890
Uganda,2025,January,75
Uganda,2025,February,60
Uganda,2025,March,35
Uganda,2025,April,40
Uganda,2025,May,60
Uganda,2025,June,50
Uganda,2025,July,60
Uganda,2025,August,70
Uganda,2025,September,60
Uganda,2025,October,35
Uganda,2025,November,35
Uganda,2025,December,55
Uganda,2025,Total,630
Uganda,2026,January,45
Uganda,2026,February,45
Uganda,2026,March,30
Uganda,2026,April,45
Uganda,2026,May,45
Uganda,2026,Total,210
Ukraine,2023,January,25
Ukraine,2023,February,25
Ukraine,2023,March,10
Ukraine,2023,April,20
Ukraine,2023,May,25
Ukraine,2023,June,30
Ukraine,2023,July,60
Ukraine,2023,August,35
Ukraine,2023,September,40
Ukraine,2023,October,15
Ukraine,2023,November,85
Ukraine,2023,December,10
Ukraine,2023,Total,375
Ukraine,2024,January,30
Ukraine,2024,February,15
Ukraine,2024,March,10
Ukraine,2024,April,15
Ukraine,2024,May,50
Ukraine,2024,June,25
Ukraine,2024,July,45
Ukraine,2024,August,30
Ukraine,2024,September,25
Ukraine,2024,October,30
Ukraine,2024,November,40
Ukraine,2024,December,30
Ukraine,2024,Total,335
Ukraine,2025,January,40
Ukraine,2025,February,20
Ukraine,2025,March,20
Ukraine,2025,April,20
Ukraine,2025,May,30
Ukraine,2025,June,35
Ukraine,2025,July,45
Ukraine,2025,August,20
Ukraine,2025,September,20
Ukraine,2025,October,20
Ukraine,2025,November,15
Ukraine,2025,December,10
Ukraine,2025,Total,295
Ukraine,2026,January,5
Ukraine,2026,February,15
Ukraine,2026,March,20
Ukraine,2026,April,25
Ukraine,2026,May,20
Ukraine,2026,Total,80
United Arab Emirates,2023,January,
United Arab Emirates,2023,February,0
United Arab Emirates,2023,March,
United Arab Emirates,2023,April,15
United Arab Emirates,2023,May,20
United Arab Emirates,2023,June,15
United Arab Emirates,2023,July,15
United Arab Emirates,2023,August,80
United Arab Emirates,2023,September,
United Arab Emirates,2023,October,0
United Arab Emirates,2023,November,
United Arab Emirates,2023,December,10
United Arab Emirates,2023,Total,165
United Arab Emirates,2024,January,0
United Arab Emirates,2024,February,
United Arab Emirates,2024,March,
United Arab Emirates,2024,April,
United Arab Emirates,2024,May,5
United Arab Emirates,2024,June,
United Arab Emirates,2024,July,5
United Arab Emirates,2024,August,20
United Arab Emirates,2024,September,0
United Arab Emirates,2024,October,
United Arab Emirates,2024,November,
United Arab Emirates,2024,December,10
United Arab Emirates,2024,Total,55
United Arab Emirates,2025,January,
United Arab Emirates,2025,February,5
United Arab Emirates,2025,March,
United Arab Emirates,2025,April,
United Arab Emirates,2025,May,
United Arab Emirates,2025,June,
United Arab Emirates,2025,July,
United Arab Emirates,2025,August,40
United Arab Emirates,2025,September,30
United Arab Emirates,2025,October,5
United Arab Emirates,2025,November,20
United Arab Emirates,2025,December,
United Arab Emirates,2025,Total,120
United Arab Emirates,2026,January,
United Arab Emirates,2026,February,0
United Arab Emirates,2026,March,5
United Arab Emirates,2026,April,
United Arab Emirates,2026,May,5
United Arab Emirates,2026,Total,20
United Kingdom and Overseas Territories,2023,January,50
United Kingdom and Overseas Territories,2023,February,40
United Kingdom and Overseas Territories,2023,March,65
United Kingdom and Overseas Territories,2023,April,85
United Kingdom and Overseas Territories,2023,May,220
United Kingdom and Overseas Territories,2023,June,495
United Kingdom and Overseas Territories,2023,July,370
United Kingdom and Overseas Territories,2023,August,175
United Kingdom and Overseas Territories,2023,September,105
United Kingdom and Overseas Territories,2023,October,30
United Kingdom and Overseas Territories,2023,November,55
United Kingdom and Overseas Territories,2023,December,40
United Kingdom and Overseas Territories,2023,Total,1735
United Kingdom and Overseas Territories,2024,January,50
United Kingdom and Overseas Territories,2024,February,15
United Kingdom and Overseas Territories,2024,March,30
United Kingdom and Overseas Territories,2024,April,35
United Kingdom and Overseas Territories,2024,May,75
United Kingdom and Overseas Territories,2024,June,225
United Kingdom and Overseas Territories,2024,July,220
United Kingdom and Overseas Territories,2024,August,230
United Kingdom and Overseas Territories,2024,September,75
United Kingdom and Overseas Territories,2024,October,50
United Kingdom and Overseas Territories,2024,November,35
United Kingdom and Overseas Territories,2024,December,30
United Kingdom and Overseas Territories,2024,Total,1070
United Kingdom and Overseas Territories,2025,January,35
United Kingdom and Overseas Territories,2025,February,25
United Kingdom and Overseas Territories,2025,March,25
United Kingdom and Overseas Territories,2025,April,45
United Kingdom and Overseas Territories,2025,May,45
United Kingdom and Overseas Territories,2025,June,45
United Kingdom and Overseas Territories,2025,July,50
United Kingdom and Overseas Territories,2025,August,765
United Kingdom and Overseas Territories,2025,September,60
United Kingdom and Overseas Territories,2025,October,30
United Kingdom and Overseas Territories,2025,November,30
United Kingdom and Overseas Territories,2025,December,15
United Kingdom and Overseas Territories,2025,Total,1170
United Kingdom and Overseas Territories,2026,January,35
United Kingdom and Overseas Territories,2026,February,35
United Kingdom and Overseas Territories,2026,March,45
United Kingdom and Overseas Territories,2026,April,100
United Kingdom and Overseas Territories,2026,May,185
United Kingdom and Overseas Territories,2026,Total,405
United Republic of Tanzania,2023,January,35
United Republic of Tanzania,2023,February,15
United Republic of Tanzania,2023,March,70
United Republic of Tanzania,2023,April,30
United Republic of Tanzania,2023,May,90
United Republic of Tanzania,2023,June,115
United Republic of Tanzania,2023,July,50
United Republic of Tanzania,2023,August,115
United Republic of Tanzania,2023,September,45
United Republic of Tanzania,2023,October,45
United Republic of Tanzania,2023,November,55
United Republic of Tanzania,2023,December,45
United Republic of Tanzania,2023,Total,715
United Republic of Tanzania,2024,January,55
United Republic of Tanzania,2024,February,80
United Republic of Tanzania,2024,March,20
United Republic of Tanzania,2024,April,20
United Republic of Tanzania,2024,May,35
United Republic of Tanzania,2024,June,20
United Republic of Tanzania,2024,July,70
United Republic of Tanzania,2024,August,85
United Republic of Tanzania,2024,September,20
United Republic of Tanzania,2024,October,25
United Republic of Tanzania,2024,November,55
United Republic of Tanzania,2024,December,10
United Republic of Tanzania,2024,Total,495
United Republic of Tanzania,2025,January,75
United Republic of Tanzania,2025,February,20
United Republic of Tanzania,2025,March,15
United Republic of Tanzania,2025,April,10
United Republic of Tanzania,2025,May,5
United Republic of Tanzania,2025,June,5
United Republic of Tanzania,2025,July,15
United Republic of Tanzania,2025,August,50
United Republic of Tanzania,2025,September,20
United Republic of Tanzania,2025,October,10
United Republic of Tanzania,2025,November,
United Republic of Tanzania,2025,December,35
United Republic of Tanzania,2025,Total,265
United Republic of Tanzania,2026,January,10
United Republic of Tanzania,2026,February,15
United Republic of Tanzania,2026,March,30
United Republic of Tanzania,2026,April,30
United Republic of Tanzania,2026,May,25
United Republic of Tanzania,2026,Total,115
United States of America,2023,January,125
United States of America,2023,February,145
United States of America,2023,March,185
United States of America,2023,April,230
United States of America,2023,May,555
United States of America,2023,June,940
United States of America,2023,July,710
United States of America,2023,August,465
United States of America,2023,September,170
United States of America,2023,October,140
United States of America,2023,November,185
United States of America,2023,December,70
United States of America,2023,Total,3925
United States of America,2024,January,185
United States of America,2024,February,120
United States of America,2024,March,105
United States of America,2024,April,225
United States of America,2024,May,225
United States of America,2024,June,340
United States of America,2024,July,610
United States of America,2024,August,840
United States of America,2024,September,235
United States of America,2024,October,235
United States of America,2024,November,150
United States of America,2024,December,130
United States of America,2024,Total,3400
United States of America,2025,January,160
United States of America,2025,February,180
United States of America,2025,March,165
United States of America,2025,April,190
United States of America,2025,May,180
United States of America,2025,June,745
United States of America,2025,July,310
United States of America,2025,August,1335
United States of America,2025,September,230
United States of America,2025,October,215
United States of America,2025,November,145
United States of America,2025,December,120
United States of America,2025,Total,3975
United States of America,2026,January,190
United States of America,2026,February,125
United States of America,2026,March,180
United States of America,2026,April,380
United States of America,2026,May,380
United States of America,2026,Total,1250
Uruguay,2023,January,
Uruguay,2023,February,
Uruguay,2023,March,5
Uruguay,2023,April,
Uruguay,2023,May,5
Uruguay,2023,June,5
Uruguay,2023,July,
Uruguay,2023,August,
Uruguay,2023,September,
Uruguay,2023,October,5
Uruguay,2023,November,
Uruguay,2023,December,0
Uruguay,2023,Total,40
Uruguay,2024,January,5
Uruguay,2024,February,
Uruguay,2024,March,0
Uruguay,2024,April,0
Uruguay,2024,May,
Uruguay,2024,June,
Uruguay,2024,July,
Uruguay,2024,August,0
Uruguay,2024,September,
Uruguay,2024,October,
Uruguay,2024,November,0
Uruguay,2024,December,
Uruguay,2024,Total,15
Uruguay,2025,January,0
Uruguay,2025,February,0
Uruguay,2025,March,0
Uruguay,2025,April,
Uruguay,2025,May,
Uruguay,2025,June,
Uruguay,2025,July,
Uruguay,2025,August,
Uruguay,2025,September,0
Uruguay,2025,October,
Uruguay,2025,November,0
Uruguay,2025,December,
Uruguay,2025,Total,10
Uruguay,2026,January,0
Uruguay,2026,February,0
Uruguay,2026,March,
Uruguay,2026,April,
Uruguay,2026,May,
Uruguay,2026,Total,5
Uzbekistan,2023,January,25
Uzbekistan,2023,February,10
Uzbekistan,2023,March,20
Uzbekistan,2023,April,15
Uzbekistan,2023,May,15
Uzbekistan,2023,June,15
Uzbekistan,2023,July,10
Uzbekistan,2023,August,110
Uzbekistan,2023,September,135
Uzbekistan,2023,October,55
Uzbekistan,2023,November,85
Uzbekistan,2023,December,185
Uzbekistan,2023,Total,670
Uzbekistan,2024,January,70
Uzbekistan,2024,February,75
Uzbekistan,2024,March,80
Uzbekistan,2024,April,50
Uzbekistan,2024,May,55
Uzbekistan,2024,June,85
Uzbekistan,2024,July,225
Uzbekistan,2024,August,190
Uzbekistan,2024,September,90
Uzbekistan,2024,October,135
Uzbekistan,2024,November,335
Uzbekistan,2024,December,135
Uzbekistan,2024,Total,1535
Uzbekistan,2025,January,60
Uzbekistan,2025,February,65
Uzbekistan,2025,March,30
Uzbekistan,2025,April,85
Uzbekistan,2025,May,90
Uzbekistan,2025,June,65
Uzbekistan,2025,July,65
Uzbekistan,2025,August,55
Uzbekistan,2025,September,30
Uzbekistan,2025,October,25
Uzbekistan,2025,November,25
Uzbekistan,2025,December,25
Uzbekistan,2025,Total,620
Uzbekistan,2026,January,20
Uzbekistan,2026,February,
Uzbekistan,2026,March,5
Uzbekistan,2026,April,5
Uzbekistan,2026,May,10
Uzbekistan,2026,Total,45
Vanuatu,2023,January,0
Vanuatu,2023,February,0
Vanuatu,2023,March,0
Vanuatu,2023,April,
Vanuatu,2023,May,
Vanuatu,2023,June,0
Vanuatu,2023,July,0
Vanuatu,2023,August,0
Vanuatu,2023,September,
Vanuatu,2023,October,0
Vanuatu,2023,November,0
Vanuatu,2023,December,
Vanuatu,2023,Total,5
Vanuatu,2024,January,0
Vanuatu,2024,February,0
Vanuatu,2024,March,0
Vanuatu,2024,April,0
Vanuatu,2024,May,0
Vanuatu,2024,June,0
Vanuatu,2024,July,0
Vanuatu,2024,August,
Vanuatu,2024,September,
Vanuatu,2024,October,
Vanuatu,2024,November,
Vanuatu,2024,December,0
Vanuatu,2024,Total,
Vanuatu,2025,January,0
Vanuatu,2025,February,
Vanuatu,2025,March,0
Vanuatu,2025,April,0
Vanuatu,2025,May,
Vanuatu,2025,June,0
Vanuatu,2025,July,
Vanuatu,2025,August,0
Vanuatu,2025,September,0
Vanuatu,2025,October,0
Vanuatu,2025,November,0
Vanuatu,2025,December,0
Vanuatu,2025,Total,
Vanuatu,2026,January,
Vanuatu,2026,February,0
Vanuatu,2026,March,0
Vanuatu,2026,April,0
Vanuatu,2026,May,0
Vanuatu,2026,Total,
Venezuela,2023,January,25
Venezuela,2023,February,25
Venezuela,2023,March,105
Venezuela,2023,April,50
Venezuela,2023,May,55
Venezuela,2023,June,55
Venezuela,2023,July,70
Venezuela,2023,August,65
Venezuela,2023,September,40
Venezuela,2023,October,65
Venezuela,2023,November,50
Venezuela,2023,December,25
Venezuela,2023,Total,640
Venezuela,2024,January,20
Venezuela,2024,February,20
Venezuela,2024,March,15
Venezuela,2024,April,20
Venezuela,2024,May,35
Venezuela,2024,June,20
Venezuela,2024,July,25
Venezuela,2024,August,30
Venezuela,2024,September,15
Venezuela,2024,October,10
Venezuela,2024,November,15
Venezuela,2024,December,5
Venezuela,2024,Total,235
Venezuela,2025,January,10
Venezuela,2025,February,10
Venezuela,2025,March,20
Venezuela,2025,April,15
Venezuela,2025,May,15
Venezuela,2025,June,10
Venezuela,2025,July,20
Venezuela,2025,August,15
Venezuela,2025,September,10
Venezuela,2025,October,10
Venezuela,2025,November,5
Venezuela,2025,December,10
Venezuela,2025,Total,150
Venezuela,2026,January,10
Venezuela,2026,February,
Venezuela,2026,March,5
Venezuela,2026,April,10
Venezuela,2026,May,5
Venezuela,2026,Total,35
"Yemen, Republic of",2023,January,35
"Yemen, Republic of",2023,February,35
"Yemen, Republic of",2023,March,30
"Yemen, Republic of",2023,April,30
"Yemen, Republic of",2023,May,35
"Yemen, Republic of",2023,June,25
"Yemen, Republic of",2023,July,40
"Yemen, Republic of",2023,August,50
"Yemen, Republic of",2023,September,10
"Yemen, Republic of",2023,October,35
"Yemen, Republic of",2023,November,35
"Yemen, Republic of",2023,December,20
"Yemen, Republic of",2023,Total,375
"Yemen, Republic of",2024,January,25
"Yemen, Republic of",2024,February,30
"Yemen, Republic of",2024,March,15
"Yemen, Republic of",2024,April,10
"Yemen, Republic of",2024,May,20
"Yemen, Republic of",2024,June,25
"Yemen, Republic of",2024,July,40
"Yemen, Republic of",2024,August,35
"Yemen, Republic of",2024,September,30
"Yemen, Republic of",2024,October,25
"Yemen, Republic of",2024,November,20
"Yemen, Republic of",2024,December,25
"Yemen, Republic of",2024,Total,305
"Yemen, Republic of",2025,January,20
"Yemen, Republic of",2025,February,20
"Yemen, Republic of",2025,March,15
"Yemen, Republic of",2025,April,5
"Yemen, Republic of",2025,May,20
"Yemen, Republic of",2025,June,
"Yemen, Republic of",2025,July,20
"Yemen, Republic of",2025,August,30
"Yemen, Republic of",2025,September,25
"Yemen, Republic of",2025,October,20
"Yemen, Republic of",2025,November,25
"Yemen, Republic of",2025,December,25
"Yemen, Republic of",2025,Total,235
"Yemen, Republic of",2026,January,25
"Yemen, Republic of",2026,February,15
"Yemen, Republic of",2026,March,10
"Yemen, Republic of",2026,April,15
"Yemen, Republic of",2026,May,15
"Yemen, Republic of",2026,Total,85
Zambia,2023,January,20
Zambia,2023,February,15
Zambia,2023,March,35
Zambia,2023,April,15
Zambia,2023,May,25
Zambia,2023,June,30
Zambia,2023,July,10
Zambia,2023,August,35
Zambia,2023,September,30
Zambia,2023,October,25
Zambia,2023,November,25
Zambia,2023,December,10
Zambia,2023,Total,275
Zambia,2024,January,15
Zambia,2024,February,
Zambia,2024,March,5
Zambia,2024,April,25
Zambia,2024,May,10
Zambia,2024,June,10
Zambia,2024,July,15
Zambia,2024,August,15
Zambia,2024,September,20
Zambia,2024,October,5
Zambia,2024,November,25
Zambia,2024,December,10
Zambia,2024,Total,165
Zambia,2025,January,10
Zambia,2025,February,
Zambia,2025,March,20
Zambia,2025,April,5
Zambia,2025,May,10
Zambia,2025,June,15
Zambia,2025,July,15
Zambia,2025,August,10
Zambia,2025,September,5
Zambia,2025,October,10
Zambia,2025,November,10
Zambia,2025,December,15
Zambia,2025,Total,130
Zambia,2026,January,10
Zambia,2026,February,10
Zambia,2026,March,5
Zambia,2026,April,10
Zambia,2026,May,10
Zambia,2026,Total,45
Zimbabwe,2023,January,45
Zimbabwe,2023,February,110
Zimbabwe,2023,March,90
Zimbabwe,2023,April,155
Zimbabwe,2023,May,165
Zimbabwe,2023,June,155
Zimbabwe,2023,July,50
Zimbabwe,2023,August,245
Zimbabwe,2023,September,140
Zimbabwe,2023,October,80
Zimbabwe,2023,November,125
Zimbabwe,2023,December,70
Zimbabwe,2023,Total,1430
Zimbabwe,2024,January,70
Zimbabwe,2024,February,45
Zimbabwe,2024,March,45
Zimbabwe,2024,April,95
Zimbabwe,2024,May,80
Zimbabwe,2024,June,105
Zimbabwe,2024,July,60
Zimbabwe,2024,August,85
Zimbabwe,2024,September,125
Zimbabwe,2024,October,70
Zimbabwe,2024,November,75
Zimbabwe,2024,December,120
Zimbabwe,2024,Total,975
Zimbabwe,2025,January,65
Zimbabwe,2025,February,25
Zimbabwe,2025,March,80
Zimbabwe,2025,April,35
Zimbabwe,2025,May,60
Zimbabwe,2025,June,110
Zimbabwe,2025,July,85
Zimbabwe,2025,August,95
Zimbabwe,2025,September,55
Zimbabwe,2025,October,35
Zimbabwe,2025,November,35
Zimbabwe,2025,December,90
Zimbabwe,2025,Total,765
Zimbabwe,2026,January,55
Zimbabwe,2026,February,30
Zimbabwe,2026,March,50
Zimbabwe,2026,April,50
Zimbabwe,2026,May,65
Zimbabwe,2026,Total,245
Other*,2023,January,
Other*,2023,February,0
Other*,2023,March,
Other*,2023,April,0
Other*,2023,May,
Other*,2023,June,
Other*,2023,July,
Other*,2023,August,0
Other*,2023,September,
Other*,2023,October,0
Other*,2023,November,
Other*,2023,December,
Other*,2023,Total,15
Other*,2024,January,0
Other*,2024,February,0
Other*,2024,March,
Other*,2024,April,
Other*,2024,May,0
Other*,2024,June,
Other*,2024,July,
Other*,2024,August,
Other*,2024,September,
Other*,2024,October,
Other*,2024,November,0
Other*,2024,December,
Other*,2024,Total,20
Other*,2025,January,0
Other*,2025,February,
Other*,2025,March,
Other*,2025,April,
Other*,2025,May,
Other*,2025,June,
Other*,2025,July,
Other*,2025,August,
Other*,2025,September,0
Other*,2025,October,0
Other*,2025,November,
Other*,2025,December,0
Other*,2025,Total,20
Other*,2026,January,
Other*,2026,February,0
Other*,2026,March,
Other*,2026,April,
Other*,2026,May,
Other*,2026,Total,5
