country,year,month,value
Total,2023,January,302785
Total,2023,February,326225
Total,2023,March,397215
Total,2023,April,338125
Total,2023,May,433635
Total,2023,June,420995
Total,2023,July,373810
Total,2023,August,359635
Total,2023,September,319950
Total,2023,October,316240
Total,2023,November,344925
Total,2023,December,255590
Total,2023,Total,4189130
Total,2024,January,335415
Total,2024,February,331005
Total,2024,March,320645
Total,2024,April,323785
Total,2024,May,330255
Total,2024,June,277760
Total,2024,July,298775
Total,2024,August,251285
Total,2024,September,233550
Total,2024,October,268385
Total,2024,November,247975
Total,2024,December,249795
Total,2024,Total,3468625
Total,2025,January,287510
Total,2025,February,263240
Total,2025,March,272660
Total,2025,April,217245
Total,2025,May,243210
Total,2025,June,195700
Total,2025,July,218355
Total,2025,August,234425
Total,2025,September,215500
Total,2025,October,220410
Total,2025,November,229650
Total,2025,December,217550
Total,2025,Total,2815455
Total,2026,January,248055
Total,2026,February,292320
Total,2026,March,300800
Total,2026,April,294805
Total,2026,May,275645
Total,2026,Total,1411625
Afghanistan,2023,January,170
Afghanistan,2023,February,335
Afghanistan,2023,March,570
Afghanistan,2023,April,625
Afghanistan,2023,May,305
Afghanistan,2023,June,405
Afghanistan,2023,July,210
Afghanistan,2023,August,240
Afghanistan,2023,September,280
Afghanistan,2023,October,250
Afghanistan,2023,November,290
Afghanistan,2023,December,235
Afghanistan,2023,Total,3915
Afghanistan,2024,January,275
Afghanistan,2024,February,400
Afghanistan,2024,March,310
Afghanistan,2024,April,210
Afghanistan,2024,May,185
Afghanistan,2024,June,175
Afghanistan,2024,July,165
Afghanistan,2024,August,125
Afghanistan,2024,September,115
Afghanistan,2024,October,150
Afghanistan,2024,November,105
Afghanistan,2024,December,145
Afghanistan,2024,Total,2360
Afghanistan,2025,January,185
Afghanistan,2025,February,255
Afghanistan,2025,March,380
Afghanistan,2025,April,165
Afghanistan,2025,May,485
Afghanistan,2025,June,225
Afghanistan,2025,July,245
Afghanistan,2025,August,260
Afghanistan,2025,September,335
Afghanistan,2025,October,275
Afghanistan,2025,November,315
Afghanistan,2025,December,345
Afghanistan,2025,Total,3465
Afghanistan,2026,January,265
Afghanistan,2026,February,410
Afghanistan,2026,March,220
Afghanistan,2026,April,145
Afghanistan,2026,May,180
Afghanistan,2026,Total,1215
Albania,2023,January,245
Albania,2023,February,420
Albania,2023,March,705
Albania,2023,April,355
Albania,2023,May,625
Albania,2023,June,410
Albania,2023,July,415
Albania,2023,August,525
Albania,2023,September,335
Albania,2023,October,410
Albania,2023,November,520
Albania,2023,December,365
Albania,2023,Total,5325
Albania,2024,January,585
Albania,2024,February,430
Albania,2024,March,375
Albania,2024,April,450
Albania,2024,May,505
Albania,2024,June,425
Albania,2024,July,315
Albania,2024,August,420
Albania,2024,September,300
Albania,2024,October,370
Albania,2024,November,520
Albania,2024,December,365
Albania,2024,Total,5060
Albania,2025,January,435
Albania,2025,February,415
Albania,2025,March,455
Albania,2025,April,470
Albania,2025,May,450
Albania,2025,June,350
Albania,2025,July,350
Albania,2025,August,285
Albania,2025,September,365
Albania,2025,October,330
Albania,2025,November,405
Albania,2025,December,325
Albania,2025,Total,4635
Albania,2026,January,290
Albania,2026,February,345
Albania,2026,March,400
Albania,2026,April,435
Albania,2026,May,450
Albania,2026,Total,1920
Algeria,2023,January,2620
Algeria,2023,February,2420
Algeria,2023,March,3525
Algeria,2023,April,3135
Algeria,2023,May,10985
Algeria,2023,June,7895
Algeria,2023,July,4425
Algeria,2023,August,4145
Algeria,2023,September,3755
Algeria,2023,October,4230
Algeria,2023,November,3765
Algeria,2023,December,4940
Algeria,2023,Total,55840
Algeria,2024,January,7740
Algeria,2024,February,6610
Algeria,2024,March,4240
Algeria,2024,April,3915
Algeria,2024,May,4255
Algeria,2024,June,5135
Algeria,2024,July,4450
Algeria,2024,August,3710
Algeria,2024,September,3805
Algeria,2024,October,3590
Algeria,2024,November,3755
Algeria,2024,December,4200
Algeria,2024,Total,55405
Algeria,2025,January,5200
Algeria,2025,February,3685
Algeria,2025,March,4575
Algeria,2025,April,2700
Algeria,2025,May,3385
Algeria,2025,June,3155
Algeria,2025,July,3395
Algeria,2025,August,3775
Algeria,2025,September,3835
Algeria,2025,October,3660
Algeria,2025,November,4265
Algeria,2025,December,4045
Algeria,2025,Total,45680
Algeria,2026,January,3665
Algeria,2026,February,4190
Algeria,2026,March,3900
Algeria,2026,April,4665
Algeria,2026,May,4995
Algeria,2026,Total,21410
Andorra,2023,January,0
Andorra,2023,February,
Andorra,2023,March,0
Andorra,2023,April,
Andorra,2023,May,
Andorra,2023,June,
Andorra,2023,July,
Andorra,2023,August,
Andorra,2023,September,
Andorra,2023,October,
Andorra,2023,November,
Andorra,2023,December,
Andorra,2023,Total,20
Andorra,2024,January,
Andorra,2024,February,
Andorra,2024,March,
Andorra,2024,April,
Andorra,2024,May,
Andorra,2024,June,0
Andorra,2024,July,
Andorra,2024,August,0
Andorra,2024,September,5
Andorra,2024,October,
Andorra,2024,November,0
Andorra,2024,December,5
Andorra,2024,Total,25
Andorra,2025,January,
Andorra,2025,February,5
Andorra,2025,March,
Andorra,2025,April,
Andorra,2025,May,
Andorra,2025,June,
Andorra,2025,July,0
Andorra,2025,August,
Andorra,2025,September,
Andorra,2025,October,
Andorra,2025,November,0
Andorra,2025,December,0
Andorra,2025,Total,20
Andorra,2026,January,
Andorra,2026,February,
Andorra,2026,March,0
Andorra,2026,April,
Andorra,2026,May,
Andorra,2026,Total,10
Angola,2023,January,130
Angola,2023,February,130
Angola,2023,March,180
Angola,2023,April,240
Angola,2023,May,155
Angola,2023,June,190
Angola,2023,July,75
Angola,2023,August,145
Angola,2023,September,125
Angola,2023,October,85
Angola,2023,November,90
Angola,2023,December,75
Angola,2023,Total,1620
Angola,2024,January,60
Angola,2024,February,75
Angola,2024,March,95
Angola,2024,April,90
Angola,2024,May,95
Angola,2024,June,125
Angola,2024,July,85
Angola,2024,August,90
Angola,2024,September,95
Angola,2024,October,70
Angola,2024,November,70
Angola,2024,December,115
Angola,2024,Total,1060
Angola,2025,January,150
Angola,2025,February,155
Angola,2025,March,180
Angola,2025,April,85
Angola,2025,May,220
Angola,2025,June,115
Angola,2025,July,110
Angola,2025,August,175
Angola,2025,September,115
Angola,2025,October,130
Angola,2025,November,120
Angola,2025,December,135
Angola,2025,Total,1690
Angola,2026,January,165
Angola,2026,February,355
Angola,2026,March,185
Angola,2026,April,30
Angola,2026,May,65
Angola,2026,Total,800
Antigua and Barbuda,2023,January,160
Antigua and Barbuda,2023,February,55
Antigua and Barbuda,2023,March,70
Antigua and Barbuda,2023,April,70
Antigua and Barbuda,2023,May,125
Antigua and Barbuda,2023,June,90
Antigua and Barbuda,2023,July,60
Antigua and Barbuda,2023,August,45
Antigua and Barbuda,2023,September,40
Antigua and Barbuda,2023,October,25
Antigua and Barbuda,2023,November,40
Antigua and Barbuda,2023,December,20
Antigua and Barbuda,2023,Total,795
Antigua and Barbuda,2024,January,25
Antigua and Barbuda,2024,February,20
Antigua and Barbuda,2024,March,30
Antigua and Barbuda,2024,April,30
Antigua and Barbuda,2024,May,30
Antigua and Barbuda,2024,June,25
Antigua and Barbuda,2024,July,40
Antigua and Barbuda,2024,August,30
Antigua and Barbuda,2024,September,20
Antigua and Barbuda,2024,October,35
Antigua and Barbuda,2024,November,35
Antigua and Barbuda,2024,December,20
Antigua and Barbuda,2024,Total,345
Antigua and Barbuda,2025,January,20
Antigua and Barbuda,2025,February,20
Antigua and Barbuda,2025,March,35
Antigua and Barbuda,2025,April,20
Antigua and Barbuda,2025,May,15
Antigua and Barbuda,2025,June,25
Antigua and Barbuda,2025,July,30
Antigua and Barbuda,2025,August,35
Antigua and Barbuda,2025,September,30
Antigua and Barbuda,2025,October,25
Antigua and Barbuda,2025,November,20
Antigua and Barbuda,2025,December,20
Antigua and Barbuda,2025,Total,290
Antigua and Barbuda,2026,January,15
Antigua and Barbuda,2026,February,25
Antigua and Barbuda,2026,March,20
Antigua and Barbuda,2026,April,25
Antigua and Barbuda,2026,May,25
Antigua and Barbuda,2026,Total,110
Argentina,2023,January,925
Argentina,2023,February,885
Argentina,2023,March,1020
Argentina,2023,April,1360
Argentina,2023,May,1285
Argentina,2023,June,930
Argentina,2023,July,550
Argentina,2023,August,495
Argentina,2023,September,390
Argentina,2023,October,380
Argentina,2023,November,335
Argentina,2023,December,280
Argentina,2023,Total,8830
Argentina,2024,January,325
Argentina,2024,February,375
Argentina,2024,March,395
Argentina,2024,April,420
Argentina,2024,May,485
Argentina,2024,June,460
Argentina,2024,July,455
Argentina,2024,August,365
Argentina,2024,September,165
Argentina,2024,October,230
Argentina,2024,November,260
Argentina,2024,December,325
Argentina,2024,Total,4265
Argentina,2025,January,335
Argentina,2025,February,260
Argentina,2025,March,265
Argentina,2025,April,360
Argentina,2025,May,660
Argentina,2025,June,355
Argentina,2025,July,335
Argentina,2025,August,280
Argentina,2025,September,270
Argentina,2025,October,350
Argentina,2025,November,270
Argentina,2025,December,300
Argentina,2025,Total,4040
Argentina,2026,January,330
Argentina,2026,February,300
Argentina,2026,March,425
Argentina,2026,April,490
Argentina,2026,May,465
Argentina,2026,Total,2010
Armenia,2023,January,60
Armenia,2023,February,85
Armenia,2023,March,125
Armenia,2023,April,95
Armenia,2023,May,325
Armenia,2023,June,175
Armenia,2023,July,95
Armenia,2023,August,95
Armenia,2023,September,75
Armenia,2023,October,225
Armenia,2023,November,205
Armenia,2023,December,160
Armenia,2023,Total,1715
Armenia,2024,January,190
Armenia,2024,February,90
Armenia,2024,March,120
Armenia,2024,April,240
Armenia,2024,May,160
Armenia,2024,June,130
Armenia,2024,July,120
Armenia,2024,August,205
Armenia,2024,September,110
Armenia,2024,October,150
Armenia,2024,November,140
Armenia,2024,December,110
Armenia,2024,Total,1765
Armenia,2025,January,80
Armenia,2025,February,135
Armenia,2025,March,95
Armenia,2025,April,120
Armenia,2025,May,155
Armenia,2025,June,120
Armenia,2025,July,110
Armenia,2025,August,100
Armenia,2025,September,90
Armenia,2025,October,100
Armenia,2025,November,105
Armenia,2025,December,70
Armenia,2025,Total,1270
Armenia,2026,January,75
Armenia,2026,February,120
Armenia,2026,March,100
Armenia,2026,April,115
Armenia,2026,May,80
Armenia,2026,Total,490
Aruba,2023,January,0
Aruba,2023,February,0
Aruba,2023,March,0
Aruba,2023,April,0
Aruba,2023,May,0
Aruba,2023,June,0
Aruba,2023,July,0
Aruba,2023,August,
Aruba,2023,September,0
Aruba,2023,October,0
Aruba,2023,November,
Aruba,2023,December,0
Aruba,2023,Total,
Aruba,2024,January,0
Aruba,2024,February,
Aruba,2024,March,0
Aruba,2024,April,
Aruba,2024,May,0
Aruba,2024,June,0
Aruba,2024,July,0
Aruba,2024,August,0
Aruba,2024,September,0
Aruba,2024,October,0
Aruba,2024,November,
Aruba,2024,December,
Aruba,2024,Total,5
Aruba,2025,January,0
Aruba,2025,February,0
Aruba,2025,March,0
Aruba,2025,April,0
Aruba,2025,May,0
Aruba,2025,June,0
Aruba,2025,July,0
Aruba,2025,August,0
Aruba,2025,September,0
Aruba,2025,October,0
Aruba,2025,November,
Aruba,2025,December,0
Aruba,2025,Total,
Aruba,2026,January,0
Aruba,2026,February,
Aruba,2026,March,
Aruba,2026,April,0
Aruba,2026,May,0
Aruba,2026,Total,
Australia,2023,January,410
Australia,2023,February,655
Australia,2023,March,905
Australia,2023,April,440
Australia,2023,May,1315
Australia,2023,June,1410
Australia,2023,July,1195
Australia,2023,August,1075
Australia,2023,September,830
Australia,2023,October,720
Australia,2023,November,580
Australia,2023,December,290
Australia,2023,Total,9830
Australia,2024,January,465
Australia,2024,February,745
Australia,2024,March,785
Australia,2024,April,935
Australia,2024,May,1245
Australia,2024,June,730
Australia,2024,July,860
Australia,2024,August,860
Australia,2024,September,695
Australia,2024,October,735
Australia,2024,November,540
Australia,2024,December,355
Australia,2024,Total,8955
Australia,2025,January,425
Australia,2025,February,795
Australia,2025,March,865
Australia,2025,April,665
Australia,2025,May,885
Australia,2025,June,1025
Australia,2025,July,830
Australia,2025,August,830
Australia,2025,September,705
Australia,2025,October,660
Australia,2025,November,435
Australia,2025,December,325
Australia,2025,Total,8450
Australia,2026,January,315
Australia,2026,February,810
Australia,2026,March,1115
Australia,2026,April,990
Australia,2026,May,1260
Australia,2026,Total,4490
Austria,2023,January,50
Austria,2023,February,80
Austria,2023,March,50
Austria,2023,April,30
Austria,2023,May,50
Austria,2023,June,65
Austria,2023,July,70
Austria,2023,August,50
Austria,2023,September,30
Austria,2023,October,25
Austria,2023,November,30
Austria,2023,December,25
Austria,2023,Total,560
Austria,2024,January,45
Austria,2024,February,70
Austria,2024,March,65
Austria,2024,April,50
Austria,2024,May,60
Austria,2024,June,45
Austria,2024,July,60
Austria,2024,August,50
Austria,2024,September,25
Austria,2024,October,50
Austria,2024,November,30
Austria,2024,December,25
Austria,2024,Total,575
Austria,2025,January,30
Austria,2025,February,65
Austria,2025,March,65
Austria,2025,April,30
Austria,2025,May,45
Austria,2025,June,40
Austria,2025,July,35
Austria,2025,August,65
Austria,2025,September,15
Austria,2025,October,25
Austria,2025,November,20
Austria,2025,December,25
Austria,2025,Total,465
Austria,2026,January,35
Austria,2026,February,80
Austria,2026,March,80
Austria,2026,April,55
Austria,2026,May,55
Austria,2026,Total,305
Azerbaijan,2023,January,80
Azerbaijan,2023,February,180
Azerbaijan,2023,March,330
Azerbaijan,2023,April,85
Azerbaijan,2023,May,280
Azerbaijan,2023,June,175
Azerbaijan,2023,July,160
Azerbaijan,2023,August,210
Azerbaijan,2023,September,90
Azerbaijan,2023,October,185
Azerbaijan,2023,November,290
Azerbaijan,2023,December,185
Azerbaijan,2023,Total,2255
Azerbaijan,2024,January,145
Azerbaijan,2024,February,155
Azerbaijan,2024,March,220
Azerbaijan,2024,April,100
Azerbaijan,2024,May,145
Azerbaijan,2024,June,160
Azerbaijan,2024,July,295
Azerbaijan,2024,August,320
Azerbaijan,2024,September,195
Azerbaijan,2024,October,250
Azerbaijan,2024,November,200
Azerbaijan,2024,December,195
Azerbaijan,2024,Total,2375
Azerbaijan,2025,January,220
Azerbaijan,2025,February,105
Azerbaijan,2025,March,270
Azerbaijan,2025,April,190
Azerbaijan,2025,May,220
Azerbaijan,2025,June,235
Azerbaijan,2025,July,220
Azerbaijan,2025,August,235
Azerbaijan,2025,September,165
Azerbaijan,2025,October,150
Azerbaijan,2025,November,175
Azerbaijan,2025,December,140
Azerbaijan,2025,Total,2335
Azerbaijan,2026,January,130
Azerbaijan,2026,February,145
Azerbaijan,2026,March,150
Azerbaijan,2026,April,100
Azerbaijan,2026,May,135
Azerbaijan,2026,Total,660
"Bahama Islands, The",2023,January,225
"Bahama Islands, The",2023,February,155
"Bahama Islands, The",2023,March,165
"Bahama Islands, The",2023,April,135
"Bahama Islands, The",2023,May,165
"Bahama Islands, The",2023,June,200
"Bahama Islands, The",2023,July,200
"Bahama Islands, The",2023,August,210
"Bahama Islands, The",2023,September,235
"Bahama Islands, The",2023,October,170
"Bahama Islands, The",2023,November,160
"Bahama Islands, The",2023,December,125
"Bahama Islands, The",2023,Total,2145
"Bahama Islands, The",2024,January,145
"Bahama Islands, The",2024,February,145
"Bahama Islands, The",2024,March,140
"Bahama Islands, The",2024,April,65
"Bahama Islands, The",2024,May,110
"Bahama Islands, The",2024,June,140
"Bahama Islands, The",2024,July,160
"Bahama Islands, The",2024,August,155
"Bahama Islands, The",2024,September,125
"Bahama Islands, The",2024,October,145
"Bahama Islands, The",2024,November,145
"Bahama Islands, The",2024,December,190
"Bahama Islands, The",2024,Total,1670
"Bahama Islands, The",2025,January,145
"Bahama Islands, The",2025,February,110
"Bahama Islands, The",2025,March,155
"Bahama Islands, The",2025,April,160
"Bahama Islands, The",2025,May,150
"Bahama Islands, The",2025,June,75
"Bahama Islands, The",2025,July,95
"Bahama Islands, The",2025,August,200
"Bahama Islands, The",2025,September,125
"Bahama Islands, The",2025,October,120
"Bahama Islands, The",2025,November,155
"Bahama Islands, The",2025,December,160
"Bahama Islands, The",2025,Total,1650
"Bahama Islands, The",2026,January,115
"Bahama Islands, The",2026,February,135
"Bahama Islands, The",2026,March,115
"Bahama Islands, The",2026,April,105
"Bahama Islands, The",2026,May,140
"Bahama Islands, The",2026,Total,615
Bahrain,2023,January,180
Bahrain,2023,February,65
Bahrain,2023,March,35
Bahrain,2023,April,30
Bahrain,2023,May,55
Bahrain,2023,June,75
Bahrain,2023,July,155
Bahrain,2023,August,60
Bahrain,2023,September,25
Bahrain,2023,October,50
Bahrain,2023,November,30
Bahrain,2023,December,20
Bahrain,2023,Total,780
Bahrain,2024,January,55
Bahrain,2024,February,45
Bahrain,2024,March,50
Bahrain,2024,April,40
Bahrain,2024,May,110
Bahrain,2024,June,40
Bahrain,2024,July,70
Bahrain,2024,August,45
Bahrain,2024,September,20
Bahrain,2024,October,70
Bahrain,2024,November,40
Bahrain,2024,December,30
Bahrain,2024,Total,605
Bahrain,2025,January,30
Bahrain,2025,February,40
Bahrain,2025,March,30
Bahrain,2025,April,15
Bahrain,2025,May,105
Bahrain,2025,June,40
Bahrain,2025,July,45
Bahrain,2025,August,30
Bahrain,2025,September,55
Bahrain,2025,October,35
Bahrain,2025,November,25
Bahrain,2025,December,20
Bahrain,2025,Total,470
Bahrain,2026,January,20
Bahrain,2026,February,40
Bahrain,2026,March,35
Bahrain,2026,April,70
Bahrain,2026,May,70
Bahrain,2026,Total,235
Bangladesh,2023,January,2765
Bangladesh,2023,February,3565
Bangladesh,2023,March,5235
Bangladesh,2023,April,3600
Bangladesh,2023,May,5815
Bangladesh,2023,June,4440
Bangladesh,2023,July,6785
Bangladesh,2023,August,6700
Bangladesh,2023,September,5385
Bangladesh,2023,October,6865
Bangladesh,2023,November,9605
Bangladesh,2023,December,6675
Bangladesh,2023,Total,67430
Bangladesh,2024,January,6585
Bangladesh,2024,February,5910
Bangladesh,2024,March,6240
Bangladesh,2024,April,5405
Bangladesh,2024,May,6235
Bangladesh,2024,June,6060
Bangladesh,2024,July,5945
Bangladesh,2024,August,3965
Bangladesh,2024,September,3720
Bangladesh,2024,October,4290
Bangladesh,2024,November,4030
Bangladesh,2024,December,3270
Bangladesh,2024,Total,61650
Bangladesh,2025,January,3870
Bangladesh,2025,February,2970
Bangladesh,2025,March,3220
Bangladesh,2025,April,2475
Bangladesh,2025,May,3010
Bangladesh,2025,June,2665
Bangladesh,2025,July,2965
Bangladesh,2025,August,3330
Bangladesh,2025,September,3255
Bangladesh,2025,October,3005
Bangladesh,2025,November,3375
Bangladesh,2025,December,3565
Bangladesh,2025,Total,37720
Bangladesh,2026,January,3515
Bangladesh,2026,February,4620
Bangladesh,2026,March,4485
Bangladesh,2026,April,3265
Bangladesh,2026,May,4390
Bangladesh,2026,Total,20280
Barbados,2023,January,130
Barbados,2023,February,135
Barbados,2023,March,135
Barbados,2023,April,125
Barbados,2023,May,180
Barbados,2023,June,125
Barbados,2023,July,130
Barbados,2023,August,140
Barbados,2023,September,115
Barbados,2023,October,100
Barbados,2023,November,110
Barbados,2023,December,80
Barbados,2023,Total,1505
Barbados,2024,January,95
Barbados,2024,February,170
Barbados,2024,March,155
Barbados,2024,April,120
Barbados,2024,May,115
Barbados,2024,June,85
Barbados,2024,July,135
Barbados,2024,August,100
Barbados,2024,September,70
Barbados,2024,October,145
Barbados,2024,November,120
Barbados,2024,December,130
Barbados,2024,Total,1440
Barbados,2025,January,145
Barbados,2025,February,140
Barbados,2025,March,110
Barbados,2025,April,110
Barbados,2025,May,80
Barbados,2025,June,80
Barbados,2025,July,80
Barbados,2025,August,140
Barbados,2025,September,95
Barbados,2025,October,90
Barbados,2025,November,120
Barbados,2025,December,95
Barbados,2025,Total,1290
Barbados,2026,January,110
Barbados,2026,February,110
Barbados,2026,March,145
Barbados,2026,April,105
Barbados,2026,May,75
Barbados,2026,Total,540
Belarus,2023,January,135
Belarus,2023,February,50
Belarus,2023,March,110
Belarus,2023,April,75
Belarus,2023,May,220
Belarus,2023,June,135
Belarus,2023,July,115
Belarus,2023,August,105
Belarus,2023,September,90
Belarus,2023,October,190
Belarus,2023,November,145
Belarus,2023,December,230
Belarus,2023,Total,1600
Belarus,2024,January,180
Belarus,2024,February,85
Belarus,2024,March,80
Belarus,2024,April,135
Belarus,2024,May,130
Belarus,2024,June,65
Belarus,2024,July,110
Belarus,2024,August,105
Belarus,2024,September,75
Belarus,2024,October,105
Belarus,2024,November,90
Belarus,2024,December,45
Belarus,2024,Total,1205
Belarus,2025,January,75
Belarus,2025,February,80
Belarus,2025,March,80
Belarus,2025,April,85
Belarus,2025,May,115
Belarus,2025,June,80
Belarus,2025,July,60
Belarus,2025,August,90
Belarus,2025,September,55
Belarus,2025,October,75
Belarus,2025,November,70
Belarus,2025,December,100
Belarus,2025,Total,960
Belarus,2026,January,80
Belarus,2026,February,80
Belarus,2026,March,75
Belarus,2026,April,90
Belarus,2026,May,135
Belarus,2026,Total,465
Belgium,2023,January,180
Belgium,2023,February,225
Belgium,2023,March,255
Belgium,2023,April,135
Belgium,2023,May,320
Belgium,2023,June,355
Belgium,2023,July,305
Belgium,2023,August,205
Belgium,2023,September,220
Belgium,2023,October,205
Belgium,2023,November,170
Belgium,2023,December,110
Belgium,2023,Total,2695
Belgium,2024,January,240
Belgium,2024,February,255
Belgium,2024,March,250
Belgium,2024,April,250
Belgium,2024,May,270
Belgium,2024,June,180
Belgium,2024,July,265
Belgium,2024,August,250
Belgium,2024,September,205
Belgium,2024,October,215
Belgium,2024,November,120
Belgium,2024,December,165
Belgium,2024,Total,2655
Belgium,2025,January,185
Belgium,2025,February,245
Belgium,2025,March,285
Belgium,2025,April,190
Belgium,2025,May,190
Belgium,2025,June,140
Belgium,2025,July,185
Belgium,2025,August,435
Belgium,2025,September,145
Belgium,2025,October,130
Belgium,2025,November,150
Belgium,2025,December,100
Belgium,2025,Total,2375
Belgium,2026,January,175
Belgium,2026,February,275
Belgium,2026,March,335
Belgium,2026,April,280
Belgium,2026,May,270
Belgium,2026,Total,1335
Belize,2023,January,55
Belize,2023,February,50
Belize,2023,March,45
Belize,2023,April,50
Belize,2023,May,90
Belize,2023,June,60
Belize,2023,July,45
Belize,2023,August,90
Belize,2023,September,60
Belize,2023,October,60
Belize,2023,November,75
Belize,2023,December,30
Belize,2023,Total,710
Belize,2024,January,55
Belize,2024,February,50
Belize,2024,March,80
Belize,2024,April,45
Belize,2024,May,65
Belize,2024,June,35
Belize,2024,July,55
Belize,2024,August,45
Belize,2024,September,25
Belize,2024,October,25
Belize,2024,November,65
Belize,2024,December,30
Belize,2024,Total,570
Belize,2025,January,45
Belize,2025,February,20
Belize,2025,March,30
Belize,2025,April,45
Belize,2025,May,65
Belize,2025,June,30
Belize,2025,July,55
Belize,2025,August,40
Belize,2025,September,25
Belize,2025,October,35
Belize,2025,November,50
Belize,2025,December,50
Belize,2025,Total,495
Belize,2026,January,40
Belize,2026,February,55
Belize,2026,March,85
Belize,2026,April,60
Belize,2026,May,50
Belize,2026,Total,290
Bermuda,2023,January,
Bermuda,2023,February,
Bermuda,2023,March,0
Bermuda,2023,April,
Bermuda,2023,May,5
Bermuda,2023,June,5
Bermuda,2023,July,5
Bermuda,2023,August,5
Bermuda,2023,September,
Bermuda,2023,October,
Bermuda,2023,November,
Bermuda,2023,December,
Bermuda,2023,Total,35
Bermuda,2024,January,
Bermuda,2024,February,
Bermuda,2024,March,
Bermuda,2024,April,
Bermuda,2024,May,
Bermuda,2024,June,0
Bermuda,2024,July,
Bermuda,2024,August,
Bermuda,2024,September,
Bermuda,2024,October,
Bermuda,2024,November,
Bermuda,2024,December,
Bermuda,2024,Total,20
Bermuda,2025,January,
Bermuda,2025,February,
Bermuda,2025,March,
Bermuda,2025,April,
Bermuda,2025,May,
Bermuda,2025,June,
Bermuda,2025,July,0
Bermuda,2025,August,10
Bermuda,2025,September,
Bermuda,2025,October,0
Bermuda,2025,November,0
Bermuda,2025,December,
Bermuda,2025,Total,25
Bermuda,2026,January,
Bermuda,2026,February,
Bermuda,2026,March,
Bermuda,2026,April,5
Bermuda,2026,May,
Bermuda,2026,Total,10
Bhutan,2023,January,100
Bhutan,2023,February,60
Bhutan,2023,March,135
Bhutan,2023,April,170
Bhutan,2023,May,110
Bhutan,2023,June,330
Bhutan,2023,July,355
Bhutan,2023,August,200
Bhutan,2023,September,150
Bhutan,2023,October,95
Bhutan,2023,November,420
Bhutan,2023,December,350
Bhutan,2023,Total,2475
Bhutan,2024,January,180
Bhutan,2024,February,80
Bhutan,2024,March,110
Bhutan,2024,April,75
Bhutan,2024,May,90
Bhutan,2024,June,75
Bhutan,2024,July,235
Bhutan,2024,August,85
Bhutan,2024,September,110
Bhutan,2024,October,105
Bhutan,2024,November,115
Bhutan,2024,December,105
Bhutan,2024,Total,1355
Bhutan,2025,January,95
Bhutan,2025,February,105
Bhutan,2025,March,100
Bhutan,2025,April,95
Bhutan,2025,May,85
Bhutan,2025,June,90
Bhutan,2025,July,90
Bhutan,2025,August,110
Bhutan,2025,September,120
Bhutan,2025,October,135
Bhutan,2025,November,90
Bhutan,2025,December,105
Bhutan,2025,Total,1215
Bhutan,2026,January,125
Bhutan,2026,February,120
Bhutan,2026,March,170
Bhutan,2026,April,225
Bhutan,2026,May,240
Bhutan,2026,Total,880
Bolivia,2023,January,120
Bolivia,2023,February,125
Bolivia,2023,March,160
Bolivia,2023,April,140
Bolivia,2023,May,305
Bolivia,2023,June,215
Bolivia,2023,July,205
Bolivia,2023,August,265
Bolivia,2023,September,160
Bolivia,2023,October,130
Bolivia,2023,November,150
Bolivia,2023,December,110
Bolivia,2023,Total,2085
Bolivia,2024,January,130
Bolivia,2024,February,160
Bolivia,2024,March,190
Bolivia,2024,April,260
Bolivia,2024,May,200
Bolivia,2024,June,165
Bolivia,2024,July,235
Bolivia,2024,August,220
Bolivia,2024,September,115
Bolivia,2024,October,240
Bolivia,2024,November,180
Bolivia,2024,December,165
Bolivia,2024,Total,2260
Bolivia,2025,January,240
Bolivia,2025,February,165
Bolivia,2025,March,205
Bolivia,2025,April,170
Bolivia,2025,May,195
Bolivia,2025,June,135
Bolivia,2025,July,170
Bolivia,2025,August,160
Bolivia,2025,September,120
Bolivia,2025,October,120
Bolivia,2025,November,125
Bolivia,2025,December,140
Bolivia,2025,Total,1940
Bolivia,2026,January,115
Bolivia,2026,February,145
Bolivia,2026,March,145
Bolivia,2026,April,140
Bolivia,2026,May,145
Bolivia,2026,Total,690
Bosnia-Hercegovina,2023,January,60
Bosnia-Hercegovina,2023,February,50
Bosnia-Hercegovina,2023,March,65
Bosnia-Hercegovina,2023,April,40
Bosnia-Hercegovina,2023,May,125
Bosnia-Hercegovina,2023,June,70
Bosnia-Hercegovina,2023,July,90
Bosnia-Hercegovina,2023,August,70
Bosnia-Hercegovina,2023,September,40
Bosnia-Hercegovina,2023,October,35
Bosnia-Hercegovina,2023,November,45
Bosnia-Hercegovina,2023,December,60
Bosnia-Hercegovina,2023,Total,745
Bosnia-Hercegovina,2024,January,45
Bosnia-Hercegovina,2024,February,50
Bosnia-Hercegovina,2024,March,60
Bosnia-Hercegovina,2024,April,70
Bosnia-Hercegovina,2024,May,60
Bosnia-Hercegovina,2024,June,35
Bosnia-Hercegovina,2024,July,50
Bosnia-Hercegovina,2024,August,25
Bosnia-Hercegovina,2024,September,30
Bosnia-Hercegovina,2024,October,30
Bosnia-Hercegovina,2024,November,35
Bosnia-Hercegovina,2024,December,25
Bosnia-Hercegovina,2024,Total,515
Bosnia-Hercegovina,2025,January,40
Bosnia-Hercegovina,2025,February,30
Bosnia-Hercegovina,2025,March,55
Bosnia-Hercegovina,2025,April,65
Bosnia-Hercegovina,2025,May,75
Bosnia-Hercegovina,2025,June,90
Bosnia-Hercegovina,2025,July,100
Bosnia-Hercegovina,2025,August,45
Bosnia-Hercegovina,2025,September,45
Bosnia-Hercegovina,2025,October,70
Bosnia-Hercegovina,2025,November,30
Bosnia-Hercegovina,2025,December,50
Bosnia-Hercegovina,2025,Total,700
Bosnia-Hercegovina,2026,January,60
Bosnia-Hercegovina,2026,February,45
Bosnia-Hercegovina,2026,March,70
Bosnia-Hercegovina,2026,April,100
Bosnia-Hercegovina,2026,May,345
Bosnia-Hercegovina,2026,Total,615
"Botswana, Republic of",2023,January,15
"Botswana, Republic of",2023,February,20
"Botswana, Republic of",2023,March,20
"Botswana, Republic of",2023,April,45
"Botswana, Republic of",2023,May,70
"Botswana, Republic of",2023,June,35
"Botswana, Republic of",2023,July,20
"Botswana, Republic of",2023,August,45
"Botswana, Republic of",2023,September,35
"Botswana, Republic of",2023,October,20
"Botswana, Republic of",2023,November,25
"Botswana, Republic of",2023,December,25
"Botswana, Republic of",2023,Total,375
"Botswana, Republic of",2024,January,50
"Botswana, Republic of",2024,February,15
"Botswana, Republic of",2024,March,15
"Botswana, Republic of",2024,April,20
"Botswana, Republic of",2024,May,30
"Botswana, Republic of",2024,June,25
"Botswana, Republic of",2024,July,30
"Botswana, Republic of",2024,August,35
"Botswana, Republic of",2024,September,20
"Botswana, Republic of",2024,October,15
"Botswana, Republic of",2024,November,20
"Botswana, Republic of",2024,December,25
"Botswana, Republic of",2024,Total,305
"Botswana, Republic of",2025,January,20
"Botswana, Republic of",2025,February,20
"Botswana, Republic of",2025,March,25
"Botswana, Republic of",2025,April,10
"Botswana, Republic of",2025,May,15
"Botswana, Republic of",2025,June,25
"Botswana, Republic of",2025,July,30
"Botswana, Republic of",2025,August,30
"Botswana, Republic of",2025,September,30
"Botswana, Republic of",2025,October,10
"Botswana, Republic of",2025,November,15
"Botswana, Republic of",2025,December,20
"Botswana, Republic of",2025,Total,245
"Botswana, Republic of",2026,January,15
"Botswana, Republic of",2026,February,15
"Botswana, Republic of",2026,March,25
"Botswana, Republic of",2026,April,20
"Botswana, Republic of",2026,May,25
"Botswana, Republic of",2026,Total,100
Brazil,2023,January,3920
Brazil,2023,February,2880
Brazil,2023,March,4360
Brazil,2023,April,2700
Brazil,2023,May,3990
Brazil,2023,June,4185
Brazil,2023,July,4160
Brazil,2023,August,4150
Brazil,2023,September,3055
Brazil,2023,October,3900
Brazil,2023,November,3645
Brazil,2023,December,3125
Brazil,2023,Total,44070
Brazil,2024,January,3680
Brazil,2024,February,2810
Brazil,2024,March,3570
Brazil,2024,April,3765
Brazil,2024,May,3055
Brazil,2024,June,2660
Brazil,2024,July,2945
Brazil,2024,August,2315
Brazil,2024,September,2470
Brazil,2024,October,2615
Brazil,2024,November,2405
Brazil,2024,December,2705
Brazil,2024,Total,35005
Brazil,2025,January,3530
Brazil,2025,February,2295
Brazil,2025,March,2725
Brazil,2025,April,3185
Brazil,2025,May,4135
Brazil,2025,June,2650
Brazil,2025,July,3615
Brazil,2025,August,2130
Brazil,2025,September,2765
Brazil,2025,October,2710
Brazil,2025,November,3410
Brazil,2025,December,3110
Brazil,2025,Total,36260
Brazil,2026,January,3840
Brazil,2026,February,3055
Brazil,2026,March,4070
Brazil,2026,April,4225
Brazil,2026,May,4250
Brazil,2026,Total,19440
Brunei,2023,January,
Brunei,2023,February,0
Brunei,2023,March,
Brunei,2023,April,
Brunei,2023,May,10
Brunei,2023,June,5
Brunei,2023,July,
Brunei,2023,August,5
Brunei,2023,September,
Brunei,2023,October,
Brunei,2023,November,
Brunei,2023,December,
Brunei,2023,Total,40
Brunei,2024,January,
Brunei,2024,February,
Brunei,2024,March,
Brunei,2024,April,
Brunei,2024,May,
Brunei,2024,June,
Brunei,2024,July,
Brunei,2024,August,
Brunei,2024,September,
Brunei,2024,October,
Brunei,2024,November,
Brunei,2024,December,
Brunei,2024,Total,25
Brunei,2025,January,5
Brunei,2025,February,
Brunei,2025,March,5
Brunei,2025,April,
Brunei,2025,May,0
Brunei,2025,June,
Brunei,2025,July,0
Brunei,2025,August,
Brunei,2025,September,
Brunei,2025,October,
Brunei,2025,November,
Brunei,2025,December,
Brunei,2025,Total,30
Brunei,2026,January,0
Brunei,2026,February,
Brunei,2026,March,0
Brunei,2026,April,
Brunei,2026,May,
Brunei,2026,Total,10
Bulgaria,2023,January,25
Bulgaria,2023,February,30
Bulgaria,2023,March,35
Bulgaria,2023,April,30
Bulgaria,2023,May,35
Bulgaria,2023,June,20
Bulgaria,2023,July,15
Bulgaria,2023,August,25
Bulgaria,2023,September,25
Bulgaria,2023,October,25
Bulgaria,2023,November,20
Bulgaria,2023,December,20
Bulgaria,2023,Total,300
Bulgaria,2024,January,20
Bulgaria,2024,February,25
Bulgaria,2024,March,40
Bulgaria,2024,April,15
Bulgaria,2024,May,20
Bulgaria,2024,June,30
Bulgaria,2024,July,15
Bulgaria,2024,August,25
Bulgaria,2024,September,15
Bulgaria,2024,October,20
Bulgaria,2024,November,10
Bulgaria,2024,December,30
Bulgaria,2024,Total,260
Bulgaria,2025,January,15
Bulgaria,2025,February,20
Bulgaria,2025,March,25
Bulgaria,2025,April,15
Bulgaria,2025,May,15
Bulgaria,2025,June,15
Bulgaria,2025,July,15
Bulgaria,2025,August,35
Bulgaria,2025,September,15
Bulgaria,2025,October,20
Bulgaria,2025,November,10
Bulgaria,2025,December,20
Bulgaria,2025,Total,210
Bulgaria,2026,January,10
Bulgaria,2026,February,10
Bulgaria,2026,March,10
Bulgaria,2026,April,10
Bulgaria,2026,May,15
Bulgaria,2026,Total,55
Burkina-Faso,2023,January,325
Burkina-Faso,2023,February,290
Burkina-Faso,2023,March,290
Burkina-Faso,2023,April,540
Burkina-Faso,2023,May,560
Burkina-Faso,2023,June,420
Burkina-Faso,2023,July,435
Burkina-Faso,2023,August,345
Burkina-Faso,2023,September,365
Burkina-Faso,2023,October,355
Burkina-Faso,2023,November,415
Burkina-Faso,2023,December,445
Burkina-Faso,2023,Total,4785
Burkina-Faso,2024,January,440
Burkina-Faso,2024,February,625
Burkina-Faso,2024,March,515
Burkina-Faso,2024,April,500
Burkina-Faso,2024,May,465
Burkina-Faso,2024,June,470
Burkina-Faso,2024,July,580
Burkina-Faso,2024,August,365
Burkina-Faso,2024,September,475
Burkina-Faso,2024,October,390
Burkina-Faso,2024,November,410
Burkina-Faso,2024,December,340
Burkina-Faso,2024,Total,5575
Burkina-Faso,2025,January,400
Burkina-Faso,2025,February,295
Burkina-Faso,2025,March,330
Burkina-Faso,2025,April,245
Burkina-Faso,2025,May,400
Burkina-Faso,2025,June,410
Burkina-Faso,2025,July,315
Burkina-Faso,2025,August,325
Burkina-Faso,2025,September,370
Burkina-Faso,2025,October,455
Burkina-Faso,2025,November,485
Burkina-Faso,2025,December,365
Burkina-Faso,2025,Total,4390
Burkina-Faso,2026,January,340
Burkina-Faso,2026,February,510
Burkina-Faso,2026,March,470
Burkina-Faso,2026,April,470
Burkina-Faso,2026,May,445
Burkina-Faso,2026,Total,2240
Burundi,2023,January,175
Burundi,2023,February,110
Burundi,2023,March,175
Burundi,2023,April,765
Burundi,2023,May,385
Burundi,2023,June,270
Burundi,2023,July,225
Burundi,2023,August,415
Burundi,2023,September,310
Burundi,2023,October,355
Burundi,2023,November,330
Burundi,2023,December,270
Burundi,2023,Total,3785
Burundi,2024,January,315
Burundi,2024,February,405
Burundi,2024,March,360
Burundi,2024,April,215
Burundi,2024,May,250
Burundi,2024,June,155
Burundi,2024,July,185
Burundi,2024,August,170
Burundi,2024,September,165
Burundi,2024,October,160
Burundi,2024,November,155
Burundi,2024,December,180
Burundi,2024,Total,2715
Burundi,2025,January,220
Burundi,2025,February,140
Burundi,2025,March,155
Burundi,2025,April,115
Burundi,2025,May,230
Burundi,2025,June,130
Burundi,2025,July,105
Burundi,2025,August,190
Burundi,2025,September,125
Burundi,2025,October,180
Burundi,2025,November,305
Burundi,2025,December,430
Burundi,2025,Total,2325
Burundi,2026,January,275
Burundi,2026,February,510
Burundi,2026,March,300
Burundi,2026,April,160
Burundi,2026,May,220
Burundi,2026,Total,1465
Cambodia,2023,January,140
Cambodia,2023,February,150
Cambodia,2023,March,200
Cambodia,2023,April,175
Cambodia,2023,May,210
Cambodia,2023,June,260
Cambodia,2023,July,285
Cambodia,2023,August,220
Cambodia,2023,September,225
Cambodia,2023,October,210
Cambodia,2023,November,210
Cambodia,2023,December,195
Cambodia,2023,Total,2475
Cambodia,2024,January,230
Cambodia,2024,February,225
Cambodia,2024,March,225
Cambodia,2024,April,315
Cambodia,2024,May,285
Cambodia,2024,June,290
Cambodia,2024,July,390
Cambodia,2024,August,250
Cambodia,2024,September,340
Cambodia,2024,October,235
Cambodia,2024,November,220
Cambodia,2024,December,290
Cambodia,2024,Total,3300
Cambodia,2025,January,220
Cambodia,2025,February,190
Cambodia,2025,March,355
Cambodia,2025,April,265
Cambodia,2025,May,265
Cambodia,2025,June,285
Cambodia,2025,July,190
Cambodia,2025,August,305
Cambodia,2025,September,245
Cambodia,2025,October,240
Cambodia,2025,November,215
Cambodia,2025,December,205
Cambodia,2025,Total,2985
Cambodia,2026,January,255
Cambodia,2026,February,215
Cambodia,2026,March,300
Cambodia,2026,April,225
Cambodia,2026,May,195
Cambodia,2026,Total,1190
Cape Verde Islands,2023,January,
Cape Verde Islands,2023,February,10
Cape Verde Islands,2023,March,
Cape Verde Islands,2023,April,
Cape Verde Islands,2023,May,
Cape Verde Islands,2023,June,
Cape Verde Islands,2023,July,5
Cape Verde Islands,2023,August,
Cape Verde Islands,2023,September,
Cape Verde Islands,2023,October,5
Cape Verde Islands,2023,November,
Cape Verde Islands,2023,December,
Cape Verde Islands,2023,Total,45
Cape Verde Islands,2024,January,
Cape Verde Islands,2024,February,0
Cape Verde Islands,2024,March,
Cape Verde Islands,2024,April,5
Cape Verde Islands,2024,May,
Cape Verde Islands,2024,June,10
Cape Verde Islands,2024,July,
Cape Verde Islands,2024,August,5
Cape Verde Islands,2024,September,5
Cape Verde Islands,2024,October,
Cape Verde Islands,2024,November,
Cape Verde Islands,2024,December,
Cape Verde Islands,2024,Total,45
Cape Verde Islands,2025,January,
Cape Verde Islands,2025,February,
Cape Verde Islands,2025,March,
Cape Verde Islands,2025,April,
Cape Verde Islands,2025,May,5
Cape Verde Islands,2025,June,5
Cape Verde Islands,2025,July,5
Cape Verde Islands,2025,August,
Cape Verde Islands,2025,September,5
Cape Verde Islands,2025,October,
Cape Verde Islands,2025,November,
Cape Verde Islands,2025,December,0
Cape Verde Islands,2025,Total,40
Cape Verde Islands,2026,January,5
Cape Verde Islands,2026,February,
Cape Verde Islands,2026,March,
Cape Verde Islands,2026,April,5
Cape Verde Islands,2026,May,
Cape Verde Islands,2026,Total,20
Cayman Islands,2023,January,0
Cayman Islands,2023,February,
Cayman Islands,2023,March,0
Cayman Islands,2023,April,0
Cayman Islands,2023,May,
Cayman Islands,2023,June,0
Cayman Islands,2023,July,
Cayman Islands,2023,August,
Cayman Islands,2023,September,0
Cayman Islands,2023,October,0
Cayman Islands,2023,November,
Cayman Islands,2023,December,0
Cayman Islands,2023,Total,10
Cayman Islands,2024,January,0
Cayman Islands,2024,February,0
Cayman Islands,2024,March,0
Cayman Islands,2024,April,0
Cayman Islands,2024,May,0
Cayman Islands,2024,June,0
Cayman Islands,2024,July,0
Cayman Islands,2024,August,
Cayman Islands,2024,September,0
Cayman Islands,2024,October,0
Cayman Islands,2024,November,0
Cayman Islands,2024,December,0
Cayman Islands,2024,Total,
Cayman Islands,2025,January,
Cayman Islands,2025,February,0
Cayman Islands,2025,March,0
Cayman Islands,2025,April,
Cayman Islands,2025,May,0
Cayman Islands,2025,June,0
Cayman Islands,2025,July,0
Cayman Islands,2025,August,
Cayman Islands,2025,September,0
Cayman Islands,2025,October,0
Cayman Islands,2025,November,0
Cayman Islands,2025,December,
Cayman Islands,2025,Total,
Cayman Islands,2026,January,0
Cayman Islands,2026,February,0
Cayman Islands,2026,March,0
Cayman Islands,2026,April,
Cayman Islands,2026,May,0
Cayman Islands,2026,Total,
Central African Republic,2023,January,10
Central African Republic,2023,February,15
Central African Republic,2023,March,15
Central African Republic,2023,April,60
Central African Republic,2023,May,30
Central African Republic,2023,June,20
Central African Republic,2023,July,20
Central African Republic,2023,August,20
Central African Republic,2023,September,15
Central African Republic,2023,October,35
Central African Republic,2023,November,15
Central African Republic,2023,December,10
Central African Republic,2023,Total,260
Central African Republic,2024,January,10
Central African Republic,2024,February,15
Central African Republic,2024,March,20
Central African Republic,2024,April,20
Central African Republic,2024,May,10
Central African Republic,2024,June,30
Central African Republic,2024,July,25
Central African Republic,2024,August,10
Central African Republic,2024,September,25
Central African Republic,2024,October,20
Central African Republic,2024,November,15
Central African Republic,2024,December,25
Central African Republic,2024,Total,225
Central African Republic,2025,January,15
Central African Republic,2025,February,10
Central African Republic,2025,March,15
Central African Republic,2025,April,20
Central African Republic,2025,May,20
Central African Republic,2025,June,15
Central African Republic,2025,July,10
Central African Republic,2025,August,25
Central African Republic,2025,September,30
Central African Republic,2025,October,15
Central African Republic,2025,November,20
Central African Republic,2025,December,20
Central African Republic,2025,Total,215
Central African Republic,2026,January,15
Central African Republic,2026,February,40
Central African Republic,2026,March,30
Central African Republic,2026,April,15
Central African Republic,2026,May,15
Central African Republic,2026,Total,115
"Chad, Republic of",2023,January,95
"Chad, Republic of",2023,February,105
"Chad, Republic of",2023,March,165
"Chad, Republic of",2023,April,405
"Chad, Republic of",2023,May,180
"Chad, Republic of",2023,June,160
"Chad, Republic of",2023,July,170
"Chad, Republic of",2023,August,250
"Chad, Republic of",2023,September,195
"Chad, Republic of",2023,October,165
"Chad, Republic of",2023,November,165
"Chad, Republic of",2023,December,135
"Chad, Republic of",2023,Total,2195
"Chad, Republic of",2024,January,155
"Chad, Republic of",2024,February,185
"Chad, Republic of",2024,March,185
"Chad, Republic of",2024,April,170
"Chad, Republic of",2024,May,150
"Chad, Republic of",2024,June,140
"Chad, Republic of",2024,July,185
"Chad, Republic of",2024,August,200
"Chad, Republic of",2024,September,215
"Chad, Republic of",2024,October,235
"Chad, Republic of",2024,November,160
"Chad, Republic of",2024,December,150
"Chad, Republic of",2024,Total,2130
"Chad, Republic of",2025,January,215
"Chad, Republic of",2025,February,125
"Chad, Republic of",2025,March,150
"Chad, Republic of",2025,April,115
"Chad, Republic of",2025,May,260
"Chad, Republic of",2025,June,105
"Chad, Republic of",2025,July,70
"Chad, Republic of",2025,August,150
"Chad, Republic of",2025,September,125
"Chad, Republic of",2025,October,135
"Chad, Republic of",2025,November,200
"Chad, Republic of",2025,December,200
"Chad, Republic of",2025,Total,1860
"Chad, Republic of",2026,January,165
"Chad, Republic of",2026,February,325
"Chad, Republic of",2026,March,205
"Chad, Republic of",2026,April,85
"Chad, Republic of",2026,May,110
"Chad, Republic of",2026,Total,895
Chile,2023,January,615
Chile,2023,February,580
Chile,2023,March,985
Chile,2023,April,700
Chile,2023,May,1200
Chile,2023,June,1120
Chile,2023,July,700
Chile,2023,August,695
Chile,2023,September,745
Chile,2023,October,1410
Chile,2023,November,1605
Chile,2023,December,720
Chile,2023,Total,11075
Chile,2024,January,650
Chile,2024,February,600
Chile,2024,March,765
Chile,2024,April,720
Chile,2024,May,690
Chile,2024,June,530
Chile,2024,July,580
Chile,2024,August,1060
Chile,2024,September,2000
Chile,2024,October,1435
Chile,2024,November,785
Chile,2024,December,600
Chile,2024,Total,10420
Chile,2025,January,650
Chile,2025,February,580
Chile,2025,March,805
Chile,2025,April,690
Chile,2025,May,690
Chile,2025,June,430
Chile,2025,July,360
Chile,2025,August,495
Chile,2025,September,545
Chile,2025,October,440
Chile,2025,November,560
Chile,2025,December,565
Chile,2025,Total,6815
Chile,2026,January,490
Chile,2026,February,595
Chile,2026,March,860
Chile,2026,April,710
Chile,2026,May,560
Chile,2026,Total,3215
Colombia,2023,January,4185
Colombia,2023,February,5655
Colombia,2023,March,6685
Colombia,2023,April,5145
Colombia,2023,May,6290
Colombia,2023,June,6925
Colombia,2023,July,7385
Colombia,2023,August,6835
Colombia,2023,September,5955
Colombia,2023,October,7905
Colombia,2023,November,6710
Colombia,2023,December,4980
Colombia,2023,Total,74660
Colombia,2024,January,5770
Colombia,2024,February,6370
Colombia,2024,March,6730
Colombia,2024,April,7380
Colombia,2024,May,7440
Colombia,2024,June,5740
Colombia,2024,July,6770
Colombia,2024,August,5515
Colombia,2024,September,5135
Colombia,2024,October,6585
Colombia,2024,November,5195
Colombia,2024,December,5350
Colombia,2024,Total,73975
Colombia,2025,January,6645
Colombia,2025,February,5900
Colombia,2025,March,6735
Colombia,2025,April,6100
Colombia,2025,May,6840
Colombia,2025,June,4960
Colombia,2025,July,6355
Colombia,2025,August,7120
Colombia,2025,September,6170
Colombia,2025,October,5230
Colombia,2025,November,6195
Colombia,2025,December,5765
Colombia,2025,Total,74020
Colombia,2026,January,6415
Colombia,2026,February,7520
Colombia,2026,March,8340
Colombia,2026,April,7780
Colombia,2026,May,8755
Colombia,2026,Total,38815
Commonwealth of the Northern Mariana Islands,2023,January,0
Commonwealth of the Northern Mariana Islands,2023,February,
Commonwealth of the Northern Mariana Islands,2023,March,0
Commonwealth of the Northern Mariana Islands,2023,April,0
Commonwealth of the Northern Mariana Islands,2023,May,
Commonwealth of the Northern Mariana Islands,2023,June,0
Commonwealth of the Northern Mariana Islands,2023,July,
Commonwealth of the Northern Mariana Islands,2023,August,0
Commonwealth of the Northern Mariana Islands,2023,September,0
Commonwealth of the Northern Mariana Islands,2023,October,0
Commonwealth of the Northern Mariana Islands,2023,November,0
Commonwealth of the Northern Mariana Islands,2023,December,
Commonwealth of the Northern Mariana Islands,2023,Total,
Commonwealth of the Northern Mariana Islands,2024,January,
Commonwealth of the Northern Mariana Islands,2024,February,
Commonwealth of the Northern Mariana Islands,2024,March,0
Commonwealth of the Northern Mariana Islands,2024,April,
Commonwealth of the Northern Mariana Islands,2024,May,
Commonwealth of the Northern Mariana Islands,2024,June,
Commonwealth of the Northern Mariana Islands,2024,July,0
Commonwealth of the Northern Mariana Islands,2024,August,0
Commonwealth of the Northern Mariana Islands,2024,September,0
Commonwealth of the Northern Mariana Islands,2024,October,0
Commonwealth of the Northern Mariana Islands,2024,November,0
Commonwealth of the Northern Mariana Islands,2024,December,
Commonwealth of the Northern Mariana Islands,2024,Total,5
Commonwealth of the Northern Mariana Islands,2025,January,0
Commonwealth of the Northern Mariana Islands,2025,February,0
Commonwealth of the Northern Mariana Islands,2025,March,
Commonwealth of the Northern Mariana Islands,2025,April,0
Commonwealth of the Northern Mariana Islands,2025,May,0
Commonwealth of the Northern Mariana Islands,2025,June,0
Commonwealth of the Northern Mariana Islands,2025,July,0
Commonwealth of the Northern Mariana Islands,2025,August,0
Commonwealth of the Northern Mariana Islands,2025,September,0
Commonwealth of the Northern Mariana Islands,2025,October,0
Commonwealth of the Northern Mariana Islands,2025,November,0
Commonwealth of the Northern Mariana Islands,2025,December,
Commonwealth of the Northern Mariana Islands,2025,Total,
Commonwealth of the Northern Mariana Islands,2026,January,0
Commonwealth of the Northern Mariana Islands,2026,February,
Commonwealth of the Northern Mariana Islands,2026,March,0
Commonwealth of the Northern Mariana Islands,2026,April,
Commonwealth of the Northern Mariana Islands,2026,May,0
Commonwealth of the Northern Mariana Islands,2026,Total,
Comoros,2023,January,15
Comoros,2023,February,5
Comoros,2023,March,5
Comoros,2023,April,20
Comoros,2023,May,10
Comoros,2023,June,15
Comoros,2023,July,10
Comoros,2023,August,20
Comoros,2023,September,10
Comoros,2023,October,10
Comoros,2023,November,10
Comoros,2023,December,10
Comoros,2023,Total,140
Comoros,2024,January,10
Comoros,2024,February,15
Comoros,2024,March,10
Comoros,2024,April,
Comoros,2024,May,5
Comoros,2024,June,20
Comoros,2024,July,10
Comoros,2024,August,10
Comoros,2024,September,10
Comoros,2024,October,10
Comoros,2024,November,15
Comoros,2024,December,
Comoros,2024,Total,120
Comoros,2025,January,10
Comoros,2025,February,10
Comoros,2025,March,20
Comoros,2025,April,
Comoros,2025,May,10
Comoros,2025,June,10
Comoros,2025,July,5
Comoros,2025,August,
Comoros,2025,September,10
Comoros,2025,October,10
Comoros,2025,November,
Comoros,2025,December,20
Comoros,2025,Total,120
Comoros,2026,January,10
Comoros,2026,February,10
Comoros,2026,March,10
Comoros,2026,April,10
Comoros,2026,May,15
Comoros,2026,Total,55
"Congo, Democratic Republic of the",2023,January,845
"Congo, Democratic Republic of the",2023,February,925
"Congo, Democratic Republic of the",2023,March,965
"Congo, Democratic Republic of the",2023,April,3530
"Congo, Democratic Republic of the",2023,May,2520
"Congo, Democratic Republic of the",2023,June,1215
"Congo, Democratic Republic of the",2023,July,1335
"Congo, Democratic Republic of the",2023,August,1320
"Congo, Democratic Republic of the",2023,September,1135
"Congo, Democratic Republic of the",2023,October,1180
"Congo, Democratic Republic of the",2023,November,1210
"Congo, Democratic Republic of the",2023,December,1165
"Congo, Democratic Republic of the",2023,Total,17350
"Congo, Democratic Republic of the",2024,January,1380
"Congo, Democratic Republic of the",2024,February,1195
"Congo, Democratic Republic of the",2024,March,1075
"Congo, Democratic Republic of the",2024,April,1055
"Congo, Democratic Republic of the",2024,May,1230
"Congo, Democratic Republic of the",2024,June,1010
"Congo, Democratic Republic of the",2024,July,1090
"Congo, Democratic Republic of the",2024,August,940
"Congo, Democratic Republic of the",2024,September,895
"Congo, Democratic Republic of the",2024,October,960
"Congo, Democratic Republic of the",2024,November,1040
"Congo, Democratic Republic of the",2024,December,1195
"Congo, Democratic Republic of the",2024,Total,13065
"Congo, Democratic Republic of the",2025,January,1570
"Congo, Democratic Republic of the",2025,February,1105
"Congo, Democratic Republic of the",2025,March,1595
"Congo, Democratic Republic of the",2025,April,1105
"Congo, Democratic Republic of the",2025,May,1305
"Congo, Democratic Republic of the",2025,June,980
"Congo, Democratic Republic of the",2025,July,1105
"Congo, Democratic Republic of the",2025,August,1100
"Congo, Democratic Republic of the",2025,September,1120
"Congo, Democratic Republic of the",2025,October,1265
"Congo, Democratic Republic of the",2025,November,1485
"Congo, Democratic Republic of the",2025,December,1515
"Congo, Democratic Republic of the",2025,Total,15255
"Congo, Democratic Republic of the",2026,January,1290
"Congo, Democratic Republic of the",2026,February,1980
"Congo, Democratic Republic of the",2026,March,1655
"Congo, Democratic Republic of the",2026,April,865
"Congo, Democratic Republic of the",2026,May,1025
"Congo, Democratic Republic of the",2026,Total,6810
"Congo, People's Republic of the",2023,January,120
"Congo, People's Republic of the",2023,February,115
"Congo, People's Republic of the",2023,March,135
"Congo, People's Republic of the",2023,April,385
"Congo, People's Republic of the",2023,May,220
"Congo, People's Republic of the",2023,June,130
"Congo, People's Republic of the",2023,July,120
"Congo, People's Republic of the",2023,August,145
"Congo, People's Republic of the",2023,September,115
"Congo, People's Republic of the",2023,October,155
"Congo, People's Republic of the",2023,November,145
"Congo, People's Republic of the",2023,December,140
"Congo, People's Republic of the",2023,Total,1935
"Congo, People's Republic of the",2024,January,160
"Congo, People's Republic of the",2024,February,205
"Congo, People's Republic of the",2024,March,205
"Congo, People's Republic of the",2024,April,135
"Congo, People's Republic of the",2024,May,195
"Congo, People's Republic of the",2024,June,180
"Congo, People's Republic of the",2024,July,180
"Congo, People's Republic of the",2024,August,145
"Congo, People's Republic of the",2024,September,220
"Congo, People's Republic of the",2024,October,170
"Congo, People's Republic of the",2024,November,150
"Congo, People's Republic of the",2024,December,150
"Congo, People's Republic of the",2024,Total,2085
"Congo, People's Republic of the",2025,January,200
"Congo, People's Republic of the",2025,February,135
"Congo, People's Republic of the",2025,March,125
"Congo, People's Republic of the",2025,April,85
"Congo, People's Republic of the",2025,May,135
"Congo, People's Republic of the",2025,June,130
"Congo, People's Republic of the",2025,July,105
"Congo, People's Republic of the",2025,August,120
"Congo, People's Republic of the",2025,September,100
"Congo, People's Republic of the",2025,October,135
"Congo, People's Republic of the",2025,November,195
"Congo, People's Republic of the",2025,December,180
"Congo, People's Republic of the",2025,Total,1655
"Congo, People's Republic of the",2026,January,180
"Congo, People's Republic of the",2026,February,220
"Congo, People's Republic of the",2026,March,165
"Congo, People's Republic of the",2026,April,130
"Congo, People's Republic of the",2026,May,130
"Congo, People's Republic of the",2026,Total,820
Costa Rica,2023,January,610
Costa Rica,2023,February,595
Costa Rica,2023,March,660
Costa Rica,2023,April,425
Costa Rica,2023,May,895
Costa Rica,2023,June,790
Costa Rica,2023,July,465
Costa Rica,2023,August,565
Costa Rica,2023,September,590
Costa Rica,2023,October,300
Costa Rica,2023,November,340
Costa Rica,2023,December,195
Costa Rica,2023,Total,6435
Costa Rica,2024,January,220
Costa Rica,2024,February,240
Costa Rica,2024,March,365
Costa Rica,2024,April,175
Costa Rica,2024,May,305
Costa Rica,2024,June,145
Costa Rica,2024,July,270
Costa Rica,2024,August,790
Costa Rica,2024,September,455
Costa Rica,2024,October,295
Costa Rica,2024,November,260
Costa Rica,2024,December,230
Costa Rica,2024,Total,3750
Costa Rica,2025,January,300
Costa Rica,2025,February,320
Costa Rica,2025,March,350
Costa Rica,2025,April,280
Costa Rica,2025,May,305
Costa Rica,2025,June,295
Costa Rica,2025,July,190
Costa Rica,2025,August,300
Costa Rica,2025,September,175
Costa Rica,2025,October,245
Costa Rica,2025,November,195
Costa Rica,2025,December,210
Costa Rica,2025,Total,3165
Costa Rica,2026,January,255
Costa Rica,2026,February,305
Costa Rica,2026,March,295
Costa Rica,2026,April,320
Costa Rica,2026,May,315
Costa Rica,2026,Total,1490
Croatia,2023,January,40
Croatia,2023,February,40
Croatia,2023,March,55
Croatia,2023,April,35
Croatia,2023,May,40
Croatia,2023,June,55
Croatia,2023,July,45
Croatia,2023,August,35
Croatia,2023,September,40
Croatia,2023,October,30
Croatia,2023,November,40
Croatia,2023,December,30
Croatia,2023,Total,480
Croatia,2024,January,25
Croatia,2024,February,30
Croatia,2024,March,40
Croatia,2024,April,25
Croatia,2024,May,20
Croatia,2024,June,25
Croatia,2024,July,30
Croatia,2024,August,30
Croatia,2024,September,30
Croatia,2024,October,55
Croatia,2024,November,25
Croatia,2024,December,25
Croatia,2024,Total,355
Croatia,2025,January,20
Croatia,2025,February,30
Croatia,2025,March,30
Croatia,2025,April,20
Croatia,2025,May,40
Croatia,2025,June,35
Croatia,2025,July,15
Croatia,2025,August,30
Croatia,2025,September,15
Croatia,2025,October,30
Croatia,2025,November,25
Croatia,2025,December,20
Croatia,2025,Total,315
Croatia,2026,January,15
Croatia,2026,February,25
Croatia,2026,March,30
Croatia,2026,April,40
Croatia,2026,May,35
Croatia,2026,Total,145
Cuba,2023,January,620
Cuba,2023,February,540
Cuba,2023,March,625
Cuba,2023,April,535
Cuba,2023,May,685
Cuba,2023,June,540
Cuba,2023,July,435
Cuba,2023,August,625
Cuba,2023,September,685
Cuba,2023,October,605
Cuba,2023,November,805
Cuba,2023,December,550
Cuba,2023,Total,7255
Cuba,2024,January,570
Cuba,2024,February,560
Cuba,2024,March,800
Cuba,2024,April,545
Cuba,2024,May,655
Cuba,2024,June,390
Cuba,2024,July,390
Cuba,2024,August,370
Cuba,2024,September,265
Cuba,2024,October,390
Cuba,2024,November,500
Cuba,2024,December,435
Cuba,2024,Total,5870
Cuba,2025,January,590
Cuba,2025,February,615
Cuba,2025,March,655
Cuba,2025,April,440
Cuba,2025,May,625
Cuba,2025,June,255
Cuba,2025,July,445
Cuba,2025,August,450
Cuba,2025,September,350
Cuba,2025,October,430
Cuba,2025,November,395
Cuba,2025,December,420
Cuba,2025,Total,5675
Cuba,2026,January,440
Cuba,2026,February,470
Cuba,2026,March,405
Cuba,2026,April,305
Cuba,2026,May,325
Cuba,2026,Total,1945
Curacao,2023,January,0
Curacao,2023,February,0
Curacao,2023,March,0
Curacao,2023,April,0
Curacao,2023,May,0
Curacao,2023,June,0
Curacao,2023,July,0
Curacao,2023,August,0
Curacao,2023,September,0
Curacao,2023,October,0
Curacao,2023,November,0
Curacao,2023,December,0
Curacao,2023,Total,0
Curacao,2024,January,0
Curacao,2024,February,0
Curacao,2024,March,0
Curacao,2024,April,0
Curacao,2024,May,0
Curacao,2024,June,0
Curacao,2024,July,0
Curacao,2024,August,0
Curacao,2024,September,0
Curacao,2024,October,0
Curacao,2024,November,
Curacao,2024,December,0
Curacao,2024,Total,
Curacao,2025,January,0
Curacao,2025,February,0
Curacao,2025,March,0
Curacao,2025,April,0
Curacao,2025,May,0
Curacao,2025,June,0
Curacao,2025,July,0
Curacao,2025,August,
Curacao,2025,September,
Curacao,2025,October,0
Curacao,2025,November,
Curacao,2025,December,0
Curacao,2025,Total,
Curacao,2026,January,0
Curacao,2026,February,
Curacao,2026,March,0
Curacao,2026,April,0
Curacao,2026,May,
Curacao,2026,Total,
Cyprus,2023,January,10
Cyprus,2023,February,5
Cyprus,2023,March,10
Cyprus,2023,April,
Cyprus,2023,May,10
Cyprus,2023,June,5
Cyprus,2023,July,10
Cyprus,2023,August,
Cyprus,2023,September,5
Cyprus,2023,October,10
Cyprus,2023,November,5
Cyprus,2023,December,5
Cyprus,2023,Total,80
Cyprus,2024,January,5
Cyprus,2024,February,5
Cyprus,2024,March,5
Cyprus,2024,April,5
Cyprus,2024,May,10
Cyprus,2024,June,5
Cyprus,2024,July,
Cyprus,2024,August,10
Cyprus,2024,September,5
Cyprus,2024,October,
Cyprus,2024,November,
Cyprus,2024,December,
Cyprus,2024,Total,65
Cyprus,2025,January,
Cyprus,2025,February,
Cyprus,2025,March,
Cyprus,2025,April,
Cyprus,2025,May,5
Cyprus,2025,June,
Cyprus,2025,July,15
Cyprus,2025,August,
Cyprus,2025,September,
Cyprus,2025,October,
Cyprus,2025,November,5
Cyprus,2025,December,5
Cyprus,2025,Total,55
Cyprus,2026,January,
Cyprus,2026,February,5
Cyprus,2026,March,
Cyprus,2026,April,5
Cyprus,2026,May,5
Cyprus,2026,Total,25
Czech Republic,2023,January,125
Czech Republic,2023,February,175
Czech Republic,2023,March,215
Czech Republic,2023,April,80
Czech Republic,2023,May,240
Czech Republic,2023,June,195
Czech Republic,2023,July,145
Czech Republic,2023,August,135
Czech Republic,2023,September,125
Czech Republic,2023,October,135
Czech Republic,2023,November,115
Czech Republic,2023,December,55
Czech Republic,2023,Total,1745
Czech Republic,2024,January,90
Czech Republic,2024,February,145
Czech Republic,2024,March,165
Czech Republic,2024,April,195
Czech Republic,2024,May,145
Czech Republic,2024,June,105
Czech Republic,2024,July,110
Czech Republic,2024,August,145
Czech Republic,2024,September,70
Czech Republic,2024,October,135
Czech Republic,2024,November,95
Czech Republic,2024,December,40
Czech Republic,2024,Total,1445
Czech Republic,2025,January,70
Czech Republic,2025,February,50
Czech Republic,2025,March,220
Czech Republic,2025,April,170
Czech Republic,2025,May,140
Czech Republic,2025,June,110
Czech Republic,2025,July,80
Czech Republic,2025,August,140
Czech Republic,2025,September,95
Czech Republic,2025,October,105
Czech Republic,2025,November,100
Czech Republic,2025,December,60
Czech Republic,2025,Total,1345
Czech Republic,2026,January,40
Czech Republic,2026,February,140
Czech Republic,2026,March,165
Czech Republic,2026,April,160
Czech Republic,2026,May,160
Czech Republic,2026,Total,670
Democratic Republic of Sudan,2023,January,135
Democratic Republic of Sudan,2023,February,195
Democratic Republic of Sudan,2023,March,210
Democratic Republic of Sudan,2023,April,395
Democratic Republic of Sudan,2023,May,315
Democratic Republic of Sudan,2023,June,235
Democratic Republic of Sudan,2023,July,185
Democratic Republic of Sudan,2023,August,185
Democratic Republic of Sudan,2023,September,190
Democratic Republic of Sudan,2023,October,185
Democratic Republic of Sudan,2023,November,160
Democratic Republic of Sudan,2023,December,120
Democratic Republic of Sudan,2023,Total,2510
Democratic Republic of Sudan,2024,January,160
Democratic Republic of Sudan,2024,February,195
Democratic Republic of Sudan,2024,March,170
Democratic Republic of Sudan,2024,April,150
Democratic Republic of Sudan,2024,May,115
Democratic Republic of Sudan,2024,June,130
Democratic Republic of Sudan,2024,July,170
Democratic Republic of Sudan,2024,August,185
Democratic Republic of Sudan,2024,September,165
Democratic Republic of Sudan,2024,October,145
Democratic Republic of Sudan,2024,November,160
Democratic Republic of Sudan,2024,December,160
Democratic Republic of Sudan,2024,Total,1905
Democratic Republic of Sudan,2025,January,185
Democratic Republic of Sudan,2025,February,120
Democratic Republic of Sudan,2025,March,150
Democratic Republic of Sudan,2025,April,125
Democratic Republic of Sudan,2025,May,120
Democratic Republic of Sudan,2025,June,100
Democratic Republic of Sudan,2025,July,115
Democratic Republic of Sudan,2025,August,150
Democratic Republic of Sudan,2025,September,155
Democratic Republic of Sudan,2025,October,130
Democratic Republic of Sudan,2025,November,130
Democratic Republic of Sudan,2025,December,165
Democratic Republic of Sudan,2025,Total,1650
Democratic Republic of Sudan,2026,January,125
Democratic Republic of Sudan,2026,February,175
Democratic Republic of Sudan,2026,March,110
Democratic Republic of Sudan,2026,April,115
Democratic Republic of Sudan,2026,May,145
Democratic Republic of Sudan,2026,Total,675
Denmark,2023,January,25
Denmark,2023,February,40
Denmark,2023,March,45
Denmark,2023,April,35
Denmark,2023,May,145
Denmark,2023,June,95
Denmark,2023,July,85
Denmark,2023,August,50
Denmark,2023,September,55
Denmark,2023,October,40
Denmark,2023,November,40
Denmark,2023,December,30
Denmark,2023,Total,685
Denmark,2024,January,35
Denmark,2024,February,45
Denmark,2024,March,60
Denmark,2024,April,65
Denmark,2024,May,65
Denmark,2024,June,90
Denmark,2024,July,60
Denmark,2024,August,70
Denmark,2024,September,40
Denmark,2024,October,35
Denmark,2024,November,20
Denmark,2024,December,35
Denmark,2024,Total,620
Denmark,2025,January,40
Denmark,2025,February,65
Denmark,2025,March,40
Denmark,2025,April,30
Denmark,2025,May,55
Denmark,2025,June,60
Denmark,2025,July,60
Denmark,2025,August,90
Denmark,2025,September,40
Denmark,2025,October,40
Denmark,2025,November,20
Denmark,2025,December,35
Denmark,2025,Total,580
Denmark,2026,January,20
Denmark,2026,February,35
Denmark,2026,March,95
Denmark,2026,April,70
Denmark,2026,May,115
Denmark,2026,Total,335
Dominica,2023,January,105
Dominica,2023,February,135
Dominica,2023,March,205
Dominica,2023,April,185
Dominica,2023,May,105
Dominica,2023,June,115
Dominica,2023,July,80
Dominica,2023,August,105
Dominica,2023,September,140
Dominica,2023,October,130
Dominica,2023,November,105
Dominica,2023,December,85
Dominica,2023,Total,1505
Dominica,2024,January,115
Dominica,2024,February,115
Dominica,2024,March,105
Dominica,2024,April,85
Dominica,2024,May,100
Dominica,2024,June,85
Dominica,2024,July,85
Dominica,2024,August,95
Dominica,2024,September,80
Dominica,2024,October,70
Dominica,2024,November,65
Dominica,2024,December,65
Dominica,2024,Total,1070
Dominica,2025,January,90
Dominica,2025,February,50
Dominica,2025,March,165
Dominica,2025,April,90
Dominica,2025,May,60
Dominica,2025,June,60
Dominica,2025,July,35
Dominica,2025,August,55
Dominica,2025,September,65
Dominica,2025,October,35
Dominica,2025,November,70
Dominica,2025,December,70
Dominica,2025,Total,850
Dominica,2026,January,60
Dominica,2026,February,85
Dominica,2026,March,65
Dominica,2026,April,60
Dominica,2026,May,75
Dominica,2026,Total,345
Dominican Republic,2023,January,750
Dominican Republic,2023,February,805
Dominican Republic,2023,March,880
Dominican Republic,2023,April,600
Dominican Republic,2023,May,970
Dominican Republic,2023,June,940
Dominican Republic,2023,July,785
Dominican Republic,2023,August,1050
Dominican Republic,2023,September,1110
Dominican Republic,2023,October,1035
Dominican Republic,2023,November,1340
Dominican Republic,2023,December,760
Dominican Republic,2023,Total,11020
Dominican Republic,2024,January,785
Dominican Republic,2024,February,890
Dominican Republic,2024,March,1550
Dominican Republic,2024,April,810
Dominican Republic,2024,May,1170
Dominican Republic,2024,June,535
Dominican Republic,2024,July,720
Dominican Republic,2024,August,1055
Dominican Republic,2024,September,580
Dominican Republic,2024,October,535
Dominican Republic,2024,November,1145
Dominican Republic,2024,December,865
Dominican Republic,2024,Total,10650
Dominican Republic,2025,January,975
Dominican Republic,2025,February,1140
Dominican Republic,2025,March,1170
Dominican Republic,2025,April,980
Dominican Republic,2025,May,1100
Dominican Republic,2025,June,855
Dominican Republic,2025,July,1000
Dominican Republic,2025,August,1250
Dominican Republic,2025,September,965
Dominican Republic,2025,October,990
Dominican Republic,2025,November,725
Dominican Republic,2025,December,685
Dominican Republic,2025,Total,11840
Dominican Republic,2026,January,930
Dominican Republic,2026,February,1190
Dominican Republic,2026,March,1185
Dominican Republic,2026,April,1045
Dominican Republic,2026,May,1260
Dominican Republic,2026,Total,5610
"East Timor, Democratic Republic of",2023,January,0
"East Timor, Democratic Republic of",2023,February,
"East Timor, Democratic Republic of",2023,March,0
"East Timor, Democratic Republic of",2023,April,
"East Timor, Democratic Republic of",2023,May,
"East Timor, Democratic Republic of",2023,June,5
"East Timor, Democratic Republic of",2023,July,0
"East Timor, Democratic Republic of",2023,August,0
"East Timor, Democratic Republic of",2023,September,
"East Timor, Democratic Republic of",2023,October,
"East Timor, Democratic Republic of",2023,November,
"East Timor, Democratic Republic of",2023,December,0
"East Timor, Democratic Republic of",2023,Total,20
"East Timor, Democratic Republic of",2024,January,0
"East Timor, Democratic Republic of",2024,February,
"East Timor, Democratic Republic of",2024,March,
"East Timor, Democratic Republic of",2024,April,
"East Timor, Democratic Republic of",2024,May,5
"East Timor, Democratic Republic of",2024,June,
"East Timor, Democratic Republic of",2024,July,
"East Timor, Democratic Republic of",2024,August,
"East Timor, Democratic Republic of",2024,September,0
"East Timor, Democratic Republic of",2024,October,0
"East Timor, Democratic Republic of",2024,November,0
"East Timor, Democratic Republic of",2024,December,0
"East Timor, Democratic Republic of",2024,Total,20
"East Timor, Democratic Republic of",2025,January,
"East Timor, Democratic Republic of",2025,February,
"East Timor, Democratic Republic of",2025,March,
"East Timor, Democratic Republic of",2025,April,
"East Timor, Democratic Republic of",2025,May,0
"East Timor, Democratic Republic of",2025,June,
"East Timor, Democratic Republic of",2025,July,
"East Timor, Democratic Republic of",2025,August,
"East Timor, Democratic Republic of",2025,September,5
"East Timor, Democratic Republic of",2025,October,
"East Timor, Democratic Republic of",2025,November,
"East Timor, Democratic Republic of",2025,December,
"East Timor, Democratic Republic of",2025,Total,20
"East Timor, Democratic Republic of",2026,January,
"East Timor, Democratic Republic of",2026,February,
"East Timor, Democratic Republic of",2026,March,
"East Timor, Democratic Republic of",2026,April,
"East Timor, Democratic Republic of",2026,May,
"East Timor, Democratic Republic of",2026,Total,10
Ecuador,2023,January,630
Ecuador,2023,February,780
Ecuador,2023,March,1035
Ecuador,2023,April,680
Ecuador,2023,May,1135
Ecuador,2023,June,1795
Ecuador,2023,July,850
Ecuador,2023,August,1210
Ecuador,2023,September,2155
Ecuador,2023,October,1230
Ecuador,2023,November,960
Ecuador,2023,December,775
Ecuador,2023,Total,13240
Ecuador,2024,January,975
Ecuador,2024,February,895
Ecuador,2024,March,1205
Ecuador,2024,April,1315
Ecuador,2024,May,1055
Ecuador,2024,June,820
Ecuador,2024,July,1445
Ecuador,2024,August,1275
Ecuador,2024,September,1440
Ecuador,2024,October,740
Ecuador,2024,November,850
Ecuador,2024,December,855
Ecuador,2024,Total,12875
Ecuador,2025,January,1315
Ecuador,2025,February,1740
Ecuador,2025,March,1645
Ecuador,2025,April,1445
Ecuador,2025,May,1370
Ecuador,2025,June,1370
Ecuador,2025,July,1295
Ecuador,2025,August,1125
Ecuador,2025,September,1430
Ecuador,2025,October,1445
Ecuador,2025,November,1345
Ecuador,2025,December,1285
Ecuador,2025,Total,16810
Ecuador,2026,January,1495
Ecuador,2026,February,1390
Ecuador,2026,March,1585
Ecuador,2026,April,1495
Ecuador,2026,May,1715
Ecuador,2026,Total,7680
Egypt,2023,January,965
Egypt,2023,February,1520
Egypt,2023,March,1700
Egypt,2023,April,1865
Egypt,2023,May,1855
Egypt,2023,June,1695
Egypt,2023,July,1285
Egypt,2023,August,1510
Egypt,2023,September,1120
Egypt,2023,October,1070
Egypt,2023,November,1180
Egypt,2023,December,1095
Egypt,2023,Total,16855
Egypt,2024,January,1370
Egypt,2024,February,1455
Egypt,2024,March,1765
Egypt,2024,April,1145
Egypt,2024,May,1190
Egypt,2024,June,1440
Egypt,2024,July,1290
Egypt,2024,August,1290
Egypt,2024,September,1100
Egypt,2024,October,1670
Egypt,2024,November,1095
Egypt,2024,December,1130
Egypt,2024,Total,15945
Egypt,2025,January,1240
Egypt,2025,February,1090
Egypt,2025,March,1420
Egypt,2025,April,1055
Egypt,2025,May,955
Egypt,2025,June,890
Egypt,2025,July,1090
Egypt,2025,August,1070
Egypt,2025,September,1510
Egypt,2025,October,1315
Egypt,2025,November,1050
Egypt,2025,December,1345
Egypt,2025,Total,14020
Egypt,2026,January,1305
Egypt,2026,February,1470
Egypt,2026,March,1690
Egypt,2026,April,1660
Egypt,2026,May,1525
Egypt,2026,Total,7650
El Salvador,2023,January,435
El Salvador,2023,February,295
El Salvador,2023,March,495
El Salvador,2023,April,305
El Salvador,2023,May,390
El Salvador,2023,June,425
El Salvador,2023,July,325
El Salvador,2023,August,420
El Salvador,2023,September,495
El Salvador,2023,October,405
El Salvador,2023,November,515
El Salvador,2023,December,290
El Salvador,2023,Total,4795
El Salvador,2024,January,350
El Salvador,2024,February,370
El Salvador,2024,March,560
El Salvador,2024,April,440
El Salvador,2024,May,450
El Salvador,2024,June,290
El Salvador,2024,July,260
El Salvador,2024,August,385
El Salvador,2024,September,240
El Salvador,2024,October,295
El Salvador,2024,November,390
El Salvador,2024,December,410
El Salvador,2024,Total,4440
El Salvador,2025,January,425
El Salvador,2025,February,485
El Salvador,2025,March,555
El Salvador,2025,April,480
El Salvador,2025,May,620
El Salvador,2025,June,440
El Salvador,2025,July,465
El Salvador,2025,August,400
El Salvador,2025,September,395
El Salvador,2025,October,390
El Salvador,2025,November,370
El Salvador,2025,December,315
El Salvador,2025,Total,5330
El Salvador,2026,January,425
El Salvador,2026,February,545
El Salvador,2026,March,485
El Salvador,2026,April,615
El Salvador,2026,May,455
El Salvador,2026,Total,2520
Equatorial Guinea,2023,January,5
Equatorial Guinea,2023,February,
Equatorial Guinea,2023,March,5
Equatorial Guinea,2023,April,10
Equatorial Guinea,2023,May,10
Equatorial Guinea,2023,June,
Equatorial Guinea,2023,July,5
Equatorial Guinea,2023,August,10
Equatorial Guinea,2023,September,
Equatorial Guinea,2023,October,
Equatorial Guinea,2023,November,5
Equatorial Guinea,2023,December,
Equatorial Guinea,2023,Total,65
Equatorial Guinea,2024,January,
Equatorial Guinea,2024,February,
Equatorial Guinea,2024,March,5
Equatorial Guinea,2024,April,10
Equatorial Guinea,2024,May,20
Equatorial Guinea,2024,June,10
Equatorial Guinea,2024,July,10
Equatorial Guinea,2024,August,10
Equatorial Guinea,2024,September,
Equatorial Guinea,2024,October,0
Equatorial Guinea,2024,November,
Equatorial Guinea,2024,December,
Equatorial Guinea,2024,Total,75
Equatorial Guinea,2025,January,10
Equatorial Guinea,2025,February,10
Equatorial Guinea,2025,March,
Equatorial Guinea,2025,April,
Equatorial Guinea,2025,May,10
Equatorial Guinea,2025,June,
Equatorial Guinea,2025,July,5
Equatorial Guinea,2025,August,5
Equatorial Guinea,2025,September,5
Equatorial Guinea,2025,October,
Equatorial Guinea,2025,November,
Equatorial Guinea,2025,December,
Equatorial Guinea,2025,Total,70
Equatorial Guinea,2026,January,
Equatorial Guinea,2026,February,10
Equatorial Guinea,2026,March,10
Equatorial Guinea,2026,April,
Equatorial Guinea,2026,May,10
Equatorial Guinea,2026,Total,35
Eritrea,2023,January,125
Eritrea,2023,February,70
Eritrea,2023,March,100
Eritrea,2023,April,90
Eritrea,2023,May,145
Eritrea,2023,June,100
Eritrea,2023,July,70
Eritrea,2023,August,90
Eritrea,2023,September,60
Eritrea,2023,October,80
Eritrea,2023,November,90
Eritrea,2023,December,40
Eritrea,2023,Total,1055
Eritrea,2024,January,75
Eritrea,2024,February,65
Eritrea,2024,March,70
Eritrea,2024,April,80
Eritrea,2024,May,85
Eritrea,2024,June,90
Eritrea,2024,July,85
Eritrea,2024,August,90
Eritrea,2024,September,175
Eritrea,2024,October,170
Eritrea,2024,November,75
Eritrea,2024,December,100
Eritrea,2024,Total,1155
Eritrea,2025,January,125
Eritrea,2025,February,155
Eritrea,2025,March,105
Eritrea,2025,April,160
Eritrea,2025,May,160
Eritrea,2025,June,120
Eritrea,2025,July,90
Eritrea,2025,August,105
Eritrea,2025,September,100
Eritrea,2025,October,100
Eritrea,2025,November,105
Eritrea,2025,December,120
Eritrea,2025,Total,1450
Eritrea,2026,January,105
Eritrea,2026,February,130
Eritrea,2026,March,80
Eritrea,2026,April,115
Eritrea,2026,May,130
Eritrea,2026,Total,560
Estonia,2023,January,
Estonia,2023,February,10
Estonia,2023,March,25
Estonia,2023,April,10
Estonia,2023,May,20
Estonia,2023,June,25
Estonia,2023,July,20
Estonia,2023,August,10
Estonia,2023,September,15
Estonia,2023,October,15
Estonia,2023,November,15
Estonia,2023,December,10
Estonia,2023,Total,175
Estonia,2024,January,5
Estonia,2024,February,20
Estonia,2024,March,10
Estonia,2024,April,15
Estonia,2024,May,15
Estonia,2024,June,5
Estonia,2024,July,10
Estonia,2024,August,20
Estonia,2024,September,10
Estonia,2024,October,20
Estonia,2024,November,15
Estonia,2024,December,10
Estonia,2024,Total,165
Estonia,2025,January,10
Estonia,2025,February,15
Estonia,2025,March,25
Estonia,2025,April,20
Estonia,2025,May,10
Estonia,2025,June,15
Estonia,2025,July,15
Estonia,2025,August,15
Estonia,2025,September,10
Estonia,2025,October,10
Estonia,2025,November,10
Estonia,2025,December,10
Estonia,2025,Total,165
Estonia,2026,January,5
Estonia,2026,February,10
Estonia,2026,March,30
Estonia,2026,April,20
Estonia,2026,May,25
Estonia,2026,Total,85
Ethiopia,2023,January,470
Ethiopia,2023,February,395
Ethiopia,2023,March,760
Ethiopia,2023,April,1510
Ethiopia,2023,May,1915
Ethiopia,2023,June,765
Ethiopia,2023,July,505
Ethiopia,2023,August,675
Ethiopia,2023,September,1375
Ethiopia,2023,October,935
Ethiopia,2023,November,785
Ethiopia,2023,December,480
Ethiopia,2023,Total,10575
Ethiopia,2024,January,600
Ethiopia,2024,February,775
Ethiopia,2024,March,560
Ethiopia,2024,April,575
Ethiopia,2024,May,1000
Ethiopia,2024,June,720
Ethiopia,2024,July,905
Ethiopia,2024,August,795
Ethiopia,2024,September,625
Ethiopia,2024,October,700
Ethiopia,2024,November,550
Ethiopia,2024,December,525
Ethiopia,2024,Total,8335
Ethiopia,2025,January,605
Ethiopia,2025,February,455
Ethiopia,2025,March,485
Ethiopia,2025,April,525
Ethiopia,2025,May,620
Ethiopia,2025,June,545
Ethiopia,2025,July,680
Ethiopia,2025,August,885
Ethiopia,2025,September,740
Ethiopia,2025,October,715
Ethiopia,2025,November,650
Ethiopia,2025,December,730
Ethiopia,2025,Total,7635
Ethiopia,2026,January,670
Ethiopia,2026,February,900
Ethiopia,2026,March,705
Ethiopia,2026,April,595
Ethiopia,2026,May,745
Ethiopia,2026,Total,3610
Federal Republic of Cameroon,2023,January,1715
Federal Republic of Cameroon,2023,February,1425
Federal Republic of Cameroon,2023,March,1595
Federal Republic of Cameroon,2023,April,2450
Federal Republic of Cameroon,2023,May,3105
Federal Republic of Cameroon,2023,June,2675
Federal Republic of Cameroon,2023,July,2055
Federal Republic of Cameroon,2023,August,1965
Federal Republic of Cameroon,2023,September,1860
Federal Republic of Cameroon,2023,October,2060
Federal Republic of Cameroon,2023,November,2225
Federal Republic of Cameroon,2023,December,2415
Federal Republic of Cameroon,2023,Total,25545
Federal Republic of Cameroon,2024,January,2210
Federal Republic of Cameroon,2024,February,1835
Federal Republic of Cameroon,2024,March,2245
Federal Republic of Cameroon,2024,April,2360
Federal Republic of Cameroon,2024,May,2715
Federal Republic of Cameroon,2024,June,1655
Federal Republic of Cameroon,2024,July,1885
Federal Republic of Cameroon,2024,August,1750
Federal Republic of Cameroon,2024,September,1550
Federal Republic of Cameroon,2024,October,1810
Federal Republic of Cameroon,2024,November,2065
Federal Republic of Cameroon,2024,December,2035
Federal Republic of Cameroon,2024,Total,24115
Federal Republic of Cameroon,2025,January,2280
Federal Republic of Cameroon,2025,February,1630
Federal Republic of Cameroon,2025,March,2315
Federal Republic of Cameroon,2025,April,1975
Federal Republic of Cameroon,2025,May,1870
Federal Republic of Cameroon,2025,June,1455
Federal Republic of Cameroon,2025,July,1600
Federal Republic of Cameroon,2025,August,1915
Federal Republic of Cameroon,2025,September,1945
Federal Republic of Cameroon,2025,October,1965
Federal Republic of Cameroon,2025,November,2390
Federal Republic of Cameroon,2025,December,1860
Federal Republic of Cameroon,2025,Total,23200
Federal Republic of Cameroon,2026,January,1850
Federal Republic of Cameroon,2026,February,2140
Federal Republic of Cameroon,2026,March,2140
Federal Republic of Cameroon,2026,April,1925
Federal Republic of Cameroon,2026,May,2110
Federal Republic of Cameroon,2026,Total,10165
Federal Republic of Germany,2023,January,355
Federal Republic of Germany,2023,February,395
Federal Republic of Germany,2023,March,955
Federal Republic of Germany,2023,April,735
Federal Republic of Germany,2023,May,1935
Federal Republic of Germany,2023,June,1380
Federal Republic of Germany,2023,July,1085
Federal Republic of Germany,2023,August,765
Federal Republic of Germany,2023,September,555
Federal Republic of Germany,2023,October,550
Federal Republic of Germany,2023,November,595
Federal Republic of Germany,2023,December,310
Federal Republic of Germany,2023,Total,9620
Federal Republic of Germany,2024,January,470
Federal Republic of Germany,2024,February,700
Federal Republic of Germany,2024,March,860
Federal Republic of Germany,2024,April,985
Federal Republic of Germany,2024,May,1145
Federal Republic of Germany,2024,June,660
Federal Republic of Germany,2024,July,910
Federal Republic of Germany,2024,August,1045
Federal Republic of Germany,2024,September,485
Federal Republic of Germany,2024,October,580
Federal Republic of Germany,2024,November,460
Federal Republic of Germany,2024,December,340
Federal Republic of Germany,2024,Total,8630
Federal Republic of Germany,2025,January,315
Federal Republic of Germany,2025,February,750
Federal Republic of Germany,2025,March,970
Federal Republic of Germany,2025,April,700
Federal Republic of Germany,2025,May,855
Federal Republic of Germany,2025,June,560
Federal Republic of Germany,2025,July,620
Federal Republic of Germany,2025,August,1590
Federal Republic of Germany,2025,September,450
Federal Republic of Germany,2025,October,565
Federal Republic of Germany,2025,November,445
Federal Republic of Germany,2025,December,335
Federal Republic of Germany,2025,Total,8155
Federal Republic of Germany,2026,January,395
Federal Republic of Germany,2026,February,460
Federal Republic of Germany,2026,March,1140
Federal Republic of Germany,2026,April,1460
Federal Republic of Germany,2026,May,1105
Federal Republic of Germany,2026,Total,4560
Federated States of Micronesia,2023,January,
Federated States of Micronesia,2023,February,0
Federated States of Micronesia,2023,March,
Federated States of Micronesia,2023,April,0
Federated States of Micronesia,2023,May,
Federated States of Micronesia,2023,June,0
Federated States of Micronesia,2023,July,
Federated States of Micronesia,2023,August,0
Federated States of Micronesia,2023,September,0
Federated States of Micronesia,2023,October,0
Federated States of Micronesia,2023,November,0
Federated States of Micronesia,2023,December,
Federated States of Micronesia,2023,Total,10
Federated States of Micronesia,2024,January,0
Federated States of Micronesia,2024,February,0
Federated States of Micronesia,2024,March,
Federated States of Micronesia,2024,April,
Federated States of Micronesia,2024,May,
Federated States of Micronesia,2024,June,
Federated States of Micronesia,2024,July,0
Federated States of Micronesia,2024,August,
Federated States of Micronesia,2024,September,0
Federated States of Micronesia,2024,October,0
Federated States of Micronesia,2024,November,
Federated States of Micronesia,2024,December,
Federated States of Micronesia,2024,Total,10
Federated States of Micronesia,2025,January,0
Federated States of Micronesia,2025,February,0
Federated States of Micronesia,2025,March,0
Federated States of Micronesia,2025,April,0
Federated States of Micronesia,2025,May,0
Federated States of Micronesia,2025,June,0
Federated States of Micronesia,2025,July,0
Federated States of Micronesia,2025,August,
Federated States of Micronesia,2025,September,
Federated States of Micronesia,2025,October,
Federated States of Micronesia,2025,November,0
Federated States of Micronesia,2025,December,
Federated States of Micronesia,2025,Total,10
Federated States of Micronesia,2026,January,
Federated States of Micronesia,2026,February,
Federated States of Micronesia,2026,March,0
Federated States of Micronesia,2026,April,
Federated States of Micronesia,2026,May,0
Federated States of Micronesia,2026,Total,
Fiji,2023,January,155
Fiji,2023,February,155
Fiji,2023,March,165
Fiji,2023,April,200
Fiji,2023,May,260
Fiji,2023,June,295
Fiji,2023,July,165
Fiji,2023,August,175
Fiji,2023,September,210
Fiji,2023,October,105
Fiji,2023,November,100
Fiji,2023,December,200
Fiji,2023,Total,2185
Fiji,2024,January,115
Fiji,2024,February,190
Fiji,2024,March,145
Fiji,2024,April,255
Fiji,2024,May,175
Fiji,2024,June,130
Fiji,2024,July,185
Fiji,2024,August,135
Fiji,2024,September,125
Fiji,2024,October,115
Fiji,2024,November,125
Fiji,2024,December,90
Fiji,2024,Total,1780
Fiji,2025,January,90
Fiji,2025,February,165
Fiji,2025,March,140
Fiji,2025,April,130
Fiji,2025,May,120
Fiji,2025,June,145
Fiji,2025,July,145
Fiji,2025,August,85
Fiji,2025,September,95
Fiji,2025,October,105
Fiji,2025,November,120
Fiji,2025,December,110
Fiji,2025,Total,1455
Fiji,2026,January,70
Fiji,2026,February,150
Fiji,2026,March,125
Fiji,2026,April,80
Fiji,2026,May,135
Fiji,2026,Total,565
Finland,2023,January,20
Finland,2023,February,25
Finland,2023,March,15
Finland,2023,April,25
Finland,2023,May,30
Finland,2023,June,35
Finland,2023,July,30
Finland,2023,August,20
Finland,2023,September,40
Finland,2023,October,20
Finland,2023,November,20
Finland,2023,December,20
Finland,2023,Total,305
Finland,2024,January,15
Finland,2024,February,20
Finland,2024,March,20
Finland,2024,April,45
Finland,2024,May,45
Finland,2024,June,50
Finland,2024,July,35
Finland,2024,August,40
Finland,2024,September,35
Finland,2024,October,20
Finland,2024,November,25
Finland,2024,December,15
Finland,2024,Total,365
Finland,2025,January,35
Finland,2025,February,30
Finland,2025,March,30
Finland,2025,April,15
Finland,2025,May,20
Finland,2025,June,30
Finland,2025,July,45
Finland,2025,August,40
Finland,2025,September,20
Finland,2025,October,30
Finland,2025,November,35
Finland,2025,December,20
Finland,2025,Total,355
Finland,2026,January,20
Finland,2026,February,30
Finland,2026,March,60
Finland,2026,April,45
Finland,2026,May,50
Finland,2026,Total,200
France,2023,January,3455
France,2023,February,5000
France,2023,March,6765
France,2023,April,4180
France,2023,May,7245
France,2023,June,6130
France,2023,July,4870
France,2023,August,3350
France,2023,September,2435
France,2023,October,2235
France,2023,November,2265
France,2023,December,1645
France,2023,Total,49590
France,2024,January,2950
France,2024,February,2980
France,2024,March,4140
France,2024,April,4560
France,2024,May,5005
France,2024,June,3385
France,2024,July,3870
France,2024,August,4590
France,2024,September,2590
France,2024,October,2840
France,2024,November,2505
France,2024,December,2870
France,2024,Total,42285
France,2025,January,3300
France,2025,February,4050
France,2025,March,5180
France,2025,April,3040
France,2025,May,3330
France,2025,June,2655
France,2025,July,2530
France,2025,August,7335
France,2025,September,2585
France,2025,October,2955
France,2025,November,2860
France,2025,December,1950
France,2025,Total,41775
France,2026,January,2680
France,2026,February,4580
France,2026,March,5100
France,2026,April,4605
France,2026,May,3525
France,2026,Total,20490
French Polynesia,2023,January,0
French Polynesia,2023,February,0
French Polynesia,2023,March,0
French Polynesia,2023,April,0
French Polynesia,2023,May,
French Polynesia,2023,June,
French Polynesia,2023,July,
French Polynesia,2023,August,
French Polynesia,2023,September,
French Polynesia,2023,October,
French Polynesia,2023,November,
French Polynesia,2023,December,0
French Polynesia,2023,Total,15
French Polynesia,2024,January,
French Polynesia,2024,February,
French Polynesia,2024,March,
French Polynesia,2024,April,
French Polynesia,2024,May,0
French Polynesia,2024,June,0
French Polynesia,2024,July,
French Polynesia,2024,August,0
French Polynesia,2024,September,
French Polynesia,2024,October,
French Polynesia,2024,November,
French Polynesia,2024,December,0
French Polynesia,2024,Total,10
French Polynesia,2025,January,0
French Polynesia,2025,February,0
French Polynesia,2025,March,0
French Polynesia,2025,April,
French Polynesia,2025,May,0
French Polynesia,2025,June,
French Polynesia,2025,July,0
French Polynesia,2025,August,
French Polynesia,2025,September,
French Polynesia,2025,October,
French Polynesia,2025,November,
French Polynesia,2025,December,
French Polynesia,2025,Total,10
French Polynesia,2026,January,
French Polynesia,2026,February,
French Polynesia,2026,March,0
French Polynesia,2026,April,
French Polynesia,2026,May,
French Polynesia,2026,Total,5
Gabon Republic,2023,January,70
Gabon Republic,2023,February,50
Gabon Republic,2023,March,60
Gabon Republic,2023,April,100
Gabon Republic,2023,May,110
Gabon Republic,2023,June,60
Gabon Republic,2023,July,75
Gabon Republic,2023,August,50
Gabon Republic,2023,September,65
Gabon Republic,2023,October,80
Gabon Republic,2023,November,75
Gabon Republic,2023,December,80
Gabon Republic,2023,Total,870
Gabon Republic,2024,January,55
Gabon Republic,2024,February,85
Gabon Republic,2024,March,70
Gabon Republic,2024,April,75
Gabon Republic,2024,May,70
Gabon Republic,2024,June,85
Gabon Republic,2024,July,85
Gabon Republic,2024,August,70
Gabon Republic,2024,September,70
Gabon Republic,2024,October,90
Gabon Republic,2024,November,80
Gabon Republic,2024,December,75
Gabon Republic,2024,Total,910
Gabon Republic,2025,January,75
Gabon Republic,2025,February,40
Gabon Republic,2025,March,60
Gabon Republic,2025,April,50
Gabon Republic,2025,May,45
Gabon Republic,2025,June,65
Gabon Republic,2025,July,65
Gabon Republic,2025,August,65
Gabon Republic,2025,September,65
Gabon Republic,2025,October,60
Gabon Republic,2025,November,70
Gabon Republic,2025,December,60
Gabon Republic,2025,Total,715
Gabon Republic,2026,January,30
Gabon Republic,2026,February,85
Gabon Republic,2026,March,60
Gabon Republic,2026,April,55
Gabon Republic,2026,May,65
Gabon Republic,2026,Total,295
Gambia,2023,January,55
Gambia,2023,February,35
Gambia,2023,March,75
Gambia,2023,April,335
Gambia,2023,May,105
Gambia,2023,June,100
Gambia,2023,July,105
Gambia,2023,August,115
Gambia,2023,September,80
Gambia,2023,October,80
Gambia,2023,November,105
Gambia,2023,December,75
Gambia,2023,Total,1265
Gambia,2024,January,90
Gambia,2024,February,100
Gambia,2024,March,85
Gambia,2024,April,70
Gambia,2024,May,75
Gambia,2024,June,75
Gambia,2024,July,85
Gambia,2024,August,70
Gambia,2024,September,45
Gambia,2024,October,65
Gambia,2024,November,65
Gambia,2024,December,50
Gambia,2024,Total,865
Gambia,2025,January,60
Gambia,2025,February,55
Gambia,2025,March,85
Gambia,2025,April,60
Gambia,2025,May,65
Gambia,2025,June,65
Gambia,2025,July,65
Gambia,2025,August,95
Gambia,2025,September,95
Gambia,2025,October,115
Gambia,2025,November,90
Gambia,2025,December,75
Gambia,2025,Total,925
Gambia,2026,January,70
Gambia,2026,February,140
Gambia,2026,March,110
Gambia,2026,April,95
Gambia,2026,May,95
Gambia,2026,Total,510
Georgia,2023,January,75
Georgia,2023,February,155
Georgia,2023,March,280
Georgia,2023,April,135
Georgia,2023,May,150
Georgia,2023,June,150
Georgia,2023,July,200
Georgia,2023,August,110
Georgia,2023,September,135
Georgia,2023,October,165
Georgia,2023,November,170
Georgia,2023,December,305
Georgia,2023,Total,2030
Georgia,2024,January,225
Georgia,2024,February,140
Georgia,2024,March,115
Georgia,2024,April,80
Georgia,2024,May,105
Georgia,2024,June,105
Georgia,2024,July,145
Georgia,2024,August,155
Georgia,2024,September,95
Georgia,2024,October,105
Georgia,2024,November,95
Georgia,2024,December,130
Georgia,2024,Total,1490
Georgia,2025,January,140
Georgia,2025,February,75
Georgia,2025,March,175
Georgia,2025,April,125
Georgia,2025,May,140
Georgia,2025,June,160
Georgia,2025,July,115
Georgia,2025,August,125
Georgia,2025,September,115
Georgia,2025,October,165
Georgia,2025,November,165
Georgia,2025,December,145
Georgia,2025,Total,1645
Georgia,2026,January,110
Georgia,2026,February,200
Georgia,2026,March,100
Georgia,2026,April,90
Georgia,2026,May,120
Georgia,2026,Total,620
Ghana,2023,January,765
Ghana,2023,February,1640
Ghana,2023,March,1760
Ghana,2023,April,4430
Ghana,2023,May,2715
Ghana,2023,June,3520
Ghana,2023,July,3975
Ghana,2023,August,4375
Ghana,2023,September,1660
Ghana,2023,October,1910
Ghana,2023,November,3245
Ghana,2023,December,3200
Ghana,2023,Total,33200
Ghana,2024,January,5940
Ghana,2024,February,5590
Ghana,2024,March,3570
Ghana,2024,April,2890
Ghana,2024,May,3495
Ghana,2024,June,3305
Ghana,2024,July,3130
Ghana,2024,August,2355
Ghana,2024,September,2925
Ghana,2024,October,3300
Ghana,2024,November,2785
Ghana,2024,December,2285
Ghana,2024,Total,41570
Ghana,2025,January,2805
Ghana,2025,February,1780
Ghana,2025,March,2005
Ghana,2025,April,2000
Ghana,2025,May,2040
Ghana,2025,June,1740
Ghana,2025,July,1975
Ghana,2025,August,2405
Ghana,2025,September,2570
Ghana,2025,October,2205
Ghana,2025,November,2395
Ghana,2025,December,2380
Ghana,2025,Total,26300
Ghana,2026,January,2395
Ghana,2026,February,3190
Ghana,2026,March,3020
Ghana,2026,April,2415
Ghana,2026,May,3235
Ghana,2026,Total,14255
Greece,2023,January,75
Greece,2023,February,105
Greece,2023,March,180
Greece,2023,April,90
Greece,2023,May,205
Greece,2023,June,140
Greece,2023,July,120
Greece,2023,August,120
Greece,2023,September,100
Greece,2023,October,105
Greece,2023,November,100
Greece,2023,December,105
Greece,2023,Total,1440
Greece,2024,January,95
Greece,2024,February,110
Greece,2024,March,105
Greece,2024,April,105
Greece,2024,May,110
Greece,2024,June,95
Greece,2024,July,90
Greece,2024,August,75
Greece,2024,September,60
Greece,2024,October,105
Greece,2024,November,70
Greece,2024,December,90
Greece,2024,Total,1110
Greece,2025,January,100
Greece,2025,February,100
Greece,2025,March,105
Greece,2025,April,75
Greece,2025,May,55
Greece,2025,June,70
Greece,2025,July,80
Greece,2025,August,70
Greece,2025,September,65
Greece,2025,October,85
Greece,2025,November,70
Greece,2025,December,60
Greece,2025,Total,940
Greece,2026,January,65
Greece,2026,February,70
Greece,2026,March,105
Greece,2026,April,80
Greece,2026,May,85
Greece,2026,Total,405
Grenada,2023,January,140
Grenada,2023,February,90
Grenada,2023,March,85
Grenada,2023,April,95
Grenada,2023,May,135
Grenada,2023,June,145
Grenada,2023,July,150
Grenada,2023,August,135
Grenada,2023,September,160
Grenada,2023,October,95
Grenada,2023,November,605
Grenada,2023,December,205
Grenada,2023,Total,2045
Grenada,2024,January,170
Grenada,2024,February,95
Grenada,2024,March,80
Grenada,2024,April,110
Grenada,2024,May,135
Grenada,2024,June,85
Grenada,2024,July,130
Grenada,2024,August,60
Grenada,2024,September,130
Grenada,2024,October,125
Grenada,2024,November,95
Grenada,2024,December,65
Grenada,2024,Total,1280
Grenada,2025,January,105
Grenada,2025,February,80
Grenada,2025,March,105
Grenada,2025,April,105
Grenada,2025,May,120
Grenada,2025,June,115
Grenada,2025,July,90
Grenada,2025,August,80
Grenada,2025,September,120
Grenada,2025,October,75
Grenada,2025,November,100
Grenada,2025,December,85
Grenada,2025,Total,1185
Grenada,2026,January,75
Grenada,2026,February,95
Grenada,2026,March,95
Grenada,2026,April,110
Grenada,2026,May,135
Grenada,2026,Total,510
Guadeloupe,2023,January,0
Guadeloupe,2023,February,0
Guadeloupe,2023,March,0
Guadeloupe,2023,April,
Guadeloupe,2023,May,0
Guadeloupe,2023,June,0
Guadeloupe,2023,July,0
Guadeloupe,2023,August,0
Guadeloupe,2023,September,0
Guadeloupe,2023,October,0
Guadeloupe,2023,November,
Guadeloupe,2023,December,
Guadeloupe,2023,Total,
Guadeloupe,2024,January,
Guadeloupe,2024,February,0
Guadeloupe,2024,March,0
Guadeloupe,2024,April,0
Guadeloupe,2024,May,0
Guadeloupe,2024,June,0
Guadeloupe,2024,July,0
Guadeloupe,2024,August,0
Guadeloupe,2024,September,0
Guadeloupe,2024,October,0
Guadeloupe,2024,November,0
Guadeloupe,2024,December,0
Guadeloupe,2024,Total,
Guadeloupe,2025,January,0
Guadeloupe,2025,February,0
Guadeloupe,2025,March,0
Guadeloupe,2025,April,0
Guadeloupe,2025,May,0
Guadeloupe,2025,June,0
Guadeloupe,2025,July,0
Guadeloupe,2025,August,0
Guadeloupe,2025,September,0
Guadeloupe,2025,October,0
Guadeloupe,2025,November,0
Guadeloupe,2025,December,0
Guadeloupe,2025,Total,0
Guadeloupe,2026,January,0
Guadeloupe,2026,February,
Guadeloupe,2026,March,
Guadeloupe,2026,April,0
Guadeloupe,2026,May,0
Guadeloupe,2026,Total,
Guatemala,2023,January,3010
Guatemala,2023,February,2705
Guatemala,2023,March,4060
Guatemala,2023,April,2415
Guatemala,2023,May,2705
Guatemala,2023,June,2090
Guatemala,2023,July,1690
Guatemala,2023,August,1700
Guatemala,2023,September,1945
Guatemala,2023,October,1500
Guatemala,2023,November,1395
Guatemala,2023,December,1405
Guatemala,2023,Total,26620
Guatemala,2024,January,2615
Guatemala,2024,February,2565
Guatemala,2024,March,3380
Guatemala,2024,April,3860
Guatemala,2024,May,2740
Guatemala,2024,June,1690
Guatemala,2024,July,1965
Guatemala,2024,August,1750
Guatemala,2024,September,1585
Guatemala,2024,October,1610
Guatemala,2024,November,2360
Guatemala,2024,December,2760
Guatemala,2024,Total,28880
Guatemala,2025,January,3185
Guatemala,2025,February,3650
Guatemala,2025,March,4225
Guatemala,2025,April,3270
Guatemala,2025,May,2220
Guatemala,2025,June,1865
Guatemala,2025,July,1630
Guatemala,2025,August,1210
Guatemala,2025,September,1445
Guatemala,2025,October,1880
Guatemala,2025,November,1325
Guatemala,2025,December,2475
Guatemala,2025,Total,28375
Guatemala,2026,January,2950
Guatemala,2026,February,3820
Guatemala,2026,March,4315
Guatemala,2026,April,4475
Guatemala,2026,May,2615
Guatemala,2026,Total,18175
Guinea-Bissau,2023,January,5
Guinea-Bissau,2023,February,0
Guinea-Bissau,2023,March,
Guinea-Bissau,2023,April,10
Guinea-Bissau,2023,May,10
Guinea-Bissau,2023,June,10
Guinea-Bissau,2023,July,5
Guinea-Bissau,2023,August,
Guinea-Bissau,2023,September,5
Guinea-Bissau,2023,October,5
Guinea-Bissau,2023,November,
Guinea-Bissau,2023,December,
Guinea-Bissau,2023,Total,60
Guinea-Bissau,2024,January,
Guinea-Bissau,2024,February,
Guinea-Bissau,2024,March,10
Guinea-Bissau,2024,April,5
Guinea-Bissau,2024,May,
Guinea-Bissau,2024,June,0
Guinea-Bissau,2024,July,5
Guinea-Bissau,2024,August,
Guinea-Bissau,2024,September,5
Guinea-Bissau,2024,October,
Guinea-Bissau,2024,November,5
Guinea-Bissau,2024,December,
Guinea-Bissau,2024,Total,50
Guinea-Bissau,2025,January,5
Guinea-Bissau,2025,February,
Guinea-Bissau,2025,March,5
Guinea-Bissau,2025,April,
Guinea-Bissau,2025,May,
Guinea-Bissau,2025,June,5
Guinea-Bissau,2025,July,5
Guinea-Bissau,2025,August,5
Guinea-Bissau,2025,September,10
Guinea-Bissau,2025,October,10
Guinea-Bissau,2025,November,5
Guinea-Bissau,2025,December,15
Guinea-Bissau,2025,Total,75
Guinea-Bissau,2026,January,10
Guinea-Bissau,2026,February,25
Guinea-Bissau,2026,March,20
Guinea-Bissau,2026,April,
Guinea-Bissau,2026,May,
Guinea-Bissau,2026,Total,65
"Guinea, Republic of",2023,January,540
"Guinea, Republic of",2023,February,495
"Guinea, Republic of",2023,March,665
"Guinea, Republic of",2023,April,1390
"Guinea, Republic of",2023,May,835
"Guinea, Republic of",2023,June,525
"Guinea, Republic of",2023,July,760
"Guinea, Republic of",2023,August,835
"Guinea, Republic of",2023,September,680
"Guinea, Republic of",2023,October,750
"Guinea, Republic of",2023,November,795
"Guinea, Republic of",2023,December,670
"Guinea, Republic of",2023,Total,8940
"Guinea, Republic of",2024,January,680
"Guinea, Republic of",2024,February,960
"Guinea, Republic of",2024,March,790
"Guinea, Republic of",2024,April,740
"Guinea, Republic of",2024,May,780
"Guinea, Republic of",2024,June,855
"Guinea, Republic of",2024,July,1425
"Guinea, Republic of",2024,August,1015
"Guinea, Republic of",2024,September,790
"Guinea, Republic of",2024,October,880
"Guinea, Republic of",2024,November,775
"Guinea, Republic of",2024,December,825
"Guinea, Republic of",2024,Total,10515
"Guinea, Republic of",2025,January,1255
"Guinea, Republic of",2025,February,865
"Guinea, Republic of",2025,March,1220
"Guinea, Republic of",2025,April,530
"Guinea, Republic of",2025,May,780
"Guinea, Republic of",2025,June,540
"Guinea, Republic of",2025,July,625
"Guinea, Republic of",2025,August,800
"Guinea, Republic of",2025,September,915
"Guinea, Republic of",2025,October,675
"Guinea, Republic of",2025,November,1040
"Guinea, Republic of",2025,December,755
"Guinea, Republic of",2025,Total,10005
"Guinea, Republic of",2026,January,650
"Guinea, Republic of",2026,February,1215
"Guinea, Republic of",2026,March,1030
"Guinea, Republic of",2026,April,835
"Guinea, Republic of",2026,May,845
"Guinea, Republic of",2026,Total,4575
Guyana,2023,January,670
Guyana,2023,February,415
Guyana,2023,March,555
Guyana,2023,April,530
Guyana,2023,May,640
Guyana,2023,June,885
Guyana,2023,July,490
Guyana,2023,August,575
Guyana,2023,September,565
Guyana,2023,October,485
Guyana,2023,November,435
Guyana,2023,December,330
Guyana,2023,Total,6575
Guyana,2024,January,485
Guyana,2024,February,580
Guyana,2024,March,580
Guyana,2024,April,695
Guyana,2024,May,860
Guyana,2024,June,490
Guyana,2024,July,630
Guyana,2024,August,520
Guyana,2024,September,805
Guyana,2024,October,760
Guyana,2024,November,520
Guyana,2024,December,400
Guyana,2024,Total,7330
Guyana,2025,January,440
Guyana,2025,February,355
Guyana,2025,March,790
Guyana,2025,April,655
Guyana,2025,May,640
Guyana,2025,June,730
Guyana,2025,July,565
Guyana,2025,August,320
Guyana,2025,September,630
Guyana,2025,October,455
Guyana,2025,November,470
Guyana,2025,December,350
Guyana,2025,Total,6390
Guyana,2026,January,450
Guyana,2026,February,450
Guyana,2026,March,490
Guyana,2026,April,630
Guyana,2026,May,705
Guyana,2026,Total,2725
Haiti,2023,January,2980
Haiti,2023,February,1825
Haiti,2023,March,2030
Haiti,2023,April,2270
Haiti,2023,May,2010
Haiti,2023,June,1845
Haiti,2023,July,1360
Haiti,2023,August,2820
Haiti,2023,September,2525
Haiti,2023,October,2370
Haiti,2023,November,3025
Haiti,2023,December,2065
Haiti,2023,Total,27130
Haiti,2024,January,1525
Haiti,2024,February,1755
Haiti,2024,March,2050
Haiti,2024,April,1830
Haiti,2024,May,2255
Haiti,2024,June,1945
Haiti,2024,July,2300
Haiti,2024,August,2445
Haiti,2024,September,2185
Haiti,2024,October,1960
Haiti,2024,November,2475
Haiti,2024,December,2705
Haiti,2024,Total,25435
Haiti,2025,January,4520
Haiti,2025,February,2290
Haiti,2025,March,3780
Haiti,2025,April,2080
Haiti,2025,May,4575
Haiti,2025,June,2175
Haiti,2025,July,2525
Haiti,2025,August,2175
Haiti,2025,September,2200
Haiti,2025,October,2340
Haiti,2025,November,5220
Haiti,2025,December,3385
Haiti,2025,Total,37265
Haiti,2026,January,3730
Haiti,2026,February,5785
Haiti,2026,March,4185
Haiti,2026,April,1990
Haiti,2026,May,1765
Haiti,2026,Total,17455
Holy See,2023,January,0
Holy See,2023,February,0
Holy See,2023,March,0
Holy See,2023,April,0
Holy See,2023,May,0
Holy See,2023,June,0
Holy See,2023,July,0
Holy See,2023,August,0
Holy See,2023,September,0
Holy See,2023,October,
Holy See,2023,November,
Holy See,2023,December,0
Holy See,2023,Total,
Holy See,2024,January,0
Holy See,2024,February,0
Holy See,2024,March,0
Holy See,2024,April,
Holy See,2024,May,0
Holy See,2024,June,0
Holy See,2024,July,0
Holy See,2024,August,0
Holy See,2024,September,
Holy See,2024,October,0
Holy See,2024,November,0
Holy See,2024,December,
Holy See,2024,Total,
Holy See,2025,January,0
Holy See,2025,February,
Holy See,2025,March,0
Holy See,2025,April,
Holy See,2025,May,0
Holy See,2025,June,0
Holy See,2025,July,0
Holy See,2025,August,0
Holy See,2025,September,0
Holy See,2025,October,0
Holy See,2025,November,0
Holy See,2025,December,0
Holy See,2025,Total,
Holy See,2026,January,0
Holy See,2026,February,0
Holy See,2026,March,0
Holy See,2026,April,0
Holy See,2026,May,0
Holy See,2026,Total,0
Honduras,2023,January,380
Honduras,2023,February,425
Honduras,2023,March,395
Honduras,2023,April,335
Honduras,2023,May,475
Honduras,2023,June,365
Honduras,2023,July,340
Honduras,2023,August,470
Honduras,2023,September,430
Honduras,2023,October,425
Honduras,2023,November,500
Honduras,2023,December,325
Honduras,2023,Total,4870
Honduras,2024,January,335
Honduras,2024,February,350
Honduras,2024,March,535
Honduras,2024,April,420
Honduras,2024,May,440
Honduras,2024,June,245
Honduras,2024,July,335
Honduras,2024,August,360
Honduras,2024,September,220
Honduras,2024,October,260
Honduras,2024,November,425
Honduras,2024,December,415
Honduras,2024,Total,4340
Honduras,2025,January,475
Honduras,2025,February,495
Honduras,2025,March,445
Honduras,2025,April,375
Honduras,2025,May,440
Honduras,2025,June,290
Honduras,2025,July,315
Honduras,2025,August,350
Honduras,2025,September,360
Honduras,2025,October,390
Honduras,2025,November,375
Honduras,2025,December,410
Honduras,2025,Total,4715
Honduras,2026,January,420
Honduras,2026,February,570
Honduras,2026,March,495
Honduras,2026,April,545
Honduras,2026,May,450
Honduras,2026,Total,2480
Hong Kong,2023,January,2590
Hong Kong,2023,February,2960
Hong Kong,2023,March,4000
Hong Kong,2023,April,2415
Hong Kong,2023,May,2320
Hong Kong,2023,June,1910
Hong Kong,2023,July,2000
Hong Kong,2023,August,2350
Hong Kong,2023,September,1420
Hong Kong,2023,October,1355
Hong Kong,2023,November,1885
Hong Kong,2023,December,1285
Hong Kong,2023,Total,26495
Hong Kong,2024,January,1950
Hong Kong,2024,February,1685
Hong Kong,2024,March,1510
Hong Kong,2024,April,1525
Hong Kong,2024,May,1360
Hong Kong,2024,June,1650
Hong Kong,2024,July,1570
Hong Kong,2024,August,1115
Hong Kong,2024,September,1020
Hong Kong,2024,October,1305
Hong Kong,2024,November,1165
Hong Kong,2024,December,1075
Hong Kong,2024,Total,16940
Hong Kong,2025,January,1015
Hong Kong,2025,February,1120
Hong Kong,2025,March,1085
Hong Kong,2025,April,775
Hong Kong,2025,May,700
Hong Kong,2025,June,750
Hong Kong,2025,July,925
Hong Kong,2025,August,1055
Hong Kong,2025,September,1375
Hong Kong,2025,October,1310
Hong Kong,2025,November,1270
Hong Kong,2025,December,1160
Hong Kong,2025,Total,12540
Hong Kong,2026,January,1300
Hong Kong,2026,February,870
Hong Kong,2026,March,1665
Hong Kong,2026,April,1625
Hong Kong,2026,May,1710
Hong Kong,2026,Total,7170
Hungary,2023,January,140
Hungary,2023,February,110
Hungary,2023,March,115
Hungary,2023,April,80
Hungary,2023,May,125
Hungary,2023,June,85
Hungary,2023,July,110
Hungary,2023,August,100
Hungary,2023,September,105
Hungary,2023,October,105
Hungary,2023,November,90
Hungary,2023,December,75
Hungary,2023,Total,1245
Hungary,2024,January,60
Hungary,2024,February,90
Hungary,2024,March,100
Hungary,2024,April,105
Hungary,2024,May,95
Hungary,2024,June,110
Hungary,2024,July,110
Hungary,2024,August,110
Hungary,2024,September,75
Hungary,2024,October,115
Hungary,2024,November,110
Hungary,2024,December,95
Hungary,2024,Total,1175
Hungary,2025,January,95
Hungary,2025,February,110
Hungary,2025,March,105
Hungary,2025,April,85
Hungary,2025,May,85
Hungary,2025,June,65
Hungary,2025,July,80
Hungary,2025,August,110
Hungary,2025,September,75
Hungary,2025,October,85
Hungary,2025,November,95
Hungary,2025,December,110
Hungary,2025,Total,1100
Hungary,2026,January,60
Hungary,2026,February,110
Hungary,2026,March,100
Hungary,2026,April,65
Hungary,2026,May,50
Hungary,2026,Total,385
Iceland,2023,January,15
Iceland,2023,February,10
Iceland,2023,March,15
Iceland,2023,April,10
Iceland,2023,May,10
Iceland,2023,June,10
Iceland,2023,July,20
Iceland,2023,August,15
Iceland,2023,September,10
Iceland,2023,October,10
Iceland,2023,November,5
Iceland,2023,December,15
Iceland,2023,Total,135
Iceland,2024,January,10
Iceland,2024,February,15
Iceland,2024,March,15
Iceland,2024,April,5
Iceland,2024,May,20
Iceland,2024,June,10
Iceland,2024,July,10
Iceland,2024,August,15
Iceland,2024,September,10
Iceland,2024,October,15
Iceland,2024,November,5
Iceland,2024,December,10
Iceland,2024,Total,140
Iceland,2025,January,15
Iceland,2025,February,15
Iceland,2025,March,10
Iceland,2025,April,20
Iceland,2025,May,10
Iceland,2025,June,
Iceland,2025,July,10
Iceland,2025,August,15
Iceland,2025,September,5
Iceland,2025,October,10
Iceland,2025,November,10
Iceland,2025,December,15
Iceland,2025,Total,135
Iceland,2026,January,15
Iceland,2026,February,10
Iceland,2026,March,
Iceland,2026,April,5
Iceland,2026,May,15
Iceland,2026,Total,45
India,2023,January,99945
India,2023,February,97540
India,2023,March,114440
India,2023,April,81775
India,2023,May,130800
India,2023,June,130005
India,2023,July,112580
India,2023,August,105440
India,2023,September,97675
India,2023,October,106565
India,2023,November,116695
India,2023,December,77395
India,2023,Total,1270850
India,2024,January,123040
India,2024,February,119735
India,2024,March,101750
India,2024,April,96695
India,2024,May,108025
India,2024,June,86865
India,2024,July,83855
India,2024,August,66090
India,2024,September,70235
India,2024,October,89260
India,2024,November,78790
India,2024,December,76995
India,2024,Total,1101330
India,2025,January,92700
India,2025,February,82930
India,2025,March,67700
India,2025,April,55365
India,2025,May,60665
India,2025,June,49465
India,2025,July,55120
India,2025,August,58850
India,2025,September,56095
India,2025,October,64035
India,2025,November,63950
India,2025,December,63220
India,2025,Total,770110
India,2026,January,85520
India,2026,February,96800
India,2026,March,82990
India,2026,April,80235
India,2026,May,82380
India,2026,Total,427925
Iran,2023,January,8395
Iran,2023,February,9360
Iran,2023,March,12675
Iran,2023,April,5195
Iran,2023,May,8740
Iran,2023,June,12650
Iran,2023,July,11055
Iran,2023,August,19720
Iran,2023,September,17240
Iran,2023,October,13510
Iran,2023,November,15265
Iran,2023,December,14590
Iran,2023,Total,148395
Iran,2024,January,16610
Iran,2024,February,18610
Iran,2024,March,9610
Iran,2024,April,7925
Iran,2024,May,7885
Iran,2024,June,8330
Iran,2024,July,11550
Iran,2024,August,8005
Iran,2024,September,8220
Iran,2024,October,5940
Iran,2024,November,7595
Iran,2024,December,8020
Iran,2024,Total,118290
Iran,2025,January,11920
Iran,2025,February,8590
Iran,2025,March,9915
Iran,2025,April,5385
Iran,2025,May,6305
Iran,2025,June,5200
Iran,2025,July,6040
Iran,2025,August,7790
Iran,2025,September,4995
Iran,2025,October,5620
Iran,2025,November,4965
Iran,2025,December,4885
Iran,2025,Total,81610
Iran,2026,January,4200
Iran,2026,February,4130
Iran,2026,March,3525
Iran,2026,April,1765
Iran,2026,May,2875
Iran,2026,Total,16500
Iraq,2023,January,130
Iraq,2023,February,290
Iraq,2023,March,400
Iraq,2023,April,485
Iraq,2023,May,310
Iraq,2023,June,250
Iraq,2023,July,380
Iraq,2023,August,385
Iraq,2023,September,210
Iraq,2023,October,290
Iraq,2023,November,270
Iraq,2023,December,245
Iraq,2023,Total,3655
Iraq,2024,January,220
Iraq,2024,February,260
Iraq,2024,March,395
Iraq,2024,April,210
Iraq,2024,May,290
Iraq,2024,June,295
Iraq,2024,July,290
Iraq,2024,August,245
Iraq,2024,September,170
Iraq,2024,October,150
Iraq,2024,November,140
Iraq,2024,December,265
Iraq,2024,Total,2930
Iraq,2025,January,230
Iraq,2025,February,130
Iraq,2025,March,165
Iraq,2025,April,150
Iraq,2025,May,170
Iraq,2025,June,130
Iraq,2025,July,200
Iraq,2025,August,205
Iraq,2025,September,220
Iraq,2025,October,230
Iraq,2025,November,275
Iraq,2025,December,320
Iraq,2025,Total,2425
Iraq,2026,January,190
Iraq,2026,February,260
Iraq,2026,March,285
Iraq,2026,April,225
Iraq,2026,May,425
Iraq,2026,Total,1385
Israel,2023,January,235
Israel,2023,February,170
Israel,2023,March,250
Israel,2023,April,240
Israel,2023,May,340
Israel,2023,June,460
Israel,2023,July,310
Israel,2023,August,225
Israel,2023,September,245
Israel,2023,October,240
Israel,2023,November,195
Israel,2023,December,195
Israel,2023,Total,3110
Israel,2024,January,630
Israel,2024,February,345
Israel,2024,March,350
Israel,2024,April,515
Israel,2024,May,490
Israel,2024,June,455
Israel,2024,July,2130
Israel,2024,August,930
Israel,2024,September,535
Israel,2024,October,375
Israel,2024,November,320
Israel,2024,December,360
Israel,2024,Total,7430
Israel,2025,January,590
Israel,2025,February,445
Israel,2025,March,350
Israel,2025,April,470
Israel,2025,May,520
Israel,2025,June,395
Israel,2025,July,1070
Israel,2025,August,910
Israel,2025,September,730
Israel,2025,October,380
Israel,2025,November,205
Israel,2025,December,205
Israel,2025,Total,6270
Israel,2026,January,210
Israel,2026,February,275
Israel,2026,March,575
Israel,2026,April,295
Israel,2026,May,280
Israel,2026,Total,1640
Italy,2023,January,425
Italy,2023,February,505
Italy,2023,March,625
Italy,2023,April,415
Italy,2023,May,760
Italy,2023,June,945
Italy,2023,July,690
Italy,2023,August,510
Italy,2023,September,450
Italy,2023,October,485
Italy,2023,November,505
Italy,2023,December,320
Italy,2023,Total,6640
Italy,2024,January,380
Italy,2024,February,505
Italy,2024,March,525
Italy,2024,April,495
Italy,2024,May,555
Italy,2024,June,520
Italy,2024,July,500
Italy,2024,August,510
Italy,2024,September,380
Italy,2024,October,585
Italy,2024,November,410
Italy,2024,December,370
Italy,2024,Total,5740
Italy,2025,January,400
Italy,2025,February,490
Italy,2025,March,600
Italy,2025,April,450
Italy,2025,May,395
Italy,2025,June,410
Italy,2025,July,375
Italy,2025,August,745
Italy,2025,September,370
Italy,2025,October,430
Italy,2025,November,365
Italy,2025,December,305
Italy,2025,Total,5335
Italy,2026,January,350
Italy,2026,February,430
Italy,2026,March,635
Italy,2026,April,625
Italy,2026,May,610
Italy,2026,Total,2645
Jamaica,2023,January,5180
Jamaica,2023,February,4085
Jamaica,2023,March,5280
Jamaica,2023,April,3715
Jamaica,2023,May,5035
Jamaica,2023,June,5020
Jamaica,2023,July,4070
Jamaica,2023,August,4285
Jamaica,2023,September,2845
Jamaica,2023,October,2730
Jamaica,2023,November,4175
Jamaica,2023,December,3695
Jamaica,2023,Total,50120
Jamaica,2024,January,2865
Jamaica,2024,February,3515
Jamaica,2024,March,4095
Jamaica,2024,April,5565
Jamaica,2024,May,4545
Jamaica,2024,June,2645
Jamaica,2024,July,2715
Jamaica,2024,August,3230
Jamaica,2024,September,4610
Jamaica,2024,October,1775
Jamaica,2024,November,3300
Jamaica,2024,December,3985
Jamaica,2024,Total,42845
Jamaica,2025,January,3625
Jamaica,2025,February,6775
Jamaica,2025,March,4655
Jamaica,2025,April,5050
Jamaica,2025,May,3840
Jamaica,2025,June,3745
Jamaica,2025,July,3305
Jamaica,2025,August,3325
Jamaica,2025,September,2640
Jamaica,2025,October,2640
Jamaica,2025,November,2580
Jamaica,2025,December,2220
Jamaica,2025,Total,44400
Jamaica,2026,January,2715
Jamaica,2026,February,4165
Jamaica,2026,March,4605
Jamaica,2026,April,4965
Jamaica,2026,May,4190
Jamaica,2026,Total,20645
Japan,2023,January,1245
Japan,2023,February,1490
Japan,2023,March,1720
Japan,2023,April,1070
Japan,2023,May,2825
Japan,2023,June,2465
Japan,2023,July,2310
Japan,2023,August,1835
Japan,2023,September,1260
Japan,2023,October,930
Japan,2023,November,995
Japan,2023,December,760
Japan,2023,Total,18910
Japan,2024,January,1420
Japan,2024,February,1575
Japan,2024,March,1595
Japan,2024,April,1860
Japan,2024,May,2055
Japan,2024,June,1400
Japan,2024,July,1725
Japan,2024,August,2000
Japan,2024,September,1085
Japan,2024,October,1020
Japan,2024,November,795
Japan,2024,December,765
Japan,2024,Total,17285
Japan,2025,January,1045
Japan,2025,February,1550
Japan,2025,March,1850
Japan,2025,April,1065
Japan,2025,May,1145
Japan,2025,June,1965
Japan,2025,July,1450
Japan,2025,August,2405
Japan,2025,September,765
Japan,2025,October,730
Japan,2025,November,640
Japan,2025,December,600
Japan,2025,Total,15210
Japan,2026,January,685
Japan,2026,February,615
Japan,2026,March,1345
Japan,2026,April,3145
Japan,2026,May,3450
Japan,2026,Total,9240
Jordan,2023,January,775
Jordan,2023,February,1460
Jordan,2023,March,1530
Jordan,2023,April,1695
Jordan,2023,May,1440
Jordan,2023,June,1100
Jordan,2023,July,1270
Jordan,2023,August,1110
Jordan,2023,September,690
Jordan,2023,October,1010
Jordan,2023,November,975
Jordan,2023,December,880
Jordan,2023,Total,13935
Jordan,2024,January,850
Jordan,2024,February,1000
Jordan,2024,March,1175
Jordan,2024,April,1155
Jordan,2024,May,755
Jordan,2024,June,825
Jordan,2024,July,805
Jordan,2024,August,690
Jordan,2024,September,545
Jordan,2024,October,655
Jordan,2024,November,575
Jordan,2024,December,940
Jordan,2024,Total,9960
Jordan,2025,January,725
Jordan,2025,February,565
Jordan,2025,March,490
Jordan,2025,April,665
Jordan,2025,May,645
Jordan,2025,June,425
Jordan,2025,July,690
Jordan,2025,August,595
Jordan,2025,September,535
Jordan,2025,October,610
Jordan,2025,November,825
Jordan,2025,December,635
Jordan,2025,Total,7410
Jordan,2026,January,445
Jordan,2026,February,665
Jordan,2026,March,810
Jordan,2026,April,830
Jordan,2026,May,800
Jordan,2026,Total,3550
Kazakhstan,2023,January,290
Kazakhstan,2023,February,275
Kazakhstan,2023,March,460
Kazakhstan,2023,April,385
Kazakhstan,2023,May,600
Kazakhstan,2023,June,460
Kazakhstan,2023,July,290
Kazakhstan,2023,August,355
Kazakhstan,2023,September,325
Kazakhstan,2023,October,500
Kazakhstan,2023,November,510
Kazakhstan,2023,December,335
Kazakhstan,2023,Total,4790
Kazakhstan,2024,January,445
Kazakhstan,2024,February,395
Kazakhstan,2024,March,330
Kazakhstan,2024,April,535
Kazakhstan,2024,May,400
Kazakhstan,2024,June,300
Kazakhstan,2024,July,335
Kazakhstan,2024,August,345
Kazakhstan,2024,September,240
Kazakhstan,2024,October,295
Kazakhstan,2024,November,370
Kazakhstan,2024,December,260
Kazakhstan,2024,Total,4250
Kazakhstan,2025,January,255
Kazakhstan,2025,February,320
Kazakhstan,2025,March,265
Kazakhstan,2025,April,320
Kazakhstan,2025,May,420
Kazakhstan,2025,June,310
Kazakhstan,2025,July,305
Kazakhstan,2025,August,260
Kazakhstan,2025,September,275
Kazakhstan,2025,October,275
Kazakhstan,2025,November,320
Kazakhstan,2025,December,290
Kazakhstan,2025,Total,3620
Kazakhstan,2026,January,360
Kazakhstan,2026,February,370
Kazakhstan,2026,March,315
Kazakhstan,2026,April,445
Kazakhstan,2026,May,335
Kazakhstan,2026,Total,1825
Kenya,2023,January,1190
Kenya,2023,February,625
Kenya,2023,March,1200
Kenya,2023,April,4515
Kenya,2023,May,2545
Kenya,2023,June,1280
Kenya,2023,July,1095
Kenya,2023,August,1740
Kenya,2023,September,2340
Kenya,2023,October,1835
Kenya,2023,November,1845
Kenya,2023,December,1195
Kenya,2023,Total,21415
Kenya,2024,January,1300
Kenya,2024,February,1480
Kenya,2024,March,1185
Kenya,2024,April,945
Kenya,2024,May,1160
Kenya,2024,June,970
Kenya,2024,July,1040
Kenya,2024,August,845
Kenya,2024,September,650
Kenya,2024,October,645
Kenya,2024,November,605
Kenya,2024,December,610
Kenya,2024,Total,11430
Kenya,2025,January,660
Kenya,2025,February,665
Kenya,2025,March,665
Kenya,2025,April,685
Kenya,2025,May,965
Kenya,2025,June,800
Kenya,2025,July,930
Kenya,2025,August,1390
Kenya,2025,September,1225
Kenya,2025,October,1235
Kenya,2025,November,1025
Kenya,2025,December,1265
Kenya,2025,Total,11510
Kenya,2026,January,1155
Kenya,2026,February,1435
Kenya,2026,March,1050
Kenya,2026,April,880
Kenya,2026,May,1160
Kenya,2026,Total,5680
Kiribati,2023,January,0
Kiribati,2023,February,0
Kiribati,2023,March,
Kiribati,2023,April,0
Kiribati,2023,May,
Kiribati,2023,June,5
Kiribati,2023,July,
Kiribati,2023,August,0
Kiribati,2023,September,0
Kiribati,2023,October,0
Kiribati,2023,November,
Kiribati,2023,December,0
Kiribati,2023,Total,15
Kiribati,2024,January,0
Kiribati,2024,February,0
Kiribati,2024,March,0
Kiribati,2024,April,
Kiribati,2024,May,0
Kiribati,2024,June,0
Kiribati,2024,July,0
Kiribati,2024,August,0
Kiribati,2024,September,0
Kiribati,2024,October,
Kiribati,2024,November,
Kiribati,2024,December,0
Kiribati,2024,Total,
Kiribati,2025,January,0
Kiribati,2025,February,0
Kiribati,2025,March,0
Kiribati,2025,April,
Kiribati,2025,May,
Kiribati,2025,June,0
Kiribati,2025,July,0
Kiribati,2025,August,0
Kiribati,2025,September,5
Kiribati,2025,October,
Kiribati,2025,November,0
Kiribati,2025,December,
Kiribati,2025,Total,10
Kiribati,2026,January,0
Kiribati,2026,February,0
Kiribati,2026,March,0
Kiribati,2026,April,
Kiribati,2026,May,0
Kiribati,2026,Total,
"Korea, People's Democratic Republic of",2023,January,0
"Korea, People's Democratic Republic of",2023,February,0
"Korea, People's Democratic Republic of",2023,March,0
"Korea, People's Democratic Republic of",2023,April,0
"Korea, People's Democratic Republic of",2023,May,
"Korea, People's Democratic Republic of",2023,June,
"Korea, People's Democratic Republic of",2023,July,
"Korea, People's Democratic Republic of",2023,August,0
"Korea, People's Democratic Republic of",2023,September,
"Korea, People's Democratic Republic of",2023,October,
"Korea, People's Democratic Republic of",2023,November,
"Korea, People's Democratic Republic of",2023,December,0
"Korea, People's Democratic Republic of",2023,Total,10
"Korea, People's Democratic Republic of",2024,January,
"Korea, People's Democratic Republic of",2024,February,
"Korea, People's Democratic Republic of",2024,March,
"Korea, People's Democratic Republic of",2024,April,
"Korea, People's Democratic Republic of",2024,May,0
"Korea, People's Democratic Republic of",2024,June,0
"Korea, People's Democratic Republic of",2024,July,
"Korea, People's Democratic Republic of",2024,August,
"Korea, People's Democratic Republic of",2024,September,0
"Korea, People's Democratic Republic of",2024,October,0
"Korea, People's Democratic Republic of",2024,November,0
"Korea, People's Democratic Republic of",2024,December,0
"Korea, People's Democratic Republic of",2024,Total,10
"Korea, People's Democratic Republic of",2025,January,
"Korea, People's Democratic Republic of",2025,February,5
"Korea, People's Democratic Republic of",2025,March,
"Korea, People's Democratic Republic of",2025,April,
"Korea, People's Democratic Republic of",2025,May,
"Korea, People's Democratic Republic of",2025,June,
"Korea, People's Democratic Republic of",2025,July,0
"Korea, People's Democratic Republic of",2025,August,5
"Korea, People's Democratic Republic of",2025,September,
"Korea, People's Democratic Republic of",2025,October,0
"Korea, People's Democratic Republic of",2025,November,
"Korea, People's Democratic Republic of",2025,December,10
"Korea, People's Democratic Republic of",2025,Total,30
"Korea, People's Democratic Republic of",2026,January,0
"Korea, People's Democratic Republic of",2026,February,
"Korea, People's Democratic Republic of",2026,March,0
"Korea, People's Democratic Republic of",2026,April,
"Korea, People's Democratic Republic of",2026,May,
"Korea, People's Democratic Republic of",2026,Total,5
"Korea, Republic of",2023,January,1830
"Korea, Republic of",2023,February,2345
"Korea, Republic of",2023,March,3330
"Korea, Republic of",2023,April,2020
"Korea, Republic of",2023,May,4840
"Korea, Republic of",2023,June,3635
"Korea, Republic of",2023,July,2895
"Korea, Republic of",2023,August,2915
"Korea, Republic of",2023,September,1925
"Korea, Republic of",2023,October,1970
"Korea, Republic of",2023,November,2155
"Korea, Republic of",2023,December,1320
"Korea, Republic of",2023,Total,31180
"Korea, Republic of",2024,January,2355
"Korea, Republic of",2024,February,3740
"Korea, Republic of",2024,March,4260
"Korea, Republic of",2024,April,3645
"Korea, Republic of",2024,May,3110
"Korea, Republic of",2024,June,2090
"Korea, Republic of",2024,July,2070
"Korea, Republic of",2024,August,2135
"Korea, Republic of",2024,September,1445
"Korea, Republic of",2024,October,1895
"Korea, Republic of",2024,November,1580
"Korea, Republic of",2024,December,1355
"Korea, Republic of",2024,Total,29680
"Korea, Republic of",2025,January,1975
"Korea, Republic of",2025,February,3935
"Korea, Republic of",2025,March,4000
"Korea, Republic of",2025,April,1645
"Korea, Republic of",2025,May,1935
"Korea, Republic of",2025,June,1685
"Korea, Republic of",2025,July,1365
"Korea, Republic of",2025,August,2875
"Korea, Republic of",2025,September,2145
"Korea, Republic of",2025,October,2390
"Korea, Republic of",2025,November,2180
"Korea, Republic of",2025,December,1350
"Korea, Republic of",2025,Total,27480
"Korea, Republic of",2026,January,1375
"Korea, Republic of",2026,February,2230
"Korea, Republic of",2026,March,3440
"Korea, Republic of",2026,April,3055
"Korea, Republic of",2026,May,2970
"Korea, Republic of",2026,Total,13070
"Kosovo, Republic of",2023,January,130
"Kosovo, Republic of",2023,February,115
"Kosovo, Republic of",2023,March,115
"Kosovo, Republic of",2023,April,80
"Kosovo, Republic of",2023,May,150
"Kosovo, Republic of",2023,June,170
"Kosovo, Republic of",2023,July,140
"Kosovo, Republic of",2023,August,135
"Kosovo, Republic of",2023,September,115
"Kosovo, Republic of",2023,October,80
"Kosovo, Republic of",2023,November,145
"Kosovo, Republic of",2023,December,110
"Kosovo, Republic of",2023,Total,1485
"Kosovo, Republic of",2024,January,95
"Kosovo, Republic of",2024,February,135
"Kosovo, Republic of",2024,March,90
"Kosovo, Republic of",2024,April,80
"Kosovo, Republic of",2024,May,70
"Kosovo, Republic of",2024,June,60
"Kosovo, Republic of",2024,July,50
"Kosovo, Republic of",2024,August,70
"Kosovo, Republic of",2024,September,60
"Kosovo, Republic of",2024,October,60
"Kosovo, Republic of",2024,November,95
"Kosovo, Republic of",2024,December,65
"Kosovo, Republic of",2024,Total,930
"Kosovo, Republic of",2025,January,75
"Kosovo, Republic of",2025,February,45
"Kosovo, Republic of",2025,March,125
"Kosovo, Republic of",2025,April,125
"Kosovo, Republic of",2025,May,180
"Kosovo, Republic of",2025,June,120
"Kosovo, Republic of",2025,July,120
"Kosovo, Republic of",2025,August,80
"Kosovo, Republic of",2025,September,55
"Kosovo, Republic of",2025,October,70
"Kosovo, Republic of",2025,November,65
"Kosovo, Republic of",2025,December,110
"Kosovo, Republic of",2025,Total,1175
"Kosovo, Republic of",2026,January,85
"Kosovo, Republic of",2026,February,80
"Kosovo, Republic of",2026,March,95
"Kosovo, Republic of",2026,April,125
"Kosovo, Republic of",2026,May,135
"Kosovo, Republic of",2026,Total,525
Kuwait,2023,January,235
Kuwait,2023,February,250
Kuwait,2023,March,175
Kuwait,2023,April,170
Kuwait,2023,May,325
Kuwait,2023,June,215
Kuwait,2023,July,360
Kuwait,2023,August,410
Kuwait,2023,September,175
Kuwait,2023,October,100
Kuwait,2023,November,135
Kuwait,2023,December,100
Kuwait,2023,Total,2645
Kuwait,2024,January,115
Kuwait,2024,February,120
Kuwait,2024,March,140
Kuwait,2024,April,205
Kuwait,2024,May,225
Kuwait,2024,June,120
Kuwait,2024,July,185
Kuwait,2024,August,195
Kuwait,2024,September,75
Kuwait,2024,October,105
Kuwait,2024,November,145
Kuwait,2024,December,70
Kuwait,2024,Total,1705
Kuwait,2025,January,115
Kuwait,2025,February,125
Kuwait,2025,March,130
Kuwait,2025,April,135
Kuwait,2025,May,220
Kuwait,2025,June,100
Kuwait,2025,July,145
Kuwait,2025,August,120
Kuwait,2025,September,185
Kuwait,2025,October,90
Kuwait,2025,November,70
Kuwait,2025,December,75
Kuwait,2025,Total,1510
Kuwait,2026,January,80
Kuwait,2026,February,125
Kuwait,2026,March,105
Kuwait,2026,April,145
Kuwait,2026,May,175
Kuwait,2026,Total,635
Kyrgyzstan,2023,January,25
Kyrgyzstan,2023,February,40
Kyrgyzstan,2023,March,60
Kyrgyzstan,2023,April,40
Kyrgyzstan,2023,May,110
Kyrgyzstan,2023,June,65
Kyrgyzstan,2023,July,40
Kyrgyzstan,2023,August,65
Kyrgyzstan,2023,September,80
Kyrgyzstan,2023,October,105
Kyrgyzstan,2023,November,120
Kyrgyzstan,2023,December,60
Kyrgyzstan,2023,Total,810
Kyrgyzstan,2024,January,95
Kyrgyzstan,2024,February,40
Kyrgyzstan,2024,March,45
Kyrgyzstan,2024,April,75
Kyrgyzstan,2024,May,55
Kyrgyzstan,2024,June,50
Kyrgyzstan,2024,July,65
Kyrgyzstan,2024,August,70
Kyrgyzstan,2024,September,30
Kyrgyzstan,2024,October,60
Kyrgyzstan,2024,November,40
Kyrgyzstan,2024,December,40
Kyrgyzstan,2024,Total,665
Kyrgyzstan,2025,January,45
Kyrgyzstan,2025,February,65
Kyrgyzstan,2025,March,55
Kyrgyzstan,2025,April,50
Kyrgyzstan,2025,May,95
Kyrgyzstan,2025,June,35
Kyrgyzstan,2025,July,70
Kyrgyzstan,2025,August,30
Kyrgyzstan,2025,September,55
Kyrgyzstan,2025,October,50
Kyrgyzstan,2025,November,45
Kyrgyzstan,2025,December,35
Kyrgyzstan,2025,Total,635
Kyrgyzstan,2026,January,35
Kyrgyzstan,2026,February,50
Kyrgyzstan,2026,March,40
Kyrgyzstan,2026,April,60
Kyrgyzstan,2026,May,55
Kyrgyzstan,2026,Total,240
Laos,2023,January,10
Laos,2023,February,30
Laos,2023,March,20
Laos,2023,April,30
Laos,2023,May,50
Laos,2023,June,45
Laos,2023,July,45
Laos,2023,August,50
Laos,2023,September,30
Laos,2023,October,45
Laos,2023,November,50
Laos,2023,December,35
Laos,2023,Total,445
Laos,2024,January,25
Laos,2024,February,50
Laos,2024,March,45
Laos,2024,April,45
Laos,2024,May,40
Laos,2024,June,30
Laos,2024,July,55
Laos,2024,August,25
Laos,2024,September,35
Laos,2024,October,25
Laos,2024,November,25
Laos,2024,December,20
Laos,2024,Total,420
Laos,2025,January,40
Laos,2025,February,20
Laos,2025,March,40
Laos,2025,April,35
Laos,2025,May,40
Laos,2025,June,45
Laos,2025,July,15
Laos,2025,August,10
Laos,2025,September,25
Laos,2025,October,25
Laos,2025,November,10
Laos,2025,December,25
Laos,2025,Total,325
Laos,2026,January,25
Laos,2026,February,25
Laos,2026,March,50
Laos,2026,April,30
Laos,2026,May,35
Laos,2026,Total,160
Latvia,2023,January,20
Latvia,2023,February,20
Latvia,2023,March,35
Latvia,2023,April,20
Latvia,2023,May,15
Latvia,2023,June,20
Latvia,2023,July,15
Latvia,2023,August,20
Latvia,2023,September,20
Latvia,2023,October,15
Latvia,2023,November,10
Latvia,2023,December,20
Latvia,2023,Total,220
Latvia,2024,January,10
Latvia,2024,February,15
Latvia,2024,March,25
Latvia,2024,April,20
Latvia,2024,May,15
Latvia,2024,June,20
Latvia,2024,July,20
Latvia,2024,August,20
Latvia,2024,September,5
Latvia,2024,October,10
Latvia,2024,November,15
Latvia,2024,December,15
Latvia,2024,Total,190
Latvia,2025,January,10
Latvia,2025,February,15
Latvia,2025,March,25
Latvia,2025,April,20
Latvia,2025,May,15
Latvia,2025,June,10
Latvia,2025,July,5
Latvia,2025,August,30
Latvia,2025,September,10
Latvia,2025,October,10
Latvia,2025,November,5
Latvia,2025,December,10
Latvia,2025,Total,165
Latvia,2026,January,5
Latvia,2026,February,15
Latvia,2026,March,20
Latvia,2026,April,35
Latvia,2026,May,15
Latvia,2026,Total,90
Lebanon,2023,January,1035
Lebanon,2023,February,1925
Lebanon,2023,March,1985
Lebanon,2023,April,1845
Lebanon,2023,May,1570
Lebanon,2023,June,1755
Lebanon,2023,July,1820
Lebanon,2023,August,1585
Lebanon,2023,September,945
Lebanon,2023,October,1530
Lebanon,2023,November,2675
Lebanon,2023,December,1715
Lebanon,2023,Total,20390
Lebanon,2024,January,1195
Lebanon,2024,February,1485
Lebanon,2024,March,1340
Lebanon,2024,April,1585
Lebanon,2024,May,2225
Lebanon,2024,June,1380
Lebanon,2024,July,1700
Lebanon,2024,August,1745
Lebanon,2024,September,1260
Lebanon,2024,October,1905
Lebanon,2024,November,1380
Lebanon,2024,December,1520
Lebanon,2024,Total,18715
Lebanon,2025,January,2350
Lebanon,2025,February,1835
Lebanon,2025,March,1405
Lebanon,2025,April,965
Lebanon,2025,May,995
Lebanon,2025,June,985
Lebanon,2025,July,890
Lebanon,2025,August,860
Lebanon,2025,September,1030
Lebanon,2025,October,1060
Lebanon,2025,November,990
Lebanon,2025,December,825
Lebanon,2025,Total,14195
Lebanon,2026,January,910
Lebanon,2026,February,1205
Lebanon,2026,March,1220
Lebanon,2026,April,925
Lebanon,2026,May,755
Lebanon,2026,Total,5015
Lesotho,2023,January,10
Lesotho,2023,February,
Lesotho,2023,March,15
Lesotho,2023,April,
Lesotho,2023,May,5
Lesotho,2023,June,
Lesotho,2023,July,
Lesotho,2023,August,5
Lesotho,2023,September,
Lesotho,2023,October,
Lesotho,2023,November,
Lesotho,2023,December,
Lesotho,2023,Total,65
Lesotho,2024,January,5
Lesotho,2024,February,
Lesotho,2024,March,
Lesotho,2024,April,5
Lesotho,2024,May,10
Lesotho,2024,June,
Lesotho,2024,July,
Lesotho,2024,August,
Lesotho,2024,September,5
Lesotho,2024,October,5
Lesotho,2024,November,5
Lesotho,2024,December,
Lesotho,2024,Total,50
Lesotho,2025,January,5
Lesotho,2025,February,
Lesotho,2025,March,10
Lesotho,2025,April,5
Lesotho,2025,May,5
Lesotho,2025,June,
Lesotho,2025,July,
Lesotho,2025,August,10
Lesotho,2025,September,5
Lesotho,2025,October,10
Lesotho,2025,November,5
Lesotho,2025,December,
Lesotho,2025,Total,65
Lesotho,2026,January,
Lesotho,2026,February,10
Lesotho,2026,March,
Lesotho,2026,April,5
Lesotho,2026,May,10
Lesotho,2026,Total,30
Liberia,2023,January,25
Liberia,2023,February,25
Liberia,2023,March,60
Liberia,2023,April,165
Liberia,2023,May,80
Liberia,2023,June,65
Liberia,2023,July,45
Liberia,2023,August,80
Liberia,2023,September,55
Liberia,2023,October,50
Liberia,2023,November,160
Liberia,2023,December,55
Liberia,2023,Total,865
Liberia,2024,January,60
Liberia,2024,February,80
Liberia,2024,March,65
Liberia,2024,April,50
Liberia,2024,May,100
Liberia,2024,June,55
Liberia,2024,July,80
Liberia,2024,August,55
Liberia,2024,September,85
Liberia,2024,October,50
Liberia,2024,November,55
Liberia,2024,December,50
Liberia,2024,Total,780
Liberia,2025,January,65
Liberia,2025,February,45
Liberia,2025,March,50
Liberia,2025,April,40
Liberia,2025,May,60
Liberia,2025,June,35
Liberia,2025,July,60
Liberia,2025,August,100
Liberia,2025,September,75
Liberia,2025,October,65
Liberia,2025,November,35
Liberia,2025,December,75
Liberia,2025,Total,715
Liberia,2026,January,70
Liberia,2026,February,95
Liberia,2026,March,70
Liberia,2026,April,40
Liberia,2026,May,80
Liberia,2026,Total,355
Libya,2023,January,155
Libya,2023,February,115
Libya,2023,March,100
Libya,2023,April,215
Libya,2023,May,150
Libya,2023,June,115
Libya,2023,July,130
Libya,2023,August,160
Libya,2023,September,150
Libya,2023,October,160
Libya,2023,November,85
Libya,2023,December,100
Libya,2023,Total,1635
Libya,2024,January,125
Libya,2024,February,210
Libya,2024,March,175
Libya,2024,April,120
Libya,2024,May,125
Libya,2024,June,105
Libya,2024,July,125
Libya,2024,August,130
Libya,2024,September,100
Libya,2024,October,145
Libya,2024,November,135
Libya,2024,December,120
Libya,2024,Total,1620
Libya,2025,January,150
Libya,2025,February,110
Libya,2025,March,130
Libya,2025,April,135
Libya,2025,May,130
Libya,2025,June,105
Libya,2025,July,90
Libya,2025,August,100
Libya,2025,September,105
Libya,2025,October,145
Libya,2025,November,145
Libya,2025,December,125
Libya,2025,Total,1470
Libya,2026,January,95
Libya,2026,February,130
Libya,2026,March,160
Libya,2026,April,100
Libya,2026,May,120
Libya,2026,Total,610
Liechtenstein,2023,January,0
Liechtenstein,2023,February,
Liechtenstein,2023,March,0
Liechtenstein,2023,April,0
Liechtenstein,2023,May,0
Liechtenstein,2023,June,0
Liechtenstein,2023,July,0
Liechtenstein,2023,August,
Liechtenstein,2023,September,0
Liechtenstein,2023,October,0
Liechtenstein,2023,November,0
Liechtenstein,2023,December,0
Liechtenstein,2023,Total,
Liechtenstein,2024,January,0
Liechtenstein,2024,February,0
Liechtenstein,2024,March,0
Liechtenstein,2024,April,0
Liechtenstein,2024,May,0
Liechtenstein,2024,June,0
Liechtenstein,2024,July,
Liechtenstein,2024,August,0
Liechtenstein,2024,September,0
Liechtenstein,2024,October,0
Liechtenstein,2024,November,0
Liechtenstein,2024,December,0
Liechtenstein,2024,Total,
Liechtenstein,2025,January,0
Liechtenstein,2025,February,0
Liechtenstein,2025,March,0
Liechtenstein,2025,April,0
Liechtenstein,2025,May,0
Liechtenstein,2025,June,0
Liechtenstein,2025,July,0
Liechtenstein,2025,August,0
Liechtenstein,2025,September,0
Liechtenstein,2025,October,0
Liechtenstein,2025,November,0
Liechtenstein,2025,December,0
Liechtenstein,2025,Total,0
Liechtenstein,2026,January,0
Liechtenstein,2026,February,0
Liechtenstein,2026,March,0
Liechtenstein,2026,April,0
Liechtenstein,2026,May,0
Liechtenstein,2026,Total,0
Lithuania,2023,January,15
Lithuania,2023,February,25
Lithuania,2023,March,70
Lithuania,2023,April,45
Lithuania,2023,May,70
Lithuania,2023,June,45
Lithuania,2023,July,30
Lithuania,2023,August,35
Lithuania,2023,September,20
Lithuania,2023,October,20
Lithuania,2023,November,15
Lithuania,2023,December,25
Lithuania,2023,Total,420
Lithuania,2024,January,30
Lithuania,2024,February,50
Lithuania,2024,March,55
Lithuania,2024,April,40
Lithuania,2024,May,50
Lithuania,2024,June,30
Lithuania,2024,July,25
Lithuania,2024,August,35
Lithuania,2024,September,30
Lithuania,2024,October,30
Lithuania,2024,November,20
Lithuania,2024,December,20
Lithuania,2024,Total,420
Lithuania,2025,January,25
Lithuania,2025,February,25
Lithuania,2025,March,55
Lithuania,2025,April,35
Lithuania,2025,May,25
Lithuania,2025,June,25
Lithuania,2025,July,15
Lithuania,2025,August,30
Lithuania,2025,September,20
Lithuania,2025,October,35
Lithuania,2025,November,20
Lithuania,2025,December,15
Lithuania,2025,Total,320
Lithuania,2026,January,25
Lithuania,2026,February,35
Lithuania,2026,March,25
Lithuania,2026,April,40
Lithuania,2026,May,30
Lithuania,2026,Total,155
Luxembourg,2023,January,5
Luxembourg,2023,February,10
Luxembourg,2023,March,15
Luxembourg,2023,April,5
Luxembourg,2023,May,
Luxembourg,2023,June,20
Luxembourg,2023,July,15
Luxembourg,2023,August,10
Luxembourg,2023,September,15
Luxembourg,2023,October,10
Luxembourg,2023,November,10
Luxembourg,2023,December,5
Luxembourg,2023,Total,130
Luxembourg,2024,January,
Luxembourg,2024,February,
Luxembourg,2024,March,5
Luxembourg,2024,April,5
Luxembourg,2024,May,10
Luxembourg,2024,June,10
Luxembourg,2024,July,15
Luxembourg,2024,August,15
Luxembourg,2024,September,10
Luxembourg,2024,October,15
Luxembourg,2024,November,5
Luxembourg,2024,December,
Luxembourg,2024,Total,105
Luxembourg,2025,January,10
Luxembourg,2025,February,
Luxembourg,2025,March,10
Luxembourg,2025,April,10
Luxembourg,2025,May,5
Luxembourg,2025,June,15
Luxembourg,2025,July,
Luxembourg,2025,August,25
Luxembourg,2025,September,
Luxembourg,2025,October,10
Luxembourg,2025,November,10
Luxembourg,2025,December,5
Luxembourg,2025,Total,105
Luxembourg,2026,January,
Luxembourg,2026,February,5
Luxembourg,2026,March,10
Luxembourg,2026,April,5
Luxembourg,2026,May,15
Luxembourg,2026,Total,45
Macao,2023,January,35
Macao,2023,February,40
Macao,2023,March,30
Macao,2023,April,115
Macao,2023,May,115
Macao,2023,June,110
Macao,2023,July,130
Macao,2023,August,95
Macao,2023,September,60
Macao,2023,October,55
Macao,2023,November,150
Macao,2023,December,60
Macao,2023,Total,985
Macao,2024,January,55
Macao,2024,February,75
Macao,2024,March,110
Macao,2024,April,140
Macao,2024,May,135
Macao,2024,June,80
Macao,2024,July,115
Macao,2024,August,100
Macao,2024,September,75
Macao,2024,October,65
Macao,2024,November,80
Macao,2024,December,65
Macao,2024,Total,1090
Macao,2025,January,30
Macao,2025,February,70
Macao,2025,March,80
Macao,2025,April,70
Macao,2025,May,80
Macao,2025,June,85
Macao,2025,July,65
Macao,2025,August,80
Macao,2025,September,85
Macao,2025,October,50
Macao,2025,November,50
Macao,2025,December,65
Macao,2025,Total,820
Macao,2026,January,45
Macao,2026,February,50
Macao,2026,March,65
Macao,2026,April,85
Macao,2026,May,90
Macao,2026,Total,330
Macedonia,2023,January,75
Macedonia,2023,February,70
Macedonia,2023,March,65
Macedonia,2023,April,65
Macedonia,2023,May,165
Macedonia,2023,June,125
Macedonia,2023,July,100
Macedonia,2023,August,55
Macedonia,2023,September,40
Macedonia,2023,October,55
Macedonia,2023,November,75
Macedonia,2023,December,45
Macedonia,2023,Total,925
Macedonia,2024,January,30
Macedonia,2024,February,50
Macedonia,2024,March,60
Macedonia,2024,April,80
Macedonia,2024,May,40
Macedonia,2024,June,40
Macedonia,2024,July,40
Macedonia,2024,August,45
Macedonia,2024,September,35
Macedonia,2024,October,60
Macedonia,2024,November,50
Macedonia,2024,December,50
Macedonia,2024,Total,580
Macedonia,2025,January,25
Macedonia,2025,February,25
Macedonia,2025,March,85
Macedonia,2025,April,120
Macedonia,2025,May,140
Macedonia,2025,June,95
Macedonia,2025,July,95
Macedonia,2025,August,55
Macedonia,2025,September,25
Macedonia,2025,October,75
Macedonia,2025,November,55
Macedonia,2025,December,55
Macedonia,2025,Total,855
Macedonia,2026,January,65
Macedonia,2026,February,50
Macedonia,2026,March,100
Macedonia,2026,April,110
Macedonia,2026,May,80
Macedonia,2026,Total,410
Madagascar,2023,January,255
Madagascar,2023,February,245
Madagascar,2023,March,315
Madagascar,2023,April,380
Madagascar,2023,May,505
Madagascar,2023,June,385
Madagascar,2023,July,295
Madagascar,2023,August,330
Madagascar,2023,September,315
Madagascar,2023,October,225
Madagascar,2023,November,285
Madagascar,2023,December,315
Madagascar,2023,Total,3845
Madagascar,2024,January,230
Madagascar,2024,February,210
Madagascar,2024,March,235
Madagascar,2024,April,430
Madagascar,2024,May,430
Madagascar,2024,June,420
Madagascar,2024,July,360
Madagascar,2024,August,290
Madagascar,2024,September,250
Madagascar,2024,October,235
Madagascar,2024,November,270
Madagascar,2024,December,380
Madagascar,2024,Total,3735
Madagascar,2025,January,360
Madagascar,2025,February,305
Madagascar,2025,March,560
Madagascar,2025,April,255
Madagascar,2025,May,295
Madagascar,2025,June,275
Madagascar,2025,July,285
Madagascar,2025,August,390
Madagascar,2025,September,300
Madagascar,2025,October,260
Madagascar,2025,November,275
Madagascar,2025,December,300
Madagascar,2025,Total,3860
Madagascar,2026,January,345
Madagascar,2026,February,375
Madagascar,2026,March,345
Madagascar,2026,April,400
Madagascar,2026,May,285
Madagascar,2026,Total,1750
Malawi,2023,January,15
Malawi,2023,February,15
Malawi,2023,March,15
Malawi,2023,April,45
Malawi,2023,May,65
Malawi,2023,June,35
Malawi,2023,July,35
Malawi,2023,August,25
Malawi,2023,September,30
Malawi,2023,October,20
Malawi,2023,November,30
Malawi,2023,December,15
Malawi,2023,Total,355
Malawi,2024,January,25
Malawi,2024,February,25
Malawi,2024,March,30
Malawi,2024,April,30
Malawi,2024,May,65
Malawi,2024,June,20
Malawi,2024,July,45
Malawi,2024,August,20
Malawi,2024,September,20
Malawi,2024,October,20
Malawi,2024,November,15
Malawi,2024,December,15
Malawi,2024,Total,330
Malawi,2025,January,30
Malawi,2025,February,15
Malawi,2025,March,15
Malawi,2025,April,30
Malawi,2025,May,35
Malawi,2025,June,35
Malawi,2025,July,20
Malawi,2025,August,45
Malawi,2025,September,30
Malawi,2025,October,30
Malawi,2025,November,25
Malawi,2025,December,25
Malawi,2025,Total,340
Malawi,2026,January,20
Malawi,2026,February,30
Malawi,2026,March,30
Malawi,2026,April,40
Malawi,2026,May,35
Malawi,2026,Total,155
Malaysia,2023,January,550
Malaysia,2023,February,760
Malaysia,2023,March,1675
Malaysia,2023,April,1025
Malaysia,2023,May,1485
Malaysia,2023,June,1165
Malaysia,2023,July,1035
Malaysia,2023,August,955
Malaysia,2023,September,700
Malaysia,2023,October,510
Malaysia,2023,November,650
Malaysia,2023,December,495
Malaysia,2023,Total,11010
Malaysia,2024,January,770
Malaysia,2024,February,810
Malaysia,2024,March,1245
Malaysia,2024,April,1335
Malaysia,2024,May,1035
Malaysia,2024,June,850
Malaysia,2024,July,1210
Malaysia,2024,August,680
Malaysia,2024,September,545
Malaysia,2024,October,610
Malaysia,2024,November,520
Malaysia,2024,December,570
Malaysia,2024,Total,10175
Malaysia,2025,January,665
Malaysia,2025,February,640
Malaysia,2025,March,1030
Malaysia,2025,April,1010
Malaysia,2025,May,1105
Malaysia,2025,June,605
Malaysia,2025,July,815
Malaysia,2025,August,715
Malaysia,2025,September,700
Malaysia,2025,October,420
Malaysia,2025,November,330
Malaysia,2025,December,515
Malaysia,2025,Total,8550
Malaysia,2026,January,425
Malaysia,2026,February,805
Malaysia,2026,March,960
Malaysia,2026,April,880
Malaysia,2026,May,885
Malaysia,2026,Total,3950
"Maldives, Republic of",2023,January,
"Maldives, Republic of",2023,February,
"Maldives, Republic of",2023,March,
"Maldives, Republic of",2023,April,
"Maldives, Republic of",2023,May,10
"Maldives, Republic of",2023,June,
"Maldives, Republic of",2023,July,
"Maldives, Republic of",2023,August,
"Maldives, Republic of",2023,September,5
"Maldives, Republic of",2023,October,
"Maldives, Republic of",2023,November,
"Maldives, Republic of",2023,December,
"Maldives, Republic of",2023,Total,40
"Maldives, Republic of",2024,January,5
"Maldives, Republic of",2024,February,5
"Maldives, Republic of",2024,March,
"Maldives, Republic of",2024,April,5
"Maldives, Republic of",2024,May,
"Maldives, Republic of",2024,June,
"Maldives, Republic of",2024,July,5
"Maldives, Republic of",2024,August,5
"Maldives, Republic of",2024,September,0
"Maldives, Republic of",2024,October,
"Maldives, Republic of",2024,November,
"Maldives, Republic of",2024,December,
"Maldives, Republic of",2024,Total,40
"Maldives, Republic of",2025,January,5
"Maldives, Republic of",2025,February,
"Maldives, Republic of",2025,March,
"Maldives, Republic of",2025,April,5
"Maldives, Republic of",2025,May,
"Maldives, Republic of",2025,June,
"Maldives, Republic of",2025,July,
"Maldives, Republic of",2025,August,
"Maldives, Republic of",2025,September,10
"Maldives, Republic of",2025,October,
"Maldives, Republic of",2025,November,5
"Maldives, Republic of",2025,December,
"Maldives, Republic of",2025,Total,45
"Maldives, Republic of",2026,January,5
"Maldives, Republic of",2026,February,10
"Maldives, Republic of",2026,March,
"Maldives, Republic of",2026,April,
"Maldives, Republic of",2026,May,
"Maldives, Republic of",2026,Total,20
"Mali, Republic of",2023,January,155
"Mali, Republic of",2023,February,155
"Mali, Republic of",2023,March,240
"Mali, Republic of",2023,April,910
"Mali, Republic of",2023,May,575
"Mali, Republic of",2023,June,275
"Mali, Republic of",2023,July,265
"Mali, Republic of",2023,August,255
"Mali, Republic of",2023,September,240
"Mali, Republic of",2023,October,375
"Mali, Republic of",2023,November,215
"Mali, Republic of",2023,December,190
"Mali, Republic of",2023,Total,3850
"Mali, Republic of",2024,January,255
"Mali, Republic of",2024,February,275
"Mali, Republic of",2024,March,245
"Mali, Republic of",2024,April,315
"Mali, Republic of",2024,May,175
"Mali, Republic of",2024,June,220
"Mali, Republic of",2024,July,280
"Mali, Republic of",2024,August,370
"Mali, Republic of",2024,September,220
"Mali, Republic of",2024,October,240
"Mali, Republic of",2024,November,175
"Mali, Republic of",2024,December,335
"Mali, Republic of",2024,Total,3095
"Mali, Republic of",2025,January,345
"Mali, Republic of",2025,February,290
"Mali, Republic of",2025,March,415
"Mali, Republic of",2025,April,230
"Mali, Republic of",2025,May,300
"Mali, Republic of",2025,June,250
"Mali, Republic of",2025,July,175
"Mali, Republic of",2025,August,190
"Mali, Republic of",2025,September,375
"Mali, Republic of",2025,October,225
"Mali, Republic of",2025,November,335
"Mali, Republic of",2025,December,230
"Mali, Republic of",2025,Total,3360
"Mali, Republic of",2026,January,225
"Mali, Republic of",2026,February,500
"Mali, Republic of",2026,March,380
"Mali, Republic of",2026,April,275
"Mali, Republic of",2026,May,330
"Mali, Republic of",2026,Total,1710
Malta,2023,January,
Malta,2023,February,0
Malta,2023,March,
Malta,2023,April,5
Malta,2023,May,
Malta,2023,June,
Malta,2023,July,
Malta,2023,August,
Malta,2023,September,5
Malta,2023,October,
Malta,2023,November,0
Malta,2023,December,
Malta,2023,Total,35
Malta,2024,January,5
Malta,2024,February,5
Malta,2024,March,
Malta,2024,April,0
Malta,2024,May,
Malta,2024,June,
Malta,2024,July,0
Malta,2024,August,
Malta,2024,September,
Malta,2024,October,
Malta,2024,November,
Malta,2024,December,5
Malta,2024,Total,35
Malta,2025,January,
Malta,2025,February,
Malta,2025,March,5
Malta,2025,April,
Malta,2025,May,
Malta,2025,June,
Malta,2025,July,
Malta,2025,August,
Malta,2025,September,
Malta,2025,October,
Malta,2025,November,
Malta,2025,December,
Malta,2025,Total,30
Malta,2026,January,
Malta,2026,February,
Malta,2026,March,0
Malta,2026,April,0
Malta,2026,May,
Malta,2026,Total,5
Martinique,2023,January,0
Martinique,2023,February,0
Martinique,2023,March,0
Martinique,2023,April,0
Martinique,2023,May,
Martinique,2023,June,0
Martinique,2023,July,0
Martinique,2023,August,0
Martinique,2023,September,0
Martinique,2023,October,0
Martinique,2023,November,0
Martinique,2023,December,0
Martinique,2023,Total,
Martinique,2024,January,0
Martinique,2024,February,
Martinique,2024,March,0
Martinique,2024,April,0
Martinique,2024,May,0
Martinique,2024,June,0
Martinique,2024,July,0
Martinique,2024,August,0
Martinique,2024,September,0
Martinique,2024,October,0
Martinique,2024,November,0
Martinique,2024,December,
Martinique,2024,Total,
Martinique,2025,January,0
Martinique,2025,February,0
Martinique,2025,March,0
Martinique,2025,April,0
Martinique,2025,May,0
Martinique,2025,June,0
Martinique,2025,July,0
Martinique,2025,August,0
Martinique,2025,September,0
Martinique,2025,October,0
Martinique,2025,November,0
Martinique,2025,December,0
Martinique,2025,Total,0
Martinique,2026,January,0
Martinique,2026,February,0
Martinique,2026,March,0
Martinique,2026,April,0
Martinique,2026,May,0
Martinique,2026,Total,0
Mauritania,2023,January,45
Mauritania,2023,February,35
Mauritania,2023,March,65
Mauritania,2023,April,270
Mauritania,2023,May,120
Mauritania,2023,June,70
Mauritania,2023,July,85
Mauritania,2023,August,95
Mauritania,2023,September,90
Mauritania,2023,October,70
Mauritania,2023,November,95
Mauritania,2023,December,75
Mauritania,2023,Total,1115
Mauritania,2024,January,80
Mauritania,2024,February,90
Mauritania,2024,March,85
Mauritania,2024,April,50
Mauritania,2024,May,90
Mauritania,2024,June,55
Mauritania,2024,July,95
Mauritania,2024,August,75
Mauritania,2024,September,80
Mauritania,2024,October,80
Mauritania,2024,November,70
Mauritania,2024,December,45
Mauritania,2024,Total,900
Mauritania,2025,January,70
Mauritania,2025,February,70
Mauritania,2025,March,90
Mauritania,2025,April,60
Mauritania,2025,May,85
Mauritania,2025,June,65
Mauritania,2025,July,60
Mauritania,2025,August,90
Mauritania,2025,September,120
Mauritania,2025,October,115
Mauritania,2025,November,180
Mauritania,2025,December,150
Mauritania,2025,Total,1150
Mauritania,2026,January,115
Mauritania,2026,February,170
Mauritania,2026,March,85
Mauritania,2026,April,70
Mauritania,2026,May,80
Mauritania,2026,Total,525
Mauritius,2023,January,385
Mauritius,2023,February,460
Mauritius,2023,March,455
Mauritius,2023,April,700
Mauritius,2023,May,1140
Mauritius,2023,June,700
Mauritius,2023,July,535
Mauritius,2023,August,570
Mauritius,2023,September,465
Mauritius,2023,October,390
Mauritius,2023,November,570
Mauritius,2023,December,475
Mauritius,2023,Total,6845
Mauritius,2024,January,505
Mauritius,2024,February,415
Mauritius,2024,March,590
Mauritius,2024,April,635
Mauritius,2024,May,670
Mauritius,2024,June,515
Mauritius,2024,July,330
Mauritius,2024,August,265
Mauritius,2024,September,265
Mauritius,2024,October,245
Mauritius,2024,November,330
Mauritius,2024,December,420
Mauritius,2024,Total,5185
Mauritius,2025,January,395
Mauritius,2025,February,455
Mauritius,2025,March,685
Mauritius,2025,April,250
Mauritius,2025,May,205
Mauritius,2025,June,370
Mauritius,2025,July,670
Mauritius,2025,August,395
Mauritius,2025,September,360
Mauritius,2025,October,280
Mauritius,2025,November,305
Mauritius,2025,December,330
Mauritius,2025,Total,4695
Mauritius,2026,January,395
Mauritius,2026,February,385
Mauritius,2026,March,430
Mauritius,2026,April,530
Mauritius,2026,May,290
Mauritius,2026,Total,2030
Mexico,2023,January,9715
Mexico,2023,February,12265
Mexico,2023,March,14400
Mexico,2023,April,9210
Mexico,2023,May,11375
Mexico,2023,June,8785
Mexico,2023,July,9590
Mexico,2023,August,8615
Mexico,2023,September,9290
Mexico,2023,October,8850
Mexico,2023,November,11100
Mexico,2023,December,9220
Mexico,2023,Total,122415
Mexico,2024,January,11270
Mexico,2024,February,11325
Mexico,2024,March,16735
Mexico,2024,April,25590
Mexico,2024,May,17490
Mexico,2024,June,12895
Mexico,2024,July,14280
Mexico,2024,August,10505
Mexico,2024,September,8755
Mexico,2024,October,8980
Mexico,2024,November,12115
Mexico,2024,December,12930
Mexico,2024,Total,162880
Mexico,2025,January,12900
Mexico,2025,February,14710
Mexico,2025,March,15685
Mexico,2025,April,10225
Mexico,2025,May,11170
Mexico,2025,June,8620
Mexico,2025,July,9930
Mexico,2025,August,8900
Mexico,2025,September,6535
Mexico,2025,October,6765
Mexico,2025,November,10040
Mexico,2025,December,11195
Mexico,2025,Total,126675
Mexico,2026,January,11735
Mexico,2026,February,15255
Mexico,2026,March,15420
Mexico,2026,April,12395
Mexico,2026,May,10650
Mexico,2026,Total,65450
Moldova,2023,January,100
Moldova,2023,February,120
Moldova,2023,March,215
Moldova,2023,April,100
Moldova,2023,May,130
Moldova,2023,June,75
Moldova,2023,July,210
Moldova,2023,August,110
Moldova,2023,September,95
Moldova,2023,October,110
Moldova,2023,November,100
Moldova,2023,December,215
Moldova,2023,Total,1585
Moldova,2024,January,115
Moldova,2024,February,100
Moldova,2024,March,95
Moldova,2024,April,85
Moldova,2024,May,75
Moldova,2024,June,70
Moldova,2024,July,115
Moldova,2024,August,85
Moldova,2024,September,45
Moldova,2024,October,105
Moldova,2024,November,60
Moldova,2024,December,60
Moldova,2024,Total,1015
Moldova,2025,January,110
Moldova,2025,February,80
Moldova,2025,March,75
Moldova,2025,April,85
Moldova,2025,May,95
Moldova,2025,June,70
Moldova,2025,July,60
Moldova,2025,August,60
Moldova,2025,September,60
Moldova,2025,October,70
Moldova,2025,November,65
Moldova,2025,December,60
Moldova,2025,Total,895
Moldova,2026,January,50
Moldova,2026,February,75
Moldova,2026,March,95
Moldova,2026,April,100
Moldova,2026,May,85
Moldova,2026,Total,405
Monaco,2023,January,
Monaco,2023,February,0
Monaco,2023,March,0
Monaco,2023,April,0
Monaco,2023,May,
Monaco,2023,June,
Monaco,2023,July,
Monaco,2023,August,0
Monaco,2023,September,0
Monaco,2023,October,0
Monaco,2023,November,
Monaco,2023,December,0
Monaco,2023,Total,10
Monaco,2024,January,0
Monaco,2024,February,0
Monaco,2024,March,0
Monaco,2024,April,
Monaco,2024,May,0
Monaco,2024,June,
Monaco,2024,July,
Monaco,2024,August,
Monaco,2024,September,0
Monaco,2024,October,0
Monaco,2024,November,0
Monaco,2024,December,
Monaco,2024,Total,5
Monaco,2025,January,0
Monaco,2025,February,
Monaco,2025,March,
Monaco,2025,April,
Monaco,2025,May,
Monaco,2025,June,0
Monaco,2025,July,0
Monaco,2025,August,0
Monaco,2025,September,0
Monaco,2025,October,0
Monaco,2025,November,
Monaco,2025,December,0
Monaco,2025,Total,10
Monaco,2026,January,0
Monaco,2026,February,
Monaco,2026,March,
Monaco,2026,April,0
Monaco,2026,May,
Monaco,2026,Total,5
"Mongolia, People's Republic of",2023,January,140
"Mongolia, People's Republic of",2023,February,155
"Mongolia, People's Republic of",2023,March,120
"Mongolia, People's Republic of",2023,April,150
"Mongolia, People's Republic of",2023,May,215
"Mongolia, People's Republic of",2023,June,245
"Mongolia, People's Republic of",2023,July,255
"Mongolia, People's Republic of",2023,August,180
"Mongolia, People's Republic of",2023,September,135
"Mongolia, People's Republic of",2023,October,170
"Mongolia, People's Republic of",2023,November,345
"Mongolia, People's Republic of",2023,December,165
"Mongolia, People's Republic of",2023,Total,2275
"Mongolia, People's Republic of",2024,January,245
"Mongolia, People's Republic of",2024,February,310
"Mongolia, People's Republic of",2024,March,250
"Mongolia, People's Republic of",2024,April,290
"Mongolia, People's Republic of",2024,May,250
"Mongolia, People's Republic of",2024,June,230
"Mongolia, People's Republic of",2024,July,320
"Mongolia, People's Republic of",2024,August,220
"Mongolia, People's Republic of",2024,September,200
"Mongolia, People's Republic of",2024,October,195
"Mongolia, People's Republic of",2024,November,220
"Mongolia, People's Republic of",2024,December,200
"Mongolia, People's Republic of",2024,Total,2930
"Mongolia, People's Republic of",2025,January,250
"Mongolia, People's Republic of",2025,February,280
"Mongolia, People's Republic of",2025,March,240
"Mongolia, People's Republic of",2025,April,170
"Mongolia, People's Republic of",2025,May,290
"Mongolia, People's Republic of",2025,June,235
"Mongolia, People's Republic of",2025,July,245
"Mongolia, People's Republic of",2025,August,180
"Mongolia, People's Republic of",2025,September,215
"Mongolia, People's Republic of",2025,October,265
"Mongolia, People's Republic of",2025,November,200
"Mongolia, People's Republic of",2025,December,300
"Mongolia, People's Republic of",2025,Total,2870
"Mongolia, People's Republic of",2026,January,210
"Mongolia, People's Republic of",2026,February,245
"Mongolia, People's Republic of",2026,March,180
"Mongolia, People's Republic of",2026,April,265
"Mongolia, People's Republic of",2026,May,255
"Mongolia, People's Republic of",2026,Total,1160
"Montenegro, Republic of",2023,January,25
"Montenegro, Republic of",2023,February,15
"Montenegro, Republic of",2023,March,20
"Montenegro, Republic of",2023,April,30
"Montenegro, Republic of",2023,May,65
"Montenegro, Republic of",2023,June,45
"Montenegro, Republic of",2023,July,30
"Montenegro, Republic of",2023,August,20
"Montenegro, Republic of",2023,September,20
"Montenegro, Republic of",2023,October,15
"Montenegro, Republic of",2023,November,30
"Montenegro, Republic of",2023,December,15
"Montenegro, Republic of",2023,Total,335
"Montenegro, Republic of",2024,January,20
"Montenegro, Republic of",2024,February,20
"Montenegro, Republic of",2024,March,20
"Montenegro, Republic of",2024,April,25
"Montenegro, Republic of",2024,May,20
"Montenegro, Republic of",2024,June,15
"Montenegro, Republic of",2024,July,25
"Montenegro, Republic of",2024,August,10
"Montenegro, Republic of",2024,September,25
"Montenegro, Republic of",2024,October,25
"Montenegro, Republic of",2024,November,20
"Montenegro, Republic of",2024,December,15
"Montenegro, Republic of",2024,Total,230
"Montenegro, Republic of",2025,January,20
"Montenegro, Republic of",2025,February,20
"Montenegro, Republic of",2025,March,30
"Montenegro, Republic of",2025,April,25
"Montenegro, Republic of",2025,May,30
"Montenegro, Republic of",2025,June,20
"Montenegro, Republic of",2025,July,20
"Montenegro, Republic of",2025,August,25
"Montenegro, Republic of",2025,September,25
"Montenegro, Republic of",2025,October,15
"Montenegro, Republic of",2025,November,15
"Montenegro, Republic of",2025,December,30
"Montenegro, Republic of",2025,Total,270
"Montenegro, Republic of",2026,January,10
"Montenegro, Republic of",2026,February,10
"Montenegro, Republic of",2026,March,30
"Montenegro, Republic of",2026,April,20
"Montenegro, Republic of",2026,May,30
"Montenegro, Republic of",2026,Total,105
Morocco,2023,January,3460
Morocco,2023,February,2785
Morocco,2023,March,4940
Morocco,2023,April,4265
Morocco,2023,May,3805
Morocco,2023,June,3945
Morocco,2023,July,3105
Morocco,2023,August,3660
Morocco,2023,September,3610
Morocco,2023,October,2735
Morocco,2023,November,2600
Morocco,2023,December,3625
Morocco,2023,Total,42535
Morocco,2024,January,3810
Morocco,2024,February,3970
Morocco,2024,March,4585
Morocco,2024,April,3190
Morocco,2024,May,4715
Morocco,2024,June,3905
Morocco,2024,July,3105
Morocco,2024,August,2620
Morocco,2024,September,1965
Morocco,2024,October,2370
Morocco,2024,November,2825
Morocco,2024,December,3150
Morocco,2024,Total,40210
Morocco,2025,January,2955
Morocco,2025,February,1905
Morocco,2025,March,2170
Morocco,2025,April,2190
Morocco,2025,May,2235
Morocco,2025,June,1865
Morocco,2025,July,1730
Morocco,2025,August,1750
Morocco,2025,September,2060
Morocco,2025,October,2185
Morocco,2025,November,2195
Morocco,2025,December,1785
Morocco,2025,Total,25025
Morocco,2026,January,2070
Morocco,2026,February,2425
Morocco,2026,March,2235
Morocco,2026,April,2805
Morocco,2026,May,2175
Morocco,2026,Total,11705
Mozambique,2023,January,10
Mozambique,2023,February,5
Mozambique,2023,March,10
Mozambique,2023,April,25
Mozambique,2023,May,15
Mozambique,2023,June,25
Mozambique,2023,July,15
Mozambique,2023,August,30
Mozambique,2023,September,15
Mozambique,2023,October,10
Mozambique,2023,November,20
Mozambique,2023,December,15
Mozambique,2023,Total,195
Mozambique,2024,January,10
Mozambique,2024,February,15
Mozambique,2024,March,20
Mozambique,2024,April,10
Mozambique,2024,May,15
Mozambique,2024,June,15
Mozambique,2024,July,15
Mozambique,2024,August,10
Mozambique,2024,September,10
Mozambique,2024,October,15
Mozambique,2024,November,15
Mozambique,2024,December,5
Mozambique,2024,Total,155
Mozambique,2025,January,15
Mozambique,2025,February,10
Mozambique,2025,March,5
Mozambique,2025,April,10
Mozambique,2025,May,5
Mozambique,2025,June,20
Mozambique,2025,July,10
Mozambique,2025,August,30
Mozambique,2025,September,20
Mozambique,2025,October,10
Mozambique,2025,November,30
Mozambique,2025,December,15
Mozambique,2025,Total,185
Mozambique,2026,January,15
Mozambique,2026,February,15
Mozambique,2026,March,10
Mozambique,2026,April,25
Mozambique,2026,May,15
Mozambique,2026,Total,80
Myanmar (Burma),2023,January,90
Myanmar (Burma),2023,February,115
Myanmar (Burma),2023,March,135
Myanmar (Burma),2023,April,115
Myanmar (Burma),2023,May,135
Myanmar (Burma),2023,June,160
Myanmar (Burma),2023,July,205
Myanmar (Burma),2023,August,175
Myanmar (Burma),2023,September,120
Myanmar (Burma),2023,October,135
Myanmar (Burma),2023,November,150
Myanmar (Burma),2023,December,170
Myanmar (Burma),2023,Total,1710
Myanmar (Burma),2024,January,135
Myanmar (Burma),2024,February,160
Myanmar (Burma),2024,March,240
Myanmar (Burma),2024,April,215
Myanmar (Burma),2024,May,205
Myanmar (Burma),2024,June,175
Myanmar (Burma),2024,July,280
Myanmar (Burma),2024,August,205
Myanmar (Burma),2024,September,130
Myanmar (Burma),2024,October,200
Myanmar (Burma),2024,November,200
Myanmar (Burma),2024,December,170
Myanmar (Burma),2024,Total,2315
Myanmar (Burma),2025,January,170
Myanmar (Burma),2025,February,130
Myanmar (Burma),2025,March,190
Myanmar (Burma),2025,April,165
Myanmar (Burma),2025,May,135
Myanmar (Burma),2025,June,215
Myanmar (Burma),2025,July,190
Myanmar (Burma),2025,August,205
Myanmar (Burma),2025,September,245
Myanmar (Burma),2025,October,185
Myanmar (Burma),2025,November,245
Myanmar (Burma),2025,December,250
Myanmar (Burma),2025,Total,2335
Myanmar (Burma),2026,January,205
Myanmar (Burma),2026,February,200
Myanmar (Burma),2026,March,240
Myanmar (Burma),2026,April,195
Myanmar (Burma),2026,May,280
Myanmar (Burma),2026,Total,1125
Namibia,2023,January,25
Namibia,2023,February,20
Namibia,2023,March,35
Namibia,2023,April,25
Namibia,2023,May,50
Namibia,2023,June,20
Namibia,2023,July,15
Namibia,2023,August,30
Namibia,2023,September,20
Namibia,2023,October,20
Namibia,2023,November,25
Namibia,2023,December,15
Namibia,2023,Total,300
Namibia,2024,January,25
Namibia,2024,February,15
Namibia,2024,March,15
Namibia,2024,April,20
Namibia,2024,May,35
Namibia,2024,June,45
Namibia,2024,July,20
Namibia,2024,August,25
Namibia,2024,September,10
Namibia,2024,October,10
Namibia,2024,November,10
Namibia,2024,December,20
Namibia,2024,Total,250
Namibia,2025,January,20
Namibia,2025,February,20
Namibia,2025,March,40
Namibia,2025,April,20
Namibia,2025,May,25
Namibia,2025,June,15
Namibia,2025,July,35
Namibia,2025,August,40
Namibia,2025,September,20
Namibia,2025,October,20
Namibia,2025,November,15
Namibia,2025,December,10
Namibia,2025,Total,280
Namibia,2026,January,15
Namibia,2026,February,25
Namibia,2026,March,55
Namibia,2026,April,20
Namibia,2026,May,15
Namibia,2026,Total,130
Nauru,2023,January,0
Nauru,2023,February,0
Nauru,2023,March,
Nauru,2023,April,
Nauru,2023,May,
Nauru,2023,June,
Nauru,2023,July,0
Nauru,2023,August,0
Nauru,2023,September,0
Nauru,2023,October,0
Nauru,2023,November,
Nauru,2023,December,0
Nauru,2023,Total,10
Nauru,2024,January,0
Nauru,2024,February,
Nauru,2024,March,0
Nauru,2024,April,0
Nauru,2024,May,0
Nauru,2024,June,0
Nauru,2024,July,0
Nauru,2024,August,
Nauru,2024,September,0
Nauru,2024,October,
Nauru,2024,November,0
Nauru,2024,December,0
Nauru,2024,Total,
Nauru,2025,January,0
Nauru,2025,February,0
Nauru,2025,March,0
Nauru,2025,April,0
Nauru,2025,May,
Nauru,2025,June,0
Nauru,2025,July,0
Nauru,2025,August,0
Nauru,2025,September,0
Nauru,2025,October,0
Nauru,2025,November,0
Nauru,2025,December,0
Nauru,2025,Total,
Nauru,2026,January,0
Nauru,2026,February,0
Nauru,2026,March,0
Nauru,2026,April,0
Nauru,2026,May,
Nauru,2026,Total,
Nepal,2023,January,1290
Nepal,2023,February,1710
Nepal,2023,March,2975
Nepal,2023,April,2655
Nepal,2023,May,2870
Nepal,2023,June,3970
Nepal,2023,July,3095
Nepal,2023,August,3500
Nepal,2023,September,3235
Nepal,2023,October,2280
Nepal,2023,November,1925
Nepal,2023,December,2450
Nepal,2023,Total,31950
Nepal,2024,January,2460
Nepal,2024,February,1845
Nepal,2024,March,1835
Nepal,2024,April,1240
Nepal,2024,May,2130
Nepal,2024,June,2870
Nepal,2024,July,2430
Nepal,2024,August,2445
Nepal,2024,September,2020
Nepal,2024,October,2620
Nepal,2024,November,2670
Nepal,2024,December,2130
Nepal,2024,Total,26700
Nepal,2025,January,2485
Nepal,2025,February,3030
Nepal,2025,March,2690
Nepal,2025,April,2000
Nepal,2025,May,2005
Nepal,2025,June,1620
Nepal,2025,July,1935
Nepal,2025,August,2145
Nepal,2025,September,2270
Nepal,2025,October,2420
Nepal,2025,November,2165
Nepal,2025,December,2755
Nepal,2025,Total,27525
Nepal,2026,January,4550
Nepal,2026,February,4765
Nepal,2026,March,3830
Nepal,2026,April,3795
Nepal,2026,May,3820
Nepal,2026,Total,20765
New Caledonia,2023,January,0
New Caledonia,2023,February,
New Caledonia,2023,March,0
New Caledonia,2023,April,0
New Caledonia,2023,May,0
New Caledonia,2023,June,0
New Caledonia,2023,July,0
New Caledonia,2023,August,
New Caledonia,2023,September,0
New Caledonia,2023,October,0
New Caledonia,2023,November,0
New Caledonia,2023,December,0
New Caledonia,2023,Total,
New Caledonia,2024,January,
New Caledonia,2024,February,0
New Caledonia,2024,March,0
New Caledonia,2024,April,0
New Caledonia,2024,May,0
New Caledonia,2024,June,0
New Caledonia,2024,July,0
New Caledonia,2024,August,0
New Caledonia,2024,September,0
New Caledonia,2024,October,0
New Caledonia,2024,November,
New Caledonia,2024,December,
New Caledonia,2024,Total,
New Caledonia,2025,January,0
New Caledonia,2025,February,0
New Caledonia,2025,March,
New Caledonia,2025,April,0
New Caledonia,2025,May,0
New Caledonia,2025,June,0
New Caledonia,2025,July,0
New Caledonia,2025,August,
New Caledonia,2025,September,0
New Caledonia,2025,October,0
New Caledonia,2025,November,0
New Caledonia,2025,December,0
New Caledonia,2025,Total,
New Caledonia,2026,January,0
New Caledonia,2026,February,0
New Caledonia,2026,March,0
New Caledonia,2026,April,0
New Caledonia,2026,May,0
New Caledonia,2026,Total,0
New Zealand,2023,January,125
New Zealand,2023,February,210
New Zealand,2023,March,330
New Zealand,2023,April,130
New Zealand,2023,May,500
New Zealand,2023,June,385
New Zealand,2023,July,265
New Zealand,2023,August,235
New Zealand,2023,September,230
New Zealand,2023,October,195
New Zealand,2023,November,195
New Zealand,2023,December,90
New Zealand,2023,Total,2885
New Zealand,2024,January,155
New Zealand,2024,February,240
New Zealand,2024,March,300
New Zealand,2024,April,325
New Zealand,2024,May,320
New Zealand,2024,June,185
New Zealand,2024,July,230
New Zealand,2024,August,245
New Zealand,2024,September,220
New Zealand,2024,October,230
New Zealand,2024,November,165
New Zealand,2024,December,85
New Zealand,2024,Total,2695
New Zealand,2025,January,130
New Zealand,2025,February,290
New Zealand,2025,March,315
New Zealand,2025,April,225
New Zealand,2025,May,260
New Zealand,2025,June,260
New Zealand,2025,July,215
New Zealand,2025,August,205
New Zealand,2025,September,160
New Zealand,2025,October,185
New Zealand,2025,November,145
New Zealand,2025,December,100
New Zealand,2025,Total,2485
New Zealand,2026,January,70
New Zealand,2026,February,80
New Zealand,2026,March,190
New Zealand,2026,April,450
New Zealand,2026,May,430
New Zealand,2026,Total,1215
Nicaragua,2023,January,285
Nicaragua,2023,February,350
Nicaragua,2023,March,385
Nicaragua,2023,April,300
Nicaragua,2023,May,255
Nicaragua,2023,June,225
Nicaragua,2023,July,180
Nicaragua,2023,August,245
Nicaragua,2023,September,255
Nicaragua,2023,October,225
Nicaragua,2023,November,290
Nicaragua,2023,December,200
Nicaragua,2023,Total,3205
Nicaragua,2024,January,295
Nicaragua,2024,February,335
Nicaragua,2024,March,285
Nicaragua,2024,April,225
Nicaragua,2024,May,175
Nicaragua,2024,June,95
Nicaragua,2024,July,210
Nicaragua,2024,August,155
Nicaragua,2024,September,140
Nicaragua,2024,October,125
Nicaragua,2024,November,245
Nicaragua,2024,December,300
Nicaragua,2024,Total,2575
Nicaragua,2025,January,405
Nicaragua,2025,February,345
Nicaragua,2025,March,295
Nicaragua,2025,April,195
Nicaragua,2025,May,305
Nicaragua,2025,June,140
Nicaragua,2025,July,165
Nicaragua,2025,August,160
Nicaragua,2025,September,155
Nicaragua,2025,October,180
Nicaragua,2025,November,210
Nicaragua,2025,December,310
Nicaragua,2025,Total,2865
Nicaragua,2026,January,390
Nicaragua,2026,February,310
Nicaragua,2026,March,280
Nicaragua,2026,April,320
Nicaragua,2026,May,265
Nicaragua,2026,Total,1570
Nigeria,2023,January,10810
Nigeria,2023,February,7620
Nigeria,2023,March,9110
Nigeria,2023,April,22145
Nigeria,2023,May,20580
Nigeria,2023,June,15830
Nigeria,2023,July,13095
Nigeria,2023,August,13775
Nigeria,2023,September,10200
Nigeria,2023,October,10400
Nigeria,2023,November,12865
Nigeria,2023,December,7920
Nigeria,2023,Total,154350
Nigeria,2024,January,11465
Nigeria,2024,February,12305
Nigeria,2024,March,12695
Nigeria,2024,April,10585
Nigeria,2024,May,10130
Nigeria,2024,June,8870
Nigeria,2024,July,10105
Nigeria,2024,August,8350
Nigeria,2024,September,8470
Nigeria,2024,October,10860
Nigeria,2024,November,10465
Nigeria,2024,December,11445
Nigeria,2024,Total,125745
Nigeria,2025,January,13875
Nigeria,2025,February,10545
Nigeria,2025,March,10895
Nigeria,2025,April,10065
Nigeria,2025,May,9605
Nigeria,2025,June,7505
Nigeria,2025,July,8400
Nigeria,2025,August,8805
Nigeria,2025,September,10790
Nigeria,2025,October,10560
Nigeria,2025,November,9745
Nigeria,2025,December,9545
Nigeria,2025,Total,120330
Nigeria,2026,January,9515
Nigeria,2026,February,11725
Nigeria,2026,March,11075
Nigeria,2026,April,9450
Nigeria,2026,May,9920
Nigeria,2026,Total,51690
Norway,2023,January,20
Norway,2023,February,20
Norway,2023,March,25
Norway,2023,April,20
Norway,2023,May,35
Norway,2023,June,60
Norway,2023,July,50
Norway,2023,August,45
Norway,2023,September,25
Norway,2023,October,50
Norway,2023,November,30
Norway,2023,December,15
Norway,2023,Total,400
Norway,2024,January,20
Norway,2024,February,20
Norway,2024,March,25
Norway,2024,April,25
Norway,2024,May,45
Norway,2024,June,50
Norway,2024,July,45
Norway,2024,August,40
Norway,2024,September,20
Norway,2024,October,30
Norway,2024,November,25
Norway,2024,December,15
Norway,2024,Total,355
Norway,2025,January,20
Norway,2025,February,20
Norway,2025,March,20
Norway,2025,April,20
Norway,2025,May,35
Norway,2025,June,50
Norway,2025,July,45
Norway,2025,August,60
Norway,2025,September,20
Norway,2025,October,20
Norway,2025,November,20
Norway,2025,December,15
Norway,2025,Total,345
Norway,2026,January,15
Norway,2026,February,20
Norway,2026,March,30
Norway,2026,April,45
Norway,2026,May,55
Norway,2026,Total,165
Oman,2023,January,145
Oman,2023,February,70
Oman,2023,March,75
Oman,2023,April,70
Oman,2023,May,180
Oman,2023,June,80
Oman,2023,July,105
Oman,2023,August,65
Oman,2023,September,35
Oman,2023,October,45
Oman,2023,November,20
Oman,2023,December,25
Oman,2023,Total,910
Oman,2024,January,55
Oman,2024,February,100
Oman,2024,March,95
Oman,2024,April,80
Oman,2024,May,125
Oman,2024,June,75
Oman,2024,July,95
Oman,2024,August,50
Oman,2024,September,40
Oman,2024,October,60
Oman,2024,November,40
Oman,2024,December,30
Oman,2024,Total,840
Oman,2025,January,50
Oman,2025,February,100
Oman,2025,March,75
Oman,2025,April,75
Oman,2025,May,155
Oman,2025,June,50
Oman,2025,July,65
Oman,2025,August,35
Oman,2025,September,90
Oman,2025,October,50
Oman,2025,November,35
Oman,2025,December,50
Oman,2025,Total,830
Oman,2026,January,70
Oman,2026,February,60
Oman,2026,March,70
Oman,2026,April,105
Oman,2026,May,90
Oman,2026,Total,390
Pakistan,2023,January,4810
Pakistan,2023,February,6615
Pakistan,2023,March,7750
Pakistan,2023,April,5870
Pakistan,2023,May,6560
Pakistan,2023,June,5740
Pakistan,2023,July,4545
Pakistan,2023,August,5225
Pakistan,2023,September,4140
Pakistan,2023,October,5590
Pakistan,2023,November,4495
Pakistan,2023,December,2755
Pakistan,2023,Total,64090
Pakistan,2024,January,4740
Pakistan,2024,February,5215
Pakistan,2024,March,6050
Pakistan,2024,April,3895
Pakistan,2024,May,4420
Pakistan,2024,June,3730
Pakistan,2024,July,4445
Pakistan,2024,August,4185
Pakistan,2024,September,3450
Pakistan,2024,October,3465
Pakistan,2024,November,3740
Pakistan,2024,December,3505
Pakistan,2024,Total,50840
Pakistan,2025,January,3810
Pakistan,2025,February,3095
Pakistan,2025,March,3475
Pakistan,2025,April,3080
Pakistan,2025,May,3600
Pakistan,2025,June,3000
Pakistan,2025,July,3580
Pakistan,2025,August,4320
Pakistan,2025,September,3610
Pakistan,2025,October,3630
Pakistan,2025,November,4010
Pakistan,2025,December,3640
Pakistan,2025,Total,42850
Pakistan,2026,January,3730
Pakistan,2026,February,4060
Pakistan,2026,March,3710
Pakistan,2026,April,3815
Pakistan,2026,May,4980
Pakistan,2026,Total,20295
Palestinian Authority (Gaza/West Bank),2023,January,125
Palestinian Authority (Gaza/West Bank),2023,February,170
Palestinian Authority (Gaza/West Bank),2023,March,240
Palestinian Authority (Gaza/West Bank),2023,April,325
Palestinian Authority (Gaza/West Bank),2023,May,200
Palestinian Authority (Gaza/West Bank),2023,June,185
Palestinian Authority (Gaza/West Bank),2023,July,170
Palestinian Authority (Gaza/West Bank),2023,August,155
Palestinian Authority (Gaza/West Bank),2023,September,125
Palestinian Authority (Gaza/West Bank),2023,October,185
Palestinian Authority (Gaza/West Bank),2023,November,210
Palestinian Authority (Gaza/West Bank),2023,December,115
Palestinian Authority (Gaza/West Bank),2023,Total,2215
Palestinian Authority (Gaza/West Bank),2024,January,185
Palestinian Authority (Gaza/West Bank),2024,February,185
Palestinian Authority (Gaza/West Bank),2024,March,215
Palestinian Authority (Gaza/West Bank),2024,April,235
Palestinian Authority (Gaza/West Bank),2024,May,310
Palestinian Authority (Gaza/West Bank),2024,June,300
Palestinian Authority (Gaza/West Bank),2024,July,365
Palestinian Authority (Gaza/West Bank),2024,August,270
Palestinian Authority (Gaza/West Bank),2024,September,385
Palestinian Authority (Gaza/West Bank),2024,October,365
Palestinian Authority (Gaza/West Bank),2024,November,270
Palestinian Authority (Gaza/West Bank),2024,December,350
Palestinian Authority (Gaza/West Bank),2024,Total,3435
Palestinian Authority (Gaza/West Bank),2025,January,305
Palestinian Authority (Gaza/West Bank),2025,February,145
Palestinian Authority (Gaza/West Bank),2025,March,220
Palestinian Authority (Gaza/West Bank),2025,April,215
Palestinian Authority (Gaza/West Bank),2025,May,235
Palestinian Authority (Gaza/West Bank),2025,June,195
Palestinian Authority (Gaza/West Bank),2025,July,245
Palestinian Authority (Gaza/West Bank),2025,August,235
Palestinian Authority (Gaza/West Bank),2025,September,215
Palestinian Authority (Gaza/West Bank),2025,October,175
Palestinian Authority (Gaza/West Bank),2025,November,270
Palestinian Authority (Gaza/West Bank),2025,December,290
Palestinian Authority (Gaza/West Bank),2025,Total,2745
Palestinian Authority (Gaza/West Bank),2026,January,190
Palestinian Authority (Gaza/West Bank),2026,February,255
Palestinian Authority (Gaza/West Bank),2026,March,195
Palestinian Authority (Gaza/West Bank),2026,April,180
Palestinian Authority (Gaza/West Bank),2026,May,185
Palestinian Authority (Gaza/West Bank),2026,Total,995
"Panama, Republic of",2023,January,210
"Panama, Republic of",2023,February,270
"Panama, Republic of",2023,March,260
"Panama, Republic of",2023,April,205
"Panama, Republic of",2023,May,335
"Panama, Republic of",2023,June,370
"Panama, Republic of",2023,July,130
"Panama, Republic of",2023,August,120
"Panama, Republic of",2023,September,115
"Panama, Republic of",2023,October,140
"Panama, Republic of",2023,November,145
"Panama, Republic of",2023,December,70
"Panama, Republic of",2023,Total,2375
"Panama, Republic of",2024,January,90
"Panama, Republic of",2024,February,80
"Panama, Republic of",2024,March,105
"Panama, Republic of",2024,April,150
"Panama, Republic of",2024,May,120
"Panama, Republic of",2024,June,140
"Panama, Republic of",2024,July,130
"Panama, Republic of",2024,August,135
"Panama, Republic of",2024,September,60
"Panama, Republic of",2024,October,70
"Panama, Republic of",2024,November,85
"Panama, Republic of",2024,December,80
"Panama, Republic of",2024,Total,1250
"Panama, Republic of",2025,January,125
"Panama, Republic of",2025,February,100
"Panama, Republic of",2025,March,105
"Panama, Republic of",2025,April,75
"Panama, Republic of",2025,May,105
"Panama, Republic of",2025,June,80
"Panama, Republic of",2025,July,70
"Panama, Republic of",2025,August,75
"Panama, Republic of",2025,September,85
"Panama, Republic of",2025,October,85
"Panama, Republic of",2025,November,80
"Panama, Republic of",2025,December,105
"Panama, Republic of",2025,Total,1090
"Panama, Republic of",2026,January,115
"Panama, Republic of",2026,February,110
"Panama, Republic of",2026,March,160
"Panama, Republic of",2026,April,185
"Panama, Republic of",2026,May,205
"Panama, Republic of",2026,Total,770
Papua New Guinea,2023,January,0
Papua New Guinea,2023,February,0
Papua New Guinea,2023,March,
Papua New Guinea,2023,April,
Papua New Guinea,2023,May,
Papua New Guinea,2023,June,
Papua New Guinea,2023,July,0
Papua New Guinea,2023,August,0
Papua New Guinea,2023,September,
Papua New Guinea,2023,October,
Papua New Guinea,2023,November,
Papua New Guinea,2023,December,
Papua New Guinea,2023,Total,10
Papua New Guinea,2024,January,
Papua New Guinea,2024,February,0
Papua New Guinea,2024,March,
Papua New Guinea,2024,April,0
Papua New Guinea,2024,May,
Papua New Guinea,2024,June,
Papua New Guinea,2024,July,
Papua New Guinea,2024,August,
Papua New Guinea,2024,September,
Papua New Guinea,2024,October,
Papua New Guinea,2024,November,
Papua New Guinea,2024,December,
Papua New Guinea,2024,Total,25
Papua New Guinea,2025,January,0
Papua New Guinea,2025,February,0
Papua New Guinea,2025,March,
Papua New Guinea,2025,April,
Papua New Guinea,2025,May,
Papua New Guinea,2025,June,0
Papua New Guinea,2025,July,
Papua New Guinea,2025,August,
Papua New Guinea,2025,September,
Papua New Guinea,2025,October,
Papua New Guinea,2025,November,5
Papua New Guinea,2025,December,
Papua New Guinea,2025,Total,25
Papua New Guinea,2026,January,
Papua New Guinea,2026,February,0
Papua New Guinea,2026,March,
Papua New Guinea,2026,April,
Papua New Guinea,2026,May,
Papua New Guinea,2026,Total,5
Paraguay,2023,January,50
Paraguay,2023,February,45
Paraguay,2023,March,65
Paraguay,2023,April,75
Paraguay,2023,May,80
Paraguay,2023,June,95
Paraguay,2023,July,75
Paraguay,2023,August,80
Paraguay,2023,September,40
Paraguay,2023,October,35
Paraguay,2023,November,70
Paraguay,2023,December,55
Paraguay,2023,Total,760
Paraguay,2024,January,55
Paraguay,2024,February,85
Paraguay,2024,March,115
Paraguay,2024,April,70
Paraguay,2024,May,70
Paraguay,2024,June,90
Paraguay,2024,July,105
Paraguay,2024,August,75
Paraguay,2024,September,30
Paraguay,2024,October,50
Paraguay,2024,November,40
Paraguay,2024,December,45
Paraguay,2024,Total,825
Paraguay,2025,January,65
Paraguay,2025,February,35
Paraguay,2025,March,25
Paraguay,2025,April,60
Paraguay,2025,May,125
Paraguay,2025,June,70
Paraguay,2025,July,65
Paraguay,2025,August,40
Paraguay,2025,September,60
Paraguay,2025,October,50
Paraguay,2025,November,55
Paraguay,2025,December,50
Paraguay,2025,Total,695
Paraguay,2026,January,45
Paraguay,2026,February,45
Paraguay,2026,March,100
Paraguay,2026,April,85
Paraguay,2026,May,80
Paraguay,2026,Total,355
People's Republic of China,2023,January,20890
People's Republic of China,2023,February,22940
People's Republic of China,2023,March,29330
People's Republic of China,2023,April,25950
People's Republic of China,2023,May,36600
People's Republic of China,2023,June,40990
People's Republic of China,2023,July,41045
People's Republic of China,2023,August,35730
People's Republic of China,2023,September,33170
People's Republic of China,2023,October,32500
People's Republic of China,2023,November,36730
People's Republic of China,2023,December,27435
People's Republic of China,2023,Total,383310
People's Republic of China,2024,January,35340
People's Republic of China,2024,February,29405
People's Republic of China,2024,March,31635
People's Republic of China,2024,April,35900
People's Republic of China,2024,May,38425
People's Republic of China,2024,June,34660
People's Republic of China,2024,July,43370
People's Republic of China,2024,August,38080
People's Republic of China,2024,September,30250
People's Republic of China,2024,October,33515
People's Republic of China,2024,November,31330
People's Republic of China,2024,December,29160
People's Republic of China,2024,Total,411065
People's Republic of China,2025,January,28415
People's Republic of China,2025,February,23285
People's Republic of China,2025,March,28210
People's Republic of China,2025,April,29290
People's Republic of China,2025,May,34335
People's Republic of China,2025,June,25340
People's Republic of China,2025,July,31835
People's Republic of China,2025,August,28500
People's Republic of China,2025,September,26295
People's Republic of China,2025,October,23335
People's Republic of China,2025,November,27320
People's Republic of China,2025,December,22640
People's Republic of China,2025,Total,328800
People's Republic of China,2026,January,24795
People's Republic of China,2026,February,21070
People's Republic of China,2026,March,26815
People's Republic of China,2026,April,31450
People's Republic of China,2026,May,31760
People's Republic of China,2026,Total,135885
Peoples Republic of Benin,2023,January,265
Peoples Republic of Benin,2023,February,335
Peoples Republic of Benin,2023,March,315
Peoples Republic of Benin,2023,April,510
Peoples Republic of Benin,2023,May,350
Peoples Republic of Benin,2023,June,470
Peoples Republic of Benin,2023,July,250
Peoples Republic of Benin,2023,August,575
Peoples Republic of Benin,2023,September,280
Peoples Republic of Benin,2023,October,240
Peoples Republic of Benin,2023,November,215
Peoples Republic of Benin,2023,December,320
Peoples Republic of Benin,2023,Total,4135
Peoples Republic of Benin,2024,January,285
Peoples Republic of Benin,2024,February,360
Peoples Republic of Benin,2024,March,325
Peoples Republic of Benin,2024,April,200
Peoples Republic of Benin,2024,May,340
Peoples Republic of Benin,2024,June,250
Peoples Republic of Benin,2024,July,350
Peoples Republic of Benin,2024,August,250
Peoples Republic of Benin,2024,September,335
Peoples Republic of Benin,2024,October,290
Peoples Republic of Benin,2024,November,290
Peoples Republic of Benin,2024,December,225
Peoples Republic of Benin,2024,Total,3505
Peoples Republic of Benin,2025,January,295
Peoples Republic of Benin,2025,February,255
Peoples Republic of Benin,2025,March,295
Peoples Republic of Benin,2025,April,160
Peoples Republic of Benin,2025,May,220
Peoples Republic of Benin,2025,June,210
Peoples Republic of Benin,2025,July,230
Peoples Republic of Benin,2025,August,260
Peoples Republic of Benin,2025,September,330
Peoples Republic of Benin,2025,October,305
Peoples Republic of Benin,2025,November,310
Peoples Republic of Benin,2025,December,225
Peoples Republic of Benin,2025,Total,3100
Peoples Republic of Benin,2026,January,265
Peoples Republic of Benin,2026,February,380
Peoples Republic of Benin,2026,March,325
Peoples Republic of Benin,2026,April,265
Peoples Republic of Benin,2026,May,345
Peoples Republic of Benin,2026,Total,1580
Peru,2023,January,1845
Peru,2023,February,1540
Peru,2023,March,1825
Peru,2023,April,1480
Peru,2023,May,2175
Peru,2023,June,3385
Peru,2023,July,1925
Peru,2023,August,2460
Peru,2023,September,1715
Peru,2023,October,1365
Peru,2023,November,1655
Peru,2023,December,1245
Peru,2023,Total,22620
Peru,2024,January,1690
Peru,2024,February,1830
Peru,2024,March,1840
Peru,2024,April,2350
Peru,2024,May,1940
Peru,2024,June,1685
Peru,2024,July,1890
Peru,2024,August,1895
Peru,2024,September,1395
Peru,2024,October,1665
Peru,2024,November,2025
Peru,2024,December,1730
Peru,2024,Total,21935
Peru,2025,January,1875
Peru,2025,February,1390
Peru,2025,March,1775
Peru,2025,April,1545
Peru,2025,May,2270
Peru,2025,June,1675
Peru,2025,July,1765
Peru,2025,August,1440
Peru,2025,September,1655
Peru,2025,October,1660
Peru,2025,November,1565
Peru,2025,December,1750
Peru,2025,Total,20370
Peru,2026,January,1695
Peru,2026,February,2350
Peru,2026,March,2295
Peru,2026,April,2035
Peru,2026,May,2210
Peru,2026,Total,10590
Philippines,2023,January,13240
Philippines,2023,February,13785
Philippines,2023,March,20715
Philippines,2023,April,13095
Philippines,2023,May,17235
Philippines,2023,June,25465
Philippines,2023,July,18510
Philippines,2023,August,16160
Philippines,2023,September,13880
Philippines,2023,October,15435
Philippines,2023,November,18395
Philippines,2023,December,9665
Philippines,2023,Total,195580
Philippines,2024,January,13960
Philippines,2024,February,16805
Philippines,2024,March,17615
Philippines,2024,April,17170
Philippines,2024,May,15600
Philippines,2024,June,11265
Philippines,2024,July,12795
Philippines,2024,August,12045
Philippines,2024,September,10090
Philippines,2024,October,13960
Philippines,2024,November,10955
Philippines,2024,December,12615
Philippines,2024,Total,164880
Philippines,2025,January,11815
Philippines,2025,February,10480
Philippines,2025,March,11350
Philippines,2025,April,10145
Philippines,2025,May,9330
Philippines,2025,June,7075
Philippines,2025,July,7540
Philippines,2025,August,7465
Philippines,2025,September,10505
Philippines,2025,October,9630
Philippines,2025,November,9915
Philippines,2025,December,8790
Philippines,2025,Total,114035
Philippines,2026,January,8755
Philippines,2026,February,8810
Philippines,2026,March,10135
Philippines,2026,April,8880
Philippines,2026,May,8535
Philippines,2026,Total,45115
Poland,2023,January,175
Poland,2023,February,165
Poland,2023,March,200
Poland,2023,April,110
Poland,2023,May,250
Poland,2023,June,220
Poland,2023,July,195
Poland,2023,August,175
Poland,2023,September,165
Poland,2023,October,170
Poland,2023,November,145
Poland,2023,December,105
Poland,2023,Total,2075
Poland,2024,January,115
Poland,2024,February,175
Poland,2024,March,150
Poland,2024,April,170
Poland,2024,May,180
Poland,2024,June,140
Poland,2024,July,150
Poland,2024,August,155
Poland,2024,September,125
Poland,2024,October,145
Poland,2024,November,165
Poland,2024,December,115
Poland,2024,Total,1785
Poland,2025,January,120
Poland,2025,February,120
Poland,2025,March,160
Poland,2025,April,135
Poland,2025,May,100
Poland,2025,June,125
Poland,2025,July,110
Poland,2025,August,150
Poland,2025,September,85
Poland,2025,October,145
Poland,2025,November,105
Poland,2025,December,100
Poland,2025,Total,1460
Poland,2026,January,80
Poland,2026,February,115
Poland,2026,March,150
Poland,2026,April,150
Poland,2026,May,155
Poland,2026,Total,655
Portugal,2023,January,250
Portugal,2023,February,270
Portugal,2023,March,305
Portugal,2023,April,180
Portugal,2023,May,310
Portugal,2023,June,485
Portugal,2023,July,295
Portugal,2023,August,255
Portugal,2023,September,230
Portugal,2023,October,275
Portugal,2023,November,260
Portugal,2023,December,180
Portugal,2023,Total,3305
Portugal,2024,January,220
Portugal,2024,February,240
Portugal,2024,March,260
Portugal,2024,April,220
Portugal,2024,May,255
Portugal,2024,June,195
Portugal,2024,July,175
Portugal,2024,August,220
Portugal,2024,September,195
Portugal,2024,October,320
Portugal,2024,November,205
Portugal,2024,December,200
Portugal,2024,Total,2705
Portugal,2025,January,215
Portugal,2025,February,195
Portugal,2025,March,230
Portugal,2025,April,190
Portugal,2025,May,160
Portugal,2025,June,135
Portugal,2025,July,170
Portugal,2025,August,215
Portugal,2025,September,200
Portugal,2025,October,165
Portugal,2025,November,120
Portugal,2025,December,110
Portugal,2025,Total,2100
Portugal,2026,January,140
Portugal,2026,February,140
Portugal,2026,March,205
Portugal,2026,April,265
Portugal,2026,May,190
Portugal,2026,Total,940
Qatar,2023,January,70
Qatar,2023,February,30
Qatar,2023,March,40
Qatar,2023,April,75
Qatar,2023,May,85
Qatar,2023,June,65
Qatar,2023,July,45
Qatar,2023,August,55
Qatar,2023,September,40
Qatar,2023,October,20
Qatar,2023,November,30
Qatar,2023,December,25
Qatar,2023,Total,580
Qatar,2024,January,20
Qatar,2024,February,35
Qatar,2024,March,35
Qatar,2024,April,30
Qatar,2024,May,40
Qatar,2024,June,80
Qatar,2024,July,40
Qatar,2024,August,35
Qatar,2024,September,180
Qatar,2024,October,65
Qatar,2024,November,15
Qatar,2024,December,25
Qatar,2024,Total,600
Qatar,2025,January,30
Qatar,2025,February,20
Qatar,2025,March,45
Qatar,2025,April,50
Qatar,2025,May,40
Qatar,2025,June,45
Qatar,2025,July,65
Qatar,2025,August,20
Qatar,2025,September,70
Qatar,2025,October,35
Qatar,2025,November,10
Qatar,2025,December,10
Qatar,2025,Total,450
Qatar,2026,January,10
Qatar,2026,February,5
Qatar,2026,March,5
Qatar,2026,April,15
Qatar,2026,May,
Qatar,2026,Total,45
Republic of Djibouti,2023,January,45
Republic of Djibouti,2023,February,30
Republic of Djibouti,2023,March,75
Republic of Djibouti,2023,April,115
Republic of Djibouti,2023,May,140
Republic of Djibouti,2023,June,45
Republic of Djibouti,2023,July,30
Republic of Djibouti,2023,August,40
Republic of Djibouti,2023,September,100
Republic of Djibouti,2023,October,60
Republic of Djibouti,2023,November,50
Republic of Djibouti,2023,December,30
Republic of Djibouti,2023,Total,760
Republic of Djibouti,2024,January,55
Republic of Djibouti,2024,February,40
Republic of Djibouti,2024,March,75
Republic of Djibouti,2024,April,45
Republic of Djibouti,2024,May,75
Republic of Djibouti,2024,June,55
Republic of Djibouti,2024,July,30
Republic of Djibouti,2024,August,40
Republic of Djibouti,2024,September,30
Republic of Djibouti,2024,October,45
Republic of Djibouti,2024,November,30
Republic of Djibouti,2024,December,30
Republic of Djibouti,2024,Total,555
Republic of Djibouti,2025,January,30
Republic of Djibouti,2025,February,30
Republic of Djibouti,2025,March,30
Republic of Djibouti,2025,April,30
Republic of Djibouti,2025,May,45
Republic of Djibouti,2025,June,20
Republic of Djibouti,2025,July,15
Republic of Djibouti,2025,August,30
Republic of Djibouti,2025,September,60
Republic of Djibouti,2025,October,30
Republic of Djibouti,2025,November,60
Republic of Djibouti,2025,December,70
Republic of Djibouti,2025,Total,450
Republic of Djibouti,2026,January,40
Republic of Djibouti,2026,February,65
Republic of Djibouti,2026,March,35
Republic of Djibouti,2026,April,20
Republic of Djibouti,2026,May,45
Republic of Djibouti,2026,Total,210
Republic of Indonesia,2023,January,990
Republic of Indonesia,2023,February,1385
Republic of Indonesia,2023,March,2175
Republic of Indonesia,2023,April,1830
Republic of Indonesia,2023,May,2135
Republic of Indonesia,2023,June,2230
Republic of Indonesia,2023,July,2200
Republic of Indonesia,2023,August,2170
Republic of Indonesia,2023,September,1205
Republic of Indonesia,2023,October,1220
Republic of Indonesia,2023,November,930
Republic of Indonesia,2023,December,525
Republic of Indonesia,2023,Total,18990
Republic of Indonesia,2024,January,1250
Republic of Indonesia,2024,February,1610
Republic of Indonesia,2024,March,1705
Republic of Indonesia,2024,April,1650
Republic of Indonesia,2024,May,1870
Republic of Indonesia,2024,June,1560
Republic of Indonesia,2024,July,2155
Republic of Indonesia,2024,August,1690
Republic of Indonesia,2024,September,1490
Republic of Indonesia,2024,October,905
Republic of Indonesia,2024,November,1425
Republic of Indonesia,2024,December,865
Republic of Indonesia,2024,Total,18185
Republic of Indonesia,2025,January,860
Republic of Indonesia,2025,February,1170
Republic of Indonesia,2025,March,1555
Republic of Indonesia,2025,April,1570
Republic of Indonesia,2025,May,1325
Republic of Indonesia,2025,June,1375
Republic of Indonesia,2025,July,1075
Republic of Indonesia,2025,August,1350
Republic of Indonesia,2025,September,1260
Republic of Indonesia,2025,October,1205
Republic of Indonesia,2025,November,785
Republic of Indonesia,2025,December,940
Republic of Indonesia,2025,Total,14455
Republic of Indonesia,2026,January,875
Republic of Indonesia,2026,February,1280
Republic of Indonesia,2026,March,1245
Republic of Indonesia,2026,April,1540
Republic of Indonesia,2026,May,1760
Republic of Indonesia,2026,Total,6700
Republic of Ireland,2023,January,265
Republic of Ireland,2023,February,615
Republic of Ireland,2023,March,1020
Republic of Ireland,2023,April,485
Republic of Ireland,2023,May,1355
Republic of Ireland,2023,June,800
Republic of Ireland,2023,July,440
Republic of Ireland,2023,August,440
Republic of Ireland,2023,September,415
Republic of Ireland,2023,October,380
Republic of Ireland,2023,November,425
Republic of Ireland,2023,December,215
Republic of Ireland,2023,Total,6855
Republic of Ireland,2024,January,335
Republic of Ireland,2024,February,630
Republic of Ireland,2024,March,770
Republic of Ireland,2024,April,880
Republic of Ireland,2024,May,755
Republic of Ireland,2024,June,335
Republic of Ireland,2024,July,375
Republic of Ireland,2024,August,360
Republic of Ireland,2024,September,325
Republic of Ireland,2024,October,400
Republic of Ireland,2024,November,290
Republic of Ireland,2024,December,215
Republic of Ireland,2024,Total,5665
Republic of Ireland,2025,January,310
Republic of Ireland,2025,February,605
Republic of Ireland,2025,March,825
Republic of Ireland,2025,April,535
Republic of Ireland,2025,May,575
Republic of Ireland,2025,June,380
Republic of Ireland,2025,July,280
Republic of Ireland,2025,August,345
Republic of Ireland,2025,September,280
Republic of Ireland,2025,October,360
Republic of Ireland,2025,November,290
Republic of Ireland,2025,December,170
Republic of Ireland,2025,Total,4955
Republic of Ireland,2026,January,200
Republic of Ireland,2026,February,430
Republic of Ireland,2026,March,895
Republic of Ireland,2026,April,885
Republic of Ireland,2026,May,860
Republic of Ireland,2026,Total,3275
Republic of Ivory Coast,2023,January,985
Republic of Ivory Coast,2023,February,800
Republic of Ivory Coast,2023,March,1250
Republic of Ivory Coast,2023,April,2145
Republic of Ivory Coast,2023,May,1345
Republic of Ivory Coast,2023,June,1280
Republic of Ivory Coast,2023,July,965
Republic of Ivory Coast,2023,August,1175
Republic of Ivory Coast,2023,September,1100
Republic of Ivory Coast,2023,October,1280
Republic of Ivory Coast,2023,November,950
Republic of Ivory Coast,2023,December,825
Republic of Ivory Coast,2023,Total,14100
Republic of Ivory Coast,2024,January,900
Republic of Ivory Coast,2024,February,865
Republic of Ivory Coast,2024,March,1105
Republic of Ivory Coast,2024,April,855
Republic of Ivory Coast,2024,May,1175
Republic of Ivory Coast,2024,June,1045
Republic of Ivory Coast,2024,July,1555
Republic of Ivory Coast,2024,August,1315
Republic of Ivory Coast,2024,September,1045
Republic of Ivory Coast,2024,October,1045
Republic of Ivory Coast,2024,November,980
Republic of Ivory Coast,2024,December,1200
Republic of Ivory Coast,2024,Total,13080
Republic of Ivory Coast,2025,January,1450
Republic of Ivory Coast,2025,February,930
Republic of Ivory Coast,2025,March,1345
Republic of Ivory Coast,2025,April,895
Republic of Ivory Coast,2025,May,1265
Republic of Ivory Coast,2025,June,920
Republic of Ivory Coast,2025,July,880
Republic of Ivory Coast,2025,August,1100
Republic of Ivory Coast,2025,September,1460
Republic of Ivory Coast,2025,October,1105
Republic of Ivory Coast,2025,November,1495
Republic of Ivory Coast,2025,December,980
Republic of Ivory Coast,2025,Total,13830
Republic of Ivory Coast,2026,January,840
Republic of Ivory Coast,2026,February,1600
Republic of Ivory Coast,2026,March,1210
Republic of Ivory Coast,2026,April,1230
Republic of Ivory Coast,2026,May,1160
Republic of Ivory Coast,2026,Total,6040
Republic of Palau,2023,January,10
Republic of Palau,2023,February,0
Republic of Palau,2023,March,0
Republic of Palau,2023,April,0
Republic of Palau,2023,May,0
Republic of Palau,2023,June,0
Republic of Palau,2023,July,5
Republic of Palau,2023,August,0
Republic of Palau,2023,September,0
Republic of Palau,2023,October,0
Republic of Palau,2023,November,0
Republic of Palau,2023,December,0
Republic of Palau,2023,Total,15
Republic of Palau,2024,January,
Republic of Palau,2024,February,0
Republic of Palau,2024,March,
Republic of Palau,2024,April,
Republic of Palau,2024,May,0
Republic of Palau,2024,June,
Republic of Palau,2024,July,0
Republic of Palau,2024,August,0
Republic of Palau,2024,September,
Republic of Palau,2024,October,
Republic of Palau,2024,November,
Republic of Palau,2024,December,0
Republic of Palau,2024,Total,10
Republic of Palau,2025,January,0
Republic of Palau,2025,February,0
Republic of Palau,2025,March,0
Republic of Palau,2025,April,0
Republic of Palau,2025,May,0
Republic of Palau,2025,June,0
Republic of Palau,2025,July,
Republic of Palau,2025,August,
Republic of Palau,2025,September,0
Republic of Palau,2025,October,
Republic of Palau,2025,November,0
Republic of Palau,2025,December,0
Republic of Palau,2025,Total,
Republic of Palau,2026,January,
Republic of Palau,2026,February,
Republic of Palau,2026,March,
Republic of Palau,2026,April,
Republic of Palau,2026,May,
Republic of Palau,2026,Total,10
Republic of South Africa,2023,January,690
Republic of South Africa,2023,February,805
Republic of South Africa,2023,March,1035
Republic of South Africa,2023,April,1435
Republic of South Africa,2023,May,1925
Republic of South Africa,2023,June,1800
Republic of South Africa,2023,July,965
Republic of South Africa,2023,August,1305
Republic of South Africa,2023,September,945
Republic of South Africa,2023,October,785
Republic of South Africa,2023,November,1150
Republic of South Africa,2023,December,705
Republic of South Africa,2023,Total,13550
Republic of South Africa,2024,January,990
Republic of South Africa,2024,February,805
Republic of South Africa,2024,March,920
Republic of South Africa,2024,April,1255
Republic of South Africa,2024,May,1265
Republic of South Africa,2024,June,1115
Republic of South Africa,2024,July,870
Republic of South Africa,2024,August,530
Republic of South Africa,2024,September,445
Republic of South Africa,2024,October,485
Republic of South Africa,2024,November,665
Republic of South Africa,2024,December,615
Republic of South Africa,2024,Total,9965
Republic of South Africa,2025,January,740
Republic of South Africa,2025,February,785
Republic of South Africa,2025,March,1185
Republic of South Africa,2025,April,685
Republic of South Africa,2025,May,950
Republic of South Africa,2025,June,2555
Republic of South Africa,2025,July,630
Republic of South Africa,2025,August,775
Republic of South Africa,2025,September,675
Republic of South Africa,2025,October,740
Republic of South Africa,2025,November,690
Republic of South Africa,2025,December,370
Republic of South Africa,2025,Total,10775
Republic of South Africa,2026,January,470
Republic of South Africa,2026,February,665
Republic of South Africa,2026,March,785
Republic of South Africa,2026,April,1005
Republic of South Africa,2026,May,855
Republic of South Africa,2026,Total,3775
Republic of The Marshall Islands,2023,January,0
Republic of The Marshall Islands,2023,February,
Republic of The Marshall Islands,2023,March,
Republic of The Marshall Islands,2023,April,
Republic of The Marshall Islands,2023,May,0
Republic of The Marshall Islands,2023,June,
Republic of The Marshall Islands,2023,July,5
Republic of The Marshall Islands,2023,August,0
Republic of The Marshall Islands,2023,September,0
Republic of The Marshall Islands,2023,October,0
Republic of The Marshall Islands,2023,November,
Republic of The Marshall Islands,2023,December,0
Republic of The Marshall Islands,2023,Total,15
Republic of The Marshall Islands,2024,January,
Republic of The Marshall Islands,2024,February,
Republic of The Marshall Islands,2024,March,
Republic of The Marshall Islands,2024,April,0
Republic of The Marshall Islands,2024,May,0
Republic of The Marshall Islands,2024,June,0
Republic of The Marshall Islands,2024,July,
Republic of The Marshall Islands,2024,August,
Republic of The Marshall Islands,2024,September,
Republic of The Marshall Islands,2024,October,0
Republic of The Marshall Islands,2024,November,
Republic of The Marshall Islands,2024,December,
Republic of The Marshall Islands,2024,Total,15
Republic of The Marshall Islands,2025,January,
Republic of The Marshall Islands,2025,February,0
Republic of The Marshall Islands,2025,March,
Republic of The Marshall Islands,2025,April,0
Republic of The Marshall Islands,2025,May,
Republic of The Marshall Islands,2025,June,0
Republic of The Marshall Islands,2025,July,
Republic of The Marshall Islands,2025,August,
Republic of The Marshall Islands,2025,September,
Republic of The Marshall Islands,2025,October,0
Republic of The Marshall Islands,2025,November,
Republic of The Marshall Islands,2025,December,
Republic of The Marshall Islands,2025,Total,15
Republic of The Marshall Islands,2026,January,
Republic of The Marshall Islands,2026,February,
Republic of The Marshall Islands,2026,March,
Republic of The Marshall Islands,2026,April,0
Republic of The Marshall Islands,2026,May,
Republic of The Marshall Islands,2026,Total,10
Republic of the Niger,2023,January,60
Republic of the Niger,2023,February,80
Republic of the Niger,2023,March,95
Republic of the Niger,2023,April,185
Republic of the Niger,2023,May,145
Republic of the Niger,2023,June,110
Republic of the Niger,2023,July,110
Republic of the Niger,2023,August,100
Republic of the Niger,2023,September,80
Republic of the Niger,2023,October,100
Republic of the Niger,2023,November,105
Republic of the Niger,2023,December,80
Republic of the Niger,2023,Total,1240
Republic of the Niger,2024,January,75
Republic of the Niger,2024,February,55
Republic of the Niger,2024,March,85
Republic of the Niger,2024,April,80
Republic of the Niger,2024,May,130
Republic of the Niger,2024,June,85
Republic of the Niger,2024,July,110
Republic of the Niger,2024,August,90
Republic of the Niger,2024,September,60
Republic of the Niger,2024,October,90
Republic of the Niger,2024,November,85
Republic of the Niger,2024,December,85
Republic of the Niger,2024,Total,1030
Republic of the Niger,2025,January,90
Republic of the Niger,2025,February,40
Republic of the Niger,2025,March,75
Republic of the Niger,2025,April,70
Republic of the Niger,2025,May,65
Republic of the Niger,2025,June,85
Republic of the Niger,2025,July,95
Republic of the Niger,2025,August,95
Republic of the Niger,2025,September,135
Republic of the Niger,2025,October,90
Republic of the Niger,2025,November,125
Republic of the Niger,2025,December,80
Republic of the Niger,2025,Total,1040
Republic of the Niger,2026,January,90
Republic of the Niger,2026,February,145
Republic of the Niger,2026,March,100
Republic of the Niger,2026,April,95
Republic of the Niger,2026,May,90
Republic of the Niger,2026,Total,515
Reunion,2023,January,0
Reunion,2023,February,0
Reunion,2023,March,0
Reunion,2023,April,
Reunion,2023,May,0
Reunion,2023,June,0
Reunion,2023,July,0
Reunion,2023,August,0
Reunion,2023,September,0
Reunion,2023,October,0
Reunion,2023,November,0
Reunion,2023,December,0
Reunion,2023,Total,
Reunion,2024,January,0
Reunion,2024,February,0
Reunion,2024,March,0
Reunion,2024,April,0
Reunion,2024,May,0
Reunion,2024,June,0
Reunion,2024,July,0
Reunion,2024,August,0
Reunion,2024,September,0
Reunion,2024,October,0
Reunion,2024,November,0
Reunion,2024,December,0
Reunion,2024,Total,0
Reunion,2025,January,0
Reunion,2025,February,0
Reunion,2025,March,0
Reunion,2025,April,0
Reunion,2025,May,0
Reunion,2025,June,0
Reunion,2025,July,0
Reunion,2025,August,0
Reunion,2025,September,0
Reunion,2025,October,0
Reunion,2025,November,0
Reunion,2025,December,0
Reunion,2025,Total,0
Reunion,2026,January,0
Reunion,2026,February,0
Reunion,2026,March,0
Reunion,2026,April,0
Reunion,2026,May,0
Reunion,2026,Total,0
Romania,2023,January,195
Romania,2023,February,150
Romania,2023,March,220
Romania,2023,April,180
Romania,2023,May,180
Romania,2023,June,185
Romania,2023,July,160
Romania,2023,August,145
Romania,2023,September,140
Romania,2023,October,145
Romania,2023,November,145
Romania,2023,December,130
Romania,2023,Total,1975
Romania,2024,January,135
Romania,2024,February,205
Romania,2024,March,170
Romania,2024,April,130
Romania,2024,May,210
Romania,2024,June,175
Romania,2024,July,150
Romania,2024,August,100
Romania,2024,September,145
Romania,2024,October,200
Romania,2024,November,200
Romania,2024,December,165
Romania,2024,Total,1985
Romania,2025,January,225
Romania,2025,February,125
Romania,2025,March,240
Romania,2025,April,115
Romania,2025,May,120
Romania,2025,June,80
Romania,2025,July,115
Romania,2025,August,155
Romania,2025,September,135
Romania,2025,October,90
Romania,2025,November,230
Romania,2025,December,120
Romania,2025,Total,1745
Romania,2026,January,90
Romania,2026,February,125
Romania,2026,March,130
Romania,2026,April,65
Romania,2026,May,90
Romania,2026,Total,500
Russia,2023,January,1825
Russia,2023,February,1265
Russia,2023,March,1295
Russia,2023,April,910
Russia,2023,May,2215
Russia,2023,June,1925
Russia,2023,July,1315
Russia,2023,August,1160
Russia,2023,September,1155
Russia,2023,October,1775
Russia,2023,November,1990
Russia,2023,December,2045
Russia,2023,Total,18875
Russia,2024,January,2370
Russia,2024,February,1150
Russia,2024,March,955
Russia,2024,April,1645
Russia,2024,May,1325
Russia,2024,June,990
Russia,2024,July,1090
Russia,2024,August,1190
Russia,2024,September,825
Russia,2024,October,1315
Russia,2024,November,1165
Russia,2024,December,835
Russia,2024,Total,14855
Russia,2025,January,875
Russia,2025,February,1050
Russia,2025,March,1045
Russia,2025,April,1090
Russia,2025,May,1320
Russia,2025,June,895
Russia,2025,July,1050
Russia,2025,August,930
Russia,2025,September,910
Russia,2025,October,1035
Russia,2025,November,910
Russia,2025,December,895
Russia,2025,Total,11990
Russia,2026,January,895
Russia,2026,February,1170
Russia,2026,March,1205
Russia,2026,April,1345
Russia,2026,May,1275
Russia,2026,Total,5885
Rwanda,2023,January,365
Rwanda,2023,February,315
Rwanda,2023,March,345
Rwanda,2023,April,995
Rwanda,2023,May,1000
Rwanda,2023,June,1030
Rwanda,2023,July,580
Rwanda,2023,August,675
Rwanda,2023,September,880
Rwanda,2023,October,765
Rwanda,2023,November,775
Rwanda,2023,December,600
Rwanda,2023,Total,8325
Rwanda,2024,January,540
Rwanda,2024,February,705
Rwanda,2024,March,745
Rwanda,2024,April,560
Rwanda,2024,May,715
Rwanda,2024,June,430
Rwanda,2024,July,660
Rwanda,2024,August,435
Rwanda,2024,September,560
Rwanda,2024,October,405
Rwanda,2024,November,340
Rwanda,2024,December,405
Rwanda,2024,Total,6500
Rwanda,2025,January,445
Rwanda,2025,February,360
Rwanda,2025,March,390
Rwanda,2025,April,315
Rwanda,2025,May,365
Rwanda,2025,June,315
Rwanda,2025,July,285
Rwanda,2025,August,415
Rwanda,2025,September,355
Rwanda,2025,October,470
Rwanda,2025,November,505
Rwanda,2025,December,535
Rwanda,2025,Total,4745
Rwanda,2026,January,500
Rwanda,2026,February,835
Rwanda,2026,March,595
Rwanda,2026,April,465
Rwanda,2026,May,555
Rwanda,2026,Total,2955
Saint-Martin,2023,January,0
Saint-Martin,2023,February,0
Saint-Martin,2023,March,0
Saint-Martin,2023,April,
Saint-Martin,2023,May,0
Saint-Martin,2023,June,0
Saint-Martin,2023,July,0
Saint-Martin,2023,August,0
Saint-Martin,2023,September,0
Saint-Martin,2023,October,0
Saint-Martin,2023,November,0
Saint-Martin,2023,December,
Saint-Martin,2023,Total,
Saint-Martin,2024,January,0
Saint-Martin,2024,February,0
Saint-Martin,2024,March,0
Saint-Martin,2024,April,0
Saint-Martin,2024,May,0
Saint-Martin,2024,June,0
Saint-Martin,2024,July,0
Saint-Martin,2024,August,0
Saint-Martin,2024,September,
Saint-Martin,2024,October,0
Saint-Martin,2024,November,0
Saint-Martin,2024,December,0
Saint-Martin,2024,Total,
Saint-Martin,2025,January,0
Saint-Martin,2025,February,0
Saint-Martin,2025,March,0
Saint-Martin,2025,April,0
Saint-Martin,2025,May,0
Saint-Martin,2025,June,0
Saint-Martin,2025,July,0
Saint-Martin,2025,August,0
Saint-Martin,2025,September,0
Saint-Martin,2025,October,0
Saint-Martin,2025,November,0
Saint-Martin,2025,December,0
Saint-Martin,2025,Total,0
Saint-Martin,2026,January,0
Saint-Martin,2026,February,0
Saint-Martin,2026,March,0
Saint-Martin,2026,April,0
Saint-Martin,2026,May,0
Saint-Martin,2026,Total,0
"Samoa, Independent State Of",2023,January,
"Samoa, Independent State Of",2023,February,0
"Samoa, Independent State Of",2023,March,
"Samoa, Independent State Of",2023,April,0
"Samoa, Independent State Of",2023,May,
"Samoa, Independent State Of",2023,June,
"Samoa, Independent State Of",2023,July,0
"Samoa, Independent State Of",2023,August,0
"Samoa, Independent State Of",2023,September,0
"Samoa, Independent State Of",2023,October,
"Samoa, Independent State Of",2023,November,0
"Samoa, Independent State Of",2023,December,
"Samoa, Independent State Of",2023,Total,10
"Samoa, Independent State Of",2024,January,0
"Samoa, Independent State Of",2024,February,
"Samoa, Independent State Of",2024,March,0
"Samoa, Independent State Of",2024,April,
"Samoa, Independent State Of",2024,May,0
"Samoa, Independent State Of",2024,June,0
"Samoa, Independent State Of",2024,July,0
"Samoa, Independent State Of",2024,August,
"Samoa, Independent State Of",2024,September,0
"Samoa, Independent State Of",2024,October,
"Samoa, Independent State Of",2024,November,
"Samoa, Independent State Of",2024,December,0
"Samoa, Independent State Of",2024,Total,10
"Samoa, Independent State Of",2025,January,0
"Samoa, Independent State Of",2025,February,0
"Samoa, Independent State Of",2025,March,
"Samoa, Independent State Of",2025,April,
"Samoa, Independent State Of",2025,May,0
"Samoa, Independent State Of",2025,June,0
"Samoa, Independent State Of",2025,July,0
"Samoa, Independent State Of",2025,August,
"Samoa, Independent State Of",2025,September,
"Samoa, Independent State Of",2025,October,0
"Samoa, Independent State Of",2025,November,
"Samoa, Independent State Of",2025,December,0
"Samoa, Independent State Of",2025,Total,10
"Samoa, Independent State Of",2026,January,0
"Samoa, Independent State Of",2026,February,
"Samoa, Independent State Of",2026,March,
"Samoa, Independent State Of",2026,April,0
"Samoa, Independent State Of",2026,May,0
"Samoa, Independent State Of",2026,Total,
San Marino,2023,January,0
San Marino,2023,February,
San Marino,2023,March,
San Marino,2023,April,
San Marino,2023,May,
San Marino,2023,June,0
San Marino,2023,July,0
San Marino,2023,August,0
San Marino,2023,September,0
San Marino,2023,October,0
San Marino,2023,November,0
San Marino,2023,December,0
San Marino,2023,Total,5
San Marino,2024,January,
San Marino,2024,February,0
San Marino,2024,March,0
San Marino,2024,April,0
San Marino,2024,May,0
San Marino,2024,June,0
San Marino,2024,July,0
San Marino,2024,August,0
San Marino,2024,September,0
San Marino,2024,October,0
San Marino,2024,November,0
San Marino,2024,December,0
San Marino,2024,Total,
San Marino,2025,January,0
San Marino,2025,February,0
San Marino,2025,March,0
San Marino,2025,April,0
San Marino,2025,May,0
San Marino,2025,June,0
San Marino,2025,July,0
San Marino,2025,August,0
San Marino,2025,September,0
San Marino,2025,October,0
San Marino,2025,November,
San Marino,2025,December,0
San Marino,2025,Total,
San Marino,2026,January,0
San Marino,2026,February,0
San Marino,2026,March,
San Marino,2026,April,0
San Marino,2026,May,
San Marino,2026,Total,
Sao Tome and Principe,2023,January,0
Sao Tome and Principe,2023,February,0
Sao Tome and Principe,2023,March,
Sao Tome and Principe,2023,April,0
Sao Tome and Principe,2023,May,0
Sao Tome and Principe,2023,June,0
Sao Tome and Principe,2023,July,0
Sao Tome and Principe,2023,August,0
Sao Tome and Principe,2023,September,0
Sao Tome and Principe,2023,October,0
Sao Tome and Principe,2023,November,0
Sao Tome and Principe,2023,December,
Sao Tome and Principe,2023,Total,
Sao Tome and Principe,2024,January,0
Sao Tome and Principe,2024,February,
Sao Tome and Principe,2024,March,0
Sao Tome and Principe,2024,April,0
Sao Tome and Principe,2024,May,0
Sao Tome and Principe,2024,June,0
Sao Tome and Principe,2024,July,
Sao Tome and Principe,2024,August,0
Sao Tome and Principe,2024,September,
Sao Tome and Principe,2024,October,0
Sao Tome and Principe,2024,November,0
Sao Tome and Principe,2024,December,
Sao Tome and Principe,2024,Total,5
Sao Tome and Principe,2025,January,
Sao Tome and Principe,2025,February,0
Sao Tome and Principe,2025,March,0
Sao Tome and Principe,2025,April,
Sao Tome and Principe,2025,May,0
Sao Tome and Principe,2025,June,0
Sao Tome and Principe,2025,July,0
Sao Tome and Principe,2025,August,
Sao Tome and Principe,2025,September,
Sao Tome and Principe,2025,October,0
Sao Tome and Principe,2025,November,0
Sao Tome and Principe,2025,December,
Sao Tome and Principe,2025,Total,10
Sao Tome and Principe,2026,January,0
Sao Tome and Principe,2026,February,0
Sao Tome and Principe,2026,March,0
Sao Tome and Principe,2026,April,
Sao Tome and Principe,2026,May,0
Sao Tome and Principe,2026,Total,
Saudi Arabia,2023,January,395
Saudi Arabia,2023,February,750
Saudi Arabia,2023,March,745
Saudi Arabia,2023,April,465
Saudi Arabia,2023,May,825
Saudi Arabia,2023,June,725
Saudi Arabia,2023,July,575
Saudi Arabia,2023,August,710
Saudi Arabia,2023,September,715
Saudi Arabia,2023,October,385
Saudi Arabia,2023,November,640
Saudi Arabia,2023,December,415
Saudi Arabia,2023,Total,7345
Saudi Arabia,2024,January,290
Saudi Arabia,2024,February,370
Saudi Arabia,2024,March,1005
Saudi Arabia,2024,April,690
Saudi Arabia,2024,May,985
Saudi Arabia,2024,June,765
Saudi Arabia,2024,July,865
Saudi Arabia,2024,August,510
Saudi Arabia,2024,September,520
Saudi Arabia,2024,October,580
Saudi Arabia,2024,November,465
Saudi Arabia,2024,December,440
Saudi Arabia,2024,Total,7485
Saudi Arabia,2025,January,590
Saudi Arabia,2025,February,650
Saudi Arabia,2025,March,785
Saudi Arabia,2025,April,595
Saudi Arabia,2025,May,1000
Saudi Arabia,2025,June,900
Saudi Arabia,2025,July,1045
Saudi Arabia,2025,August,500
Saudi Arabia,2025,September,980
Saudi Arabia,2025,October,585
Saudi Arabia,2025,November,550
Saudi Arabia,2025,December,415
Saudi Arabia,2025,Total,8590
Saudi Arabia,2026,January,535
Saudi Arabia,2026,February,605
Saudi Arabia,2026,March,770
Saudi Arabia,2026,April,890
Saudi Arabia,2026,May,920
Saudi Arabia,2026,Total,3720
Senegal,2023,January,785
Senegal,2023,February,915
Senegal,2023,March,1255
Senegal,2023,April,3125
Senegal,2023,May,1325
Senegal,2023,June,1330
Senegal,2023,July,1190
Senegal,2023,August,1275
Senegal,2023,September,1125
Senegal,2023,October,1110
Senegal,2023,November,1225
Senegal,2023,December,960
Senegal,2023,Total,15615
Senegal,2024,January,1070
Senegal,2024,February,1090
Senegal,2024,March,1275
Senegal,2024,April,1200
Senegal,2024,May,1210
Senegal,2024,June,1070
Senegal,2024,July,1595
Senegal,2024,August,1390
Senegal,2024,September,1015
Senegal,2024,October,1285
Senegal,2024,November,1235
Senegal,2024,December,1190
Senegal,2024,Total,14620
Senegal,2025,January,1340
Senegal,2025,February,990
Senegal,2025,March,1330
Senegal,2025,April,860
Senegal,2025,May,1340
Senegal,2025,June,1025
Senegal,2025,July,835
Senegal,2025,August,1190
Senegal,2025,September,1365
Senegal,2025,October,1480
Senegal,2025,November,1530
Senegal,2025,December,1335
Senegal,2025,Total,14615
Senegal,2026,January,1140
Senegal,2026,February,1745
Senegal,2026,March,1520
Senegal,2026,April,1455
Senegal,2026,May,1655
Senegal,2026,Total,7520
"Serbia, Republic of",2023,January,255
"Serbia, Republic of",2023,February,250
"Serbia, Republic of",2023,March,230
"Serbia, Republic of",2023,April,190
"Serbia, Republic of",2023,May,555
"Serbia, Republic of",2023,June,340
"Serbia, Republic of",2023,July,410
"Serbia, Republic of",2023,August,270
"Serbia, Republic of",2023,September,165
"Serbia, Republic of",2023,October,165
"Serbia, Republic of",2023,November,210
"Serbia, Republic of",2023,December,180
"Serbia, Republic of",2023,Total,3220
"Serbia, Republic of",2024,January,165
"Serbia, Republic of",2024,February,205
"Serbia, Republic of",2024,March,200
"Serbia, Republic of",2024,April,235
"Serbia, Republic of",2024,May,145
"Serbia, Republic of",2024,June,170
"Serbia, Republic of",2024,July,175
"Serbia, Republic of",2024,August,135
"Serbia, Republic of",2024,September,155
"Serbia, Republic of",2024,October,150
"Serbia, Republic of",2024,November,100
"Serbia, Republic of",2024,December,195
"Serbia, Republic of",2024,Total,2030
"Serbia, Republic of",2025,January,155
"Serbia, Republic of",2025,February,520
"Serbia, Republic of",2025,March,540
"Serbia, Republic of",2025,April,175
"Serbia, Republic of",2025,May,200
"Serbia, Republic of",2025,June,160
"Serbia, Republic of",2025,July,350
"Serbia, Republic of",2025,August,220
"Serbia, Republic of",2025,September,185
"Serbia, Republic of",2025,October,190
"Serbia, Republic of",2025,November,135
"Serbia, Republic of",2025,December,180
"Serbia, Republic of",2025,Total,3010
"Serbia, Republic of",2026,January,235
"Serbia, Republic of",2026,February,155
"Serbia, Republic of",2026,March,290
"Serbia, Republic of",2026,April,380
"Serbia, Republic of",2026,May,340
"Serbia, Republic of",2026,Total,1400
Seychelles,2023,January,0
Seychelles,2023,February,5
Seychelles,2023,March,
Seychelles,2023,April,15
Seychelles,2023,May,5
Seychelles,2023,June,
Seychelles,2023,July,
Seychelles,2023,August,5
Seychelles,2023,September,
Seychelles,2023,October,
Seychelles,2023,November,
Seychelles,2023,December,
Seychelles,2023,Total,50
Seychelles,2024,January,
Seychelles,2024,February,
Seychelles,2024,March,
Seychelles,2024,April,
Seychelles,2024,May,0
Seychelles,2024,June,
Seychelles,2024,July,
Seychelles,2024,August,
Seychelles,2024,September,
Seychelles,2024,October,
Seychelles,2024,November,
Seychelles,2024,December,0
Seychelles,2024,Total,25
Seychelles,2025,January,
Seychelles,2025,February,0
Seychelles,2025,March,0
Seychelles,2025,April,
Seychelles,2025,May,
Seychelles,2025,June,
Seychelles,2025,July,
Seychelles,2025,August,
Seychelles,2025,September,
Seychelles,2025,October,0
Seychelles,2025,November,
Seychelles,2025,December,
Seychelles,2025,Total,20
Seychelles,2026,January,
Seychelles,2026,February,0
Seychelles,2026,March,
Seychelles,2026,April,10
Seychelles,2026,May,
Seychelles,2026,Total,15
Sierra Leone,2023,January,25
Sierra Leone,2023,February,40
Sierra Leone,2023,March,35
Sierra Leone,2023,April,125
Sierra Leone,2023,May,60
Sierra Leone,2023,June,50
Sierra Leone,2023,July,60
Sierra Leone,2023,August,75
Sierra Leone,2023,September,30
Sierra Leone,2023,October,35
Sierra Leone,2023,November,75
Sierra Leone,2023,December,45
Sierra Leone,2023,Total,650
Sierra Leone,2024,January,30
Sierra Leone,2024,February,50
Sierra Leone,2024,March,50
Sierra Leone,2024,April,50
Sierra Leone,2024,May,65
Sierra Leone,2024,June,35
Sierra Leone,2024,July,70
Sierra Leone,2024,August,35
Sierra Leone,2024,September,60
Sierra Leone,2024,October,60
Sierra Leone,2024,November,80
Sierra Leone,2024,December,55
Sierra Leone,2024,Total,645
Sierra Leone,2025,January,70
Sierra Leone,2025,February,50
Sierra Leone,2025,March,60
Sierra Leone,2025,April,30
Sierra Leone,2025,May,35
Sierra Leone,2025,June,30
Sierra Leone,2025,July,50
Sierra Leone,2025,August,95
Sierra Leone,2025,September,110
Sierra Leone,2025,October,55
Sierra Leone,2025,November,80
Sierra Leone,2025,December,65
Sierra Leone,2025,Total,725
Sierra Leone,2026,January,65
Sierra Leone,2026,February,80
Sierra Leone,2026,March,55
Sierra Leone,2026,April,90
Sierra Leone,2026,May,85
Sierra Leone,2026,Total,375
Singapore,2023,January,65
Singapore,2023,February,60
Singapore,2023,March,90
Singapore,2023,April,50
Singapore,2023,May,70
Singapore,2023,June,85
Singapore,2023,July,135
Singapore,2023,August,115
Singapore,2023,September,60
Singapore,2023,October,55
Singapore,2023,November,80
Singapore,2023,December,50
Singapore,2023,Total,920
Singapore,2024,January,60
Singapore,2024,February,55
Singapore,2024,March,60
Singapore,2024,April,65
Singapore,2024,May,80
Singapore,2024,June,50
Singapore,2024,July,90
Singapore,2024,August,105
Singapore,2024,September,30
Singapore,2024,October,65
Singapore,2024,November,80
Singapore,2024,December,55
Singapore,2024,Total,800
Singapore,2025,January,65
Singapore,2025,February,40
Singapore,2025,March,60
Singapore,2025,April,35
Singapore,2025,May,50
Singapore,2025,June,60
Singapore,2025,July,55
Singapore,2025,August,65
Singapore,2025,September,70
Singapore,2025,October,45
Singapore,2025,November,55
Singapore,2025,December,55
Singapore,2025,Total,645
Singapore,2026,January,45
Singapore,2026,February,70
Singapore,2026,March,75
Singapore,2026,April,50
Singapore,2026,May,75
Singapore,2026,Total,310
Sint-Maarten,2023,January,0
Sint-Maarten,2023,February,0
Sint-Maarten,2023,March,
Sint-Maarten,2023,April,0
Sint-Maarten,2023,May,0
Sint-Maarten,2023,June,0
Sint-Maarten,2023,July,
Sint-Maarten,2023,August,0
Sint-Maarten,2023,September,0
Sint-Maarten,2023,October,0
Sint-Maarten,2023,November,
Sint-Maarten,2023,December,0
Sint-Maarten,2023,Total,
Sint-Maarten,2024,January,0
Sint-Maarten,2024,February,
Sint-Maarten,2024,March,0
Sint-Maarten,2024,April,0
Sint-Maarten,2024,May,0
Sint-Maarten,2024,June,
Sint-Maarten,2024,July,0
Sint-Maarten,2024,August,0
Sint-Maarten,2024,September,0
Sint-Maarten,2024,October,0
Sint-Maarten,2024,November,0
Sint-Maarten,2024,December,
Sint-Maarten,2024,Total,
Sint-Maarten,2025,January,0
Sint-Maarten,2025,February,0
Sint-Maarten,2025,March,
Sint-Maarten,2025,April,0
Sint-Maarten,2025,May,0
Sint-Maarten,2025,June,0
Sint-Maarten,2025,July,
Sint-Maarten,2025,August,0
Sint-Maarten,2025,September,0
Sint-Maarten,2025,October,0
Sint-Maarten,2025,November,0
Sint-Maarten,2025,December,0
Sint-Maarten,2025,Total,
Sint-Maarten,2026,January,
Sint-Maarten,2026,February,0
Sint-Maarten,2026,March,0
Sint-Maarten,2026,April,0
Sint-Maarten,2026,May,0
Sint-Maarten,2026,Total,
Slovak Republic,2023,January,45
Slovak Republic,2023,February,80
Slovak Republic,2023,March,120
Slovak Republic,2023,April,45
Slovak Republic,2023,May,100
Slovak Republic,2023,June,110
Slovak Republic,2023,July,75
Slovak Republic,2023,August,65
Slovak Republic,2023,September,60
Slovak Republic,2023,October,65
Slovak Republic,2023,November,55
Slovak Republic,2023,December,35
Slovak Republic,2023,Total,850
Slovak Republic,2024,January,40
Slovak Republic,2024,February,70
Slovak Republic,2024,March,105
Slovak Republic,2024,April,95
Slovak Republic,2024,May,90
Slovak Republic,2024,June,60
Slovak Republic,2024,July,65
Slovak Republic,2024,August,75
Slovak Republic,2024,September,40
Slovak Republic,2024,October,50
Slovak Republic,2024,November,45
Slovak Republic,2024,December,35
Slovak Republic,2024,Total,775
Slovak Republic,2025,January,45
Slovak Republic,2025,February,75
Slovak Republic,2025,March,95
Slovak Republic,2025,April,60
Slovak Republic,2025,May,75
Slovak Republic,2025,June,40
Slovak Republic,2025,July,40
Slovak Republic,2025,August,110
Slovak Republic,2025,September,45
Slovak Republic,2025,October,55
Slovak Republic,2025,November,55
Slovak Republic,2025,December,20
Slovak Republic,2025,Total,715
Slovak Republic,2026,January,45
Slovak Republic,2026,February,50
Slovak Republic,2026,March,85
Slovak Republic,2026,April,105
Slovak Republic,2026,May,85
Slovak Republic,2026,Total,370
Slovenia,2023,January,15
Slovenia,2023,February,
Slovenia,2023,March,15
Slovenia,2023,April,5
Slovenia,2023,May,10
Slovenia,2023,June,15
Slovenia,2023,July,10
Slovenia,2023,August,5
Slovenia,2023,September,10
Slovenia,2023,October,15
Slovenia,2023,November,5
Slovenia,2023,December,10
Slovenia,2023,Total,125
Slovenia,2024,January,5
Slovenia,2024,February,
Slovenia,2024,March,10
Slovenia,2024,April,5
Slovenia,2024,May,15
Slovenia,2024,June,5
Slovenia,2024,July,20
Slovenia,2024,August,15
Slovenia,2024,September,5
Slovenia,2024,October,10
Slovenia,2024,November,5
Slovenia,2024,December,
Slovenia,2024,Total,105
Slovenia,2025,January,5
Slovenia,2025,February,5
Slovenia,2025,March,5
Slovenia,2025,April,10
Slovenia,2025,May,5
Slovenia,2025,June,
Slovenia,2025,July,10
Slovenia,2025,August,5
Slovenia,2025,September,
Slovenia,2025,October,15
Slovenia,2025,November,5
Slovenia,2025,December,
Slovenia,2025,Total,75
Slovenia,2026,January,5
Slovenia,2026,February,10
Slovenia,2026,March,5
Slovenia,2026,April,10
Slovenia,2026,May,20
Slovenia,2026,Total,50
Socialist Republic of Vietnam,2023,January,4085
Socialist Republic of Vietnam,2023,February,5370
Socialist Republic of Vietnam,2023,March,7865
Socialist Republic of Vietnam,2023,April,3460
Socialist Republic of Vietnam,2023,May,9035
Socialist Republic of Vietnam,2023,June,7165
Socialist Republic of Vietnam,2023,July,5640
Socialist Republic of Vietnam,2023,August,5690
Socialist Republic of Vietnam,2023,September,5935
Socialist Republic of Vietnam,2023,October,5040
Socialist Republic of Vietnam,2023,November,6280
Socialist Republic of Vietnam,2023,December,4530
Socialist Republic of Vietnam,2023,Total,70100
Socialist Republic of Vietnam,2024,January,5445
Socialist Republic of Vietnam,2024,February,4975
Socialist Republic of Vietnam,2024,March,4480
Socialist Republic of Vietnam,2024,April,4570
Socialist Republic of Vietnam,2024,May,5670
Socialist Republic of Vietnam,2024,June,4870
Socialist Republic of Vietnam,2024,July,5160
Socialist Republic of Vietnam,2024,August,3900
Socialist Republic of Vietnam,2024,September,4075
Socialist Republic of Vietnam,2024,October,4630
Socialist Republic of Vietnam,2024,November,3860
Socialist Republic of Vietnam,2024,December,4725
Socialist Republic of Vietnam,2024,Total,56365
Socialist Republic of Vietnam,2025,January,4380
Socialist Republic of Vietnam,2025,February,3960
Socialist Republic of Vietnam,2025,March,4815
Socialist Republic of Vietnam,2025,April,3850
Socialist Republic of Vietnam,2025,May,3475
Socialist Republic of Vietnam,2025,June,2765
Socialist Republic of Vietnam,2025,July,3590
Socialist Republic of Vietnam,2025,August,3495
Socialist Republic of Vietnam,2025,September,3925
Socialist Republic of Vietnam,2025,October,4135
Socialist Republic of Vietnam,2025,November,4485
Socialist Republic of Vietnam,2025,December,3730
Socialist Republic of Vietnam,2025,Total,46600
Socialist Republic of Vietnam,2026,January,3430
Socialist Republic of Vietnam,2026,February,3595
Socialist Republic of Vietnam,2026,March,3405
Socialist Republic of Vietnam,2026,April,4195
Socialist Republic of Vietnam,2026,May,4305
Socialist Republic of Vietnam,2026,Total,18930
"Solomons, The",2023,January,
"Solomons, The",2023,February,
"Solomons, The",2023,March,5
"Solomons, The",2023,April,0
"Solomons, The",2023,May,
"Solomons, The",2023,June,5
"Solomons, The",2023,July,
"Solomons, The",2023,August,
"Solomons, The",2023,September,
"Solomons, The",2023,October,5
"Solomons, The",2023,November,
"Solomons, The",2023,December,
"Solomons, The",2023,Total,35
"Solomons, The",2024,January,
"Solomons, The",2024,February,
"Solomons, The",2024,March,
"Solomons, The",2024,April,0
"Solomons, The",2024,May,
"Solomons, The",2024,June,
"Solomons, The",2024,July,
"Solomons, The",2024,August,0
"Solomons, The",2024,September,
"Solomons, The",2024,October,
"Solomons, The",2024,November,
"Solomons, The",2024,December,
"Solomons, The",2024,Total,15
"Solomons, The",2025,January,
"Solomons, The",2025,February,
"Solomons, The",2025,March,
"Solomons, The",2025,April,
"Solomons, The",2025,May,
"Solomons, The",2025,June,0
"Solomons, The",2025,July,
"Solomons, The",2025,August,
"Solomons, The",2025,September,0
"Solomons, The",2025,October,
"Solomons, The",2025,November,
"Solomons, The",2025,December,
"Solomons, The",2025,Total,20
"Solomons, The",2026,January,
"Solomons, The",2026,February,
"Solomons, The",2026,March,
"Solomons, The",2026,April,
"Solomons, The",2026,May,0
"Solomons, The",2026,Total,5
"Somalia, Democratic Republic of",2023,January,85
"Somalia, Democratic Republic of",2023,February,65
"Somalia, Democratic Republic of",2023,March,60
"Somalia, Democratic Republic of",2023,April,35
"Somalia, Democratic Republic of",2023,May,60
"Somalia, Democratic Republic of",2023,June,30
"Somalia, Democratic Republic of",2023,July,35
"Somalia, Democratic Republic of",2023,August,40
"Somalia, Democratic Republic of",2023,September,65
"Somalia, Democratic Republic of",2023,October,90
"Somalia, Democratic Republic of",2023,November,100
"Somalia, Democratic Republic of",2023,December,55
"Somalia, Democratic Republic of",2023,Total,720
"Somalia, Democratic Republic of",2024,January,80
"Somalia, Democratic Republic of",2024,February,65
"Somalia, Democratic Republic of",2024,March,75
"Somalia, Democratic Republic of",2024,April,45
"Somalia, Democratic Republic of",2024,May,45
"Somalia, Democratic Republic of",2024,June,60
"Somalia, Democratic Republic of",2024,July,40
"Somalia, Democratic Republic of",2024,August,35
"Somalia, Democratic Republic of",2024,September,50
"Somalia, Democratic Republic of",2024,October,35
"Somalia, Democratic Republic of",2024,November,35
"Somalia, Democratic Republic of",2024,December,75
"Somalia, Democratic Republic of",2024,Total,645
"Somalia, Democratic Republic of",2025,January,120
"Somalia, Democratic Republic of",2025,February,95
"Somalia, Democratic Republic of",2025,March,70
"Somalia, Democratic Republic of",2025,April,55
"Somalia, Democratic Republic of",2025,May,55
"Somalia, Democratic Republic of",2025,June,35
"Somalia, Democratic Republic of",2025,July,30
"Somalia, Democratic Republic of",2025,August,60
"Somalia, Democratic Republic of",2025,September,50
"Somalia, Democratic Republic of",2025,October,50
"Somalia, Democratic Republic of",2025,November,50
"Somalia, Democratic Republic of",2025,December,80
"Somalia, Democratic Republic of",2025,Total,755
"Somalia, Democratic Republic of",2026,January,65
"Somalia, Democratic Republic of",2026,February,135
"Somalia, Democratic Republic of",2026,March,90
"Somalia, Democratic Republic of",2026,April,30
"Somalia, Democratic Republic of",2026,May,50
"Somalia, Democratic Republic of",2026,Total,375
"South Sudan, Republic Of",2023,January,5
"South Sudan, Republic Of",2023,February,5
"South Sudan, Republic Of",2023,March,10
"South Sudan, Republic Of",2023,April,35
"South Sudan, Republic Of",2023,May,5
"South Sudan, Republic Of",2023,June,15
"South Sudan, Republic Of",2023,July,10
"South Sudan, Republic Of",2023,August,5
"South Sudan, Republic Of",2023,September,10
"South Sudan, Republic Of",2023,October,10
"South Sudan, Republic Of",2023,November,10
"South Sudan, Republic Of",2023,December,5
"South Sudan, Republic Of",2023,Total,130
"South Sudan, Republic Of",2024,January,5
"South Sudan, Republic Of",2024,February,5
"South Sudan, Republic Of",2024,March,10
"South Sudan, Republic Of",2024,April,10
"South Sudan, Republic Of",2024,May,20
"South Sudan, Republic Of",2024,June,10
"South Sudan, Republic Of",2024,July,20
"South Sudan, Republic Of",2024,August,10
"South Sudan, Republic Of",2024,September,5
"South Sudan, Republic Of",2024,October,10
"South Sudan, Republic Of",2024,November,10
"South Sudan, Republic Of",2024,December,5
"South Sudan, Republic Of",2024,Total,125
"South Sudan, Republic Of",2025,January,10
"South Sudan, Republic Of",2025,February,10
"South Sudan, Republic Of",2025,March,10
"South Sudan, Republic Of",2025,April,10
"South Sudan, Republic Of",2025,May,10
"South Sudan, Republic Of",2025,June,
"South Sudan, Republic Of",2025,July,15
"South Sudan, Republic Of",2025,August,10
"South Sudan, Republic Of",2025,September,10
"South Sudan, Republic Of",2025,October,10
"South Sudan, Republic Of",2025,November,5
"South Sudan, Republic Of",2025,December,10
"South Sudan, Republic Of",2025,Total,120
"South Sudan, Republic Of",2026,January,10
"South Sudan, Republic Of",2026,February,20
"South Sudan, Republic Of",2026,March,10
"South Sudan, Republic Of",2026,April,10
"South Sudan, Republic Of",2026,May,10
"South Sudan, Republic Of",2026,Total,55
Spain,2023,January,320
Spain,2023,February,435
Spain,2023,March,630
Spain,2023,April,450
Spain,2023,May,975
Spain,2023,June,955
Spain,2023,July,620
Spain,2023,August,440
Spain,2023,September,315
Spain,2023,October,390
Spain,2023,November,360
Spain,2023,December,215
Spain,2023,Total,6100
Spain,2024,January,345
Spain,2024,February,395
Spain,2024,March,380
Spain,2024,April,680
Spain,2024,May,760
Spain,2024,June,435
Spain,2024,July,530
Spain,2024,August,510
Spain,2024,September,195
Spain,2024,October,285
Spain,2024,November,215
Spain,2024,December,285
Spain,2024,Total,5015
Spain,2025,January,350
Spain,2025,February,480
Spain,2025,March,510
Spain,2025,April,535
Spain,2025,May,425
Spain,2025,June,335
Spain,2025,July,355
Spain,2025,August,930
Spain,2025,September,235
Spain,2025,October,220
Spain,2025,November,205
Spain,2025,December,215
Spain,2025,Total,4795
Spain,2026,January,260
Spain,2026,February,420
Spain,2026,March,655
Spain,2026,April,875
Spain,2026,May,600
Spain,2026,Total,2805
Sri Lanka,2023,January,1570
Sri Lanka,2023,February,1460
Sri Lanka,2023,March,2635
Sri Lanka,2023,April,3105
Sri Lanka,2023,May,2670
Sri Lanka,2023,June,2855
Sri Lanka,2023,July,2780
Sri Lanka,2023,August,3475
Sri Lanka,2023,September,3145
Sri Lanka,2023,October,3810
Sri Lanka,2023,November,3685
Sri Lanka,2023,December,3970
Sri Lanka,2023,Total,35165
Sri Lanka,2024,January,5120
Sri Lanka,2024,February,4055
Sri Lanka,2024,March,3060
Sri Lanka,2024,April,3260
Sri Lanka,2024,May,2670
Sri Lanka,2024,June,3275
Sri Lanka,2024,July,3555
Sri Lanka,2024,August,2720
Sri Lanka,2024,September,2590
Sri Lanka,2024,October,3500
Sri Lanka,2024,November,2455
Sri Lanka,2024,December,2235
Sri Lanka,2024,Total,38490
Sri Lanka,2025,January,2790
Sri Lanka,2025,February,2025
Sri Lanka,2025,March,2445
Sri Lanka,2025,April,1940
Sri Lanka,2025,May,2125
Sri Lanka,2025,June,1885
Sri Lanka,2025,July,1765
Sri Lanka,2025,August,1680
Sri Lanka,2025,September,1755
Sri Lanka,2025,October,1615
Sri Lanka,2025,November,1975
Sri Lanka,2025,December,1870
Sri Lanka,2025,Total,23865
Sri Lanka,2026,January,2135
Sri Lanka,2026,February,2375
Sri Lanka,2026,March,2685
Sri Lanka,2026,April,1905
Sri Lanka,2026,May,2670
Sri Lanka,2026,Total,11775
St. Kitts-Nevis,2023,January,160
St. Kitts-Nevis,2023,February,70
St. Kitts-Nevis,2023,March,70
St. Kitts-Nevis,2023,April,110
St. Kitts-Nevis,2023,May,90
St. Kitts-Nevis,2023,June,55
St. Kitts-Nevis,2023,July,60
St. Kitts-Nevis,2023,August,40
St. Kitts-Nevis,2023,September,45
St. Kitts-Nevis,2023,October,40
St. Kitts-Nevis,2023,November,45
St. Kitts-Nevis,2023,December,5
St. Kitts-Nevis,2023,Total,795
St. Kitts-Nevis,2024,January,40
St. Kitts-Nevis,2024,February,25
St. Kitts-Nevis,2024,March,45
St. Kitts-Nevis,2024,April,30
St. Kitts-Nevis,2024,May,30
St. Kitts-Nevis,2024,June,20
St. Kitts-Nevis,2024,July,20
St. Kitts-Nevis,2024,August,20
St. Kitts-Nevis,2024,September,25
St. Kitts-Nevis,2024,October,30
St. Kitts-Nevis,2024,November,15
St. Kitts-Nevis,2024,December,20
St. Kitts-Nevis,2024,Total,320
St. Kitts-Nevis,2025,January,25
St. Kitts-Nevis,2025,February,25
St. Kitts-Nevis,2025,March,15
St. Kitts-Nevis,2025,April,20
St. Kitts-Nevis,2025,May,10
St. Kitts-Nevis,2025,June,20
St. Kitts-Nevis,2025,July,30
St. Kitts-Nevis,2025,August,30
St. Kitts-Nevis,2025,September,30
St. Kitts-Nevis,2025,October,20
St. Kitts-Nevis,2025,November,15
St. Kitts-Nevis,2025,December,35
St. Kitts-Nevis,2025,Total,275
St. Kitts-Nevis,2026,January,20
St. Kitts-Nevis,2026,February,35
St. Kitts-Nevis,2026,March,25
St. Kitts-Nevis,2026,April,25
St. Kitts-Nevis,2026,May,30
St. Kitts-Nevis,2026,Total,130
St. Lucia,2023,January,175
St. Lucia,2023,February,180
St. Lucia,2023,March,165
St. Lucia,2023,April,165
St. Lucia,2023,May,235
St. Lucia,2023,June,220
St. Lucia,2023,July,130
St. Lucia,2023,August,105
St. Lucia,2023,September,95
St. Lucia,2023,October,75
St. Lucia,2023,November,65
St. Lucia,2023,December,50
St. Lucia,2023,Total,1665
St. Lucia,2024,January,70
St. Lucia,2024,February,90
St. Lucia,2024,March,95
St. Lucia,2024,April,115
St. Lucia,2024,May,95
St. Lucia,2024,June,55
St. Lucia,2024,July,70
St. Lucia,2024,August,65
St. Lucia,2024,September,80
St. Lucia,2024,October,105
St. Lucia,2024,November,65
St. Lucia,2024,December,95
St. Lucia,2024,Total,1005
St. Lucia,2025,January,50
St. Lucia,2025,February,60
St. Lucia,2025,March,105
St. Lucia,2025,April,95
St. Lucia,2025,May,70
St. Lucia,2025,June,75
St. Lucia,2025,July,30
St. Lucia,2025,August,70
St. Lucia,2025,September,70
St. Lucia,2025,October,55
St. Lucia,2025,November,45
St. Lucia,2025,December,80
St. Lucia,2025,Total,805
St. Lucia,2026,January,55
St. Lucia,2026,February,65
St. Lucia,2026,March,110
St. Lucia,2026,April,80
St. Lucia,2026,May,75
St. Lucia,2026,Total,385
St. Vincent and the Grenadines,2023,January,165
St. Vincent and the Grenadines,2023,February,140
St. Vincent and the Grenadines,2023,March,95
St. Vincent and the Grenadines,2023,April,105
St. Vincent and the Grenadines,2023,May,165
St. Vincent and the Grenadines,2023,June,175
St. Vincent and the Grenadines,2023,July,75
St. Vincent and the Grenadines,2023,August,95
St. Vincent and the Grenadines,2023,September,90
St. Vincent and the Grenadines,2023,October,60
St. Vincent and the Grenadines,2023,November,50
St. Vincent and the Grenadines,2023,December,40
St. Vincent and the Grenadines,2023,Total,1260
St. Vincent and the Grenadines,2024,January,75
St. Vincent and the Grenadines,2024,February,120
St. Vincent and the Grenadines,2024,March,75
St. Vincent and the Grenadines,2024,April,140
St. Vincent and the Grenadines,2024,May,70
St. Vincent and the Grenadines,2024,June,40
St. Vincent and the Grenadines,2024,July,50
St. Vincent and the Grenadines,2024,August,40
St. Vincent and the Grenadines,2024,September,65
St. Vincent and the Grenadines,2024,October,80
St. Vincent and the Grenadines,2024,November,35
St. Vincent and the Grenadines,2024,December,60
St. Vincent and the Grenadines,2024,Total,845
St. Vincent and the Grenadines,2025,January,70
St. Vincent and the Grenadines,2025,February,90
St. Vincent and the Grenadines,2025,March,70
St. Vincent and the Grenadines,2025,April,80
St. Vincent and the Grenadines,2025,May,110
St. Vincent and the Grenadines,2025,June,90
St. Vincent and the Grenadines,2025,July,55
St. Vincent and the Grenadines,2025,August,50
St. Vincent and the Grenadines,2025,September,30
St. Vincent and the Grenadines,2025,October,40
St. Vincent and the Grenadines,2025,November,35
St. Vincent and the Grenadines,2025,December,30
St. Vincent and the Grenadines,2025,Total,750
St. Vincent and the Grenadines,2026,January,55
St. Vincent and the Grenadines,2026,February,55
St. Vincent and the Grenadines,2026,March,125
St. Vincent and the Grenadines,2026,April,95
St. Vincent and the Grenadines,2026,May,90
St. Vincent and the Grenadines,2026,Total,425
Stateless,2023,January,85
Stateless,2023,February,145
Stateless,2023,March,125
Stateless,2023,April,260
Stateless,2023,May,190
Stateless,2023,June,145
Stateless,2023,July,155
Stateless,2023,August,130
Stateless,2023,September,100
Stateless,2023,October,95
Stateless,2023,November,175
Stateless,2023,December,80
Stateless,2023,Total,1690
Stateless,2024,January,95
Stateless,2024,February,120
Stateless,2024,March,70
Stateless,2024,April,90
Stateless,2024,May,145
Stateless,2024,June,120
Stateless,2024,July,150
Stateless,2024,August,135
Stateless,2024,September,115
Stateless,2024,October,120
Stateless,2024,November,115
Stateless,2024,December,125
Stateless,2024,Total,1405
Stateless,2025,January,100
Stateless,2025,February,80
Stateless,2025,March,95
Stateless,2025,April,95
Stateless,2025,May,95
Stateless,2025,June,80
Stateless,2025,July,105
Stateless,2025,August,80
Stateless,2025,September,90
Stateless,2025,October,100
Stateless,2025,November,90
Stateless,2025,December,80
Stateless,2025,Total,1090
Stateless,2026,January,70
Stateless,2026,February,95
Stateless,2026,March,95
Stateless,2026,April,95
Stateless,2026,May,80
Stateless,2026,Total,430
Surinam,2023,January,20
Surinam,2023,February,20
Surinam,2023,March,25
Surinam,2023,April,70
Surinam,2023,May,20
Surinam,2023,June,35
Surinam,2023,July,25
Surinam,2023,August,35
Surinam,2023,September,20
Surinam,2023,October,20
Surinam,2023,November,45
Surinam,2023,December,15
Surinam,2023,Total,340
Surinam,2024,January,20
Surinam,2024,February,30
Surinam,2024,March,20
Surinam,2024,April,30
Surinam,2024,May,5
Surinam,2024,June,40
Surinam,2024,July,15
Surinam,2024,August,25
Surinam,2024,September,45
Surinam,2024,October,45
Surinam,2024,November,25
Surinam,2024,December,15
Surinam,2024,Total,315
Surinam,2025,January,60
Surinam,2025,February,20
Surinam,2025,March,10
Surinam,2025,April,5
Surinam,2025,May,10
Surinam,2025,June,45
Surinam,2025,July,25
Surinam,2025,August,10
Surinam,2025,September,15
Surinam,2025,October,15
Surinam,2025,November,20
Surinam,2025,December,10
Surinam,2025,Total,245
Surinam,2026,January,25
Surinam,2026,February,10
Surinam,2026,March,40
Surinam,2026,April,40
Surinam,2026,May,25
Surinam,2026,Total,145
Swaziland,2023,January,
Swaziland,2023,February,5
Swaziland,2023,March,10
Swaziland,2023,April,15
Swaziland,2023,May,10
Swaziland,2023,June,10
Swaziland,2023,July,10
Swaziland,2023,August,10
Swaziland,2023,September,5
Swaziland,2023,October,10
Swaziland,2023,November,10
Swaziland,2023,December,15
Swaziland,2023,Total,120
Swaziland,2024,January,
Swaziland,2024,February,
Swaziland,2024,March,10
Swaziland,2024,April,
Swaziland,2024,May,10
Swaziland,2024,June,15
Swaziland,2024,July,10
Swaziland,2024,August,10
Swaziland,2024,September,5
Swaziland,2024,October,5
Swaziland,2024,November,5
Swaziland,2024,December,
Swaziland,2024,Total,85
Swaziland,2025,January,20
Swaziland,2025,February,10
Swaziland,2025,March,10
Swaziland,2025,April,10
Swaziland,2025,May,
Swaziland,2025,June,5
Swaziland,2025,July,10
Swaziland,2025,August,15
Swaziland,2025,September,5
Swaziland,2025,October,5
Swaziland,2025,November,
Swaziland,2025,December,5
Swaziland,2025,Total,105
Swaziland,2026,January,
Swaziland,2026,February,
Swaziland,2026,March,10
Swaziland,2026,April,5
Swaziland,2026,May,
Swaziland,2026,Total,25
Sweden,2023,January,45
Sweden,2023,February,60
Sweden,2023,March,85
Sweden,2023,April,45
Sweden,2023,May,150
Sweden,2023,June,125
Sweden,2023,July,95
Sweden,2023,August,105
Sweden,2023,September,90
Sweden,2023,October,85
Sweden,2023,November,75
Sweden,2023,December,35
Sweden,2023,Total,995
Sweden,2024,January,60
Sweden,2024,February,80
Sweden,2024,March,70
Sweden,2024,April,80
Sweden,2024,May,85
Sweden,2024,June,105
Sweden,2024,July,95
Sweden,2024,August,90
Sweden,2024,September,50
Sweden,2024,October,70
Sweden,2024,November,55
Sweden,2024,December,60
Sweden,2024,Total,900
Sweden,2025,January,60
Sweden,2025,February,70
Sweden,2025,March,90
Sweden,2025,April,95
Sweden,2025,May,75
Sweden,2025,June,65
Sweden,2025,July,75
Sweden,2025,August,100
Sweden,2025,September,70
Sweden,2025,October,60
Sweden,2025,November,80
Sweden,2025,December,45
Sweden,2025,Total,880
Sweden,2026,January,40
Sweden,2026,February,40
Sweden,2026,March,70
Sweden,2026,April,105
Sweden,2026,May,100
Sweden,2026,Total,355
Switzerland,2023,January,100
Switzerland,2023,February,100
Switzerland,2023,March,160
Switzerland,2023,April,90
Switzerland,2023,May,185
Switzerland,2023,June,220
Switzerland,2023,July,210
Switzerland,2023,August,135
Switzerland,2023,September,75
Switzerland,2023,October,75
Switzerland,2023,November,60
Switzerland,2023,December,85
Switzerland,2023,Total,1500
Switzerland,2024,January,85
Switzerland,2024,February,95
Switzerland,2024,March,105
Switzerland,2024,April,125
Switzerland,2024,May,150
Switzerland,2024,June,135
Switzerland,2024,July,155
Switzerland,2024,August,155
Switzerland,2024,September,95
Switzerland,2024,October,85
Switzerland,2024,November,65
Switzerland,2024,December,85
Switzerland,2024,Total,1340
Switzerland,2025,January,95
Switzerland,2025,February,105
Switzerland,2025,March,100
Switzerland,2025,April,120
Switzerland,2025,May,95
Switzerland,2025,June,80
Switzerland,2025,July,120
Switzerland,2025,August,245
Switzerland,2025,September,65
Switzerland,2025,October,85
Switzerland,2025,November,55
Switzerland,2025,December,60
Switzerland,2025,Total,1225
Switzerland,2026,January,70
Switzerland,2026,February,80
Switzerland,2026,March,125
Switzerland,2026,April,165
Switzerland,2026,May,185
Switzerland,2026,Total,630
Syria,2023,January,205
Syria,2023,February,300
Syria,2023,March,465
Syria,2023,April,810
Syria,2023,May,435
Syria,2023,June,560
Syria,2023,July,480
Syria,2023,August,510
Syria,2023,September,350
Syria,2023,October,485
Syria,2023,November,460
Syria,2023,December,410
Syria,2023,Total,5475
Syria,2024,January,355
Syria,2024,February,370
Syria,2024,March,410
Syria,2024,April,325
Syria,2024,May,375
Syria,2024,June,240
Syria,2024,July,260
Syria,2024,August,245
Syria,2024,September,225
Syria,2024,October,255
Syria,2024,November,245
Syria,2024,December,240
Syria,2024,Total,3545
Syria,2025,January,245
Syria,2025,February,190
Syria,2025,March,255
Syria,2025,April,280
Syria,2025,May,265
Syria,2025,June,250
Syria,2025,July,265
Syria,2025,August,335
Syria,2025,September,250
Syria,2025,October,235
Syria,2025,November,300
Syria,2025,December,320
Syria,2025,Total,3190
Syria,2026,January,245
Syria,2026,February,360
Syria,2026,March,360
Syria,2026,April,205
Syria,2026,May,235
Syria,2026,Total,1395
Taiwan,2023,January,435
Taiwan,2023,February,520
Taiwan,2023,March,955
Taiwan,2023,April,665
Taiwan,2023,May,1445
Taiwan,2023,June,1040
Taiwan,2023,July,1345
Taiwan,2023,August,715
Taiwan,2023,September,475
Taiwan,2023,October,875
Taiwan,2023,November,930
Taiwan,2023,December,455
Taiwan,2023,Total,9860
Taiwan,2024,January,515
Taiwan,2024,February,465
Taiwan,2024,March,705
Taiwan,2024,April,755
Taiwan,2024,May,695
Taiwan,2024,June,575
Taiwan,2024,July,1110
Taiwan,2024,August,1340
Taiwan,2024,September,955
Taiwan,2024,October,820
Taiwan,2024,November,700
Taiwan,2024,December,535
Taiwan,2024,Total,9175
Taiwan,2025,January,630
Taiwan,2025,February,615
Taiwan,2025,March,765
Taiwan,2025,April,570
Taiwan,2025,May,560
Taiwan,2025,June,465
Taiwan,2025,July,415
Taiwan,2025,August,835
Taiwan,2025,September,535
Taiwan,2025,October,480
Taiwan,2025,November,495
Taiwan,2025,December,410
Taiwan,2025,Total,6765
Taiwan,2026,January,415
Taiwan,2026,February,560
Taiwan,2026,March,840
Taiwan,2026,April,880
Taiwan,2026,May,745
Taiwan,2026,Total,3435
Tajikistan,2023,January,15
Tajikistan,2023,February,25
Tajikistan,2023,March,30
Tajikistan,2023,April,30
Tajikistan,2023,May,70
Tajikistan,2023,June,55
Tajikistan,2023,July,30
Tajikistan,2023,August,35
Tajikistan,2023,September,35
Tajikistan,2023,October,45
Tajikistan,2023,November,45
Tajikistan,2023,December,55
Tajikistan,2023,Total,465
Tajikistan,2024,January,75
Tajikistan,2024,February,40
Tajikistan,2024,March,30
Tajikistan,2024,April,40
Tajikistan,2024,May,35
Tajikistan,2024,June,30
Tajikistan,2024,July,65
Tajikistan,2024,August,45
Tajikistan,2024,September,35
Tajikistan,2024,October,30
Tajikistan,2024,November,30
Tajikistan,2024,December,35
Tajikistan,2024,Total,485
Tajikistan,2025,January,25
Tajikistan,2025,February,40
Tajikistan,2025,March,20
Tajikistan,2025,April,20
Tajikistan,2025,May,35
Tajikistan,2025,June,25
Tajikistan,2025,July,20
Tajikistan,2025,August,30
Tajikistan,2025,September,30
Tajikistan,2025,October,30
Tajikistan,2025,November,30
Tajikistan,2025,December,30
Tajikistan,2025,Total,340
Tajikistan,2026,January,30
Tajikistan,2026,February,40
Tajikistan,2026,March,30
Tajikistan,2026,April,25
Tajikistan,2026,May,25
Tajikistan,2026,Total,145
Thailand,2023,January,1450
Thailand,2023,February,1555
Thailand,2023,March,1730
Thailand,2023,April,1500
Thailand,2023,May,1795
Thailand,2023,June,2010
Thailand,2023,July,1350
Thailand,2023,August,1060
Thailand,2023,September,785
Thailand,2023,October,815
Thailand,2023,November,755
Thailand,2023,December,745
Thailand,2023,Total,15540
Thailand,2024,January,775
Thailand,2024,February,1200
Thailand,2024,March,990
Thailand,2024,April,1185
Thailand,2024,May,1115
Thailand,2024,June,855
Thailand,2024,July,1170
Thailand,2024,August,870
Thailand,2024,September,615
Thailand,2024,October,650
Thailand,2024,November,545
Thailand,2024,December,775
Thailand,2024,Total,10745
Thailand,2025,January,815
Thailand,2025,February,980
Thailand,2025,March,1180
Thailand,2025,April,905
Thailand,2025,May,805
Thailand,2025,June,855
Thailand,2025,July,775
Thailand,2025,August,645
Thailand,2025,September,630
Thailand,2025,October,575
Thailand,2025,November,455
Thailand,2025,December,640
Thailand,2025,Total,9255
Thailand,2026,January,730
Thailand,2026,February,1055
Thailand,2026,March,1165
Thailand,2026,April,985
Thailand,2026,May,685
Thailand,2026,Total,4615
The Netherlands,2023,January,135
The Netherlands,2023,February,220
The Netherlands,2023,March,275
The Netherlands,2023,April,130
The Netherlands,2023,May,275
The Netherlands,2023,June,225
The Netherlands,2023,July,245
The Netherlands,2023,August,210
The Netherlands,2023,September,145
The Netherlands,2023,October,150
The Netherlands,2023,November,170
The Netherlands,2023,December,90
The Netherlands,2023,Total,2275
The Netherlands,2024,January,110
The Netherlands,2024,February,240
The Netherlands,2024,March,230
The Netherlands,2024,April,190
The Netherlands,2024,May,160
The Netherlands,2024,June,105
The Netherlands,2024,July,125
The Netherlands,2024,August,160
The Netherlands,2024,September,155
The Netherlands,2024,October,175
The Netherlands,2024,November,130
The Netherlands,2024,December,130
The Netherlands,2024,Total,1905
The Netherlands,2025,January,135
The Netherlands,2025,February,265
The Netherlands,2025,March,255
The Netherlands,2025,April,190
The Netherlands,2025,May,230
The Netherlands,2025,June,80
The Netherlands,2025,July,90
The Netherlands,2025,August,140
The Netherlands,2025,September,70
The Netherlands,2025,October,80
The Netherlands,2025,November,85
The Netherlands,2025,December,85
The Netherlands,2025,Total,1700
The Netherlands,2026,January,95
The Netherlands,2026,February,290
The Netherlands,2026,March,350
The Netherlands,2026,April,150
The Netherlands,2026,May,110
The Netherlands,2026,Total,990
The Netherlands Antilles,2023,January,0
The Netherlands Antilles,2023,February,0
The Netherlands Antilles,2023,March,0
The Netherlands Antilles,2023,April,0
The Netherlands Antilles,2023,May,0
The Netherlands Antilles,2023,June,0
The Netherlands Antilles,2023,July,0
The Netherlands Antilles,2023,August,0
The Netherlands Antilles,2023,September,0
The Netherlands Antilles,2023,October,0
The Netherlands Antilles,2023,November,0
The Netherlands Antilles,2023,December,0
The Netherlands Antilles,2023,Total,0
The Netherlands Antilles,2024,January,0
The Netherlands Antilles,2024,February,0
The Netherlands Antilles,2024,March,0
The Netherlands Antilles,2024,April,0
The Netherlands Antilles,2024,May,0
The Netherlands Antilles,2024,June,0
The Netherlands Antilles,2024,July,0
The Netherlands Antilles,2024,August,0
The Netherlands Antilles,2024,September,0
The Netherlands Antilles,2024,October,
The Netherlands Antilles,2024,November,0
The Netherlands Antilles,2024,December,0
The Netherlands Antilles,2024,Total,
The Netherlands Antilles,2025,January,0
The Netherlands Antilles,2025,February,0
The Netherlands Antilles,2025,March,0
The Netherlands Antilles,2025,April,0
The Netherlands Antilles,2025,May,0
The Netherlands Antilles,2025,June,0
The Netherlands Antilles,2025,July,0
The Netherlands Antilles,2025,August,0
The Netherlands Antilles,2025,September,0
The Netherlands Antilles,2025,October,0
The Netherlands Antilles,2025,November,0
The Netherlands Antilles,2025,December,0
The Netherlands Antilles,2025,Total,0
The Netherlands Antilles,2026,January,0
The Netherlands Antilles,2026,February,0
The Netherlands Antilles,2026,March,0
The Netherlands Antilles,2026,April,0
The Netherlands Antilles,2026,May,0
The Netherlands Antilles,2026,Total,0
"Togo, Republic of",2023,January,255
"Togo, Republic of",2023,February,185
"Togo, Republic of",2023,March,275
"Togo, Republic of",2023,April,620
"Togo, Republic of",2023,May,310
"Togo, Republic of",2023,June,350
"Togo, Republic of",2023,July,340
"Togo, Republic of",2023,August,590
"Togo, Republic of",2023,September,260
"Togo, Republic of",2023,October,305
"Togo, Republic of",2023,November,285
"Togo, Republic of",2023,December,265
"Togo, Republic of",2023,Total,4035
"Togo, Republic of",2024,January,220
"Togo, Republic of",2024,February,320
"Togo, Republic of",2024,March,320
"Togo, Republic of",2024,April,170
"Togo, Republic of",2024,May,265
"Togo, Republic of",2024,June,205
"Togo, Republic of",2024,July,345
"Togo, Republic of",2024,August,220
"Togo, Republic of",2024,September,290
"Togo, Republic of",2024,October,305
"Togo, Republic of",2024,November,310
"Togo, Republic of",2024,December,270
"Togo, Republic of",2024,Total,3235
"Togo, Republic of",2025,January,325
"Togo, Republic of",2025,February,225
"Togo, Republic of",2025,March,300
"Togo, Republic of",2025,April,155
"Togo, Republic of",2025,May,215
"Togo, Republic of",2025,June,145
"Togo, Republic of",2025,July,215
"Togo, Republic of",2025,August,230
"Togo, Republic of",2025,September,305
"Togo, Republic of",2025,October,285
"Togo, Republic of",2025,November,335
"Togo, Republic of",2025,December,310
"Togo, Republic of",2025,Total,3040
"Togo, Republic of",2026,January,240
"Togo, Republic of",2026,February,420
"Togo, Republic of",2026,March,305
"Togo, Republic of",2026,April,255
"Togo, Republic of",2026,May,335
"Togo, Republic of",2026,Total,1555
Tonga,2023,January,0
Tonga,2023,February,0
Tonga,2023,March,
Tonga,2023,April,0
Tonga,2023,May,5
Tonga,2023,June,
Tonga,2023,July,
Tonga,2023,August,
Tonga,2023,September,
Tonga,2023,October,0
Tonga,2023,November,0
Tonga,2023,December,0
Tonga,2023,Total,15
Tonga,2024,January,0
Tonga,2024,February,
Tonga,2024,March,
Tonga,2024,April,
Tonga,2024,May,
Tonga,2024,June,
Tonga,2024,July,5
Tonga,2024,August,
Tonga,2024,September,0
Tonga,2024,October,0
Tonga,2024,November,
Tonga,2024,December,
Tonga,2024,Total,20
Tonga,2025,January,
Tonga,2025,February,0
Tonga,2025,March,0
Tonga,2025,April,0
Tonga,2025,May,
Tonga,2025,June,0
Tonga,2025,July,
Tonga,2025,August,0
Tonga,2025,September,
Tonga,2025,October,0
Tonga,2025,November,
Tonga,2025,December,
Tonga,2025,Total,10
Tonga,2026,January,
Tonga,2026,February,
Tonga,2026,March,
Tonga,2026,April,10
Tonga,2026,May,
Tonga,2026,Total,20
"Trinidad and Tobago, Republic of",2023,January,1805
"Trinidad and Tobago, Republic of",2023,February,1175
"Trinidad and Tobago, Republic of",2023,March,1045
"Trinidad and Tobago, Republic of",2023,April,1220
"Trinidad and Tobago, Republic of",2023,May,1835
"Trinidad and Tobago, Republic of",2023,June,1610
"Trinidad and Tobago, Republic of",2023,July,730
"Trinidad and Tobago, Republic of",2023,August,695
"Trinidad and Tobago, Republic of",2023,September,510
"Trinidad and Tobago, Republic of",2023,October,390
"Trinidad and Tobago, Republic of",2023,November,360
"Trinidad and Tobago, Republic of",2023,December,345
"Trinidad and Tobago, Republic of",2023,Total,11720
"Trinidad and Tobago, Republic of",2024,January,445
"Trinidad and Tobago, Republic of",2024,February,465
"Trinidad and Tobago, Republic of",2024,March,560
"Trinidad and Tobago, Republic of",2024,April,725
"Trinidad and Tobago, Republic of",2024,May,530
"Trinidad and Tobago, Republic of",2024,June,435
"Trinidad and Tobago, Republic of",2024,July,635
"Trinidad and Tobago, Republic of",2024,August,390
"Trinidad and Tobago, Republic of",2024,September,545
"Trinidad and Tobago, Republic of",2024,October,565
"Trinidad and Tobago, Republic of",2024,November,470
"Trinidad and Tobago, Republic of",2024,December,395
"Trinidad and Tobago, Republic of",2024,Total,6150
"Trinidad and Tobago, Republic of",2025,January,405
"Trinidad and Tobago, Republic of",2025,February,295
"Trinidad and Tobago, Republic of",2025,March,550
"Trinidad and Tobago, Republic of",2025,April,535
"Trinidad and Tobago, Republic of",2025,May,505
"Trinidad and Tobago, Republic of",2025,June,455
"Trinidad and Tobago, Republic of",2025,July,500
"Trinidad and Tobago, Republic of",2025,August,355
"Trinidad and Tobago, Republic of",2025,September,460
"Trinidad and Tobago, Republic of",2025,October,310
"Trinidad and Tobago, Republic of",2025,November,455
"Trinidad and Tobago, Republic of",2025,December,350
"Trinidad and Tobago, Republic of",2025,Total,5175
"Trinidad and Tobago, Republic of",2026,January,415
"Trinidad and Tobago, Republic of",2026,February,450
"Trinidad and Tobago, Republic of",2026,March,480
"Trinidad and Tobago, Republic of",2026,April,525
"Trinidad and Tobago, Republic of",2026,May,615
"Trinidad and Tobago, Republic of",2026,Total,2480
Tunisia,2023,January,1630
Tunisia,2023,February,2155
Tunisia,2023,March,2890
Tunisia,2023,April,2605
Tunisia,2023,May,3105
Tunisia,2023,June,3400
Tunisia,2023,July,1305
Tunisia,2023,August,2040
Tunisia,2023,September,1995
Tunisia,2023,October,1795
Tunisia,2023,November,2125
Tunisia,2023,December,1745
Tunisia,2023,Total,26795
Tunisia,2024,January,1945
Tunisia,2024,February,2690
Tunisia,2024,March,2920
Tunisia,2024,April,2240
Tunisia,2024,May,2130
Tunisia,2024,June,1995
Tunisia,2024,July,2245
Tunisia,2024,August,1755
Tunisia,2024,September,2170
Tunisia,2024,October,2215
Tunisia,2024,November,2025
Tunisia,2024,December,2420
Tunisia,2024,Total,26745
Tunisia,2025,January,2680
Tunisia,2025,February,1725
Tunisia,2025,March,2055
Tunisia,2025,April,1725
Tunisia,2025,May,1705
Tunisia,2025,June,1940
Tunisia,2025,July,1600
Tunisia,2025,August,1300
Tunisia,2025,September,1380
Tunisia,2025,October,1540
Tunisia,2025,November,1825
Tunisia,2025,December,1600
Tunisia,2025,Total,21070
Tunisia,2026,January,1795
Tunisia,2026,February,2110
Tunisia,2026,March,2380
Tunisia,2026,April,2450
Tunisia,2026,May,2455
Tunisia,2026,Total,11190
Turkey,2023,January,2115
Turkey,2023,February,3240
Turkey,2023,March,5380
Turkey,2023,April,2715
Turkey,2023,May,3845
Turkey,2023,June,3935
Turkey,2023,July,3815
Turkey,2023,August,3560
Turkey,2023,September,7095
Turkey,2023,October,5595
Turkey,2023,November,5855
Turkey,2023,December,4880
Turkey,2023,Total,52030
Turkey,2024,January,5465
Turkey,2024,February,3075
Turkey,2024,March,4130
Turkey,2024,April,1915
Turkey,2024,May,2640
Turkey,2024,June,2605
Turkey,2024,July,3315
Turkey,2024,August,2805
Turkey,2024,September,2365
Turkey,2024,October,2310
Turkey,2024,November,2500
Turkey,2024,December,2275
Turkey,2024,Total,35400
Turkey,2025,January,3160
Turkey,2025,February,1680
Turkey,2025,March,4060
Turkey,2025,April,2140
Turkey,2025,May,3805
Turkey,2025,June,2545
Turkey,2025,July,2275
Turkey,2025,August,2350
Turkey,2025,September,2100
Turkey,2025,October,2195
Turkey,2025,November,1910
Turkey,2025,December,2030
Turkey,2025,Total,30255
Turkey,2026,January,2020
Turkey,2026,February,2450
Turkey,2026,March,2270
Turkey,2026,April,1910
Turkey,2026,May,2350
Turkey,2026,Total,11000
Turkmenistan,2023,January,10
Turkmenistan,2023,February,10
Turkmenistan,2023,March,35
Turkmenistan,2023,April,10
Turkmenistan,2023,May,10
Turkmenistan,2023,June,10
Turkmenistan,2023,July,15
Turkmenistan,2023,August,15
Turkmenistan,2023,September,10
Turkmenistan,2023,October,15
Turkmenistan,2023,November,15
Turkmenistan,2023,December,15
Turkmenistan,2023,Total,170
Turkmenistan,2024,January,20
Turkmenistan,2024,February,20
Turkmenistan,2024,March,15
Turkmenistan,2024,April,10
Turkmenistan,2024,May,20
Turkmenistan,2024,June,10
Turkmenistan,2024,July,15
Turkmenistan,2024,August,10
Turkmenistan,2024,September,10
Turkmenistan,2024,October,10
Turkmenistan,2024,November,15
Turkmenistan,2024,December,10
Turkmenistan,2024,Total,165
Turkmenistan,2025,January,10
Turkmenistan,2025,February,20
Turkmenistan,2025,March,20
Turkmenistan,2025,April,
Turkmenistan,2025,May,15
Turkmenistan,2025,June,15
Turkmenistan,2025,July,10
Turkmenistan,2025,August,15
Turkmenistan,2025,September,15
Turkmenistan,2025,October,15
Turkmenistan,2025,November,10
Turkmenistan,2025,December,
Turkmenistan,2025,Total,150
Turkmenistan,2026,January,10
Turkmenistan,2026,February,5
Turkmenistan,2026,March,15
Turkmenistan,2026,April,5
Turkmenistan,2026,May,15
Turkmenistan,2026,Total,45
Turks and Caicos Islands,2023,January,0
Turks and Caicos Islands,2023,February,0
Turks and Caicos Islands,2023,March,0
Turks and Caicos Islands,2023,April,0
Turks and Caicos Islands,2023,May,0
Turks and Caicos Islands,2023,June,0
Turks and Caicos Islands,2023,July,0
Turks and Caicos Islands,2023,August,0
Turks and Caicos Islands,2023,September,0
Turks and Caicos Islands,2023,October,0
Turks and Caicos Islands,2023,November,0
Turks and Caicos Islands,2023,December,0
Turks and Caicos Islands,2023,Total,0
Turks and Caicos Islands,2024,January,0
Turks and Caicos Islands,2024,February,0
Turks and Caicos Islands,2024,March,0
Turks and Caicos Islands,2024,April,0
Turks and Caicos Islands,2024,May,0
Turks and Caicos Islands,2024,June,0
Turks and Caicos Islands,2024,July,0
Turks and Caicos Islands,2024,August,0
Turks and Caicos Islands,2024,September,0
Turks and Caicos Islands,2024,October,0
Turks and Caicos Islands,2024,November,0
Turks and Caicos Islands,2024,December,0
Turks and Caicos Islands,2024,Total,0
Turks and Caicos Islands,2025,January,0
Turks and Caicos Islands,2025,February,0
Turks and Caicos Islands,2025,March,0
Turks and Caicos Islands,2025,April,0
Turks and Caicos Islands,2025,May,0
Turks and Caicos Islands,2025,June,0
Turks and Caicos Islands,2025,July,0
Turks and Caicos Islands,2025,August,
Turks and Caicos Islands,2025,September,0
Turks and Caicos Islands,2025,October,0
Turks and Caicos Islands,2025,November,0
Turks and Caicos Islands,2025,December,0
Turks and Caicos Islands,2025,Total,
Turks and Caicos Islands,2026,January,0
Turks and Caicos Islands,2026,February,0
Turks and Caicos Islands,2026,March,0
Turks and Caicos Islands,2026,April,0
Turks and Caicos Islands,2026,May,0
Turks and Caicos Islands,2026,Total,0
Tuvalu,2023,January,0
Tuvalu,2023,February,0
Tuvalu,2023,March,0
Tuvalu,2023,April,0
Tuvalu,2023,May,0
Tuvalu,2023,June,
Tuvalu,2023,July,
Tuvalu,2023,August,5
Tuvalu,2023,September,0
Tuvalu,2023,October,0
Tuvalu,2023,November,0
Tuvalu,2023,December,0
Tuvalu,2023,Total,10
Tuvalu,2024,January,0
Tuvalu,2024,February,
Tuvalu,2024,March,
Tuvalu,2024,April,0
Tuvalu,2024,May,0
Tuvalu,2024,June,0
Tuvalu,2024,July,0
Tuvalu,2024,August,0
Tuvalu,2024,September,0
Tuvalu,2024,October,0
Tuvalu,2024,November,0
Tuvalu,2024,December,
Tuvalu,2024,Total,5
Tuvalu,2025,January,0
Tuvalu,2025,February,0
Tuvalu,2025,March,0
Tuvalu,2025,April,0
Tuvalu,2025,May,0
Tuvalu,2025,June,0
Tuvalu,2025,July,0
Tuvalu,2025,August,0
Tuvalu,2025,September,
Tuvalu,2025,October,0
Tuvalu,2025,November,0
Tuvalu,2025,December,0
Tuvalu,2025,Total,
Tuvalu,2026,January,0
Tuvalu,2026,February,
Tuvalu,2026,March,0
Tuvalu,2026,April,
Tuvalu,2026,May,0
Tuvalu,2026,Total,
Uganda,2023,January,465
Uganda,2023,February,285
Uganda,2023,March,755
Uganda,2023,April,4140
Uganda,2023,May,600
Uganda,2023,June,435
Uganda,2023,July,445
Uganda,2023,August,925
Uganda,2023,September,1270
Uganda,2023,October,1120
Uganda,2023,November,1025
Uganda,2023,December,800
Uganda,2023,Total,12265
Uganda,2024,January,745
Uganda,2024,February,945
Uganda,2024,March,765
Uganda,2024,April,640
Uganda,2024,May,665
Uganda,2024,June,640
Uganda,2024,July,745
Uganda,2024,August,565
Uganda,2024,September,460
Uganda,2024,October,550
Uganda,2024,November,380
Uganda,2024,December,565
Uganda,2024,Total,7665
Uganda,2025,January,510
Uganda,2025,February,425
Uganda,2025,March,430
Uganda,2025,April,430
Uganda,2025,May,440
Uganda,2025,June,350
Uganda,2025,July,465
Uganda,2025,August,815
Uganda,2025,September,760
Uganda,2025,October,810
Uganda,2025,November,585
Uganda,2025,December,780
Uganda,2025,Total,6800
Uganda,2026,January,690
Uganda,2026,February,935
Uganda,2026,March,560
Uganda,2026,April,430
Uganda,2026,May,560
Uganda,2026,Total,3175
Ukraine,2023,January,43740
Ukraine,2023,February,58095
Ukraine,2023,March,55205
Ukraine,2023,April,48830
Ukraine,2023,May,44135
Ukraine,2023,June,38065
Ukraine,2023,July,43410
Ukraine,2023,August,31560
Ukraine,2023,September,25725
Ukraine,2023,October,15635
Ukraine,2023,November,11405
Ukraine,2023,December,10130
Ukraine,2023,Total,425935
Ukraine,2024,January,3835
Ukraine,2024,February,3780
Ukraine,2024,March,5300
Ukraine,2024,April,11140
Ukraine,2024,May,7740
Ukraine,2024,June,10095
Ukraine,2024,July,4215
Ukraine,2024,August,3620
Ukraine,2024,September,5790
Ukraine,2024,October,8785
Ukraine,2024,November,4515
Ukraine,2024,December,5385
Ukraine,2024,Total,74205
Ukraine,2025,January,7480
Ukraine,2025,February,11210
Ukraine,2025,March,10205
Ukraine,2025,April,4105
Ukraine,2025,May,7315
Ukraine,2025,June,4850
Ukraine,2025,July,8925
Ukraine,2025,August,9710
Ukraine,2025,September,8125
Ukraine,2025,October,9960
Ukraine,2025,November,8140
Ukraine,2025,December,8185
Ukraine,2025,Total,98210
Ukraine,2026,January,9835
Ukraine,2026,February,15665
Ukraine,2026,March,27245
Ukraine,2026,April,32455
Ukraine,2026,May,8495
Ukraine,2026,Total,93695
United Arab Emirates,2023,January,10
United Arab Emirates,2023,February,20
United Arab Emirates,2023,March,15
United Arab Emirates,2023,April,25
United Arab Emirates,2023,May,35
United Arab Emirates,2023,June,40
United Arab Emirates,2023,July,25
United Arab Emirates,2023,August,95
United Arab Emirates,2023,September,15
United Arab Emirates,2023,October,5
United Arab Emirates,2023,November,10
United Arab Emirates,2023,December,30
United Arab Emirates,2023,Total,330
United Arab Emirates,2024,January,15
United Arab Emirates,2024,February,15
United Arab Emirates,2024,March,25
United Arab Emirates,2024,April,15
United Arab Emirates,2024,May,30
United Arab Emirates,2024,June,15
United Arab Emirates,2024,July,20
United Arab Emirates,2024,August,40
United Arab Emirates,2024,September,10
United Arab Emirates,2024,October,15
United Arab Emirates,2024,November,15
United Arab Emirates,2024,December,25
United Arab Emirates,2024,Total,240
United Arab Emirates,2025,January,30
United Arab Emirates,2025,February,15
United Arab Emirates,2025,March,20
United Arab Emirates,2025,April,20
United Arab Emirates,2025,May,20
United Arab Emirates,2025,June,20
United Arab Emirates,2025,July,15
United Arab Emirates,2025,August,55
United Arab Emirates,2025,September,40
United Arab Emirates,2025,October,20
United Arab Emirates,2025,November,30
United Arab Emirates,2025,December,20
United Arab Emirates,2025,Total,305
United Arab Emirates,2026,January,10
United Arab Emirates,2026,February,15
United Arab Emirates,2026,March,25
United Arab Emirates,2026,April,25
United Arab Emirates,2026,May,20
United Arab Emirates,2026,Total,95
United Kingdom and Overseas Territories,2023,January,1010
United Kingdom and Overseas Territories,2023,February,1465
United Kingdom and Overseas Territories,2023,March,2075
United Kingdom and Overseas Territories,2023,April,1090
United Kingdom and Overseas Territories,2023,May,2035
United Kingdom and Overseas Territories,2023,June,2450
United Kingdom and Overseas Territories,2023,July,2170
United Kingdom and Overseas Territories,2023,August,1830
United Kingdom and Overseas Territories,2023,September,1595
United Kingdom and Overseas Territories,2023,October,1495
United Kingdom and Overseas Territories,2023,November,1335
United Kingdom and Overseas Territories,2023,December,950
United Kingdom and Overseas Territories,2023,Total,19500
United Kingdom and Overseas Territories,2024,January,1140
United Kingdom and Overseas Territories,2024,February,1740
United Kingdom and Overseas Territories,2024,March,2230
United Kingdom and Overseas Territories,2024,April,2110
United Kingdom and Overseas Territories,2024,May,2205
United Kingdom and Overseas Territories,2024,June,1690
United Kingdom and Overseas Territories,2024,July,1925
United Kingdom and Overseas Territories,2024,August,1715
United Kingdom and Overseas Territories,2024,September,940
United Kingdom and Overseas Territories,2024,October,1145
United Kingdom and Overseas Territories,2024,November,790
United Kingdom and Overseas Territories,2024,December,780
United Kingdom and Overseas Territories,2024,Total,18415
United Kingdom and Overseas Territories,2025,January,920
United Kingdom and Overseas Territories,2025,February,2250
United Kingdom and Overseas Territories,2025,March,2560
United Kingdom and Overseas Territories,2025,April,1770
United Kingdom and Overseas Territories,2025,May,1670
United Kingdom and Overseas Territories,2025,June,1865
United Kingdom and Overseas Territories,2025,July,1810
United Kingdom and Overseas Territories,2025,August,2190
United Kingdom and Overseas Territories,2025,September,960
United Kingdom and Overseas Territories,2025,October,770
United Kingdom and Overseas Territories,2025,November,640
United Kingdom and Overseas Territories,2025,December,620
United Kingdom and Overseas Territories,2025,Total,18025
United Kingdom and Overseas Territories,2026,January,910
United Kingdom and Overseas Territories,2026,February,2360
United Kingdom and Overseas Territories,2026,March,3115
United Kingdom and Overseas Territories,2026,April,2325
United Kingdom and Overseas Territories,2026,May,2395
United Kingdom and Overseas Territories,2026,Total,11105
United Republic of Tanzania,2023,January,175
United Republic of Tanzania,2023,February,265
United Republic of Tanzania,2023,March,160
United Republic of Tanzania,2023,April,850
United Republic of Tanzania,2023,May,475
United Republic of Tanzania,2023,June,470
United Republic of Tanzania,2023,July,210
United Republic of Tanzania,2023,August,415
United Republic of Tanzania,2023,September,460
United Republic of Tanzania,2023,October,370
United Republic of Tanzania,2023,November,320
United Republic of Tanzania,2023,December,295
United Republic of Tanzania,2023,Total,4460
United Republic of Tanzania,2024,January,260
United Republic of Tanzania,2024,February,260
United Republic of Tanzania,2024,March,340
United Republic of Tanzania,2024,April,215
United Republic of Tanzania,2024,May,250
United Republic of Tanzania,2024,June,180
United Republic of Tanzania,2024,July,250
United Republic of Tanzania,2024,August,170
United Republic of Tanzania,2024,September,170
United Republic of Tanzania,2024,October,155
United Republic of Tanzania,2024,November,190
United Republic of Tanzania,2024,December,140
United Republic of Tanzania,2024,Total,2580
United Republic of Tanzania,2025,January,150
United Republic of Tanzania,2025,February,210
United Republic of Tanzania,2025,March,120
United Republic of Tanzania,2025,April,130
United Republic of Tanzania,2025,May,155
United Republic of Tanzania,2025,June,145
United Republic of Tanzania,2025,July,180
United Republic of Tanzania,2025,August,255
United Republic of Tanzania,2025,September,165
United Republic of Tanzania,2025,October,335
United Republic of Tanzania,2025,November,250
United Republic of Tanzania,2025,December,255
United Republic of Tanzania,2025,Total,2345
United Republic of Tanzania,2026,January,230
United Republic of Tanzania,2026,February,380
United Republic of Tanzania,2026,March,300
United Republic of Tanzania,2026,April,250
United Republic of Tanzania,2026,May,360
United Republic of Tanzania,2026,Total,1515
United States of America,2023,January,1145
United States of America,2023,February,1210
United States of America,2023,March,1650
United States of America,2023,April,1075
United States of America,2023,May,1790
United States of America,2023,June,2245
United States of America,2023,July,2005
United States of America,2023,August,1710
United States of America,2023,September,1280
United States of America,2023,October,1345
United States of America,2023,November,1195
United States of America,2023,December,990
United States of America,2023,Total,17645
United States of America,2024,January,1650
United States of America,2024,February,1380
United States of America,2024,March,1305
United States of America,2024,April,1065
United States of America,2024,May,1150
United States of America,2024,June,1255
United States of America,2024,July,1345
United States of America,2024,August,1515
United States of America,2024,September,1030
United States of America,2024,October,1435
United States of America,2024,November,1060
United States of America,2024,December,1205
United States of America,2024,Total,15395
United States of America,2025,January,1310
United States of America,2025,February,1110
United States of America,2025,March,1345
United States of America,2025,April,1180
United States of America,2025,May,805
United States of America,2025,June,1320
United States of America,2025,July,910
United States of America,2025,August,2270
United States of America,2025,September,1255
United States of America,2025,October,1335
United States of America,2025,November,1400
United States of America,2025,December,1220
United States of America,2025,Total,15455
United States of America,2026,January,1240
United States of America,2026,February,1125
United States of America,2026,March,1640
United States of America,2026,April,1450
United States of America,2026,May,1350
United States of America,2026,Total,6805
Uruguay,2023,January,110
Uruguay,2023,February,125
Uruguay,2023,March,105
Uruguay,2023,April,110
Uruguay,2023,May,165
Uruguay,2023,June,125
Uruguay,2023,July,80
Uruguay,2023,August,55
Uruguay,2023,September,45
Uruguay,2023,October,35
Uruguay,2023,November,35
Uruguay,2023,December,35
Uruguay,2023,Total,1030
Uruguay,2024,January,40
Uruguay,2024,February,70
Uruguay,2024,March,70
Uruguay,2024,April,105
Uruguay,2024,May,110
Uruguay,2024,June,80
Uruguay,2024,July,60
Uruguay,2024,August,50
Uruguay,2024,September,45
Uruguay,2024,October,15
Uruguay,2024,November,30
Uruguay,2024,December,25
Uruguay,2024,Total,700
Uruguay,2025,January,35
Uruguay,2025,February,25
Uruguay,2025,March,30
Uruguay,2025,April,30
Uruguay,2025,May,90
Uruguay,2025,June,40
Uruguay,2025,July,45
Uruguay,2025,August,35
Uruguay,2025,September,30
Uruguay,2025,October,25
Uruguay,2025,November,40
Uruguay,2025,December,45
Uruguay,2025,Total,470
Uruguay,2026,January,30
Uruguay,2026,February,40
Uruguay,2026,March,50
Uruguay,2026,April,50
Uruguay,2026,May,55
Uruguay,2026,Total,225
Uzbekistan,2023,January,60
Uzbekistan,2023,February,70
Uzbekistan,2023,March,105
Uzbekistan,2023,April,120
Uzbekistan,2023,May,235
Uzbekistan,2023,June,145
Uzbekistan,2023,July,65
Uzbekistan,2023,August,90
Uzbekistan,2023,September,190
Uzbekistan,2023,October,185
Uzbekistan,2023,November,200
Uzbekistan,2023,December,350
Uzbekistan,2023,Total,1820
Uzbekistan,2024,January,385
Uzbekistan,2024,February,150
Uzbekistan,2024,March,170
Uzbekistan,2024,April,230
Uzbekistan,2024,May,225
Uzbekistan,2024,June,190
Uzbekistan,2024,July,235
Uzbekistan,2024,August,190
Uzbekistan,2024,September,100
Uzbekistan,2024,October,115
Uzbekistan,2024,November,100
Uzbekistan,2024,December,80
Uzbekistan,2024,Total,2170
Uzbekistan,2025,January,145
Uzbekistan,2025,February,110
Uzbekistan,2025,March,105
Uzbekistan,2025,April,95
Uzbekistan,2025,May,125
Uzbekistan,2025,June,85
Uzbekistan,2025,July,100
Uzbekistan,2025,August,105
Uzbekistan,2025,September,105
Uzbekistan,2025,October,100
Uzbekistan,2025,November,130
Uzbekistan,2025,December,75
Uzbekistan,2025,Total,1275
Uzbekistan,2026,January,100
Uzbekistan,2026,February,95
Uzbekistan,2026,March,115
Uzbekistan,2026,April,180
Uzbekistan,2026,May,135
Uzbekistan,2026,Total,625
Vanuatu,2023,January,
Vanuatu,2023,February,
Vanuatu,2023,March,5
Vanuatu,2023,April,15
Vanuatu,2023,May,15
Vanuatu,2023,June,15
Vanuatu,2023,July,15
Vanuatu,2023,August,5
Vanuatu,2023,September,5
Vanuatu,2023,October,
Vanuatu,2023,November,
Vanuatu,2023,December,10
Vanuatu,2023,Total,95
Vanuatu,2024,January,5
Vanuatu,2024,February,
Vanuatu,2024,March,15
Vanuatu,2024,April,
Vanuatu,2024,May,
Vanuatu,2024,June,
Vanuatu,2024,July,
Vanuatu,2024,August,
Vanuatu,2024,September,
Vanuatu,2024,October,
Vanuatu,2024,November,10
Vanuatu,2024,December,
Vanuatu,2024,Total,55
Vanuatu,2025,January,
Vanuatu,2025,February,5
Vanuatu,2025,March,5
Vanuatu,2025,April,5
Vanuatu,2025,May,5
Vanuatu,2025,June,
Vanuatu,2025,July,15
Vanuatu,2025,August,5
Vanuatu,2025,September,5
Vanuatu,2025,October,
Vanuatu,2025,November,5
Vanuatu,2025,December,5
Vanuatu,2025,Total,70
Vanuatu,2026,January,5
Vanuatu,2026,February,
Vanuatu,2026,March,10
Vanuatu,2026,April,5
Vanuatu,2026,May,
Vanuatu,2026,Total,25
Venezuela,2023,January,825
Venezuela,2023,February,685
Venezuela,2023,March,1290
Venezuela,2023,April,1100
Venezuela,2023,May,755
Venezuela,2023,June,905
Venezuela,2023,July,550
Venezuela,2023,August,945
Venezuela,2023,September,930
Venezuela,2023,October,830
Venezuela,2023,November,1020
Venezuela,2023,December,400
Venezuela,2023,Total,10240
Venezuela,2024,January,425
Venezuela,2024,February,465
Venezuela,2024,March,675
Venezuela,2024,April,585
Venezuela,2024,May,520
Venezuela,2024,June,350
Venezuela,2024,July,685
Venezuela,2024,August,710
Venezuela,2024,September,575
Venezuela,2024,October,440
Venezuela,2024,November,310
Venezuela,2024,December,450
Venezuela,2024,Total,6185
Venezuela,2025,January,685
Venezuela,2025,February,810
Venezuela,2025,March,900
Venezuela,2025,April,680
Venezuela,2025,May,950
Venezuela,2025,June,625
Venezuela,2025,July,555
Venezuela,2025,August,585
Venezuela,2025,September,720
Venezuela,2025,October,700
Venezuela,2025,November,640
Venezuela,2025,December,730
Venezuela,2025,Total,8585
Venezuela,2026,January,760
Venezuela,2026,February,830
Venezuela,2026,March,830
Venezuela,2026,April,620
Venezuela,2026,May,770
Venezuela,2026,Total,3815
Western Sahara,2023,January,
Western Sahara,2023,February,0
Western Sahara,2023,March,0
Western Sahara,2023,April,0
Western Sahara,2023,May,0
Western Sahara,2023,June,0
Western Sahara,2023,July,0
Western Sahara,2023,August,0
Western Sahara,2023,September,0
Western Sahara,2023,October,0
Western Sahara,2023,November,0
Western Sahara,2023,December,0
Western Sahara,2023,Total,
Western Sahara,2024,January,0
Western Sahara,2024,February,0
Western Sahara,2024,March,0
Western Sahara,2024,April,0
Western Sahara,2024,May,
Western Sahara,2024,June,0
Western Sahara,2024,July,0
Western Sahara,2024,August,
Western Sahara,2024,September,0
Western Sahara,2024,October,0
Western Sahara,2024,November,0
Western Sahara,2024,December,0
Western Sahara,2024,Total,
Western Sahara,2025,January,0
Western Sahara,2025,February,0
Western Sahara,2025,March,0
Western Sahara,2025,April,0
Western Sahara,2025,May,0
Western Sahara,2025,June,0
Western Sahara,2025,July,0
Western Sahara,2025,August,0
Western Sahara,2025,September,0
Western Sahara,2025,October,
Western Sahara,2025,November,
Western Sahara,2025,December,0
Western Sahara,2025,Total,
Western Sahara,2026,January,0
Western Sahara,2026,February,
Western Sahara,2026,March,
Western Sahara,2026,April,0
Western Sahara,2026,May,
Western Sahara,2026,Total,
"Yemen, Republic of",2023,January,120
"Yemen, Republic of",2023,February,140
"Yemen, Republic of",2023,March,195
"Yemen, Republic of",2023,April,285
"Yemen, Republic of",2023,May,120
"Yemen, Republic of",2023,June,140
"Yemen, Republic of",2023,July,90
"Yemen, Republic of",2023,August,75
"Yemen, Republic of",2023,September,130
"Yemen, Republic of",2023,October,100
"Yemen, Republic of",2023,November,125
"Yemen, Republic of",2023,December,80
"Yemen, Republic of",2023,Total,1610
"Yemen, Republic of",2024,January,110
"Yemen, Republic of",2024,February,100
"Yemen, Republic of",2024,March,100
"Yemen, Republic of",2024,April,120
"Yemen, Republic of",2024,May,120
"Yemen, Republic of",2024,June,100
"Yemen, Republic of",2024,July,120
"Yemen, Republic of",2024,August,120
"Yemen, Republic of",2024,September,125
"Yemen, Republic of",2024,October,105
"Yemen, Republic of",2024,November,95
"Yemen, Republic of",2024,December,185
"Yemen, Republic of",2024,Total,1395
"Yemen, Republic of",2025,January,175
"Yemen, Republic of",2025,February,135
"Yemen, Republic of",2025,March,145
"Yemen, Republic of",2025,April,135
"Yemen, Republic of",2025,May,135
"Yemen, Republic of",2025,June,85
"Yemen, Republic of",2025,July,110
"Yemen, Republic of",2025,August,145
"Yemen, Republic of",2025,September,100
"Yemen, Republic of",2025,October,125
"Yemen, Republic of",2025,November,120
"Yemen, Republic of",2025,December,125
"Yemen, Republic of",2025,Total,1530
"Yemen, Republic of",2026,January,105
"Yemen, Republic of",2026,February,135
"Yemen, Republic of",2026,March,85
"Yemen, Republic of",2026,April,75
"Yemen, Republic of",2026,May,90
"Yemen, Republic of",2026,Total,495
Zambia,2023,January,65
Zambia,2023,February,55
Zambia,2023,March,135
Zambia,2023,April,55
Zambia,2023,May,110
Zambia,2023,June,70
Zambia,2023,July,65
Zambia,2023,August,85
Zambia,2023,September,90
Zambia,2023,October,40
Zambia,2023,November,100
Zambia,2023,December,50
Zambia,2023,Total,930
Zambia,2024,January,85
Zambia,2024,February,50
Zambia,2024,March,55
Zambia,2024,April,65
Zambia,2024,May,95
Zambia,2024,June,70
Zambia,2024,July,65
Zambia,2024,August,45
Zambia,2024,September,50
Zambia,2024,October,45
Zambia,2024,November,65
Zambia,2024,December,55
Zambia,2024,Total,745
Zambia,2025,January,80
Zambia,2025,February,70
Zambia,2025,March,70
Zambia,2025,April,50
Zambia,2025,May,50
Zambia,2025,June,55
Zambia,2025,July,55
Zambia,2025,August,115
Zambia,2025,September,60
Zambia,2025,October,85
Zambia,2025,November,75
Zambia,2025,December,70
Zambia,2025,Total,845
Zambia,2026,January,75
Zambia,2026,February,50
Zambia,2026,March,70
Zambia,2026,April,60
Zambia,2026,May,80
Zambia,2026,Total,335
Zimbabwe,2023,January,260
Zimbabwe,2023,February,290
Zimbabwe,2023,March,430
Zimbabwe,2023,April,410
Zimbabwe,2023,May,605
Zimbabwe,2023,June,440
Zimbabwe,2023,July,240
Zimbabwe,2023,August,380
Zimbabwe,2023,September,295
Zimbabwe,2023,October,295
Zimbabwe,2023,November,330
Zimbabwe,2023,December,235
Zimbabwe,2023,Total,4210
Zimbabwe,2024,January,325
Zimbabwe,2024,February,250
Zimbabwe,2024,March,245
Zimbabwe,2024,April,330
Zimbabwe,2024,May,340
Zimbabwe,2024,June,365
Zimbabwe,2024,July,270
Zimbabwe,2024,August,250
Zimbabwe,2024,September,310
Zimbabwe,2024,October,290
Zimbabwe,2024,November,270
Zimbabwe,2024,December,375
Zimbabwe,2024,Total,3615
Zimbabwe,2025,January,410
Zimbabwe,2025,February,290
Zimbabwe,2025,March,385
Zimbabwe,2025,April,400
Zimbabwe,2025,May,505
Zimbabwe,2025,June,410
Zimbabwe,2025,July,420
Zimbabwe,2025,August,330
Zimbabwe,2025,September,380
Zimbabwe,2025,October,385
Zimbabwe,2025,November,490
Zimbabwe,2025,December,490
Zimbabwe,2025,Total,4895
Zimbabwe,2026,January,335
Zimbabwe,2026,February,385
Zimbabwe,2026,March,350
Zimbabwe,2026,April,320
Zimbabwe,2026,May,360
Zimbabwe,2026,Total,1750
Other*,2023,January,325
Other*,2023,February,135
Other*,2023,March,125
Other*,2023,April,250
Other*,2023,May,315
Other*,2023,June,475
Other*,2023,July,765
Other*,2023,August,535
Other*,2023,September,310
Other*,2023,October,295
Other*,2023,November,195
Other*,2023,December,465
Other*,2023,Total,4195
Other*,2024,January,240
Other*,2024,February,200
Other*,2024,March,295
Other*,2024,April,270
Other*,2024,May,300
Other*,2024,June,645
Other*,2024,July,1045
Other*,2024,August,685
Other*,2024,September,430
Other*,2024,October,405
Other*,2024,November,280
Other*,2024,December,590
Other*,2024,Total,5380
Other*,2025,January,315
Other*,2025,February,280
Other*,2025,March,285
Other*,2025,April,375
Other*,2025,May,365
Other*,2025,June,410
Other*,2025,July,980
Other*,2025,August,755
Other*,2025,September,470
Other*,2025,October,440
Other*,2025,November,280
Other*,2025,December,470
Other*,2025,Total,5430
Other*,2026,January,265
Other*,2026,February,195
Other*,2026,March,170
Other*,2026,April,225
Other*,2026,May,385
Other*,2026,Total,1240
