country,year,month,value
Total,2023,January,424560
Total,2023,February,447500
Total,2023,March,507255
Total,2023,April,432525
Total,2023,May,601275
Total,2023,June,585440
Total,2023,July,557180
Total,2023,August,637900
Total,2023,September,526145
Total,2023,October,520570
Total,2023,November,571705
Total,2023,December,426005
Total,2023,Total,6238055
Total,2024,January,560555
Total,2024,February,559560
Total,2024,March,523830
Total,2024,April,527760
Total,2024,May,572775
Total,2024,June,472165
Total,2024,July,505810
Total,2024,August,442315
Total,2024,September,426010
Total,2024,October,505100
Total,2024,November,493410
Total,2024,December,475585
Total,2024,Total,6064880
Total,2025,January,483985
Total,2025,February,434870
Total,2025,March,435745
Total,2025,April,362265
Total,2025,May,389965
Total,2025,June,331665
Total,2025,July,476120
Total,2025,August,393995
Total,2025,September,352315
Total,2025,October,359240
Total,2025,November,369860
Total,2025,December,333485
Total,2025,Total,4723515
Total,2026,January,379055
Total,2026,February,421650
Total,2026,March,424485
Total,2026,April,436525
Total,2026,May,426910
Total,2026,Total,2088620
Afghanistan,2023,January,370
Afghanistan,2023,February,660
Afghanistan,2023,March,865
Afghanistan,2023,April,825
Afghanistan,2023,May,735
Afghanistan,2023,June,600
Afghanistan,2023,July,475
Afghanistan,2023,August,520
Afghanistan,2023,September,610
Afghanistan,2023,October,690
Afghanistan,2023,November,850
Afghanistan,2023,December,650
Afghanistan,2023,Total,7845
Afghanistan,2024,January,760
Afghanistan,2024,February,825
Afghanistan,2024,March,2200
Afghanistan,2024,April,455
Afghanistan,2024,May,1540
Afghanistan,2024,June,1085
Afghanistan,2024,July,370
Afghanistan,2024,August,625
Afghanistan,2024,September,355
Afghanistan,2024,October,345
Afghanistan,2024,November,425
Afghanistan,2024,December,390
Afghanistan,2024,Total,9380
Afghanistan,2025,January,520
Afghanistan,2025,February,490
Afghanistan,2025,March,720
Afghanistan,2025,April,395
Afghanistan,2025,May,770
Afghanistan,2025,June,480
Afghanistan,2025,July,555
Afghanistan,2025,August,425
Afghanistan,2025,September,540
Afghanistan,2025,October,695
Afghanistan,2025,November,555
Afghanistan,2025,December,620
Afghanistan,2025,Total,6775
Afghanistan,2026,January,560
Afghanistan,2026,February,650
Afghanistan,2026,March,395
Afghanistan,2026,April,365
Afghanistan,2026,May,405
Afghanistan,2026,Total,2375
Albania,2023,January,325
Albania,2023,February,580
Albania,2023,March,830
Albania,2023,April,375
Albania,2023,May,705
Albania,2023,June,465
Albania,2023,July,480
Albania,2023,August,580
Albania,2023,September,380
Albania,2023,October,455
Albania,2023,November,640
Albania,2023,December,495
Albania,2023,Total,6310
Albania,2024,January,875
Albania,2024,February,615
Albania,2024,March,525
Albania,2024,April,570
Albania,2024,May,640
Albania,2024,June,550
Albania,2024,July,475
Albania,2024,August,620
Albania,2024,September,400
Albania,2024,October,485
Albania,2024,November,840
Albania,2024,December,485
Albania,2024,Total,7075
Albania,2025,January,540
Albania,2025,February,540
Albania,2025,March,565
Albania,2025,April,575
Albania,2025,May,680
Albania,2025,June,450
Albania,2025,July,465
Albania,2025,August,350
Albania,2025,September,470
Albania,2025,October,435
Albania,2025,November,545
Albania,2025,December,475
Albania,2025,Total,6085
Albania,2026,January,420
Albania,2026,February,445
Albania,2026,March,505
Albania,2026,April,605
Albania,2026,May,570
Albania,2026,Total,2545
Algeria,2023,January,3635
Algeria,2023,February,3540
Algeria,2023,March,5300
Algeria,2023,April,4385
Algeria,2023,May,16500
Algeria,2023,June,12135
Algeria,2023,July,7260
Algeria,2023,August,15085
Algeria,2023,September,13945
Algeria,2023,October,15150
Algeria,2023,November,19880
Algeria,2023,December,21475
Algeria,2023,Total,138290
Algeria,2024,January,28810
Algeria,2024,February,18255
Algeria,2024,March,11760
Algeria,2024,April,12985
Algeria,2024,May,12020
Algeria,2024,June,14095
Algeria,2024,July,15490
Algeria,2024,August,11845
Algeria,2024,September,13165
Algeria,2024,October,12475
Algeria,2024,November,9950
Algeria,2024,December,8985
Algeria,2024,Total,169835
Algeria,2025,January,9735
Algeria,2025,February,7815
Algeria,2025,March,8435
Algeria,2025,April,6190
Algeria,2025,May,6745
Algeria,2025,June,7080
Algeria,2025,July,7060
Algeria,2025,August,8300
Algeria,2025,September,8570
Algeria,2025,October,6990
Algeria,2025,November,7935
Algeria,2025,December,7655
Algeria,2025,Total,92510
Algeria,2026,January,7045
Algeria,2026,February,7120
Algeria,2026,March,7410
Algeria,2026,April,8385
Algeria,2026,May,9815
Algeria,2026,Total,39775
Andorra,2023,January,
Andorra,2023,February,
Andorra,2023,March,0
Andorra,2023,April,
Andorra,2023,May,
Andorra,2023,June,
Andorra,2023,July,
Andorra,2023,August,
Andorra,2023,September,
Andorra,2023,October,
Andorra,2023,November,
Andorra,2023,December,
Andorra,2023,Total,25
Andorra,2024,January,
Andorra,2024,February,
Andorra,2024,March,
Andorra,2024,April,
Andorra,2024,May,
Andorra,2024,June,
Andorra,2024,July,
Andorra,2024,August,0
Andorra,2024,September,5
Andorra,2024,October,
Andorra,2024,November,0
Andorra,2024,December,5
Andorra,2024,Total,30
Andorra,2025,January,
Andorra,2025,February,5
Andorra,2025,March,
Andorra,2025,April,
Andorra,2025,May,
Andorra,2025,June,
Andorra,2025,July,0
Andorra,2025,August,
Andorra,2025,September,
Andorra,2025,October,
Andorra,2025,November,0
Andorra,2025,December,
Andorra,2025,Total,20
Andorra,2026,January,
Andorra,2026,February,
Andorra,2026,March,0
Andorra,2026,April,
Andorra,2026,May,
Andorra,2026,Total,10
Angola,2023,January,145
Angola,2023,February,155
Angola,2023,March,240
Angola,2023,April,260
Angola,2023,May,195
Angola,2023,June,265
Angola,2023,July,110
Angola,2023,August,210
Angola,2023,September,165
Angola,2023,October,160
Angola,2023,November,185
Angola,2023,December,145
Angola,2023,Total,2235
Angola,2024,January,140
Angola,2024,February,155
Angola,2024,March,170
Angola,2024,April,165
Angola,2024,May,240
Angola,2024,June,195
Angola,2024,July,130
Angola,2024,August,125
Angola,2024,September,140
Angola,2024,October,105
Angola,2024,November,100
Angola,2024,December,155
Angola,2024,Total,1815
Angola,2025,January,250
Angola,2025,February,275
Angola,2025,March,395
Angola,2025,April,145
Angola,2025,May,260
Angola,2025,June,260
Angola,2025,July,315
Angola,2025,August,920
Angola,2025,September,160
Angola,2025,October,160
Angola,2025,November,225
Angola,2025,December,280
Angola,2025,Total,3640
Angola,2026,January,215
Angola,2026,February,475
Angola,2026,March,235
Angola,2026,April,150
Angola,2026,May,110
Angola,2026,Total,1185
Antigua and Barbuda,2023,January,285
Antigua and Barbuda,2023,February,125
Antigua and Barbuda,2023,March,100
Antigua and Barbuda,2023,April,75
Antigua and Barbuda,2023,May,180
Antigua and Barbuda,2023,June,145
Antigua and Barbuda,2023,July,105
Antigua and Barbuda,2023,August,95
Antigua and Barbuda,2023,September,95
Antigua and Barbuda,2023,October,55
Antigua and Barbuda,2023,November,75
Antigua and Barbuda,2023,December,35
Antigua and Barbuda,2023,Total,1365
Antigua and Barbuda,2024,January,40
Antigua and Barbuda,2024,February,35
Antigua and Barbuda,2024,March,45
Antigua and Barbuda,2024,April,50
Antigua and Barbuda,2024,May,40
Antigua and Barbuda,2024,June,40
Antigua and Barbuda,2024,July,60
Antigua and Barbuda,2024,August,40
Antigua and Barbuda,2024,September,50
Antigua and Barbuda,2024,October,80
Antigua and Barbuda,2024,November,55
Antigua and Barbuda,2024,December,35
Antigua and Barbuda,2024,Total,565
Antigua and Barbuda,2025,January,45
Antigua and Barbuda,2025,February,35
Antigua and Barbuda,2025,March,50
Antigua and Barbuda,2025,April,45
Antigua and Barbuda,2025,May,35
Antigua and Barbuda,2025,June,40
Antigua and Barbuda,2025,July,50
Antigua and Barbuda,2025,August,55
Antigua and Barbuda,2025,September,55
Antigua and Barbuda,2025,October,35
Antigua and Barbuda,2025,November,40
Antigua and Barbuda,2025,December,40
Antigua and Barbuda,2025,Total,515
Antigua and Barbuda,2026,January,30
Antigua and Barbuda,2026,February,50
Antigua and Barbuda,2026,March,40
Antigua and Barbuda,2026,April,40
Antigua and Barbuda,2026,May,60
Antigua and Barbuda,2026,Total,225
Argentina,2023,January,1635
Argentina,2023,February,1220
Argentina,2023,March,1205
Argentina,2023,April,1645
Argentina,2023,May,1835
Argentina,2023,June,1690
Argentina,2023,July,900
Argentina,2023,August,880
Argentina,2023,September,505
Argentina,2023,October,560
Argentina,2023,November,700
Argentina,2023,December,435
Argentina,2023,Total,13215
Argentina,2024,January,455
Argentina,2024,February,455
Argentina,2024,March,500
Argentina,2024,April,545
Argentina,2024,May,645
Argentina,2024,June,550
Argentina,2024,July,600
Argentina,2024,August,505
Argentina,2024,September,245
Argentina,2024,October,295
Argentina,2024,November,310
Argentina,2024,December,435
Argentina,2024,Total,5540
Argentina,2025,January,650
Argentina,2025,February,600
Argentina,2025,March,435
Argentina,2025,April,685
Argentina,2025,May,1295
Argentina,2025,June,635
Argentina,2025,July,755
Argentina,2025,August,550
Argentina,2025,September,390
Argentina,2025,October,615
Argentina,2025,November,450
Argentina,2025,December,550
Argentina,2025,Total,7605
Argentina,2026,January,580
Argentina,2026,February,495
Argentina,2026,March,585
Argentina,2026,April,685
Argentina,2026,May,595
Argentina,2026,Total,2940
Armenia,2023,January,95
Armenia,2023,February,120
Armenia,2023,March,140
Armenia,2023,April,120
Armenia,2023,May,360
Armenia,2023,June,205
Armenia,2023,July,145
Armenia,2023,August,205
Armenia,2023,September,160
Armenia,2023,October,355
Armenia,2023,November,390
Armenia,2023,December,240
Armenia,2023,Total,2530
Armenia,2024,January,250
Armenia,2024,February,120
Armenia,2024,March,150
Armenia,2024,April,310
Armenia,2024,May,230
Armenia,2024,June,170
Armenia,2024,July,175
Armenia,2024,August,300
Armenia,2024,September,175
Armenia,2024,October,230
Armenia,2024,November,220
Armenia,2024,December,160
Armenia,2024,Total,2485
Armenia,2025,January,125
Armenia,2025,February,180
Armenia,2025,March,175
Armenia,2025,April,200
Armenia,2025,May,230
Armenia,2025,June,175
Armenia,2025,July,185
Armenia,2025,August,160
Armenia,2025,September,160
Armenia,2025,October,150
Armenia,2025,November,145
Armenia,2025,December,105
Armenia,2025,Total,1985
Armenia,2026,January,140
Armenia,2026,February,175
Armenia,2026,March,145
Armenia,2026,April,170
Armenia,2026,May,140
Armenia,2026,Total,765
Aruba,2023,January,0
Aruba,2023,February,0
Aruba,2023,March,0
Aruba,2023,April,0
Aruba,2023,May,0
Aruba,2023,June,0
Aruba,2023,July,0
Aruba,2023,August,
Aruba,2023,September,0
Aruba,2023,October,0
Aruba,2023,November,
Aruba,2023,December,0
Aruba,2023,Total,
Aruba,2024,January,0
Aruba,2024,February,
Aruba,2024,March,0
Aruba,2024,April,
Aruba,2024,May,0
Aruba,2024,June,0
Aruba,2024,July,0
Aruba,2024,August,0
Aruba,2024,September,0
Aruba,2024,October,0
Aruba,2024,November,
Aruba,2024,December,
Aruba,2024,Total,5
Aruba,2025,January,0
Aruba,2025,February,0
Aruba,2025,March,0
Aruba,2025,April,0
Aruba,2025,May,0
Aruba,2025,June,0
Aruba,2025,July,0
Aruba,2025,August,0
Aruba,2025,September,0
Aruba,2025,October,0
Aruba,2025,November,
Aruba,2025,December,0
Aruba,2025,Total,
Aruba,2026,January,0
Aruba,2026,February,
Aruba,2026,March,
Aruba,2026,April,0
Aruba,2026,May,0
Aruba,2026,Total,
Australia,2023,January,475
Australia,2023,February,720
Australia,2023,March,1000
Australia,2023,April,540
Australia,2023,May,1395
Australia,2023,June,1515
Australia,2023,July,1330
Australia,2023,August,1200
Australia,2023,September,970
Australia,2023,October,990
Australia,2023,November,705
Australia,2023,December,375
Australia,2023,Total,11210
Australia,2024,January,540
Australia,2024,February,835
Australia,2024,March,870
Australia,2024,April,1055
Australia,2024,May,1450
Australia,2024,June,840
Australia,2024,July,1020
Australia,2024,August,1040
Australia,2024,September,855
Australia,2024,October,860
Australia,2024,November,650
Australia,2024,December,485
Australia,2024,Total,10495
Australia,2025,January,535
Australia,2025,February,920
Australia,2025,March,1000
Australia,2025,April,805
Australia,2025,May,1015
Australia,2025,June,1150
Australia,2025,July,960
Australia,2025,August,940
Australia,2025,September,860
Australia,2025,October,830
Australia,2025,November,625
Australia,2025,December,425
Australia,2025,Total,10075
Australia,2026,January,395
Australia,2026,February,895
Australia,2026,March,1290
Australia,2026,April,1155
Australia,2026,May,1420
Australia,2026,Total,5155
Austria,2023,January,55
Austria,2023,February,90
Austria,2023,March,55
Austria,2023,April,35
Austria,2023,May,60
Austria,2023,June,75
Austria,2023,July,75
Austria,2023,August,60
Austria,2023,September,35
Austria,2023,October,35
Austria,2023,November,35
Austria,2023,December,35
Austria,2023,Total,650
Austria,2024,January,45
Austria,2024,February,80
Austria,2024,March,75
Austria,2024,April,50
Austria,2024,May,70
Austria,2024,June,50
Austria,2024,July,70
Austria,2024,August,65
Austria,2024,September,35
Austria,2024,October,55
Austria,2024,November,35
Austria,2024,December,30
Austria,2024,Total,665
Austria,2025,January,55
Austria,2025,February,70
Austria,2025,March,80
Austria,2025,April,40
Austria,2025,May,55
Austria,2025,June,50
Austria,2025,July,45
Austria,2025,August,75
Austria,2025,September,25
Austria,2025,October,35
Austria,2025,November,30
Austria,2025,December,30
Austria,2025,Total,575
Austria,2026,January,40
Austria,2026,February,85
Austria,2026,March,95
Austria,2026,April,65
Austria,2026,May,70
Austria,2026,Total,360
Azerbaijan,2023,January,210
Azerbaijan,2023,February,260
Azerbaijan,2023,March,440
Azerbaijan,2023,April,160
Azerbaijan,2023,May,430
Azerbaijan,2023,June,360
Azerbaijan,2023,July,355
Azerbaijan,2023,August,470
Azerbaijan,2023,September,235
Azerbaijan,2023,October,730
Azerbaijan,2023,November,1090
Azerbaijan,2023,December,370
Azerbaijan,2023,Total,5110
Azerbaijan,2024,January,315
Azerbaijan,2024,February,385
Azerbaijan,2024,March,315
Azerbaijan,2024,April,195
Azerbaijan,2024,May,375
Azerbaijan,2024,June,340
Azerbaijan,2024,July,590
Azerbaijan,2024,August,590
Azerbaijan,2024,September,330
Azerbaijan,2024,October,550
Azerbaijan,2024,November,400
Azerbaijan,2024,December,420
Azerbaijan,2024,Total,4795
Azerbaijan,2025,January,485
Azerbaijan,2025,February,140
Azerbaijan,2025,March,695
Azerbaijan,2025,April,335
Azerbaijan,2025,May,510
Azerbaijan,2025,June,540
Azerbaijan,2025,July,510
Azerbaijan,2025,August,525
Azerbaijan,2025,September,410
Azerbaijan,2025,October,575
Azerbaijan,2025,November,430
Azerbaijan,2025,December,385
Azerbaijan,2025,Total,5540
Azerbaijan,2026,January,315
Azerbaijan,2026,February,355
Azerbaijan,2026,March,460
Azerbaijan,2026,April,325
Azerbaijan,2026,May,325
Azerbaijan,2026,Total,1780
"Bahama Islands, The",2023,January,265
"Bahama Islands, The",2023,February,190
"Bahama Islands, The",2023,March,220
"Bahama Islands, The",2023,April,150
"Bahama Islands, The",2023,May,225
"Bahama Islands, The",2023,June,275
"Bahama Islands, The",2023,July,245
"Bahama Islands, The",2023,August,280
"Bahama Islands, The",2023,September,280
"Bahama Islands, The",2023,October,215
"Bahama Islands, The",2023,November,210
"Bahama Islands, The",2023,December,165
"Bahama Islands, The",2023,Total,2715
"Bahama Islands, The",2024,January,205
"Bahama Islands, The",2024,February,195
"Bahama Islands, The",2024,March,170
"Bahama Islands, The",2024,April,95
"Bahama Islands, The",2024,May,160
"Bahama Islands, The",2024,June,185
"Bahama Islands, The",2024,July,195
"Bahama Islands, The",2024,August,200
"Bahama Islands, The",2024,September,180
"Bahama Islands, The",2024,October,200
"Bahama Islands, The",2024,November,190
"Bahama Islands, The",2024,December,245
"Bahama Islands, The",2024,Total,2220
"Bahama Islands, The",2025,January,205
"Bahama Islands, The",2025,February,160
"Bahama Islands, The",2025,March,200
"Bahama Islands, The",2025,April,195
"Bahama Islands, The",2025,May,170
"Bahama Islands, The",2025,June,105
"Bahama Islands, The",2025,July,110
"Bahama Islands, The",2025,August,230
"Bahama Islands, The",2025,September,160
"Bahama Islands, The",2025,October,165
"Bahama Islands, The",2025,November,190
"Bahama Islands, The",2025,December,195
"Bahama Islands, The",2025,Total,2090
"Bahama Islands, The",2026,January,150
"Bahama Islands, The",2026,February,180
"Bahama Islands, The",2026,March,150
"Bahama Islands, The",2026,April,165
"Bahama Islands, The",2026,May,185
"Bahama Islands, The",2026,Total,830
Bahrain,2023,January,240
Bahrain,2023,February,80
Bahrain,2023,March,70
Bahrain,2023,April,40
Bahrain,2023,May,70
Bahrain,2023,June,85
Bahrain,2023,July,180
Bahrain,2023,August,75
Bahrain,2023,September,60
Bahrain,2023,October,75
Bahrain,2023,November,45
Bahrain,2023,December,30
Bahrain,2023,Total,1050
Bahrain,2024,January,65
Bahrain,2024,February,60
Bahrain,2024,March,50
Bahrain,2024,April,55
Bahrain,2024,May,120
Bahrain,2024,June,45
Bahrain,2024,July,80
Bahrain,2024,August,55
Bahrain,2024,September,30
Bahrain,2024,October,95
Bahrain,2024,November,55
Bahrain,2024,December,45
Bahrain,2024,Total,755
Bahrain,2025,January,45
Bahrain,2025,February,40
Bahrain,2025,March,35
Bahrain,2025,April,30
Bahrain,2025,May,115
Bahrain,2025,June,50
Bahrain,2025,July,55
Bahrain,2025,August,50
Bahrain,2025,September,65
Bahrain,2025,October,55
Bahrain,2025,November,35
Bahrain,2025,December,30
Bahrain,2025,Total,605
Bahrain,2026,January,30
Bahrain,2026,February,60
Bahrain,2026,March,45
Bahrain,2026,April,85
Bahrain,2026,May,75
Bahrain,2026,Total,300
Bangladesh,2023,January,4095
Bangladesh,2023,February,5035
Bangladesh,2023,March,7670
Bangladesh,2023,April,4855
Bangladesh,2023,May,8685
Bangladesh,2023,June,7435
Bangladesh,2023,July,11780
Bangladesh,2023,August,11215
Bangladesh,2023,September,9135
Bangladesh,2023,October,16275
Bangladesh,2023,November,22420
Bangladesh,2023,December,16020
Bangladesh,2023,Total,124615
Bangladesh,2024,January,20070
Bangladesh,2024,February,22185
Bangladesh,2024,March,19245
Bangladesh,2024,April,21360
Bangladesh,2024,May,23055
Bangladesh,2024,June,22380
Bangladesh,2024,July,22695
Bangladesh,2024,August,13720
Bangladesh,2024,September,9480
Bangladesh,2024,October,13725
Bangladesh,2024,November,11470
Bangladesh,2024,December,10030
Bangladesh,2024,Total,209420
Bangladesh,2025,January,10705
Bangladesh,2025,February,8460
Bangladesh,2025,March,7555
Bangladesh,2025,April,6610
Bangladesh,2025,May,7395
Bangladesh,2025,June,6670
Bangladesh,2025,July,7330
Bangladesh,2025,August,7375
Bangladesh,2025,September,7790
Bangladesh,2025,October,7175
Bangladesh,2025,November,7580
Bangladesh,2025,December,6920
Bangladesh,2025,Total,91565
Bangladesh,2026,January,6455
Bangladesh,2026,February,7450
Bangladesh,2026,March,7530
Bangladesh,2026,April,6680
Bangladesh,2026,May,8560
Bangladesh,2026,Total,36680
Barbados,2023,January,150
Barbados,2023,February,160
Barbados,2023,March,155
Barbados,2023,April,140
Barbados,2023,May,205
Barbados,2023,June,155
Barbados,2023,July,160
Barbados,2023,August,185
Barbados,2023,September,130
Barbados,2023,October,135
Barbados,2023,November,140
Barbados,2023,December,95
Barbados,2023,Total,1815
Barbados,2024,January,110
Barbados,2024,February,185
Barbados,2024,March,175
Barbados,2024,April,150
Barbados,2024,May,135
Barbados,2024,June,105
Barbados,2024,July,165
Barbados,2024,August,135
Barbados,2024,September,95
Barbados,2024,October,170
Barbados,2024,November,145
Barbados,2024,December,150
Barbados,2024,Total,1725
Barbados,2025,January,170
Barbados,2025,February,160
Barbados,2025,March,130
Barbados,2025,April,130
Barbados,2025,May,105
Barbados,2025,June,100
Barbados,2025,July,95
Barbados,2025,August,165
Barbados,2025,September,115
Barbados,2025,October,115
Barbados,2025,November,150
Barbados,2025,December,125
Barbados,2025,Total,1555
Barbados,2026,January,125
Barbados,2026,February,140
Barbados,2026,March,185
Barbados,2026,April,135
Barbados,2026,May,105
Barbados,2026,Total,695
Belarus,2023,January,170
Belarus,2023,February,65
Belarus,2023,March,120
Belarus,2023,April,85
Belarus,2023,May,265
Belarus,2023,June,170
Belarus,2023,July,175
Belarus,2023,August,275
Belarus,2023,September,220
Belarus,2023,October,315
Belarus,2023,November,490
Belarus,2023,December,330
Belarus,2023,Total,2680
Belarus,2024,January,235
Belarus,2024,February,115
Belarus,2024,March,110
Belarus,2024,April,185
Belarus,2024,May,170
Belarus,2024,June,100
Belarus,2024,July,155
Belarus,2024,August,160
Belarus,2024,September,120
Belarus,2024,October,140
Belarus,2024,November,135
Belarus,2024,December,80
Belarus,2024,Total,1695
Belarus,2025,January,110
Belarus,2025,February,105
Belarus,2025,March,105
Belarus,2025,April,130
Belarus,2025,May,160
Belarus,2025,June,125
Belarus,2025,July,180
Belarus,2025,August,135
Belarus,2025,September,80
Belarus,2025,October,110
Belarus,2025,November,95
Belarus,2025,December,160
Belarus,2025,Total,1500
Belarus,2026,January,110
Belarus,2026,February,105
Belarus,2026,March,115
Belarus,2026,April,130
Belarus,2026,May,185
Belarus,2026,Total,640
Belgium,2023,January,240
Belgium,2023,February,260
Belgium,2023,March,285
Belgium,2023,April,170
Belgium,2023,May,355
Belgium,2023,June,395
Belgium,2023,July,365
Belgium,2023,August,235
Belgium,2023,September,270
Belgium,2023,October,265
Belgium,2023,November,210
Belgium,2023,December,145
Belgium,2023,Total,3200
Belgium,2024,January,310
Belgium,2024,February,300
Belgium,2024,March,290
Belgium,2024,April,290
Belgium,2024,May,330
Belgium,2024,June,215
Belgium,2024,July,305
Belgium,2024,August,310
Belgium,2024,September,245
Belgium,2024,October,250
Belgium,2024,November,160
Belgium,2024,December,220
Belgium,2024,Total,3215
Belgium,2025,January,255
Belgium,2025,February,285
Belgium,2025,March,325
Belgium,2025,April,230
Belgium,2025,May,230
Belgium,2025,June,175
Belgium,2025,July,210
Belgium,2025,August,475
Belgium,2025,September,185
Belgium,2025,October,155
Belgium,2025,November,220
Belgium,2025,December,140
Belgium,2025,Total,2880
Belgium,2026,January,220
Belgium,2026,February,310
Belgium,2026,March,390
Belgium,2026,April,355
Belgium,2026,May,340
Belgium,2026,Total,1610
Belize,2023,January,100
Belize,2023,February,75
Belize,2023,March,70
Belize,2023,April,60
Belize,2023,May,105
Belize,2023,June,90
Belize,2023,July,60
Belize,2023,August,105
Belize,2023,September,80
Belize,2023,October,75
Belize,2023,November,100
Belize,2023,December,45
Belize,2023,Total,965
Belize,2024,January,65
Belize,2024,February,65
Belize,2024,March,100
Belize,2024,April,55
Belize,2024,May,110
Belize,2024,June,40
Belize,2024,July,90
Belize,2024,August,65
Belize,2024,September,50
Belize,2024,October,30
Belize,2024,November,95
Belize,2024,December,65
Belize,2024,Total,820
Belize,2025,January,150
Belize,2025,February,35
Belize,2025,March,55
Belize,2025,April,80
Belize,2025,May,105
Belize,2025,June,60
Belize,2025,July,70
Belize,2025,August,60
Belize,2025,September,35
Belize,2025,October,50
Belize,2025,November,70
Belize,2025,December,65
Belize,2025,Total,840
Belize,2026,January,60
Belize,2026,February,75
Belize,2026,March,100
Belize,2026,April,85
Belize,2026,May,65
Belize,2026,Total,395
Bermuda,2023,January,
Bermuda,2023,February,
Bermuda,2023,March,0
Bermuda,2023,April,
Bermuda,2023,May,5
Bermuda,2023,June,5
Bermuda,2023,July,5
Bermuda,2023,August,5
Bermuda,2023,September,
Bermuda,2023,October,
Bermuda,2023,November,
Bermuda,2023,December,
Bermuda,2023,Total,35
Bermuda,2024,January,
Bermuda,2024,February,
Bermuda,2024,March,
Bermuda,2024,April,
Bermuda,2024,May,
Bermuda,2024,June,0
Bermuda,2024,July,
Bermuda,2024,August,
Bermuda,2024,September,
Bermuda,2024,October,5
Bermuda,2024,November,
Bermuda,2024,December,
Bermuda,2024,Total,25
Bermuda,2025,January,
Bermuda,2025,February,
Bermuda,2025,March,
Bermuda,2025,April,
Bermuda,2025,May,
Bermuda,2025,June,
Bermuda,2025,July,0
Bermuda,2025,August,10
Bermuda,2025,September,
Bermuda,2025,October,0
Bermuda,2025,November,0
Bermuda,2025,December,
Bermuda,2025,Total,30
Bermuda,2026,January,
Bermuda,2026,February,
Bermuda,2026,March,
Bermuda,2026,April,5
Bermuda,2026,May,
Bermuda,2026,Total,10
Bhutan,2023,January,125
Bhutan,2023,February,80
Bhutan,2023,March,165
Bhutan,2023,April,195
Bhutan,2023,May,125
Bhutan,2023,June,360
Bhutan,2023,July,395
Bhutan,2023,August,250
Bhutan,2023,September,195
Bhutan,2023,October,120
Bhutan,2023,November,550
Bhutan,2023,December,515
Bhutan,2023,Total,3075
Bhutan,2024,January,335
Bhutan,2024,February,95
Bhutan,2024,March,215
Bhutan,2024,April,180
Bhutan,2024,May,140
Bhutan,2024,June,115
Bhutan,2024,July,695
Bhutan,2024,August,205
Bhutan,2024,September,290
Bhutan,2024,October,170
Bhutan,2024,November,210
Bhutan,2024,December,185
Bhutan,2024,Total,2840
Bhutan,2025,January,150
Bhutan,2025,February,165
Bhutan,2025,March,145
Bhutan,2025,April,165
Bhutan,2025,May,120
Bhutan,2025,June,110
Bhutan,2025,July,130
Bhutan,2025,August,145
Bhutan,2025,September,155
Bhutan,2025,October,165
Bhutan,2025,November,125
Bhutan,2025,December,145
Bhutan,2025,Total,1720
Bhutan,2026,January,150
Bhutan,2026,February,155
Bhutan,2026,March,225
Bhutan,2026,April,295
Bhutan,2026,May,270
Bhutan,2026,Total,1090
Bolivia,2023,January,165
Bolivia,2023,February,160
Bolivia,2023,March,195
Bolivia,2023,April,190
Bolivia,2023,May,360
Bolivia,2023,June,285
Bolivia,2023,July,260
Bolivia,2023,August,335
Bolivia,2023,September,200
Bolivia,2023,October,150
Bolivia,2023,November,190
Bolivia,2023,December,130
Bolivia,2023,Total,2615
Bolivia,2024,January,165
Bolivia,2024,February,200
Bolivia,2024,March,250
Bolivia,2024,April,315
Bolivia,2024,May,230
Bolivia,2024,June,210
Bolivia,2024,July,270
Bolivia,2024,August,315
Bolivia,2024,September,195
Bolivia,2024,October,345
Bolivia,2024,November,245
Bolivia,2024,December,225
Bolivia,2024,Total,2960
Bolivia,2025,January,340
Bolivia,2025,February,210
Bolivia,2025,March,275
Bolivia,2025,April,220
Bolivia,2025,May,305
Bolivia,2025,June,220
Bolivia,2025,July,310
Bolivia,2025,August,225
Bolivia,2025,September,170
Bolivia,2025,October,165
Bolivia,2025,November,205
Bolivia,2025,December,195
Bolivia,2025,Total,2840
Bolivia,2026,January,160
Bolivia,2026,February,215
Bolivia,2026,March,245
Bolivia,2026,April,215
Bolivia,2026,May,200
Bolivia,2026,Total,1035
Bosnia-Hercegovina,2023,January,70
Bosnia-Hercegovina,2023,February,50
Bosnia-Hercegovina,2023,March,85
Bosnia-Hercegovina,2023,April,50
Bosnia-Hercegovina,2023,May,155
Bosnia-Hercegovina,2023,June,90
Bosnia-Hercegovina,2023,July,110
Bosnia-Hercegovina,2023,August,105
Bosnia-Hercegovina,2023,September,45
Bosnia-Hercegovina,2023,October,45
Bosnia-Hercegovina,2023,November,75
Bosnia-Hercegovina,2023,December,80
Bosnia-Hercegovina,2023,Total,955
Bosnia-Hercegovina,2024,January,60
Bosnia-Hercegovina,2024,February,70
Bosnia-Hercegovina,2024,March,90
Bosnia-Hercegovina,2024,April,85
Bosnia-Hercegovina,2024,May,70
Bosnia-Hercegovina,2024,June,45
Bosnia-Hercegovina,2024,July,55
Bosnia-Hercegovina,2024,August,35
Bosnia-Hercegovina,2024,September,35
Bosnia-Hercegovina,2024,October,35
Bosnia-Hercegovina,2024,November,40
Bosnia-Hercegovina,2024,December,40
Bosnia-Hercegovina,2024,Total,665
Bosnia-Hercegovina,2025,January,70
Bosnia-Hercegovina,2025,February,40
Bosnia-Hercegovina,2025,March,105
Bosnia-Hercegovina,2025,April,100
Bosnia-Hercegovina,2025,May,130
Bosnia-Hercegovina,2025,June,115
Bosnia-Hercegovina,2025,July,145
Bosnia-Hercegovina,2025,August,80
Bosnia-Hercegovina,2025,September,95
Bosnia-Hercegovina,2025,October,105
Bosnia-Hercegovina,2025,November,45
Bosnia-Hercegovina,2025,December,80
Bosnia-Hercegovina,2025,Total,1115
Bosnia-Hercegovina,2026,January,80
Bosnia-Hercegovina,2026,February,50
Bosnia-Hercegovina,2026,March,110
Bosnia-Hercegovina,2026,April,135
Bosnia-Hercegovina,2026,May,400
Bosnia-Hercegovina,2026,Total,780
"Botswana, Republic of",2023,January,25
"Botswana, Republic of",2023,February,35
"Botswana, Republic of",2023,March,35
"Botswana, Republic of",2023,April,55
"Botswana, Republic of",2023,May,85
"Botswana, Republic of",2023,June,50
"Botswana, Republic of",2023,July,30
"Botswana, Republic of",2023,August,55
"Botswana, Republic of",2023,September,40
"Botswana, Republic of",2023,October,30
"Botswana, Republic of",2023,November,45
"Botswana, Republic of",2023,December,25
"Botswana, Republic of",2023,Total,505
"Botswana, Republic of",2024,January,75
"Botswana, Republic of",2024,February,20
"Botswana, Republic of",2024,March,20
"Botswana, Republic of",2024,April,30
"Botswana, Republic of",2024,May,50
"Botswana, Republic of",2024,June,40
"Botswana, Republic of",2024,July,35
"Botswana, Republic of",2024,August,40
"Botswana, Republic of",2024,September,30
"Botswana, Republic of",2024,October,35
"Botswana, Republic of",2024,November,20
"Botswana, Republic of",2024,December,35
"Botswana, Republic of",2024,Total,430
"Botswana, Republic of",2025,January,45
"Botswana, Republic of",2025,February,30
"Botswana, Republic of",2025,March,35
"Botswana, Republic of",2025,April,30
"Botswana, Republic of",2025,May,15
"Botswana, Republic of",2025,June,45
"Botswana, Republic of",2025,July,40
"Botswana, Republic of",2025,August,60
"Botswana, Republic of",2025,September,45
"Botswana, Republic of",2025,October,25
"Botswana, Republic of",2025,November,45
"Botswana, Republic of",2025,December,40
"Botswana, Republic of",2025,Total,460
"Botswana, Republic of",2026,January,20
"Botswana, Republic of",2026,February,35
"Botswana, Republic of",2026,March,30
"Botswana, Republic of",2026,April,45
"Botswana, Republic of",2026,May,40
"Botswana, Republic of",2026,Total,175
Brazil,2023,January,5575
Brazil,2023,February,4270
Brazil,2023,March,5895
Brazil,2023,April,3955
Brazil,2023,May,5330
Brazil,2023,June,5340
Brazil,2023,July,5355
Brazil,2023,August,5335
Brazil,2023,September,3840
Brazil,2023,October,4980
Brazil,2023,November,4715
Brazil,2023,December,4085
Brazil,2023,Total,58680
Brazil,2024,January,4930
Brazil,2024,February,3690
Brazil,2024,March,5280
Brazil,2024,April,4955
Brazil,2024,May,4255
Brazil,2024,June,3410
Brazil,2024,July,4250
Brazil,2024,August,3150
Brazil,2024,September,3470
Brazil,2024,October,3470
Brazil,2024,November,3165
Brazil,2024,December,3550
Brazil,2024,Total,47580
Brazil,2025,January,4550
Brazil,2025,February,3010
Brazil,2025,March,3495
Brazil,2025,April,4565
Brazil,2025,May,5585
Brazil,2025,June,3495
Brazil,2025,July,5155
Brazil,2025,August,2720
Brazil,2025,September,3745
Brazil,2025,October,3680
Brazil,2025,November,4490
Brazil,2025,December,4340
Brazil,2025,Total,48830
Brazil,2026,January,4870
Brazil,2026,February,4090
Brazil,2026,March,5265
Brazil,2026,April,5490
Brazil,2026,May,5615
Brazil,2026,Total,25335
Brunei,2023,January,
Brunei,2023,February,0
Brunei,2023,March,
Brunei,2023,April,
Brunei,2023,May,10
Brunei,2023,June,5
Brunei,2023,July,5
Brunei,2023,August,10
Brunei,2023,September,
Brunei,2023,October,
Brunei,2023,November,
Brunei,2023,December,
Brunei,2023,Total,50
Brunei,2024,January,
Brunei,2024,February,
Brunei,2024,March,5
Brunei,2024,April,
Brunei,2024,May,
Brunei,2024,June,
Brunei,2024,July,5
Brunei,2024,August,
Brunei,2024,September,
Brunei,2024,October,
Brunei,2024,November,
Brunei,2024,December,
Brunei,2024,Total,35
Brunei,2025,January,10
Brunei,2025,February,
Brunei,2025,March,5
Brunei,2025,April,
Brunei,2025,May,
Brunei,2025,June,
Brunei,2025,July,
Brunei,2025,August,
Brunei,2025,September,5
Brunei,2025,October,
Brunei,2025,November,
Brunei,2025,December,5
Brunei,2025,Total,40
Brunei,2026,January,
Brunei,2026,February,
Brunei,2026,March,0
Brunei,2026,April,
Brunei,2026,May,
Brunei,2026,Total,10
Bulgaria,2023,January,30
Bulgaria,2023,February,30
Bulgaria,2023,March,45
Bulgaria,2023,April,30
Bulgaria,2023,May,40
Bulgaria,2023,June,25
Bulgaria,2023,July,20
Bulgaria,2023,August,35
Bulgaria,2023,September,30
Bulgaria,2023,October,30
Bulgaria,2023,November,20
Bulgaria,2023,December,25
Bulgaria,2023,Total,350
Bulgaria,2024,January,25
Bulgaria,2024,February,25
Bulgaria,2024,March,40
Bulgaria,2024,April,20
Bulgaria,2024,May,30
Bulgaria,2024,June,35
Bulgaria,2024,July,15
Bulgaria,2024,August,35
Bulgaria,2024,September,25
Bulgaria,2024,October,30
Bulgaria,2024,November,15
Bulgaria,2024,December,30
Bulgaria,2024,Total,330
Bulgaria,2025,January,25
Bulgaria,2025,February,20
Bulgaria,2025,March,25
Bulgaria,2025,April,20
Bulgaria,2025,May,20
Bulgaria,2025,June,20
Bulgaria,2025,July,15
Bulgaria,2025,August,35
Bulgaria,2025,September,15
Bulgaria,2025,October,20
Bulgaria,2025,November,15
Bulgaria,2025,December,25
Bulgaria,2025,Total,250
Bulgaria,2026,January,10
Bulgaria,2026,February,15
Bulgaria,2026,March,10
Bulgaria,2026,April,15
Bulgaria,2026,May,20
Bulgaria,2026,Total,75
Burkina-Faso,2023,January,490
Burkina-Faso,2023,February,420
Burkina-Faso,2023,March,435
Burkina-Faso,2023,April,705
Burkina-Faso,2023,May,785
Burkina-Faso,2023,June,685
Burkina-Faso,2023,July,570
Burkina-Faso,2023,August,515
Burkina-Faso,2023,September,580
Burkina-Faso,2023,October,640
Burkina-Faso,2023,November,795
Burkina-Faso,2023,December,770
Burkina-Faso,2023,Total,7395
Burkina-Faso,2024,January,730
Burkina-Faso,2024,February,2325
Burkina-Faso,2024,March,1735
Burkina-Faso,2024,April,1445
Burkina-Faso,2024,May,1135
Burkina-Faso,2024,June,1795
Burkina-Faso,2024,July,1680
Burkina-Faso,2024,August,950
Burkina-Faso,2024,September,1635
Burkina-Faso,2024,October,1265
Burkina-Faso,2024,November,1320
Burkina-Faso,2024,December,980
Burkina-Faso,2024,Total,16990
Burkina-Faso,2025,January,830
Burkina-Faso,2025,February,595
Burkina-Faso,2025,March,625
Burkina-Faso,2025,April,565
Burkina-Faso,2025,May,795
Burkina-Faso,2025,June,1105
Burkina-Faso,2025,July,920
Burkina-Faso,2025,August,720
Burkina-Faso,2025,September,740
Burkina-Faso,2025,October,1015
Burkina-Faso,2025,November,1370
Burkina-Faso,2025,December,785
Burkina-Faso,2025,Total,10060
Burkina-Faso,2026,January,700
Burkina-Faso,2026,February,890
Burkina-Faso,2026,March,860
Burkina-Faso,2026,April,910
Burkina-Faso,2026,May,880
Burkina-Faso,2026,Total,4240
Burundi,2023,January,275
Burundi,2023,February,175
Burundi,2023,March,260
Burundi,2023,April,930
Burundi,2023,May,625
Burundi,2023,June,540
Burundi,2023,July,495
Burundi,2023,August,1205
Burundi,2023,September,1155
Burundi,2023,October,1115
Burundi,2023,November,1925
Burundi,2023,December,675
Burundi,2023,Total,9370
Burundi,2024,January,985
Burundi,2024,February,1400
Burundi,2024,March,780
Burundi,2024,April,1255
Burundi,2024,May,1760
Burundi,2024,June,550
Burundi,2024,July,390
Burundi,2024,August,890
Burundi,2024,September,445
Burundi,2024,October,970
Burundi,2024,November,2075
Burundi,2024,December,725
Burundi,2024,Total,12220
Burundi,2025,January,1065
Burundi,2025,February,1735
Burundi,2025,March,975
Burundi,2025,April,300
Burundi,2025,May,420
Burundi,2025,June,240
Burundi,2025,July,200
Burundi,2025,August,415
Burundi,2025,September,195
Burundi,2025,October,370
Burundi,2025,November,945
Burundi,2025,December,595
Burundi,2025,Total,7445
Burundi,2026,January,390
Burundi,2026,February,850
Burundi,2026,March,560
Burundi,2026,April,555
Burundi,2026,May,510
Burundi,2026,Total,2865
Cambodia,2023,January,175
Cambodia,2023,February,200
Cambodia,2023,March,260
Cambodia,2023,April,230
Cambodia,2023,May,245
Cambodia,2023,June,315
Cambodia,2023,July,345
Cambodia,2023,August,285
Cambodia,2023,September,270
Cambodia,2023,October,245
Cambodia,2023,November,265
Cambodia,2023,December,255
Cambodia,2023,Total,3100
Cambodia,2024,January,295
Cambodia,2024,February,285
Cambodia,2024,March,290
Cambodia,2024,April,390
Cambodia,2024,May,395
Cambodia,2024,June,385
Cambodia,2024,July,515
Cambodia,2024,August,405
Cambodia,2024,September,450
Cambodia,2024,October,310
Cambodia,2024,November,270
Cambodia,2024,December,435
Cambodia,2024,Total,4420
Cambodia,2025,January,380
Cambodia,2025,February,245
Cambodia,2025,March,455
Cambodia,2025,April,370
Cambodia,2025,May,380
Cambodia,2025,June,385
Cambodia,2025,July,310
Cambodia,2025,August,440
Cambodia,2025,September,370
Cambodia,2025,October,345
Cambodia,2025,November,320
Cambodia,2025,December,300
Cambodia,2025,Total,4290
Cambodia,2026,January,325
Cambodia,2026,February,300
Cambodia,2026,March,435
Cambodia,2026,April,385
Cambodia,2026,May,285
Cambodia,2026,Total,1730
Cape Verde Islands,2023,January,5
Cape Verde Islands,2023,February,10
Cape Verde Islands,2023,March,5
Cape Verde Islands,2023,April,5
Cape Verde Islands,2023,May,5
Cape Verde Islands,2023,June,
Cape Verde Islands,2023,July,10
Cape Verde Islands,2023,August,10
Cape Verde Islands,2023,September,5
Cape Verde Islands,2023,October,10
Cape Verde Islands,2023,November,
Cape Verde Islands,2023,December,
Cape Verde Islands,2023,Total,75
Cape Verde Islands,2024,January,5
Cape Verde Islands,2024,February,
Cape Verde Islands,2024,March,
Cape Verde Islands,2024,April,10
Cape Verde Islands,2024,May,
Cape Verde Islands,2024,June,15
Cape Verde Islands,2024,July,10
Cape Verde Islands,2024,August,10
Cape Verde Islands,2024,September,15
Cape Verde Islands,2024,October,5
Cape Verde Islands,2024,November,5
Cape Verde Islands,2024,December,10
Cape Verde Islands,2024,Total,90
Cape Verde Islands,2025,January,10
Cape Verde Islands,2025,February,5
Cape Verde Islands,2025,March,10
Cape Verde Islands,2025,April,
Cape Verde Islands,2025,May,10
Cape Verde Islands,2025,June,15
Cape Verde Islands,2025,July,15
Cape Verde Islands,2025,August,
Cape Verde Islands,2025,September,10
Cape Verde Islands,2025,October,10
Cape Verde Islands,2025,November,
Cape Verde Islands,2025,December,
Cape Verde Islands,2025,Total,95
Cape Verde Islands,2026,January,5
Cape Verde Islands,2026,February,10
Cape Verde Islands,2026,March,
Cape Verde Islands,2026,April,10
Cape Verde Islands,2026,May,5
Cape Verde Islands,2026,Total,35
Cayman Islands,2023,January,0
Cayman Islands,2023,February,
Cayman Islands,2023,March,0
Cayman Islands,2023,April,0
Cayman Islands,2023,May,
Cayman Islands,2023,June,
Cayman Islands,2023,July,
Cayman Islands,2023,August,
Cayman Islands,2023,September,0
Cayman Islands,2023,October,0
Cayman Islands,2023,November,
Cayman Islands,2023,December,0
Cayman Islands,2023,Total,10
Cayman Islands,2024,January,0
Cayman Islands,2024,February,0
Cayman Islands,2024,March,0
Cayman Islands,2024,April,0
Cayman Islands,2024,May,0
Cayman Islands,2024,June,0
Cayman Islands,2024,July,
Cayman Islands,2024,August,
Cayman Islands,2024,September,0
Cayman Islands,2024,October,0
Cayman Islands,2024,November,0
Cayman Islands,2024,December,0
Cayman Islands,2024,Total,
Cayman Islands,2025,January,
Cayman Islands,2025,February,0
Cayman Islands,2025,March,0
Cayman Islands,2025,April,
Cayman Islands,2025,May,0
Cayman Islands,2025,June,0
Cayman Islands,2025,July,0
Cayman Islands,2025,August,
Cayman Islands,2025,September,0
Cayman Islands,2025,October,0
Cayman Islands,2025,November,0
Cayman Islands,2025,December,
Cayman Islands,2025,Total,
Cayman Islands,2026,January,0
Cayman Islands,2026,February,0
Cayman Islands,2026,March,0
Cayman Islands,2026,April,
Cayman Islands,2026,May,0
Cayman Islands,2026,Total,
Central African Republic,2023,January,20
Central African Republic,2023,February,20
Central African Republic,2023,March,35
Central African Republic,2023,April,75
Central African Republic,2023,May,45
Central African Republic,2023,June,30
Central African Republic,2023,July,45
Central African Republic,2023,August,50
Central African Republic,2023,September,20
Central African Republic,2023,October,50
Central African Republic,2023,November,35
Central African Republic,2023,December,30
Central African Republic,2023,Total,460
Central African Republic,2024,January,30
Central African Republic,2024,February,55
Central African Republic,2024,March,60
Central African Republic,2024,April,60
Central African Republic,2024,May,35
Central African Republic,2024,June,45
Central African Republic,2024,July,45
Central African Republic,2024,August,35
Central African Republic,2024,September,55
Central African Republic,2024,October,55
Central African Republic,2024,November,50
Central African Republic,2024,December,45
Central African Republic,2024,Total,565
Central African Republic,2025,January,35
Central African Republic,2025,February,25
Central African Republic,2025,March,35
Central African Republic,2025,April,55
Central African Republic,2025,May,50
Central African Republic,2025,June,40
Central African Republic,2025,July,55
Central African Republic,2025,August,50
Central African Republic,2025,September,55
Central African Republic,2025,October,35
Central African Republic,2025,November,40
Central African Republic,2025,December,45
Central African Republic,2025,Total,520
Central African Republic,2026,January,25
Central African Republic,2026,February,70
Central African Republic,2026,March,50
Central African Republic,2026,April,30
Central African Republic,2026,May,35
Central African Republic,2026,Total,215
"Chad, Republic of",2023,January,195
"Chad, Republic of",2023,February,400
"Chad, Republic of",2023,March,310
"Chad, Republic of",2023,April,565
"Chad, Republic of",2023,May,460
"Chad, Republic of",2023,June,360
"Chad, Republic of",2023,July,370
"Chad, Republic of",2023,August,610
"Chad, Republic of",2023,September,310
"Chad, Republic of",2023,October,440
"Chad, Republic of",2023,November,1015
"Chad, Republic of",2023,December,430
"Chad, Republic of",2023,Total,5470
"Chad, Republic of",2024,January,490
"Chad, Republic of",2024,February,745
"Chad, Republic of",2024,March,1105
"Chad, Republic of",2024,April,1625
"Chad, Republic of",2024,May,1445
"Chad, Republic of",2024,June,330
"Chad, Republic of",2024,July,490
"Chad, Republic of",2024,August,430
"Chad, Republic of",2024,September,1075
"Chad, Republic of",2024,October,410
"Chad, Republic of",2024,November,340
"Chad, Republic of",2024,December,235
"Chad, Republic of",2024,Total,8725
"Chad, Republic of",2025,January,370
"Chad, Republic of",2025,February,190
"Chad, Republic of",2025,March,340
"Chad, Republic of",2025,April,310
"Chad, Republic of",2025,May,750
"Chad, Republic of",2025,June,355
"Chad, Republic of",2025,July,160
"Chad, Republic of",2025,August,295
"Chad, Republic of",2025,September,395
"Chad, Republic of",2025,October,255
"Chad, Republic of",2025,November,345
"Chad, Republic of",2025,December,290
"Chad, Republic of",2025,Total,4045
"Chad, Republic of",2026,January,285
"Chad, Republic of",2026,February,545
"Chad, Republic of",2026,March,325
"Chad, Republic of",2026,April,150
"Chad, Republic of",2026,May,225
"Chad, Republic of",2026,Total,1525
Chile,2023,January,730
Chile,2023,February,700
Chile,2023,March,1115
Chile,2023,April,785
Chile,2023,May,1360
Chile,2023,June,1280
Chile,2023,July,895
Chile,2023,August,830
Chile,2023,September,865
Chile,2023,October,1590
Chile,2023,November,1790
Chile,2023,December,860
Chile,2023,Total,12800
Chile,2024,January,785
Chile,2024,February,720
Chile,2024,March,890
Chile,2024,April,810
Chile,2024,May,835
Chile,2024,June,620
Chile,2024,July,665
Chile,2024,August,1185
Chile,2024,September,2170
Chile,2024,October,1660
Chile,2024,November,965
Chile,2024,December,770
Chile,2024,Total,12075
Chile,2025,January,830
Chile,2025,February,700
Chile,2025,March,940
Chile,2025,April,805
Chile,2025,May,835
Chile,2025,June,550
Chile,2025,July,480
Chile,2025,August,610
Chile,2025,September,730
Chile,2025,October,695
Chile,2025,November,855
Chile,2025,December,740
Chile,2025,Total,8765
Chile,2026,January,650
Chile,2026,February,795
Chile,2026,March,1145
Chile,2026,April,1000
Chile,2026,May,825
Chile,2026,Total,4410
Colombia,2023,January,5355
Colombia,2023,February,6645
Colombia,2023,March,7935
Colombia,2023,April,7160
Colombia,2023,May,7565
Colombia,2023,June,8425
Colombia,2023,July,9920
Colombia,2023,August,9835
Colombia,2023,September,8500
Colombia,2023,October,11330
Colombia,2023,November,10110
Colombia,2023,December,6635
Colombia,2023,Total,99415
Colombia,2024,January,7825
Colombia,2024,February,8475
Colombia,2024,March,8735
Colombia,2024,April,9750
Colombia,2024,May,9735
Colombia,2024,June,7820
Colombia,2024,July,9045
Colombia,2024,August,7765
Colombia,2024,September,7325
Colombia,2024,October,9585
Colombia,2024,November,7420
Colombia,2024,December,8045
Colombia,2024,Total,101530
Colombia,2025,January,9580
Colombia,2025,February,8270
Colombia,2025,March,9015
Colombia,2025,April,8755
Colombia,2025,May,8455
Colombia,2025,June,6480
Colombia,2025,July,9455
Colombia,2025,August,10910
Colombia,2025,September,9240
Colombia,2025,October,7495
Colombia,2025,November,9100
Colombia,2025,December,8530
Colombia,2025,Total,105290
Colombia,2026,January,9555
Colombia,2026,February,10025
Colombia,2026,March,11645
Colombia,2026,April,10485
Colombia,2026,May,11895
Colombia,2026,Total,53605
Commonwealth of the Northern Mariana Islands,2023,January,0
Commonwealth of the Northern Mariana Islands,2023,February,
Commonwealth of the Northern Mariana Islands,2023,March,
Commonwealth of the Northern Mariana Islands,2023,April,0
Commonwealth of the Northern Mariana Islands,2023,May,
Commonwealth of the Northern Mariana Islands,2023,June,0
Commonwealth of the Northern Mariana Islands,2023,July,
Commonwealth of the Northern Mariana Islands,2023,August,0
Commonwealth of the Northern Mariana Islands,2023,September,
Commonwealth of the Northern Mariana Islands,2023,October,0
Commonwealth of the Northern Mariana Islands,2023,November,0
Commonwealth of the Northern Mariana Islands,2023,December,
Commonwealth of the Northern Mariana Islands,2023,Total,10
Commonwealth of the Northern Mariana Islands,2024,January,
Commonwealth of the Northern Mariana Islands,2024,February,
Commonwealth of the Northern Mariana Islands,2024,March,
Commonwealth of the Northern Mariana Islands,2024,April,
Commonwealth of the Northern Mariana Islands,2024,May,
Commonwealth of the Northern Mariana Islands,2024,June,
Commonwealth of the Northern Mariana Islands,2024,July,0
Commonwealth of the Northern Mariana Islands,2024,August,
Commonwealth of the Northern Mariana Islands,2024,September,0
Commonwealth of the Northern Mariana Islands,2024,October,0
Commonwealth of the Northern Mariana Islands,2024,November,
Commonwealth of the Northern Mariana Islands,2024,December,
Commonwealth of the Northern Mariana Islands,2024,Total,10
Commonwealth of the Northern Mariana Islands,2025,January,
Commonwealth of the Northern Mariana Islands,2025,February,0
Commonwealth of the Northern Mariana Islands,2025,March,
Commonwealth of the Northern Mariana Islands,2025,April,0
Commonwealth of the Northern Mariana Islands,2025,May,
Commonwealth of the Northern Mariana Islands,2025,June,
Commonwealth of the Northern Mariana Islands,2025,July,0
Commonwealth of the Northern Mariana Islands,2025,August,0
Commonwealth of the Northern Mariana Islands,2025,September,0
Commonwealth of the Northern Mariana Islands,2025,October,0
Commonwealth of the Northern Mariana Islands,2025,November,
Commonwealth of the Northern Mariana Islands,2025,December,
Commonwealth of the Northern Mariana Islands,2025,Total,10
Commonwealth of the Northern Mariana Islands,2026,January,
Commonwealth of the Northern Mariana Islands,2026,February,
Commonwealth of the Northern Mariana Islands,2026,March,0
Commonwealth of the Northern Mariana Islands,2026,April,
Commonwealth of the Northern Mariana Islands,2026,May,
Commonwealth of the Northern Mariana Islands,2026,Total,5
Comoros,2023,January,15
Comoros,2023,February,15
Comoros,2023,March,20
Comoros,2023,April,25
Comoros,2023,May,35
Comoros,2023,June,20
Comoros,2023,July,25
Comoros,2023,August,35
Comoros,2023,September,20
Comoros,2023,October,20
Comoros,2023,November,25
Comoros,2023,December,15
Comoros,2023,Total,270
Comoros,2024,January,30
Comoros,2024,February,25
Comoros,2024,March,15
Comoros,2024,April,10
Comoros,2024,May,20
Comoros,2024,June,30
Comoros,2024,July,35
Comoros,2024,August,20
Comoros,2024,September,25
Comoros,2024,October,20
Comoros,2024,November,25
Comoros,2024,December,15
Comoros,2024,Total,275
Comoros,2025,January,25
Comoros,2025,February,40
Comoros,2025,March,35
Comoros,2025,April,5
Comoros,2025,May,25
Comoros,2025,June,20
Comoros,2025,July,15
Comoros,2025,August,25
Comoros,2025,September,25
Comoros,2025,October,20
Comoros,2025,November,10
Comoros,2025,December,30
Comoros,2025,Total,275
Comoros,2026,January,25
Comoros,2026,February,25
Comoros,2026,March,25
Comoros,2026,April,25
Comoros,2026,May,25
Comoros,2026,Total,130
"Congo, Democratic Republic of the",2023,January,2005
"Congo, Democratic Republic of the",2023,February,1625
"Congo, Democratic Republic of the",2023,March,2025
"Congo, Democratic Republic of the",2023,April,4795
"Congo, Democratic Republic of the",2023,May,4315
"Congo, Democratic Republic of the",2023,June,2645
"Congo, Democratic Republic of the",2023,July,2435
"Congo, Democratic Republic of the",2023,August,2965
"Congo, Democratic Republic of the",2023,September,2270
"Congo, Democratic Republic of the",2023,October,3495
"Congo, Democratic Republic of the",2023,November,4525
"Congo, Democratic Republic of the",2023,December,2840
"Congo, Democratic Republic of the",2023,Total,35940
"Congo, Democratic Republic of the",2024,January,4640
"Congo, Democratic Republic of the",2024,February,5395
"Congo, Democratic Republic of the",2024,March,2730
"Congo, Democratic Republic of the",2024,April,2960
"Congo, Democratic Republic of the",2024,May,2650
"Congo, Democratic Republic of the",2024,June,2645
"Congo, Democratic Republic of the",2024,July,3340
"Congo, Democratic Republic of the",2024,August,2690
"Congo, Democratic Republic of the",2024,September,2800
"Congo, Democratic Republic of the",2024,October,4055
"Congo, Democratic Republic of the",2024,November,3725
"Congo, Democratic Republic of the",2024,December,3880
"Congo, Democratic Republic of the",2024,Total,41515
"Congo, Democratic Republic of the",2025,January,5620
"Congo, Democratic Republic of the",2025,February,3950
"Congo, Democratic Republic of the",2025,March,5280
"Congo, Democratic Republic of the",2025,April,7080
"Congo, Democratic Republic of the",2025,May,9145
"Congo, Democratic Republic of the",2025,June,7865
"Congo, Democratic Republic of the",2025,July,6190
"Congo, Democratic Republic of the",2025,August,6210
"Congo, Democratic Republic of the",2025,September,6270
"Congo, Democratic Republic of the",2025,October,8690
"Congo, Democratic Republic of the",2025,November,4360
"Congo, Democratic Republic of the",2025,December,3465
"Congo, Democratic Republic of the",2025,Total,74120
"Congo, Democratic Republic of the",2026,January,3700
"Congo, Democratic Republic of the",2026,February,3615
"Congo, Democratic Republic of the",2026,March,3475
"Congo, Democratic Republic of the",2026,April,3410
"Congo, Democratic Republic of the",2026,May,3775
"Congo, Democratic Republic of the",2026,Total,17970
"Congo, People's Republic of the",2023,January,235
"Congo, People's Republic of the",2023,February,210
"Congo, People's Republic of the",2023,March,235
"Congo, People's Republic of the",2023,April,480
"Congo, People's Republic of the",2023,May,355
"Congo, People's Republic of the",2023,June,295
"Congo, People's Republic of the",2023,July,230
"Congo, People's Republic of the",2023,August,300
"Congo, People's Republic of the",2023,September,295
"Congo, People's Republic of the",2023,October,340
"Congo, People's Republic of the",2023,November,400
"Congo, People's Republic of the",2023,December,285
"Congo, People's Republic of the",2023,Total,3670
"Congo, People's Republic of the",2024,January,360
"Congo, People's Republic of the",2024,February,710
"Congo, People's Republic of the",2024,March,995
"Congo, People's Republic of the",2024,April,535
"Congo, People's Republic of the",2024,May,595
"Congo, People's Republic of the",2024,June,780
"Congo, People's Republic of the",2024,July,650
"Congo, People's Republic of the",2024,August,485
"Congo, People's Republic of the",2024,September,845
"Congo, People's Republic of the",2024,October,770
"Congo, People's Republic of the",2024,November,635
"Congo, People's Republic of the",2024,December,485
"Congo, People's Republic of the",2024,Total,7835
"Congo, People's Republic of the",2025,January,455
"Congo, People's Republic of the",2025,February,300
"Congo, People's Republic of the",2025,March,250
"Congo, People's Republic of the",2025,April,225
"Congo, People's Republic of the",2025,May,365
"Congo, People's Republic of the",2025,June,550
"Congo, People's Republic of the",2025,July,460
"Congo, People's Republic of the",2025,August,340
"Congo, People's Republic of the",2025,September,280
"Congo, People's Republic of the",2025,October,620
"Congo, People's Republic of the",2025,November,690
"Congo, People's Republic of the",2025,December,445
"Congo, People's Republic of the",2025,Total,4980
"Congo, People's Republic of the",2026,January,405
"Congo, People's Republic of the",2026,February,415
"Congo, People's Republic of the",2026,March,395
"Congo, People's Republic of the",2026,April,400
"Congo, People's Republic of the",2026,May,385
"Congo, People's Republic of the",2026,Total,2005
Costa Rica,2023,January,905
Costa Rica,2023,February,700
Costa Rica,2023,March,865
Costa Rica,2023,April,520
Costa Rica,2023,May,1060
Costa Rica,2023,June,1305
Costa Rica,2023,July,600
Costa Rica,2023,August,665
Costa Rica,2023,September,705
Costa Rica,2023,October,415
Costa Rica,2023,November,530
Costa Rica,2023,December,285
Costa Rica,2023,Total,8565
Costa Rica,2024,January,260
Costa Rica,2024,February,315
Costa Rica,2024,March,515
Costa Rica,2024,April,225
Costa Rica,2024,May,475
Costa Rica,2024,June,170
Costa Rica,2024,July,330
Costa Rica,2024,August,920
Costa Rica,2024,September,640
Costa Rica,2024,October,475
Costa Rica,2024,November,385
Costa Rica,2024,December,325
Costa Rica,2024,Total,5030
Costa Rica,2025,January,485
Costa Rica,2025,February,640
Costa Rica,2025,March,595
Costa Rica,2025,April,485
Costa Rica,2025,May,465
Costa Rica,2025,June,465
Costa Rica,2025,July,320
Costa Rica,2025,August,410
Costa Rica,2025,September,310
Costa Rica,2025,October,415
Costa Rica,2025,November,360
Costa Rica,2025,December,325
Costa Rica,2025,Total,5270
Costa Rica,2026,January,445
Costa Rica,2026,February,440
Costa Rica,2026,March,480
Costa Rica,2026,April,540
Costa Rica,2026,May,440
Costa Rica,2026,Total,2345
Croatia,2023,January,55
Croatia,2023,February,55
Croatia,2023,March,60
Croatia,2023,April,45
Croatia,2023,May,50
Croatia,2023,June,60
Croatia,2023,July,50
Croatia,2023,August,45
Croatia,2023,September,45
Croatia,2023,October,50
Croatia,2023,November,45
Croatia,2023,December,35
Croatia,2023,Total,585
Croatia,2024,January,40
Croatia,2024,February,40
Croatia,2024,March,45
Croatia,2024,April,35
Croatia,2024,May,35
Croatia,2024,June,25
Croatia,2024,July,40
Croatia,2024,August,40
Croatia,2024,September,40
Croatia,2024,October,65
Croatia,2024,November,25
Croatia,2024,December,35
Croatia,2024,Total,470
Croatia,2025,January,35
Croatia,2025,February,35
Croatia,2025,March,35
Croatia,2025,April,25
Croatia,2025,May,45
Croatia,2025,June,45
Croatia,2025,July,25
Croatia,2025,August,30
Croatia,2025,September,15
Croatia,2025,October,35
Croatia,2025,November,35
Croatia,2025,December,25
Croatia,2025,Total,390
Croatia,2026,January,30
Croatia,2026,February,35
Croatia,2026,March,45
Croatia,2026,April,50
Croatia,2026,May,50
Croatia,2026,Total,205
Cuba,2023,January,1250
Cuba,2023,February,850
Cuba,2023,March,1040
Cuba,2023,April,650
Cuba,2023,May,825
Cuba,2023,June,775
Cuba,2023,July,635
Cuba,2023,August,925
Cuba,2023,September,1005
Cuba,2023,October,910
Cuba,2023,November,1310
Cuba,2023,December,885
Cuba,2023,Total,11050
Cuba,2024,January,735
Cuba,2024,February,815
Cuba,2024,March,1310
Cuba,2024,April,725
Cuba,2024,May,1025
Cuba,2024,June,465
Cuba,2024,July,540
Cuba,2024,August,725
Cuba,2024,September,335
Cuba,2024,October,895
Cuba,2024,November,960
Cuba,2024,December,865
Cuba,2024,Total,9405
Cuba,2025,January,1325
Cuba,2025,February,1595
Cuba,2025,March,1435
Cuba,2025,April,920
Cuba,2025,May,1100
Cuba,2025,June,625
Cuba,2025,July,1005
Cuba,2025,August,830
Cuba,2025,September,655
Cuba,2025,October,790
Cuba,2025,November,675
Cuba,2025,December,775
Cuba,2025,Total,11730
Cuba,2026,January,890
Cuba,2026,February,855
Cuba,2026,March,665
Cuba,2026,April,725
Cuba,2026,May,610
Cuba,2026,Total,3745
Curacao,2023,January,0
Curacao,2023,February,0
Curacao,2023,March,0
Curacao,2023,April,0
Curacao,2023,May,0
Curacao,2023,June,0
Curacao,2023,July,0
Curacao,2023,August,0
Curacao,2023,September,0
Curacao,2023,October,0
Curacao,2023,November,0
Curacao,2023,December,0
Curacao,2023,Total,0
Curacao,2024,January,0
Curacao,2024,February,0
Curacao,2024,March,0
Curacao,2024,April,0
Curacao,2024,May,0
Curacao,2024,June,0
Curacao,2024,July,0
Curacao,2024,August,0
Curacao,2024,September,0
Curacao,2024,October,0
Curacao,2024,November,
Curacao,2024,December,0
Curacao,2024,Total,
Curacao,2025,January,0
Curacao,2025,February,0
Curacao,2025,March,0
Curacao,2025,April,0
Curacao,2025,May,0
Curacao,2025,June,0
Curacao,2025,July,0
Curacao,2025,August,
Curacao,2025,September,
Curacao,2025,October,0
Curacao,2025,November,
Curacao,2025,December,0
Curacao,2025,Total,
Curacao,2026,January,0
Curacao,2026,February,
Curacao,2026,March,0
Curacao,2026,April,0
Curacao,2026,May,
Curacao,2026,Total,
Cyprus,2023,January,10
Cyprus,2023,February,10
Cyprus,2023,March,10
Cyprus,2023,April,
Cyprus,2023,May,15
Cyprus,2023,June,10
Cyprus,2023,July,15
Cyprus,2023,August,
Cyprus,2023,September,10
Cyprus,2023,October,10
Cyprus,2023,November,5
Cyprus,2023,December,10
Cyprus,2023,Total,110
Cyprus,2024,January,5
Cyprus,2024,February,5
Cyprus,2024,March,5
Cyprus,2024,April,5
Cyprus,2024,May,10
Cyprus,2024,June,5
Cyprus,2024,July,
Cyprus,2024,August,15
Cyprus,2024,September,10
Cyprus,2024,October,
Cyprus,2024,November,10
Cyprus,2024,December,5
Cyprus,2024,Total,90
Cyprus,2025,January,
Cyprus,2025,February,
Cyprus,2025,March,
Cyprus,2025,April,
Cyprus,2025,May,5
Cyprus,2025,June,
Cyprus,2025,July,15
Cyprus,2025,August,
Cyprus,2025,September,
Cyprus,2025,October,
Cyprus,2025,November,5
Cyprus,2025,December,5
Cyprus,2025,Total,60
Cyprus,2026,January,5
Cyprus,2026,February,10
Cyprus,2026,March,
Cyprus,2026,April,5
Cyprus,2026,May,5
Cyprus,2026,Total,35
Czech Republic,2023,January,145
Czech Republic,2023,February,185
Czech Republic,2023,March,240
Czech Republic,2023,April,90
Czech Republic,2023,May,270
Czech Republic,2023,June,225
Czech Republic,2023,July,165
Czech Republic,2023,August,165
Czech Republic,2023,September,155
Czech Republic,2023,October,175
Czech Republic,2023,November,150
Czech Republic,2023,December,70
Czech Republic,2023,Total,2035
Czech Republic,2024,January,105
Czech Republic,2024,February,175
Czech Republic,2024,March,185
Czech Republic,2024,April,220
Czech Republic,2024,May,185
Czech Republic,2024,June,135
Czech Republic,2024,July,120
Czech Republic,2024,August,175
Czech Republic,2024,September,90
Czech Republic,2024,October,155
Czech Republic,2024,November,110
Czech Republic,2024,December,60
Czech Republic,2024,Total,1715
Czech Republic,2025,January,85
Czech Republic,2025,February,70
Czech Republic,2025,March,245
Czech Republic,2025,April,195
Czech Republic,2025,May,170
Czech Republic,2025,June,130
Czech Republic,2025,July,100
Czech Republic,2025,August,155
Czech Republic,2025,September,110
Czech Republic,2025,October,130
Czech Republic,2025,November,145
Czech Republic,2025,December,75
Czech Republic,2025,Total,1615
Czech Republic,2026,January,60
Czech Republic,2026,February,165
Czech Republic,2026,March,190
Czech Republic,2026,April,190
Czech Republic,2026,May,185
Czech Republic,2026,Total,790
Democratic Republic of Sudan,2023,January,270
Democratic Republic of Sudan,2023,February,465
Democratic Republic of Sudan,2023,March,375
Democratic Republic of Sudan,2023,April,545
Democratic Republic of Sudan,2023,May,1045
Democratic Republic of Sudan,2023,June,8295
Democratic Republic of Sudan,2023,July,13830
Democratic Republic of Sudan,2023,August,15375
Democratic Republic of Sudan,2023,September,1315
Democratic Republic of Sudan,2023,October,865
Democratic Republic of Sudan,2023,November,790
Democratic Republic of Sudan,2023,December,350
Democratic Republic of Sudan,2023,Total,43520
Democratic Republic of Sudan,2024,January,865
Democratic Republic of Sudan,2024,February,675
Democratic Republic of Sudan,2024,March,400
Democratic Republic of Sudan,2024,April,715
Democratic Republic of Sudan,2024,May,670
Democratic Republic of Sudan,2024,June,485
Democratic Republic of Sudan,2024,July,580
Democratic Republic of Sudan,2024,August,490
Democratic Republic of Sudan,2024,September,450
Democratic Republic of Sudan,2024,October,355
Democratic Republic of Sudan,2024,November,510
Democratic Republic of Sudan,2024,December,620
Democratic Republic of Sudan,2024,Total,6815
Democratic Republic of Sudan,2025,January,530
Democratic Republic of Sudan,2025,February,495
Democratic Republic of Sudan,2025,March,390
Democratic Republic of Sudan,2025,April,295
Democratic Republic of Sudan,2025,May,320
Democratic Republic of Sudan,2025,June,425
Democratic Republic of Sudan,2025,July,360
Democratic Republic of Sudan,2025,August,385
Democratic Republic of Sudan,2025,September,555
Democratic Republic of Sudan,2025,October,470
Democratic Republic of Sudan,2025,November,365
Democratic Republic of Sudan,2025,December,380
Democratic Republic of Sudan,2025,Total,4980
Democratic Republic of Sudan,2026,January,425
Democratic Republic of Sudan,2026,February,515
Democratic Republic of Sudan,2026,March,390
Democratic Republic of Sudan,2026,April,420
Democratic Republic of Sudan,2026,May,330
Democratic Republic of Sudan,2026,Total,2080
Denmark,2023,January,30
Denmark,2023,February,45
Denmark,2023,March,50
Denmark,2023,April,45
Denmark,2023,May,150
Denmark,2023,June,110
Denmark,2023,July,90
Denmark,2023,August,60
Denmark,2023,September,65
Denmark,2023,October,45
Denmark,2023,November,55
Denmark,2023,December,35
Denmark,2023,Total,780
Denmark,2024,January,40
Denmark,2024,February,45
Denmark,2024,March,60
Denmark,2024,April,75
Denmark,2024,May,80
Denmark,2024,June,100
Denmark,2024,July,65
Denmark,2024,August,75
Denmark,2024,September,60
Denmark,2024,October,50
Denmark,2024,November,20
Denmark,2024,December,35
Denmark,2024,Total,710
Denmark,2025,January,50
Denmark,2025,February,70
Denmark,2025,March,45
Denmark,2025,April,40
Denmark,2025,May,60
Denmark,2025,June,65
Denmark,2025,July,65
Denmark,2025,August,100
Denmark,2025,September,50
Denmark,2025,October,45
Denmark,2025,November,30
Denmark,2025,December,40
Denmark,2025,Total,665
Denmark,2026,January,25
Denmark,2026,February,35
Denmark,2026,March,110
Denmark,2026,April,85
Denmark,2026,May,125
Denmark,2026,Total,380
Dominica,2023,January,165
Dominica,2023,February,190
Dominica,2023,March,245
Dominica,2023,April,220
Dominica,2023,May,170
Dominica,2023,June,165
Dominica,2023,July,120
Dominica,2023,August,135
Dominica,2023,September,205
Dominica,2023,October,190
Dominica,2023,November,165
Dominica,2023,December,120
Dominica,2023,Total,2095
Dominica,2024,January,170
Dominica,2024,February,180
Dominica,2024,March,180
Dominica,2024,April,145
Dominica,2024,May,200
Dominica,2024,June,175
Dominica,2024,July,165
Dominica,2024,August,155
Dominica,2024,September,125
Dominica,2024,October,135
Dominica,2024,November,105
Dominica,2024,December,140
Dominica,2024,Total,1885
Dominica,2025,January,140
Dominica,2025,February,100
Dominica,2025,March,260
Dominica,2025,April,145
Dominica,2025,May,120
Dominica,2025,June,105
Dominica,2025,July,75
Dominica,2025,August,85
Dominica,2025,September,100
Dominica,2025,October,110
Dominica,2025,November,145
Dominica,2025,December,130
Dominica,2025,Total,1515
Dominica,2026,January,115
Dominica,2026,February,130
Dominica,2026,March,125
Dominica,2026,April,130
Dominica,2026,May,135
Dominica,2026,Total,640
Dominican Republic,2023,January,1350
Dominican Republic,2023,February,1130
Dominican Republic,2023,March,1310
Dominican Republic,2023,April,765
Dominican Republic,2023,May,1200
Dominican Republic,2023,June,1410
Dominican Republic,2023,July,1060
Dominican Republic,2023,August,1425
Dominican Republic,2023,September,1605
Dominican Republic,2023,October,1530
Dominican Republic,2023,November,2145
Dominican Republic,2023,December,1230
Dominican Republic,2023,Total,16160
Dominican Republic,2024,January,1025
Dominican Republic,2024,February,1215
Dominican Republic,2024,March,2220
Dominican Republic,2024,April,1020
Dominican Republic,2024,May,1615
Dominican Republic,2024,June,640
Dominican Republic,2024,July,900
Dominican Republic,2024,August,1565
Dominican Republic,2024,September,970
Dominican Republic,2024,October,970
Dominican Republic,2024,November,1770
Dominican Republic,2024,December,1565
Dominican Republic,2024,Total,15475
Dominican Republic,2025,January,1870
Dominican Republic,2025,February,2280
Dominican Republic,2025,March,2135
Dominican Republic,2025,April,1740
Dominican Republic,2025,May,1800
Dominican Republic,2025,June,1465
Dominican Republic,2025,July,1715
Dominican Republic,2025,August,1870
Dominican Republic,2025,September,1500
Dominican Republic,2025,October,1620
Dominican Republic,2025,November,1275
Dominican Republic,2025,December,1060
Dominican Republic,2025,Total,20325
Dominican Republic,2026,January,1665
Dominican Republic,2026,February,1935
Dominican Republic,2026,March,1750
Dominican Republic,2026,April,1595
Dominican Republic,2026,May,1945
Dominican Republic,2026,Total,8890
"East Timor, Democratic Republic of",2023,January,0
"East Timor, Democratic Republic of",2023,February,
"East Timor, Democratic Republic of",2023,March,0
"East Timor, Democratic Republic of",2023,April,
"East Timor, Democratic Republic of",2023,May,
"East Timor, Democratic Republic of",2023,June,5
"East Timor, Democratic Republic of",2023,July,0
"East Timor, Democratic Republic of",2023,August,0
"East Timor, Democratic Republic of",2023,September,
"East Timor, Democratic Republic of",2023,October,
"East Timor, Democratic Republic of",2023,November,
"East Timor, Democratic Republic of",2023,December,0
"East Timor, Democratic Republic of",2023,Total,20
"East Timor, Democratic Republic of",2024,January,
"East Timor, Democratic Republic of",2024,February,15
"East Timor, Democratic Republic of",2024,March,5
"East Timor, Democratic Republic of",2024,April,
"East Timor, Democratic Republic of",2024,May,10
"East Timor, Democratic Republic of",2024,June,
"East Timor, Democratic Republic of",2024,July,
"East Timor, Democratic Republic of",2024,August,
"East Timor, Democratic Republic of",2024,September,
"East Timor, Democratic Republic of",2024,October,
"East Timor, Democratic Republic of",2024,November,0
"East Timor, Democratic Republic of",2024,December,0
"East Timor, Democratic Republic of",2024,Total,40
"East Timor, Democratic Republic of",2025,January,
"East Timor, Democratic Republic of",2025,February,
"East Timor, Democratic Republic of",2025,March,
"East Timor, Democratic Republic of",2025,April,
"East Timor, Democratic Republic of",2025,May,
"East Timor, Democratic Republic of",2025,June,
"East Timor, Democratic Republic of",2025,July,
"East Timor, Democratic Republic of",2025,August,
"East Timor, Democratic Republic of",2025,September,10
"East Timor, Democratic Republic of",2025,October,
"East Timor, Democratic Republic of",2025,November,
"East Timor, Democratic Republic of",2025,December,
"East Timor, Democratic Republic of",2025,Total,35
"East Timor, Democratic Republic of",2026,January,5
"East Timor, Democratic Republic of",2026,February,
"East Timor, Democratic Republic of",2026,March,
"East Timor, Democratic Republic of",2026,April,
"East Timor, Democratic Republic of",2026,May,
"East Timor, Democratic Republic of",2026,Total,15
Ecuador,2023,January,775
Ecuador,2023,February,960
Ecuador,2023,March,1220
Ecuador,2023,April,1040
Ecuador,2023,May,1325
Ecuador,2023,June,2200
Ecuador,2023,July,975
Ecuador,2023,August,1575
Ecuador,2023,September,2820
Ecuador,2023,October,1490
Ecuador,2023,November,1195
Ecuador,2023,December,940
Ecuador,2023,Total,16520
Ecuador,2024,January,1155
Ecuador,2024,February,1040
Ecuador,2024,March,1575
Ecuador,2024,April,1640
Ecuador,2024,May,1340
Ecuador,2024,June,975
Ecuador,2024,July,1880
Ecuador,2024,August,1720
Ecuador,2024,September,2185
Ecuador,2024,October,1095
Ecuador,2024,November,1045
Ecuador,2024,December,1020
Ecuador,2024,Total,16675
Ecuador,2025,January,1960
Ecuador,2025,February,2385
Ecuador,2025,March,2130
Ecuador,2025,April,1870
Ecuador,2025,May,1780
Ecuador,2025,June,1685
Ecuador,2025,July,1660
Ecuador,2025,August,1430
Ecuador,2025,September,1985
Ecuador,2025,October,1960
Ecuador,2025,November,1835
Ecuador,2025,December,1765
Ecuador,2025,Total,22440
Ecuador,2026,January,2015
Ecuador,2026,February,1815
Ecuador,2026,March,2100
Ecuador,2026,April,1950
Ecuador,2026,May,2635
Ecuador,2026,Total,10520
Egypt,2023,January,1670
Egypt,2023,February,2470
Egypt,2023,March,2265
Egypt,2023,April,2275
Egypt,2023,May,2890
Egypt,2023,June,2295
Egypt,2023,July,1915
Egypt,2023,August,2105
Egypt,2023,September,2005
Egypt,2023,October,1770
Egypt,2023,November,2065
Egypt,2023,December,1855
Egypt,2023,Total,25575
Egypt,2024,January,2325
Egypt,2024,February,2485
Egypt,2024,March,2510
Egypt,2024,April,2340
Egypt,2024,May,2380
Egypt,2024,June,2575
Egypt,2024,July,1935
Egypt,2024,August,2285
Egypt,2024,September,1950
Egypt,2024,October,2865
Egypt,2024,November,1900
Egypt,2024,December,2025
Egypt,2024,Total,27575
Egypt,2025,January,1990
Egypt,2025,February,1920
Egypt,2025,March,2200
Egypt,2025,April,1630
Egypt,2025,May,1485
Egypt,2025,June,1375
Egypt,2025,July,1725
Egypt,2025,August,1980
Egypt,2025,September,2665
Egypt,2025,October,1885
Egypt,2025,November,1665
Egypt,2025,December,2235
Egypt,2025,Total,22745
Egypt,2026,January,2055
Egypt,2026,February,2875
Egypt,2026,March,2790
Egypt,2026,April,2835
Egypt,2026,May,2470
Egypt,2026,Total,13025
El Salvador,2023,January,925
El Salvador,2023,February,430
El Salvador,2023,March,780
El Salvador,2023,April,400
El Salvador,2023,May,530
El Salvador,2023,June,650
El Salvador,2023,July,460
El Salvador,2023,August,590
El Salvador,2023,September,670
El Salvador,2023,October,575
El Salvador,2023,November,765
El Salvador,2023,December,395
El Salvador,2023,Total,7175
El Salvador,2024,January,420
El Salvador,2024,February,490
El Salvador,2024,March,785
El Salvador,2024,April,530
El Salvador,2024,May,640
El Salvador,2024,June,335
El Salvador,2024,July,350
El Salvador,2024,August,550
El Salvador,2024,September,400
El Salvador,2024,October,465
El Salvador,2024,November,480
El Salvador,2024,December,585
El Salvador,2024,Total,6030
El Salvador,2025,January,645
El Salvador,2025,February,925
El Salvador,2025,March,920
El Salvador,2025,April,685
El Salvador,2025,May,935
El Salvador,2025,June,650
El Salvador,2025,July,680
El Salvador,2025,August,615
El Salvador,2025,September,525
El Salvador,2025,October,615
El Salvador,2025,November,560
El Salvador,2025,December,485
El Salvador,2025,Total,8235
El Salvador,2026,January,620
El Salvador,2026,February,810
El Salvador,2026,March,685
El Salvador,2026,April,810
El Salvador,2026,May,675
El Salvador,2026,Total,3595
Equatorial Guinea,2023,January,10
Equatorial Guinea,2023,February,5
Equatorial Guinea,2023,March,5
Equatorial Guinea,2023,April,15
Equatorial Guinea,2023,May,15
Equatorial Guinea,2023,June,5
Equatorial Guinea,2023,July,20
Equatorial Guinea,2023,August,15
Equatorial Guinea,2023,September,
Equatorial Guinea,2023,October,
Equatorial Guinea,2023,November,15
Equatorial Guinea,2023,December,5
Equatorial Guinea,2023,Total,120
Equatorial Guinea,2024,January,5
Equatorial Guinea,2024,February,15
Equatorial Guinea,2024,March,10
Equatorial Guinea,2024,April,15
Equatorial Guinea,2024,May,35
Equatorial Guinea,2024,June,10
Equatorial Guinea,2024,July,15
Equatorial Guinea,2024,August,15
Equatorial Guinea,2024,September,10
Equatorial Guinea,2024,October,10
Equatorial Guinea,2024,November,10
Equatorial Guinea,2024,December,15
Equatorial Guinea,2024,Total,165
Equatorial Guinea,2025,January,15
Equatorial Guinea,2025,February,25
Equatorial Guinea,2025,March,25
Equatorial Guinea,2025,April,10
Equatorial Guinea,2025,May,15
Equatorial Guinea,2025,June,10
Equatorial Guinea,2025,July,15
Equatorial Guinea,2025,August,25
Equatorial Guinea,2025,September,25
Equatorial Guinea,2025,October,15
Equatorial Guinea,2025,November,20
Equatorial Guinea,2025,December,5
Equatorial Guinea,2025,Total,200
Equatorial Guinea,2026,January,10
Equatorial Guinea,2026,February,30
Equatorial Guinea,2026,March,15
Equatorial Guinea,2026,April,10
Equatorial Guinea,2026,May,20
Equatorial Guinea,2026,Total,80
Eritrea,2023,January,150
Eritrea,2023,February,190
Eritrea,2023,March,145
Eritrea,2023,April,140
Eritrea,2023,May,200
Eritrea,2023,June,160
Eritrea,2023,July,135
Eritrea,2023,August,125
Eritrea,2023,September,115
Eritrea,2023,October,190
Eritrea,2023,November,170
Eritrea,2023,December,75
Eritrea,2023,Total,1790
Eritrea,2024,January,175
Eritrea,2024,February,140
Eritrea,2024,March,125
Eritrea,2024,April,200
Eritrea,2024,May,195
Eritrea,2024,June,195
Eritrea,2024,July,155
Eritrea,2024,August,135
Eritrea,2024,September,255
Eritrea,2024,October,280
Eritrea,2024,November,160
Eritrea,2024,December,155
Eritrea,2024,Total,2165
Eritrea,2025,January,205
Eritrea,2025,February,255
Eritrea,2025,March,200
Eritrea,2025,April,225
Eritrea,2025,May,220
Eritrea,2025,June,240
Eritrea,2025,July,160
Eritrea,2025,August,155
Eritrea,2025,September,180
Eritrea,2025,October,205
Eritrea,2025,November,180
Eritrea,2025,December,185
Eritrea,2025,Total,2405
Eritrea,2026,January,220
Eritrea,2026,February,180
Eritrea,2026,March,135
Eritrea,2026,April,200
Eritrea,2026,May,250
Eritrea,2026,Total,975
Estonia,2023,January,
Estonia,2023,February,15
Estonia,2023,March,25
Estonia,2023,April,10
Estonia,2023,May,25
Estonia,2023,June,25
Estonia,2023,July,25
Estonia,2023,August,15
Estonia,2023,September,20
Estonia,2023,October,15
Estonia,2023,November,20
Estonia,2023,December,10
Estonia,2023,Total,210
Estonia,2024,January,5
Estonia,2024,February,20
Estonia,2024,March,15
Estonia,2024,April,20
Estonia,2024,May,15
Estonia,2024,June,10
Estonia,2024,July,15
Estonia,2024,August,25
Estonia,2024,September,15
Estonia,2024,October,25
Estonia,2024,November,15
Estonia,2024,December,10
Estonia,2024,Total,190
Estonia,2025,January,15
Estonia,2025,February,15
Estonia,2025,March,25
Estonia,2025,April,20
Estonia,2025,May,15
Estonia,2025,June,20
Estonia,2025,July,15
Estonia,2025,August,20
Estonia,2025,September,15
Estonia,2025,October,15
Estonia,2025,November,15
Estonia,2025,December,10
Estonia,2025,Total,195
Estonia,2026,January,5
Estonia,2026,February,15
Estonia,2026,March,35
Estonia,2026,April,20
Estonia,2026,May,25
Estonia,2026,Total,100
Ethiopia,2023,January,900
Ethiopia,2023,February,1165
Ethiopia,2023,March,1345
Ethiopia,2023,April,2270
Ethiopia,2023,May,3315
Ethiopia,2023,June,1935
Ethiopia,2023,July,985
Ethiopia,2023,August,1215
Ethiopia,2023,September,2935
Ethiopia,2023,October,2085
Ethiopia,2023,November,2030
Ethiopia,2023,December,2140
Ethiopia,2023,Total,22315
Ethiopia,2024,January,2250
Ethiopia,2024,February,2390
Ethiopia,2024,March,2680
Ethiopia,2024,April,2870
Ethiopia,2024,May,4675
Ethiopia,2024,June,2735
Ethiopia,2024,July,2565
Ethiopia,2024,August,2360
Ethiopia,2024,September,1935
Ethiopia,2024,October,2530
Ethiopia,2024,November,2405
Ethiopia,2024,December,1620
Ethiopia,2024,Total,31020
Ethiopia,2025,January,1920
Ethiopia,2025,February,1500
Ethiopia,2025,March,1400
Ethiopia,2025,April,1120
Ethiopia,2025,May,1275
Ethiopia,2025,June,1350
Ethiopia,2025,July,2120
Ethiopia,2025,August,2090
Ethiopia,2025,September,1585
Ethiopia,2025,October,1415
Ethiopia,2025,November,1575
Ethiopia,2025,December,1390
Ethiopia,2025,Total,18745
Ethiopia,2026,January,1555
Ethiopia,2026,February,1860
Ethiopia,2026,March,1585
Ethiopia,2026,April,1385
Ethiopia,2026,May,1705
Ethiopia,2026,Total,8090
Federal Republic of Cameroon,2023,January,2805
Federal Republic of Cameroon,2023,February,2425
Federal Republic of Cameroon,2023,March,3035
Federal Republic of Cameroon,2023,April,3940
Federal Republic of Cameroon,2023,May,5450
Federal Republic of Cameroon,2023,June,4625
Federal Republic of Cameroon,2023,July,3230
Federal Republic of Cameroon,2023,August,3715
Federal Republic of Cameroon,2023,September,3620
Federal Republic of Cameroon,2023,October,4965
Federal Republic of Cameroon,2023,November,5880
Federal Republic of Cameroon,2023,December,4275
Federal Republic of Cameroon,2023,Total,47980
Federal Republic of Cameroon,2024,January,5705
Federal Republic of Cameroon,2024,February,6670
Federal Republic of Cameroon,2024,March,4855
Federal Republic of Cameroon,2024,April,5855
Federal Republic of Cameroon,2024,May,4975
Federal Republic of Cameroon,2024,June,4085
Federal Republic of Cameroon,2024,July,5450
Federal Republic of Cameroon,2024,August,4685
Federal Republic of Cameroon,2024,September,4565
Federal Republic of Cameroon,2024,October,5050
Federal Republic of Cameroon,2024,November,5095
Federal Republic of Cameroon,2024,December,5475
Federal Republic of Cameroon,2024,Total,62465
Federal Republic of Cameroon,2025,January,5870
Federal Republic of Cameroon,2025,February,4225
Federal Republic of Cameroon,2025,March,5530
Federal Republic of Cameroon,2025,April,6715
Federal Republic of Cameroon,2025,May,6865
Federal Republic of Cameroon,2025,June,5365
Federal Republic of Cameroon,2025,July,3985
Federal Republic of Cameroon,2025,August,5060
Federal Republic of Cameroon,2025,September,5870
Federal Republic of Cameroon,2025,October,5315
Federal Republic of Cameroon,2025,November,5345
Federal Republic of Cameroon,2025,December,3625
Federal Republic of Cameroon,2025,Total,63765
Federal Republic of Cameroon,2026,January,3480
Federal Republic of Cameroon,2026,February,3485
Federal Republic of Cameroon,2026,March,3750
Federal Republic of Cameroon,2026,April,4185
Federal Republic of Cameroon,2026,May,4000
Federal Republic of Cameroon,2026,Total,18895
Federal Republic of Germany,2023,January,425
Federal Republic of Germany,2023,February,460
Federal Republic of Germany,2023,March,1030
Federal Republic of Germany,2023,April,795
Federal Republic of Germany,2023,May,2065
Federal Republic of Germany,2023,June,1525
Federal Republic of Germany,2023,July,1205
Federal Republic of Germany,2023,August,875
Federal Republic of Germany,2023,September,650
Federal Republic of Germany,2023,October,680
Federal Republic of Germany,2023,November,720
Federal Republic of Germany,2023,December,380
Federal Republic of Germany,2023,Total,10805
Federal Republic of Germany,2024,January,560
Federal Republic of Germany,2024,February,775
Federal Republic of Germany,2024,March,940
Federal Republic of Germany,2024,April,1055
Federal Republic of Germany,2024,May,1305
Federal Republic of Germany,2024,June,730
Federal Republic of Germany,2024,July,1035
Federal Republic of Germany,2024,August,1155
Federal Republic of Germany,2024,September,580
Federal Republic of Germany,2024,October,665
Federal Republic of Germany,2024,November,520
Federal Republic of Germany,2024,December,430
Federal Republic of Germany,2024,Total,9740
Federal Republic of Germany,2025,January,390
Federal Republic of Germany,2025,February,815
Federal Republic of Germany,2025,March,1065
Federal Republic of Germany,2025,April,810
Federal Republic of Germany,2025,May,975
Federal Republic of Germany,2025,June,635
Federal Republic of Germany,2025,July,705
Federal Republic of Germany,2025,August,1665
Federal Republic of Germany,2025,September,555
Federal Republic of Germany,2025,October,690
Federal Republic of Germany,2025,November,550
Federal Republic of Germany,2025,December,430
Federal Republic of Germany,2025,Total,9290
Federal Republic of Germany,2026,January,495
Federal Republic of Germany,2026,February,545
Federal Republic of Germany,2026,March,1260
Federal Republic of Germany,2026,April,1605
Federal Republic of Germany,2026,May,1265
Federal Republic of Germany,2026,Total,5170
Federated States of Micronesia,2023,January,
Federated States of Micronesia,2023,February,
Federated States of Micronesia,2023,March,
Federated States of Micronesia,2023,April,0
Federated States of Micronesia,2023,May,
Federated States of Micronesia,2023,June,
Federated States of Micronesia,2023,July,10
Federated States of Micronesia,2023,August,65
Federated States of Micronesia,2023,September,
Federated States of Micronesia,2023,October,15
Federated States of Micronesia,2023,November,5
Federated States of Micronesia,2023,December,
Federated States of Micronesia,2023,Total,110
Federated States of Micronesia,2024,January,
Federated States of Micronesia,2024,February,
Federated States of Micronesia,2024,March,
Federated States of Micronesia,2024,April,
Federated States of Micronesia,2024,May,
Federated States of Micronesia,2024,June,
Federated States of Micronesia,2024,July,0
Federated States of Micronesia,2024,August,
Federated States of Micronesia,2024,September,0
Federated States of Micronesia,2024,October,0
Federated States of Micronesia,2024,November,
Federated States of Micronesia,2024,December,
Federated States of Micronesia,2024,Total,15
Federated States of Micronesia,2025,January,0
Federated States of Micronesia,2025,February,
Federated States of Micronesia,2025,March,0
Federated States of Micronesia,2025,April,0
Federated States of Micronesia,2025,May,
Federated States of Micronesia,2025,June,
Federated States of Micronesia,2025,July,5
Federated States of Micronesia,2025,August,
Federated States of Micronesia,2025,September,
Federated States of Micronesia,2025,October,
Federated States of Micronesia,2025,November,
Federated States of Micronesia,2025,December,
Federated States of Micronesia,2025,Total,25
Federated States of Micronesia,2026,January,
Federated States of Micronesia,2026,February,
Federated States of Micronesia,2026,March,
Federated States of Micronesia,2026,April,
Federated States of Micronesia,2026,May,
Federated States of Micronesia,2026,Total,5
Fiji,2023,January,170
Fiji,2023,February,165
Fiji,2023,March,180
Fiji,2023,April,220
Fiji,2023,May,310
Fiji,2023,June,390
Fiji,2023,July,195
Fiji,2023,August,220
Fiji,2023,September,260
Fiji,2023,October,115
Fiji,2023,November,125
Fiji,2023,December,250
Fiji,2023,Total,2595
Fiji,2024,January,150
Fiji,2024,February,220
Fiji,2024,March,175
Fiji,2024,April,335
Fiji,2024,May,255
Fiji,2024,June,210
Fiji,2024,July,250
Fiji,2024,August,175
Fiji,2024,September,195
Fiji,2024,October,175
Fiji,2024,November,185
Fiji,2024,December,135
Fiji,2024,Total,2455
Fiji,2025,January,130
Fiji,2025,February,235
Fiji,2025,March,190
Fiji,2025,April,175
Fiji,2025,May,165
Fiji,2025,June,180
Fiji,2025,July,200
Fiji,2025,August,115
Fiji,2025,September,140
Fiji,2025,October,140
Fiji,2025,November,145
Fiji,2025,December,140
Fiji,2025,Total,1960
Fiji,2026,January,95
Fiji,2026,February,215
Fiji,2026,March,155
Fiji,2026,April,110
Fiji,2026,May,170
Fiji,2026,Total,750
Finland,2023,January,25
Finland,2023,February,30
Finland,2023,March,20
Finland,2023,April,30
Finland,2023,May,40
Finland,2023,June,40
Finland,2023,July,35
Finland,2023,August,25
Finland,2023,September,50
Finland,2023,October,20
Finland,2023,November,25
Finland,2023,December,20
Finland,2023,Total,355
Finland,2024,January,20
Finland,2024,February,20
Finland,2024,March,20
Finland,2024,April,45
Finland,2024,May,50
Finland,2024,June,55
Finland,2024,July,40
Finland,2024,August,45
Finland,2024,September,40
Finland,2024,October,25
Finland,2024,November,25
Finland,2024,December,20
Finland,2024,Total,410
Finland,2025,January,40
Finland,2025,February,35
Finland,2025,March,35
Finland,2025,April,15
Finland,2025,May,25
Finland,2025,June,35
Finland,2025,July,50
Finland,2025,August,45
Finland,2025,September,25
Finland,2025,October,40
Finland,2025,November,45
Finland,2025,December,30
Finland,2025,Total,430
Finland,2026,January,25
Finland,2026,February,35
Finland,2026,March,75
Finland,2026,April,55
Finland,2026,May,60
Finland,2026,Total,250
France,2023,January,4095
France,2023,February,5630
France,2023,March,7270
France,2023,April,4520
France,2023,May,7830
France,2023,June,6695
France,2023,July,5655
France,2023,August,3955
France,2023,September,3105
France,2023,October,2950
France,2023,November,2670
France,2023,December,2010
France,2023,Total,56375
France,2024,January,3590
France,2024,February,3520
France,2024,March,4680
France,2024,April,5070
France,2024,May,6290
France,2024,June,3970
France,2024,July,4575
France,2024,August,5430
France,2024,September,3195
France,2024,October,3600
France,2024,November,2950
France,2024,December,3765
France,2024,Total,50630
France,2025,January,4135
France,2025,February,4520
France,2025,March,5715
France,2025,April,3715
France,2025,May,3815
France,2025,June,3155
France,2025,July,2935
France,2025,August,7945
France,2025,September,3180
France,2025,October,3435
France,2025,November,4145
France,2025,December,2570
France,2025,Total,49270
France,2026,January,3365
France,2026,February,5290
France,2026,March,6095
France,2026,April,5675
France,2026,May,4260
France,2026,Total,24685
French Polynesia,2023,January,0
French Polynesia,2023,February,0
French Polynesia,2023,March,0
French Polynesia,2023,April,0
French Polynesia,2023,May,
French Polynesia,2023,June,
French Polynesia,2023,July,
French Polynesia,2023,August,
French Polynesia,2023,September,
French Polynesia,2023,October,
French Polynesia,2023,November,
French Polynesia,2023,December,0
French Polynesia,2023,Total,15
French Polynesia,2024,January,
French Polynesia,2024,February,
French Polynesia,2024,March,
French Polynesia,2024,April,
French Polynesia,2024,May,0
French Polynesia,2024,June,0
French Polynesia,2024,July,
French Polynesia,2024,August,0
French Polynesia,2024,September,
French Polynesia,2024,October,
French Polynesia,2024,November,
French Polynesia,2024,December,0
French Polynesia,2024,Total,10
French Polynesia,2025,January,0
French Polynesia,2025,February,0
French Polynesia,2025,March,0
French Polynesia,2025,April,
French Polynesia,2025,May,0
French Polynesia,2025,June,
French Polynesia,2025,July,0
French Polynesia,2025,August,
French Polynesia,2025,September,
French Polynesia,2025,October,
French Polynesia,2025,November,
French Polynesia,2025,December,
French Polynesia,2025,Total,15
French Polynesia,2026,January,
French Polynesia,2026,February,
French Polynesia,2026,March,0
French Polynesia,2026,April,
French Polynesia,2026,May,
French Polynesia,2026,Total,5
Gabon Republic,2023,January,105
Gabon Republic,2023,February,75
Gabon Republic,2023,March,85
Gabon Republic,2023,April,125
Gabon Republic,2023,May,150
Gabon Republic,2023,June,100
Gabon Republic,2023,July,115
Gabon Republic,2023,August,100
Gabon Republic,2023,September,105
Gabon Republic,2023,October,120
Gabon Republic,2023,November,140
Gabon Republic,2023,December,110
Gabon Republic,2023,Total,1330
Gabon Republic,2024,January,95
Gabon Republic,2024,February,235
Gabon Republic,2024,March,180
Gabon Republic,2024,April,120
Gabon Republic,2024,May,135
Gabon Republic,2024,June,155
Gabon Republic,2024,July,175
Gabon Republic,2024,August,125
Gabon Republic,2024,September,140
Gabon Republic,2024,October,150
Gabon Republic,2024,November,130
Gabon Republic,2024,December,155
Gabon Republic,2024,Total,1790
Gabon Republic,2025,January,110
Gabon Republic,2025,February,85
Gabon Republic,2025,March,85
Gabon Republic,2025,April,75
Gabon Republic,2025,May,75
Gabon Republic,2025,June,130
Gabon Republic,2025,July,115
Gabon Republic,2025,August,120
Gabon Republic,2025,September,110
Gabon Republic,2025,October,105
Gabon Republic,2025,November,115
Gabon Republic,2025,December,90
Gabon Republic,2025,Total,1215
Gabon Republic,2026,January,75
Gabon Republic,2026,February,120
Gabon Republic,2026,March,110
Gabon Republic,2026,April,100
Gabon Republic,2026,May,120
Gabon Republic,2026,Total,520
Gambia,2023,January,90
Gambia,2023,February,225
Gambia,2023,March,170
Gambia,2023,April,405
Gambia,2023,May,300
Gambia,2023,June,170
Gambia,2023,July,220
Gambia,2023,August,310
Gambia,2023,September,150
Gambia,2023,October,270
Gambia,2023,November,820
Gambia,2023,December,430
Gambia,2023,Total,3560
Gambia,2024,January,295
Gambia,2024,February,260
Gambia,2024,March,265
Gambia,2024,April,175
Gambia,2024,May,610
Gambia,2024,June,365
Gambia,2024,July,590
Gambia,2024,August,1080
Gambia,2024,September,555
Gambia,2024,October,200
Gambia,2024,November,680
Gambia,2024,December,1220
Gambia,2024,Total,6290
Gambia,2025,January,765
Gambia,2025,February,1825
Gambia,2025,March,1735
Gambia,2025,April,885
Gambia,2025,May,680
Gambia,2025,June,255
Gambia,2025,July,280
Gambia,2025,August,420
Gambia,2025,September,635
Gambia,2025,October,255
Gambia,2025,November,220
Gambia,2025,December,170
Gambia,2025,Total,8125
Gambia,2026,January,145
Gambia,2026,February,300
Gambia,2026,March,305
Gambia,2026,April,205
Gambia,2026,May,185
Gambia,2026,Total,1135
Georgia,2023,January,105
Georgia,2023,February,215
Georgia,2023,March,335
Georgia,2023,April,185
Georgia,2023,May,260
Georgia,2023,June,270
Georgia,2023,July,370
Georgia,2023,August,335
Georgia,2023,September,345
Georgia,2023,October,555
Georgia,2023,November,1180
Georgia,2023,December,705
Georgia,2023,Total,4860
Georgia,2024,January,305
Georgia,2024,February,230
Georgia,2024,March,190
Georgia,2024,April,160
Georgia,2024,May,220
Georgia,2024,June,210
Georgia,2024,July,275
Georgia,2024,August,335
Georgia,2024,September,165
Georgia,2024,October,295
Georgia,2024,November,195
Georgia,2024,December,215
Georgia,2024,Total,2790
Georgia,2025,January,240
Georgia,2025,February,110
Georgia,2025,March,385
Georgia,2025,April,205
Georgia,2025,May,240
Georgia,2025,June,270
Georgia,2025,July,290
Georgia,2025,August,245
Georgia,2025,September,170
Georgia,2025,October,315
Georgia,2025,November,275
Georgia,2025,December,280
Georgia,2025,Total,3020
Georgia,2026,January,200
Georgia,2026,February,315
Georgia,2026,March,285
Georgia,2026,April,185
Georgia,2026,May,250
Georgia,2026,Total,1235
Ghana,2023,January,1060
Ghana,2023,February,2690
Ghana,2023,March,2915
Ghana,2023,April,5485
Ghana,2023,May,4850
Ghana,2023,June,7250
Ghana,2023,July,8010
Ghana,2023,August,6195
Ghana,2023,September,2990
Ghana,2023,October,3755
Ghana,2023,November,7775
Ghana,2023,December,8565
Ghana,2023,Total,61540
Ghana,2024,January,19925
Ghana,2024,February,18375
Ghana,2024,March,11790
Ghana,2024,April,12330
Ghana,2024,May,12345
Ghana,2024,June,14395
Ghana,2024,July,10205
Ghana,2024,August,8630
Ghana,2024,September,16250
Ghana,2024,October,15635
Ghana,2024,November,12995
Ghana,2024,December,8250
Ghana,2024,Total,161125
Ghana,2025,January,6980
Ghana,2025,February,5445
Ghana,2025,March,5335
Ghana,2025,April,4320
Ghana,2025,May,4000
Ghana,2025,June,4210
Ghana,2025,July,5115
Ghana,2025,August,6435
Ghana,2025,September,6175
Ghana,2025,October,5380
Ghana,2025,November,6520
Ghana,2025,December,4595
Ghana,2025,Total,64515
Ghana,2026,January,5620
Ghana,2026,February,7970
Ghana,2026,March,7740
Ghana,2026,April,6785
Ghana,2026,May,8320
Ghana,2026,Total,36435
Greece,2023,January,100
Greece,2023,February,115
Greece,2023,March,195
Greece,2023,April,100
Greece,2023,May,230
Greece,2023,June,175
Greece,2023,July,140
Greece,2023,August,150
Greece,2023,September,125
Greece,2023,October,120
Greece,2023,November,125
Greece,2023,December,115
Greece,2023,Total,1690
Greece,2024,January,130
Greece,2024,February,135
Greece,2024,March,125
Greece,2024,April,130
Greece,2024,May,140
Greece,2024,June,110
Greece,2024,July,120
Greece,2024,August,95
Greece,2024,September,80
Greece,2024,October,130
Greece,2024,November,90
Greece,2024,December,130
Greece,2024,Total,1420
Greece,2025,January,135
Greece,2025,February,120
Greece,2025,March,125
Greece,2025,April,90
Greece,2025,May,80
Greece,2025,June,85
Greece,2025,July,95
Greece,2025,August,95
Greece,2025,September,90
Greece,2025,October,110
Greece,2025,November,115
Greece,2025,December,75
Greece,2025,Total,1210
Greece,2026,January,85
Greece,2026,February,85
Greece,2026,March,135
Greece,2026,April,115
Greece,2026,May,110
Greece,2026,Total,525
Grenada,2023,January,225
Grenada,2023,February,140
Grenada,2023,March,95
Grenada,2023,April,110
Grenada,2023,May,180
Grenada,2023,June,200
Grenada,2023,July,190
Grenada,2023,August,175
Grenada,2023,September,205
Grenada,2023,October,125
Grenada,2023,November,725
Grenada,2023,December,290
Grenada,2023,Total,2665
Grenada,2024,January,270
Grenada,2024,February,105
Grenada,2024,March,105
Grenada,2024,April,130
Grenada,2024,May,160
Grenada,2024,June,110
Grenada,2024,July,165
Grenada,2024,August,85
Grenada,2024,September,195
Grenada,2024,October,165
Grenada,2024,November,120
Grenada,2024,December,105
Grenada,2024,Total,1720
Grenada,2025,January,135
Grenada,2025,February,100
Grenada,2025,March,140
Grenada,2025,April,145
Grenada,2025,May,160
Grenada,2025,June,160
Grenada,2025,July,135
Grenada,2025,August,105
Grenada,2025,September,170
Grenada,2025,October,100
Grenada,2025,November,150
Grenada,2025,December,130
Grenada,2025,Total,1625
Grenada,2026,January,120
Grenada,2026,February,120
Grenada,2026,March,120
Grenada,2026,April,150
Grenada,2026,May,185
Grenada,2026,Total,695
Guadeloupe,2023,January,0
Guadeloupe,2023,February,0
Guadeloupe,2023,March,0
Guadeloupe,2023,April,
Guadeloupe,2023,May,0
Guadeloupe,2023,June,0
Guadeloupe,2023,July,0
Guadeloupe,2023,August,0
Guadeloupe,2023,September,0
Guadeloupe,2023,October,0
Guadeloupe,2023,November,
Guadeloupe,2023,December,
Guadeloupe,2023,Total,
Guadeloupe,2024,January,
Guadeloupe,2024,February,0
Guadeloupe,2024,March,0
Guadeloupe,2024,April,0
Guadeloupe,2024,May,0
Guadeloupe,2024,June,0
Guadeloupe,2024,July,0
Guadeloupe,2024,August,0
Guadeloupe,2024,September,0
Guadeloupe,2024,October,0
Guadeloupe,2024,November,0
Guadeloupe,2024,December,0
Guadeloupe,2024,Total,
Guadeloupe,2025,January,0
Guadeloupe,2025,February,0
Guadeloupe,2025,March,0
Guadeloupe,2025,April,0
Guadeloupe,2025,May,0
Guadeloupe,2025,June,0
Guadeloupe,2025,July,0
Guadeloupe,2025,August,0
Guadeloupe,2025,September,0
Guadeloupe,2025,October,0
Guadeloupe,2025,November,0
Guadeloupe,2025,December,0
Guadeloupe,2025,Total,0
Guadeloupe,2026,January,0
Guadeloupe,2026,February,
Guadeloupe,2026,March,
Guadeloupe,2026,April,0
Guadeloupe,2026,May,0
Guadeloupe,2026,Total,
Guatemala,2023,January,3270
Guatemala,2023,February,2850
Guatemala,2023,March,4280
Guatemala,2023,April,2590
Guatemala,2023,May,2845
Guatemala,2023,June,2285
Guatemala,2023,July,1875
Guatemala,2023,August,1885
Guatemala,2023,September,2120
Guatemala,2023,October,1645
Guatemala,2023,November,1595
Guatemala,2023,December,1550
Guatemala,2023,Total,28790
Guatemala,2024,January,2735
Guatemala,2024,February,2695
Guatemala,2024,March,3630
Guatemala,2024,April,3965
Guatemala,2024,May,2940
Guatemala,2024,June,1740
Guatemala,2024,July,2070
Guatemala,2024,August,1925
Guatemala,2024,September,1950
Guatemala,2024,October,1775
Guatemala,2024,November,2540
Guatemala,2024,December,2955
Guatemala,2024,Total,30925
Guatemala,2025,January,3455
Guatemala,2025,February,4030
Guatemala,2025,March,4660
Guatemala,2025,April,3570
Guatemala,2025,May,2535
Guatemala,2025,June,2185
Guatemala,2025,July,1910
Guatemala,2025,August,1450
Guatemala,2025,September,1610
Guatemala,2025,October,2235
Guatemala,2025,November,1565
Guatemala,2025,December,2640
Guatemala,2025,Total,31850
Guatemala,2026,January,3350
Guatemala,2026,February,4180
Guatemala,2026,March,4685
Guatemala,2026,April,4750
Guatemala,2026,May,2930
Guatemala,2026,Total,19895
Guinea-Bissau,2023,January,5
Guinea-Bissau,2023,February,0
Guinea-Bissau,2023,March,
Guinea-Bissau,2023,April,10
Guinea-Bissau,2023,May,15
Guinea-Bissau,2023,June,15
Guinea-Bissau,2023,July,10
Guinea-Bissau,2023,August,10
Guinea-Bissau,2023,September,10
Guinea-Bissau,2023,October,10
Guinea-Bissau,2023,November,15
Guinea-Bissau,2023,December,10
Guinea-Bissau,2023,Total,115
Guinea-Bissau,2024,January,10
Guinea-Bissau,2024,February,5
Guinea-Bissau,2024,March,30
Guinea-Bissau,2024,April,10
Guinea-Bissau,2024,May,10
Guinea-Bissau,2024,June,
Guinea-Bissau,2024,July,10
Guinea-Bissau,2024,August,10
Guinea-Bissau,2024,September,15
Guinea-Bissau,2024,October,
Guinea-Bissau,2024,November,10
Guinea-Bissau,2024,December,10
Guinea-Bissau,2024,Total,130
Guinea-Bissau,2025,January,15
Guinea-Bissau,2025,February,10
Guinea-Bissau,2025,March,20
Guinea-Bissau,2025,April,20
Guinea-Bissau,2025,May,35
Guinea-Bissau,2025,June,20
Guinea-Bissau,2025,July,20
Guinea-Bissau,2025,August,15
Guinea-Bissau,2025,September,15
Guinea-Bissau,2025,October,15
Guinea-Bissau,2025,November,15
Guinea-Bissau,2025,December,15
Guinea-Bissau,2025,Total,215
Guinea-Bissau,2026,January,10
Guinea-Bissau,2026,February,30
Guinea-Bissau,2026,March,25
Guinea-Bissau,2026,April,15
Guinea-Bissau,2026,May,10
Guinea-Bissau,2026,Total,90
"Guinea, Republic of",2023,January,1680
"Guinea, Republic of",2023,February,1720
"Guinea, Republic of",2023,March,1590
"Guinea, Republic of",2023,April,2020
"Guinea, Republic of",2023,May,1985
"Guinea, Republic of",2023,June,1275
"Guinea, Republic of",2023,July,2600
"Guinea, Republic of",2023,August,2390
"Guinea, Republic of",2023,September,2300
"Guinea, Republic of",2023,October,2945
"Guinea, Republic of",2023,November,2780
"Guinea, Republic of",2023,December,1555
"Guinea, Republic of",2023,Total,24845
"Guinea, Republic of",2024,January,2880
"Guinea, Republic of",2024,February,3545
"Guinea, Republic of",2024,March,2725
"Guinea, Republic of",2024,April,2460
"Guinea, Republic of",2024,May,3520
"Guinea, Republic of",2024,June,3665
"Guinea, Republic of",2024,July,4920
"Guinea, Republic of",2024,August,4190
"Guinea, Republic of",2024,September,4630
"Guinea, Republic of",2024,October,3365
"Guinea, Republic of",2024,November,4185
"Guinea, Republic of",2024,December,5080
"Guinea, Republic of",2024,Total,45165
"Guinea, Republic of",2025,January,5945
"Guinea, Republic of",2025,February,2805
"Guinea, Republic of",2025,March,5605
"Guinea, Republic of",2025,April,2260
"Guinea, Republic of",2025,May,2655
"Guinea, Republic of",2025,June,2110
"Guinea, Republic of",2025,July,2060
"Guinea, Republic of",2025,August,2365
"Guinea, Republic of",2025,September,3675
"Guinea, Republic of",2025,October,1645
"Guinea, Republic of",2025,November,1775
"Guinea, Republic of",2025,December,1475
"Guinea, Republic of",2025,Total,34370
"Guinea, Republic of",2026,January,1255
"Guinea, Republic of",2026,February,2725
"Guinea, Republic of",2026,March,2235
"Guinea, Republic of",2026,April,1875
"Guinea, Republic of",2026,May,1545
"Guinea, Republic of",2026,Total,9635
Guyana,2023,January,875
Guyana,2023,February,550
Guyana,2023,March,615
Guyana,2023,April,580
Guyana,2023,May,785
Guyana,2023,June,1080
Guyana,2023,July,610
Guyana,2023,August,730
Guyana,2023,September,710
Guyana,2023,October,615
Guyana,2023,November,520
Guyana,2023,December,405
Guyana,2023,Total,8080
Guyana,2024,January,585
Guyana,2024,February,610
Guyana,2024,March,685
Guyana,2024,April,770
Guyana,2024,May,945
Guyana,2024,June,585
Guyana,2024,July,745
Guyana,2024,August,595
Guyana,2024,September,1070
Guyana,2024,October,975
Guyana,2024,November,620
Guyana,2024,December,475
Guyana,2024,Total,8665
Guyana,2025,January,525
Guyana,2025,February,405
Guyana,2025,March,915
Guyana,2025,April,810
Guyana,2025,May,765
Guyana,2025,June,905
Guyana,2025,July,695
Guyana,2025,August,410
Guyana,2025,September,770
Guyana,2025,October,565
Guyana,2025,November,600
Guyana,2025,December,465
Guyana,2025,Total,7835
Guyana,2026,January,560
Guyana,2026,February,540
Guyana,2026,March,590
Guyana,2026,April,735
Guyana,2026,May,855
Guyana,2026,Total,3280
Haiti,2023,January,5210
Haiti,2023,February,3365
Haiti,2023,March,4175
Haiti,2023,April,3380
Haiti,2023,May,3190
Haiti,2023,June,3260
Haiti,2023,July,2760
Haiti,2023,August,4855
Haiti,2023,September,4380
Haiti,2023,October,4385
Haiti,2023,November,6185
Haiti,2023,December,3790
Haiti,2023,Total,48930
Haiti,2024,January,2585
Haiti,2024,February,3505
Haiti,2024,March,4115
Haiti,2024,April,3160
Haiti,2024,May,4325
Haiti,2024,June,2780
Haiti,2024,July,3605
Haiti,2024,August,4830
Haiti,2024,September,3230
Haiti,2024,October,4820
Haiti,2024,November,4970
Haiti,2024,December,4690
Haiti,2024,Total,46615
Haiti,2025,January,8595
Haiti,2025,February,8380
Haiti,2025,March,8020
Haiti,2025,April,4880
Haiti,2025,May,9615
Haiti,2025,June,5210
Haiti,2025,July,6220
Haiti,2025,August,4870
Haiti,2025,September,3950
Haiti,2025,October,4520
Haiti,2025,November,7820
Haiti,2025,December,5665
Haiti,2025,Total,77740
Haiti,2026,January,6970
Haiti,2026,February,8370
Haiti,2026,March,6535
Haiti,2026,April,4675
Haiti,2026,May,4670
Haiti,2026,Total,31220
Holy See,2023,January,0
Holy See,2023,February,0
Holy See,2023,March,0
Holy See,2023,April,0
Holy See,2023,May,0
Holy See,2023,June,0
Holy See,2023,July,0
Holy See,2023,August,0
Holy See,2023,September,0
Holy See,2023,October,
Holy See,2023,November,
Holy See,2023,December,0
Holy See,2023,Total,
Holy See,2024,January,0
Holy See,2024,February,0
Holy See,2024,March,0
Holy See,2024,April,
Holy See,2024,May,0
Holy See,2024,June,0
Holy See,2024,July,
Holy See,2024,August,0
Holy See,2024,September,
Holy See,2024,October,0
Holy See,2024,November,0
Holy See,2024,December,
Holy See,2024,Total,5
Holy See,2025,January,0
Holy See,2025,February,
Holy See,2025,March,
Holy See,2025,April,
Holy See,2025,May,0
Holy See,2025,June,0
Holy See,2025,July,0
Holy See,2025,August,0
Holy See,2025,September,0
Holy See,2025,October,0
Holy See,2025,November,0
Holy See,2025,December,0
Holy See,2025,Total,5
Holy See,2026,January,0
Holy See,2026,February,0
Holy See,2026,March,0
Holy See,2026,April,0
Holy See,2026,May,0
Holy See,2026,Total,0
Honduras,2023,January,525
Honduras,2023,February,550
Honduras,2023,March,555
Honduras,2023,April,415
Honduras,2023,May,570
Honduras,2023,June,485
Honduras,2023,July,450
Honduras,2023,August,600
Honduras,2023,September,580
Honduras,2023,October,570
Honduras,2023,November,735
Honduras,2023,December,425
Honduras,2023,Total,6470
Honduras,2024,January,415
Honduras,2024,February,440
Honduras,2024,March,740
Honduras,2024,April,495
Honduras,2024,May,565
Honduras,2024,June,270
Honduras,2024,July,415
Honduras,2024,August,475
Honduras,2024,September,370
Honduras,2024,October,385
Honduras,2024,November,570
Honduras,2024,December,585
Honduras,2024,Total,5730
Honduras,2025,January,660
Honduras,2025,February,870
Honduras,2025,March,755
Honduras,2025,April,540
Honduras,2025,May,660
Honduras,2025,June,515
Honduras,2025,July,450
Honduras,2025,August,505
Honduras,2025,September,450
Honduras,2025,October,555
Honduras,2025,November,510
Honduras,2025,December,605
Honduras,2025,Total,7075
Honduras,2026,January,660
Honduras,2026,February,755
Honduras,2026,March,715
Honduras,2026,April,750
Honduras,2026,May,685
Honduras,2026,Total,3560
Hong Kong,2023,January,2920
Hong Kong,2023,February,3500
Hong Kong,2023,March,4600
Hong Kong,2023,April,3360
Hong Kong,2023,May,2885
Hong Kong,2023,June,2565
Hong Kong,2023,July,2675
Hong Kong,2023,August,2975
Hong Kong,2023,September,1910
Hong Kong,2023,October,1785
Hong Kong,2023,November,2300
Hong Kong,2023,December,1610
Hong Kong,2023,Total,33080
Hong Kong,2024,January,2295
Hong Kong,2024,February,2040
Hong Kong,2024,March,1905
Hong Kong,2024,April,1875
Hong Kong,2024,May,1750
Hong Kong,2024,June,2030
Hong Kong,2024,July,1845
Hong Kong,2024,August,1385
Hong Kong,2024,September,1210
Hong Kong,2024,October,1535
Hong Kong,2024,November,1435
Hong Kong,2024,December,1270
Hong Kong,2024,Total,20585
Hong Kong,2025,January,1260
Hong Kong,2025,February,1405
Hong Kong,2025,March,1335
Hong Kong,2025,April,930
Hong Kong,2025,May,890
Hong Kong,2025,June,955
Hong Kong,2025,July,1115
Hong Kong,2025,August,1195
Hong Kong,2025,September,1645
Hong Kong,2025,October,1485
Hong Kong,2025,November,1475
Hong Kong,2025,December,1330
Hong Kong,2025,Total,15020
Hong Kong,2026,January,1425
Hong Kong,2026,February,985
Hong Kong,2026,March,1860
Hong Kong,2026,April,1810
Hong Kong,2026,May,1900
Hong Kong,2026,Total,7980
Hungary,2023,January,145
Hungary,2023,February,120
Hungary,2023,March,130
Hungary,2023,April,85
Hungary,2023,May,140
Hungary,2023,June,95
Hungary,2023,July,120
Hungary,2023,August,120
Hungary,2023,September,120
Hungary,2023,October,125
Hungary,2023,November,110
Hungary,2023,December,90
Hungary,2023,Total,1400
Hungary,2024,January,85
Hungary,2024,February,115
Hungary,2024,March,120
Hungary,2024,April,140
Hungary,2024,May,125
Hungary,2024,June,135
Hungary,2024,July,125
Hungary,2024,August,135
Hungary,2024,September,100
Hungary,2024,October,130
Hungary,2024,November,120
Hungary,2024,December,120
Hungary,2024,Total,1450
Hungary,2025,January,130
Hungary,2025,February,130
Hungary,2025,March,125
Hungary,2025,April,100
Hungary,2025,May,100
Hungary,2025,June,75
Hungary,2025,July,85
Hungary,2025,August,135
Hungary,2025,September,100
Hungary,2025,October,95
Hungary,2025,November,115
Hungary,2025,December,125
Hungary,2025,Total,1305
Hungary,2026,January,75
Hungary,2026,February,125
Hungary,2026,March,120
Hungary,2026,April,80
Hungary,2026,May,60
Hungary,2026,Total,460
Iceland,2023,January,25
Iceland,2023,February,15
Iceland,2023,March,20
Iceland,2023,April,15
Iceland,2023,May,20
Iceland,2023,June,20
Iceland,2023,July,20
Iceland,2023,August,15
Iceland,2023,September,25
Iceland,2023,October,10
Iceland,2023,November,5
Iceland,2023,December,15
Iceland,2023,Total,210
Iceland,2024,January,10
Iceland,2024,February,15
Iceland,2024,March,20
Iceland,2024,April,10
Iceland,2024,May,30
Iceland,2024,June,15
Iceland,2024,July,20
Iceland,2024,August,25
Iceland,2024,September,20
Iceland,2024,October,25
Iceland,2024,November,15
Iceland,2024,December,10
Iceland,2024,Total,220
Iceland,2025,January,25
Iceland,2025,February,20
Iceland,2025,March,15
Iceland,2025,April,25
Iceland,2025,May,20
Iceland,2025,June,5
Iceland,2025,July,10
Iceland,2025,August,20
Iceland,2025,September,10
Iceland,2025,October,15
Iceland,2025,November,15
Iceland,2025,December,20
Iceland,2025,Total,205
Iceland,2026,January,20
Iceland,2026,February,15
Iceland,2026,March,5
Iceland,2026,April,15
Iceland,2026,May,20
Iceland,2026,Total,70
India,2023,January,157270
India,2023,February,148735
India,2023,March,156025
India,2023,April,110725
India,2023,May,185755
India,2023,June,186385
India,2023,July,158740
India,2023,August,151750
India,2023,September,144065
India,2023,October,147720
India,2023,November,143215
India,2023,December,107280
India,2023,Total,1797670
India,2024,January,164300
India,2024,February,165525
India,2024,March,136100
India,2024,April,142020
India,2024,May,166385
India,2024,June,139680
India,2024,July,127180
India,2024,August,98940
India,2024,September,106765
India,2024,October,171500
India,2024,November,173315
India,2024,December,172250
India,2024,Total,1763955
India,2025,January,147885
India,2025,February,125290
India,2025,March,104175
India,2025,April,96835
India,2025,May,96655
India,2025,June,87560
India,2025,July,82940
India,2025,August,85655
India,2025,September,87580
India,2025,October,100030
India,2025,November,101770
India,2025,December,94680
India,2025,Total,1211050
India,2026,January,133525
India,2026,February,133695
India,2026,March,112055
India,2026,April,118105
India,2026,May,128155
India,2026,Total,625540
Iran,2023,January,12655
Iran,2023,February,13630
Iran,2023,March,16400
Iran,2023,April,7295
Iran,2023,May,12745
Iran,2023,June,16590
Iran,2023,July,14540
Iran,2023,August,24360
Iran,2023,September,23175
Iran,2023,October,19920
Iran,2023,November,27040
Iran,2023,December,26920
Iran,2023,Total,215265
Iran,2024,January,32700
Iran,2024,February,35055
Iran,2024,March,15760
Iran,2024,April,14380
Iran,2024,May,15045
Iran,2024,June,14435
Iran,2024,July,20740
Iran,2024,August,17945
Iran,2024,September,15505
Iran,2024,October,12665
Iran,2024,November,14305
Iran,2024,December,12530
Iran,2024,Total,221060
Iran,2025,January,18315
Iran,2025,February,14685
Iran,2025,March,15435
Iran,2025,April,7930
Iran,2025,May,8980
Iran,2025,June,8275
Iran,2025,July,8265
Iran,2025,August,9875
Iran,2025,September,8395
Iran,2025,October,8670
Iran,2025,November,8125
Iran,2025,December,7485
Iran,2025,Total,124430
Iran,2026,January,7070
Iran,2026,February,7140
Iran,2026,March,5160
Iran,2026,April,3680
Iran,2026,May,4385
Iran,2026,Total,27440
Iraq,2023,January,255
Iraq,2023,February,850
Iraq,2023,March,910
Iraq,2023,April,750
Iraq,2023,May,875
Iraq,2023,June,615
Iraq,2023,July,925
Iraq,2023,August,870
Iraq,2023,September,600
Iraq,2023,October,810
Iraq,2023,November,1055
Iraq,2023,December,795
Iraq,2023,Total,9310
Iraq,2024,January,550
Iraq,2024,February,850
Iraq,2024,March,1225
Iraq,2024,April,615
Iraq,2024,May,1175
Iraq,2024,June,1015
Iraq,2024,July,1315
Iraq,2024,August,665
Iraq,2024,September,340
Iraq,2024,October,360
Iraq,2024,November,305
Iraq,2024,December,1210
Iraq,2024,Total,9615
Iraq,2025,January,885
Iraq,2025,February,585
Iraq,2025,March,305
Iraq,2025,April,495
Iraq,2025,May,540
Iraq,2025,June,265
Iraq,2025,July,480
Iraq,2025,August,490
Iraq,2025,September,505
Iraq,2025,October,645
Iraq,2025,November,750
Iraq,2025,December,675
Iraq,2025,Total,6625
Iraq,2026,January,370
Iraq,2026,February,485
Iraq,2026,March,630
Iraq,2026,April,500
Iraq,2026,May,990
Iraq,2026,Total,2970
Israel,2023,January,270
Israel,2023,February,215
Israel,2023,March,295
Israel,2023,April,305
Israel,2023,May,425
Israel,2023,June,525
Israel,2023,July,385
Israel,2023,August,300
Israel,2023,September,285
Israel,2023,October,305
Israel,2023,November,270
Israel,2023,December,230
Israel,2023,Total,3820
Israel,2024,January,710
Israel,2024,February,410
Israel,2024,March,440
Israel,2024,April,575
Israel,2024,May,625
Israel,2024,June,540
Israel,2024,July,2530
Israel,2024,August,1160
Israel,2024,September,655
Israel,2024,October,470
Israel,2024,November,425
Israel,2024,December,480
Israel,2024,Total,9015
Israel,2025,January,745
Israel,2025,February,530
Israel,2025,March,420
Israel,2025,April,555
Israel,2025,May,575
Israel,2025,June,445
Israel,2025,July,1190
Israel,2025,August,1030
Israel,2025,September,805
Israel,2025,October,435
Israel,2025,November,270
Israel,2025,December,250
Israel,2025,Total,7250
Israel,2026,January,260
Israel,2026,February,320
Israel,2026,March,655
Israel,2026,April,340
Israel,2026,May,330
Israel,2026,Total,1905
Italy,2023,January,515
Italy,2023,February,585
Italy,2023,March,710
Italy,2023,April,465
Italy,2023,May,865
Italy,2023,June,1055
Italy,2023,July,815
Italy,2023,August,605
Italy,2023,September,560
Italy,2023,October,595
Italy,2023,November,605
Italy,2023,December,375
Italy,2023,Total,7750
Italy,2024,January,465
Italy,2024,February,600
Italy,2024,March,630
Italy,2024,April,570
Italy,2024,May,695
Italy,2024,June,590
Italy,2024,July,610
Italy,2024,August,605
Italy,2024,September,460
Italy,2024,October,690
Italy,2024,November,485
Italy,2024,December,505
Italy,2024,Total,6910
Italy,2025,January,530
Italy,2025,February,565
Italy,2025,March,675
Italy,2025,April,560
Italy,2025,May,480
Italy,2025,June,480
Italy,2025,July,460
Italy,2025,August,830
Italy,2025,September,480
Italy,2025,October,530
Italy,2025,November,530
Italy,2025,December,415
Italy,2025,Total,6535
Italy,2026,January,450
Italy,2026,February,525
Italy,2026,March,795
Italy,2026,April,780
Italy,2026,May,755
Italy,2026,Total,3305
Jamaica,2023,January,7520
Jamaica,2023,February,7030
Jamaica,2023,March,6860
Jamaica,2023,April,4185
Jamaica,2023,May,6395
Jamaica,2023,June,6515
Jamaica,2023,July,4925
Jamaica,2023,August,6300
Jamaica,2023,September,3610
Jamaica,2023,October,3535
Jamaica,2023,November,6605
Jamaica,2023,December,5310
Jamaica,2023,Total,68795
Jamaica,2024,January,3705
Jamaica,2024,February,4195
Jamaica,2024,March,5025
Jamaica,2024,April,6995
Jamaica,2024,May,5365
Jamaica,2024,June,3565
Jamaica,2024,July,3685
Jamaica,2024,August,4920
Jamaica,2024,September,8835
Jamaica,2024,October,2455
Jamaica,2024,November,5055
Jamaica,2024,December,6075
Jamaica,2024,Total,59870
Jamaica,2025,January,6035
Jamaica,2025,February,11340
Jamaica,2025,March,5760
Jamaica,2025,April,6890
Jamaica,2025,May,5470
Jamaica,2025,June,6160
Jamaica,2025,July,4630
Jamaica,2025,August,5280
Jamaica,2025,September,3920
Jamaica,2025,October,4085
Jamaica,2025,November,3950
Jamaica,2025,December,3230
Jamaica,2025,Total,66750
Jamaica,2026,January,3805
Jamaica,2026,February,5465
Jamaica,2026,March,5555
Jamaica,2026,April,6320
Jamaica,2026,May,5850
Jamaica,2026,Total,26995
Japan,2023,January,1320
Japan,2023,February,1560
Japan,2023,March,1785
Japan,2023,April,1125
Japan,2023,May,2935
Japan,2023,June,2585
Japan,2023,July,2470
Japan,2023,August,1980
Japan,2023,September,1415
Japan,2023,October,1100
Japan,2023,November,1105
Japan,2023,December,835
Japan,2023,Total,20220
Japan,2024,January,1565
Japan,2024,February,1690
Japan,2024,March,1745
Japan,2024,April,1970
Japan,2024,May,2250
Japan,2024,June,1485
Japan,2024,July,1875
Japan,2024,August,2145
Japan,2024,September,1210
Japan,2024,October,1145
Japan,2024,November,900
Japan,2024,December,940
Japan,2024,Total,18920
Japan,2025,January,1175
Japan,2025,February,1645
Japan,2025,March,1955
Japan,2025,April,1210
Japan,2025,May,1265
Japan,2025,June,2070
Japan,2025,July,1585
Japan,2025,August,2540
Japan,2025,September,885
Japan,2025,October,815
Japan,2025,November,905
Japan,2025,December,680
Japan,2025,Total,16730
Japan,2026,January,755
Japan,2026,February,705
Japan,2026,March,1470
Japan,2026,April,3295
Japan,2026,May,3680
Japan,2026,Total,9910
Jordan,2023,January,1270
Jordan,2023,February,2785
Jordan,2023,March,2960
Jordan,2023,April,2405
Jordan,2023,May,2835
Jordan,2023,June,1895
Jordan,2023,July,2320
Jordan,2023,August,2065
Jordan,2023,September,1150
Jordan,2023,October,1940
Jordan,2023,November,2135
Jordan,2023,December,1725
Jordan,2023,Total,25490
Jordan,2024,January,1560
Jordan,2024,February,2210
Jordan,2024,March,4205
Jordan,2024,April,2905
Jordan,2024,May,1530
Jordan,2024,June,1590
Jordan,2024,July,2045
Jordan,2024,August,2010
Jordan,2024,September,1055
Jordan,2024,October,1000
Jordan,2024,November,2855
Jordan,2024,December,2160
Jordan,2024,Total,25120
Jordan,2025,January,1600
Jordan,2025,February,1445
Jordan,2025,March,760
Jordan,2025,April,1310
Jordan,2025,May,1550
Jordan,2025,June,755
Jordan,2025,July,1410
Jordan,2025,August,1420
Jordan,2025,September,1140
Jordan,2025,October,1750
Jordan,2025,November,2285
Jordan,2025,December,1210
Jordan,2025,Total,16640
Jordan,2026,January,1080
Jordan,2026,February,1475
Jordan,2026,March,1530
Jordan,2026,April,1450
Jordan,2026,May,1625
Jordan,2026,Total,7155
Kazakhstan,2023,January,360
Kazakhstan,2023,February,310
Kazakhstan,2023,March,490
Kazakhstan,2023,April,400
Kazakhstan,2023,May,665
Kazakhstan,2023,June,520
Kazakhstan,2023,July,335
Kazakhstan,2023,August,480
Kazakhstan,2023,September,485
Kazakhstan,2023,October,645
Kazakhstan,2023,November,820
Kazakhstan,2023,December,390
Kazakhstan,2023,Total,5900
Kazakhstan,2024,January,585
Kazakhstan,2024,February,435
Kazakhstan,2024,March,410
Kazakhstan,2024,April,650
Kazakhstan,2024,May,530
Kazakhstan,2024,June,345
Kazakhstan,2024,July,445
Kazakhstan,2024,August,465
Kazakhstan,2024,September,335
Kazakhstan,2024,October,450
Kazakhstan,2024,November,465
Kazakhstan,2024,December,380
Kazakhstan,2024,Total,5500
Kazakhstan,2025,January,340
Kazakhstan,2025,February,440
Kazakhstan,2025,March,390
Kazakhstan,2025,April,410
Kazakhstan,2025,May,570
Kazakhstan,2025,June,420
Kazakhstan,2025,July,460
Kazakhstan,2025,August,430
Kazakhstan,2025,September,385
Kazakhstan,2025,October,365
Kazakhstan,2025,November,395
Kazakhstan,2025,December,395
Kazakhstan,2025,Total,5005
Kazakhstan,2026,January,475
Kazakhstan,2026,February,490
Kazakhstan,2026,March,420
Kazakhstan,2026,April,550
Kazakhstan,2026,May,495
Kazakhstan,2026,Total,2425
Kenya,2023,January,1855
Kenya,2023,February,1025
Kenya,2023,March,1715
Kenya,2023,April,5315
Kenya,2023,May,5660
Kenya,2023,June,2320
Kenya,2023,July,2100
Kenya,2023,August,2365
Kenya,2023,September,5410
Kenya,2023,October,4880
Kenya,2023,November,5270
Kenya,2023,December,3665
Kenya,2023,Total,41575
Kenya,2024,January,5875
Kenya,2024,February,4495
Kenya,2024,March,7865
Kenya,2024,April,6280
Kenya,2024,May,7455
Kenya,2024,June,4290
Kenya,2024,July,3560
Kenya,2024,August,3580
Kenya,2024,September,3110
Kenya,2024,October,3260
Kenya,2024,November,2360
Kenya,2024,December,1915
Kenya,2024,Total,54050
Kenya,2025,January,1945
Kenya,2025,February,1760
Kenya,2025,March,1790
Kenya,2025,April,1620
Kenya,2025,May,1775
Kenya,2025,June,1840
Kenya,2025,July,2450
Kenya,2025,August,3220
Kenya,2025,September,2285
Kenya,2025,October,2315
Kenya,2025,November,2335
Kenya,2025,December,2315
Kenya,2025,Total,25650
Kenya,2026,January,2420
Kenya,2026,February,3025
Kenya,2026,March,2635
Kenya,2026,April,2320
Kenya,2026,May,2865
Kenya,2026,Total,13260
Kiribati,2023,January,0
Kiribati,2023,February,0
Kiribati,2023,March,5
Kiribati,2023,April,0
Kiribati,2023,May,
Kiribati,2023,June,5
Kiribati,2023,July,
Kiribati,2023,August,0
Kiribati,2023,September,0
Kiribati,2023,October,0
Kiribati,2023,November,
Kiribati,2023,December,0
Kiribati,2023,Total,15
Kiribati,2024,January,
Kiribati,2024,February,0
Kiribati,2024,March,0
Kiribati,2024,April,
Kiribati,2024,May,0
Kiribati,2024,June,
Kiribati,2024,July,0
Kiribati,2024,August,0
Kiribati,2024,September,0
Kiribati,2024,October,5
Kiribati,2024,November,
Kiribati,2024,December,0
Kiribati,2024,Total,15
Kiribati,2025,January,0
Kiribati,2025,February,0
Kiribati,2025,March,0
Kiribati,2025,April,
Kiribati,2025,May,
Kiribati,2025,June,0
Kiribati,2025,July,0
Kiribati,2025,August,0
Kiribati,2025,September,5
Kiribati,2025,October,
Kiribati,2025,November,0
Kiribati,2025,December,
Kiribati,2025,Total,10
Kiribati,2026,January,
Kiribati,2026,February,0
Kiribati,2026,March,0
Kiribati,2026,April,
Kiribati,2026,May,
Kiribati,2026,Total,
"Korea, People's Democratic Republic of",2023,January,
"Korea, People's Democratic Republic of",2023,February,0
"Korea, People's Democratic Republic of",2023,March,
"Korea, People's Democratic Republic of",2023,April,0
"Korea, People's Democratic Republic of",2023,May,
"Korea, People's Democratic Republic of",2023,June,
"Korea, People's Democratic Republic of",2023,July,
"Korea, People's Democratic Republic of",2023,August,0
"Korea, People's Democratic Republic of",2023,September,
"Korea, People's Democratic Republic of",2023,October,
"Korea, People's Democratic Republic of",2023,November,
"Korea, People's Democratic Republic of",2023,December,
"Korea, People's Democratic Republic of",2023,Total,15
"Korea, People's Democratic Republic of",2024,January,
"Korea, People's Democratic Republic of",2024,February,
"Korea, People's Democratic Republic of",2024,March,
"Korea, People's Democratic Republic of",2024,April,
"Korea, People's Democratic Republic of",2024,May,0
"Korea, People's Democratic Republic of",2024,June,0
"Korea, People's Democratic Republic of",2024,July,
"Korea, People's Democratic Republic of",2024,August,
"Korea, People's Democratic Republic of",2024,September,0
"Korea, People's Democratic Republic of",2024,October,0
"Korea, People's Democratic Republic of",2024,November,0
"Korea, People's Democratic Republic of",2024,December,0
"Korea, People's Democratic Republic of",2024,Total,10
"Korea, People's Democratic Republic of",2025,January,
"Korea, People's Democratic Republic of",2025,February,5
"Korea, People's Democratic Republic of",2025,March,
"Korea, People's Democratic Republic of",2025,April,
"Korea, People's Democratic Republic of",2025,May,
"Korea, People's Democratic Republic of",2025,June,
"Korea, People's Democratic Republic of",2025,July,0
"Korea, People's Democratic Republic of",2025,August,5
"Korea, People's Democratic Republic of",2025,September,
"Korea, People's Democratic Republic of",2025,October,0
"Korea, People's Democratic Republic of",2025,November,
"Korea, People's Democratic Republic of",2025,December,10
"Korea, People's Democratic Republic of",2025,Total,30
"Korea, People's Democratic Republic of",2026,January,
"Korea, People's Democratic Republic of",2026,February,
"Korea, People's Democratic Republic of",2026,March,0
"Korea, People's Democratic Republic of",2026,April,
"Korea, People's Democratic Republic of",2026,May,
"Korea, People's Democratic Republic of",2026,Total,10
"Korea, Republic of",2023,January,2055
"Korea, Republic of",2023,February,2555
"Korea, Republic of",2023,March,3590
"Korea, Republic of",2023,April,2205
"Korea, Republic of",2023,May,5220
"Korea, Republic of",2023,June,4010
"Korea, Republic of",2023,July,3255
"Korea, Republic of",2023,August,3270
"Korea, Republic of",2023,September,2165
"Korea, Republic of",2023,October,2315
"Korea, Republic of",2023,November,2410
"Korea, Republic of",2023,December,1490
"Korea, Republic of",2023,Total,34550
"Korea, Republic of",2024,January,2640
"Korea, Republic of",2024,February,3965
"Korea, Republic of",2024,March,4500
"Korea, Republic of",2024,April,3900
"Korea, Republic of",2024,May,3545
"Korea, Republic of",2024,June,2275
"Korea, Republic of",2024,July,2345
"Korea, Republic of",2024,August,2435
"Korea, Republic of",2024,September,1635
"Korea, Republic of",2024,October,2110
"Korea, Republic of",2024,November,1765
"Korea, Republic of",2024,December,1620
"Korea, Republic of",2024,Total,32735
"Korea, Republic of",2025,January,2245
"Korea, Republic of",2025,February,4220
"Korea, Republic of",2025,March,4275
"Korea, Republic of",2025,April,1950
"Korea, Republic of",2025,May,2175
"Korea, Republic of",2025,June,1905
"Korea, Republic of",2025,July,1575
"Korea, Republic of",2025,August,3155
"Korea, Republic of",2025,September,2335
"Korea, Republic of",2025,October,2610
"Korea, Republic of",2025,November,2580
"Korea, Republic of",2025,December,1525
"Korea, Republic of",2025,Total,30550
"Korea, Republic of",2026,January,1585
"Korea, Republic of",2026,February,2465
"Korea, Republic of",2026,March,3845
"Korea, Republic of",2026,April,3405
"Korea, Republic of",2026,May,3230
"Korea, Republic of",2026,Total,14525
"Kosovo, Republic of",2023,January,160
"Kosovo, Republic of",2023,February,125
"Kosovo, Republic of",2023,March,135
"Kosovo, Republic of",2023,April,100
"Kosovo, Republic of",2023,May,260
"Kosovo, Republic of",2023,June,185
"Kosovo, Republic of",2023,July,200
"Kosovo, Republic of",2023,August,170
"Kosovo, Republic of",2023,September,130
"Kosovo, Republic of",2023,October,95
"Kosovo, Republic of",2023,November,200
"Kosovo, Republic of",2023,December,155
"Kosovo, Republic of",2023,Total,1920
"Kosovo, Republic of",2024,January,125
"Kosovo, Republic of",2024,February,165
"Kosovo, Republic of",2024,March,120
"Kosovo, Republic of",2024,April,105
"Kosovo, Republic of",2024,May,100
"Kosovo, Republic of",2024,June,70
"Kosovo, Republic of",2024,July,60
"Kosovo, Republic of",2024,August,85
"Kosovo, Republic of",2024,September,90
"Kosovo, Republic of",2024,October,65
"Kosovo, Republic of",2024,November,120
"Kosovo, Republic of",2024,December,85
"Kosovo, Republic of",2024,Total,1190
"Kosovo, Republic of",2025,January,110
"Kosovo, Republic of",2025,February,65
"Kosovo, Republic of",2025,March,255
"Kosovo, Republic of",2025,April,225
"Kosovo, Republic of",2025,May,410
"Kosovo, Republic of",2025,June,175
"Kosovo, Republic of",2025,July,185
"Kosovo, Republic of",2025,August,130
"Kosovo, Republic of",2025,September,115
"Kosovo, Republic of",2025,October,160
"Kosovo, Republic of",2025,November,95
"Kosovo, Republic of",2025,December,175
"Kosovo, Republic of",2025,Total,2105
"Kosovo, Republic of",2026,January,130
"Kosovo, Republic of",2026,February,110
"Kosovo, Republic of",2026,March,145
"Kosovo, Republic of",2026,April,170
"Kosovo, Republic of",2026,May,160
"Kosovo, Republic of",2026,Total,715
Kuwait,2023,January,375
Kuwait,2023,February,275
Kuwait,2023,March,195
Kuwait,2023,April,185
Kuwait,2023,May,425
Kuwait,2023,June,225
Kuwait,2023,July,385
Kuwait,2023,August,440
Kuwait,2023,September,215
Kuwait,2023,October,115
Kuwait,2023,November,160
Kuwait,2023,December,115
Kuwait,2023,Total,3110
Kuwait,2024,January,125
Kuwait,2024,February,125
Kuwait,2024,March,145
Kuwait,2024,April,215
Kuwait,2024,May,250
Kuwait,2024,June,130
Kuwait,2024,July,245
Kuwait,2024,August,215
Kuwait,2024,September,85
Kuwait,2024,October,120
Kuwait,2024,November,165
Kuwait,2024,December,85
Kuwait,2024,Total,1910
Kuwait,2025,January,135
Kuwait,2025,February,145
Kuwait,2025,March,145
Kuwait,2025,April,155
Kuwait,2025,May,235
Kuwait,2025,June,115
Kuwait,2025,July,160
Kuwait,2025,August,130
Kuwait,2025,September,205
Kuwait,2025,October,115
Kuwait,2025,November,95
Kuwait,2025,December,85
Kuwait,2025,Total,1720
Kuwait,2026,January,105
Kuwait,2026,February,235
Kuwait,2026,March,145
Kuwait,2026,April,180
Kuwait,2026,May,205
Kuwait,2026,Total,860
Kyrgyzstan,2023,January,45
Kyrgyzstan,2023,February,45
Kyrgyzstan,2023,March,75
Kyrgyzstan,2023,April,50
Kyrgyzstan,2023,May,130
Kyrgyzstan,2023,June,85
Kyrgyzstan,2023,July,65
Kyrgyzstan,2023,August,130
Kyrgyzstan,2023,September,135
Kyrgyzstan,2023,October,140
Kyrgyzstan,2023,November,225
Kyrgyzstan,2023,December,80
Kyrgyzstan,2023,Total,1200
Kyrgyzstan,2024,January,135
Kyrgyzstan,2024,February,50
Kyrgyzstan,2024,March,65
Kyrgyzstan,2024,April,115
Kyrgyzstan,2024,May,125
Kyrgyzstan,2024,June,85
Kyrgyzstan,2024,July,95
Kyrgyzstan,2024,August,125
Kyrgyzstan,2024,September,70
Kyrgyzstan,2024,October,115
Kyrgyzstan,2024,November,90
Kyrgyzstan,2024,December,80
Kyrgyzstan,2024,Total,1155
Kyrgyzstan,2025,January,80
Kyrgyzstan,2025,February,80
Kyrgyzstan,2025,March,80
Kyrgyzstan,2025,April,80
Kyrgyzstan,2025,May,135
Kyrgyzstan,2025,June,65
Kyrgyzstan,2025,July,120
Kyrgyzstan,2025,August,70
Kyrgyzstan,2025,September,85
Kyrgyzstan,2025,October,75
Kyrgyzstan,2025,November,70
Kyrgyzstan,2025,December,70
Kyrgyzstan,2025,Total,1015
Kyrgyzstan,2026,January,60
Kyrgyzstan,2026,February,80
Kyrgyzstan,2026,March,70
Kyrgyzstan,2026,April,95
Kyrgyzstan,2026,May,85
Kyrgyzstan,2026,Total,390
Laos,2023,January,15
Laos,2023,February,35
Laos,2023,March,30
Laos,2023,April,40
Laos,2023,May,60
Laos,2023,June,55
Laos,2023,July,65
Laos,2023,August,75
Laos,2023,September,40
Laos,2023,October,60
Laos,2023,November,65
Laos,2023,December,55
Laos,2023,Total,585
Laos,2024,January,60
Laos,2024,February,75
Laos,2024,March,60
Laos,2024,April,70
Laos,2024,May,70
Laos,2024,June,65
Laos,2024,July,140
Laos,2024,August,125
Laos,2024,September,95
Laos,2024,October,45
Laos,2024,November,50
Laos,2024,December,65
Laos,2024,Total,920
Laos,2025,January,60
Laos,2025,February,30
Laos,2025,March,70
Laos,2025,April,50
Laos,2025,May,70
Laos,2025,June,85
Laos,2025,July,45
Laos,2025,August,30
Laos,2025,September,45
Laos,2025,October,45
Laos,2025,November,25
Laos,2025,December,45
Laos,2025,Total,605
Laos,2026,January,95
Laos,2026,February,180
Laos,2026,March,185
Laos,2026,April,130
Laos,2026,May,175
Laos,2026,Total,765
Latvia,2023,January,20
Latvia,2023,February,30
Latvia,2023,March,40
Latvia,2023,April,25
Latvia,2023,May,15
Latvia,2023,June,25
Latvia,2023,July,15
Latvia,2023,August,35
Latvia,2023,September,30
Latvia,2023,October,20
Latvia,2023,November,20
Latvia,2023,December,25
Latvia,2023,Total,300
Latvia,2024,January,10
Latvia,2024,February,25
Latvia,2024,March,30
Latvia,2024,April,25
Latvia,2024,May,25
Latvia,2024,June,25
Latvia,2024,July,25
Latvia,2024,August,25
Latvia,2024,September,5
Latvia,2024,October,15
Latvia,2024,November,15
Latvia,2024,December,15
Latvia,2024,Total,240
Latvia,2025,January,15
Latvia,2025,February,15
Latvia,2025,March,30
Latvia,2025,April,20
Latvia,2025,May,20
Latvia,2025,June,10
Latvia,2025,July,10
Latvia,2025,August,30
Latvia,2025,September,15
Latvia,2025,October,15
Latvia,2025,November,20
Latvia,2025,December,15
Latvia,2025,Total,215
Latvia,2026,January,10
Latvia,2026,February,25
Latvia,2026,March,25
Latvia,2026,April,40
Latvia,2026,May,20
Latvia,2026,Total,125
Lebanon,2023,January,1420
Lebanon,2023,February,3340
Lebanon,2023,March,2895
Lebanon,2023,April,2200
Lebanon,2023,May,2055
Lebanon,2023,June,2185
Lebanon,2023,July,2745
Lebanon,2023,August,2590
Lebanon,2023,September,1550
Lebanon,2023,October,2200
Lebanon,2023,November,4650
Lebanon,2023,December,3225
Lebanon,2023,Total,31050
Lebanon,2024,January,1790
Lebanon,2024,February,2340
Lebanon,2024,March,3275
Lebanon,2024,April,2770
Lebanon,2024,May,3715
Lebanon,2024,June,2120
Lebanon,2024,July,3470
Lebanon,2024,August,3535
Lebanon,2024,September,2755
Lebanon,2024,October,3085
Lebanon,2024,November,2130
Lebanon,2024,December,2990
Lebanon,2024,Total,33970
Lebanon,2025,January,4280
Lebanon,2025,February,3240
Lebanon,2025,March,2480
Lebanon,2025,April,1560
Lebanon,2025,May,1625
Lebanon,2025,June,1550
Lebanon,2025,July,1395
Lebanon,2025,August,1695
Lebanon,2025,September,1675
Lebanon,2025,October,1635
Lebanon,2025,November,1675
Lebanon,2025,December,1190
Lebanon,2025,Total,23995
Lebanon,2026,January,1380
Lebanon,2026,February,1995
Lebanon,2026,March,1905
Lebanon,2026,April,1660
Lebanon,2026,May,1330
Lebanon,2026,Total,8265
Lesotho,2023,January,10
Lesotho,2023,February,5
Lesotho,2023,March,20
Lesotho,2023,April,5
Lesotho,2023,May,10
Lesotho,2023,June,
Lesotho,2023,July,5
Lesotho,2023,August,10
Lesotho,2023,September,5
Lesotho,2023,October,5
Lesotho,2023,November,10
Lesotho,2023,December,
Lesotho,2023,Total,90
Lesotho,2024,January,5
Lesotho,2024,February,
Lesotho,2024,March,
Lesotho,2024,April,10
Lesotho,2024,May,10
Lesotho,2024,June,
Lesotho,2024,July,5
Lesotho,2024,August,5
Lesotho,2024,September,10
Lesotho,2024,October,5
Lesotho,2024,November,10
Lesotho,2024,December,10
Lesotho,2024,Total,80
Lesotho,2025,January,15
Lesotho,2025,February,10
Lesotho,2025,March,10
Lesotho,2025,April,5
Lesotho,2025,May,5
Lesotho,2025,June,5
Lesotho,2025,July,10
Lesotho,2025,August,25
Lesotho,2025,September,10
Lesotho,2025,October,15
Lesotho,2025,November,10
Lesotho,2025,December,5
Lesotho,2025,Total,140
Lesotho,2026,January,
Lesotho,2026,February,10
Lesotho,2026,March,5
Lesotho,2026,April,10
Lesotho,2026,May,15
Lesotho,2026,Total,45
Liberia,2023,January,30
Liberia,2023,February,50
Liberia,2023,March,90
Liberia,2023,April,195
Liberia,2023,May,160
Liberia,2023,June,140
Liberia,2023,July,150
Liberia,2023,August,225
Liberia,2023,September,115
Liberia,2023,October,135
Liberia,2023,November,810
Liberia,2023,December,300
Liberia,2023,Total,2400
Liberia,2024,January,110
Liberia,2024,February,260
Liberia,2024,March,310
Liberia,2024,April,1265
Liberia,2024,May,1020
Liberia,2024,June,125
Liberia,2024,July,160
Liberia,2024,August,130
Liberia,2024,September,620
Liberia,2024,October,195
Liberia,2024,November,570
Liberia,2024,December,215
Liberia,2024,Total,4980
Liberia,2025,January,120
Liberia,2025,February,410
Liberia,2025,March,285
Liberia,2025,April,120
Liberia,2025,May,140
Liberia,2025,June,125
Liberia,2025,July,155
Liberia,2025,August,285
Liberia,2025,September,570
Liberia,2025,October,470
Liberia,2025,November,560
Liberia,2025,December,145
Liberia,2025,Total,3380
Liberia,2026,January,125
Liberia,2026,February,260
Liberia,2026,March,180
Liberia,2026,April,105
Liberia,2026,May,220
Liberia,2026,Total,895
Libya,2023,January,190
Libya,2023,February,210
Libya,2023,March,145
Libya,2023,April,255
Libya,2023,May,215
Libya,2023,June,180
Libya,2023,July,200
Libya,2023,August,250
Libya,2023,September,230
Libya,2023,October,475
Libya,2023,November,250
Libya,2023,December,175
Libya,2023,Total,2765
Libya,2024,January,185
Libya,2024,February,565
Libya,2024,March,360
Libya,2024,April,170
Libya,2024,May,175
Libya,2024,June,180
Libya,2024,July,205
Libya,2024,August,255
Libya,2024,September,205
Libya,2024,October,275
Libya,2024,November,240
Libya,2024,December,200
Libya,2024,Total,3010
Libya,2025,January,185
Libya,2025,February,175
Libya,2025,March,190
Libya,2025,April,190
Libya,2025,May,220
Libya,2025,June,205
Libya,2025,July,170
Libya,2025,August,180
Libya,2025,September,155
Libya,2025,October,270
Libya,2025,November,300
Libya,2025,December,250
Libya,2025,Total,2495
Libya,2026,January,195
Libya,2026,February,255
Libya,2026,March,240
Libya,2026,April,205
Libya,2026,May,215
Libya,2026,Total,1110
Liechtenstein,2023,January,0
Liechtenstein,2023,February,
Liechtenstein,2023,March,0
Liechtenstein,2023,April,0
Liechtenstein,2023,May,0
Liechtenstein,2023,June,0
Liechtenstein,2023,July,0
Liechtenstein,2023,August,
Liechtenstein,2023,September,0
Liechtenstein,2023,October,0
Liechtenstein,2023,November,0
Liechtenstein,2023,December,0
Liechtenstein,2023,Total,
Liechtenstein,2024,January,0
Liechtenstein,2024,February,0
Liechtenstein,2024,March,0
Liechtenstein,2024,April,0
Liechtenstein,2024,May,0
Liechtenstein,2024,June,0
Liechtenstein,2024,July,
Liechtenstein,2024,August,0
Liechtenstein,2024,September,0
Liechtenstein,2024,October,0
Liechtenstein,2024,November,0
Liechtenstein,2024,December,0
Liechtenstein,2024,Total,
Liechtenstein,2025,January,0
Liechtenstein,2025,February,0
Liechtenstein,2025,March,0
Liechtenstein,2025,April,0
Liechtenstein,2025,May,0
Liechtenstein,2025,June,0
Liechtenstein,2025,July,0
Liechtenstein,2025,August,0
Liechtenstein,2025,September,0
Liechtenstein,2025,October,0
Liechtenstein,2025,November,0
Liechtenstein,2025,December,0
Liechtenstein,2025,Total,0
Liechtenstein,2026,January,0
Liechtenstein,2026,February,0
Liechtenstein,2026,March,0
Liechtenstein,2026,April,0
Liechtenstein,2026,May,0
Liechtenstein,2026,Total,0
Lithuania,2023,January,15
Lithuania,2023,February,25
Lithuania,2023,March,70
Lithuania,2023,April,50
Lithuania,2023,May,75
Lithuania,2023,June,50
Lithuania,2023,July,35
Lithuania,2023,August,45
Lithuania,2023,September,30
Lithuania,2023,October,25
Lithuania,2023,November,30
Lithuania,2023,December,30
Lithuania,2023,Total,475
Lithuania,2024,January,45
Lithuania,2024,February,60
Lithuania,2024,March,65
Lithuania,2024,April,45
Lithuania,2024,May,60
Lithuania,2024,June,40
Lithuania,2024,July,30
Lithuania,2024,August,45
Lithuania,2024,September,35
Lithuania,2024,October,45
Lithuania,2024,November,30
Lithuania,2024,December,35
Lithuania,2024,Total,530
Lithuania,2025,January,30
Lithuania,2025,February,35
Lithuania,2025,March,60
Lithuania,2025,April,45
Lithuania,2025,May,25
Lithuania,2025,June,25
Lithuania,2025,July,15
Lithuania,2025,August,35
Lithuania,2025,September,25
Lithuania,2025,October,45
Lithuania,2025,November,45
Lithuania,2025,December,15
Lithuania,2025,Total,395
Lithuania,2026,January,30
Lithuania,2026,February,40
Lithuania,2026,March,35
Lithuania,2026,April,45
Lithuania,2026,May,40
Lithuania,2026,Total,185
Luxembourg,2023,January,5
Luxembourg,2023,February,10
Luxembourg,2023,March,15
Luxembourg,2023,April,5
Luxembourg,2023,May,
Luxembourg,2023,June,20
Luxembourg,2023,July,15
Luxembourg,2023,August,10
Luxembourg,2023,September,20
Luxembourg,2023,October,15
Luxembourg,2023,November,15
Luxembourg,2023,December,5
Luxembourg,2023,Total,145
Luxembourg,2024,January,
Luxembourg,2024,February,5
Luxembourg,2024,March,5
Luxembourg,2024,April,5
Luxembourg,2024,May,15
Luxembourg,2024,June,10
Luxembourg,2024,July,15
Luxembourg,2024,August,20
Luxembourg,2024,September,10
Luxembourg,2024,October,15
Luxembourg,2024,November,10
Luxembourg,2024,December,
Luxembourg,2024,Total,120
Luxembourg,2025,January,10
Luxembourg,2025,February,5
Luxembourg,2025,March,10
Luxembourg,2025,April,10
Luxembourg,2025,May,5
Luxembourg,2025,June,15
Luxembourg,2025,July,
Luxembourg,2025,August,25
Luxembourg,2025,September,5
Luxembourg,2025,October,10
Luxembourg,2025,November,20
Luxembourg,2025,December,10
Luxembourg,2025,Total,120
Luxembourg,2026,January,5
Luxembourg,2026,February,10
Luxembourg,2026,March,15
Luxembourg,2026,April,10
Luxembourg,2026,May,20
Luxembourg,2026,Total,60
Macao,2023,January,40
Macao,2023,February,45
Macao,2023,March,40
Macao,2023,April,130
Macao,2023,May,145
Macao,2023,June,135
Macao,2023,July,165
Macao,2023,August,120
Macao,2023,September,70
Macao,2023,October,70
Macao,2023,November,175
Macao,2023,December,80
Macao,2023,Total,1210
Macao,2024,January,65
Macao,2024,February,90
Macao,2024,March,125
Macao,2024,April,155
Macao,2024,May,155
Macao,2024,June,90
Macao,2024,July,135
Macao,2024,August,125
Macao,2024,September,85
Macao,2024,October,70
Macao,2024,November,85
Macao,2024,December,70
Macao,2024,Total,1255
Macao,2025,January,40
Macao,2025,February,85
Macao,2025,March,105
Macao,2025,April,80
Macao,2025,May,100
Macao,2025,June,110
Macao,2025,July,85
Macao,2025,August,90
Macao,2025,September,95
Macao,2025,October,80
Macao,2025,November,65
Macao,2025,December,80
Macao,2025,Total,1020
Macao,2026,January,55
Macao,2026,February,65
Macao,2026,March,90
Macao,2026,April,95
Macao,2026,May,120
Macao,2026,Total,425
Macedonia,2023,January,90
Macedonia,2023,February,75
Macedonia,2023,March,75
Macedonia,2023,April,80
Macedonia,2023,May,190
Macedonia,2023,June,135
Macedonia,2023,July,120
Macedonia,2023,August,70
Macedonia,2023,September,40
Macedonia,2023,October,70
Macedonia,2023,November,100
Macedonia,2023,December,55
Macedonia,2023,Total,1100
Macedonia,2024,January,40
Macedonia,2024,February,75
Macedonia,2024,March,75
Macedonia,2024,April,80
Macedonia,2024,May,50
Macedonia,2024,June,50
Macedonia,2024,July,45
Macedonia,2024,August,60
Macedonia,2024,September,45
Macedonia,2024,October,65
Macedonia,2024,November,65
Macedonia,2024,December,60
Macedonia,2024,Total,705
Macedonia,2025,January,45
Macedonia,2025,February,30
Macedonia,2025,March,140
Macedonia,2025,April,165
Macedonia,2025,May,210
Macedonia,2025,June,115
Macedonia,2025,July,115
Macedonia,2025,August,75
Macedonia,2025,September,50
Macedonia,2025,October,110
Macedonia,2025,November,65
Macedonia,2025,December,75
Macedonia,2025,Total,1195
Macedonia,2026,January,75
Macedonia,2026,February,65
Macedonia,2026,March,115
Macedonia,2026,April,135
Macedonia,2026,May,100
Macedonia,2026,Total,495
Madagascar,2023,January,300
Madagascar,2023,February,325
Madagascar,2023,March,390
Madagascar,2023,April,460
Madagascar,2023,May,680
Madagascar,2023,June,540
Madagascar,2023,July,365
Madagascar,2023,August,445
Madagascar,2023,September,435
Madagascar,2023,October,290
Madagascar,2023,November,395
Madagascar,2023,December,395
Madagascar,2023,Total,5020
Madagascar,2024,January,295
Madagascar,2024,February,250
Madagascar,2024,March,310
Madagascar,2024,April,650
Madagascar,2024,May,625
Madagascar,2024,June,615
Madagascar,2024,July,435
Madagascar,2024,August,345
Madagascar,2024,September,305
Madagascar,2024,October,295
Madagascar,2024,November,375
Madagascar,2024,December,480
Madagascar,2024,Total,4980
Madagascar,2025,January,520
Madagascar,2025,February,495
Madagascar,2025,March,1270
Madagascar,2025,April,390
Madagascar,2025,May,435
Madagascar,2025,June,375
Madagascar,2025,July,345
Madagascar,2025,August,725
Madagascar,2025,September,415
Madagascar,2025,October,335
Madagascar,2025,November,455
Madagascar,2025,December,410
Madagascar,2025,Total,6175
Madagascar,2026,January,435
Madagascar,2026,February,575
Madagascar,2026,March,465
Madagascar,2026,April,525
Madagascar,2026,May,465
Madagascar,2026,Total,2470
Malawi,2023,January,30
Malawi,2023,February,30
Malawi,2023,March,45
Malawi,2023,April,55
Malawi,2023,May,100
Malawi,2023,June,65
Malawi,2023,July,50
Malawi,2023,August,65
Malawi,2023,September,50
Malawi,2023,October,40
Malawi,2023,November,65
Malawi,2023,December,30
Malawi,2023,Total,615
Malawi,2024,January,45
Malawi,2024,February,45
Malawi,2024,March,35
Malawi,2024,April,45
Malawi,2024,May,315
Malawi,2024,June,40
Malawi,2024,July,65
Malawi,2024,August,60
Malawi,2024,September,25
Malawi,2024,October,35
Malawi,2024,November,35
Malawi,2024,December,35
Malawi,2024,Total,785
Malawi,2025,January,70
Malawi,2025,February,30
Malawi,2025,March,40
Malawi,2025,April,40
Malawi,2025,May,45
Malawi,2025,June,95
Malawi,2025,July,55
Malawi,2025,August,240
Malawi,2025,September,75
Malawi,2025,October,50
Malawi,2025,November,75
Malawi,2025,December,40
Malawi,2025,Total,850
Malawi,2026,January,65
Malawi,2026,February,60
Malawi,2026,March,45
Malawi,2026,April,85
Malawi,2026,May,70
Malawi,2026,Total,320
Malaysia,2023,January,720
Malaysia,2023,February,845
Malaysia,2023,March,1800
Malaysia,2023,April,1130
Malaysia,2023,May,1765
Malaysia,2023,June,1455
Malaysia,2023,July,1150
Malaysia,2023,August,1155
Malaysia,2023,September,870
Malaysia,2023,October,630
Malaysia,2023,November,905
Malaysia,2023,December,575
Malaysia,2023,Total,12995
Malaysia,2024,January,825
Malaysia,2024,February,935
Malaysia,2024,March,1475
Malaysia,2024,April,1545
Malaysia,2024,May,1460
Malaysia,2024,June,970
Malaysia,2024,July,1330
Malaysia,2024,August,830
Malaysia,2024,September,650
Malaysia,2024,October,740
Malaysia,2024,November,595
Malaysia,2024,December,650
Malaysia,2024,Total,12000
Malaysia,2025,January,780
Malaysia,2025,February,710
Malaysia,2025,March,1195
Malaysia,2025,April,1205
Malaysia,2025,May,1380
Malaysia,2025,June,850
Malaysia,2025,July,1070
Malaysia,2025,August,850
Malaysia,2025,September,855
Malaysia,2025,October,500
Malaysia,2025,November,415
Malaysia,2025,December,605
Malaysia,2025,Total,10420
Malaysia,2026,January,625
Malaysia,2026,February,910
Malaysia,2026,March,1095
Malaysia,2026,April,1045
Malaysia,2026,May,1110
Malaysia,2026,Total,4780
"Maldives, Republic of",2023,January,5
"Maldives, Republic of",2023,February,5
"Maldives, Republic of",2023,March,
"Maldives, Republic of",2023,April,5
"Maldives, Republic of",2023,May,15
"Maldives, Republic of",2023,June,5
"Maldives, Republic of",2023,July,
"Maldives, Republic of",2023,August,
"Maldives, Republic of",2023,September,10
"Maldives, Republic of",2023,October,5
"Maldives, Republic of",2023,November,
"Maldives, Republic of",2023,December,
"Maldives, Republic of",2023,Total,65
"Maldives, Republic of",2024,January,5
"Maldives, Republic of",2024,February,10
"Maldives, Republic of",2024,March,5
"Maldives, Republic of",2024,April,10
"Maldives, Republic of",2024,May,5
"Maldives, Republic of",2024,June,5
"Maldives, Republic of",2024,July,5
"Maldives, Republic of",2024,August,10
"Maldives, Republic of",2024,September,
"Maldives, Republic of",2024,October,
"Maldives, Republic of",2024,November,
"Maldives, Republic of",2024,December,
"Maldives, Republic of",2024,Total,65
"Maldives, Republic of",2025,January,5
"Maldives, Republic of",2025,February,
"Maldives, Republic of",2025,March,
"Maldives, Republic of",2025,April,5
"Maldives, Republic of",2025,May,5
"Maldives, Republic of",2025,June,
"Maldives, Republic of",2025,July,5
"Maldives, Republic of",2025,August,
"Maldives, Republic of",2025,September,10
"Maldives, Republic of",2025,October,10
"Maldives, Republic of",2025,November,10
"Maldives, Republic of",2025,December,5
"Maldives, Republic of",2025,Total,65
"Maldives, Republic of",2026,January,5
"Maldives, Republic of",2026,February,15
"Maldives, Republic of",2026,March,5
"Maldives, Republic of",2026,April,
"Maldives, Republic of",2026,May,5
"Maldives, Republic of",2026,Total,35
"Mali, Republic of",2023,January,240
"Mali, Republic of",2023,February,435
"Mali, Republic of",2023,March,400
"Mali, Republic of",2023,April,1115
"Mali, Republic of",2023,May,910
"Mali, Republic of",2023,June,435
"Mali, Republic of",2023,July,445
"Mali, Republic of",2023,August,520
"Mali, Republic of",2023,September,380
"Mali, Republic of",2023,October,2000
"Mali, Republic of",2023,November,440
"Mali, Republic of",2023,December,445
"Mali, Republic of",2023,Total,7770
"Mali, Republic of",2024,January,610
"Mali, Republic of",2024,February,855
"Mali, Republic of",2024,March,645
"Mali, Republic of",2024,April,905
"Mali, Republic of",2024,May,480
"Mali, Republic of",2024,June,475
"Mali, Republic of",2024,July,620
"Mali, Republic of",2024,August,760
"Mali, Republic of",2024,September,600
"Mali, Republic of",2024,October,520
"Mali, Republic of",2024,November,555
"Mali, Republic of",2024,December,1035
"Mali, Republic of",2024,Total,8060
"Mali, Republic of",2025,January,715
"Mali, Republic of",2025,February,1120
"Mali, Republic of",2025,March,1525
"Mali, Republic of",2025,April,975
"Mali, Republic of",2025,May,720
"Mali, Republic of",2025,June,780
"Mali, Republic of",2025,July,440
"Mali, Republic of",2025,August,485
"Mali, Republic of",2025,September,985
"Mali, Republic of",2025,October,440
"Mali, Republic of",2025,November,590
"Mali, Republic of",2025,December,440
"Mali, Republic of",2025,Total,9210
"Mali, Republic of",2026,January,415
"Mali, Republic of",2026,February,1080
"Mali, Republic of",2026,March,830
"Mali, Republic of",2026,April,560
"Mali, Republic of",2026,May,625
"Mali, Republic of",2026,Total,3505
Malta,2023,January,
Malta,2023,February,0
Malta,2023,March,
Malta,2023,April,5
Malta,2023,May,5
Malta,2023,June,5
Malta,2023,July,
Malta,2023,August,
Malta,2023,September,5
Malta,2023,October,
Malta,2023,November,0
Malta,2023,December,
Malta,2023,Total,40
Malta,2024,January,5
Malta,2024,February,5
Malta,2024,March,
Malta,2024,April,0
Malta,2024,May,
Malta,2024,June,
Malta,2024,July,0
Malta,2024,August,
Malta,2024,September,
Malta,2024,October,
Malta,2024,November,
Malta,2024,December,5
Malta,2024,Total,35
Malta,2025,January,
Malta,2025,February,
Malta,2025,March,5
Malta,2025,April,
Malta,2025,May,
Malta,2025,June,
Malta,2025,July,
Malta,2025,August,
Malta,2025,September,
Malta,2025,October,
Malta,2025,November,
Malta,2025,December,
Malta,2025,Total,35
Malta,2026,January,
Malta,2026,February,
Malta,2026,March,0
Malta,2026,April,
Malta,2026,May,
Malta,2026,Total,10
Martinique,2023,January,0
Martinique,2023,February,0
Martinique,2023,March,0
Martinique,2023,April,0
Martinique,2023,May,
Martinique,2023,June,0
Martinique,2023,July,0
Martinique,2023,August,0
Martinique,2023,September,0
Martinique,2023,October,0
Martinique,2023,November,0
Martinique,2023,December,0
Martinique,2023,Total,
Martinique,2024,January,0
Martinique,2024,February,
Martinique,2024,March,0
Martinique,2024,April,0
Martinique,2024,May,
Martinique,2024,June,0
Martinique,2024,July,0
Martinique,2024,August,0
Martinique,2024,September,0
Martinique,2024,October,0
Martinique,2024,November,0
Martinique,2024,December,
Martinique,2024,Total,
Martinique,2025,January,0
Martinique,2025,February,0
Martinique,2025,March,0
Martinique,2025,April,0
Martinique,2025,May,0
Martinique,2025,June,0
Martinique,2025,July,0
Martinique,2025,August,0
Martinique,2025,September,0
Martinique,2025,October,0
Martinique,2025,November,0
Martinique,2025,December,0
Martinique,2025,Total,0
Martinique,2026,January,
Martinique,2026,February,0
Martinique,2026,March,0
Martinique,2026,April,0
Martinique,2026,May,0
Martinique,2026,Total,
Mauritania,2023,January,70
Mauritania,2023,February,85
Mauritania,2023,March,100
Mauritania,2023,April,320
Mauritania,2023,May,195
Mauritania,2023,June,100
Mauritania,2023,July,135
Mauritania,2023,August,190
Mauritania,2023,September,125
Mauritania,2023,October,115
Mauritania,2023,November,165
Mauritania,2023,December,155
Mauritania,2023,Total,1755
Mauritania,2024,January,140
Mauritania,2024,February,160
Mauritania,2024,March,160
Mauritania,2024,April,110
Mauritania,2024,May,275
Mauritania,2024,June,110
Mauritania,2024,July,340
Mauritania,2024,August,160
Mauritania,2024,September,145
Mauritania,2024,October,285
Mauritania,2024,November,120
Mauritania,2024,December,290
Mauritania,2024,Total,2295
Mauritania,2025,January,155
Mauritania,2025,February,390
Mauritania,2025,March,905
Mauritania,2025,April,200
Mauritania,2025,May,295
Mauritania,2025,June,175
Mauritania,2025,July,200
Mauritania,2025,August,310
Mauritania,2025,September,340
Mauritania,2025,October,175
Mauritania,2025,November,250
Mauritania,2025,December,185
Mauritania,2025,Total,3585
Mauritania,2026,January,175
Mauritania,2026,February,250
Mauritania,2026,March,275
Mauritania,2026,April,185
Mauritania,2026,May,145
Mauritania,2026,Total,1035
Mauritius,2023,January,430
Mauritius,2023,February,515
Mauritius,2023,March,545
Mauritius,2023,April,785
Mauritius,2023,May,1295
Mauritius,2023,June,870
Mauritius,2023,July,635
Mauritius,2023,August,685
Mauritius,2023,September,595
Mauritius,2023,October,475
Mauritius,2023,November,710
Mauritius,2023,December,535
Mauritius,2023,Total,8070
Mauritius,2024,January,620
Mauritius,2024,February,485
Mauritius,2024,March,650
Mauritius,2024,April,775
Mauritius,2024,May,890
Mauritius,2024,June,725
Mauritius,2024,July,390
Mauritius,2024,August,335
Mauritius,2024,September,310
Mauritius,2024,October,310
Mauritius,2024,November,430
Mauritius,2024,December,530
Mauritius,2024,Total,6455
Mauritius,2025,January,620
Mauritius,2025,February,675
Mauritius,2025,March,1100
Mauritius,2025,April,340
Mauritius,2025,May,325
Mauritius,2025,June,560
Mauritius,2025,July,1235
Mauritius,2025,August,585
Mauritius,2025,September,500
Mauritius,2025,October,360
Mauritius,2025,November,535
Mauritius,2025,December,435
Mauritius,2025,Total,7270
Mauritius,2026,January,550
Mauritius,2026,February,585
Mauritius,2026,March,595
Mauritius,2026,April,705
Mauritius,2026,May,435
Mauritius,2026,Total,2870
Mexico,2023,January,10535
Mexico,2023,February,13210
Mexico,2023,March,15465
Mexico,2023,April,9960
Mexico,2023,May,12820
Mexico,2023,June,9890
Mexico,2023,July,10855
Mexico,2023,August,9770
Mexico,2023,September,10350
Mexico,2023,October,9960
Mexico,2023,November,12170
Mexico,2023,December,10260
Mexico,2023,Total,135250
Mexico,2024,January,12675
Mexico,2024,February,12625
Mexico,2024,March,20075
Mexico,2024,April,32560
Mexico,2024,May,23825
Mexico,2024,June,17555
Mexico,2024,July,21335
Mexico,2024,August,18210
Mexico,2024,September,14180
Mexico,2024,October,14550
Mexico,2024,November,17175
Mexico,2024,December,17350
Mexico,2024,Total,222115
Mexico,2025,January,18930
Mexico,2025,February,18925
Mexico,2025,March,20415
Mexico,2025,April,13605
Mexico,2025,May,14850
Mexico,2025,June,11515
Mexico,2025,July,15710
Mexico,2025,August,17135
Mexico,2025,September,12130
Mexico,2025,October,10980
Mexico,2025,November,14610
Mexico,2025,December,15820
Mexico,2025,Total,184625
Mexico,2026,January,17965
Mexico,2026,February,19810
Mexico,2026,March,22145
Mexico,2026,April,17140
Mexico,2026,May,15545
Mexico,2026,Total,92605
Moldova,2023,January,105
Moldova,2023,February,145
Moldova,2023,March,240
Moldova,2023,April,115
Moldova,2023,May,200
Moldova,2023,June,100
Moldova,2023,July,280
Moldova,2023,August,245
Moldova,2023,September,160
Moldova,2023,October,245
Moldova,2023,November,360
Moldova,2023,December,345
Moldova,2023,Total,2540
Moldova,2024,January,130
Moldova,2024,February,120
Moldova,2024,March,110
Moldova,2024,April,105
Moldova,2024,May,95
Moldova,2024,June,95
Moldova,2024,July,130
Moldova,2024,August,105
Moldova,2024,September,55
Moldova,2024,October,130
Moldova,2024,November,80
Moldova,2024,December,85
Moldova,2024,Total,1230
Moldova,2025,January,130
Moldova,2025,February,90
Moldova,2025,March,90
Moldova,2025,April,100
Moldova,2025,May,115
Moldova,2025,June,80
Moldova,2025,July,135
Moldova,2025,August,85
Moldova,2025,September,70
Moldova,2025,October,85
Moldova,2025,November,85
Moldova,2025,December,85
Moldova,2025,Total,1150
Moldova,2026,January,65
Moldova,2026,February,100
Moldova,2026,March,105
Moldova,2026,April,115
Moldova,2026,May,125
Moldova,2026,Total,515
Monaco,2023,January,
Monaco,2023,February,0
Monaco,2023,March,
Monaco,2023,April,0
Monaco,2023,May,
Monaco,2023,June,
Monaco,2023,July,
Monaco,2023,August,0
Monaco,2023,September,
Monaco,2023,October,0
Monaco,2023,November,
Monaco,2023,December,0
Monaco,2023,Total,15
Monaco,2024,January,0
Monaco,2024,February,0
Monaco,2024,March,0
Monaco,2024,April,
Monaco,2024,May,0
Monaco,2024,June,
Monaco,2024,July,
Monaco,2024,August,
Monaco,2024,September,0
Monaco,2024,October,
Monaco,2024,November,0
Monaco,2024,December,
Monaco,2024,Total,10
Monaco,2025,January,0
Monaco,2025,February,
Monaco,2025,March,
Monaco,2025,April,
Monaco,2025,May,
Monaco,2025,June,0
Monaco,2025,July,0
Monaco,2025,August,0
Monaco,2025,September,0
Monaco,2025,October,0
Monaco,2025,November,
Monaco,2025,December,0
Monaco,2025,Total,10
Monaco,2026,January,
Monaco,2026,February,
Monaco,2026,March,
Monaco,2026,April,0
Monaco,2026,May,
Monaco,2026,Total,10
"Mongolia, People's Republic of",2023,January,235
"Mongolia, People's Republic of",2023,February,265
"Mongolia, People's Republic of",2023,March,270
"Mongolia, People's Republic of",2023,April,260
"Mongolia, People's Republic of",2023,May,355
"Mongolia, People's Republic of",2023,June,460
"Mongolia, People's Republic of",2023,July,505
"Mongolia, People's Republic of",2023,August,390
"Mongolia, People's Republic of",2023,September,280
"Mongolia, People's Republic of",2023,October,250
"Mongolia, People's Republic of",2023,November,545
"Mongolia, People's Republic of",2023,December,290
"Mongolia, People's Republic of",2023,Total,4110
"Mongolia, People's Republic of",2024,January,355
"Mongolia, People's Republic of",2024,February,430
"Mongolia, People's Republic of",2024,March,395
"Mongolia, People's Republic of",2024,April,510
"Mongolia, People's Republic of",2024,May,470
"Mongolia, People's Republic of",2024,June,420
"Mongolia, People's Republic of",2024,July,565
"Mongolia, People's Republic of",2024,August,505
"Mongolia, People's Republic of",2024,September,390
"Mongolia, People's Republic of",2024,October,360
"Mongolia, People's Republic of",2024,November,355
"Mongolia, People's Republic of",2024,December,275
"Mongolia, People's Republic of",2024,Total,5020
"Mongolia, People's Republic of",2025,January,375
"Mongolia, People's Republic of",2025,February,485
"Mongolia, People's Republic of",2025,March,435
"Mongolia, People's Republic of",2025,April,295
"Mongolia, People's Republic of",2025,May,445
"Mongolia, People's Republic of",2025,June,460
"Mongolia, People's Republic of",2025,July,445
"Mongolia, People's Republic of",2025,August,300
"Mongolia, People's Republic of",2025,September,350
"Mongolia, People's Republic of",2025,October,425
"Mongolia, People's Republic of",2025,November,310
"Mongolia, People's Republic of",2025,December,415
"Mongolia, People's Republic of",2025,Total,4740
"Mongolia, People's Republic of",2026,January,335
"Mongolia, People's Republic of",2026,February,365
"Mongolia, People's Republic of",2026,March,330
"Mongolia, People's Republic of",2026,April,395
"Mongolia, People's Republic of",2026,May,400
"Mongolia, People's Republic of",2026,Total,1825
"Montenegro, Republic of",2023,January,35
"Montenegro, Republic of",2023,February,20
"Montenegro, Republic of",2023,March,25
"Montenegro, Republic of",2023,April,40
"Montenegro, Republic of",2023,May,80
"Montenegro, Republic of",2023,June,50
"Montenegro, Republic of",2023,July,55
"Montenegro, Republic of",2023,August,35
"Montenegro, Republic of",2023,September,30
"Montenegro, Republic of",2023,October,25
"Montenegro, Republic of",2023,November,50
"Montenegro, Republic of",2023,December,20
"Montenegro, Republic of",2023,Total,460
"Montenegro, Republic of",2024,January,30
"Montenegro, Republic of",2024,February,30
"Montenegro, Republic of",2024,March,20
"Montenegro, Republic of",2024,April,30
"Montenegro, Republic of",2024,May,25
"Montenegro, Republic of",2024,June,20
"Montenegro, Republic of",2024,July,30
"Montenegro, Republic of",2024,August,10
"Montenegro, Republic of",2024,September,25
"Montenegro, Republic of",2024,October,35
"Montenegro, Republic of",2024,November,20
"Montenegro, Republic of",2024,December,20
"Montenegro, Republic of",2024,Total,290
"Montenegro, Republic of",2025,January,25
"Montenegro, Republic of",2025,February,20
"Montenegro, Republic of",2025,March,50
"Montenegro, Republic of",2025,April,35
"Montenegro, Republic of",2025,May,40
"Montenegro, Republic of",2025,June,25
"Montenegro, Republic of",2025,July,35
"Montenegro, Republic of",2025,August,40
"Montenegro, Republic of",2025,September,35
"Montenegro, Republic of",2025,October,35
"Montenegro, Republic of",2025,November,30
"Montenegro, Republic of",2025,December,35
"Montenegro, Republic of",2025,Total,405
"Montenegro, Republic of",2026,January,15
"Montenegro, Republic of",2026,February,15
"Montenegro, Republic of",2026,March,50
"Montenegro, Republic of",2026,April,35
"Montenegro, Republic of",2026,May,35
"Montenegro, Republic of",2026,Total,150
Morocco,2023,January,3920
Morocco,2023,February,3680
Morocco,2023,March,5635
Morocco,2023,April,5005
Morocco,2023,May,5135
Morocco,2023,June,4560
Morocco,2023,July,3725
Morocco,2023,August,4630
Morocco,2023,September,4725
Morocco,2023,October,3980
Morocco,2023,November,3605
Morocco,2023,December,4800
Morocco,2023,Total,53395
Morocco,2024,January,5125
Morocco,2024,February,5505
Morocco,2024,March,6945
Morocco,2024,April,4210
Morocco,2024,May,8385
Morocco,2024,June,5230
Morocco,2024,July,4720
Morocco,2024,August,4215
Morocco,2024,September,3090
Morocco,2024,October,4235
Morocco,2024,November,4565
Morocco,2024,December,5170
Morocco,2024,Total,61395
Morocco,2025,January,4455
Morocco,2025,February,3210
Morocco,2025,March,2880
Morocco,2025,April,3560
Morocco,2025,May,3305
Morocco,2025,June,3160
Morocco,2025,July,2535
Morocco,2025,August,2345
Morocco,2025,September,3315
Morocco,2025,October,3705
Morocco,2025,November,3645
Morocco,2025,December,2705
Morocco,2025,Total,38825
Morocco,2026,January,3140
Morocco,2026,February,3595
Morocco,2026,March,3365
Morocco,2026,April,4225
Morocco,2026,May,3280
Morocco,2026,Total,17605
Mozambique,2023,January,15
Mozambique,2023,February,10
Mozambique,2023,March,20
Mozambique,2023,April,35
Mozambique,2023,May,25
Mozambique,2023,June,35
Mozambique,2023,July,20
Mozambique,2023,August,45
Mozambique,2023,September,25
Mozambique,2023,October,15
Mozambique,2023,November,30
Mozambique,2023,December,20
Mozambique,2023,Total,290
Mozambique,2024,January,20
Mozambique,2024,February,20
Mozambique,2024,March,65
Mozambique,2024,April,25
Mozambique,2024,May,50
Mozambique,2024,June,40
Mozambique,2024,July,25
Mozambique,2024,August,20
Mozambique,2024,September,25
Mozambique,2024,October,25
Mozambique,2024,November,30
Mozambique,2024,December,10
Mozambique,2024,Total,355
Mozambique,2025,January,25
Mozambique,2025,February,25
Mozambique,2025,March,25
Mozambique,2025,April,15
Mozambique,2025,May,40
Mozambique,2025,June,45
Mozambique,2025,July,25
Mozambique,2025,August,150
Mozambique,2025,September,30
Mozambique,2025,October,15
Mozambique,2025,November,65
Mozambique,2025,December,15
Mozambique,2025,Total,485
Mozambique,2026,January,25
Mozambique,2026,February,25
Mozambique,2026,March,15
Mozambique,2026,April,35
Mozambique,2026,May,25
Mozambique,2026,Total,130
Myanmar (Burma),2023,January,150
Myanmar (Burma),2023,February,185
Myanmar (Burma),2023,March,230
Myanmar (Burma),2023,April,200
Myanmar (Burma),2023,May,245
Myanmar (Burma),2023,June,290
Myanmar (Burma),2023,July,400
Myanmar (Burma),2023,August,325
Myanmar (Burma),2023,September,210
Myanmar (Burma),2023,October,270
Myanmar (Burma),2023,November,295
Myanmar (Burma),2023,December,250
Myanmar (Burma),2023,Total,3045
Myanmar (Burma),2024,January,230
Myanmar (Burma),2024,February,300
Myanmar (Burma),2024,March,410
Myanmar (Burma),2024,April,390
Myanmar (Burma),2024,May,355
Myanmar (Burma),2024,June,325
Myanmar (Burma),2024,July,470
Myanmar (Burma),2024,August,430
Myanmar (Burma),2024,September,275
Myanmar (Burma),2024,October,335
Myanmar (Burma),2024,November,290
Myanmar (Burma),2024,December,365
Myanmar (Burma),2024,Total,4175
Myanmar (Burma),2025,January,265
Myanmar (Burma),2025,February,240
Myanmar (Burma),2025,March,300
Myanmar (Burma),2025,April,280
Myanmar (Burma),2025,May,230
Myanmar (Burma),2025,June,335
Myanmar (Burma),2025,July,325
Myanmar (Burma),2025,August,350
Myanmar (Burma),2025,September,360
Myanmar (Burma),2025,October,270
Myanmar (Burma),2025,November,355
Myanmar (Burma),2025,December,395
Myanmar (Burma),2025,Total,3705
Myanmar (Burma),2026,January,295
Myanmar (Burma),2026,February,265
Myanmar (Burma),2026,March,360
Myanmar (Burma),2026,April,355
Myanmar (Burma),2026,May,400
Myanmar (Burma),2026,Total,1670
Namibia,2023,January,30
Namibia,2023,February,25
Namibia,2023,March,60
Namibia,2023,April,30
Namibia,2023,May,60
Namibia,2023,June,30
Namibia,2023,July,25
Namibia,2023,August,50
Namibia,2023,September,25
Namibia,2023,October,30
Namibia,2023,November,40
Namibia,2023,December,30
Namibia,2023,Total,435
Namibia,2024,January,35
Namibia,2024,February,25
Namibia,2024,March,20
Namibia,2024,April,30
Namibia,2024,May,65
Namibia,2024,June,115
Namibia,2024,July,30
Namibia,2024,August,35
Namibia,2024,September,20
Namibia,2024,October,20
Namibia,2024,November,10
Namibia,2024,December,30
Namibia,2024,Total,435
Namibia,2025,January,50
Namibia,2025,February,40
Namibia,2025,March,95
Namibia,2025,April,25
Namibia,2025,May,30
Namibia,2025,June,35
Namibia,2025,July,45
Namibia,2025,August,155
Namibia,2025,September,30
Namibia,2025,October,25
Namibia,2025,November,30
Namibia,2025,December,50
Namibia,2025,Total,610
Namibia,2026,January,35
Namibia,2026,February,55
Namibia,2026,March,65
Namibia,2026,April,35
Namibia,2026,May,25
Namibia,2026,Total,215
Nauru,2023,January,0
Nauru,2023,February,0
Nauru,2023,March,
Nauru,2023,April,
Nauru,2023,May,
Nauru,2023,June,
Nauru,2023,July,
Nauru,2023,August,0
Nauru,2023,September,0
Nauru,2023,October,0
Nauru,2023,November,
Nauru,2023,December,0
Nauru,2023,Total,15
Nauru,2024,January,0
Nauru,2024,February,
Nauru,2024,March,0
Nauru,2024,April,0
Nauru,2024,May,0
Nauru,2024,June,
Nauru,2024,July,0
Nauru,2024,August,
Nauru,2024,September,0
Nauru,2024,October,
Nauru,2024,November,0
Nauru,2024,December,
Nauru,2024,Total,10
Nauru,2025,January,
Nauru,2025,February,0
Nauru,2025,March,0
Nauru,2025,April,0
Nauru,2025,May,
Nauru,2025,June,0
Nauru,2025,July,0
Nauru,2025,August,0
Nauru,2025,September,0
Nauru,2025,October,0
Nauru,2025,November,0
Nauru,2025,December,0
Nauru,2025,Total,
Nauru,2026,January,0
Nauru,2026,February,0
Nauru,2026,March,0
Nauru,2026,April,0
Nauru,2026,May,
Nauru,2026,Total,
Nepal,2023,January,2540
Nepal,2023,February,3110
Nepal,2023,March,4630
Nepal,2023,April,4055
Nepal,2023,May,4360
Nepal,2023,June,6100
Nepal,2023,July,4900
Nepal,2023,August,5990
Nepal,2023,September,6540
Nepal,2023,October,3655
Nepal,2023,November,2990
Nepal,2023,December,4290
Nepal,2023,Total,53170
Nepal,2024,January,4285
Nepal,2024,February,3245
Nepal,2024,March,4260
Nepal,2024,April,2145
Nepal,2024,May,5310
Nepal,2024,June,5985
Nepal,2024,July,3720
Nepal,2024,August,8135
Nepal,2024,September,4820
Nepal,2024,October,5325
Nepal,2024,November,6700
Nepal,2024,December,4030
Nepal,2024,Total,57965
Nepal,2025,January,4200
Nepal,2025,February,4700
Nepal,2025,March,4670
Nepal,2025,April,3630
Nepal,2025,May,3635
Nepal,2025,June,2885
Nepal,2025,July,3520
Nepal,2025,August,3230
Nepal,2025,September,3295
Nepal,2025,October,3340
Nepal,2025,November,3090
Nepal,2025,December,3885
Nepal,2025,Total,44080
Nepal,2026,January,5490
Nepal,2026,February,5615
Nepal,2026,March,5020
Nepal,2026,April,5085
Nepal,2026,May,5070
Nepal,2026,Total,26275
New Caledonia,2023,January,0
New Caledonia,2023,February,
New Caledonia,2023,March,0
New Caledonia,2023,April,0
New Caledonia,2023,May,0
New Caledonia,2023,June,0
New Caledonia,2023,July,0
New Caledonia,2023,August,
New Caledonia,2023,September,0
New Caledonia,2023,October,0
New Caledonia,2023,November,0
New Caledonia,2023,December,0
New Caledonia,2023,Total,
New Caledonia,2024,January,
New Caledonia,2024,February,0
New Caledonia,2024,March,0
New Caledonia,2024,April,0
New Caledonia,2024,May,0
New Caledonia,2024,June,0
New Caledonia,2024,July,0
New Caledonia,2024,August,0
New Caledonia,2024,September,0
New Caledonia,2024,October,0
New Caledonia,2024,November,
New Caledonia,2024,December,
New Caledonia,2024,Total,
New Caledonia,2025,January,0
New Caledonia,2025,February,0
New Caledonia,2025,March,
New Caledonia,2025,April,
New Caledonia,2025,May,0
New Caledonia,2025,June,0
New Caledonia,2025,July,0
New Caledonia,2025,August,
New Caledonia,2025,September,0
New Caledonia,2025,October,0
New Caledonia,2025,November,0
New Caledonia,2025,December,0
New Caledonia,2025,Total,5
New Caledonia,2026,January,0
New Caledonia,2026,February,0
New Caledonia,2026,March,0
New Caledonia,2026,April,
New Caledonia,2026,May,0
New Caledonia,2026,Total,
New Zealand,2023,January,130
New Zealand,2023,February,225
New Zealand,2023,March,345
New Zealand,2023,April,150
New Zealand,2023,May,535
New Zealand,2023,June,405
New Zealand,2023,July,295
New Zealand,2023,August,270
New Zealand,2023,September,270
New Zealand,2023,October,255
New Zealand,2023,November,225
New Zealand,2023,December,100
New Zealand,2023,Total,3215
New Zealand,2024,January,170
New Zealand,2024,February,265
New Zealand,2024,March,320
New Zealand,2024,April,355
New Zealand,2024,May,380
New Zealand,2024,June,210
New Zealand,2024,July,285
New Zealand,2024,August,290
New Zealand,2024,September,265
New Zealand,2024,October,275
New Zealand,2024,November,200
New Zealand,2024,December,120
New Zealand,2024,Total,3135
New Zealand,2025,January,170
New Zealand,2025,February,320
New Zealand,2025,March,350
New Zealand,2025,April,275
New Zealand,2025,May,285
New Zealand,2025,June,305
New Zealand,2025,July,250
New Zealand,2025,August,230
New Zealand,2025,September,210
New Zealand,2025,October,230
New Zealand,2025,November,215
New Zealand,2025,December,120
New Zealand,2025,Total,2960
New Zealand,2026,January,95
New Zealand,2026,February,110
New Zealand,2026,March,230
New Zealand,2026,April,500
New Zealand,2026,May,480
New Zealand,2026,Total,1415
Nicaragua,2023,January,475
Nicaragua,2023,February,455
Nicaragua,2023,March,505
Nicaragua,2023,April,365
Nicaragua,2023,May,320
Nicaragua,2023,June,325
Nicaragua,2023,July,270
Nicaragua,2023,August,335
Nicaragua,2023,September,330
Nicaragua,2023,October,330
Nicaragua,2023,November,455
Nicaragua,2023,December,280
Nicaragua,2023,Total,4440
Nicaragua,2024,January,355
Nicaragua,2024,February,400
Nicaragua,2024,March,380
Nicaragua,2024,April,265
Nicaragua,2024,May,290
Nicaragua,2024,June,115
Nicaragua,2024,July,260
Nicaragua,2024,August,215
Nicaragua,2024,September,195
Nicaragua,2024,October,195
Nicaragua,2024,November,315
Nicaragua,2024,December,390
Nicaragua,2024,Total,3375
Nicaragua,2025,January,520
Nicaragua,2025,February,545
Nicaragua,2025,March,420
Nicaragua,2025,April,285
Nicaragua,2025,May,400
Nicaragua,2025,June,240
Nicaragua,2025,July,265
Nicaragua,2025,August,215
Nicaragua,2025,September,220
Nicaragua,2025,October,240
Nicaragua,2025,November,275
Nicaragua,2025,December,475
Nicaragua,2025,Total,4105
Nicaragua,2026,January,470
Nicaragua,2026,February,395
Nicaragua,2026,March,385
Nicaragua,2026,April,415
Nicaragua,2026,May,350
Nicaragua,2026,Total,2020
Nigeria,2023,January,16020
Nigeria,2023,February,15280
Nigeria,2023,March,15520
Nigeria,2023,April,36900
Nigeria,2023,May,40705
Nigeria,2023,June,34845
Nigeria,2023,July,27465
Nigeria,2023,August,29230
Nigeria,2023,September,31910
Nigeria,2023,October,25145
Nigeria,2023,November,30400
Nigeria,2023,December,21785
Nigeria,2023,Total,325190
Nigeria,2024,January,31245
Nigeria,2024,February,32675
Nigeria,2024,March,32330
Nigeria,2024,April,28255
Nigeria,2024,May,29945
Nigeria,2024,June,23195
Nigeria,2024,July,33170
Nigeria,2024,August,27790
Nigeria,2024,September,27500
Nigeria,2024,October,32015
Nigeria,2024,November,34245
Nigeria,2024,December,32855
Nigeria,2024,Total,365215
Nigeria,2025,January,39965
Nigeria,2025,February,32975
Nigeria,2025,March,31240
Nigeria,2025,April,25555
Nigeria,2025,May,23795
Nigeria,2025,June,18535
Nigeria,2025,July,22800
Nigeria,2025,August,18365
Nigeria,2025,September,23370
Nigeria,2025,October,23020
Nigeria,2025,November,19210
Nigeria,2025,December,17770
Nigeria,2025,Total,296600
Nigeria,2026,January,16920
Nigeria,2026,February,23675
Nigeria,2026,March,20225
Nigeria,2026,April,21790
Nigeria,2026,May,20215
Nigeria,2026,Total,102825
Norway,2023,January,25
Norway,2023,February,25
Norway,2023,March,30
Norway,2023,April,25
Norway,2023,May,40
Norway,2023,June,70
Norway,2023,July,55
Norway,2023,August,55
Norway,2023,September,35
Norway,2023,October,65
Norway,2023,November,35
Norway,2023,December,20
Norway,2023,Total,480
Norway,2024,January,25
Norway,2024,February,30
Norway,2024,March,35
Norway,2024,April,35
Norway,2024,May,55
Norway,2024,June,50
Norway,2024,July,50
Norway,2024,August,45
Norway,2024,September,25
Norway,2024,October,35
Norway,2024,November,35
Norway,2024,December,20
Norway,2024,Total,445
Norway,2025,January,25
Norway,2025,February,25
Norway,2025,March,30
Norway,2025,April,20
Norway,2025,May,45
Norway,2025,June,55
Norway,2025,July,50
Norway,2025,August,60
Norway,2025,September,30
Norway,2025,October,20
Norway,2025,November,25
Norway,2025,December,25
Norway,2025,Total,410
Norway,2026,January,20
Norway,2026,February,25
Norway,2026,March,35
Norway,2026,April,50
Norway,2026,May,65
Norway,2026,Total,195
Oman,2023,January,170
Oman,2023,February,75
Oman,2023,March,75
Oman,2023,April,85
Oman,2023,May,205
Oman,2023,June,95
Oman,2023,July,110
Oman,2023,August,75
Oman,2023,September,135
Oman,2023,October,50
Oman,2023,November,30
Oman,2023,December,35
Oman,2023,Total,1135
Oman,2024,January,70
Oman,2024,February,115
Oman,2024,March,100
Oman,2024,April,90
Oman,2024,May,140
Oman,2024,June,85
Oman,2024,July,115
Oman,2024,August,60
Oman,2024,September,45
Oman,2024,October,70
Oman,2024,November,45
Oman,2024,December,45
Oman,2024,Total,975
Oman,2025,January,70
Oman,2025,February,105
Oman,2025,March,85
Oman,2025,April,85
Oman,2025,May,170
Oman,2025,June,60
Oman,2025,July,75
Oman,2025,August,60
Oman,2025,September,100
Oman,2025,October,65
Oman,2025,November,40
Oman,2025,December,50
Oman,2025,Total,960
Oman,2026,January,85
Oman,2026,February,75
Oman,2026,March,80
Oman,2026,April,120
Oman,2026,May,100
Oman,2026,Total,460
Pakistan,2023,January,12885
Pakistan,2023,February,14355
Pakistan,2023,March,14830
Pakistan,2023,April,11180
Pakistan,2023,May,17495
Pakistan,2023,June,11690
Pakistan,2023,July,12025
Pakistan,2023,August,16910
Pakistan,2023,September,22465
Pakistan,2023,October,33135
Pakistan,2023,November,24005
Pakistan,2023,December,14130
Pakistan,2023,Total,205110
Pakistan,2024,January,27285
Pakistan,2024,February,31440
Pakistan,2024,March,26275
Pakistan,2024,April,16675
Pakistan,2024,May,17900
Pakistan,2024,June,13330
Pakistan,2024,July,16215
Pakistan,2024,August,14540
Pakistan,2024,September,12040
Pakistan,2024,October,12715
Pakistan,2024,November,13395
Pakistan,2024,December,10850
Pakistan,2024,Total,212665
Pakistan,2025,January,11010
Pakistan,2025,February,9900
Pakistan,2025,March,9955
Pakistan,2025,April,8485
Pakistan,2025,May,9765
Pakistan,2025,June,7955
Pakistan,2025,July,11645
Pakistan,2025,August,12160
Pakistan,2025,September,11565
Pakistan,2025,October,13550
Pakistan,2025,November,11915
Pakistan,2025,December,12780
Pakistan,2025,Total,130690
Pakistan,2026,January,8660
Pakistan,2026,February,9775
Pakistan,2026,March,9680
Pakistan,2026,April,11710
Pakistan,2026,May,13795
Pakistan,2026,Total,53620
Palestinian Authority (Gaza/West Bank),2023,January,235
Palestinian Authority (Gaza/West Bank),2023,February,585
Palestinian Authority (Gaza/West Bank),2023,March,520
Palestinian Authority (Gaza/West Bank),2023,April,500
Palestinian Authority (Gaza/West Bank),2023,May,485
Palestinian Authority (Gaza/West Bank),2023,June,340
Palestinian Authority (Gaza/West Bank),2023,July,455
Palestinian Authority (Gaza/West Bank),2023,August,395
Palestinian Authority (Gaza/West Bank),2023,September,275
Palestinian Authority (Gaza/West Bank),2023,October,415
Palestinian Authority (Gaza/West Bank),2023,November,510
Palestinian Authority (Gaza/West Bank),2023,December,235
Palestinian Authority (Gaza/West Bank),2023,Total,4950
Palestinian Authority (Gaza/West Bank),2024,January,680
Palestinian Authority (Gaza/West Bank),2024,February,425
Palestinian Authority (Gaza/West Bank),2024,March,435
Palestinian Authority (Gaza/West Bank),2024,April,735
Palestinian Authority (Gaza/West Bank),2024,May,650
Palestinian Authority (Gaza/West Bank),2024,June,535
Palestinian Authority (Gaza/West Bank),2024,July,660
Palestinian Authority (Gaza/West Bank),2024,August,560
Palestinian Authority (Gaza/West Bank),2024,September,850
Palestinian Authority (Gaza/West Bank),2024,October,695
Palestinian Authority (Gaza/West Bank),2024,November,505
Palestinian Authority (Gaza/West Bank),2024,December,635
Palestinian Authority (Gaza/West Bank),2024,Total,7360
Palestinian Authority (Gaza/West Bank),2025,January,475
Palestinian Authority (Gaza/West Bank),2025,February,405
Palestinian Authority (Gaza/West Bank),2025,March,390
Palestinian Authority (Gaza/West Bank),2025,April,655
Palestinian Authority (Gaza/West Bank),2025,May,690
Palestinian Authority (Gaza/West Bank),2025,June,405
Palestinian Authority (Gaza/West Bank),2025,July,575
Palestinian Authority (Gaza/West Bank),2025,August,445
Palestinian Authority (Gaza/West Bank),2025,September,680
Palestinian Authority (Gaza/West Bank),2025,October,500
Palestinian Authority (Gaza/West Bank),2025,November,1075
Palestinian Authority (Gaza/West Bank),2025,December,685
Palestinian Authority (Gaza/West Bank),2025,Total,6970
Palestinian Authority (Gaza/West Bank),2026,January,425
Palestinian Authority (Gaza/West Bank),2026,February,515
Palestinian Authority (Gaza/West Bank),2026,March,435
Palestinian Authority (Gaza/West Bank),2026,April,485
Palestinian Authority (Gaza/West Bank),2026,May,625
Palestinian Authority (Gaza/West Bank),2026,Total,2485
"Panama, Republic of",2023,January,285
"Panama, Republic of",2023,February,320
"Panama, Republic of",2023,March,340
"Panama, Republic of",2023,April,235
"Panama, Republic of",2023,May,385
"Panama, Republic of",2023,June,510
"Panama, Republic of",2023,July,195
"Panama, Republic of",2023,August,165
"Panama, Republic of",2023,September,165
"Panama, Republic of",2023,October,185
"Panama, Republic of",2023,November,220
"Panama, Republic of",2023,December,90
"Panama, Republic of",2023,Total,3095
"Panama, Republic of",2024,January,110
"Panama, Republic of",2024,February,90
"Panama, Republic of",2024,March,145
"Panama, Republic of",2024,April,185
"Panama, Republic of",2024,May,165
"Panama, Republic of",2024,June,170
"Panama, Republic of",2024,July,205
"Panama, Republic of",2024,August,240
"Panama, Republic of",2024,September,140
"Panama, Republic of",2024,October,100
"Panama, Republic of",2024,November,100
"Panama, Republic of",2024,December,130
"Panama, Republic of",2024,Total,1770
"Panama, Republic of",2025,January,170
"Panama, Republic of",2025,February,135
"Panama, Republic of",2025,March,140
"Panama, Republic of",2025,April,110
"Panama, Republic of",2025,May,150
"Panama, Republic of",2025,June,110
"Panama, Republic of",2025,July,110
"Panama, Republic of",2025,August,95
"Panama, Republic of",2025,September,130
"Panama, Republic of",2025,October,130
"Panama, Republic of",2025,November,110
"Panama, Republic of",2025,December,135
"Panama, Republic of",2025,Total,1525
"Panama, Republic of",2026,January,175
"Panama, Republic of",2026,February,160
"Panama, Republic of",2026,March,220
"Panama, Republic of",2026,April,260
"Panama, Republic of",2026,May,300
"Panama, Republic of",2026,Total,1115
Papua New Guinea,2023,January,0
Papua New Guinea,2023,February,0
Papua New Guinea,2023,March,
Papua New Guinea,2023,April,
Papua New Guinea,2023,May,
Papua New Guinea,2023,June,
Papua New Guinea,2023,July,0
Papua New Guinea,2023,August,0
Papua New Guinea,2023,September,
Papua New Guinea,2023,October,
Papua New Guinea,2023,November,
Papua New Guinea,2023,December,
Papua New Guinea,2023,Total,10
Papua New Guinea,2024,January,
Papua New Guinea,2024,February,0
Papua New Guinea,2024,March,
Papua New Guinea,2024,April,0
Papua New Guinea,2024,May,
Papua New Guinea,2024,June,
Papua New Guinea,2024,July,
Papua New Guinea,2024,August,
Papua New Guinea,2024,September,
Papua New Guinea,2024,October,
Papua New Guinea,2024,November,
Papua New Guinea,2024,December,
Papua New Guinea,2024,Total,25
Papua New Guinea,2025,January,0
Papua New Guinea,2025,February,0
Papua New Guinea,2025,March,
Papua New Guinea,2025,April,
Papua New Guinea,2025,May,
Papua New Guinea,2025,June,
Papua New Guinea,2025,July,
Papua New Guinea,2025,August,
Papua New Guinea,2025,September,
Papua New Guinea,2025,October,
Papua New Guinea,2025,November,5
Papua New Guinea,2025,December,5
Papua New Guinea,2025,Total,35
Papua New Guinea,2026,January,
Papua New Guinea,2026,February,0
Papua New Guinea,2026,March,
Papua New Guinea,2026,April,
Papua New Guinea,2026,May,
Papua New Guinea,2026,Total,5
Paraguay,2023,January,70
Paraguay,2023,February,60
Paraguay,2023,March,75
Paraguay,2023,April,85
Paraguay,2023,May,115
Paraguay,2023,June,130
Paraguay,2023,July,90
Paraguay,2023,August,100
Paraguay,2023,September,45
Paraguay,2023,October,50
Paraguay,2023,November,95
Paraguay,2023,December,70
Paraguay,2023,Total,985
Paraguay,2024,January,70
Paraguay,2024,February,90
Paraguay,2024,March,125
Paraguay,2024,April,80
Paraguay,2024,May,85
Paraguay,2024,June,100
Paraguay,2024,July,120
Paraguay,2024,August,85
Paraguay,2024,September,40
Paraguay,2024,October,65
Paraguay,2024,November,45
Paraguay,2024,December,55
Paraguay,2024,Total,960
Paraguay,2025,January,95
Paraguay,2025,February,50
Paraguay,2025,March,30
Paraguay,2025,April,100
Paraguay,2025,May,180
Paraguay,2025,June,85
Paraguay,2025,July,90
Paraguay,2025,August,55
Paraguay,2025,September,70
Paraguay,2025,October,65
Paraguay,2025,November,70
Paraguay,2025,December,65
Paraguay,2025,Total,950
Paraguay,2026,January,55
Paraguay,2026,February,60
Paraguay,2026,March,130
Paraguay,2026,April,120
Paraguay,2026,May,105
Paraguay,2026,Total,475
People's Republic of China,2023,January,25685
People's Republic of China,2023,February,27915
People's Republic of China,2023,March,34360
People's Republic of China,2023,April,30675
People's Republic of China,2023,May,44035
People's Republic of China,2023,June,47895
People's Republic of China,2023,July,47840
People's Republic of China,2023,August,44170
People's Republic of China,2023,September,40970
People's Republic of China,2023,October,40015
People's Republic of China,2023,November,44705
People's Republic of China,2023,December,32045
People's Republic of China,2023,Total,460315
People's Republic of China,2024,January,42460
People's Republic of China,2024,February,34035
People's Republic of China,2024,March,36840
People's Republic of China,2024,April,42160
People's Republic of China,2024,May,45815
People's Republic of China,2024,June,41430
People's Republic of China,2024,July,50375
People's Republic of China,2024,August,44400
People's Republic of China,2024,September,36900
People's Republic of China,2024,October,39475
People's Republic of China,2024,November,37760
People's Republic of China,2024,December,35665
People's Republic of China,2024,Total,487320
People's Republic of China,2025,January,35670
People's Republic of China,2025,February,29405
People's Republic of China,2025,March,34700
People's Republic of China,2025,April,36525
People's Republic of China,2025,May,42705
People's Republic of China,2025,June,31800
People's Republic of China,2025,July,39920
People's Republic of China,2025,August,35155
People's Republic of China,2025,September,32365
People's Republic of China,2025,October,29110
People's Republic of China,2025,November,34570
People's Republic of China,2025,December,28755
People's Republic of China,2025,Total,410685
People's Republic of China,2026,January,31650
People's Republic of China,2026,February,27890
People's Republic of China,2026,March,34460
People's Republic of China,2026,April,40890
People's Republic of China,2026,May,41470
People's Republic of China,2026,Total,176355
Peoples Republic of Benin,2023,January,460
Peoples Republic of Benin,2023,February,495
Peoples Republic of Benin,2023,March,520
Peoples Republic of Benin,2023,April,705
Peoples Republic of Benin,2023,May,655
Peoples Republic of Benin,2023,June,720
Peoples Republic of Benin,2023,July,535
Peoples Republic of Benin,2023,August,865
Peoples Republic of Benin,2023,September,475
Peoples Republic of Benin,2023,October,405
Peoples Republic of Benin,2023,November,705
Peoples Republic of Benin,2023,December,605
Peoples Republic of Benin,2023,Total,7145
Peoples Republic of Benin,2024,January,610
Peoples Republic of Benin,2024,February,1435
Peoples Republic of Benin,2024,March,1035
Peoples Republic of Benin,2024,April,465
Peoples Republic of Benin,2024,May,895
Peoples Republic of Benin,2024,June,615
Peoples Republic of Benin,2024,July,810
Peoples Republic of Benin,2024,August,680
Peoples Republic of Benin,2024,September,785
Peoples Republic of Benin,2024,October,1240
Peoples Republic of Benin,2024,November,745
Peoples Republic of Benin,2024,December,855
Peoples Republic of Benin,2024,Total,10170
Peoples Republic of Benin,2025,January,620
Peoples Republic of Benin,2025,February,755
Peoples Republic of Benin,2025,March,840
Peoples Republic of Benin,2025,April,360
Peoples Republic of Benin,2025,May,455
Peoples Republic of Benin,2025,June,555
Peoples Republic of Benin,2025,July,545
Peoples Republic of Benin,2025,August,625
Peoples Republic of Benin,2025,September,895
Peoples Republic of Benin,2025,October,540
Peoples Republic of Benin,2025,November,600
Peoples Republic of Benin,2025,December,400
Peoples Republic of Benin,2025,Total,7195
Peoples Republic of Benin,2026,January,450
Peoples Republic of Benin,2026,February,790
Peoples Republic of Benin,2026,March,485
Peoples Republic of Benin,2026,April,450
Peoples Republic of Benin,2026,May,695
Peoples Republic of Benin,2026,Total,2865
Peru,2023,January,2490
Peru,2023,February,1945
Peru,2023,March,2180
Peru,2023,April,2520
Peru,2023,May,2980
Peru,2023,June,4360
Peru,2023,July,2450
Peru,2023,August,3030
Peru,2023,September,2050
Peru,2023,October,1590
Peru,2023,November,1945
Peru,2023,December,1505
Peru,2023,Total,29045
Peru,2024,January,2025
Peru,2024,February,2165
Peru,2024,March,2270
Peru,2024,April,2775
Peru,2024,May,2250
Peru,2024,June,2040
Peru,2024,July,2215
Peru,2024,August,2460
Peru,2024,September,1765
Peru,2024,October,2235
Peru,2024,November,2515
Peru,2024,December,2170
Peru,2024,Total,26895
Peru,2025,January,2555
Peru,2025,February,1705
Peru,2025,March,2260
Peru,2025,April,1930
Peru,2025,May,2905
Peru,2025,June,2175
Peru,2025,July,2390
Peru,2025,August,1930
Peru,2025,September,2075
Peru,2025,October,2225
Peru,2025,November,2020
Peru,2025,December,2535
Peru,2025,Total,26710
Peru,2026,January,2240
Peru,2026,February,3105
Peru,2026,March,2980
Peru,2026,April,2560
Peru,2026,May,2680
Peru,2026,Total,13565
Philippines,2023,January,17500
Philippines,2023,February,17415
Philippines,2023,March,25915
Philippines,2023,April,16795
Philippines,2023,May,22640
Philippines,2023,June,31635
Philippines,2023,July,24690
Philippines,2023,August,21820
Philippines,2023,September,18270
Philippines,2023,October,19840
Philippines,2023,November,24965
Philippines,2023,December,13715
Philippines,2023,Total,255200
Philippines,2024,January,19555
Philippines,2024,February,22075
Philippines,2024,March,22325
Philippines,2024,April,22650
Philippines,2024,May,22070
Philippines,2024,June,16505
Philippines,2024,July,19970
Philippines,2024,August,19275
Philippines,2024,September,15205
Philippines,2024,October,20805
Philippines,2024,November,16075
Philippines,2024,December,18595
Philippines,2024,Total,235110
Philippines,2025,January,16770
Philippines,2025,February,15580
Philippines,2025,March,15685
Philippines,2025,April,14860
Philippines,2025,May,14825
Philippines,2025,June,12935
Philippines,2025,July,13180
Philippines,2025,August,11305
Philippines,2025,September,14685
Philippines,2025,October,14000
Philippines,2025,November,14810
Philippines,2025,December,12475
Philippines,2025,Total,171105
Philippines,2026,January,12385
Philippines,2026,February,13340
Philippines,2026,March,15345
Philippines,2026,April,14450
Philippines,2026,May,13990
Philippines,2026,Total,69510
Poland,2023,January,205
Poland,2023,February,185
Poland,2023,March,235
Poland,2023,April,125
Poland,2023,May,300
Poland,2023,June,255
Poland,2023,July,215
Poland,2023,August,215
Poland,2023,September,215
Poland,2023,October,225
Poland,2023,November,205
Poland,2023,December,135
Poland,2023,Total,2515
Poland,2024,January,155
Poland,2024,February,200
Poland,2024,March,190
Poland,2024,April,200
Poland,2024,May,215
Poland,2024,June,170
Poland,2024,July,190
Poland,2024,August,185
Poland,2024,September,150
Poland,2024,October,175
Poland,2024,November,200
Poland,2024,December,150
Poland,2024,Total,2175
Poland,2025,January,160
Poland,2025,February,145
Poland,2025,March,180
Poland,2025,April,155
Poland,2025,May,130
Poland,2025,June,145
Poland,2025,July,145
Poland,2025,August,175
Poland,2025,September,125
Poland,2025,October,175
Poland,2025,November,220
Poland,2025,December,125
Poland,2025,Total,1880
Poland,2026,January,100
Poland,2026,February,135
Poland,2026,March,170
Poland,2026,April,205
Poland,2026,May,205
Poland,2026,Total,810
Portugal,2023,January,300
Portugal,2023,February,330
Portugal,2023,March,350
Portugal,2023,April,205
Portugal,2023,May,370
Portugal,2023,June,530
Portugal,2023,July,335
Portugal,2023,August,315
Portugal,2023,September,285
Portugal,2023,October,350
Portugal,2023,November,320
Portugal,2023,December,210
Portugal,2023,Total,3900
Portugal,2024,January,265
Portugal,2024,February,280
Portugal,2024,March,295
Portugal,2024,April,260
Portugal,2024,May,340
Portugal,2024,June,230
Portugal,2024,July,250
Portugal,2024,August,290
Portugal,2024,September,245
Portugal,2024,October,375
Portugal,2024,November,240
Portugal,2024,December,255
Portugal,2024,Total,3325
Portugal,2025,January,300
Portugal,2025,February,240
Portugal,2025,March,290
Portugal,2025,April,240
Portugal,2025,May,190
Portugal,2025,June,170
Portugal,2025,July,200
Portugal,2025,August,250
Portugal,2025,September,245
Portugal,2025,October,210
Portugal,2025,November,205
Portugal,2025,December,135
Portugal,2025,Total,2665
Portugal,2026,January,195
Portugal,2026,February,170
Portugal,2026,March,250
Portugal,2026,April,345
Portugal,2026,May,260
Portugal,2026,Total,1225
Qatar,2023,January,80
Qatar,2023,February,35
Qatar,2023,March,45
Qatar,2023,April,115
Qatar,2023,May,95
Qatar,2023,June,80
Qatar,2023,July,65
Qatar,2023,August,65
Qatar,2023,September,55
Qatar,2023,October,25
Qatar,2023,November,40
Qatar,2023,December,35
Qatar,2023,Total,740
Qatar,2024,January,25
Qatar,2024,February,45
Qatar,2024,March,35
Qatar,2024,April,35
Qatar,2024,May,50
Qatar,2024,June,90
Qatar,2024,July,50
Qatar,2024,August,35
Qatar,2024,September,190
Qatar,2024,October,75
Qatar,2024,November,25
Qatar,2024,December,30
Qatar,2024,Total,685
Qatar,2025,January,40
Qatar,2025,February,35
Qatar,2025,March,55
Qatar,2025,April,55
Qatar,2025,May,50
Qatar,2025,June,55
Qatar,2025,July,70
Qatar,2025,August,35
Qatar,2025,September,80
Qatar,2025,October,45
Qatar,2025,November,15
Qatar,2025,December,15
Qatar,2025,Total,550
Qatar,2026,January,20
Qatar,2026,February,55
Qatar,2026,March,35
Qatar,2026,April,25
Qatar,2026,May,15
Qatar,2026,Total,150
Republic of Djibouti,2023,January,55
Republic of Djibouti,2023,February,60
Republic of Djibouti,2023,March,140
Republic of Djibouti,2023,April,170
Republic of Djibouti,2023,May,195
Republic of Djibouti,2023,June,90
Republic of Djibouti,2023,July,85
Republic of Djibouti,2023,August,115
Republic of Djibouti,2023,September,220
Republic of Djibouti,2023,October,120
Republic of Djibouti,2023,November,135
Republic of Djibouti,2023,December,90
Republic of Djibouti,2023,Total,1475
Republic of Djibouti,2024,January,190
Republic of Djibouti,2024,February,130
Republic of Djibouti,2024,March,875
Republic of Djibouti,2024,April,560
Republic of Djibouti,2024,May,1440
Republic of Djibouti,2024,June,350
Republic of Djibouti,2024,July,275
Republic of Djibouti,2024,August,95
Republic of Djibouti,2024,September,130
Republic of Djibouti,2024,October,195
Republic of Djibouti,2024,November,160
Republic of Djibouti,2024,December,130
Republic of Djibouti,2024,Total,4530
Republic of Djibouti,2025,January,80
Republic of Djibouti,2025,February,90
Republic of Djibouti,2025,March,105
Republic of Djibouti,2025,April,85
Republic of Djibouti,2025,May,85
Republic of Djibouti,2025,June,85
Republic of Djibouti,2025,July,50
Republic of Djibouti,2025,August,50
Republic of Djibouti,2025,September,80
Republic of Djibouti,2025,October,55
Republic of Djibouti,2025,November,105
Republic of Djibouti,2025,December,110
Republic of Djibouti,2025,Total,980
Republic of Djibouti,2026,January,75
Republic of Djibouti,2026,February,95
Republic of Djibouti,2026,March,65
Republic of Djibouti,2026,April,90
Republic of Djibouti,2026,May,60
Republic of Djibouti,2026,Total,390
Republic of Indonesia,2023,January,1140
Republic of Indonesia,2023,February,1580
Republic of Indonesia,2023,March,2275
Republic of Indonesia,2023,April,2025
Republic of Indonesia,2023,May,2315
Republic of Indonesia,2023,June,2405
Republic of Indonesia,2023,July,2450
Republic of Indonesia,2023,August,2435
Republic of Indonesia,2023,September,1345
Republic of Indonesia,2023,October,1350
Republic of Indonesia,2023,November,1130
Republic of Indonesia,2023,December,575
Republic of Indonesia,2023,Total,21030
Republic of Indonesia,2024,January,1425
Republic of Indonesia,2024,February,1945
Republic of Indonesia,2024,March,2000
Republic of Indonesia,2024,April,1885
Republic of Indonesia,2024,May,2150
Republic of Indonesia,2024,June,1690
Republic of Indonesia,2024,July,2425
Republic of Indonesia,2024,August,2020
Republic of Indonesia,2024,September,1660
Republic of Indonesia,2024,October,1095
Republic of Indonesia,2024,November,1625
Republic of Indonesia,2024,December,1115
Republic of Indonesia,2024,Total,21035
Republic of Indonesia,2025,January,1095
Republic of Indonesia,2025,February,1355
Republic of Indonesia,2025,March,1780
Republic of Indonesia,2025,April,1825
Republic of Indonesia,2025,May,1560
Republic of Indonesia,2025,June,1570
Republic of Indonesia,2025,July,1285
Republic of Indonesia,2025,August,1680
Republic of Indonesia,2025,September,1475
Republic of Indonesia,2025,October,1495
Republic of Indonesia,2025,November,940
Republic of Indonesia,2025,December,1225
Republic of Indonesia,2025,Total,17280
Republic of Indonesia,2026,January,1055
Republic of Indonesia,2026,February,1475
Republic of Indonesia,2026,March,1430
Republic of Indonesia,2026,April,1800
Republic of Indonesia,2026,May,2020
Republic of Indonesia,2026,Total,7780
Republic of Ireland,2023,January,340
Republic of Ireland,2023,February,685
Republic of Ireland,2023,March,1095
Republic of Ireland,2023,April,535
Republic of Ireland,2023,May,1420
Republic of Ireland,2023,June,870
Republic of Ireland,2023,July,530
Republic of Ireland,2023,August,515
Republic of Ireland,2023,September,500
Republic of Ireland,2023,October,510
Republic of Ireland,2023,November,530
Republic of Ireland,2023,December,300
Republic of Ireland,2023,Total,7835
Republic of Ireland,2024,January,455
Republic of Ireland,2024,February,730
Republic of Ireland,2024,March,855
Republic of Ireland,2024,April,985
Republic of Ireland,2024,May,965
Republic of Ireland,2024,June,425
Republic of Ireland,2024,July,505
Republic of Ireland,2024,August,485
Republic of Ireland,2024,September,430
Republic of Ireland,2024,October,540
Republic of Ireland,2024,November,380
Republic of Ireland,2024,December,355
Republic of Ireland,2024,Total,7110
Republic of Ireland,2025,January,445
Republic of Ireland,2025,February,710
Republic of Ireland,2025,March,970
Republic of Ireland,2025,April,670
Republic of Ireland,2025,May,670
Republic of Ireland,2025,June,480
Republic of Ireland,2025,July,365
Republic of Ireland,2025,August,445
Republic of Ireland,2025,September,360
Republic of Ireland,2025,October,500
Republic of Ireland,2025,November,490
Republic of Ireland,2025,December,250
Republic of Ireland,2025,Total,6355
Republic of Ireland,2026,January,280
Republic of Ireland,2026,February,525
Republic of Ireland,2026,March,1020
Republic of Ireland,2026,April,1040
Republic of Ireland,2026,May,990
Republic of Ireland,2026,Total,3855
Republic of Ivory Coast,2023,January,1845
Republic of Ivory Coast,2023,February,1290
Republic of Ivory Coast,2023,March,2155
Republic of Ivory Coast,2023,April,2745
Republic of Ivory Coast,2023,May,2385
Republic of Ivory Coast,2023,June,2040
Republic of Ivory Coast,2023,July,1580
Republic of Ivory Coast,2023,August,2030
Republic of Ivory Coast,2023,September,2015
Republic of Ivory Coast,2023,October,3025
Republic of Ivory Coast,2023,November,1695
Republic of Ivory Coast,2023,December,1225
Republic of Ivory Coast,2023,Total,24030
Republic of Ivory Coast,2024,January,1395
Republic of Ivory Coast,2024,February,1900
Republic of Ivory Coast,2024,March,2245
Republic of Ivory Coast,2024,April,1390
Republic of Ivory Coast,2024,May,1910
Republic of Ivory Coast,2024,June,1895
Republic of Ivory Coast,2024,July,3095
Republic of Ivory Coast,2024,August,2700
Republic of Ivory Coast,2024,September,2870
Republic of Ivory Coast,2024,October,2175
Republic of Ivory Coast,2024,November,2840
Republic of Ivory Coast,2024,December,2735
Republic of Ivory Coast,2024,Total,27150
Republic of Ivory Coast,2025,January,3870
Republic of Ivory Coast,2025,February,2005
Republic of Ivory Coast,2025,March,4175
Republic of Ivory Coast,2025,April,1955
Republic of Ivory Coast,2025,May,3030
Republic of Ivory Coast,2025,June,2220
Republic of Ivory Coast,2025,July,1905
Republic of Ivory Coast,2025,August,2090
Republic of Ivory Coast,2025,September,2615
Republic of Ivory Coast,2025,October,2045
Republic of Ivory Coast,2025,November,2370
Republic of Ivory Coast,2025,December,1625
Republic of Ivory Coast,2025,Total,29900
Republic of Ivory Coast,2026,January,1405
Republic of Ivory Coast,2026,February,2620
Republic of Ivory Coast,2026,March,1870
Republic of Ivory Coast,2026,April,2055
Republic of Ivory Coast,2026,May,1910
Republic of Ivory Coast,2026,Total,9855
Republic of Palau,2023,January,15
Republic of Palau,2023,February,0
Republic of Palau,2023,March,0
Republic of Palau,2023,April,
Republic of Palau,2023,May,0
Republic of Palau,2023,June,0
Republic of Palau,2023,July,5
Republic of Palau,2023,August,0
Republic of Palau,2023,September,0
Republic of Palau,2023,October,0
Republic of Palau,2023,November,
Republic of Palau,2023,December,0
Republic of Palau,2023,Total,20
Republic of Palau,2024,January,
Republic of Palau,2024,February,
Republic of Palau,2024,March,
Republic of Palau,2024,April,
Republic of Palau,2024,May,
Republic of Palau,2024,June,
Republic of Palau,2024,July,
Republic of Palau,2024,August,
Republic of Palau,2024,September,
Republic of Palau,2024,October,
Republic of Palau,2024,November,
Republic of Palau,2024,December,0
Republic of Palau,2024,Total,20
Republic of Palau,2025,January,0
Republic of Palau,2025,February,0
Republic of Palau,2025,March,0
Republic of Palau,2025,April,0
Republic of Palau,2025,May,0
Republic of Palau,2025,June,0
Republic of Palau,2025,July,
Republic of Palau,2025,August,
Republic of Palau,2025,September,
Republic of Palau,2025,October,
Republic of Palau,2025,November,0
Republic of Palau,2025,December,
Republic of Palau,2025,Total,10
Republic of Palau,2026,January,
Republic of Palau,2026,February,5
Republic of Palau,2026,March,5
Republic of Palau,2026,April,
Republic of Palau,2026,May,
Republic of Palau,2026,Total,15
Republic of South Africa,2023,January,805
Republic of South Africa,2023,February,975
Republic of South Africa,2023,March,1330
Republic of South Africa,2023,April,1600
Republic of South Africa,2023,May,2180
Republic of South Africa,2023,June,2150
Republic of South Africa,2023,July,1175
Republic of South Africa,2023,August,1540
Republic of South Africa,2023,September,1250
Republic of South Africa,2023,October,1085
Republic of South Africa,2023,November,1755
Republic of South Africa,2023,December,860
Republic of South Africa,2023,Total,16700
Republic of South Africa,2024,January,1215
Republic of South Africa,2024,February,960
Republic of South Africa,2024,March,1125
Republic of South Africa,2024,April,1565
Republic of South Africa,2024,May,2110
Republic of South Africa,2024,June,1550
Republic of South Africa,2024,July,1095
Republic of South Africa,2024,August,725
Republic of South Africa,2024,September,555
Republic of South Africa,2024,October,700
Republic of South Africa,2024,November,770
Republic of South Africa,2024,December,785
Republic of South Africa,2024,Total,13155
Republic of South Africa,2025,January,1280
Republic of South Africa,2025,February,1400
Republic of South Africa,2025,March,2050
Republic of South Africa,2025,April,870
Republic of South Africa,2025,May,1260
Republic of South Africa,2025,June,3555
Republic of South Africa,2025,July,970
Republic of South Africa,2025,August,1410
Republic of South Africa,2025,September,945
Republic of South Africa,2025,October,950
Republic of South Africa,2025,November,1000
Republic of South Africa,2025,December,535
Republic of South Africa,2025,Total,16225
Republic of South Africa,2026,January,795
Republic of South Africa,2026,February,955
Republic of South Africa,2026,March,1040
Republic of South Africa,2026,April,1285
Republic of South Africa,2026,May,1305
Republic of South Africa,2026,Total,5380
Republic of The Marshall Islands,2023,January,0
Republic of The Marshall Islands,2023,February,
Republic of The Marshall Islands,2023,March,
Republic of The Marshall Islands,2023,April,
Republic of The Marshall Islands,2023,May,0
Republic of The Marshall Islands,2023,June,
Republic of The Marshall Islands,2023,July,5
Republic of The Marshall Islands,2023,August,0
Republic of The Marshall Islands,2023,September,
Republic of The Marshall Islands,2023,October,
Republic of The Marshall Islands,2023,November,
Republic of The Marshall Islands,2023,December,0
Republic of The Marshall Islands,2023,Total,20
Republic of The Marshall Islands,2024,January,
Republic of The Marshall Islands,2024,February,
Republic of The Marshall Islands,2024,March,
Republic of The Marshall Islands,2024,April,
Republic of The Marshall Islands,2024,May,
Republic of The Marshall Islands,2024,June,
Republic of The Marshall Islands,2024,July,
Republic of The Marshall Islands,2024,August,
Republic of The Marshall Islands,2024,September,
Republic of The Marshall Islands,2024,October,
Republic of The Marshall Islands,2024,November,
Republic of The Marshall Islands,2024,December,
Republic of The Marshall Islands,2024,Total,30
Republic of The Marshall Islands,2025,January,
Republic of The Marshall Islands,2025,February,0
Republic of The Marshall Islands,2025,March,
Republic of The Marshall Islands,2025,April,
Republic of The Marshall Islands,2025,May,5
Republic of The Marshall Islands,2025,June,
Republic of The Marshall Islands,2025,July,5
Republic of The Marshall Islands,2025,August,
Republic of The Marshall Islands,2025,September,
Republic of The Marshall Islands,2025,October,
Republic of The Marshall Islands,2025,November,5
Republic of The Marshall Islands,2025,December,
Republic of The Marshall Islands,2025,Total,30
Republic of The Marshall Islands,2026,January,5
Republic of The Marshall Islands,2026,February,
Republic of The Marshall Islands,2026,March,
Republic of The Marshall Islands,2026,April,
Republic of The Marshall Islands,2026,May,
Republic of The Marshall Islands,2026,Total,15
Republic of the Niger,2023,January,85
Republic of the Niger,2023,February,160
Republic of the Niger,2023,March,145
Republic of the Niger,2023,April,245
Republic of the Niger,2023,May,230
Republic of the Niger,2023,June,165
Republic of the Niger,2023,July,170
Republic of the Niger,2023,August,190
Republic of the Niger,2023,September,140
Republic of the Niger,2023,October,445
Republic of the Niger,2023,November,290
Republic of the Niger,2023,December,170
Republic of the Niger,2023,Total,2430
Republic of the Niger,2024,January,135
Republic of the Niger,2024,February,100
Republic of the Niger,2024,March,300
Republic of the Niger,2024,April,170
Republic of the Niger,2024,May,375
Republic of the Niger,2024,June,155
Republic of the Niger,2024,July,210
Republic of the Niger,2024,August,170
Republic of the Niger,2024,September,250
Republic of the Niger,2024,October,160
Republic of the Niger,2024,November,160
Republic of the Niger,2024,December,165
Republic of the Niger,2024,Total,2360
Republic of the Niger,2025,January,145
Republic of the Niger,2025,February,105
Republic of the Niger,2025,March,150
Republic of the Niger,2025,April,145
Republic of the Niger,2025,May,175
Republic of the Niger,2025,June,220
Republic of the Niger,2025,July,255
Republic of the Niger,2025,August,250
Republic of the Niger,2025,September,385
Republic of the Niger,2025,October,185
Republic of the Niger,2025,November,270
Republic of the Niger,2025,December,145
Republic of the Niger,2025,Total,2440
Republic of the Niger,2026,January,165
Republic of the Niger,2026,February,250
Republic of the Niger,2026,March,220
Republic of the Niger,2026,April,210
Republic of the Niger,2026,May,160
Republic of the Niger,2026,Total,1005
Reunion,2023,January,0
Reunion,2023,February,0
Reunion,2023,March,0
Reunion,2023,April,
Reunion,2023,May,0
Reunion,2023,June,0
Reunion,2023,July,0
Reunion,2023,August,0
Reunion,2023,September,0
Reunion,2023,October,0
Reunion,2023,November,0
Reunion,2023,December,0
Reunion,2023,Total,
Reunion,2024,January,0
Reunion,2024,February,0
Reunion,2024,March,0
Reunion,2024,April,0
Reunion,2024,May,0
Reunion,2024,June,0
Reunion,2024,July,0
Reunion,2024,August,0
Reunion,2024,September,0
Reunion,2024,October,0
Reunion,2024,November,0
Reunion,2024,December,0
Reunion,2024,Total,0
Reunion,2025,January,0
Reunion,2025,February,0
Reunion,2025,March,0
Reunion,2025,April,0
Reunion,2025,May,0
Reunion,2025,June,0
Reunion,2025,July,0
Reunion,2025,August,0
Reunion,2025,September,0
Reunion,2025,October,0
Reunion,2025,November,0
Reunion,2025,December,0
Reunion,2025,Total,0
Reunion,2026,January,0
Reunion,2026,February,0
Reunion,2026,March,0
Reunion,2026,April,0
Reunion,2026,May,0
Reunion,2026,Total,0
Romania,2023,January,220
Romania,2023,February,175
Romania,2023,March,255
Romania,2023,April,200
Romania,2023,May,220
Romania,2023,June,205
Romania,2023,July,200
Romania,2023,August,170
Romania,2023,September,170
Romania,2023,October,180
Romania,2023,November,200
Romania,2023,December,150
Romania,2023,Total,2340
Romania,2024,January,165
Romania,2024,February,235
Romania,2024,March,200
Romania,2024,April,165
Romania,2024,May,250
Romania,2024,June,220
Romania,2024,July,170
Romania,2024,August,120
Romania,2024,September,170
Romania,2024,October,230
Romania,2024,November,215
Romania,2024,December,190
Romania,2024,Total,2335
Romania,2025,January,280
Romania,2025,February,150
Romania,2025,March,265
Romania,2025,April,145
Romania,2025,May,150
Romania,2025,June,115
Romania,2025,July,140
Romania,2025,August,170
Romania,2025,September,150
Romania,2025,October,100
Romania,2025,November,275
Romania,2025,December,155
Romania,2025,Total,2090
Romania,2026,January,125
Romania,2026,February,165
Romania,2026,March,165
Romania,2026,April,90
Romania,2026,May,135
Romania,2026,Total,680
Russia,2023,January,2160
Russia,2023,February,1460
Russia,2023,March,1455
Russia,2023,April,1090
Russia,2023,May,2695
Russia,2023,June,2230
Russia,2023,July,1820
Russia,2023,August,2410
Russia,2023,September,2245
Russia,2023,October,2680
Russia,2023,November,4735
Russia,2023,December,2965
Russia,2023,Total,27950
Russia,2024,January,2970
Russia,2024,February,1455
Russia,2024,March,1320
Russia,2024,April,1990
Russia,2024,May,1755
Russia,2024,June,1215
Russia,2024,July,1500
Russia,2024,August,1570
Russia,2024,September,1160
Russia,2024,October,1735
Russia,2024,November,1545
Russia,2024,December,1150
Russia,2024,Total,19365
Russia,2025,January,1230
Russia,2025,February,1350
Russia,2025,March,1495
Russia,2025,April,1575
Russia,2025,May,1805
Russia,2025,June,1325
Russia,2025,July,2235
Russia,2025,August,1540
Russia,2025,September,1265
Russia,2025,October,1335
Russia,2025,November,1210
Russia,2025,December,1320
Russia,2025,Total,17675
Russia,2026,January,1215
Russia,2026,February,1655
Russia,2026,March,1665
Russia,2026,April,1820
Russia,2026,May,1760
Russia,2026,Total,8120
Rwanda,2023,January,535
Rwanda,2023,February,490
Rwanda,2023,March,675
Rwanda,2023,April,1290
Rwanda,2023,May,1530
Rwanda,2023,June,2495
Rwanda,2023,July,980
Rwanda,2023,August,1330
Rwanda,2023,September,1990
Rwanda,2023,October,1840
Rwanda,2023,November,2705
Rwanda,2023,December,1220
Rwanda,2023,Total,17080
Rwanda,2024,January,1695
Rwanda,2024,February,2350
Rwanda,2024,March,1400
Rwanda,2024,April,1575
Rwanda,2024,May,2235
Rwanda,2024,June,935
Rwanda,2024,July,1140
Rwanda,2024,August,1965
Rwanda,2024,September,3400
Rwanda,2024,October,1285
Rwanda,2024,November,1185
Rwanda,2024,December,665
Rwanda,2024,Total,19835
Rwanda,2025,January,1270
Rwanda,2025,February,2540
Rwanda,2025,March,1330
Rwanda,2025,April,595
Rwanda,2025,May,680
Rwanda,2025,June,460
Rwanda,2025,July,415
Rwanda,2025,August,850
Rwanda,2025,September,555
Rwanda,2025,October,1210
Rwanda,2025,November,1045
Rwanda,2025,December,900
Rwanda,2025,Total,11850
Rwanda,2026,January,750
Rwanda,2026,February,1445
Rwanda,2026,March,1035
Rwanda,2026,April,975
Rwanda,2026,May,1035
Rwanda,2026,Total,5240
Saint-Martin,2023,January,0
Saint-Martin,2023,February,0
Saint-Martin,2023,March,
Saint-Martin,2023,April,
Saint-Martin,2023,May,0
Saint-Martin,2023,June,0
Saint-Martin,2023,July,0
Saint-Martin,2023,August,0
Saint-Martin,2023,September,
Saint-Martin,2023,October,0
Saint-Martin,2023,November,0
Saint-Martin,2023,December,
Saint-Martin,2023,Total,
Saint-Martin,2024,January,0
Saint-Martin,2024,February,0
Saint-Martin,2024,March,0
Saint-Martin,2024,April,0
Saint-Martin,2024,May,0
Saint-Martin,2024,June,0
Saint-Martin,2024,July,0
Saint-Martin,2024,August,0
Saint-Martin,2024,September,
Saint-Martin,2024,October,0
Saint-Martin,2024,November,0
Saint-Martin,2024,December,0
Saint-Martin,2024,Total,
Saint-Martin,2025,January,0
Saint-Martin,2025,February,0
Saint-Martin,2025,March,0
Saint-Martin,2025,April,0
Saint-Martin,2025,May,0
Saint-Martin,2025,June,0
Saint-Martin,2025,July,0
Saint-Martin,2025,August,
Saint-Martin,2025,September,0
Saint-Martin,2025,October,0
Saint-Martin,2025,November,0
Saint-Martin,2025,December,0
Saint-Martin,2025,Total,
Saint-Martin,2026,January,0
Saint-Martin,2026,February,0
Saint-Martin,2026,March,0
Saint-Martin,2026,April,0
Saint-Martin,2026,May,0
Saint-Martin,2026,Total,0
"Samoa, Independent State Of",2023,January,
"Samoa, Independent State Of",2023,February,0
"Samoa, Independent State Of",2023,March,
"Samoa, Independent State Of",2023,April,0
"Samoa, Independent State Of",2023,May,
"Samoa, Independent State Of",2023,June,
"Samoa, Independent State Of",2023,July,0
"Samoa, Independent State Of",2023,August,0
"Samoa, Independent State Of",2023,September,0
"Samoa, Independent State Of",2023,October,
"Samoa, Independent State Of",2023,November,0
"Samoa, Independent State Of",2023,December,
"Samoa, Independent State Of",2023,Total,10
"Samoa, Independent State Of",2024,January,0
"Samoa, Independent State Of",2024,February,
"Samoa, Independent State Of",2024,March,0
"Samoa, Independent State Of",2024,April,
"Samoa, Independent State Of",2024,May,
"Samoa, Independent State Of",2024,June,0
"Samoa, Independent State Of",2024,July,0
"Samoa, Independent State Of",2024,August,
"Samoa, Independent State Of",2024,September,0
"Samoa, Independent State Of",2024,October,
"Samoa, Independent State Of",2024,November,
"Samoa, Independent State Of",2024,December,0
"Samoa, Independent State Of",2024,Total,10
"Samoa, Independent State Of",2025,January,0
"Samoa, Independent State Of",2025,February,0
"Samoa, Independent State Of",2025,March,
"Samoa, Independent State Of",2025,April,
"Samoa, Independent State Of",2025,May,0
"Samoa, Independent State Of",2025,June,
"Samoa, Independent State Of",2025,July,
"Samoa, Independent State Of",2025,August,
"Samoa, Independent State Of",2025,September,
"Samoa, Independent State Of",2025,October,0
"Samoa, Independent State Of",2025,November,
"Samoa, Independent State Of",2025,December,0
"Samoa, Independent State Of",2025,Total,10
"Samoa, Independent State Of",2026,January,0
"Samoa, Independent State Of",2026,February,
"Samoa, Independent State Of",2026,March,
"Samoa, Independent State Of",2026,April,0
"Samoa, Independent State Of",2026,May,0
"Samoa, Independent State Of",2026,Total,
San Marino,2023,January,0
San Marino,2023,February,
San Marino,2023,March,
San Marino,2023,April,
San Marino,2023,May,
San Marino,2023,June,0
San Marino,2023,July,0
San Marino,2023,August,0
San Marino,2023,September,0
San Marino,2023,October,0
San Marino,2023,November,0
San Marino,2023,December,0
San Marino,2023,Total,5
San Marino,2024,January,
San Marino,2024,February,0
San Marino,2024,March,0
San Marino,2024,April,0
San Marino,2024,May,0
San Marino,2024,June,0
San Marino,2024,July,0
San Marino,2024,August,0
San Marino,2024,September,0
San Marino,2024,October,0
San Marino,2024,November,0
San Marino,2024,December,0
San Marino,2024,Total,
San Marino,2025,January,0
San Marino,2025,February,0
San Marino,2025,March,0
San Marino,2025,April,0
San Marino,2025,May,0
San Marino,2025,June,0
San Marino,2025,July,0
San Marino,2025,August,0
San Marino,2025,September,0
San Marino,2025,October,0
San Marino,2025,November,
San Marino,2025,December,0
San Marino,2025,Total,
San Marino,2026,January,0
San Marino,2026,February,0
San Marino,2026,March,
San Marino,2026,April,0
San Marino,2026,May,
San Marino,2026,Total,
Sao Tome and Principe,2023,January,0
Sao Tome and Principe,2023,February,0
Sao Tome and Principe,2023,March,
Sao Tome and Principe,2023,April,0
Sao Tome and Principe,2023,May,0
Sao Tome and Principe,2023,June,0
Sao Tome and Principe,2023,July,
Sao Tome and Principe,2023,August,0
Sao Tome and Principe,2023,September,
Sao Tome and Principe,2023,October,0
Sao Tome and Principe,2023,November,
Sao Tome and Principe,2023,December,
Sao Tome and Principe,2023,Total,5
Sao Tome and Principe,2024,January,0
Sao Tome and Principe,2024,February,
Sao Tome and Principe,2024,March,
Sao Tome and Principe,2024,April,0
Sao Tome and Principe,2024,May,
Sao Tome and Principe,2024,June,0
Sao Tome and Principe,2024,July,
Sao Tome and Principe,2024,August,0
Sao Tome and Principe,2024,September,
Sao Tome and Principe,2024,October,0
Sao Tome and Principe,2024,November,0
Sao Tome and Principe,2024,December,
Sao Tome and Principe,2024,Total,10
Sao Tome and Principe,2025,January,
Sao Tome and Principe,2025,February,
Sao Tome and Principe,2025,March,0
Sao Tome and Principe,2025,April,
Sao Tome and Principe,2025,May,
Sao Tome and Principe,2025,June,0
Sao Tome and Principe,2025,July,
Sao Tome and Principe,2025,August,
Sao Tome and Principe,2025,September,
Sao Tome and Principe,2025,October,
Sao Tome and Principe,2025,November,
Sao Tome and Principe,2025,December,
Sao Tome and Principe,2025,Total,15
Sao Tome and Principe,2026,January,0
Sao Tome and Principe,2026,February,0
Sao Tome and Principe,2026,March,0
Sao Tome and Principe,2026,April,
Sao Tome and Principe,2026,May,
Sao Tome and Principe,2026,Total,5
Saudi Arabia,2023,January,540
Saudi Arabia,2023,February,990
Saudi Arabia,2023,March,885
Saudi Arabia,2023,April,615
Saudi Arabia,2023,May,995
Saudi Arabia,2023,June,840
Saudi Arabia,2023,July,725
Saudi Arabia,2023,August,850
Saudi Arabia,2023,September,880
Saudi Arabia,2023,October,480
Saudi Arabia,2023,November,785
Saudi Arabia,2023,December,475
Saudi Arabia,2023,Total,9060
Saudi Arabia,2024,January,350
Saudi Arabia,2024,February,425
Saudi Arabia,2024,March,1120
Saudi Arabia,2024,April,780
Saudi Arabia,2024,May,1090
Saudi Arabia,2024,June,840
Saudi Arabia,2024,July,1025
Saudi Arabia,2024,August,630
Saudi Arabia,2024,September,670
Saudi Arabia,2024,October,725
Saudi Arabia,2024,November,610
Saudi Arabia,2024,December,525
Saudi Arabia,2024,Total,8795
Saudi Arabia,2025,January,695
Saudi Arabia,2025,February,730
Saudi Arabia,2025,March,855
Saudi Arabia,2025,April,685
Saudi Arabia,2025,May,1095
Saudi Arabia,2025,June,995
Saudi Arabia,2025,July,1135
Saudi Arabia,2025,August,615
Saudi Arabia,2025,September,1070
Saudi Arabia,2025,October,675
Saudi Arabia,2025,November,675
Saudi Arabia,2025,December,495
Saudi Arabia,2025,Total,9725
Saudi Arabia,2026,January,690
Saudi Arabia,2026,February,675
Saudi Arabia,2026,March,860
Saudi Arabia,2026,April,1010
Saudi Arabia,2026,May,1065
Saudi Arabia,2026,Total,4305
Senegal,2023,January,1680
Senegal,2023,February,2735
Senegal,2023,March,2295
Senegal,2023,April,3780
Senegal,2023,May,2790
Senegal,2023,June,2350
Senegal,2023,July,2190
Senegal,2023,August,2805
Senegal,2023,September,2845
Senegal,2023,October,3255
Senegal,2023,November,4215
Senegal,2023,December,3260
Senegal,2023,Total,34205
Senegal,2024,January,3035
Senegal,2024,February,3295
Senegal,2024,March,3565
Senegal,2024,April,3735
Senegal,2024,May,6700
Senegal,2024,June,4480
Senegal,2024,July,4710
Senegal,2024,August,8015
Senegal,2024,September,14940
Senegal,2024,October,8250
Senegal,2024,November,9690
Senegal,2024,December,5210
Senegal,2024,Total,75625
Senegal,2025,January,4565
Senegal,2025,February,2550
Senegal,2025,March,4675
Senegal,2025,April,3165
Senegal,2025,May,4070
Senegal,2025,June,3790
Senegal,2025,July,2750
Senegal,2025,August,3050
Senegal,2025,September,3625
Senegal,2025,October,3865
Senegal,2025,November,2705
Senegal,2025,December,2930
Senegal,2025,Total,41745
Senegal,2026,January,2365
Senegal,2026,February,3130
Senegal,2026,March,3745
Senegal,2026,April,2950
Senegal,2026,May,4060
Senegal,2026,Total,16250
"Serbia, Republic of",2023,January,280
"Serbia, Republic of",2023,February,265
"Serbia, Republic of",2023,March,260
"Serbia, Republic of",2023,April,205
"Serbia, Republic of",2023,May,685
"Serbia, Republic of",2023,June,375
"Serbia, Republic of",2023,July,470
"Serbia, Republic of",2023,August,330
"Serbia, Republic of",2023,September,205
"Serbia, Republic of",2023,October,215
"Serbia, Republic of",2023,November,300
"Serbia, Republic of",2023,December,210
"Serbia, Republic of",2023,Total,3795
"Serbia, Republic of",2024,January,200
"Serbia, Republic of",2024,February,245
"Serbia, Republic of",2024,March,230
"Serbia, Republic of",2024,April,250
"Serbia, Republic of",2024,May,180
"Serbia, Republic of",2024,June,190
"Serbia, Republic of",2024,July,200
"Serbia, Republic of",2024,August,165
"Serbia, Republic of",2024,September,170
"Serbia, Republic of",2024,October,170
"Serbia, Republic of",2024,November,135
"Serbia, Republic of",2024,December,235
"Serbia, Republic of",2024,Total,2370
"Serbia, Republic of",2025,January,210
"Serbia, Republic of",2025,February,650
"Serbia, Republic of",2025,March,630
"Serbia, Republic of",2025,April,250
"Serbia, Republic of",2025,May,295
"Serbia, Republic of",2025,June,190
"Serbia, Republic of",2025,July,435
"Serbia, Republic of",2025,August,280
"Serbia, Republic of",2025,September,285
"Serbia, Republic of",2025,October,280
"Serbia, Republic of",2025,November,195
"Serbia, Republic of",2025,December,240
"Serbia, Republic of",2025,Total,3935
"Serbia, Republic of",2026,January,275
"Serbia, Republic of",2026,February,185
"Serbia, Republic of",2026,March,355
"Serbia, Republic of",2026,April,470
"Serbia, Republic of",2026,May,425
"Serbia, Republic of",2026,Total,1710
Seychelles,2023,January,0
Seychelles,2023,February,5
Seychelles,2023,March,
Seychelles,2023,April,15
Seychelles,2023,May,10
Seychelles,2023,June,
Seychelles,2023,July,5
Seychelles,2023,August,10
Seychelles,2023,September,
Seychelles,2023,October,10
Seychelles,2023,November,10
Seychelles,2023,December,
Seychelles,2023,Total,85
Seychelles,2024,January,5
Seychelles,2024,February,
Seychelles,2024,March,
Seychelles,2024,April,
Seychelles,2024,May,
Seychelles,2024,June,
Seychelles,2024,July,5
Seychelles,2024,August,5
Seychelles,2024,September,
Seychelles,2024,October,5
Seychelles,2024,November,20
Seychelles,2024,December,
Seychelles,2024,Total,60
Seychelles,2025,January,10
Seychelles,2025,February,10
Seychelles,2025,March,5
Seychelles,2025,April,
Seychelles,2025,May,
Seychelles,2025,June,5
Seychelles,2025,July,
Seychelles,2025,August,5
Seychelles,2025,September,5
Seychelles,2025,October,10
Seychelles,2025,November,
Seychelles,2025,December,5
Seychelles,2025,Total,70
Seychelles,2026,January,5
Seychelles,2026,February,
Seychelles,2026,March,10
Seychelles,2026,April,15
Seychelles,2026,May,
Seychelles,2026,Total,35
Sierra Leone,2023,January,35
Sierra Leone,2023,February,65
Sierra Leone,2023,March,60
Sierra Leone,2023,April,165
Sierra Leone,2023,May,105
Sierra Leone,2023,June,105
Sierra Leone,2023,July,140
Sierra Leone,2023,August,185
Sierra Leone,2023,September,70
Sierra Leone,2023,October,100
Sierra Leone,2023,November,315
Sierra Leone,2023,December,145
Sierra Leone,2023,Total,1490
Sierra Leone,2024,January,85
Sierra Leone,2024,February,135
Sierra Leone,2024,March,145
Sierra Leone,2024,April,415
Sierra Leone,2024,May,315
Sierra Leone,2024,June,85
Sierra Leone,2024,July,140
Sierra Leone,2024,August,110
Sierra Leone,2024,September,260
Sierra Leone,2024,October,135
Sierra Leone,2024,November,385
Sierra Leone,2024,December,185
Sierra Leone,2024,Total,2400
Sierra Leone,2025,January,120
Sierra Leone,2025,February,270
Sierra Leone,2025,March,190
Sierra Leone,2025,April,70
Sierra Leone,2025,May,100
Sierra Leone,2025,June,110
Sierra Leone,2025,July,125
Sierra Leone,2025,August,210
Sierra Leone,2025,September,485
Sierra Leone,2025,October,205
Sierra Leone,2025,November,355
Sierra Leone,2025,December,120
Sierra Leone,2025,Total,2355
Sierra Leone,2026,January,135
Sierra Leone,2026,February,335
Sierra Leone,2026,March,215
Sierra Leone,2026,April,235
Sierra Leone,2026,May,205
Sierra Leone,2026,Total,1125
Singapore,2023,January,75
Singapore,2023,February,75
Singapore,2023,March,120
Singapore,2023,April,70
Singapore,2023,May,100
Singapore,2023,June,115
Singapore,2023,July,160
Singapore,2023,August,135
Singapore,2023,September,80
Singapore,2023,October,75
Singapore,2023,November,100
Singapore,2023,December,55
Singapore,2023,Total,1160
Singapore,2024,January,75
Singapore,2024,February,75
Singapore,2024,March,90
Singapore,2024,April,75
Singapore,2024,May,105
Singapore,2024,June,70
Singapore,2024,July,115
Singapore,2024,August,120
Singapore,2024,September,40
Singapore,2024,October,85
Singapore,2024,November,90
Singapore,2024,December,65
Singapore,2024,Total,1000
Singapore,2025,January,80
Singapore,2025,February,50
Singapore,2025,March,70
Singapore,2025,April,45
Singapore,2025,May,70
Singapore,2025,June,75
Singapore,2025,July,70
Singapore,2025,August,75
Singapore,2025,September,75
Singapore,2025,October,55
Singapore,2025,November,70
Singapore,2025,December,70
Singapore,2025,Total,805
Singapore,2026,January,50
Singapore,2026,February,85
Singapore,2026,March,85
Singapore,2026,April,70
Singapore,2026,May,85
Singapore,2026,Total,380
Sint-Maarten,2023,January,0
Sint-Maarten,2023,February,0
Sint-Maarten,2023,March,
Sint-Maarten,2023,April,0
Sint-Maarten,2023,May,0
Sint-Maarten,2023,June,0
Sint-Maarten,2023,July,
Sint-Maarten,2023,August,0
Sint-Maarten,2023,September,0
Sint-Maarten,2023,October,0
Sint-Maarten,2023,November,
Sint-Maarten,2023,December,0
Sint-Maarten,2023,Total,
Sint-Maarten,2024,January,0
Sint-Maarten,2024,February,
Sint-Maarten,2024,March,0
Sint-Maarten,2024,April,0
Sint-Maarten,2024,May,0
Sint-Maarten,2024,June,
Sint-Maarten,2024,July,0
Sint-Maarten,2024,August,0
Sint-Maarten,2024,September,0
Sint-Maarten,2024,October,0
Sint-Maarten,2024,November,
Sint-Maarten,2024,December,
Sint-Maarten,2024,Total,5
Sint-Maarten,2025,January,0
Sint-Maarten,2025,February,0
Sint-Maarten,2025,March,
Sint-Maarten,2025,April,0
Sint-Maarten,2025,May,0
Sint-Maarten,2025,June,0
Sint-Maarten,2025,July,
Sint-Maarten,2025,August,0
Sint-Maarten,2025,September,0
Sint-Maarten,2025,October,
Sint-Maarten,2025,November,0
Sint-Maarten,2025,December,
Sint-Maarten,2025,Total,
Sint-Maarten,2026,January,
Sint-Maarten,2026,February,0
Sint-Maarten,2026,March,0
Sint-Maarten,2026,April,0
Sint-Maarten,2026,May,0
Sint-Maarten,2026,Total,
Slovak Republic,2023,January,60
Slovak Republic,2023,February,95
Slovak Republic,2023,March,135
Slovak Republic,2023,April,60
Slovak Republic,2023,May,120
Slovak Republic,2023,June,120
Slovak Republic,2023,July,90
Slovak Republic,2023,August,85
Slovak Republic,2023,September,70
Slovak Republic,2023,October,85
Slovak Republic,2023,November,70
Slovak Republic,2023,December,40
Slovak Republic,2023,Total,1030
Slovak Republic,2024,January,55
Slovak Republic,2024,February,90
Slovak Republic,2024,March,120
Slovak Republic,2024,April,115
Slovak Republic,2024,May,110
Slovak Republic,2024,June,75
Slovak Republic,2024,July,85
Slovak Republic,2024,August,85
Slovak Republic,2024,September,55
Slovak Republic,2024,October,60
Slovak Republic,2024,November,60
Slovak Republic,2024,December,50
Slovak Republic,2024,Total,960
Slovak Republic,2025,January,55
Slovak Republic,2025,February,85
Slovak Republic,2025,March,105
Slovak Republic,2025,April,70
Slovak Republic,2025,May,90
Slovak Republic,2025,June,50
Slovak Republic,2025,July,50
Slovak Republic,2025,August,125
Slovak Republic,2025,September,65
Slovak Republic,2025,October,75
Slovak Republic,2025,November,85
Slovak Republic,2025,December,30
Slovak Republic,2025,Total,885
Slovak Republic,2026,January,50
Slovak Republic,2026,February,75
Slovak Republic,2026,March,110
Slovak Republic,2026,April,125
Slovak Republic,2026,May,100
Slovak Republic,2026,Total,455
Slovenia,2023,January,15
Slovenia,2023,February,
Slovenia,2023,March,15
Slovenia,2023,April,10
Slovenia,2023,May,10
Slovenia,2023,June,20
Slovenia,2023,July,15
Slovenia,2023,August,5
Slovenia,2023,September,10
Slovenia,2023,October,20
Slovenia,2023,November,10
Slovenia,2023,December,10
Slovenia,2023,Total,140
Slovenia,2024,January,5
Slovenia,2024,February,
Slovenia,2024,March,15
Slovenia,2024,April,5
Slovenia,2024,May,20
Slovenia,2024,June,5
Slovenia,2024,July,20
Slovenia,2024,August,20
Slovenia,2024,September,5
Slovenia,2024,October,10
Slovenia,2024,November,5
Slovenia,2024,December,
Slovenia,2024,Total,125
Slovenia,2025,January,10
Slovenia,2025,February,10
Slovenia,2025,March,10
Slovenia,2025,April,10
Slovenia,2025,May,10
Slovenia,2025,June,5
Slovenia,2025,July,10
Slovenia,2025,August,5
Slovenia,2025,September,
Slovenia,2025,October,15
Slovenia,2025,November,5
Slovenia,2025,December,
Slovenia,2025,Total,90
Slovenia,2026,January,5
Slovenia,2026,February,10
Slovenia,2026,March,5
Slovenia,2026,April,10
Slovenia,2026,May,20
Slovenia,2026,Total,55
Socialist Republic of Vietnam,2023,January,5655
Socialist Republic of Vietnam,2023,February,7645
Socialist Republic of Vietnam,2023,March,9425
Socialist Republic of Vietnam,2023,April,4060
Socialist Republic of Vietnam,2023,May,12695
Socialist Republic of Vietnam,2023,June,9280
Socialist Republic of Vietnam,2023,July,6875
Socialist Republic of Vietnam,2023,August,7800
Socialist Republic of Vietnam,2023,September,8480
Socialist Republic of Vietnam,2023,October,6965
Socialist Republic of Vietnam,2023,November,9475
Socialist Republic of Vietnam,2023,December,7000
Socialist Republic of Vietnam,2023,Total,95365
Socialist Republic of Vietnam,2024,January,9065
Socialist Republic of Vietnam,2024,February,7680
Socialist Republic of Vietnam,2024,March,7150
Socialist Republic of Vietnam,2024,April,7465
Socialist Republic of Vietnam,2024,May,10065
Socialist Republic of Vietnam,2024,June,8055
Socialist Republic of Vietnam,2024,July,7460
Socialist Republic of Vietnam,2024,August,6400
Socialist Republic of Vietnam,2024,September,6625
Socialist Republic of Vietnam,2024,October,6710
Socialist Republic of Vietnam,2024,November,5670
Socialist Republic of Vietnam,2024,December,7585
Socialist Republic of Vietnam,2024,Total,89935
Socialist Republic of Vietnam,2025,January,6590
Socialist Republic of Vietnam,2025,February,7000
Socialist Republic of Vietnam,2025,March,7625
Socialist Republic of Vietnam,2025,April,5995
Socialist Republic of Vietnam,2025,May,5510
Socialist Republic of Vietnam,2025,June,4300
Socialist Republic of Vietnam,2025,July,5735
Socialist Republic of Vietnam,2025,August,4930
Socialist Republic of Vietnam,2025,September,5375
Socialist Republic of Vietnam,2025,October,5920
Socialist Republic of Vietnam,2025,November,6300
Socialist Republic of Vietnam,2025,December,5225
Socialist Republic of Vietnam,2025,Total,70505
Socialist Republic of Vietnam,2026,January,4900
Socialist Republic of Vietnam,2026,February,4910
Socialist Republic of Vietnam,2026,March,4915
Socialist Republic of Vietnam,2026,April,6185
Socialist Republic of Vietnam,2026,May,6305
Socialist Republic of Vietnam,2026,Total,27215
"Solomons, The",2023,January,5
"Solomons, The",2023,February,
"Solomons, The",2023,March,5
"Solomons, The",2023,April,0
"Solomons, The",2023,May,
"Solomons, The",2023,June,5
"Solomons, The",2023,July,
"Solomons, The",2023,August,
"Solomons, The",2023,September,5
"Solomons, The",2023,October,5
"Solomons, The",2023,November,
"Solomons, The",2023,December,
"Solomons, The",2023,Total,45
"Solomons, The",2024,January,5
"Solomons, The",2024,February,
"Solomons, The",2024,March,
"Solomons, The",2024,April,0
"Solomons, The",2024,May,
"Solomons, The",2024,June,
"Solomons, The",2024,July,
"Solomons, The",2024,August,0
"Solomons, The",2024,September,5
"Solomons, The",2024,October,
"Solomons, The",2024,November,
"Solomons, The",2024,December,
"Solomons, The",2024,Total,25
"Solomons, The",2025,January,5
"Solomons, The",2025,February,
"Solomons, The",2025,March,
"Solomons, The",2025,April,
"Solomons, The",2025,May,
"Solomons, The",2025,June,0
"Solomons, The",2025,July,
"Solomons, The",2025,August,
"Solomons, The",2025,September,
"Solomons, The",2025,October,
"Solomons, The",2025,November,
"Solomons, The",2025,December,
"Solomons, The",2025,Total,25
"Solomons, The",2026,January,5
"Solomons, The",2026,February,
"Solomons, The",2026,March,
"Solomons, The",2026,April,
"Solomons, The",2026,May,0
"Solomons, The",2026,Total,10
"Somalia, Democratic Republic of",2023,January,110
"Somalia, Democratic Republic of",2023,February,105
"Somalia, Democratic Republic of",2023,March,90
"Somalia, Democratic Republic of",2023,April,90
"Somalia, Democratic Republic of",2023,May,110
"Somalia, Democratic Republic of",2023,June,75
"Somalia, Democratic Republic of",2023,July,95
"Somalia, Democratic Republic of",2023,August,95
"Somalia, Democratic Republic of",2023,September,125
"Somalia, Democratic Republic of",2023,October,175
"Somalia, Democratic Republic of",2023,November,205
"Somalia, Democratic Republic of",2023,December,85
"Somalia, Democratic Republic of",2023,Total,1360
"Somalia, Democratic Republic of",2024,January,245
"Somalia, Democratic Republic of",2024,February,205
"Somalia, Democratic Republic of",2024,March,200
"Somalia, Democratic Republic of",2024,April,340
"Somalia, Democratic Republic of",2024,May,250
"Somalia, Democratic Republic of",2024,June,210
"Somalia, Democratic Republic of",2024,July,190
"Somalia, Democratic Republic of",2024,August,165
"Somalia, Democratic Republic of",2024,September,95
"Somalia, Democratic Republic of",2024,October,100
"Somalia, Democratic Republic of",2024,November,145
"Somalia, Democratic Republic of",2024,December,120
"Somalia, Democratic Republic of",2024,Total,2265
"Somalia, Democratic Republic of",2025,January,170
"Somalia, Democratic Republic of",2025,February,160
"Somalia, Democratic Republic of",2025,March,135
"Somalia, Democratic Republic of",2025,April,90
"Somalia, Democratic Republic of",2025,May,95
"Somalia, Democratic Republic of",2025,June,125
"Somalia, Democratic Republic of",2025,July,50
"Somalia, Democratic Republic of",2025,August,90
"Somalia, Democratic Republic of",2025,September,85
"Somalia, Democratic Republic of",2025,October,75
"Somalia, Democratic Republic of",2025,November,75
"Somalia, Democratic Republic of",2025,December,130
"Somalia, Democratic Republic of",2025,Total,1280
"Somalia, Democratic Republic of",2026,January,85
"Somalia, Democratic Republic of",2026,February,170
"Somalia, Democratic Republic of",2026,March,115
"Somalia, Democratic Republic of",2026,April,60
"Somalia, Democratic Republic of",2026,May,70
"Somalia, Democratic Republic of",2026,Total,495
"South Sudan, Republic Of",2023,January,10
"South Sudan, Republic Of",2023,February,10
"South Sudan, Republic Of",2023,March,10
"South Sudan, Republic Of",2023,April,45
"South Sudan, Republic Of",2023,May,20
"South Sudan, Republic Of",2023,June,20
"South Sudan, Republic Of",2023,July,35
"South Sudan, Republic Of",2023,August,30
"South Sudan, Republic Of",2023,September,30
"South Sudan, Republic Of",2023,October,40
"South Sudan, Republic Of",2023,November,30
"South Sudan, Republic Of",2023,December,20
"South Sudan, Republic Of",2023,Total,305
"South Sudan, Republic Of",2024,January,45
"South Sudan, Republic Of",2024,February,60
"South Sudan, Republic Of",2024,March,35
"South Sudan, Republic Of",2024,April,85
"South Sudan, Republic Of",2024,May,70
"South Sudan, Republic Of",2024,June,35
"South Sudan, Republic Of",2024,July,55
"South Sudan, Republic Of",2024,August,25
"South Sudan, Republic Of",2024,September,25
"South Sudan, Republic Of",2024,October,35
"South Sudan, Republic Of",2024,November,60
"South Sudan, Republic Of",2024,December,30
"South Sudan, Republic Of",2024,Total,560
"South Sudan, Republic Of",2025,January,15
"South Sudan, Republic Of",2025,February,75
"South Sudan, Republic Of",2025,March,30
"South Sudan, Republic Of",2025,April,20
"South Sudan, Republic Of",2025,May,35
"South Sudan, Republic Of",2025,June,30
"South Sudan, Republic Of",2025,July,30
"South Sudan, Republic Of",2025,August,25
"South Sudan, Republic Of",2025,September,20
"South Sudan, Republic Of",2025,October,25
"South Sudan, Republic Of",2025,November,30
"South Sudan, Republic Of",2025,December,30
"South Sudan, Republic Of",2025,Total,360
"South Sudan, Republic Of",2026,January,20
"South Sudan, Republic Of",2026,February,45
"South Sudan, Republic Of",2026,March,25
"South Sudan, Republic Of",2026,April,25
"South Sudan, Republic Of",2026,May,25
"South Sudan, Republic Of",2026,Total,130
Spain,2023,January,395
Spain,2023,February,510
Spain,2023,March,700
Spain,2023,April,485
Spain,2023,May,1050
Spain,2023,June,1065
Spain,2023,July,725
Spain,2023,August,545
Spain,2023,September,415
Spain,2023,October,540
Spain,2023,November,465
Spain,2023,December,290
Spain,2023,Total,7180
Spain,2024,January,440
Spain,2024,February,485
Spain,2024,March,450
Spain,2024,April,760
Spain,2024,May,905
Spain,2024,June,510
Spain,2024,July,630
Spain,2024,August,600
Spain,2024,September,270
Spain,2024,October,345
Spain,2024,November,285
Spain,2024,December,365
Spain,2024,Total,6050
Spain,2025,January,455
Spain,2025,February,545
Spain,2025,March,590
Spain,2025,April,630
Spain,2025,May,505
Spain,2025,June,405
Spain,2025,July,425
Spain,2025,August,990
Spain,2025,September,295
Spain,2025,October,275
Spain,2025,November,295
Spain,2025,December,265
Spain,2025,Total,5675
Spain,2026,January,315
Spain,2026,February,505
Spain,2026,March,775
Spain,2026,April,990
Spain,2026,May,695
Spain,2026,Total,3280
Sri Lanka,2023,January,2300
Sri Lanka,2023,February,2190
Sri Lanka,2023,March,3365
Sri Lanka,2023,April,4670
Sri Lanka,2023,May,3950
Sri Lanka,2023,June,4060
Sri Lanka,2023,July,3685
Sri Lanka,2023,August,5050
Sri Lanka,2023,September,6535
Sri Lanka,2023,October,7250
Sri Lanka,2023,November,7795
Sri Lanka,2023,December,6935
Sri Lanka,2023,Total,57785
Sri Lanka,2024,January,8635
Sri Lanka,2024,February,7045
Sri Lanka,2024,March,6300
Sri Lanka,2024,April,7350
Sri Lanka,2024,May,6130
Sri Lanka,2024,June,6955
Sri Lanka,2024,July,8210
Sri Lanka,2024,August,6585
Sri Lanka,2024,September,5295
Sri Lanka,2024,October,7485
Sri Lanka,2024,November,5315
Sri Lanka,2024,December,4375
Sri Lanka,2024,Total,79675
Sri Lanka,2025,January,5150
Sri Lanka,2025,February,3760
Sri Lanka,2025,March,4450
Sri Lanka,2025,April,3390
Sri Lanka,2025,May,3525
Sri Lanka,2025,June,2955
Sri Lanka,2025,July,2880
Sri Lanka,2025,August,2385
Sri Lanka,2025,September,2595
Sri Lanka,2025,October,2610
Sri Lanka,2025,November,3560
Sri Lanka,2025,December,2750
Sri Lanka,2025,Total,40010
Sri Lanka,2026,January,2960
Sri Lanka,2026,February,3120
Sri Lanka,2026,March,3710
Sri Lanka,2026,April,3150
Sri Lanka,2026,May,3565
Sri Lanka,2026,Total,16510
St. Kitts-Nevis,2023,January,205
St. Kitts-Nevis,2023,February,130
St. Kitts-Nevis,2023,March,120
St. Kitts-Nevis,2023,April,145
St. Kitts-Nevis,2023,May,125
St. Kitts-Nevis,2023,June,90
St. Kitts-Nevis,2023,July,90
St. Kitts-Nevis,2023,August,80
St. Kitts-Nevis,2023,September,130
St. Kitts-Nevis,2023,October,70
St. Kitts-Nevis,2023,November,65
St. Kitts-Nevis,2023,December,30
St. Kitts-Nevis,2023,Total,1280
St. Kitts-Nevis,2024,January,70
St. Kitts-Nevis,2024,February,70
St. Kitts-Nevis,2024,March,75
St. Kitts-Nevis,2024,April,55
St. Kitts-Nevis,2024,May,80
St. Kitts-Nevis,2024,June,35
St. Kitts-Nevis,2024,July,70
St. Kitts-Nevis,2024,August,45
St. Kitts-Nevis,2024,September,50
St. Kitts-Nevis,2024,October,50
St. Kitts-Nevis,2024,November,30
St. Kitts-Nevis,2024,December,70
St. Kitts-Nevis,2024,Total,700
St. Kitts-Nevis,2025,January,60
St. Kitts-Nevis,2025,February,40
St. Kitts-Nevis,2025,March,40
St. Kitts-Nevis,2025,April,40
St. Kitts-Nevis,2025,May,40
St. Kitts-Nevis,2025,June,45
St. Kitts-Nevis,2025,July,60
St. Kitts-Nevis,2025,August,60
St. Kitts-Nevis,2025,September,55
St. Kitts-Nevis,2025,October,40
St. Kitts-Nevis,2025,November,45
St. Kitts-Nevis,2025,December,70
St. Kitts-Nevis,2025,Total,595
St. Kitts-Nevis,2026,January,35
St. Kitts-Nevis,2026,February,55
St. Kitts-Nevis,2026,March,40
St. Kitts-Nevis,2026,April,45
St. Kitts-Nevis,2026,May,75
St. Kitts-Nevis,2026,Total,250
St. Lucia,2023,January,225
St. Lucia,2023,February,225
St. Lucia,2023,March,190
St. Lucia,2023,April,190
St. Lucia,2023,May,310
St. Lucia,2023,June,285
St. Lucia,2023,July,180
St. Lucia,2023,August,165
St. Lucia,2023,September,155
St. Lucia,2023,October,130
St. Lucia,2023,November,115
St. Lucia,2023,December,70
St. Lucia,2023,Total,2250
St. Lucia,2024,January,110
St. Lucia,2024,February,100
St. Lucia,2024,March,135
St. Lucia,2024,April,140
St. Lucia,2024,May,130
St. Lucia,2024,June,90
St. Lucia,2024,July,110
St. Lucia,2024,August,90
St. Lucia,2024,September,160
St. Lucia,2024,October,190
St. Lucia,2024,November,95
St. Lucia,2024,December,120
St. Lucia,2024,Total,1470
St. Lucia,2025,January,95
St. Lucia,2025,February,80
St. Lucia,2025,March,155
St. Lucia,2025,April,145
St. Lucia,2025,May,125
St. Lucia,2025,June,150
St. Lucia,2025,July,95
St. Lucia,2025,August,115
St. Lucia,2025,September,130
St. Lucia,2025,October,100
St. Lucia,2025,November,95
St. Lucia,2025,December,130
St. Lucia,2025,Total,1420
St. Lucia,2026,January,100
St. Lucia,2026,February,85
St. Lucia,2026,March,140
St. Lucia,2026,April,105
St. Lucia,2026,May,145
St. Lucia,2026,Total,580
St. Vincent and the Grenadines,2023,January,220
St. Vincent and the Grenadines,2023,February,185
St. Vincent and the Grenadines,2023,March,105
St. Vincent and the Grenadines,2023,April,120
St. Vincent and the Grenadines,2023,May,220
St. Vincent and the Grenadines,2023,June,220
St. Vincent and the Grenadines,2023,July,110
St. Vincent and the Grenadines,2023,August,175
St. Vincent and the Grenadines,2023,September,185
St. Vincent and the Grenadines,2023,October,120
St. Vincent and the Grenadines,2023,November,90
St. Vincent and the Grenadines,2023,December,60
St. Vincent and the Grenadines,2023,Total,1805
St. Vincent and the Grenadines,2024,January,120
St. Vincent and the Grenadines,2024,February,125
St. Vincent and the Grenadines,2024,March,95
St. Vincent and the Grenadines,2024,April,165
St. Vincent and the Grenadines,2024,May,110
St. Vincent and the Grenadines,2024,June,80
St. Vincent and the Grenadines,2024,July,85
St. Vincent and the Grenadines,2024,August,70
St. Vincent and the Grenadines,2024,September,165
St. Vincent and the Grenadines,2024,October,150
St. Vincent and the Grenadines,2024,November,65
St. Vincent and the Grenadines,2024,December,90
St. Vincent and the Grenadines,2024,Total,1320
St. Vincent and the Grenadines,2025,January,100
St. Vincent and the Grenadines,2025,February,110
St. Vincent and the Grenadines,2025,March,105
St. Vincent and the Grenadines,2025,April,125
St. Vincent and the Grenadines,2025,May,145
St. Vincent and the Grenadines,2025,June,140
St. Vincent and the Grenadines,2025,July,90
St. Vincent and the Grenadines,2025,August,75
St. Vincent and the Grenadines,2025,September,70
St. Vincent and the Grenadines,2025,October,80
St. Vincent and the Grenadines,2025,November,70
St. Vincent and the Grenadines,2025,December,50
St. Vincent and the Grenadines,2025,Total,1160
St. Vincent and the Grenadines,2026,January,90
St. Vincent and the Grenadines,2026,February,90
St. Vincent and the Grenadines,2026,March,150
St. Vincent and the Grenadines,2026,April,125
St. Vincent and the Grenadines,2026,May,150
St. Vincent and the Grenadines,2026,Total,610
Stateless,2023,January,125
Stateless,2023,February,215
Stateless,2023,March,150
Stateless,2023,April,325
Stateless,2023,May,290
Stateless,2023,June,190
Stateless,2023,July,255
Stateless,2023,August,180
Stateless,2023,September,135
Stateless,2023,October,150
Stateless,2023,November,340
Stateless,2023,December,155
Stateless,2023,Total,2515
Stateless,2024,January,310
Stateless,2024,February,205
Stateless,2024,March,145
Stateless,2024,April,175
Stateless,2024,May,285
Stateless,2024,June,210
Stateless,2024,July,240
Stateless,2024,August,250
Stateless,2024,September,215
Stateless,2024,October,205
Stateless,2024,November,185
Stateless,2024,December,240
Stateless,2024,Total,2670
Stateless,2025,January,200
Stateless,2025,February,190
Stateless,2025,March,165
Stateless,2025,April,270
Stateless,2025,May,180
Stateless,2025,June,185
Stateless,2025,July,200
Stateless,2025,August,165
Stateless,2025,September,235
Stateless,2025,October,185
Stateless,2025,November,170
Stateless,2025,December,155
Stateless,2025,Total,2290
Stateless,2026,January,130
Stateless,2026,February,180
Stateless,2026,March,170
Stateless,2026,April,210
Stateless,2026,May,170
Stateless,2026,Total,855
Surinam,2023,January,30
Surinam,2023,February,30
Surinam,2023,March,25
Surinam,2023,April,75
Surinam,2023,May,30
Surinam,2023,June,45
Surinam,2023,July,30
Surinam,2023,August,60
Surinam,2023,September,30
Surinam,2023,October,25
Surinam,2023,November,55
Surinam,2023,December,20
Surinam,2023,Total,445
Surinam,2024,January,20
Surinam,2024,February,35
Surinam,2024,March,30
Surinam,2024,April,35
Surinam,2024,May,10
Surinam,2024,June,50
Surinam,2024,July,20
Surinam,2024,August,25
Surinam,2024,September,60
Surinam,2024,October,65
Surinam,2024,November,30
Surinam,2024,December,20
Surinam,2024,Total,400
Surinam,2025,January,70
Surinam,2025,February,20
Surinam,2025,March,15
Surinam,2025,April,10
Surinam,2025,May,20
Surinam,2025,June,60
Surinam,2025,July,30
Surinam,2025,August,10
Surinam,2025,September,15
Surinam,2025,October,25
Surinam,2025,November,20
Surinam,2025,December,30
Surinam,2025,Total,325
Surinam,2026,January,35
Surinam,2026,February,25
Surinam,2026,March,45
Surinam,2026,April,50
Surinam,2026,May,30
Surinam,2026,Total,185
Swaziland,2023,January,5
Swaziland,2023,February,5
Swaziland,2023,March,15
Swaziland,2023,April,20
Swaziland,2023,May,20
Swaziland,2023,June,20
Swaziland,2023,July,15
Swaziland,2023,August,15
Swaziland,2023,September,10
Swaziland,2023,October,20
Swaziland,2023,November,15
Swaziland,2023,December,15
Swaziland,2023,Total,175
Swaziland,2024,January,5
Swaziland,2024,February,
Swaziland,2024,March,15
Swaziland,2024,April,5
Swaziland,2024,May,20
Swaziland,2024,June,20
Swaziland,2024,July,15
Swaziland,2024,August,10
Swaziland,2024,September,5
Swaziland,2024,October,10
Swaziland,2024,November,10
Swaziland,2024,December,10
Swaziland,2024,Total,125
Swaziland,2025,January,25
Swaziland,2025,February,15
Swaziland,2025,March,25
Swaziland,2025,April,10
Swaziland,2025,May,5
Swaziland,2025,June,15
Swaziland,2025,July,15
Swaziland,2025,August,55
Swaziland,2025,September,10
Swaziland,2025,October,5
Swaziland,2025,November,10
Swaziland,2025,December,10
Swaziland,2025,Total,210
Swaziland,2026,January,5
Swaziland,2026,February,10
Swaziland,2026,March,15
Swaziland,2026,April,10
Swaziland,2026,May,15
Swaziland,2026,Total,55
Sweden,2023,January,60
Sweden,2023,February,75
Sweden,2023,March,95
Sweden,2023,April,60
Sweden,2023,May,165
Sweden,2023,June,145
Sweden,2023,July,115
Sweden,2023,August,125
Sweden,2023,September,120
Sweden,2023,October,120
Sweden,2023,November,90
Sweden,2023,December,55
Sweden,2023,Total,1220
Sweden,2024,January,85
Sweden,2024,February,100
Sweden,2024,March,85
Sweden,2024,April,100
Sweden,2024,May,110
Sweden,2024,June,120
Sweden,2024,July,115
Sweden,2024,August,105
Sweden,2024,September,65
Sweden,2024,October,85
Sweden,2024,November,70
Sweden,2024,December,75
Sweden,2024,Total,1115
Sweden,2025,January,75
Sweden,2025,February,85
Sweden,2025,March,110
Sweden,2025,April,100
Sweden,2025,May,90
Sweden,2025,June,80
Sweden,2025,July,80
Sweden,2025,August,115
Sweden,2025,September,80
Sweden,2025,October,80
Sweden,2025,November,105
Sweden,2025,December,55
Sweden,2025,Total,1060
Sweden,2026,January,55
Sweden,2026,February,45
Sweden,2026,March,110
Sweden,2026,April,125
Sweden,2026,May,120
Sweden,2026,Total,460
Switzerland,2023,January,120
Switzerland,2023,February,115
Switzerland,2023,March,170
Switzerland,2023,April,95
Switzerland,2023,May,200
Switzerland,2023,June,250
Switzerland,2023,July,240
Switzerland,2023,August,160
Switzerland,2023,September,95
Switzerland,2023,October,90
Switzerland,2023,November,75
Switzerland,2023,December,100
Switzerland,2023,Total,1710
Switzerland,2024,January,95
Switzerland,2024,February,105
Switzerland,2024,March,120
Switzerland,2024,April,135
Switzerland,2024,May,175
Switzerland,2024,June,150
Switzerland,2024,July,170
Switzerland,2024,August,175
Switzerland,2024,September,110
Switzerland,2024,October,100
Switzerland,2024,November,80
Switzerland,2024,December,105
Switzerland,2024,Total,1520
Switzerland,2025,January,125
Switzerland,2025,February,120
Switzerland,2025,March,120
Switzerland,2025,April,135
Switzerland,2025,May,100
Switzerland,2025,June,95
Switzerland,2025,July,130
Switzerland,2025,August,255
Switzerland,2025,September,80
Switzerland,2025,October,105
Switzerland,2025,November,75
Switzerland,2025,December,70
Switzerland,2025,Total,1420
Switzerland,2026,January,85
Switzerland,2026,February,90
Switzerland,2026,March,145
Switzerland,2026,April,190
Switzerland,2026,May,210
Switzerland,2026,Total,720
Syria,2023,January,360
Syria,2023,February,910
Syria,2023,March,905
Syria,2023,April,1100
Syria,2023,May,995
Syria,2023,June,890
Syria,2023,July,995
Syria,2023,August,885
Syria,2023,September,665
Syria,2023,October,1305
Syria,2023,November,2410
Syria,2023,December,1450
Syria,2023,Total,12880
Syria,2024,January,2035
Syria,2024,February,1775
Syria,2024,March,2165
Syria,2024,April,2225
Syria,2024,May,2035
Syria,2024,June,765
Syria,2024,July,1115
Syria,2024,August,1070
Syria,2024,September,600
Syria,2024,October,685
Syria,2024,November,650
Syria,2024,December,1015
Syria,2024,Total,16145
Syria,2025,January,805
Syria,2025,February,725
Syria,2025,March,535
Syria,2025,April,680
Syria,2025,May,740
Syria,2025,June,485
Syria,2025,July,740
Syria,2025,August,970
Syria,2025,September,820
Syria,2025,October,725
Syria,2025,November,1275
Syria,2025,December,740
Syria,2025,Total,9240
Syria,2026,January,595
Syria,2026,February,745
Syria,2026,March,835
Syria,2026,April,635
Syria,2026,May,620
Syria,2026,Total,3430
Taiwan,2023,January,495
Taiwan,2023,February,590
Taiwan,2023,March,1040
Taiwan,2023,April,720
Taiwan,2023,May,1510
Taiwan,2023,June,1140
Taiwan,2023,July,1460
Taiwan,2023,August,815
Taiwan,2023,September,575
Taiwan,2023,October,975
Taiwan,2023,November,1020
Taiwan,2023,December,520
Taiwan,2023,Total,10855
Taiwan,2024,January,605
Taiwan,2024,February,585
Taiwan,2024,March,785
Taiwan,2024,April,855
Taiwan,2024,May,900
Taiwan,2024,June,660
Taiwan,2024,July,1215
Taiwan,2024,August,1450
Taiwan,2024,September,1065
Taiwan,2024,October,950
Taiwan,2024,November,775
Taiwan,2024,December,630
Taiwan,2024,Total,10475
Taiwan,2025,January,750
Taiwan,2025,February,690
Taiwan,2025,March,865
Taiwan,2025,April,650
Taiwan,2025,May,645
Taiwan,2025,June,555
Taiwan,2025,July,510
Taiwan,2025,August,915
Taiwan,2025,September,625
Taiwan,2025,October,565
Taiwan,2025,November,620
Taiwan,2025,December,495
Taiwan,2025,Total,7885
Taiwan,2026,January,480
Taiwan,2026,February,645
Taiwan,2026,March,955
Taiwan,2026,April,1005
Taiwan,2026,May,895
Taiwan,2026,Total,3980
Tajikistan,2023,January,30
Tajikistan,2023,February,35
Tajikistan,2023,March,35
Tajikistan,2023,April,35
Tajikistan,2023,May,90
Tajikistan,2023,June,60
Tajikistan,2023,July,50
Tajikistan,2023,August,115
Tajikistan,2023,September,95
Tajikistan,2023,October,115
Tajikistan,2023,November,175
Tajikistan,2023,December,105
Tajikistan,2023,Total,950
Tajikistan,2024,January,110
Tajikistan,2024,February,65
Tajikistan,2024,March,65
Tajikistan,2024,April,105
Tajikistan,2024,May,135
Tajikistan,2024,June,70
Tajikistan,2024,July,160
Tajikistan,2024,August,120
Tajikistan,2024,September,120
Tajikistan,2024,October,145
Tajikistan,2024,November,140
Tajikistan,2024,December,90
Tajikistan,2024,Total,1330
Tajikistan,2025,January,65
Tajikistan,2025,February,90
Tajikistan,2025,March,65
Tajikistan,2025,April,65
Tajikistan,2025,May,85
Tajikistan,2025,June,70
Tajikistan,2025,July,75
Tajikistan,2025,August,80
Tajikistan,2025,September,65
Tajikistan,2025,October,60
Tajikistan,2025,November,45
Tajikistan,2025,December,75
Tajikistan,2025,Total,840
Tajikistan,2026,January,55
Tajikistan,2026,February,75
Tajikistan,2026,March,65
Tajikistan,2026,April,50
Tajikistan,2026,May,60
Tajikistan,2026,Total,300
Thailand,2023,January,1650
Thailand,2023,February,1750
Thailand,2023,March,1955
Thailand,2023,April,1705
Thailand,2023,May,2095
Thailand,2023,June,2270
Thailand,2023,July,1685
Thailand,2023,August,1450
Thailand,2023,September,1065
Thailand,2023,October,1120
Thailand,2023,November,975
Thailand,2023,December,955
Thailand,2023,Total,18670
Thailand,2024,January,1000
Thailand,2024,February,1475
Thailand,2024,March,1210
Thailand,2024,April,1445
Thailand,2024,May,1440
Thailand,2024,June,1080
Thailand,2024,July,1495
Thailand,2024,August,1215
Thailand,2024,September,920
Thailand,2024,October,895
Thailand,2024,November,760
Thailand,2024,December,1160
Thailand,2024,Total,14095
Thailand,2025,January,1050
Thailand,2025,February,1150
Thailand,2025,March,1460
Thailand,2025,April,1305
Thailand,2025,May,1025
Thailand,2025,June,1170
Thailand,2025,July,1040
Thailand,2025,August,995
Thailand,2025,September,1100
Thailand,2025,October,935
Thailand,2025,November,675
Thailand,2025,December,865
Thailand,2025,Total,12770
Thailand,2026,January,885
Thailand,2026,February,1245
Thailand,2026,March,1435
Thailand,2026,April,1250
Thailand,2026,May,875
Thailand,2026,Total,5690
The Netherlands,2023,January,165
The Netherlands,2023,February,255
The Netherlands,2023,March,305
The Netherlands,2023,April,150
The Netherlands,2023,May,315
The Netherlands,2023,June,275
The Netherlands,2023,July,295
The Netherlands,2023,August,255
The Netherlands,2023,September,185
The Netherlands,2023,October,190
The Netherlands,2023,November,210
The Netherlands,2023,December,105
The Netherlands,2023,Total,2705
The Netherlands,2024,January,135
The Netherlands,2024,February,270
The Netherlands,2024,March,245
The Netherlands,2024,April,205
The Netherlands,2024,May,215
The Netherlands,2024,June,125
The Netherlands,2024,July,165
The Netherlands,2024,August,190
The Netherlands,2024,September,210
The Netherlands,2024,October,205
The Netherlands,2024,November,160
The Netherlands,2024,December,150
The Netherlands,2024,Total,2270
The Netherlands,2025,January,165
The Netherlands,2025,February,290
The Netherlands,2025,March,290
The Netherlands,2025,April,220
The Netherlands,2025,May,255
The Netherlands,2025,June,95
The Netherlands,2025,July,110
The Netherlands,2025,August,160
The Netherlands,2025,September,85
The Netherlands,2025,October,105
The Netherlands,2025,November,120
The Netherlands,2025,December,105
The Netherlands,2025,Total,2000
The Netherlands,2026,January,115
The Netherlands,2026,February,335
The Netherlands,2026,March,395
The Netherlands,2026,April,185
The Netherlands,2026,May,135
The Netherlands,2026,Total,1160
The Netherlands Antilles,2023,January,0
The Netherlands Antilles,2023,February,0
The Netherlands Antilles,2023,March,0
The Netherlands Antilles,2023,April,0
The Netherlands Antilles,2023,May,0
The Netherlands Antilles,2023,June,0
The Netherlands Antilles,2023,July,0
The Netherlands Antilles,2023,August,0
The Netherlands Antilles,2023,September,0
The Netherlands Antilles,2023,October,0
The Netherlands Antilles,2023,November,0
The Netherlands Antilles,2023,December,0
The Netherlands Antilles,2023,Total,0
The Netherlands Antilles,2024,January,0
The Netherlands Antilles,2024,February,0
The Netherlands Antilles,2024,March,
The Netherlands Antilles,2024,April,0
The Netherlands Antilles,2024,May,0
The Netherlands Antilles,2024,June,0
The Netherlands Antilles,2024,July,0
The Netherlands Antilles,2024,August,0
The Netherlands Antilles,2024,September,0
The Netherlands Antilles,2024,October,
The Netherlands Antilles,2024,November,0
The Netherlands Antilles,2024,December,0
The Netherlands Antilles,2024,Total,
The Netherlands Antilles,2025,January,0
The Netherlands Antilles,2025,February,0
The Netherlands Antilles,2025,March,0
The Netherlands Antilles,2025,April,0
The Netherlands Antilles,2025,May,0
The Netherlands Antilles,2025,June,0
The Netherlands Antilles,2025,July,0
The Netherlands Antilles,2025,August,0
The Netherlands Antilles,2025,September,0
The Netherlands Antilles,2025,October,0
The Netherlands Antilles,2025,November,0
The Netherlands Antilles,2025,December,0
The Netherlands Antilles,2025,Total,0
The Netherlands Antilles,2026,January,0
The Netherlands Antilles,2026,February,0
The Netherlands Antilles,2026,March,0
The Netherlands Antilles,2026,April,0
The Netherlands Antilles,2026,May,0
The Netherlands Antilles,2026,Total,0
"Togo, Republic of",2023,January,400
"Togo, Republic of",2023,February,385
"Togo, Republic of",2023,March,520
"Togo, Republic of",2023,April,1065
"Togo, Republic of",2023,May,680
"Togo, Republic of",2023,June,800
"Togo, Republic of",2023,July,670
"Togo, Republic of",2023,August,1015
"Togo, Republic of",2023,September,610
"Togo, Republic of",2023,October,515
"Togo, Republic of",2023,November,1045
"Togo, Republic of",2023,December,675
"Togo, Republic of",2023,Total,8380
"Togo, Republic of",2024,January,510
"Togo, Republic of",2024,February,2175
"Togo, Republic of",2024,March,1795
"Togo, Republic of",2024,April,570
"Togo, Republic of",2024,May,1105
"Togo, Republic of",2024,June,700
"Togo, Republic of",2024,July,890
"Togo, Republic of",2024,August,720
"Togo, Republic of",2024,September,785
"Togo, Republic of",2024,October,1210
"Togo, Republic of",2024,November,825
"Togo, Republic of",2024,December,1125
"Togo, Republic of",2024,Total,12410
"Togo, Republic of",2025,January,750
"Togo, Republic of",2025,February,750
"Togo, Republic of",2025,March,920
"Togo, Republic of",2025,April,305
"Togo, Republic of",2025,May,400
"Togo, Republic of",2025,June,490
"Togo, Republic of",2025,July,495
"Togo, Republic of",2025,August,500
"Togo, Republic of",2025,September,810
"Togo, Republic of",2025,October,685
"Togo, Republic of",2025,November,720
"Togo, Republic of",2025,December,510
"Togo, Republic of",2025,Total,7335
"Togo, Republic of",2026,January,450
"Togo, Republic of",2026,February,940
"Togo, Republic of",2026,March,440
"Togo, Republic of",2026,April,455
"Togo, Republic of",2026,May,755
"Togo, Republic of",2026,Total,3045
Tonga,2023,January,0
Tonga,2023,February,
Tonga,2023,March,5
Tonga,2023,April,0
Tonga,2023,May,5
Tonga,2023,June,5
Tonga,2023,July,
Tonga,2023,August,
Tonga,2023,September,
Tonga,2023,October,
Tonga,2023,November,
Tonga,2023,December,0
Tonga,2023,Total,30
Tonga,2024,January,0
Tonga,2024,February,
Tonga,2024,March,
Tonga,2024,April,
Tonga,2024,May,
Tonga,2024,June,10
Tonga,2024,July,5
Tonga,2024,August,
Tonga,2024,September,
Tonga,2024,October,0
Tonga,2024,November,
Tonga,2024,December,
Tonga,2024,Total,30
Tonga,2025,January,
Tonga,2025,February,
Tonga,2025,March,
Tonga,2025,April,
Tonga,2025,May,5
Tonga,2025,June,
Tonga,2025,July,
Tonga,2025,August,0
Tonga,2025,September,
Tonga,2025,October,0
Tonga,2025,November,
Tonga,2025,December,
Tonga,2025,Total,25
Tonga,2026,January,
Tonga,2026,February,
Tonga,2026,March,
Tonga,2026,April,10
Tonga,2026,May,
Tonga,2026,Total,20
"Trinidad and Tobago, Republic of",2023,January,2090
"Trinidad and Tobago, Republic of",2023,February,1390
"Trinidad and Tobago, Republic of",2023,March,1130
"Trinidad and Tobago, Republic of",2023,April,1350
"Trinidad and Tobago, Republic of",2023,May,2125
"Trinidad and Tobago, Republic of",2023,June,1885
"Trinidad and Tobago, Republic of",2023,July,985
"Trinidad and Tobago, Republic of",2023,August,1010
"Trinidad and Tobago, Republic of",2023,September,815
"Trinidad and Tobago, Republic of",2023,October,630
"Trinidad and Tobago, Republic of",2023,November,580
"Trinidad and Tobago, Republic of",2023,December,485
"Trinidad and Tobago, Republic of",2023,Total,14475
"Trinidad and Tobago, Republic of",2024,January,605
"Trinidad and Tobago, Republic of",2024,February,515
"Trinidad and Tobago, Republic of",2024,March,655
"Trinidad and Tobago, Republic of",2024,April,860
"Trinidad and Tobago, Republic of",2024,May,635
"Trinidad and Tobago, Republic of",2024,June,565
"Trinidad and Tobago, Republic of",2024,July,770
"Trinidad and Tobago, Republic of",2024,August,500
"Trinidad and Tobago, Republic of",2024,September,860
"Trinidad and Tobago, Republic of",2024,October,855
"Trinidad and Tobago, Republic of",2024,November,595
"Trinidad and Tobago, Republic of",2024,December,530
"Trinidad and Tobago, Republic of",2024,Total,7950
"Trinidad and Tobago, Republic of",2025,January,520
"Trinidad and Tobago, Republic of",2025,February,370
"Trinidad and Tobago, Republic of",2025,March,730
"Trinidad and Tobago, Republic of",2025,April,690
"Trinidad and Tobago, Republic of",2025,May,700
"Trinidad and Tobago, Republic of",2025,June,670
"Trinidad and Tobago, Republic of",2025,July,705
"Trinidad and Tobago, Republic of",2025,August,475
"Trinidad and Tobago, Republic of",2025,September,670
"Trinidad and Tobago, Republic of",2025,October,450
"Trinidad and Tobago, Republic of",2025,November,670
"Trinidad and Tobago, Republic of",2025,December,525
"Trinidad and Tobago, Republic of",2025,Total,7180
"Trinidad and Tobago, Republic of",2026,January,590
"Trinidad and Tobago, Republic of",2026,February,540
"Trinidad and Tobago, Republic of",2026,March,610
"Trinidad and Tobago, Republic of",2026,April,650
"Trinidad and Tobago, Republic of",2026,May,775
"Trinidad and Tobago, Republic of",2026,Total,3170
Tunisia,2023,January,1895
Tunisia,2023,February,2550
Tunisia,2023,March,3265
Tunisia,2023,April,2915
Tunisia,2023,May,4125
Tunisia,2023,June,4690
Tunisia,2023,July,1585
Tunisia,2023,August,2555
Tunisia,2023,September,2330
Tunisia,2023,October,2155
Tunisia,2023,November,2685
Tunisia,2023,December,2160
Tunisia,2023,Total,32900
Tunisia,2024,January,2530
Tunisia,2024,February,3885
Tunisia,2024,March,5650
Tunisia,2024,April,3775
Tunisia,2024,May,3520
Tunisia,2024,June,3045
Tunisia,2024,July,3440
Tunisia,2024,August,2605
Tunisia,2024,September,3430
Tunisia,2024,October,3365
Tunisia,2024,November,2775
Tunisia,2024,December,3245
Tunisia,2024,Total,41260
Tunisia,2025,January,3365
Tunisia,2025,February,2305
Tunisia,2025,March,2630
Tunisia,2025,April,2185
Tunisia,2025,May,2220
Tunisia,2025,June,2720
Tunisia,2025,July,2340
Tunisia,2025,August,1710
Tunisia,2025,September,1880
Tunisia,2025,October,2155
Tunisia,2025,November,2925
Tunisia,2025,December,2450
Tunisia,2025,Total,28880
Tunisia,2026,January,2415
Tunisia,2026,February,2760
Tunisia,2026,March,3070
Tunisia,2026,April,3225
Tunisia,2026,May,3330
Tunisia,2026,Total,14795
Turkey,2023,January,2620
Turkey,2023,February,3760
Turkey,2023,March,5810
Turkey,2023,April,3110
Turkey,2023,May,4575
Turkey,2023,June,4650
Turkey,2023,July,4595
Turkey,2023,August,4420
Turkey,2023,September,8020
Turkey,2023,October,9255
Turkey,2023,November,14840
Turkey,2023,December,8630
Turkey,2023,Total,74285
Turkey,2024,January,11420
Turkey,2024,February,8010
Turkey,2024,March,9690
Turkey,2024,April,2780
Turkey,2024,May,4785
Turkey,2024,June,3800
Turkey,2024,July,5240
Turkey,2024,August,4450
Turkey,2024,September,3200
Turkey,2024,October,3685
Turkey,2024,November,3585
Turkey,2024,December,3285
Turkey,2024,Total,63920
Turkey,2025,January,4035
Turkey,2025,February,2050
Turkey,2025,March,5720
Turkey,2025,April,3115
Turkey,2025,May,4730
Turkey,2025,June,3255
Turkey,2025,July,3060
Turkey,2025,August,3110
Turkey,2025,September,2840
Turkey,2025,October,3125
Turkey,2025,November,2730
Turkey,2025,December,2685
Turkey,2025,Total,40460
Turkey,2026,January,2600
Turkey,2026,February,3270
Turkey,2026,March,3115
Turkey,2026,April,2605
Turkey,2026,May,3125
Turkey,2026,Total,14715
Turkmenistan,2023,January,15
Turkmenistan,2023,February,20
Turkmenistan,2023,March,40
Turkmenistan,2023,April,25
Turkmenistan,2023,May,35
Turkmenistan,2023,June,35
Turkmenistan,2023,July,40
Turkmenistan,2023,August,75
Turkmenistan,2023,September,55
Turkmenistan,2023,October,55
Turkmenistan,2023,November,120
Turkmenistan,2023,December,45
Turkmenistan,2023,Total,560
Turkmenistan,2024,January,30
Turkmenistan,2024,February,35
Turkmenistan,2024,March,35
Turkmenistan,2024,April,20
Turkmenistan,2024,May,45
Turkmenistan,2024,June,25
Turkmenistan,2024,July,55
Turkmenistan,2024,August,55
Turkmenistan,2024,September,35
Turkmenistan,2024,October,45
Turkmenistan,2024,November,30
Turkmenistan,2024,December,35
Turkmenistan,2024,Total,445
Turkmenistan,2025,January,25
Turkmenistan,2025,February,25
Turkmenistan,2025,March,55
Turkmenistan,2025,April,10
Turkmenistan,2025,May,40
Turkmenistan,2025,June,35
Turkmenistan,2025,July,40
Turkmenistan,2025,August,55
Turkmenistan,2025,September,30
Turkmenistan,2025,October,50
Turkmenistan,2025,November,25
Turkmenistan,2025,December,25
Turkmenistan,2025,Total,425
Turkmenistan,2026,January,25
Turkmenistan,2026,February,35
Turkmenistan,2026,March,30
Turkmenistan,2026,April,20
Turkmenistan,2026,May,30
Turkmenistan,2026,Total,135
Turks and Caicos Islands,2023,January,0
Turks and Caicos Islands,2023,February,0
Turks and Caicos Islands,2023,March,0
Turks and Caicos Islands,2023,April,0
Turks and Caicos Islands,2023,May,0
Turks and Caicos Islands,2023,June,0
Turks and Caicos Islands,2023,July,0
Turks and Caicos Islands,2023,August,0
Turks and Caicos Islands,2023,September,0
Turks and Caicos Islands,2023,October,0
Turks and Caicos Islands,2023,November,0
Turks and Caicos Islands,2023,December,0
Turks and Caicos Islands,2023,Total,0
Turks and Caicos Islands,2024,January,0
Turks and Caicos Islands,2024,February,0
Turks and Caicos Islands,2024,March,0
Turks and Caicos Islands,2024,April,0
Turks and Caicos Islands,2024,May,0
Turks and Caicos Islands,2024,June,0
Turks and Caicos Islands,2024,July,0
Turks and Caicos Islands,2024,August,0
Turks and Caicos Islands,2024,September,0
Turks and Caicos Islands,2024,October,0
Turks and Caicos Islands,2024,November,
Turks and Caicos Islands,2024,December,0
Turks and Caicos Islands,2024,Total,
Turks and Caicos Islands,2025,January,0
Turks and Caicos Islands,2025,February,0
Turks and Caicos Islands,2025,March,0
Turks and Caicos Islands,2025,April,0
Turks and Caicos Islands,2025,May,0
Turks and Caicos Islands,2025,June,0
Turks and Caicos Islands,2025,July,0
Turks and Caicos Islands,2025,August,
Turks and Caicos Islands,2025,September,0
Turks and Caicos Islands,2025,October,0
Turks and Caicos Islands,2025,November,0
Turks and Caicos Islands,2025,December,0
Turks and Caicos Islands,2025,Total,
Turks and Caicos Islands,2026,January,0
Turks and Caicos Islands,2026,February,0
Turks and Caicos Islands,2026,March,0
Turks and Caicos Islands,2026,April,0
Turks and Caicos Islands,2026,May,0
Turks and Caicos Islands,2026,Total,0
Tuvalu,2023,January,0
Tuvalu,2023,February,0
Tuvalu,2023,March,0
Tuvalu,2023,April,0
Tuvalu,2023,May,0
Tuvalu,2023,June,
Tuvalu,2023,July,
Tuvalu,2023,August,5
Tuvalu,2023,September,0
Tuvalu,2023,October,0
Tuvalu,2023,November,0
Tuvalu,2023,December,0
Tuvalu,2023,Total,10
Tuvalu,2024,January,0
Tuvalu,2024,February,
Tuvalu,2024,March,
Tuvalu,2024,April,0
Tuvalu,2024,May,0
Tuvalu,2024,June,0
Tuvalu,2024,July,0
Tuvalu,2024,August,
Tuvalu,2024,September,0
Tuvalu,2024,October,0
Tuvalu,2024,November,0
Tuvalu,2024,December,
Tuvalu,2024,Total,5
Tuvalu,2025,January,0
Tuvalu,2025,February,0
Tuvalu,2025,March,0
Tuvalu,2025,April,0
Tuvalu,2025,May,0
Tuvalu,2025,June,0
Tuvalu,2025,July,0
Tuvalu,2025,August,0
Tuvalu,2025,September,
Tuvalu,2025,October,0
Tuvalu,2025,November,0
Tuvalu,2025,December,0
Tuvalu,2025,Total,
Tuvalu,2026,January,
Tuvalu,2026,February,
Tuvalu,2026,March,0
Tuvalu,2026,April,
Tuvalu,2026,May,
Tuvalu,2026,Total,5
Uganda,2023,January,980
Uganda,2023,February,655
Uganda,2023,March,955
Uganda,2023,April,4680
Uganda,2023,May,870
Uganda,2023,June,905
Uganda,2023,July,985
Uganda,2023,August,2575
Uganda,2023,September,3480
Uganda,2023,October,2305
Uganda,2023,November,2240
Uganda,2023,December,1750
Uganda,2023,Total,22385
Uganda,2024,January,1645
Uganda,2024,February,2065
Uganda,2024,March,6075
Uganda,2024,April,4775
Uganda,2024,May,5305
Uganda,2024,June,3720
Uganda,2024,July,2415
Uganda,2024,August,2795
Uganda,2024,September,2340
Uganda,2024,October,2790
Uganda,2024,November,1990
Uganda,2024,December,1675
Uganda,2024,Total,37590
Uganda,2025,January,1560
Uganda,2025,February,1480
Uganda,2025,March,1260
Uganda,2025,April,1090
Uganda,2025,May,1085
Uganda,2025,June,965
Uganda,2025,July,1425
Uganda,2025,August,1865
Uganda,2025,September,1495
Uganda,2025,October,1485
Uganda,2025,November,1340
Uganda,2025,December,1355
Uganda,2025,Total,16400
Uganda,2026,January,1385
Uganda,2026,February,1560
Uganda,2026,March,1160
Uganda,2026,April,1290
Uganda,2026,May,1225
Uganda,2026,Total,6620
Ukraine,2023,January,44100
Ukraine,2023,February,58445
Ukraine,2023,March,55460
Ukraine,2023,April,49515
Ukraine,2023,May,48965
Ukraine,2023,June,41680
Ukraine,2023,July,77670
Ukraine,2023,August,134755
Ukraine,2023,September,57865
Ukraine,2023,October,34800
Ukraine,2023,November,29935
Ukraine,2023,December,22670
Ukraine,2023,Total,655865
Ukraine,2024,January,5050
Ukraine,2024,February,5110
Ukraine,2024,March,6165
Ukraine,2024,April,12225
Ukraine,2024,May,9110
Ukraine,2024,June,10680
Ukraine,2024,July,4775
Ukraine,2024,August,4630
Ukraine,2024,September,6455
Ukraine,2024,October,9860
Ukraine,2024,November,6320
Ukraine,2024,December,6510
Ukraine,2024,Total,86895
Ukraine,2025,January,8825
Ukraine,2025,February,12320
Ukraine,2025,March,11425
Ukraine,2025,April,5330
Ukraine,2025,May,8420
Ukraine,2025,June,5815
Ukraine,2025,July,130010
Ukraine,2025,August,39715
Ukraine,2025,September,9570
Ukraine,2025,October,10865
Ukraine,2025,November,9735
Ukraine,2025,December,9580
Ukraine,2025,Total,261610
Ukraine,2026,January,11210
Ukraine,2026,February,16900
Ukraine,2026,March,28825
Ukraine,2026,April,35240
Ukraine,2026,May,10045
Ukraine,2026,Total,102220
United Arab Emirates,2023,January,15
United Arab Emirates,2023,February,25
United Arab Emirates,2023,March,15
United Arab Emirates,2023,April,30
United Arab Emirates,2023,May,40
United Arab Emirates,2023,June,45
United Arab Emirates,2023,July,35
United Arab Emirates,2023,August,110
United Arab Emirates,2023,September,25
United Arab Emirates,2023,October,15
United Arab Emirates,2023,November,15
United Arab Emirates,2023,December,30
United Arab Emirates,2023,Total,405
United Arab Emirates,2024,January,20
United Arab Emirates,2024,February,20
United Arab Emirates,2024,March,35
United Arab Emirates,2024,April,25
United Arab Emirates,2024,May,30
United Arab Emirates,2024,June,25
United Arab Emirates,2024,July,25
United Arab Emirates,2024,August,45
United Arab Emirates,2024,September,20
United Arab Emirates,2024,October,15
United Arab Emirates,2024,November,25
United Arab Emirates,2024,December,30
United Arab Emirates,2024,Total,310
United Arab Emirates,2025,January,35
United Arab Emirates,2025,February,20
United Arab Emirates,2025,March,20
United Arab Emirates,2025,April,25
United Arab Emirates,2025,May,25
United Arab Emirates,2025,June,25
United Arab Emirates,2025,July,20
United Arab Emirates,2025,August,60
United Arab Emirates,2025,September,50
United Arab Emirates,2025,October,20
United Arab Emirates,2025,November,35
United Arab Emirates,2025,December,20
United Arab Emirates,2025,Total,355
United Arab Emirates,2026,January,15
United Arab Emirates,2026,February,15
United Arab Emirates,2026,March,30
United Arab Emirates,2026,April,30
United Arab Emirates,2026,May,25
United Arab Emirates,2026,Total,120
United Kingdom and Overseas Territories,2023,January,1260
United Kingdom and Overseas Territories,2023,February,1675
United Kingdom and Overseas Territories,2023,March,2305
United Kingdom and Overseas Territories,2023,April,1300
United Kingdom and Overseas Territories,2023,May,2300
United Kingdom and Overseas Territories,2023,June,2720
United Kingdom and Overseas Territories,2023,July,2450
United Kingdom and Overseas Territories,2023,August,2130
United Kingdom and Overseas Territories,2023,September,1945
United Kingdom and Overseas Territories,2023,October,1960
United Kingdom and Overseas Territories,2023,November,1645
United Kingdom and Overseas Territories,2023,December,1165
United Kingdom and Overseas Territories,2023,Total,22850
United Kingdom and Overseas Territories,2024,January,1415
United Kingdom and Overseas Territories,2024,February,1940
United Kingdom and Overseas Territories,2024,March,2430
United Kingdom and Overseas Territories,2024,April,2365
United Kingdom and Overseas Territories,2024,May,2665
United Kingdom and Overseas Territories,2024,June,1870
United Kingdom and Overseas Territories,2024,July,2295
United Kingdom and Overseas Territories,2024,August,1970
United Kingdom and Overseas Territories,2024,September,1230
United Kingdom and Overseas Territories,2024,October,1390
United Kingdom and Overseas Territories,2024,November,955
United Kingdom and Overseas Territories,2024,December,1015
United Kingdom and Overseas Territories,2024,Total,21545
United Kingdom and Overseas Territories,2025,January,1160
United Kingdom and Overseas Territories,2025,February,2450
United Kingdom and Overseas Territories,2025,March,2805
United Kingdom and Overseas Territories,2025,April,2100
United Kingdom and Overseas Territories,2025,May,1895
United Kingdom and Overseas Territories,2025,June,2080
United Kingdom and Overseas Territories,2025,July,2045
United Kingdom and Overseas Territories,2025,August,2425
United Kingdom and Overseas Territories,2025,September,1215
United Kingdom and Overseas Territories,2025,October,995
United Kingdom and Overseas Territories,2025,November,1055
United Kingdom and Overseas Territories,2025,December,810
United Kingdom and Overseas Territories,2025,Total,21035
United Kingdom and Overseas Territories,2026,January,1065
United Kingdom and Overseas Territories,2026,February,2605
United Kingdom and Overseas Territories,2026,March,3530
United Kingdom and Overseas Territories,2026,April,2670
United Kingdom and Overseas Territories,2026,May,2730
United Kingdom and Overseas Territories,2026,Total,12605
United Republic of Tanzania,2023,January,245
United Republic of Tanzania,2023,February,315
United Republic of Tanzania,2023,March,220
United Republic of Tanzania,2023,April,930
United Republic of Tanzania,2023,May,710
United Republic of Tanzania,2023,June,870
United Republic of Tanzania,2023,July,355
United Republic of Tanzania,2023,August,800
United Republic of Tanzania,2023,September,1625
United Republic of Tanzania,2023,October,900
United Republic of Tanzania,2023,November,1245
United Republic of Tanzania,2023,December,385
United Republic of Tanzania,2023,Total,8600
United Republic of Tanzania,2024,January,490
United Republic of Tanzania,2024,February,730
United Republic of Tanzania,2024,March,525
United Republic of Tanzania,2024,April,550
United Republic of Tanzania,2024,May,830
United Republic of Tanzania,2024,June,320
United Republic of Tanzania,2024,July,370
United Republic of Tanzania,2024,August,435
United Republic of Tanzania,2024,September,245
United Republic of Tanzania,2024,October,555
United Republic of Tanzania,2024,November,1195
United Republic of Tanzania,2024,December,555
United Republic of Tanzania,2024,Total,6805
United Republic of Tanzania,2025,January,660
United Republic of Tanzania,2025,February,1445
United Republic of Tanzania,2025,March,685
United Republic of Tanzania,2025,April,240
United Republic of Tanzania,2025,May,245
United Republic of Tanzania,2025,June,195
United Republic of Tanzania,2025,July,235
United Republic of Tanzania,2025,August,390
United Republic of Tanzania,2025,September,225
United Republic of Tanzania,2025,October,725
United Republic of Tanzania,2025,November,490
United Republic of Tanzania,2025,December,440
United Republic of Tanzania,2025,Total,5980
United Republic of Tanzania,2026,January,385
United Republic of Tanzania,2026,February,620
United Republic of Tanzania,2026,March,590
United Republic of Tanzania,2026,April,550
United Republic of Tanzania,2026,May,540
United Republic of Tanzania,2026,Total,2685
United States of America,2023,January,1415
United States of America,2023,February,1500
United States of America,2023,March,1915
United States of America,2023,April,1255
United States of America,2023,May,2145
United States of America,2023,June,2560
United States of America,2023,July,2345
United States of America,2023,August,2070
United States of America,2023,September,1570
United States of America,2023,October,1670
United States of America,2023,November,1510
United States of America,2023,December,1160
United States of America,2023,Total,21110
United States of America,2024,January,1925
United States of America,2024,February,1595
United States of America,2024,March,1555
United States of America,2024,April,1315
United States of America,2024,May,1595
United States of America,2024,June,1515
United States of America,2024,July,1740
United States of America,2024,August,2065
United States of America,2024,September,1375
United States of America,2024,October,1795
United States of America,2024,November,1340
United States of America,2024,December,1500
United States of America,2024,Total,19310
United States of America,2025,January,1735
United States of America,2025,February,1425
United States of America,2025,March,1615
United States of America,2025,April,1465
United States of America,2025,May,1010
United States of America,2025,June,1570
United States of America,2025,July,1170
United States of America,2025,August,2585
United States of America,2025,September,1525
United States of America,2025,October,1690
United States of America,2025,November,1985
United States of America,2025,December,1610
United States of America,2025,Total,19380
United States of America,2026,January,1635
United States of America,2026,February,1515
United States of America,2026,March,2240
United States of America,2026,April,1940
United States of America,2026,May,1825
United States of America,2026,Total,9160
Uruguay,2023,January,165
Uruguay,2023,February,150
Uruguay,2023,March,130
Uruguay,2023,April,160
Uruguay,2023,May,225
Uruguay,2023,June,185
Uruguay,2023,July,130
Uruguay,2023,August,90
Uruguay,2023,September,60
Uruguay,2023,October,45
Uruguay,2023,November,75
Uruguay,2023,December,50
Uruguay,2023,Total,1455
Uruguay,2024,January,55
Uruguay,2024,February,85
Uruguay,2024,March,90
Uruguay,2024,April,120
Uruguay,2024,May,130
Uruguay,2024,June,90
Uruguay,2024,July,75
Uruguay,2024,August,65
Uruguay,2024,September,55
Uruguay,2024,October,25
Uruguay,2024,November,35
Uruguay,2024,December,35
Uruguay,2024,Total,860
Uruguay,2025,January,75
Uruguay,2025,February,40
Uruguay,2025,March,40
Uruguay,2025,April,75
Uruguay,2025,May,155
Uruguay,2025,June,80
Uruguay,2025,July,75
Uruguay,2025,August,55
Uruguay,2025,September,45
Uruguay,2025,October,45
Uruguay,2025,November,60
Uruguay,2025,December,65
Uruguay,2025,Total,815
Uruguay,2026,January,55
Uruguay,2026,February,60
Uruguay,2026,March,65
Uruguay,2026,April,65
Uruguay,2026,May,70
Uruguay,2026,Total,315
Uzbekistan,2023,January,115
Uzbekistan,2023,February,100
Uzbekistan,2023,March,135
Uzbekistan,2023,April,150
Uzbekistan,2023,May,315
Uzbekistan,2023,June,245
Uzbekistan,2023,July,225
Uzbekistan,2023,August,455
Uzbekistan,2023,September,430
Uzbekistan,2023,October,480
Uzbekistan,2023,November,795
Uzbekistan,2023,December,710
Uzbekistan,2023,Total,4160
Uzbekistan,2024,January,975
Uzbekistan,2024,February,400
Uzbekistan,2024,March,930
Uzbekistan,2024,April,1310
Uzbekistan,2024,May,2545
Uzbekistan,2024,June,1120
Uzbekistan,2024,July,1105
Uzbekistan,2024,August,1220
Uzbekistan,2024,September,595
Uzbekistan,2024,October,910
Uzbekistan,2024,November,1070
Uzbekistan,2024,December,485
Uzbekistan,2024,Total,12675
Uzbekistan,2025,January,535
Uzbekistan,2025,February,405
Uzbekistan,2025,March,340
Uzbekistan,2025,April,340
Uzbekistan,2025,May,480
Uzbekistan,2025,June,350
Uzbekistan,2025,July,335
Uzbekistan,2025,August,305
Uzbekistan,2025,September,240
Uzbekistan,2025,October,275
Uzbekistan,2025,November,245
Uzbekistan,2025,December,240
Uzbekistan,2025,Total,4090
Uzbekistan,2026,January,270
Uzbekistan,2026,February,230
Uzbekistan,2026,March,255
Uzbekistan,2026,April,385
Uzbekistan,2026,May,330
Uzbekistan,2026,Total,1465
Vanuatu,2023,January,10
Vanuatu,2023,February,
Vanuatu,2023,March,10
Vanuatu,2023,April,30
Vanuatu,2023,May,15
Vanuatu,2023,June,20
Vanuatu,2023,July,25
Vanuatu,2023,August,10
Vanuatu,2023,September,20
Vanuatu,2023,October,5
Vanuatu,2023,November,15
Vanuatu,2023,December,20
Vanuatu,2023,Total,180
Vanuatu,2024,January,10
Vanuatu,2024,February,5
Vanuatu,2024,March,25
Vanuatu,2024,April,5
Vanuatu,2024,May,10
Vanuatu,2024,June,5
Vanuatu,2024,July,10
Vanuatu,2024,August,15
Vanuatu,2024,September,10
Vanuatu,2024,October,10
Vanuatu,2024,November,10
Vanuatu,2024,December,5
Vanuatu,2024,Total,120
Vanuatu,2025,January,5
Vanuatu,2025,February,10
Vanuatu,2025,March,10
Vanuatu,2025,April,15
Vanuatu,2025,May,10
Vanuatu,2025,June,10
Vanuatu,2025,July,15
Vanuatu,2025,August,10
Vanuatu,2025,September,10
Vanuatu,2025,October,10
Vanuatu,2025,November,10
Vanuatu,2025,December,10
Vanuatu,2025,Total,125
Vanuatu,2026,January,10
Vanuatu,2026,February,10
Vanuatu,2026,March,10
Vanuatu,2026,April,10
Vanuatu,2026,May,
Vanuatu,2026,Total,50
Venezuela,2023,January,1520
Venezuela,2023,February,1040
Venezuela,2023,March,1655
Venezuela,2023,April,1345
Venezuela,2023,May,1125
Venezuela,2023,June,1270
Venezuela,2023,July,855
Venezuela,2023,August,1340
Venezuela,2023,September,1270
Venezuela,2023,October,1155
Venezuela,2023,November,1455
Venezuela,2023,December,560
Venezuela,2023,Total,14590
Venezuela,2024,January,600
Venezuela,2024,February,650
Venezuela,2024,March,920
Venezuela,2024,April,825
Venezuela,2024,May,755
Venezuela,2024,June,510
Venezuela,2024,July,1020
Venezuela,2024,August,1015
Venezuela,2024,September,970
Venezuela,2024,October,665
Venezuela,2024,November,420
Venezuela,2024,December,615
Venezuela,2024,Total,8960
Venezuela,2025,January,1140
Venezuela,2025,February,1125
Venezuela,2025,March,1280
Venezuela,2025,April,1005
Venezuela,2025,May,1335
Venezuela,2025,June,890
Venezuela,2025,July,835
Venezuela,2025,August,870
Venezuela,2025,September,1200
Venezuela,2025,October,1145
Venezuela,2025,November,1055
Venezuela,2025,December,1190
Venezuela,2025,Total,13070
Venezuela,2026,January,1195
Venezuela,2026,February,1140
Venezuela,2026,March,1245
Venezuela,2026,April,950
Venezuela,2026,May,1285
Venezuela,2026,Total,5810
Western Sahara,2023,January,
Western Sahara,2023,February,0
Western Sahara,2023,March,
Western Sahara,2023,April,0
Western Sahara,2023,May,0
Western Sahara,2023,June,0
Western Sahara,2023,July,0
Western Sahara,2023,August,0
Western Sahara,2023,September,0
Western Sahara,2023,October,
Western Sahara,2023,November,
Western Sahara,2023,December,0
Western Sahara,2023,Total,
Western Sahara,2024,January,
Western Sahara,2024,February,
Western Sahara,2024,March,0
Western Sahara,2024,April,
Western Sahara,2024,May,
Western Sahara,2024,June,0
Western Sahara,2024,July,0
Western Sahara,2024,August,
Western Sahara,2024,September,0
Western Sahara,2024,October,0
Western Sahara,2024,November,0
Western Sahara,2024,December,0
Western Sahara,2024,Total,5
Western Sahara,2025,January,0
Western Sahara,2025,February,0
Western Sahara,2025,March,0
Western Sahara,2025,April,0
Western Sahara,2025,May,0
Western Sahara,2025,June,0
Western Sahara,2025,July,0
Western Sahara,2025,August,0
Western Sahara,2025,September,0
Western Sahara,2025,October,
Western Sahara,2025,November,
Western Sahara,2025,December,0
Western Sahara,2025,Total,
Western Sahara,2026,January,0
Western Sahara,2026,February,
Western Sahara,2026,March,
Western Sahara,2026,April,0
Western Sahara,2026,May,
Western Sahara,2026,Total,
"Yemen, Republic of",2023,January,275
"Yemen, Republic of",2023,February,500
"Yemen, Republic of",2023,March,355
"Yemen, Republic of",2023,April,485
"Yemen, Republic of",2023,May,365
"Yemen, Republic of",2023,June,295
"Yemen, Republic of",2023,July,275
"Yemen, Republic of",2023,August,270
"Yemen, Republic of",2023,September,285
"Yemen, Republic of",2023,October,310
"Yemen, Republic of",2023,November,465
"Yemen, Republic of",2023,December,270
"Yemen, Republic of",2023,Total,4160
"Yemen, Republic of",2024,January,590
"Yemen, Republic of",2024,February,390
"Yemen, Republic of",2024,March,345
"Yemen, Republic of",2024,April,395
"Yemen, Republic of",2024,May,345
"Yemen, Republic of",2024,June,300
"Yemen, Republic of",2024,July,400
"Yemen, Republic of",2024,August,290
"Yemen, Republic of",2024,September,335
"Yemen, Republic of",2024,October,290
"Yemen, Republic of",2024,November,280
"Yemen, Republic of",2024,December,375
"Yemen, Republic of",2024,Total,4340
"Yemen, Republic of",2025,January,335
"Yemen, Republic of",2025,February,365
"Yemen, Republic of",2025,March,285
"Yemen, Republic of",2025,April,205
"Yemen, Republic of",2025,May,280
"Yemen, Republic of",2025,June,185
"Yemen, Republic of",2025,July,255
"Yemen, Republic of",2025,August,300
"Yemen, Republic of",2025,September,355
"Yemen, Republic of",2025,October,380
"Yemen, Republic of",2025,November,425
"Yemen, Republic of",2025,December,330
"Yemen, Republic of",2025,Total,3700
"Yemen, Republic of",2026,January,305
"Yemen, Republic of",2026,February,290
"Yemen, Republic of",2026,March,270
"Yemen, Republic of",2026,April,230
"Yemen, Republic of",2026,May,260
"Yemen, Republic of",2026,Total,1360
Zambia,2023,January,85
Zambia,2023,February,75
Zambia,2023,March,195
Zambia,2023,April,85
Zambia,2023,May,135
Zambia,2023,June,125
Zambia,2023,July,100
Zambia,2023,August,135
Zambia,2023,September,140
Zambia,2023,October,95
Zambia,2023,November,140
Zambia,2023,December,70
Zambia,2023,Total,1375
Zambia,2024,January,110
Zambia,2024,February,70
Zambia,2024,March,80
Zambia,2024,April,110
Zambia,2024,May,200
Zambia,2024,June,115
Zambia,2024,July,100
Zambia,2024,August,75
Zambia,2024,September,80
Zambia,2024,October,70
Zambia,2024,November,100
Zambia,2024,December,80
Zambia,2024,Total,1185
Zambia,2025,January,170
Zambia,2025,February,115
Zambia,2025,March,200
Zambia,2025,April,80
Zambia,2025,May,80
Zambia,2025,June,125
Zambia,2025,July,105
Zambia,2025,August,430
Zambia,2025,September,160
Zambia,2025,October,110
Zambia,2025,November,165
Zambia,2025,December,130
Zambia,2025,Total,1860
Zambia,2026,January,120
Zambia,2026,February,155
Zambia,2026,March,110
Zambia,2026,April,115
Zambia,2026,May,130
Zambia,2026,Total,630
Zimbabwe,2023,January,345
Zimbabwe,2023,February,390
Zimbabwe,2023,March,550
Zimbabwe,2023,April,585
Zimbabwe,2023,May,820
Zimbabwe,2023,June,655
Zimbabwe,2023,July,355
Zimbabwe,2023,August,675
Zimbabwe,2023,September,525
Zimbabwe,2023,October,465
Zimbabwe,2023,November,605
Zimbabwe,2023,December,400
Zimbabwe,2023,Total,6375
Zimbabwe,2024,January,475
Zimbabwe,2024,February,410
Zimbabwe,2024,March,400
Zimbabwe,2024,April,860
Zimbabwe,2024,May,790
Zimbabwe,2024,June,675
Zimbabwe,2024,July,490
Zimbabwe,2024,August,395
Zimbabwe,2024,September,445
Zimbabwe,2024,October,415
Zimbabwe,2024,November,380
Zimbabwe,2024,December,560
Zimbabwe,2024,Total,6300
Zimbabwe,2025,January,715
Zimbabwe,2025,February,540
Zimbabwe,2025,March,1455
Zimbabwe,2025,April,540
Zimbabwe,2025,May,785
Zimbabwe,2025,June,955
Zimbabwe,2025,July,1540
Zimbabwe,2025,August,730
Zimbabwe,2025,September,610
Zimbabwe,2025,October,580
Zimbabwe,2025,November,840
Zimbabwe,2025,December,870
Zimbabwe,2025,Total,10155
Zimbabwe,2026,January,525
Zimbabwe,2026,February,865
Zimbabwe,2026,March,530
Zimbabwe,2026,April,630
Zimbabwe,2026,May,640
Zimbabwe,2026,Total,3195
Other*,2023,January,365
Other*,2023,February,170
Other*,2023,March,160
Other*,2023,April,295
Other*,2023,May,375
Other*,2023,June,515
Other*,2023,July,825
Other*,2023,August,580
Other*,2023,September,350
Other*,2023,October,340
Other*,2023,November,270
Other*,2023,December,495
Other*,2023,Total,4745
Other*,2024,January,285
Other*,2024,February,230
Other*,2024,March,325
Other*,2024,April,310
Other*,2024,May,340
Other*,2024,June,690
Other*,2024,July,1075
Other*,2024,August,720
Other*,2024,September,545
Other*,2024,October,465
Other*,2024,November,320
Other*,2024,December,645
Other*,2024,Total,5955
Other*,2025,January,370
Other*,2025,February,330
Other*,2025,March,325
Other*,2025,April,430
Other*,2025,May,405
Other*,2025,June,435
Other*,2025,July,1015
Other*,2025,August,790
Other*,2025,September,510
Other*,2025,October,500
Other*,2025,November,365
Other*,2025,December,505
Other*,2025,Total,5990
Other*,2026,January,310
Other*,2026,February,270
Other*,2026,March,225
Other*,2026,April,280
Other*,2026,May,425
Other*,2026,Total,1510
