country,year,month,value
Total,2023,January,406925
Total,2023,February,467340
Total,2023,March,555915
Total,2023,April,459065
Total,2023,May,616650
Total,2023,June,574385
Total,2023,July,622020
Total,2023,August,534010
Total,2023,September,530690
Total,2023,October,520010
Total,2023,November,506690
Total,2023,December,513685
Total,2023,Total,6307380
Total,2024,January,502245
Total,2024,February,504965
Total,2024,March,590325
Total,2024,April,545690
Total,2024,May,651785
Total,2024,June,519280
Total,2024,July,521990
Total,2024,August,464685
Total,2024,September,437625
Total,2024,October,443045
Total,2024,November,352500
Total,2024,December,316645
Total,2024,Total,5850775
Total,2025,January,427615
Total,2025,February,383300
Total,2025,March,382990
Total,2025,April,385615
Total,2025,May,460170
Total,2025,June,380670
Total,2025,July,381795
Total,2025,August,329320
Total,2025,September,340340
Total,2025,October,322405
Total,2025,November,313805
Total,2025,December,307725
Total,2025,Total,4415745
Total,2026,January,341360
Total,2026,February,366640
Total,2026,March,471425
Total,2026,April,394995
Total,2026,May,425865
Total,2026,Total,2000285
Afghanistan,2023,January,475
Afghanistan,2023,February,650
Afghanistan,2023,March,1090
Afghanistan,2023,April,760
Afghanistan,2023,May,605
Afghanistan,2023,June,745
Afghanistan,2023,July,685
Afghanistan,2023,August,605
Afghanistan,2023,September,730
Afghanistan,2023,October,700
Afghanistan,2023,November,775
Afghanistan,2023,December,585
Afghanistan,2023,Total,8405
Afghanistan,2024,January,720
Afghanistan,2024,February,685
Afghanistan,2024,March,660
Afghanistan,2024,April,530
Afghanistan,2024,May,555
Afghanistan,2024,June,455
Afghanistan,2024,July,475
Afghanistan,2024,August,460
Afghanistan,2024,September,355
Afghanistan,2024,October,420
Afghanistan,2024,November,390
Afghanistan,2024,December,395
Afghanistan,2024,Total,6110
Afghanistan,2025,January,645
Afghanistan,2025,February,610
Afghanistan,2025,March,620
Afghanistan,2025,April,535
Afghanistan,2025,May,545
Afghanistan,2025,June,430
Afghanistan,2025,July,465
Afghanistan,2025,August,525
Afghanistan,2025,September,525
Afghanistan,2025,October,520
Afghanistan,2025,November,500
Afghanistan,2025,December,580
Afghanistan,2025,Total,6505
Afghanistan,2026,January,520
Afghanistan,2026,February,515
Afghanistan,2026,March,435
Afghanistan,2026,April,505
Afghanistan,2026,May,450
Afghanistan,2026,Total,2430
Albania,2023,January,450
Albania,2023,February,460
Albania,2023,March,485
Albania,2023,April,485
Albania,2023,May,575
Albania,2023,June,520
Albania,2023,July,525
Albania,2023,August,480
Albania,2023,September,495
Albania,2023,October,595
Albania,2023,November,565
Albania,2023,December,505
Albania,2023,Total,6135
Albania,2024,January,570
Albania,2024,February,540
Albania,2024,March,655
Albania,2024,April,560
Albania,2024,May,605
Albania,2024,June,530
Albania,2024,July,490
Albania,2024,August,520
Albania,2024,September,470
Albania,2024,October,630
Albania,2024,November,515
Albania,2024,December,440
Albania,2024,Total,6530
Albania,2025,January,610
Albania,2025,February,485
Albania,2025,March,540
Albania,2025,April,505
Albania,2025,May,580
Albania,2025,June,505
Albania,2025,July,470
Albania,2025,August,415
Albania,2025,September,400
Albania,2025,October,515
Albania,2025,November,440
Albania,2025,December,380
Albania,2025,Total,5840
Albania,2026,January,390
Albania,2026,February,555
Albania,2026,March,560
Albania,2026,April,530
Albania,2026,May,450
Albania,2026,Total,2490
Algeria,2023,January,4850
Algeria,2023,February,5400
Algeria,2023,March,6260
Algeria,2023,April,6010
Algeria,2023,May,11050
Algeria,2023,June,14250
Algeria,2023,July,17040
Algeria,2023,August,18325
Algeria,2023,September,15525
Algeria,2023,October,17770
Algeria,2023,November,16555
Algeria,2023,December,15130
Algeria,2023,Total,148170
Algeria,2024,January,11215
Algeria,2024,February,12335
Algeria,2024,March,14240
Algeria,2024,April,12840
Algeria,2024,May,15830
Algeria,2024,June,13095
Algeria,2024,July,14620
Algeria,2024,August,13095
Algeria,2024,September,9560
Algeria,2024,October,10055
Algeria,2024,November,9025
Algeria,2024,December,8500
Algeria,2024,Total,144410
Algeria,2025,January,8405
Algeria,2025,February,7565
Algeria,2025,March,7880
Algeria,2025,April,7830
Algeria,2025,May,9555
Algeria,2025,June,8415
Algeria,2025,July,8805
Algeria,2025,August,7280
Algeria,2025,September,6595
Algeria,2025,October,7030
Algeria,2025,November,6555
Algeria,2025,December,6415
Algeria,2025,Total,92335
Algeria,2026,January,5895
Algeria,2026,February,6565
Algeria,2026,March,7885
Algeria,2026,April,8160
Algeria,2026,May,9035
Algeria,2026,Total,37540
Andorra,2023,January,
Andorra,2023,February,
Andorra,2023,March,
Andorra,2023,April,
Andorra,2023,May,
Andorra,2023,June,5
Andorra,2023,July,
Andorra,2023,August,
Andorra,2023,September,
Andorra,2023,October,
Andorra,2023,November,
Andorra,2023,December,
Andorra,2023,Total,30
Andorra,2024,January,5
Andorra,2024,February,
Andorra,2024,March,
Andorra,2024,April,
Andorra,2024,May,
Andorra,2024,June,
Andorra,2024,July,
Andorra,2024,August,5
Andorra,2024,September,
Andorra,2024,October,5
Andorra,2024,November,
Andorra,2024,December,
Andorra,2024,Total,30
Andorra,2025,January,
Andorra,2025,February,
Andorra,2025,March,
Andorra,2025,April,
Andorra,2025,May,
Andorra,2025,June,
Andorra,2025,July,
Andorra,2025,August,
Andorra,2025,September,
Andorra,2025,October,0
Andorra,2025,November,
Andorra,2025,December,
Andorra,2025,Total,20
Andorra,2026,January,0
Andorra,2026,February,
Andorra,2026,March,
Andorra,2026,April,
Andorra,2026,May,
Andorra,2026,Total,5
Angola,2023,January,170
Angola,2023,February,200
Angola,2023,March,280
Angola,2023,April,295
Angola,2023,May,230
Angola,2023,June,320
Angola,2023,July,225
Angola,2023,August,320
Angola,2023,September,250
Angola,2023,October,250
Angola,2023,November,230
Angola,2023,December,145
Angola,2023,Total,2915
Angola,2024,January,215
Angola,2024,February,225
Angola,2024,March,235
Angola,2024,April,245
Angola,2024,May,265
Angola,2024,June,215
Angola,2024,July,235
Angola,2024,August,250
Angola,2024,September,185
Angola,2024,October,235
Angola,2024,November,195
Angola,2024,December,210
Angola,2024,Total,2720
Angola,2025,January,285
Angola,2025,February,215
Angola,2025,March,265
Angola,2025,April,270
Angola,2025,May,260
Angola,2025,June,220
Angola,2025,July,180
Angola,2025,August,165
Angola,2025,September,165
Angola,2025,October,245
Angola,2025,November,200
Angola,2025,December,175
Angola,2025,Total,2635
Angola,2026,January,225
Angola,2026,February,225
Angola,2026,March,250
Angola,2026,April,195
Angola,2026,May,180
Angola,2026,Total,1075
Antigua and Barbuda,2023,January,70
Antigua and Barbuda,2023,February,90
Antigua and Barbuda,2023,March,100
Antigua and Barbuda,2023,April,105
Antigua and Barbuda,2023,May,150
Antigua and Barbuda,2023,June,100
Antigua and Barbuda,2023,July,70
Antigua and Barbuda,2023,August,40
Antigua and Barbuda,2023,September,25
Antigua and Barbuda,2023,October,45
Antigua and Barbuda,2023,November,45
Antigua and Barbuda,2023,December,40
Antigua and Barbuda,2023,Total,880
Antigua and Barbuda,2024,January,35
Antigua and Barbuda,2024,February,55
Antigua and Barbuda,2024,March,40
Antigua and Barbuda,2024,April,35
Antigua and Barbuda,2024,May,90
Antigua and Barbuda,2024,June,70
Antigua and Barbuda,2024,July,60
Antigua and Barbuda,2024,August,45
Antigua and Barbuda,2024,September,25
Antigua and Barbuda,2024,October,35
Antigua and Barbuda,2024,November,35
Antigua and Barbuda,2024,December,25
Antigua and Barbuda,2024,Total,555
Antigua and Barbuda,2025,January,45
Antigua and Barbuda,2025,February,50
Antigua and Barbuda,2025,March,35
Antigua and Barbuda,2025,April,65
Antigua and Barbuda,2025,May,60
Antigua and Barbuda,2025,June,50
Antigua and Barbuda,2025,July,50
Antigua and Barbuda,2025,August,55
Antigua and Barbuda,2025,September,45
Antigua and Barbuda,2025,October,35
Antigua and Barbuda,2025,November,35
Antigua and Barbuda,2025,December,40
Antigua and Barbuda,2025,Total,555
Antigua and Barbuda,2026,January,25
Antigua and Barbuda,2026,February,45
Antigua and Barbuda,2026,March,70
Antigua and Barbuda,2026,April,45
Antigua and Barbuda,2026,May,75
Antigua and Barbuda,2026,Total,260
Argentina,2023,January,1200
Argentina,2023,February,1140
Argentina,2023,March,1405
Argentina,2023,April,1395
Argentina,2023,May,1450
Argentina,2023,June,755
Argentina,2023,July,570
Argentina,2023,August,435
Argentina,2023,September,490
Argentina,2023,October,425
Argentina,2023,November,380
Argentina,2023,December,380
Argentina,2023,Total,10020
Argentina,2024,January,495
Argentina,2024,February,520
Argentina,2024,March,635
Argentina,2024,April,670
Argentina,2024,May,700
Argentina,2024,June,600
Argentina,2024,July,550
Argentina,2024,August,495
Argentina,2024,September,490
Argentina,2024,October,480
Argentina,2024,November,420
Argentina,2024,December,420
Argentina,2024,Total,6475
Argentina,2025,January,620
Argentina,2025,February,545
Argentina,2025,March,665
Argentina,2025,April,595
Argentina,2025,May,735
Argentina,2025,June,655
Argentina,2025,July,565
Argentina,2025,August,480
Argentina,2025,September,425
Argentina,2025,October,495
Argentina,2025,November,505
Argentina,2025,December,395
Argentina,2025,Total,6675
Argentina,2026,January,560
Argentina,2026,February,500
Argentina,2026,March,615
Argentina,2026,April,615
Argentina,2026,May,580
Argentina,2026,Total,2870
Armenia,2023,January,145
Armenia,2023,February,180
Armenia,2023,March,175
Armenia,2023,April,175
Armenia,2023,May,135
Armenia,2023,June,175
Armenia,2023,July,155
Armenia,2023,August,125
Armenia,2023,September,155
Armenia,2023,October,205
Armenia,2023,November,175
Armenia,2023,December,165
Armenia,2023,Total,1965
Armenia,2024,January,165
Armenia,2024,February,230
Armenia,2024,March,215
Armenia,2024,April,180
Armenia,2024,May,210
Armenia,2024,June,200
Armenia,2024,July,170
Armenia,2024,August,190
Armenia,2024,September,160
Armenia,2024,October,215
Armenia,2024,November,160
Armenia,2024,December,150
Armenia,2024,Total,2240
Armenia,2025,January,165
Armenia,2025,February,170
Armenia,2025,March,210
Armenia,2025,April,210
Armenia,2025,May,170
Armenia,2025,June,175
Armenia,2025,July,160
Armenia,2025,August,155
Armenia,2025,September,120
Armenia,2025,October,135
Armenia,2025,November,130
Armenia,2025,December,140
Armenia,2025,Total,1945
Armenia,2026,January,130
Armenia,2026,February,170
Armenia,2026,March,255
Armenia,2026,April,145
Armenia,2026,May,160
Armenia,2026,Total,855
Aruba,2023,January,0
Aruba,2023,February,0
Aruba,2023,March,0
Aruba,2023,April,
Aruba,2023,May,0
Aruba,2023,June,0
Aruba,2023,July,
Aruba,2023,August,0
Aruba,2023,September,0
Aruba,2023,October,
Aruba,2023,November,0
Aruba,2023,December,0
Aruba,2023,Total,
Aruba,2024,January,
Aruba,2024,February,0
Aruba,2024,March,
Aruba,2024,April,0
Aruba,2024,May,0
Aruba,2024,June,
Aruba,2024,July,0
Aruba,2024,August,0
Aruba,2024,September,
Aruba,2024,October,
Aruba,2024,November,0
Aruba,2024,December,0
Aruba,2024,Total,5
Aruba,2025,January,0
Aruba,2025,February,0
Aruba,2025,March,0
Aruba,2025,April,0
Aruba,2025,May,
Aruba,2025,June,0
Aruba,2025,July,0
Aruba,2025,August,0
Aruba,2025,September,
Aruba,2025,October,0
Aruba,2025,November,0
Aruba,2025,December,0
Aruba,2025,Total,
Aruba,2026,January,0
Aruba,2026,February,
Aruba,2026,March,0
Aruba,2026,April,0
Aruba,2026,May,0
Aruba,2026,Total,
Australia,2023,January,1300
Australia,2023,February,1160
Australia,2023,March,975
Australia,2023,April,1090
Australia,2023,May,1095
Australia,2023,June,1155
Australia,2023,July,1070
Australia,2023,August,1085
Australia,2023,September,715
Australia,2023,October,730
Australia,2023,November,365
Australia,2023,December,250
Australia,2023,Total,10990
Australia,2024,January,1295
Australia,2024,February,1150
Australia,2024,March,750
Australia,2024,April,1385
Australia,2024,May,1060
Australia,2024,June,760
Australia,2024,July,1145
Australia,2024,August,855
Australia,2024,September,740
Australia,2024,October,780
Australia,2024,November,385
Australia,2024,December,260
Australia,2024,Total,10565
Australia,2025,January,1150
Australia,2025,February,1110
Australia,2025,March,890
Australia,2025,April,1160
Australia,2025,May,1010
Australia,2025,June,1025
Australia,2025,July,1010
Australia,2025,August,920
Australia,2025,September,785
Australia,2025,October,680
Australia,2025,November,320
Australia,2025,December,310
Australia,2025,Total,10370
Australia,2026,January,1060
Australia,2026,February,1650
Australia,2026,March,1160
Australia,2026,April,1395
Australia,2026,May,1185
Australia,2026,Total,6455
Austria,2023,January,85
Austria,2023,February,70
Austria,2023,March,50
Austria,2023,April,40
Austria,2023,May,45
Austria,2023,June,95
Austria,2023,July,55
Austria,2023,August,50
Austria,2023,September,30
Austria,2023,October,45
Austria,2023,November,25
Austria,2023,December,20
Austria,2023,Total,610
Austria,2024,January,110
Austria,2024,February,75
Austria,2024,March,50
Austria,2024,April,70
Austria,2024,May,70
Austria,2024,June,55
Austria,2024,July,75
Austria,2024,August,40
Austria,2024,September,40
Austria,2024,October,40
Austria,2024,November,25
Austria,2024,December,20
Austria,2024,Total,670
Austria,2025,January,90
Austria,2025,February,80
Austria,2025,March,30
Austria,2025,April,70
Austria,2025,May,75
Austria,2025,June,50
Austria,2025,July,60
Austria,2025,August,45
Austria,2025,September,35
Austria,2025,October,20
Austria,2025,November,25
Austria,2025,December,25
Austria,2025,Total,605
Austria,2026,January,75
Austria,2026,February,115
Austria,2026,March,60
Austria,2026,April,50
Austria,2026,May,50
Austria,2026,Total,350
Azerbaijan,2023,January,280
Azerbaijan,2023,February,305
Azerbaijan,2023,March,425
Azerbaijan,2023,April,385
Azerbaijan,2023,May,495
Azerbaijan,2023,June,490
Azerbaijan,2023,July,555
Azerbaijan,2023,August,410
Azerbaijan,2023,September,360
Azerbaijan,2023,October,380
Azerbaijan,2023,November,410
Azerbaijan,2023,December,355
Azerbaijan,2023,Total,4855
Azerbaijan,2024,January,375
Azerbaijan,2024,February,270
Azerbaijan,2024,March,250
Azerbaijan,2024,April,255
Azerbaijan,2024,May,455
Azerbaijan,2024,June,395
Azerbaijan,2024,July,440
Azerbaijan,2024,August,375
Azerbaijan,2024,September,425
Azerbaijan,2024,October,550
Azerbaijan,2024,November,395
Azerbaijan,2024,December,315
Azerbaijan,2024,Total,4505
Azerbaijan,2025,January,400
Azerbaijan,2025,February,355
Azerbaijan,2025,March,405
Azerbaijan,2025,April,475
Azerbaijan,2025,May,535
Azerbaijan,2025,June,470
Azerbaijan,2025,July,500
Azerbaijan,2025,August,445
Azerbaijan,2025,September,430
Azerbaijan,2025,October,530
Azerbaijan,2025,November,420
Azerbaijan,2025,December,320
Azerbaijan,2025,Total,5285
Azerbaijan,2026,January,310
Azerbaijan,2026,February,415
Azerbaijan,2026,March,520
Azerbaijan,2026,April,410
Azerbaijan,2026,May,380
Azerbaijan,2026,Total,2040
"Bahama Islands, The",2023,January,180
"Bahama Islands, The",2023,February,190
"Bahama Islands, The",2023,March,205
"Bahama Islands, The",2023,April,235
"Bahama Islands, The",2023,May,295
"Bahama Islands, The",2023,June,250
"Bahama Islands, The",2023,July,265
"Bahama Islands, The",2023,August,220
"Bahama Islands, The",2023,September,245
"Bahama Islands, The",2023,October,175
"Bahama Islands, The",2023,November,140
"Bahama Islands, The",2023,December,130
"Bahama Islands, The",2023,Total,2525
"Bahama Islands, The",2024,January,195
"Bahama Islands, The",2024,February,170
"Bahama Islands, The",2024,March,155
"Bahama Islands, The",2024,April,200
"Bahama Islands, The",2024,May,285
"Bahama Islands, The",2024,June,260
"Bahama Islands, The",2024,July,250
"Bahama Islands, The",2024,August,175
"Bahama Islands, The",2024,September,200
"Bahama Islands, The",2024,October,205
"Bahama Islands, The",2024,November,175
"Bahama Islands, The",2024,December,145
"Bahama Islands, The",2024,Total,2410
"Bahama Islands, The",2025,January,175
"Bahama Islands, The",2025,February,160
"Bahama Islands, The",2025,March,165
"Bahama Islands, The",2025,April,185
"Bahama Islands, The",2025,May,190
"Bahama Islands, The",2025,June,180
"Bahama Islands, The",2025,July,225
"Bahama Islands, The",2025,August,170
"Bahama Islands, The",2025,September,130
"Bahama Islands, The",2025,October,165
"Bahama Islands, The",2025,November,160
"Bahama Islands, The",2025,December,125
"Bahama Islands, The",2025,Total,2025
"Bahama Islands, The",2026,January,140
"Bahama Islands, The",2026,February,140
"Bahama Islands, The",2026,March,145
"Bahama Islands, The",2026,April,155
"Bahama Islands, The",2026,May,190
"Bahama Islands, The",2026,Total,775
Bahrain,2023,January,50
Bahrain,2023,February,65
Bahrain,2023,March,80
Bahrain,2023,April,80
Bahrain,2023,May,120
Bahrain,2023,June,90
Bahrain,2023,July,95
Bahrain,2023,August,65
Bahrain,2023,September,50
Bahrain,2023,October,40
Bahrain,2023,November,40
Bahrain,2023,December,40
Bahrain,2023,Total,805
Bahrain,2024,January,45
Bahrain,2024,February,75
Bahrain,2024,March,90
Bahrain,2024,April,55
Bahrain,2024,May,100
Bahrain,2024,June,55
Bahrain,2024,July,65
Bahrain,2024,August,70
Bahrain,2024,September,70
Bahrain,2024,October,50
Bahrain,2024,November,25
Bahrain,2024,December,30
Bahrain,2024,Total,735
Bahrain,2025,January,45
Bahrain,2025,February,50
Bahrain,2025,March,60
Bahrain,2025,April,85
Bahrain,2025,May,60
Bahrain,2025,June,60
Bahrain,2025,July,70
Bahrain,2025,August,50
Bahrain,2025,September,40
Bahrain,2025,October,30
Bahrain,2025,November,30
Bahrain,2025,December,30
Bahrain,2025,Total,605
Bahrain,2026,January,60
Bahrain,2026,February,45
Bahrain,2026,March,60
Bahrain,2026,April,55
Bahrain,2026,May,80
Bahrain,2026,Total,295
Bangladesh,2023,January,4770
Bangladesh,2023,February,5280
Bangladesh,2023,March,6430
Bangladesh,2023,April,6080
Bangladesh,2023,May,9425
Bangladesh,2023,June,11575
Bangladesh,2023,July,10615
Bangladesh,2023,August,14095
Bangladesh,2023,September,16170
Bangladesh,2023,October,21185
Bangladesh,2023,November,23775
Bangladesh,2023,December,22465
Bangladesh,2023,Total,151865
Bangladesh,2024,January,24520
Bangladesh,2024,February,20980
Bangladesh,2024,March,21855
Bangladesh,2024,April,17075
Bangladesh,2024,May,19480
Bangladesh,2024,June,15325
Bangladesh,2024,July,12515
Bangladesh,2024,August,10630
Bangladesh,2024,September,10650
Bangladesh,2024,October,11375
Bangladesh,2024,November,10850
Bangladesh,2024,December,9460
Bangladesh,2024,Total,184715
Bangladesh,2025,January,9010
Bangladesh,2025,February,7110
Bangladesh,2025,March,7235
Bangladesh,2025,April,6275
Bangladesh,2025,May,8540
Bangladesh,2025,June,6045
Bangladesh,2025,July,7535
Bangladesh,2025,August,7535
Bangladesh,2025,September,7725
Bangladesh,2025,October,7600
Bangladesh,2025,November,7170
Bangladesh,2025,December,6670
Bangladesh,2025,Total,88450
Bangladesh,2026,January,6960
Bangladesh,2026,February,6260
Bangladesh,2026,March,7060
Bangladesh,2026,April,8255
Bangladesh,2026,May,10720
Bangladesh,2026,Total,39255
Barbados,2023,January,120
Barbados,2023,February,155
Barbados,2023,March,155
Barbados,2023,April,165
Barbados,2023,May,180
Barbados,2023,June,165
Barbados,2023,July,165
Barbados,2023,August,115
Barbados,2023,September,135
Barbados,2023,October,135
Barbados,2023,November,110
Barbados,2023,December,100
Barbados,2023,Total,1695
Barbados,2024,January,150
Barbados,2024,February,195
Barbados,2024,March,165
Barbados,2024,April,145
Barbados,2024,May,190
Barbados,2024,June,145
Barbados,2024,July,160
Barbados,2024,August,130
Barbados,2024,September,165
Barbados,2024,October,175
Barbados,2024,November,110
Barbados,2024,December,120
Barbados,2024,Total,1850
Barbados,2025,January,170
Barbados,2025,February,165
Barbados,2025,March,135
Barbados,2025,April,105
Barbados,2025,May,155
Barbados,2025,June,165
Barbados,2025,July,130
Barbados,2025,August,110
Barbados,2025,September,140
Barbados,2025,October,125
Barbados,2025,November,120
Barbados,2025,December,110
Barbados,2025,Total,1625
Barbados,2026,January,130
Barbados,2026,February,135
Barbados,2026,March,160
Barbados,2026,April,100
Barbados,2026,May,165
Barbados,2026,Total,690
Belarus,2023,January,195
Belarus,2023,February,200
Belarus,2023,March,255
Belarus,2023,April,160
Belarus,2023,May,170
Belarus,2023,June,165
Belarus,2023,July,205
Belarus,2023,August,110
Belarus,2023,September,95
Belarus,2023,October,90
Belarus,2023,November,115
Belarus,2023,December,95
Belarus,2023,Total,1865
Belarus,2024,January,130
Belarus,2024,February,155
Belarus,2024,March,190
Belarus,2024,April,155
Belarus,2024,May,110
Belarus,2024,June,140
Belarus,2024,July,115
Belarus,2024,August,115
Belarus,2024,September,105
Belarus,2024,October,110
Belarus,2024,November,90
Belarus,2024,December,115
Belarus,2024,Total,1530
Belarus,2025,January,130
Belarus,2025,February,115
Belarus,2025,March,135
Belarus,2025,April,115
Belarus,2025,May,130
Belarus,2025,June,105
Belarus,2025,July,90
Belarus,2025,August,90
Belarus,2025,September,80
Belarus,2025,October,105
Belarus,2025,November,120
Belarus,2025,December,145
Belarus,2025,Total,1355
Belarus,2026,January,110
Belarus,2026,February,115
Belarus,2026,March,260
Belarus,2026,April,190
Belarus,2026,May,120
Belarus,2026,Total,800
Belgium,2023,January,355
Belgium,2023,February,305
Belgium,2023,March,220
Belgium,2023,April,280
Belgium,2023,May,350
Belgium,2023,June,360
Belgium,2023,July,240
Belgium,2023,August,230
Belgium,2023,September,325
Belgium,2023,October,200
Belgium,2023,November,140
Belgium,2023,December,130
Belgium,2023,Total,3145
Belgium,2024,January,480
Belgium,2024,February,300
Belgium,2024,March,220
Belgium,2024,April,350
Belgium,2024,May,320
Belgium,2024,June,270
Belgium,2024,July,305
Belgium,2024,August,265
Belgium,2024,September,245
Belgium,2024,October,160
Belgium,2024,November,140
Belgium,2024,December,135
Belgium,2024,Total,3195
Belgium,2025,January,395
Belgium,2025,February,345
Belgium,2025,March,230
Belgium,2025,April,290
Belgium,2025,May,300
Belgium,2025,June,370
Belgium,2025,July,305
Belgium,2025,August,215
Belgium,2025,September,150
Belgium,2025,October,150
Belgium,2025,November,125
Belgium,2025,December,130
Belgium,2025,Total,3005
Belgium,2026,January,345
Belgium,2026,February,395
Belgium,2026,March,280
Belgium,2026,April,290
Belgium,2026,May,280
Belgium,2026,Total,1595
Belize,2023,January,60
Belize,2023,February,65
Belize,2023,March,85
Belize,2023,April,100
Belize,2023,May,95
Belize,2023,June,85
Belize,2023,July,70
Belize,2023,August,50
Belize,2023,September,60
Belize,2023,October,65
Belize,2023,November,50
Belize,2023,December,55
Belize,2023,Total,830
Belize,2024,January,95
Belize,2024,February,85
Belize,2024,March,95
Belize,2024,April,95
Belize,2024,May,105
Belize,2024,June,90
Belize,2024,July,100
Belize,2024,August,65
Belize,2024,September,55
Belize,2024,October,60
Belize,2024,November,50
Belize,2024,December,25
Belize,2024,Total,925
Belize,2025,January,40
Belize,2025,February,45
Belize,2025,March,75
Belize,2025,April,85
Belize,2025,May,65
Belize,2025,June,80
Belize,2025,July,70
Belize,2025,August,50
Belize,2025,September,55
Belize,2025,October,55
Belize,2025,November,50
Belize,2025,December,50
Belize,2025,Total,720
Belize,2026,January,80
Belize,2026,February,75
Belize,2026,March,95
Belize,2026,April,70
Belize,2026,May,95
Belize,2026,Total,410
Bermuda,2023,January,
Bermuda,2023,February,0
Bermuda,2023,March,
Bermuda,2023,April,5
Bermuda,2023,May,5
Bermuda,2023,June,
Bermuda,2023,July,5
Bermuda,2023,August,
Bermuda,2023,September,
Bermuda,2023,October,
Bermuda,2023,November,
Bermuda,2023,December,
Bermuda,2023,Total,35
Bermuda,2024,January,
Bermuda,2024,February,
Bermuda,2024,March,
Bermuda,2024,April,
Bermuda,2024,May,
Bermuda,2024,June,
Bermuda,2024,July,5
Bermuda,2024,August,
Bermuda,2024,September,
Bermuda,2024,October,
Bermuda,2024,November,0
Bermuda,2024,December,
Bermuda,2024,Total,25
Bermuda,2025,January,
Bermuda,2025,February,
Bermuda,2025,March,
Bermuda,2025,April,
Bermuda,2025,May,
Bermuda,2025,June,
Bermuda,2025,July,
Bermuda,2025,August,
Bermuda,2025,September,
Bermuda,2025,October,
Bermuda,2025,November,
Bermuda,2025,December,
Bermuda,2025,Total,25
Bermuda,2026,January,
Bermuda,2026,February,0
Bermuda,2026,March,5
Bermuda,2026,April,
Bermuda,2026,May,
Bermuda,2026,Total,10
Bhutan,2023,January,130
Bhutan,2023,February,175
Bhutan,2023,March,160
Bhutan,2023,April,150
Bhutan,2023,May,460
Bhutan,2023,June,345
Bhutan,2023,July,260
Bhutan,2023,August,360
Bhutan,2023,September,425
Bhutan,2023,October,465
Bhutan,2023,November,340
Bhutan,2023,December,435
Bhutan,2023,Total,3695
Bhutan,2024,January,370
Bhutan,2024,February,235
Bhutan,2024,March,250
Bhutan,2024,April,180
Bhutan,2024,May,250
Bhutan,2024,June,195
Bhutan,2024,July,185
Bhutan,2024,August,150
Bhutan,2024,September,130
Bhutan,2024,October,210
Bhutan,2024,November,145
Bhutan,2024,December,135
Bhutan,2024,Total,2430
Bhutan,2025,January,240
Bhutan,2025,February,120
Bhutan,2025,March,140
Bhutan,2025,April,140
Bhutan,2025,May,175
Bhutan,2025,June,150
Bhutan,2025,July,180
Bhutan,2025,August,115
Bhutan,2025,September,145
Bhutan,2025,October,200
Bhutan,2025,November,170
Bhutan,2025,December,145
Bhutan,2025,Total,1920
Bhutan,2026,January,165
Bhutan,2026,February,130
Bhutan,2026,March,180
Bhutan,2026,April,120
Bhutan,2026,May,205
Bhutan,2026,Total,800
Bolivia,2023,January,160
Bolivia,2023,February,160
Bolivia,2023,March,235
Bolivia,2023,April,235
Bolivia,2023,May,265
Bolivia,2023,June,245
Bolivia,2023,July,220
Bolivia,2023,August,225
Bolivia,2023,September,200
Bolivia,2023,October,185
Bolivia,2023,November,175
Bolivia,2023,December,180
Bolivia,2023,Total,2485
Bolivia,2024,January,225
Bolivia,2024,February,185
Bolivia,2024,March,280
Bolivia,2024,April,310
Bolivia,2024,May,390
Bolivia,2024,June,325
Bolivia,2024,July,310
Bolivia,2024,August,255
Bolivia,2024,September,195
Bolivia,2024,October,235
Bolivia,2024,November,220
Bolivia,2024,December,175
Bolivia,2024,Total,3100
Bolivia,2025,January,255
Bolivia,2025,February,250
Bolivia,2025,March,230
Bolivia,2025,April,280
Bolivia,2025,May,290
Bolivia,2025,June,245
Bolivia,2025,July,270
Bolivia,2025,August,245
Bolivia,2025,September,185
Bolivia,2025,October,185
Bolivia,2025,November,190
Bolivia,2025,December,125
Bolivia,2025,Total,2745
Bolivia,2026,January,170
Bolivia,2026,February,215
Bolivia,2026,March,220
Bolivia,2026,April,220
Bolivia,2026,May,210
Bolivia,2026,Total,1035
Bosnia-Hercegovina,2023,January,80
Bosnia-Hercegovina,2023,February,85
Bosnia-Hercegovina,2023,March,120
Bosnia-Hercegovina,2023,April,90
Bosnia-Hercegovina,2023,May,90
Bosnia-Hercegovina,2023,June,90
Bosnia-Hercegovina,2023,July,105
Bosnia-Hercegovina,2023,August,60
Bosnia-Hercegovina,2023,September,65
Bosnia-Hercegovina,2023,October,70
Bosnia-Hercegovina,2023,November,70
Bosnia-Hercegovina,2023,December,75
Bosnia-Hercegovina,2023,Total,1005
Bosnia-Hercegovina,2024,January,75
Bosnia-Hercegovina,2024,February,125
Bosnia-Hercegovina,2024,March,110
Bosnia-Hercegovina,2024,April,90
Bosnia-Hercegovina,2024,May,80
Bosnia-Hercegovina,2024,June,65
Bosnia-Hercegovina,2024,July,55
Bosnia-Hercegovina,2024,August,60
Bosnia-Hercegovina,2024,September,40
Bosnia-Hercegovina,2024,October,60
Bosnia-Hercegovina,2024,November,50
Bosnia-Hercegovina,2024,December,75
Bosnia-Hercegovina,2024,Total,880
Bosnia-Hercegovina,2025,January,80
Bosnia-Hercegovina,2025,February,85
Bosnia-Hercegovina,2025,March,80
Bosnia-Hercegovina,2025,April,95
Bosnia-Hercegovina,2025,May,90
Bosnia-Hercegovina,2025,June,50
Bosnia-Hercegovina,2025,July,75
Bosnia-Hercegovina,2025,August,65
Bosnia-Hercegovina,2025,September,65
Bosnia-Hercegovina,2025,October,75
Bosnia-Hercegovina,2025,November,70
Bosnia-Hercegovina,2025,December,75
Bosnia-Hercegovina,2025,Total,915
Bosnia-Hercegovina,2026,January,85
Bosnia-Hercegovina,2026,February,105
Bosnia-Hercegovina,2026,March,100
Bosnia-Hercegovina,2026,April,375
Bosnia-Hercegovina,2026,May,175
Bosnia-Hercegovina,2026,Total,845
"Botswana, Republic of",2023,January,25
"Botswana, Republic of",2023,February,45
"Botswana, Republic of",2023,March,55
"Botswana, Republic of",2023,April,60
"Botswana, Republic of",2023,May,65
"Botswana, Republic of",2023,June,60
"Botswana, Republic of",2023,July,35
"Botswana, Republic of",2023,August,40
"Botswana, Republic of",2023,September,40
"Botswana, Republic of",2023,October,35
"Botswana, Republic of",2023,November,45
"Botswana, Republic of",2023,December,20
"Botswana, Republic of",2023,Total,530
"Botswana, Republic of",2024,January,20
"Botswana, Republic of",2024,February,55
"Botswana, Republic of",2024,March,40
"Botswana, Republic of",2024,April,45
"Botswana, Republic of",2024,May,45
"Botswana, Republic of",2024,June,55
"Botswana, Republic of",2024,July,55
"Botswana, Republic of",2024,August,50
"Botswana, Republic of",2024,September,35
"Botswana, Republic of",2024,October,40
"Botswana, Republic of",2024,November,20
"Botswana, Republic of",2024,December,35
"Botswana, Republic of",2024,Total,495
"Botswana, Republic of",2025,January,40
"Botswana, Republic of",2025,February,40
"Botswana, Republic of",2025,March,40
"Botswana, Republic of",2025,April,35
"Botswana, Republic of",2025,May,40
"Botswana, Republic of",2025,June,60
"Botswana, Republic of",2025,July,45
"Botswana, Republic of",2025,August,30
"Botswana, Republic of",2025,September,50
"Botswana, Republic of",2025,October,30
"Botswana, Republic of",2025,November,40
"Botswana, Republic of",2025,December,20
"Botswana, Republic of",2025,Total,465
"Botswana, Republic of",2026,January,25
"Botswana, Republic of",2026,February,20
"Botswana, Republic of",2026,March,40
"Botswana, Republic of",2026,April,55
"Botswana, Republic of",2026,May,55
"Botswana, Republic of",2026,Total,195
Brazil,2023,January,4140
Brazil,2023,February,4250
Brazil,2023,March,5075
Brazil,2023,April,4895
Brazil,2023,May,5965
Brazil,2023,June,5455
Brazil,2023,July,4975
Brazil,2023,August,4730
Brazil,2023,September,4610
Brazil,2023,October,4035
Brazil,2023,November,3865
Brazil,2023,December,4450
Brazil,2023,Total,56445
Brazil,2024,January,4250
Brazil,2024,February,4090
Brazil,2024,March,4275
Brazil,2024,April,4710
Brazil,2024,May,5465
Brazil,2024,June,4470
Brazil,2024,July,4275
Brazil,2024,August,3565
Brazil,2024,September,3475
Brazil,2024,October,4160
Brazil,2024,November,2980
Brazil,2024,December,3230
Brazil,2024,Total,48940
Brazil,2025,January,4460
Brazil,2025,February,3460
Brazil,2025,March,3760
Brazil,2025,April,4075
Brazil,2025,May,4765
Brazil,2025,June,4120
Brazil,2025,July,3980
Brazil,2025,August,3640
Brazil,2025,September,3795
Brazil,2025,October,3730
Brazil,2025,November,3870
Brazil,2025,December,3755
Brazil,2025,Total,47415
Brazil,2026,January,4310
Brazil,2026,February,4040
Brazil,2026,March,5145
Brazil,2026,April,4770
Brazil,2026,May,5185
Brazil,2026,Total,23450
Brunei,2023,January,
Brunei,2023,February,
Brunei,2023,March,
Brunei,2023,April,10
Brunei,2023,May,15
Brunei,2023,June,
Brunei,2023,July,5
Brunei,2023,August,5
Brunei,2023,September,
Brunei,2023,October,
Brunei,2023,November,
Brunei,2023,December,
Brunei,2023,Total,55
Brunei,2024,January,
Brunei,2024,February,
Brunei,2024,March,
Brunei,2024,April,
Brunei,2024,May,
Brunei,2024,June,10
Brunei,2024,July,5
Brunei,2024,August,
Brunei,2024,September,0
Brunei,2024,October,
Brunei,2024,November,
Brunei,2024,December,0
Brunei,2024,Total,30
Brunei,2025,January,15
Brunei,2025,February,5
Brunei,2025,March,
Brunei,2025,April,
Brunei,2025,May,
Brunei,2025,June,
Brunei,2025,July,5
Brunei,2025,August,
Brunei,2025,September,0
Brunei,2025,October,
Brunei,2025,November,
Brunei,2025,December,0
Brunei,2025,Total,45
Brunei,2026,January,0
Brunei,2026,February,
Brunei,2026,March,
Brunei,2026,April,
Brunei,2026,May,
Brunei,2026,Total,5
Bulgaria,2023,January,30
Bulgaria,2023,February,30
Bulgaria,2023,March,25
Bulgaria,2023,April,30
Bulgaria,2023,May,30
Bulgaria,2023,June,20
Bulgaria,2023,July,20
Bulgaria,2023,August,35
Bulgaria,2023,September,35
Bulgaria,2023,October,20
Bulgaria,2023,November,20
Bulgaria,2023,December,20
Bulgaria,2023,Total,320
Bulgaria,2024,January,30
Bulgaria,2024,February,35
Bulgaria,2024,March,40
Bulgaria,2024,April,30
Bulgaria,2024,May,30
Bulgaria,2024,June,20
Bulgaria,2024,July,25
Bulgaria,2024,August,25
Bulgaria,2024,September,15
Bulgaria,2024,October,15
Bulgaria,2024,November,20
Bulgaria,2024,December,15
Bulgaria,2024,Total,305
Bulgaria,2025,January,35
Bulgaria,2025,February,25
Bulgaria,2025,March,20
Bulgaria,2025,April,25
Bulgaria,2025,May,25
Bulgaria,2025,June,35
Bulgaria,2025,July,30
Bulgaria,2025,August,10
Bulgaria,2025,September,15
Bulgaria,2025,October,15
Bulgaria,2025,November,15
Bulgaria,2025,December,15
Bulgaria,2025,Total,260
Bulgaria,2026,January,5
Bulgaria,2026,February,20
Bulgaria,2026,March,25
Bulgaria,2026,April,20
Bulgaria,2026,May,20
Bulgaria,2026,Total,90
Burkina-Faso,2023,January,460
Burkina-Faso,2023,February,515
Burkina-Faso,2023,March,705
Burkina-Faso,2023,April,695
Burkina-Faso,2023,May,895
Burkina-Faso,2023,June,1010
Burkina-Faso,2023,July,1065
Burkina-Faso,2023,August,1115
Burkina-Faso,2023,September,1050
Burkina-Faso,2023,October,1160
Burkina-Faso,2023,November,1265
Burkina-Faso,2023,December,1055
Burkina-Faso,2023,Total,10985
Burkina-Faso,2024,January,1075
Burkina-Faso,2024,February,1095
Burkina-Faso,2024,March,1120
Burkina-Faso,2024,April,1225
Burkina-Faso,2024,May,1485
Burkina-Faso,2024,June,1295
Burkina-Faso,2024,July,1195
Burkina-Faso,2024,August,1175
Burkina-Faso,2024,September,880
Burkina-Faso,2024,October,975
Burkina-Faso,2024,November,860
Burkina-Faso,2024,December,685
Burkina-Faso,2024,Total,13065
Burkina-Faso,2025,January,770
Burkina-Faso,2025,February,785
Burkina-Faso,2025,March,885
Burkina-Faso,2025,April,945
Burkina-Faso,2025,May,975
Burkina-Faso,2025,June,815
Burkina-Faso,2025,July,900
Burkina-Faso,2025,August,780
Burkina-Faso,2025,September,770
Burkina-Faso,2025,October,720
Burkina-Faso,2025,November,640
Burkina-Faso,2025,December,695
Burkina-Faso,2025,Total,9680
Burkina-Faso,2026,January,695
Burkina-Faso,2026,February,720
Burkina-Faso,2026,March,990
Burkina-Faso,2026,April,890
Burkina-Faso,2026,May,960
Burkina-Faso,2026,Total,4260
Burundi,2023,January,305
Burundi,2023,February,330
Burundi,2023,March,440
Burundi,2023,April,500
Burundi,2023,May,585
Burundi,2023,June,710
Burundi,2023,July,940
Burundi,2023,August,1070
Burundi,2023,September,1200
Burundi,2023,October,1605
Burundi,2023,November,1710
Burundi,2023,December,1490
Burundi,2023,Total,10895
Burundi,2024,January,1435
Burundi,2024,February,1560
Burundi,2024,March,1480
Burundi,2024,April,1270
Burundi,2024,May,1350
Burundi,2024,June,1105
Burundi,2024,July,1040
Burundi,2024,August,755
Burundi,2024,September,650
Burundi,2024,October,660
Burundi,2024,November,510
Burundi,2024,December,425
Burundi,2024,Total,12245
Burundi,2025,January,430
Burundi,2025,February,375
Burundi,2025,March,495
Burundi,2025,April,500
Burundi,2025,May,500
Burundi,2025,June,450
Burundi,2025,July,390
Burundi,2025,August,355
Burundi,2025,September,370
Burundi,2025,October,455
Burundi,2025,November,420
Burundi,2025,December,450
Burundi,2025,Total,5195
Burundi,2026,January,485
Burundi,2026,February,455
Burundi,2026,March,605
Burundi,2026,April,515
Burundi,2026,May,560
Burundi,2026,Total,2625
Cambodia,2023,January,180
Cambodia,2023,February,205
Cambodia,2023,March,325
Cambodia,2023,April,195
Cambodia,2023,May,325
Cambodia,2023,June,245
Cambodia,2023,July,290
Cambodia,2023,August,285
Cambodia,2023,September,260
Cambodia,2023,October,240
Cambodia,2023,November,275
Cambodia,2023,December,275
Cambodia,2023,Total,3095
Cambodia,2024,January,300
Cambodia,2024,February,300
Cambodia,2024,March,370
Cambodia,2024,April,320
Cambodia,2024,May,535
Cambodia,2024,June,450
Cambodia,2024,July,440
Cambodia,2024,August,425
Cambodia,2024,September,370
Cambodia,2024,October,335
Cambodia,2024,November,440
Cambodia,2024,December,325
Cambodia,2024,Total,4610
Cambodia,2025,January,295
Cambodia,2025,February,380
Cambodia,2025,March,360
Cambodia,2025,April,365
Cambodia,2025,May,365
Cambodia,2025,June,350
Cambodia,2025,July,435
Cambodia,2025,August,345
Cambodia,2025,September,345
Cambodia,2025,October,390
Cambodia,2025,November,285
Cambodia,2025,December,285
Cambodia,2025,Total,4205
Cambodia,2026,January,365
Cambodia,2026,February,340
Cambodia,2026,March,420
Cambodia,2026,April,330
Cambodia,2026,May,420
Cambodia,2026,Total,1880
Cape Verde Islands,2023,January,
Cape Verde Islands,2023,February,5
Cape Verde Islands,2023,March,
Cape Verde Islands,2023,April,
Cape Verde Islands,2023,May,10
Cape Verde Islands,2023,June,10
Cape Verde Islands,2023,July,
Cape Verde Islands,2023,August,5
Cape Verde Islands,2023,September,5
Cape Verde Islands,2023,October,5
Cape Verde Islands,2023,November,5
Cape Verde Islands,2023,December,
Cape Verde Islands,2023,Total,65
Cape Verde Islands,2024,January,5
Cape Verde Islands,2024,February,
Cape Verde Islands,2024,March,10
Cape Verde Islands,2024,April,10
Cape Verde Islands,2024,May,10
Cape Verde Islands,2024,June,20
Cape Verde Islands,2024,July,5
Cape Verde Islands,2024,August,10
Cape Verde Islands,2024,September,10
Cape Verde Islands,2024,October,5
Cape Verde Islands,2024,November,
Cape Verde Islands,2024,December,5
Cape Verde Islands,2024,Total,100
Cape Verde Islands,2025,January,
Cape Verde Islands,2025,February,5
Cape Verde Islands,2025,March,10
Cape Verde Islands,2025,April,5
Cape Verde Islands,2025,May,15
Cape Verde Islands,2025,June,10
Cape Verde Islands,2025,July,5
Cape Verde Islands,2025,August,
Cape Verde Islands,2025,September,
Cape Verde Islands,2025,October,
Cape Verde Islands,2025,November,5
Cape Verde Islands,2025,December,
Cape Verde Islands,2025,Total,75
Cape Verde Islands,2026,January,5
Cape Verde Islands,2026,February,5
Cape Verde Islands,2026,March,10
Cape Verde Islands,2026,April,5
Cape Verde Islands,2026,May,
Cape Verde Islands,2026,Total,35
Cayman Islands,2023,January,
Cayman Islands,2023,February,0
Cayman Islands,2023,March,
Cayman Islands,2023,April,0
Cayman Islands,2023,May,0
Cayman Islands,2023,June,
Cayman Islands,2023,July,
Cayman Islands,2023,August,
Cayman Islands,2023,September,0
Cayman Islands,2023,October,0
Cayman Islands,2023,November,0
Cayman Islands,2023,December,0
Cayman Islands,2023,Total,10
Cayman Islands,2024,January,0
Cayman Islands,2024,February,0
Cayman Islands,2024,March,0
Cayman Islands,2024,April,0
Cayman Islands,2024,May,0
Cayman Islands,2024,June,
Cayman Islands,2024,July,0
Cayman Islands,2024,August,
Cayman Islands,2024,September,0
Cayman Islands,2024,October,0
Cayman Islands,2024,November,0
Cayman Islands,2024,December,
Cayman Islands,2024,Total,
Cayman Islands,2025,January,0
Cayman Islands,2025,February,0
Cayman Islands,2025,March,0
Cayman Islands,2025,April,
Cayman Islands,2025,May,0
Cayman Islands,2025,June,
Cayman Islands,2025,July,0
Cayman Islands,2025,August,0
Cayman Islands,2025,September,0
Cayman Islands,2025,October,
Cayman Islands,2025,November,0
Cayman Islands,2025,December,
Cayman Islands,2025,Total,5
Cayman Islands,2026,January,0
Cayman Islands,2026,February,0
Cayman Islands,2026,March,0
Cayman Islands,2026,April,0
Cayman Islands,2026,May,0
Cayman Islands,2026,Total,0
Central African Republic,2023,January,20
Central African Republic,2023,February,30
Central African Republic,2023,March,35
Central African Republic,2023,April,35
Central African Republic,2023,May,40
Central African Republic,2023,June,70
Central African Republic,2023,July,55
Central African Republic,2023,August,50
Central African Republic,2023,September,45
Central African Republic,2023,October,45
Central African Republic,2023,November,45
Central African Republic,2023,December,55
Central African Republic,2023,Total,530
Central African Republic,2024,January,45
Central African Republic,2024,February,40
Central African Republic,2024,March,45
Central African Republic,2024,April,50
Central African Republic,2024,May,50
Central African Republic,2024,June,55
Central African Republic,2024,July,55
Central African Republic,2024,August,45
Central African Republic,2024,September,35
Central African Republic,2024,October,40
Central African Republic,2024,November,20
Central African Republic,2024,December,15
Central African Republic,2024,Total,490
Central African Republic,2025,January,20
Central African Republic,2025,February,30
Central African Republic,2025,March,40
Central African Republic,2025,April,30
Central African Republic,2025,May,50
Central African Republic,2025,June,40
Central African Republic,2025,July,55
Central African Republic,2025,August,40
Central African Republic,2025,September,35
Central African Republic,2025,October,30
Central African Republic,2025,November,45
Central African Republic,2025,December,30
Central African Republic,2025,Total,445
Central African Republic,2026,January,45
Central African Republic,2026,February,40
Central African Republic,2026,March,50
Central African Republic,2026,April,50
Central African Republic,2026,May,35
Central African Republic,2026,Total,220
"Chad, Republic of",2023,January,245
"Chad, Republic of",2023,February,270
"Chad, Republic of",2023,March,430
"Chad, Republic of",2023,April,395
"Chad, Republic of",2023,May,495
"Chad, Republic of",2023,June,785
"Chad, Republic of",2023,July,940
"Chad, Republic of",2023,August,1150
"Chad, Republic of",2023,September,1000
"Chad, Republic of",2023,October,1040
"Chad, Republic of",2023,November,1080
"Chad, Republic of",2023,December,905
"Chad, Republic of",2023,Total,8735
"Chad, Republic of",2024,January,650
"Chad, Republic of",2024,February,600
"Chad, Republic of",2024,March,505
"Chad, Republic of",2024,April,405
"Chad, Republic of",2024,May,455
"Chad, Republic of",2024,June,515
"Chad, Republic of",2024,July,560
"Chad, Republic of",2024,August,525
"Chad, Republic of",2024,September,395
"Chad, Republic of",2024,October,455
"Chad, Republic of",2024,November,305
"Chad, Republic of",2024,December,240
"Chad, Republic of",2024,Total,5615
"Chad, Republic of",2025,January,305
"Chad, Republic of",2025,February,250
"Chad, Republic of",2025,March,280
"Chad, Republic of",2025,April,275
"Chad, Republic of",2025,May,330
"Chad, Republic of",2025,June,285
"Chad, Republic of",2025,July,285
"Chad, Republic of",2025,August,265
"Chad, Republic of",2025,September,315
"Chad, Republic of",2025,October,310
"Chad, Republic of",2025,November,300
"Chad, Republic of",2025,December,255
"Chad, Republic of",2025,Total,3450
"Chad, Republic of",2026,January,280
"Chad, Republic of",2026,February,255
"Chad, Republic of",2026,March,280
"Chad, Republic of",2026,April,330
"Chad, Republic of",2026,May,330
"Chad, Republic of",2026,Total,1470
Chile,2023,January,560
Chile,2023,February,1640
Chile,2023,March,1610
Chile,2023,April,670
Chile,2023,May,760
Chile,2023,June,845
Chile,2023,July,695
Chile,2023,August,680
Chile,2023,September,1355
Chile,2023,October,2220
Chile,2023,November,1045
Chile,2023,December,540
Chile,2023,Total,12620
Chile,2024,January,650
Chile,2024,February,900
Chile,2024,March,870
Chile,2024,April,835
Chile,2024,May,940
Chile,2024,June,720
Chile,2024,July,1115
Chile,2024,August,3045
Chile,2024,September,1525
Chile,2024,October,840
Chile,2024,November,575
Chile,2024,December,565
Chile,2024,Total,12580
Chile,2025,January,770
Chile,2025,February,970
Chile,2025,March,840
Chile,2025,April,1140
Chile,2025,May,1005
Chile,2025,June,770
Chile,2025,July,745
Chile,2025,August,745
Chile,2025,September,670
Chile,2025,October,770
Chile,2025,November,695
Chile,2025,December,685
Chile,2025,Total,9800
Chile,2026,January,685
Chile,2026,February,1035
Chile,2026,March,1075
Chile,2026,April,870
Chile,2026,May,960
Chile,2026,Total,4625
Colombia,2023,January,6940
Colombia,2023,February,8275
Colombia,2023,March,9315
Colombia,2023,April,8635
Colombia,2023,May,9550
Colombia,2023,June,8725
Colombia,2023,July,7695
Colombia,2023,August,8075
Colombia,2023,September,8210
Colombia,2023,October,7515
Colombia,2023,November,7410
Colombia,2023,December,7455
Colombia,2023,Total,97795
Colombia,2024,January,7680
Colombia,2024,February,8875
Colombia,2024,March,8985
Colombia,2024,April,10035
Colombia,2024,May,11270
Colombia,2024,June,8735
Colombia,2024,July,9475
Colombia,2024,August,8950
Colombia,2024,September,8345
Colombia,2024,October,9025
Colombia,2024,November,7650
Colombia,2024,December,6515
Colombia,2024,Total,105550
Colombia,2025,January,9115
Colombia,2025,February,8930
Colombia,2025,March,9920
Colombia,2025,April,9705
Colombia,2025,May,10730
Colombia,2025,June,8125
Colombia,2025,July,9345
Colombia,2025,August,7755
Colombia,2025,September,7815
Colombia,2025,October,8635
Colombia,2025,November,8070
Colombia,2025,December,7510
Colombia,2025,Total,105655
Colombia,2026,January,8600
Colombia,2026,February,9865
Colombia,2026,March,10965
Colombia,2026,April,11005
Colombia,2026,May,11305
Colombia,2026,Total,51745
Commonwealth of the Northern Mariana Islands,2023,January,
Commonwealth of the Northern Mariana Islands,2023,February,
Commonwealth of the Northern Mariana Islands,2023,March,
Commonwealth of the Northern Mariana Islands,2023,April,0
Commonwealth of the Northern Mariana Islands,2023,May,
Commonwealth of the Northern Mariana Islands,2023,June,
Commonwealth of the Northern Mariana Islands,2023,July,
Commonwealth of the Northern Mariana Islands,2023,August,
Commonwealth of the Northern Mariana Islands,2023,September,
Commonwealth of the Northern Mariana Islands,2023,October,0
Commonwealth of the Northern Mariana Islands,2023,November,
Commonwealth of the Northern Mariana Islands,2023,December,0
Commonwealth of the Northern Mariana Islands,2023,Total,10
Commonwealth of the Northern Mariana Islands,2024,January,
Commonwealth of the Northern Mariana Islands,2024,February,0
Commonwealth of the Northern Mariana Islands,2024,March,
Commonwealth of the Northern Mariana Islands,2024,April,
Commonwealth of the Northern Mariana Islands,2024,May,
Commonwealth of the Northern Mariana Islands,2024,June,
Commonwealth of the Northern Mariana Islands,2024,July,0
Commonwealth of the Northern Mariana Islands,2024,August,
Commonwealth of the Northern Mariana Islands,2024,September,
Commonwealth of the Northern Mariana Islands,2024,October,0
Commonwealth of the Northern Mariana Islands,2024,November,0
Commonwealth of the Northern Mariana Islands,2024,December,0
Commonwealth of the Northern Mariana Islands,2024,Total,10
Commonwealth of the Northern Mariana Islands,2025,January,0
Commonwealth of the Northern Mariana Islands,2025,February,
Commonwealth of the Northern Mariana Islands,2025,March,0
Commonwealth of the Northern Mariana Islands,2025,April,
Commonwealth of the Northern Mariana Islands,2025,May,0
Commonwealth of the Northern Mariana Islands,2025,June,0
Commonwealth of the Northern Mariana Islands,2025,July,0
Commonwealth of the Northern Mariana Islands,2025,August,0
Commonwealth of the Northern Mariana Islands,2025,September,
Commonwealth of the Northern Mariana Islands,2025,October,
Commonwealth of the Northern Mariana Islands,2025,November,0
Commonwealth of the Northern Mariana Islands,2025,December,
Commonwealth of the Northern Mariana Islands,2025,Total,5
Commonwealth of the Northern Mariana Islands,2026,January,
Commonwealth of the Northern Mariana Islands,2026,February,
Commonwealth of the Northern Mariana Islands,2026,March,
Commonwealth of the Northern Mariana Islands,2026,April,0
Commonwealth of the Northern Mariana Islands,2026,May,
Commonwealth of the Northern Mariana Islands,2026,Total,10
Comoros,2023,January,15
Comoros,2023,February,15
Comoros,2023,March,15
Comoros,2023,April,15
Comoros,2023,May,35
Comoros,2023,June,35
Comoros,2023,July,30
Comoros,2023,August,20
Comoros,2023,September,30
Comoros,2023,October,15
Comoros,2023,November,20
Comoros,2023,December,25
Comoros,2023,Total,255
Comoros,2024,January,20
Comoros,2024,February,15
Comoros,2024,March,25
Comoros,2024,April,15
Comoros,2024,May,45
Comoros,2024,June,35
Comoros,2024,July,40
Comoros,2024,August,20
Comoros,2024,September,15
Comoros,2024,October,20
Comoros,2024,November,10
Comoros,2024,December,20
Comoros,2024,Total,285
Comoros,2025,January,25
Comoros,2025,February,20
Comoros,2025,March,15
Comoros,2025,April,50
Comoros,2025,May,15
Comoros,2025,June,25
Comoros,2025,July,35
Comoros,2025,August,25
Comoros,2025,September,15
Comoros,2025,October,10
Comoros,2025,November,20
Comoros,2025,December,15
Comoros,2025,Total,275
Comoros,2026,January,10
Comoros,2026,February,20
Comoros,2026,March,25
Comoros,2026,April,25
Comoros,2026,May,25
Comoros,2026,Total,100
"Congo, Democratic Republic of the",2023,January,1915
"Congo, Democratic Republic of the",2023,February,2505
"Congo, Democratic Republic of the",2023,March,3390
"Congo, Democratic Republic of the",2023,April,3350
"Congo, Democratic Republic of the",2023,May,4215
"Congo, Democratic Republic of the",2023,June,4850
"Congo, Democratic Republic of the",2023,July,4695
"Congo, Democratic Republic of the",2023,August,4700
"Congo, Democratic Republic of the",2023,September,4035
"Congo, Democratic Republic of the",2023,October,4910
"Congo, Democratic Republic of the",2023,November,5270
"Congo, Democratic Republic of the",2023,December,4440
"Congo, Democratic Republic of the",2023,Total,48275
"Congo, Democratic Republic of the",2024,January,4380
"Congo, Democratic Republic of the",2024,February,5140
"Congo, Democratic Republic of the",2024,March,5690
"Congo, Democratic Republic of the",2024,April,5470
"Congo, Democratic Republic of the",2024,May,5915
"Congo, Democratic Republic of the",2024,June,5760
"Congo, Democratic Republic of the",2024,July,5585
"Congo, Democratic Republic of the",2024,August,4900
"Congo, Democratic Republic of the",2024,September,4270
"Congo, Democratic Republic of the",2024,October,4570
"Congo, Democratic Republic of the",2024,November,3660
"Congo, Democratic Republic of the",2024,December,3095
"Congo, Democratic Republic of the",2024,Total,58425
"Congo, Democratic Republic of the",2025,January,3025
"Congo, Democratic Republic of the",2025,February,3160
"Congo, Democratic Republic of the",2025,March,3750
"Congo, Democratic Republic of the",2025,April,3510
"Congo, Democratic Republic of the",2025,May,3900
"Congo, Democratic Republic of the",2025,June,3790
"Congo, Democratic Republic of the",2025,July,3680
"Congo, Democratic Republic of the",2025,August,3015
"Congo, Democratic Republic of the",2025,September,2885
"Congo, Democratic Republic of the",2025,October,3150
"Congo, Democratic Republic of the",2025,November,2990
"Congo, Democratic Republic of the",2025,December,2890
"Congo, Democratic Republic of the",2025,Total,39740
"Congo, Democratic Republic of the",2026,January,3030
"Congo, Democratic Republic of the",2026,February,3770
"Congo, Democratic Republic of the",2026,March,4875
"Congo, Democratic Republic of the",2026,April,4765
"Congo, Democratic Republic of the",2026,May,4905
"Congo, Democratic Republic of the",2026,Total,21350
"Congo, People's Republic of the",2023,January,170
"Congo, People's Republic of the",2023,February,240
"Congo, People's Republic of the",2023,March,355
"Congo, People's Republic of the",2023,April,370
"Congo, People's Republic of the",2023,May,450
"Congo, People's Republic of the",2023,June,495
"Congo, People's Republic of the",2023,July,515
"Congo, People's Republic of the",2023,August,480
"Congo, People's Republic of the",2023,September,425
"Congo, People's Republic of the",2023,October,440
"Congo, People's Republic of the",2023,November,520
"Congo, People's Republic of the",2023,December,435
"Congo, People's Republic of the",2023,Total,4890
"Congo, People's Republic of the",2024,January,430
"Congo, People's Republic of the",2024,February,510
"Congo, People's Republic of the",2024,March,530
"Congo, People's Republic of the",2024,April,510
"Congo, People's Republic of the",2024,May,705
"Congo, People's Republic of the",2024,June,640
"Congo, People's Republic of the",2024,July,625
"Congo, People's Republic of the",2024,August,580
"Congo, People's Republic of the",2024,September,410
"Congo, People's Republic of the",2024,October,510
"Congo, People's Republic of the",2024,November,450
"Congo, People's Republic of the",2024,December,380
"Congo, People's Republic of the",2024,Total,6290
"Congo, People's Republic of the",2025,January,375
"Congo, People's Republic of the",2025,February,370
"Congo, People's Republic of the",2025,March,380
"Congo, People's Republic of the",2025,April,410
"Congo, People's Republic of the",2025,May,430
"Congo, People's Republic of the",2025,June,450
"Congo, People's Republic of the",2025,July,505
"Congo, People's Republic of the",2025,August,400
"Congo, People's Republic of the",2025,September,330
"Congo, People's Republic of the",2025,October,360
"Congo, People's Republic of the",2025,November,365
"Congo, People's Republic of the",2025,December,310
"Congo, People's Republic of the",2025,Total,4685
"Congo, People's Republic of the",2026,January,355
"Congo, People's Republic of the",2026,February,325
"Congo, People's Republic of the",2026,March,460
"Congo, People's Republic of the",2026,April,445
"Congo, People's Republic of the",2026,May,420
"Congo, People's Republic of the",2026,Total,2005
Costa Rica,2023,January,705
Costa Rica,2023,February,720
Costa Rica,2023,March,760
Costa Rica,2023,April,870
Costa Rica,2023,May,890
Costa Rica,2023,June,520
Costa Rica,2023,July,435
Costa Rica,2023,August,935
Costa Rica,2023,September,350
Costa Rica,2023,October,290
Costa Rica,2023,November,300
Costa Rica,2023,December,275
Costa Rica,2023,Total,7060
Costa Rica,2024,January,365
Costa Rica,2024,February,385
Costa Rica,2024,March,385
Costa Rica,2024,April,425
Costa Rica,2024,May,470
Costa Rica,2024,June,340
Costa Rica,2024,July,995
Costa Rica,2024,August,900
Costa Rica,2024,September,430
Costa Rica,2024,October,465
Costa Rica,2024,November,325
Costa Rica,2024,December,280
Costa Rica,2024,Total,5755
Costa Rica,2025,January,360
Costa Rica,2025,February,430
Costa Rica,2025,March,430
Costa Rica,2025,April,420
Costa Rica,2025,May,390
Costa Rica,2025,June,480
Costa Rica,2025,July,350
Costa Rica,2025,August,475
Costa Rica,2025,September,410
Costa Rica,2025,October,425
Costa Rica,2025,November,330
Costa Rica,2025,December,345
Costa Rica,2025,Total,4840
Costa Rica,2026,January,365
Costa Rica,2026,February,485
Costa Rica,2026,March,500
Costa Rica,2026,April,515
Costa Rica,2026,May,580
Costa Rica,2026,Total,2445
Croatia,2023,January,70
Croatia,2023,February,50
Croatia,2023,March,40
Croatia,2023,April,45
Croatia,2023,May,45
Croatia,2023,June,50
Croatia,2023,July,35
Croatia,2023,August,50
Croatia,2023,September,50
Croatia,2023,October,45
Croatia,2023,November,35
Croatia,2023,December,35
Croatia,2023,Total,555
Croatia,2024,January,40
Croatia,2024,February,30
Croatia,2024,March,35
Croatia,2024,April,25
Croatia,2024,May,45
Croatia,2024,June,40
Croatia,2024,July,45
Croatia,2024,August,35
Croatia,2024,September,35
Croatia,2024,October,35
Croatia,2024,November,25
Croatia,2024,December,25
Croatia,2024,Total,410
Croatia,2025,January,40
Croatia,2025,February,40
Croatia,2025,March,40
Croatia,2025,April,80
Croatia,2025,May,40
Croatia,2025,June,30
Croatia,2025,July,40
Croatia,2025,August,20
Croatia,2025,September,35
Croatia,2025,October,45
Croatia,2025,November,25
Croatia,2025,December,20
Croatia,2025,Total,455
Croatia,2026,January,40
Croatia,2026,February,40
Croatia,2026,March,50
Croatia,2026,April,55
Croatia,2026,May,30
Croatia,2026,Total,210
Cuba,2023,January,680
Cuba,2023,February,700
Cuba,2023,March,810
Cuba,2023,April,750
Cuba,2023,May,780
Cuba,2023,June,895
Cuba,2023,July,800
Cuba,2023,August,880
Cuba,2023,September,770
Cuba,2023,October,805
Cuba,2023,November,825
Cuba,2023,December,720
Cuba,2023,Total,9420
Cuba,2024,January,765
Cuba,2024,February,880
Cuba,2024,March,1005
Cuba,2024,April,1175
Cuba,2024,May,1195
Cuba,2024,June,1185
Cuba,2024,July,975
Cuba,2024,August,940
Cuba,2024,September,850
Cuba,2024,October,860
Cuba,2024,November,780
Cuba,2024,December,695
Cuba,2024,Total,11300
Cuba,2025,January,780
Cuba,2025,February,690
Cuba,2025,March,865
Cuba,2025,April,850
Cuba,2025,May,845
Cuba,2025,June,885
Cuba,2025,July,910
Cuba,2025,August,805
Cuba,2025,September,715
Cuba,2025,October,780
Cuba,2025,November,825
Cuba,2025,December,710
Cuba,2025,Total,9660
Cuba,2026,January,755
Cuba,2026,February,785
Cuba,2026,March,890
Cuba,2026,April,850
Cuba,2026,May,900
Cuba,2026,Total,4180
Curacao,2023,January,0
Curacao,2023,February,0
Curacao,2023,March,0
Curacao,2023,April,0
Curacao,2023,May,0
Curacao,2023,June,0
Curacao,2023,July,0
Curacao,2023,August,0
Curacao,2023,September,0
Curacao,2023,October,0
Curacao,2023,November,0
Curacao,2023,December,0
Curacao,2023,Total,0
Curacao,2024,January,0
Curacao,2024,February,0
Curacao,2024,March,0
Curacao,2024,April,0
Curacao,2024,May,0
Curacao,2024,June,0
Curacao,2024,July,0
Curacao,2024,August,0
Curacao,2024,September,0
Curacao,2024,October,
Curacao,2024,November,0
Curacao,2024,December,0
Curacao,2024,Total,
Curacao,2025,January,0
Curacao,2025,February,0
Curacao,2025,March,0
Curacao,2025,April,0
Curacao,2025,May,0
Curacao,2025,June,
Curacao,2025,July,
Curacao,2025,August,
Curacao,2025,September,0
Curacao,2025,October,0
Curacao,2025,November,0
Curacao,2025,December,0
Curacao,2025,Total,
Curacao,2026,January,
Curacao,2026,February,0
Curacao,2026,March,
Curacao,2026,April,0
Curacao,2026,May,0
Curacao,2026,Total,
Cyprus,2023,January,5
Cyprus,2023,February,5
Cyprus,2023,March,10
Cyprus,2023,April,
Cyprus,2023,May,15
Cyprus,2023,June,15
Cyprus,2023,July,10
Cyprus,2023,August,5
Cyprus,2023,September,10
Cyprus,2023,October,5
Cyprus,2023,November,5
Cyprus,2023,December,5
Cyprus,2023,Total,100
Cyprus,2024,January,5
Cyprus,2024,February,15
Cyprus,2024,March,10
Cyprus,2024,April,10
Cyprus,2024,May,10
Cyprus,2024,June,
Cyprus,2024,July,20
Cyprus,2024,August,5
Cyprus,2024,September,5
Cyprus,2024,October,
Cyprus,2024,November,5
Cyprus,2024,December,
Cyprus,2024,Total,90
Cyprus,2025,January,5
Cyprus,2025,February,5
Cyprus,2025,March,
Cyprus,2025,April,
Cyprus,2025,May,5
Cyprus,2025,June,5
Cyprus,2025,July,10
Cyprus,2025,August,5
Cyprus,2025,September,10
Cyprus,2025,October,
Cyprus,2025,November,
Cyprus,2025,December,5
Cyprus,2025,Total,70
Cyprus,2026,January,
Cyprus,2026,February,5
Cyprus,2026,March,10
Cyprus,2026,April,
Cyprus,2026,May,5
Cyprus,2026,Total,25
Czech Republic,2023,January,260
Czech Republic,2023,February,255
Czech Republic,2023,March,195
Czech Republic,2023,April,190
Czech Republic,2023,May,170
Czech Republic,2023,June,140
Czech Republic,2023,July,130
Czech Republic,2023,August,155
Czech Republic,2023,September,155
Czech Republic,2023,October,155
Czech Republic,2023,November,90
Czech Republic,2023,December,55
Czech Republic,2023,Total,1950
Czech Republic,2024,January,230
Czech Republic,2024,February,220
Czech Republic,2024,March,190
Czech Republic,2024,April,155
Czech Republic,2024,May,160
Czech Republic,2024,June,115
Czech Republic,2024,July,155
Czech Republic,2024,August,120
Czech Republic,2024,September,135
Czech Republic,2024,October,130
Czech Republic,2024,November,80
Czech Republic,2024,December,55
Czech Republic,2024,Total,1740
Czech Republic,2025,January,80
Czech Republic,2025,February,170
Czech Republic,2025,March,300
Czech Republic,2025,April,190
Czech Republic,2025,May,175
Czech Republic,2025,June,120
Czech Republic,2025,July,125
Czech Republic,2025,August,125
Czech Republic,2025,September,125
Czech Republic,2025,October,120
Czech Republic,2025,November,90
Czech Republic,2025,December,45
Czech Republic,2025,Total,1655
Czech Republic,2026,January,90
Czech Republic,2026,February,260
Czech Republic,2026,March,205
Czech Republic,2026,April,190
Czech Republic,2026,May,155
Czech Republic,2026,Total,905
Democratic Republic of Sudan,2023,January,245
Democratic Republic of Sudan,2023,February,295
Democratic Republic of Sudan,2023,March,365
Democratic Republic of Sudan,2023,April,345
Democratic Republic of Sudan,2023,May,37580
Democratic Republic of Sudan,2023,June,1215
Democratic Republic of Sudan,2023,July,1005
Democratic Republic of Sudan,2023,August,790
Democratic Republic of Sudan,2023,September,570
Democratic Republic of Sudan,2023,October,630
Democratic Republic of Sudan,2023,November,525
Democratic Republic of Sudan,2023,December,480
Democratic Republic of Sudan,2023,Total,44040
Democratic Republic of Sudan,2024,January,540
Democratic Republic of Sudan,2024,February,545
Democratic Republic of Sudan,2024,March,455
Democratic Republic of Sudan,2024,April,380
Democratic Republic of Sudan,2024,May,570
Democratic Republic of Sudan,2024,June,500
Democratic Republic of Sudan,2024,July,570
Democratic Republic of Sudan,2024,August,550
Democratic Republic of Sudan,2024,September,550
Democratic Republic of Sudan,2024,October,535
Democratic Republic of Sudan,2024,November,480
Democratic Republic of Sudan,2024,December,410
Democratic Republic of Sudan,2024,Total,6075
Democratic Republic of Sudan,2025,January,405
Democratic Republic of Sudan,2025,February,330
Democratic Republic of Sudan,2025,March,315
Democratic Republic of Sudan,2025,April,330
Democratic Republic of Sudan,2025,May,480
Democratic Republic of Sudan,2025,June,405
Democratic Republic of Sudan,2025,July,465
Democratic Republic of Sudan,2025,August,430
Democratic Republic of Sudan,2025,September,450
Democratic Republic of Sudan,2025,October,365
Democratic Republic of Sudan,2025,November,325
Democratic Republic of Sudan,2025,December,380
Democratic Republic of Sudan,2025,Total,4685
Democratic Republic of Sudan,2026,January,350
Democratic Republic of Sudan,2026,February,330
Democratic Republic of Sudan,2026,March,395
Democratic Republic of Sudan,2026,April,400
Democratic Republic of Sudan,2026,May,470
Democratic Republic of Sudan,2026,Total,1940
Denmark,2023,January,80
Denmark,2023,February,80
Denmark,2023,March,60
Denmark,2023,April,100
Denmark,2023,May,90
Denmark,2023,June,90
Denmark,2023,July,75
Denmark,2023,August,50
Denmark,2023,September,50
Denmark,2023,October,50
Denmark,2023,November,15
Denmark,2023,December,35
Denmark,2023,Total,775
Denmark,2024,January,80
Denmark,2024,February,70
Denmark,2024,March,70
Denmark,2024,April,85
Denmark,2024,May,85
Denmark,2024,June,75
Denmark,2024,July,85
Denmark,2024,August,45
Denmark,2024,September,30
Denmark,2024,October,35
Denmark,2024,November,15
Denmark,2024,December,25
Denmark,2024,Total,710
Denmark,2025,January,80
Denmark,2025,February,65
Denmark,2025,March,55
Denmark,2025,April,85
Denmark,2025,May,65
Denmark,2025,June,80
Denmark,2025,July,65
Denmark,2025,August,60
Denmark,2025,September,35
Denmark,2025,October,50
Denmark,2025,November,25
Denmark,2025,December,35
Denmark,2025,Total,705
Denmark,2026,January,10
Denmark,2026,February,135
Denmark,2026,March,75
Denmark,2026,April,115
Denmark,2026,May,85
Denmark,2026,Total,415
Dominica,2023,January,170
Dominica,2023,February,215
Dominica,2023,March,185
Dominica,2023,April,115
Dominica,2023,May,140
Dominica,2023,June,135
Dominica,2023,July,165
Dominica,2023,August,195
Dominica,2023,September,265
Dominica,2023,October,170
Dominica,2023,November,145
Dominica,2023,December,155
Dominica,2023,Total,2060
Dominica,2024,January,170
Dominica,2024,February,165
Dominica,2024,March,170
Dominica,2024,April,135
Dominica,2024,May,170
Dominica,2024,June,140
Dominica,2024,July,130
Dominica,2024,August,115
Dominica,2024,September,120
Dominica,2024,October,95
Dominica,2024,November,125
Dominica,2024,December,110
Dominica,2024,Total,1645
Dominica,2025,January,115
Dominica,2025,February,200
Dominica,2025,March,205
Dominica,2025,April,110
Dominica,2025,May,135
Dominica,2025,June,75
Dominica,2025,July,80
Dominica,2025,August,115
Dominica,2025,September,100
Dominica,2025,October,105
Dominica,2025,November,105
Dominica,2025,December,120
Dominica,2025,Total,1455
Dominica,2026,January,105
Dominica,2026,February,120
Dominica,2026,March,105
Dominica,2026,April,150
Dominica,2026,May,155
Dominica,2026,Total,635
Dominican Republic,2023,January,965
Dominican Republic,2023,February,1060
Dominican Republic,2023,March,1220
Dominican Republic,2023,April,1135
Dominican Republic,2023,May,1485
Dominican Republic,2023,June,1380
Dominican Republic,2023,July,1350
Dominican Republic,2023,August,1260
Dominican Republic,2023,September,1225
Dominican Republic,2023,October,1235
Dominican Republic,2023,November,1100
Dominican Republic,2023,December,1195
Dominican Republic,2023,Total,14605
Dominican Republic,2024,January,1365
Dominican Republic,2024,February,1550
Dominican Republic,2024,March,1750
Dominican Republic,2024,April,1675
Dominican Republic,2024,May,2060
Dominican Republic,2024,June,1755
Dominican Republic,2024,July,1910
Dominican Republic,2024,August,1715
Dominican Republic,2024,September,1460
Dominican Republic,2024,October,1430
Dominican Republic,2024,November,1120
Dominican Republic,2024,December,985
Dominican Republic,2024,Total,18775
Dominican Republic,2025,January,1270
Dominican Republic,2025,February,1180
Dominican Republic,2025,March,1315
Dominican Republic,2025,April,1305
Dominican Republic,2025,May,1725
Dominican Republic,2025,June,1465
Dominican Republic,2025,July,1990
Dominican Republic,2025,August,1685
Dominican Republic,2025,September,1535
Dominican Republic,2025,October,1570
Dominican Republic,2025,November,1285
Dominican Republic,2025,December,1280
Dominican Republic,2025,Total,17605
Dominican Republic,2026,January,1475
Dominican Republic,2026,February,1525
Dominican Republic,2026,March,1880
Dominican Republic,2026,April,1720
Dominican Republic,2026,May,1835
Dominican Republic,2026,Total,8435
"East Timor, Democratic Republic of",2023,January,0
"East Timor, Democratic Republic of",2023,February,
"East Timor, Democratic Republic of",2023,March,
"East Timor, Democratic Republic of",2023,April,
"East Timor, Democratic Republic of",2023,May,10
"East Timor, Democratic Republic of",2023,June,10
"East Timor, Democratic Republic of",2023,July,
"East Timor, Democratic Republic of",2023,August,
"East Timor, Democratic Republic of",2023,September,
"East Timor, Democratic Republic of",2023,October,0
"East Timor, Democratic Republic of",2023,November,
"East Timor, Democratic Republic of",2023,December,
"East Timor, Democratic Republic of",2023,Total,35
"East Timor, Democratic Republic of",2024,January,5
"East Timor, Democratic Republic of",2024,February,5
"East Timor, Democratic Republic of",2024,March,
"East Timor, Democratic Republic of",2024,April,
"East Timor, Democratic Republic of",2024,May,5
"East Timor, Democratic Republic of",2024,June,5
"East Timor, Democratic Republic of",2024,July,
"East Timor, Democratic Republic of",2024,August,
"East Timor, Democratic Republic of",2024,September,0
"East Timor, Democratic Republic of",2024,October,
"East Timor, Democratic Republic of",2024,November,0
"East Timor, Democratic Republic of",2024,December,
"East Timor, Democratic Republic of",2024,Total,30
"East Timor, Democratic Republic of",2025,January,
"East Timor, Democratic Republic of",2025,February,
"East Timor, Democratic Republic of",2025,March,
"East Timor, Democratic Republic of",2025,April,
"East Timor, Democratic Republic of",2025,May,
"East Timor, Democratic Republic of",2025,June,5
"East Timor, Democratic Republic of",2025,July,0
"East Timor, Democratic Republic of",2025,August,
"East Timor, Democratic Republic of",2025,September,5
"East Timor, Democratic Republic of",2025,October,
"East Timor, Democratic Republic of",2025,November,
"East Timor, Democratic Republic of",2025,December,
"East Timor, Democratic Republic of",2025,Total,40
"East Timor, Democratic Republic of",2026,January,0
"East Timor, Democratic Republic of",2026,February,
"East Timor, Democratic Republic of",2026,March,
"East Timor, Democratic Republic of",2026,April,
"East Timor, Democratic Republic of",2026,May,
"East Timor, Democratic Republic of",2026,Total,10
Ecuador,2023,January,1200
Ecuador,2023,February,1180
Ecuador,2023,March,1565
Ecuador,2023,April,1470
Ecuador,2023,May,1725
Ecuador,2023,June,1620
Ecuador,2023,July,1340
Ecuador,2023,August,1365
Ecuador,2023,September,1410
Ecuador,2023,October,1400
Ecuador,2023,November,1355
Ecuador,2023,December,1440
Ecuador,2023,Total,17065
Ecuador,2024,January,1580
Ecuador,2024,February,1510
Ecuador,2024,March,1670
Ecuador,2024,April,1710
Ecuador,2024,May,2140
Ecuador,2024,June,1610
Ecuador,2024,July,1650
Ecuador,2024,August,1415
Ecuador,2024,September,1495
Ecuador,2024,October,1410
Ecuador,2024,November,1225
Ecuador,2024,December,1195
Ecuador,2024,Total,18610
Ecuador,2025,January,1555
Ecuador,2025,February,1450
Ecuador,2025,March,1655
Ecuador,2025,April,1605
Ecuador,2025,May,2070
Ecuador,2025,June,1795
Ecuador,2025,July,1785
Ecuador,2025,August,1645
Ecuador,2025,September,1535
Ecuador,2025,October,1835
Ecuador,2025,November,1680
Ecuador,2025,December,1740
Ecuador,2025,Total,20360
Ecuador,2026,January,1925
Ecuador,2026,February,1875
Ecuador,2026,March,2185
Ecuador,2026,April,2170
Ecuador,2026,May,2255
Ecuador,2026,Total,10405
Egypt,2023,January,1710
Egypt,2023,February,1745
Egypt,2023,March,2035
Egypt,2023,April,1760
Egypt,2023,May,2335
Egypt,2023,June,2270
Egypt,2023,July,2175
Egypt,2023,August,2155
Egypt,2023,September,2035
Egypt,2023,October,1950
Egypt,2023,November,1920
Egypt,2023,December,1885
Egypt,2023,Total,23970
Egypt,2024,January,1925
Egypt,2024,February,2075
Egypt,2024,March,2165
Egypt,2024,April,1960
Egypt,2024,May,2430
Egypt,2024,June,1945
Egypt,2024,July,2110
Egypt,2024,August,2010
Egypt,2024,September,1950
Egypt,2024,October,1930
Egypt,2024,November,1850
Egypt,2024,December,1765
Egypt,2024,Total,24110
Egypt,2025,January,2105
Egypt,2025,February,1980
Egypt,2025,March,2130
Egypt,2025,April,2010
Egypt,2025,May,2485
Egypt,2025,June,2070
Egypt,2025,July,2120
Egypt,2025,August,1930
Egypt,2025,September,1900
Egypt,2025,October,1960
Egypt,2025,November,1925
Egypt,2025,December,2010
Egypt,2025,Total,24625
Egypt,2026,January,2025
Egypt,2026,February,2140
Egypt,2026,March,2410
Egypt,2026,April,2640
Egypt,2026,May,2860
Egypt,2026,Total,12080
El Salvador,2023,January,490
El Salvador,2023,February,575
El Salvador,2023,March,580
El Salvador,2023,April,465
El Salvador,2023,May,575
El Salvador,2023,June,635
El Salvador,2023,July,510
El Salvador,2023,August,540
El Salvador,2023,September,425
El Salvador,2023,October,420
El Salvador,2023,November,400
El Salvador,2023,December,465
El Salvador,2023,Total,6085
El Salvador,2024,January,590
El Salvador,2024,February,630
El Salvador,2024,March,645
El Salvador,2024,April,660
El Salvador,2024,May,720
El Salvador,2024,June,685
El Salvador,2024,July,605
El Salvador,2024,August,530
El Salvador,2024,September,565
El Salvador,2024,October,575
El Salvador,2024,November,450
El Salvador,2024,December,385
El Salvador,2024,Total,7045
El Salvador,2025,January,550
El Salvador,2025,February,515
El Salvador,2025,March,725
El Salvador,2025,April,655
El Salvador,2025,May,725
El Salvador,2025,June,640
El Salvador,2025,July,745
El Salvador,2025,August,520
El Salvador,2025,September,565
El Salvador,2025,October,615
El Salvador,2025,November,575
El Salvador,2025,December,465
El Salvador,2025,Total,7290
El Salvador,2026,January,665
El Salvador,2026,February,605
El Salvador,2026,March,750
El Salvador,2026,April,755
El Salvador,2026,May,695
El Salvador,2026,Total,3470
Equatorial Guinea,2023,January,5
Equatorial Guinea,2023,February,
Equatorial Guinea,2023,March,15
Equatorial Guinea,2023,April,5
Equatorial Guinea,2023,May,10
Equatorial Guinea,2023,June,10
Equatorial Guinea,2023,July,10
Equatorial Guinea,2023,August,10
Equatorial Guinea,2023,September,5
Equatorial Guinea,2023,October,10
Equatorial Guinea,2023,November,10
Equatorial Guinea,2023,December,10
Equatorial Guinea,2023,Total,110
Equatorial Guinea,2024,January,
Equatorial Guinea,2024,February,10
Equatorial Guinea,2024,March,20
Equatorial Guinea,2024,April,20
Equatorial Guinea,2024,May,30
Equatorial Guinea,2024,June,10
Equatorial Guinea,2024,July,15
Equatorial Guinea,2024,August,20
Equatorial Guinea,2024,September,5
Equatorial Guinea,2024,October,10
Equatorial Guinea,2024,November,10
Equatorial Guinea,2024,December,15
Equatorial Guinea,2024,Total,175
Equatorial Guinea,2025,January,20
Equatorial Guinea,2025,February,15
Equatorial Guinea,2025,March,25
Equatorial Guinea,2025,April,10
Equatorial Guinea,2025,May,20
Equatorial Guinea,2025,June,20
Equatorial Guinea,2025,July,30
Equatorial Guinea,2025,August,15
Equatorial Guinea,2025,September,20
Equatorial Guinea,2025,October,15
Equatorial Guinea,2025,November,10
Equatorial Guinea,2025,December,10
Equatorial Guinea,2025,Total,205
Equatorial Guinea,2026,January,15
Equatorial Guinea,2026,February,10
Equatorial Guinea,2026,March,15
Equatorial Guinea,2026,April,20
Equatorial Guinea,2026,May,15
Equatorial Guinea,2026,Total,70
Eritrea,2023,January,130
Eritrea,2023,February,140
Eritrea,2023,March,150
Eritrea,2023,April,135
Eritrea,2023,May,175
Eritrea,2023,June,145
Eritrea,2023,July,190
Eritrea,2023,August,170
Eritrea,2023,September,160
Eritrea,2023,October,140
Eritrea,2023,November,180
Eritrea,2023,December,175
Eritrea,2023,Total,1890
Eritrea,2024,January,180
Eritrea,2024,February,150
Eritrea,2024,March,195
Eritrea,2024,April,190
Eritrea,2024,May,180
Eritrea,2024,June,185
Eritrea,2024,July,155
Eritrea,2024,August,155
Eritrea,2024,September,135
Eritrea,2024,October,165
Eritrea,2024,November,140
Eritrea,2024,December,175
Eritrea,2024,Total,2010
Eritrea,2025,January,170
Eritrea,2025,February,190
Eritrea,2025,March,190
Eritrea,2025,April,180
Eritrea,2025,May,225
Eritrea,2025,June,225
Eritrea,2025,July,200
Eritrea,2025,August,165
Eritrea,2025,September,170
Eritrea,2025,October,170
Eritrea,2025,November,205
Eritrea,2025,December,210
Eritrea,2025,Total,2295
Eritrea,2026,January,190
Eritrea,2026,February,205
Eritrea,2026,March,215
Eritrea,2026,April,250
Eritrea,2026,May,265
Eritrea,2026,Total,1120
Estonia,2023,January,20
Estonia,2023,February,25
Estonia,2023,March,25
Estonia,2023,April,15
Estonia,2023,May,20
Estonia,2023,June,15
Estonia,2023,July,20
Estonia,2023,August,10
Estonia,2023,September,15
Estonia,2023,October,20
Estonia,2023,November,10
Estonia,2023,December,5
Estonia,2023,Total,200
Estonia,2024,January,25
Estonia,2024,February,20
Estonia,2024,March,15
Estonia,2024,April,10
Estonia,2024,May,20
Estonia,2024,June,10
Estonia,2024,July,20
Estonia,2024,August,25
Estonia,2024,September,20
Estonia,2024,October,15
Estonia,2024,November,10
Estonia,2024,December,10
Estonia,2024,Total,195
Estonia,2025,January,20
Estonia,2025,February,30
Estonia,2025,March,20
Estonia,2025,April,30
Estonia,2025,May,10
Estonia,2025,June,25
Estonia,2025,July,15
Estonia,2025,August,15
Estonia,2025,September,15
Estonia,2025,October,15
Estonia,2025,November,10
Estonia,2025,December,10
Estonia,2025,Total,210
Estonia,2026,January,15
Estonia,2026,February,35
Estonia,2026,March,20
Estonia,2026,April,25
Estonia,2026,May,15
Estonia,2026,Total,105
Ethiopia,2023,January,785
Ethiopia,2023,February,1005
Ethiopia,2023,March,1450
Ethiopia,2023,April,1375
Ethiopia,2023,May,1780
Ethiopia,2023,June,2175
Ethiopia,2023,July,2530
Ethiopia,2023,August,2700
Ethiopia,2023,September,2255
Ethiopia,2023,October,2505
Ethiopia,2023,November,2775
Ethiopia,2023,December,2515
Ethiopia,2023,Total,23855
Ethiopia,2024,January,2285
Ethiopia,2024,February,2345
Ethiopia,2024,March,2575
Ethiopia,2024,April,2560
Ethiopia,2024,May,2455
Ethiopia,2024,June,2325
Ethiopia,2024,July,2350
Ethiopia,2024,August,2015
Ethiopia,2024,September,1750
Ethiopia,2024,October,2150
Ethiopia,2024,November,1585
Ethiopia,2024,December,1530
Ethiopia,2024,Total,25930
Ethiopia,2025,January,1355
Ethiopia,2025,February,1415
Ethiopia,2025,March,1745
Ethiopia,2025,April,1590
Ethiopia,2025,May,1710
Ethiopia,2025,June,1725
Ethiopia,2025,July,1880
Ethiopia,2025,August,1745
Ethiopia,2025,September,1435
Ethiopia,2025,October,1645
Ethiopia,2025,November,1470
Ethiopia,2025,December,1420
Ethiopia,2025,Total,19145
Ethiopia,2026,January,1205
Ethiopia,2026,February,1345
Ethiopia,2026,March,1635
Ethiopia,2026,April,1625
Ethiopia,2026,May,1725
Ethiopia,2026,Total,7535
Federal Republic of Cameroon,2023,January,2905
Federal Republic of Cameroon,2023,February,3185
Federal Republic of Cameroon,2023,March,4335
Federal Republic of Cameroon,2023,April,4480
Federal Republic of Cameroon,2023,May,6100
Federal Republic of Cameroon,2023,June,7105
Federal Republic of Cameroon,2023,July,6790
Federal Republic of Cameroon,2023,August,6115
Federal Republic of Cameroon,2023,September,6070
Federal Republic of Cameroon,2023,October,6045
Federal Republic of Cameroon,2023,November,6185
Federal Republic of Cameroon,2023,December,5385
Federal Republic of Cameroon,2023,Total,64700
Federal Republic of Cameroon,2024,January,5185
Federal Republic of Cameroon,2024,February,5240
Federal Republic of Cameroon,2024,March,6020
Federal Republic of Cameroon,2024,April,6385
Federal Republic of Cameroon,2024,May,7070
Federal Republic of Cameroon,2024,June,6495
Federal Republic of Cameroon,2024,July,5730
Federal Republic of Cameroon,2024,August,4770
Federal Republic of Cameroon,2024,September,4130
Federal Republic of Cameroon,2024,October,4390
Federal Republic of Cameroon,2024,November,3785
Federal Republic of Cameroon,2024,December,3070
Federal Republic of Cameroon,2024,Total,62265
Federal Republic of Cameroon,2025,January,3835
Federal Republic of Cameroon,2025,February,3310
Federal Republic of Cameroon,2025,March,4000
Federal Republic of Cameroon,2025,April,3920
Federal Republic of Cameroon,2025,May,4280
Federal Republic of Cameroon,2025,June,3900
Federal Republic of Cameroon,2025,July,3845
Federal Republic of Cameroon,2025,August,3165
Federal Republic of Cameroon,2025,September,2965
Federal Republic of Cameroon,2025,October,3255
Federal Republic of Cameroon,2025,November,2955
Federal Republic of Cameroon,2025,December,3075
Federal Republic of Cameroon,2025,Total,42510
Federal Republic of Cameroon,2026,January,3210
Federal Republic of Cameroon,2026,February,3460
Federal Republic of Cameroon,2026,March,4510
Federal Republic of Cameroon,2026,April,4315
Federal Republic of Cameroon,2026,May,4550
Federal Republic of Cameroon,2026,Total,20045
Federal Republic of Germany,2023,January,370
Federal Republic of Germany,2023,February,1630
Federal Republic of Germany,2023,March,1295
Federal Republic of Germany,2023,April,1195
Federal Republic of Germany,2023,May,1215
Federal Republic of Germany,2023,June,1175
Federal Republic of Germany,2023,July,890
Federal Republic of Germany,2023,August,780
Federal Republic of Germany,2023,September,570
Federal Republic of Germany,2023,October,665
Federal Republic of Germany,2023,November,530
Federal Republic of Germany,2023,December,305
Federal Republic of Germany,2023,Total,10625
Federal Republic of Germany,2024,January,1090
Federal Republic of Germany,2024,February,1015
Federal Republic of Germany,2024,March,860
Federal Republic of Germany,2024,April,1215
Federal Republic of Germany,2024,May,1160
Federal Republic of Germany,2024,June,900
Federal Republic of Germany,2024,July,935
Federal Republic of Germany,2024,August,685
Federal Republic of Germany,2024,September,560
Federal Republic of Germany,2024,October,585
Federal Republic of Germany,2024,November,385
Federal Republic of Germany,2024,December,290
Federal Republic of Germany,2024,Total,9680
Federal Republic of Germany,2025,January,625
Federal Republic of Germany,2025,February,1410
Federal Republic of Germany,2025,March,885
Federal Republic of Germany,2025,April,1060
Federal Republic of Germany,2025,May,1165
Federal Republic of Germany,2025,June,1035
Federal Republic of Germany,2025,July,865
Federal Republic of Germany,2025,August,655
Federal Republic of Germany,2025,September,620
Federal Republic of Germany,2025,October,595
Federal Republic of Germany,2025,November,485
Federal Republic of Germany,2025,December,375
Federal Republic of Germany,2025,Total,9775
Federal Republic of Germany,2026,January,405
Federal Republic of Germany,2026,February,1505
Federal Republic of Germany,2026,March,1600
Federal Republic of Germany,2026,April,1205
Federal Republic of Germany,2026,May,1110
Federal Republic of Germany,2026,Total,5825
Federated States of Micronesia,2023,January,5
Federated States of Micronesia,2023,February,5
Federated States of Micronesia,2023,March,15
Federated States of Micronesia,2023,April,
Federated States of Micronesia,2023,May,5
Federated States of Micronesia,2023,June,10
Federated States of Micronesia,2023,July,20
Federated States of Micronesia,2023,August,
Federated States of Micronesia,2023,September,0
Federated States of Micronesia,2023,October,0
Federated States of Micronesia,2023,November,
Federated States of Micronesia,2023,December,
Federated States of Micronesia,2023,Total,70
Federated States of Micronesia,2024,January,
Federated States of Micronesia,2024,February,
Federated States of Micronesia,2024,March,0
Federated States of Micronesia,2024,April,
Federated States of Micronesia,2024,May,
Federated States of Micronesia,2024,June,
Federated States of Micronesia,2024,July,
Federated States of Micronesia,2024,August,
Federated States of Micronesia,2024,September,0
Federated States of Micronesia,2024,October,
Federated States of Micronesia,2024,November,0
Federated States of Micronesia,2024,December,0
Federated States of Micronesia,2024,Total,15
Federated States of Micronesia,2025,January,
Federated States of Micronesia,2025,February,0
Federated States of Micronesia,2025,March,
Federated States of Micronesia,2025,April,
Federated States of Micronesia,2025,May,
Federated States of Micronesia,2025,June,
Federated States of Micronesia,2025,July,
Federated States of Micronesia,2025,August,
Federated States of Micronesia,2025,September,
Federated States of Micronesia,2025,October,
Federated States of Micronesia,2025,November,0
Federated States of Micronesia,2025,December,
Federated States of Micronesia,2025,Total,25
Federated States of Micronesia,2026,January,
Federated States of Micronesia,2026,February,0
Federated States of Micronesia,2026,March,
Federated States of Micronesia,2026,April,
Federated States of Micronesia,2026,May,5
Federated States of Micronesia,2026,Total,10
Fiji,2023,January,205
Fiji,2023,February,215
Fiji,2023,March,185
Fiji,2023,April,245
Fiji,2023,May,280
Fiji,2023,June,235
Fiji,2023,July,225
Fiji,2023,August,155
Fiji,2023,September,170
Fiji,2023,October,170
Fiji,2023,November,200
Fiji,2023,December,170
Fiji,2023,Total,2445
Fiji,2024,January,165
Fiji,2024,February,265
Fiji,2024,March,275
Fiji,2024,April,250
Fiji,2024,May,190
Fiji,2024,June,205
Fiji,2024,July,200
Fiji,2024,August,220
Fiji,2024,September,150
Fiji,2024,October,155
Fiji,2024,November,145
Fiji,2024,December,90
Fiji,2024,Total,2305
Fiji,2025,January,170
Fiji,2025,February,225
Fiji,2025,March,205
Fiji,2025,April,130
Fiji,2025,May,225
Fiji,2025,June,200
Fiji,2025,July,165
Fiji,2025,August,120
Fiji,2025,September,135
Fiji,2025,October,130
Fiji,2025,November,150
Fiji,2025,December,100
Fiji,2025,Total,1955
Fiji,2026,January,150
Fiji,2026,February,205
Fiji,2026,March,135
Fiji,2026,April,145
Fiji,2026,May,170
Fiji,2026,Total,805
Finland,2023,January,20
Finland,2023,February,25
Finland,2023,March,20
Finland,2023,April,20
Finland,2023,May,45
Finland,2023,June,45
Finland,2023,July,35
Finland,2023,August,15
Finland,2023,September,40
Finland,2023,October,30
Finland,2023,November,25
Finland,2023,December,10
Finland,2023,Total,330
Finland,2024,January,30
Finland,2024,February,20
Finland,2024,March,40
Finland,2024,April,50
Finland,2024,May,55
Finland,2024,June,45
Finland,2024,July,40
Finland,2024,August,30
Finland,2024,September,35
Finland,2024,October,35
Finland,2024,November,25
Finland,2024,December,10
Finland,2024,Total,415
Finland,2025,January,50
Finland,2025,February,50
Finland,2025,March,25
Finland,2025,April,45
Finland,2025,May,40
Finland,2025,June,50
Finland,2025,July,45
Finland,2025,August,35
Finland,2025,September,35
Finland,2025,October,40
Finland,2025,November,30
Finland,2025,December,15
Finland,2025,Total,460
Finland,2026,January,30
Finland,2026,February,70
Finland,2026,March,55
Finland,2026,April,60
Finland,2026,May,50
Finland,2026,Total,270
France,2023,January,6775
France,2023,February,11255
France,2023,March,6150
France,2023,April,3815
France,2023,May,5110
France,2023,June,5485
France,2023,July,3975
France,2023,August,3570
France,2023,September,2545
France,2023,October,2450
France,2023,November,2325
France,2023,December,1965
France,2023,Total,55420
France,2024,January,4240
France,2024,February,5560
France,2024,March,4935
France,2024,April,5800
France,2024,May,6015
France,2024,June,5625
France,2024,July,4970
France,2024,August,4150
France,2024,September,2880
France,2024,October,2910
France,2024,November,2195
France,2024,December,2030
France,2024,Total,51300
France,2025,January,4840
France,2025,February,6735
France,2025,March,4670
France,2025,April,5720
France,2025,May,5920
France,2025,June,5900
France,2025,July,4830
France,2025,August,3555
France,2025,September,2590
France,2025,October,2730
France,2025,November,2230
France,2025,December,1880
France,2025,Total,51615
France,2026,January,4095
France,2026,February,6785
France,2026,March,3990
France,2026,April,3550
France,2026,May,4175
France,2026,Total,22595
French Polynesia,2023,January,0
French Polynesia,2023,February,0
French Polynesia,2023,March,
French Polynesia,2023,April,0
French Polynesia,2023,May,
French Polynesia,2023,June,5
French Polynesia,2023,July,
French Polynesia,2023,August,
French Polynesia,2023,September,
French Polynesia,2023,October,
French Polynesia,2023,November,
French Polynesia,2023,December,0
French Polynesia,2023,Total,20
French Polynesia,2024,January,
French Polynesia,2024,February,
French Polynesia,2024,March,0
French Polynesia,2024,April,0
French Polynesia,2024,May,
French Polynesia,2024,June,
French Polynesia,2024,July,
French Polynesia,2024,August,
French Polynesia,2024,September,0
French Polynesia,2024,October,
French Polynesia,2024,November,0
French Polynesia,2024,December,0
French Polynesia,2024,Total,10
French Polynesia,2025,January,0
French Polynesia,2025,February,0
French Polynesia,2025,March,
French Polynesia,2025,April,0
French Polynesia,2025,May,
French Polynesia,2025,June,10
French Polynesia,2025,July,0
French Polynesia,2025,August,
French Polynesia,2025,September,
French Polynesia,2025,October,
French Polynesia,2025,November,0
French Polynesia,2025,December,0
French Polynesia,2025,Total,15
French Polynesia,2026,January,0
French Polynesia,2026,February,0
French Polynesia,2026,March,
French Polynesia,2026,April,0
French Polynesia,2026,May,0
French Polynesia,2026,Total,
Gabon Republic,2023,January,85
Gabon Republic,2023,February,100
Gabon Republic,2023,March,105
Gabon Republic,2023,April,100
Gabon Republic,2023,May,150
Gabon Republic,2023,June,185
Gabon Republic,2023,July,150
Gabon Republic,2023,August,135
Gabon Republic,2023,September,105
Gabon Republic,2023,October,130
Gabon Republic,2023,November,120
Gabon Republic,2023,December,85
Gabon Republic,2023,Total,1440
Gabon Republic,2024,January,90
Gabon Republic,2024,February,115
Gabon Republic,2024,March,145
Gabon Republic,2024,April,150
Gabon Republic,2024,May,175
Gabon Republic,2024,June,135
Gabon Republic,2024,July,145
Gabon Republic,2024,August,115
Gabon Republic,2024,September,95
Gabon Republic,2024,October,120
Gabon Republic,2024,November,110
Gabon Republic,2024,December,85
Gabon Republic,2024,Total,1485
Gabon Republic,2025,January,95
Gabon Republic,2025,February,80
Gabon Republic,2025,March,120
Gabon Republic,2025,April,110
Gabon Republic,2025,May,125
Gabon Republic,2025,June,135
Gabon Republic,2025,July,110
Gabon Republic,2025,August,100
Gabon Republic,2025,September,75
Gabon Republic,2025,October,85
Gabon Republic,2025,November,70
Gabon Republic,2025,December,65
Gabon Republic,2025,Total,1175
Gabon Republic,2026,January,80
Gabon Republic,2026,February,90
Gabon Republic,2026,March,115
Gabon Republic,2026,April,120
Gabon Republic,2026,May,125
Gabon Republic,2026,Total,525
Gambia,2023,January,180
Gambia,2023,February,190
Gambia,2023,March,280
Gambia,2023,April,270
Gambia,2023,May,405
Gambia,2023,June,690
Gambia,2023,July,860
Gambia,2023,August,1415
Gambia,2023,September,1370
Gambia,2023,October,1445
Gambia,2023,November,1135
Gambia,2023,December,960
Gambia,2023,Total,9200
Gambia,2024,January,830
Gambia,2024,February,745
Gambia,2024,March,710
Gambia,2024,April,625
Gambia,2024,May,645
Gambia,2024,June,485
Gambia,2024,July,505
Gambia,2024,August,435
Gambia,2024,September,335
Gambia,2024,October,295
Gambia,2024,November,225
Gambia,2024,December,195
Gambia,2024,Total,6035
Gambia,2025,January,155
Gambia,2025,February,150
Gambia,2025,March,175
Gambia,2025,April,235
Gambia,2025,May,235
Gambia,2025,June,175
Gambia,2025,July,255
Gambia,2025,August,195
Gambia,2025,September,175
Gambia,2025,October,220
Gambia,2025,November,170
Gambia,2025,December,165
Gambia,2025,Total,2305
Gambia,2026,January,175
Gambia,2026,February,190
Gambia,2026,March,205
Gambia,2026,April,240
Gambia,2026,May,280
Gambia,2026,Total,1085
Georgia,2023,January,300
Georgia,2023,February,445
Georgia,2023,March,505
Georgia,2023,April,325
Georgia,2023,May,335
Georgia,2023,June,370
Georgia,2023,July,425
Georgia,2023,August,210
Georgia,2023,September,220
Georgia,2023,October,235
Georgia,2023,November,210
Georgia,2023,December,160
Georgia,2023,Total,3735
Georgia,2024,January,200
Georgia,2024,February,240
Georgia,2024,March,250
Georgia,2024,April,175
Georgia,2024,May,180
Georgia,2024,June,200
Georgia,2024,July,180
Georgia,2024,August,230
Georgia,2024,September,175
Georgia,2024,October,185
Georgia,2024,November,180
Georgia,2024,December,250
Georgia,2024,Total,2440
Georgia,2025,January,245
Georgia,2025,February,270
Georgia,2025,March,275
Georgia,2025,April,240
Georgia,2025,May,240
Georgia,2025,June,235
Georgia,2025,July,215
Georgia,2025,August,190
Georgia,2025,September,220
Georgia,2025,October,260
Georgia,2025,November,235
Georgia,2025,December,240
Georgia,2025,Total,2865
Georgia,2026,January,260
Georgia,2026,February,275
Georgia,2026,March,520
Georgia,2026,April,335
Georgia,2026,May,370
Georgia,2026,Total,1760
Ghana,2023,January,2345
Ghana,2023,February,3255
Ghana,2023,March,4105
Ghana,2023,April,4375
Ghana,2023,May,6380
Ghana,2023,June,8080
Ghana,2023,July,9125
Ghana,2023,August,10910
Ghana,2023,September,11625
Ghana,2023,October,12920
Ghana,2023,November,12485
Ghana,2023,December,10925
Ghana,2023,Total,96535
Ghana,2024,January,10170
Ghana,2024,February,11000
Ghana,2024,March,11430
Ghana,2024,April,12230
Ghana,2024,May,15055
Ghana,2024,June,12490
Ghana,2024,July,13050
Ghana,2024,August,10650
Ghana,2024,September,8840
Ghana,2024,October,9030
Ghana,2024,November,6815
Ghana,2024,December,4960
Ghana,2024,Total,125725
Ghana,2025,January,5350
Ghana,2025,February,4540
Ghana,2025,March,5170
Ghana,2025,April,5405
Ghana,2025,May,6570
Ghana,2025,June,5815
Ghana,2025,July,5845
Ghana,2025,August,4960
Ghana,2025,September,4825
Ghana,2025,October,5245
Ghana,2025,November,4905
Ghana,2025,December,4805
Ghana,2025,Total,63435
Ghana,2026,January,5315
Ghana,2026,February,6145
Ghana,2026,March,7640
Ghana,2026,April,7875
Ghana,2026,May,9615
Ghana,2026,Total,36590
Greece,2023,January,165
Greece,2023,February,200
Greece,2023,March,160
Greece,2023,April,115
Greece,2023,May,125
Greece,2023,June,140
Greece,2023,July,145
Greece,2023,August,125
Greece,2023,September,130
Greece,2023,October,125
Greece,2023,November,135
Greece,2023,December,100
Greece,2023,Total,1670
Greece,2024,January,105
Greece,2024,February,165
Greece,2024,March,135
Greece,2024,April,155
Greece,2024,May,140
Greece,2024,June,105
Greece,2024,July,125
Greece,2024,August,90
Greece,2024,September,95
Greece,2024,October,115
Greece,2024,November,80
Greece,2024,December,85
Greece,2024,Total,1395
Greece,2025,January,140
Greece,2025,February,125
Greece,2025,March,130
Greece,2025,April,85
Greece,2025,May,135
Greece,2025,June,100
Greece,2025,July,130
Greece,2025,August,75
Greece,2025,September,80
Greece,2025,October,75
Greece,2025,November,70
Greece,2025,December,70
Greece,2025,Total,1215
Greece,2026,January,80
Greece,2026,February,125
Greece,2026,March,125
Greece,2026,April,85
Greece,2026,May,105
Greece,2026,Total,515
Grenada,2023,January,100
Grenada,2023,February,90
Grenada,2023,March,165
Grenada,2023,April,140
Grenada,2023,May,165
Grenada,2023,June,205
Grenada,2023,July,175
Grenada,2023,August,140
Grenada,2023,September,110
Grenada,2023,October,920
Grenada,2023,November,285
Grenada,2023,December,120
Grenada,2023,Total,2620
Grenada,2024,January,125
Grenada,2024,February,105
Grenada,2024,March,120
Grenada,2024,April,145
Grenada,2024,May,190
Grenada,2024,June,155
Grenada,2024,July,150
Grenada,2024,August,110
Grenada,2024,September,100
Grenada,2024,October,110
Grenada,2024,November,90
Grenada,2024,December,90
Grenada,2024,Total,1500
Grenada,2025,January,130
Grenada,2025,February,105
Grenada,2025,March,145
Grenada,2025,April,150
Grenada,2025,May,175
Grenada,2025,June,145
Grenada,2025,July,170
Grenada,2025,August,130
Grenada,2025,September,100
Grenada,2025,October,145
Grenada,2025,November,140
Grenada,2025,December,85
Grenada,2025,Total,1630
Grenada,2026,January,115
Grenada,2026,February,115
Grenada,2026,March,190
Grenada,2026,April,150
Grenada,2026,May,190
Grenada,2026,Total,765
Guadeloupe,2023,January,0
Guadeloupe,2023,February,
Guadeloupe,2023,March,0
Guadeloupe,2023,April,0
Guadeloupe,2023,May,0
Guadeloupe,2023,June,
Guadeloupe,2023,July,0
Guadeloupe,2023,August,0
Guadeloupe,2023,September,0
Guadeloupe,2023,October,
Guadeloupe,2023,November,0
Guadeloupe,2023,December,0
Guadeloupe,2023,Total,5
Guadeloupe,2024,January,0
Guadeloupe,2024,February,0
Guadeloupe,2024,March,0
Guadeloupe,2024,April,0
Guadeloupe,2024,May,0
Guadeloupe,2024,June,0
Guadeloupe,2024,July,0
Guadeloupe,2024,August,0
Guadeloupe,2024,September,0
Guadeloupe,2024,October,0
Guadeloupe,2024,November,0
Guadeloupe,2024,December,0
Guadeloupe,2024,Total,0
Guadeloupe,2025,January,0
Guadeloupe,2025,February,0
Guadeloupe,2025,March,0
Guadeloupe,2025,April,0
Guadeloupe,2025,May,
Guadeloupe,2025,June,
Guadeloupe,2025,July,0
Guadeloupe,2025,August,0
Guadeloupe,2025,September,0
Guadeloupe,2025,October,0
Guadeloupe,2025,November,0
Guadeloupe,2025,December,0
Guadeloupe,2025,Total,
Guadeloupe,2026,January,0
Guadeloupe,2026,February,0
Guadeloupe,2026,March,0
Guadeloupe,2026,April,0
Guadeloupe,2026,May,0
Guadeloupe,2026,Total,0
Guatemala,2023,January,3110
Guatemala,2023,February,3230
Guatemala,2023,March,3780
Guatemala,2023,April,2580
Guatemala,2023,May,2760
Guatemala,2023,June,1995
Guatemala,2023,July,1560
Guatemala,2023,August,1660
Guatemala,2023,September,1510
Guatemala,2023,October,1330
Guatemala,2023,November,2065
Guatemala,2023,December,1900
Guatemala,2023,Total,27475
Guatemala,2024,January,3325
Guatemala,2024,February,3440
Guatemala,2024,March,3020
Guatemala,2024,April,3660
Guatemala,2024,May,3080
Guatemala,2024,June,2045
Guatemala,2024,July,1945
Guatemala,2024,August,1740
Guatemala,2024,September,1965
Guatemala,2024,October,2190
Guatemala,2024,November,2380
Guatemala,2024,December,2400
Guatemala,2024,Total,31190
Guatemala,2025,January,4065
Guatemala,2025,February,4130
Guatemala,2025,March,3715
Guatemala,2025,April,3125
Guatemala,2025,May,2370
Guatemala,2025,June,2045
Guatemala,2025,July,1995
Guatemala,2025,August,1530
Guatemala,2025,September,1935
Guatemala,2025,October,2050
Guatemala,2025,November,2225
Guatemala,2025,December,2740
Guatemala,2025,Total,31925
Guatemala,2026,January,3835
Guatemala,2026,February,4175
Guatemala,2026,March,4550
Guatemala,2026,April,3980
Guatemala,2026,May,2800
Guatemala,2026,Total,19340
Guinea-Bissau,2023,January,5
Guinea-Bissau,2023,February,
Guinea-Bissau,2023,March,10
Guinea-Bissau,2023,April,5
Guinea-Bissau,2023,May,20
Guinea-Bissau,2023,June,20
Guinea-Bissau,2023,July,10
Guinea-Bissau,2023,August,25
Guinea-Bissau,2023,September,15
Guinea-Bissau,2023,October,15
Guinea-Bissau,2023,November,15
Guinea-Bissau,2023,December,15
Guinea-Bissau,2023,Total,155
Guinea-Bissau,2024,January,10
Guinea-Bissau,2024,February,10
Guinea-Bissau,2024,March,25
Guinea-Bissau,2024,April,20
Guinea-Bissau,2024,May,15
Guinea-Bissau,2024,June,10
Guinea-Bissau,2024,July,15
Guinea-Bissau,2024,August,10
Guinea-Bissau,2024,September,30
Guinea-Bissau,2024,October,20
Guinea-Bissau,2024,November,5
Guinea-Bissau,2024,December,10
Guinea-Bissau,2024,Total,185
Guinea-Bissau,2025,January,10
Guinea-Bissau,2025,February,5
Guinea-Bissau,2025,March,15
Guinea-Bissau,2025,April,5
Guinea-Bissau,2025,May,15
Guinea-Bissau,2025,June,10
Guinea-Bissau,2025,July,10
Guinea-Bissau,2025,August,10
Guinea-Bissau,2025,September,15
Guinea-Bissau,2025,October,10
Guinea-Bissau,2025,November,10
Guinea-Bissau,2025,December,10
Guinea-Bissau,2025,Total,125
Guinea-Bissau,2026,January,20
Guinea-Bissau,2026,February,25
Guinea-Bissau,2026,March,15
Guinea-Bissau,2026,April,15
Guinea-Bissau,2026,May,10
Guinea-Bissau,2026,Total,80
"Guinea, Republic of",2023,January,885
"Guinea, Republic of",2023,February,905
"Guinea, Republic of",2023,March,1545
"Guinea, Republic of",2023,April,1705
"Guinea, Republic of",2023,May,2420
"Guinea, Republic of",2023,June,3325
"Guinea, Republic of",2023,July,3495
"Guinea, Republic of",2023,August,3340
"Guinea, Republic of",2023,September,2705
"Guinea, Republic of",2023,October,3440
"Guinea, Republic of",2023,November,4205
"Guinea, Republic of",2023,December,3720
"Guinea, Republic of",2023,Total,31695
"Guinea, Republic of",2024,January,2680
"Guinea, Republic of",2024,February,2505
"Guinea, Republic of",2024,March,3350
"Guinea, Republic of",2024,April,3595
"Guinea, Republic of",2024,May,4620
"Guinea, Republic of",2024,June,4270
"Guinea, Republic of",2024,July,5545
"Guinea, Republic of",2024,August,5295
"Guinea, Republic of",2024,September,4085
"Guinea, Republic of",2024,October,4090
"Guinea, Republic of",2024,November,3060
"Guinea, Republic of",2024,December,2735
"Guinea, Republic of",2024,Total,45830
"Guinea, Republic of",2025,January,2665
"Guinea, Republic of",2025,February,2480
"Guinea, Republic of",2025,March,2435
"Guinea, Republic of",2025,April,2370
"Guinea, Republic of",2025,May,2475
"Guinea, Republic of",2025,June,2090
"Guinea, Republic of",2025,July,2145
"Guinea, Republic of",2025,August,1875
"Guinea, Republic of",2025,September,1375
"Guinea, Republic of",2025,October,1645
"Guinea, Republic of",2025,November,1475
"Guinea, Republic of",2025,December,1625
"Guinea, Republic of",2025,Total,24645
"Guinea, Republic of",2026,January,1455
"Guinea, Republic of",2026,February,1585
"Guinea, Republic of",2026,March,1930
"Guinea, Republic of",2026,April,1990
"Guinea, Republic of",2026,May,1965
"Guinea, Republic of",2026,Total,8925
Guyana,2023,January,395
Guyana,2023,February,605
Guyana,2023,March,695
Guyana,2023,April,625
Guyana,2023,May,875
Guyana,2023,June,835
Guyana,2023,July,610
Guyana,2023,August,510
Guyana,2023,September,465
Guyana,2023,October,605
Guyana,2023,November,540
Guyana,2023,December,420
Guyana,2023,Total,7180
Guyana,2024,January,685
Guyana,2024,February,750
Guyana,2024,March,840
Guyana,2024,April,860
Guyana,2024,May,1100
Guyana,2024,June,900
Guyana,2024,July,845
Guyana,2024,August,605
Guyana,2024,September,565
Guyana,2024,October,545
Guyana,2024,November,530
Guyana,2024,December,375
Guyana,2024,Total,8600
Guyana,2025,January,625
Guyana,2025,February,675
Guyana,2025,March,770
Guyana,2025,April,730
Guyana,2025,May,900
Guyana,2025,June,895
Guyana,2025,July,765
Guyana,2025,August,505
Guyana,2025,September,595
Guyana,2025,October,560
Guyana,2025,November,570
Guyana,2025,December,400
Guyana,2025,Total,7975
Guyana,2026,January,510
Guyana,2026,February,640
Guyana,2026,March,835
Guyana,2026,April,835
Guyana,2026,May,925
Guyana,2026,Total,3745
Haiti,2023,January,2920
Haiti,2023,February,3225
Haiti,2023,March,4510
Haiti,2023,April,3675
Haiti,2023,May,4465
Haiti,2023,June,4475
Haiti,2023,July,4055
Haiti,2023,August,3520
Haiti,2023,September,3320
Haiti,2023,October,3455
Haiti,2023,November,3525
Haiti,2023,December,3945
Haiti,2023,Total,45085
Haiti,2024,January,4155
Haiti,2024,February,4300
Haiti,2024,March,4360
Haiti,2024,April,5470
Haiti,2024,May,5470
Haiti,2024,June,5330
Haiti,2024,July,5220
Haiti,2024,August,5480
Haiti,2024,September,5685
Haiti,2024,October,5885
Haiti,2024,November,5390
Haiti,2024,December,3990
Haiti,2024,Total,60735
Haiti,2025,January,4685
Haiti,2025,February,4800
Haiti,2025,March,6045
Haiti,2025,April,7185
Haiti,2025,May,6885
Haiti,2025,June,6060
Haiti,2025,July,7250
Haiti,2025,August,5105
Haiti,2025,September,5325
Haiti,2025,October,5345
Haiti,2025,November,7520
Haiti,2025,December,5115
Haiti,2025,Total,71310
Haiti,2026,January,5345
Haiti,2026,February,5220
Haiti,2026,March,5995
Haiti,2026,April,5140
Haiti,2026,May,5175
Haiti,2026,Total,26880
Holy See,2023,January,0
Holy See,2023,February,0
Holy See,2023,March,0
Holy See,2023,April,0
Holy See,2023,May,0
Holy See,2023,June,0
Holy See,2023,July,
Holy See,2023,August,0
Holy See,2023,September,
Holy See,2023,October,0
Holy See,2023,November,0
Holy See,2023,December,0
Holy See,2023,Total,
Holy See,2024,January,0
Holy See,2024,February,0
Holy See,2024,March,0
Holy See,2024,April,
Holy See,2024,May,
Holy See,2024,June,0
Holy See,2024,July,
Holy See,2024,August,
Holy See,2024,September,
Holy See,2024,October,
Holy See,2024,November,0
Holy See,2024,December,0
Holy See,2024,Total,5
Holy See,2025,January,0
Holy See,2025,February,
Holy See,2025,March,
Holy See,2025,April,
Holy See,2025,May,0
Holy See,2025,June,0
Holy See,2025,July,0
Holy See,2025,August,0
Holy See,2025,September,0
Holy See,2025,October,0
Holy See,2025,November,0
Holy See,2025,December,0
Holy See,2025,Total,5
Holy See,2026,January,0
Holy See,2026,February,0
Holy See,2026,March,0
Holy See,2026,April,0
Holy See,2026,May,
Holy See,2026,Total,
Honduras,2023,January,530
Honduras,2023,February,435
Honduras,2023,March,620
Honduras,2023,April,525
Honduras,2023,May,505
Honduras,2023,June,565
Honduras,2023,July,495
Honduras,2023,August,505
Honduras,2023,September,435
Honduras,2023,October,430
Honduras,2023,November,510
Honduras,2023,December,400
Honduras,2023,Total,5950
Honduras,2024,January,490
Honduras,2024,February,580
Honduras,2024,March,575
Honduras,2024,April,620
Honduras,2024,May,685
Honduras,2024,June,565
Honduras,2024,July,590
Honduras,2024,August,510
Honduras,2024,September,555
Honduras,2024,October,580
Honduras,2024,November,460
Honduras,2024,December,400
Honduras,2024,Total,6600
Honduras,2025,January,535
Honduras,2025,February,500
Honduras,2025,March,485
Honduras,2025,April,580
Honduras,2025,May,515
Honduras,2025,June,460
Honduras,2025,July,515
Honduras,2025,August,550
Honduras,2025,September,515
Honduras,2025,October,545
Honduras,2025,November,660
Honduras,2025,December,560
Honduras,2025,Total,6425
Honduras,2026,January,580
Honduras,2026,February,650
Honduras,2026,March,755
Honduras,2026,April,695
Honduras,2026,May,725
Honduras,2026,Total,3405
Hong Kong,2023,January,5415
Hong Kong,2023,February,4245
Hong Kong,2023,March,2055
Hong Kong,2023,April,1970
Hong Kong,2023,May,2780
Hong Kong,2023,June,2080
Hong Kong,2023,July,2255
Hong Kong,2023,August,2240
Hong Kong,2023,September,2150
Hong Kong,2023,October,1725
Hong Kong,2023,November,1530
Hong Kong,2023,December,1550
Hong Kong,2023,Total,30000
Hong Kong,2024,January,2110
Hong Kong,2024,February,1420
Hong Kong,2024,March,1565
Hong Kong,2024,April,1710
Hong Kong,2024,May,2895
Hong Kong,2024,June,2020
Hong Kong,2024,July,1740
Hong Kong,2024,August,1425
Hong Kong,2024,September,1550
Hong Kong,2024,October,1475
Hong Kong,2024,November,1240
Hong Kong,2024,December,1215
Hong Kong,2024,Total,20365
Hong Kong,2025,January,1880
Hong Kong,2025,February,1550
Hong Kong,2025,March,1220
Hong Kong,2025,April,1270
Hong Kong,2025,May,2060
Hong Kong,2025,June,1655
Hong Kong,2025,July,1385
Hong Kong,2025,August,1125
Hong Kong,2025,September,1505
Hong Kong,2025,October,1255
Hong Kong,2025,November,1220
Hong Kong,2025,December,1020
Hong Kong,2025,Total,17135
Hong Kong,2026,January,1345
Hong Kong,2026,February,1135
Hong Kong,2026,March,1455
Hong Kong,2026,April,1275
Hong Kong,2026,May,1470
Hong Kong,2026,Total,6675
Hungary,2023,January,90
Hungary,2023,February,140
Hungary,2023,March,140
Hungary,2023,April,100
Hungary,2023,May,95
Hungary,2023,June,130
Hungary,2023,July,115
Hungary,2023,August,105
Hungary,2023,September,120
Hungary,2023,October,120
Hungary,2023,November,95
Hungary,2023,December,105
Hungary,2023,Total,1355
Hungary,2024,January,140
Hungary,2024,February,140
Hungary,2024,March,105
Hungary,2024,April,125
Hungary,2024,May,135
Hungary,2024,June,150
Hungary,2024,July,135
Hungary,2024,August,105
Hungary,2024,September,110
Hungary,2024,October,120
Hungary,2024,November,120
Hungary,2024,December,75
Hungary,2024,Total,1460
Hungary,2025,January,110
Hungary,2025,February,115
Hungary,2025,March,120
Hungary,2025,April,105
Hungary,2025,May,115
Hungary,2025,June,105
Hungary,2025,July,155
Hungary,2025,August,100
Hungary,2025,September,115
Hungary,2025,October,105
Hungary,2025,November,110
Hungary,2025,December,90
Hungary,2025,Total,1345
Hungary,2026,January,115
Hungary,2026,February,95
Hungary,2026,March,110
Hungary,2026,April,55
Hungary,2026,May,80
Hungary,2026,Total,455
Iceland,2023,January,20
Iceland,2023,February,10
Iceland,2023,March,20
Iceland,2023,April,20
Iceland,2023,May,15
Iceland,2023,June,15
Iceland,2023,July,25
Iceland,2023,August,15
Iceland,2023,September,15
Iceland,2023,October,15
Iceland,2023,November,10
Iceland,2023,December,15
Iceland,2023,Total,190
Iceland,2024,January,15
Iceland,2024,February,20
Iceland,2024,March,20
Iceland,2024,April,15
Iceland,2024,May,25
Iceland,2024,June,20
Iceland,2024,July,30
Iceland,2024,August,25
Iceland,2024,September,25
Iceland,2024,October,15
Iceland,2024,November,10
Iceland,2024,December,15
Iceland,2024,Total,230
Iceland,2025,January,25
Iceland,2025,February,10
Iceland,2025,March,10
Iceland,2025,April,30
Iceland,2025,May,15
Iceland,2025,June,25
Iceland,2025,July,20
Iceland,2025,August,15
Iceland,2025,September,25
Iceland,2025,October,15
Iceland,2025,November,10
Iceland,2025,December,10
Iceland,2025,Total,210
Iceland,2026,January,10
Iceland,2026,February,15
Iceland,2026,March,15
Iceland,2026,April,15
Iceland,2026,May,20
Iceland,2026,Total,75
India,2023,January,128900
India,2023,February,135000
India,2023,March,155720
India,2023,April,145340
India,2023,May,186825
India,2023,June,159625
India,2023,July,160330
India,2023,August,147185
India,2023,September,159690
India,2023,October,137585
India,2023,November,129210
India,2023,December,171445
India,2023,Total,1816845
India,2024,January,142430
India,2024,February,145410
India,2024,March,158915
India,2024,April,166965
India,2024,May,223635
India,2024,June,165905
India,2024,July,165315
India,2024,August,155205
India,2024,September,150125
India,2024,October,137320
India,2024,November,92465
India,2024,December,86380
India,2024,Total,1790070
India,2025,January,128265
India,2025,February,90675
India,2025,March,97250
India,2025,April,104255
India,2025,May,143215
India,2025,June,108575
India,2025,July,105850
India,2025,August,96910
India,2025,September,106440
India,2025,October,86640
India,2025,November,82600
India,2025,December,87490
India,2025,Total,1238170
India,2026,January,93105
India,2026,February,91945
India,2026,March,105330
India,2026,April,104920
India,2026,May,122805
India,2026,Total,518100
Iran,2023,January,10035
Iran,2023,February,10430
Iran,2023,March,17510
Iran,2023,April,15775
Iran,2023,May,21085
Iran,2023,June,21780
Iran,2023,July,23615
Iran,2023,August,23100
Iran,2023,September,23905
Iran,2023,October,28110
Iran,2023,November,28010
Iran,2023,December,25075
Iran,2023,Total,248430
Iran,2024,January,23690
Iran,2024,February,28990
Iran,2024,March,12690
Iran,2024,April,12360
Iran,2024,May,16920
Iran,2024,June,15850
Iran,2024,July,17130
Iran,2024,August,15575
Iran,2024,September,15410
Iran,2024,October,15905
Iran,2024,November,13455
Iran,2024,December,12400
Iran,2024,Total,200375
Iran,2025,January,15140
Iran,2025,February,22575
Iran,2025,March,7530
Iran,2025,April,6600
Iran,2025,May,7570
Iran,2025,June,6125
Iran,2025,July,7435
Iran,2025,August,7660
Iran,2025,September,7470
Iran,2025,October,8135
Iran,2025,November,8150
Iran,2025,December,8055
Iran,2025,Total,112445
Iran,2026,January,7125
Iran,2026,February,16640
Iran,2026,March,5350
Iran,2026,April,4585
Iran,2026,May,5730
Iran,2026,Total,39430
Iraq,2023,January,590
Iraq,2023,February,630
Iraq,2023,March,625
Iraq,2023,April,600
Iraq,2023,May,700
Iraq,2023,June,710
Iraq,2023,July,815
Iraq,2023,August,970
Iraq,2023,September,905
Iraq,2023,October,915
Iraq,2023,November,860
Iraq,2023,December,720
Iraq,2023,Total,9035
Iraq,2024,January,780
Iraq,2024,February,945
Iraq,2024,March,865
Iraq,2024,April,790
Iraq,2024,May,780
Iraq,2024,June,615
Iraq,2024,July,805
Iraq,2024,August,770
Iraq,2024,September,705
Iraq,2024,October,685
Iraq,2024,November,535
Iraq,2024,December,475
Iraq,2024,Total,8745
Iraq,2025,January,520
Iraq,2025,February,405
Iraq,2025,March,430
Iraq,2025,April,415
Iraq,2025,May,465
Iraq,2025,June,460
Iraq,2025,July,480
Iraq,2025,August,440
Iraq,2025,September,460
Iraq,2025,October,470
Iraq,2025,November,405
Iraq,2025,December,480
Iraq,2025,Total,5420
Iraq,2026,January,470
Iraq,2026,February,525
Iraq,2026,March,485
Iraq,2026,April,810
Iraq,2026,May,960
Iraq,2026,Total,3250
Israel,2023,January,255
Israel,2023,February,255
Israel,2023,March,400
Israel,2023,April,345
Israel,2023,May,420
Israel,2023,June,325
Israel,2023,July,385
Israel,2023,August,305
Israel,2023,September,235
Israel,2023,October,255
Israel,2023,November,265
Israel,2023,December,380
Israel,2023,Total,3825
Israel,2024,January,870
Israel,2024,February,845
Israel,2024,March,890
Israel,2024,April,1075
Israel,2024,May,1705
Israel,2024,June,1380
Israel,2024,July,470
Israel,2024,August,515
Israel,2024,September,490
Israel,2024,October,475
Israel,2024,November,550
Israel,2024,December,480
Israel,2024,Total,9745
Israel,2025,January,575
Israel,2025,February,525
Israel,2025,March,600
Israel,2025,April,680
Israel,2025,May,695
Israel,2025,June,755
Israel,2025,July,2350
Israel,2025,August,195
Israel,2025,September,160
Israel,2025,October,135
Israel,2025,November,140
Israel,2025,December,225
Israel,2025,Total,7035
Israel,2026,January,175
Israel,2026,February,245
Israel,2026,March,445
Israel,2026,April,290
Israel,2026,May,290
Israel,2026,Total,1450
Italy,2023,January,680
Italy,2023,February,705
Italy,2023,March,670
Italy,2023,April,650
Italy,2023,May,930
Italy,2023,June,660
Italy,2023,July,615
Italy,2023,August,510
Italy,2023,September,555
Italy,2023,October,585
Italy,2023,November,440
Italy,2023,December,320
Italy,2023,Total,7325
Italy,2024,January,645
Italy,2024,February,725
Italy,2024,March,605
Italy,2024,April,725
Italy,2024,May,660
Italy,2024,June,585
Italy,2024,July,615
Italy,2024,August,480
Italy,2024,September,570
Italy,2024,October,680
Italy,2024,November,395
Italy,2024,December,305
Italy,2024,Total,7000
Italy,2025,January,710
Italy,2025,February,685
Italy,2025,March,590
Italy,2025,April,635
Italy,2025,May,645
Italy,2025,June,675
Italy,2025,July,665
Italy,2025,August,505
Italy,2025,September,465
Italy,2025,October,550
Italy,2025,November,410
Italy,2025,December,320
Italy,2025,Total,6855
Italy,2026,January,495
Italy,2026,February,935
Italy,2026,March,655
Italy,2026,April,735
Italy,2026,May,690
Italy,2026,Total,3510
Jamaica,2023,January,3580
Jamaica,2023,February,4440
Jamaica,2023,March,6780
Jamaica,2023,April,6540
Jamaica,2023,May,7015
Jamaica,2023,June,6495
Jamaica,2023,July,5765
Jamaica,2023,August,4655
Jamaica,2023,September,4505
Jamaica,2023,October,5160
Jamaica,2023,November,5985
Jamaica,2023,December,4165
Jamaica,2023,Total,65090
Jamaica,2024,January,5475
Jamaica,2024,February,6235
Jamaica,2024,March,7065
Jamaica,2024,April,6515
Jamaica,2024,May,7000
Jamaica,2024,June,5695
Jamaica,2024,July,4420
Jamaica,2024,August,3980
Jamaica,2024,September,3765
Jamaica,2024,October,4235
Jamaica,2024,November,3730
Jamaica,2024,December,3000
Jamaica,2024,Total,61110
Jamaica,2025,January,4825
Jamaica,2025,February,4905
Jamaica,2025,March,6080
Jamaica,2025,April,6020
Jamaica,2025,May,6040
Jamaica,2025,June,5805
Jamaica,2025,July,5160
Jamaica,2025,August,3690
Jamaica,2025,September,3895
Jamaica,2025,October,3525
Jamaica,2025,November,4090
Jamaica,2025,December,3470
Jamaica,2025,Total,57505
Jamaica,2026,January,4405
Jamaica,2026,February,5315
Jamaica,2026,March,6815
Jamaica,2026,April,6620
Jamaica,2026,May,6445
Jamaica,2026,Total,29590
Japan,2023,January,2005
Japan,2023,February,1900
Japan,2023,March,1825
Japan,2023,April,2035
Japan,2023,May,2265
Japan,2023,June,2300
Japan,2023,July,1920
Japan,2023,August,1610
Japan,2023,September,1295
Japan,2023,October,885
Japan,2023,November,950
Japan,2023,December,955
Japan,2023,Total,19945
Japan,2024,January,2395
Japan,2024,February,1735
Japan,2024,March,1345
Japan,2024,April,2305
Japan,2024,May,2450
Japan,2024,June,1760
Japan,2024,July,1985
Japan,2024,August,1370
Japan,2024,September,1150
Japan,2024,October,910
Japan,2024,November,675
Japan,2024,December,805
Japan,2024,Total,18885
Japan,2025,January,1480
Japan,2025,February,2335
Japan,2025,March,1445
Japan,2025,April,1855
Japan,2025,May,2585
Japan,2025,June,2355
Japan,2025,July,1825
Japan,2025,August,780
Japan,2025,September,600
Japan,2025,October,720
Japan,2025,November,575
Japan,2025,December,665
Japan,2025,Total,17225
Japan,2026,January,500
Japan,2026,February,760
Japan,2026,March,4645
Japan,2026,April,3300
Japan,2026,May,1375
Japan,2026,Total,10575
Jordan,2023,January,1765
Jordan,2023,February,1835
Jordan,2023,March,2020
Jordan,2023,April,1625
Jordan,2023,May,2230
Jordan,2023,June,2135
Jordan,2023,July,2250
Jordan,2023,August,2295
Jordan,2023,September,2190
Jordan,2023,October,2315
Jordan,2023,November,2080
Jordan,2023,December,1800
Jordan,2023,Total,24540
Jordan,2024,January,2050
Jordan,2024,February,1805
Jordan,2024,March,1700
Jordan,2024,April,1540
Jordan,2024,May,2065
Jordan,2024,June,1710
Jordan,2024,July,2035
Jordan,2024,August,2030
Jordan,2024,September,1780
Jordan,2024,October,1885
Jordan,2024,November,1500
Jordan,2024,December,1265
Jordan,2024,Total,21370
Jordan,2025,January,1530
Jordan,2025,February,1410
Jordan,2025,March,1360
Jordan,2025,April,1290
Jordan,2025,May,1450
Jordan,2025,June,1210
Jordan,2025,July,1395
Jordan,2025,August,1205
Jordan,2025,September,1295
Jordan,2025,October,1290
Jordan,2025,November,1260
Jordan,2025,December,1200
Jordan,2025,Total,15895
Jordan,2026,January,1190
Jordan,2026,February,1300
Jordan,2026,March,1485
Jordan,2026,April,1600
Jordan,2026,May,1525
Jordan,2026,Total,7100
Kazakhstan,2023,January,375
Kazakhstan,2023,February,490
Kazakhstan,2023,March,610
Kazakhstan,2023,April,555
Kazakhstan,2023,May,505
Kazakhstan,2023,June,495
Kazakhstan,2023,July,410
Kazakhstan,2023,August,335
Kazakhstan,2023,September,295
Kazakhstan,2023,October,340
Kazakhstan,2023,November,485
Kazakhstan,2023,December,405
Kazakhstan,2023,Total,5305
Kazakhstan,2024,January,450
Kazakhstan,2024,February,510
Kazakhstan,2024,March,465
Kazakhstan,2024,April,470
Kazakhstan,2024,May,510
Kazakhstan,2024,June,390
Kazakhstan,2024,July,330
Kazakhstan,2024,August,345
Kazakhstan,2024,September,320
Kazakhstan,2024,October,380
Kazakhstan,2024,November,390
Kazakhstan,2024,December,395
Kazakhstan,2024,Total,4950
Kazakhstan,2025,January,445
Kazakhstan,2025,February,460
Kazakhstan,2025,March,495
Kazakhstan,2025,April,545
Kazakhstan,2025,May,500
Kazakhstan,2025,June,465
Kazakhstan,2025,July,460
Kazakhstan,2025,August,345
Kazakhstan,2025,September,355
Kazakhstan,2025,October,360
Kazakhstan,2025,November,360
Kazakhstan,2025,December,410
Kazakhstan,2025,Total,5200
Kazakhstan,2026,January,400
Kazakhstan,2026,February,505
Kazakhstan,2026,March,555
Kazakhstan,2026,April,525
Kazakhstan,2026,May,560
Kazakhstan,2026,Total,2545
Kenya,2023,January,1650
Kenya,2023,February,2195
Kenya,2023,March,2580
Kenya,2023,April,2585
Kenya,2023,May,3985
Kenya,2023,June,4970
Kenya,2023,July,6145
Kenya,2023,August,6905
Kenya,2023,September,5685
Kenya,2023,October,4885
Kenya,2023,November,5285
Kenya,2023,December,4265
Kenya,2023,Total,51130
Kenya,2024,January,4665
Kenya,2024,February,4530
Kenya,2024,March,3990
Kenya,2024,April,3500
Kenya,2024,May,3570
Kenya,2024,June,2935
Kenya,2024,July,3185
Kenya,2024,August,2735
Kenya,2024,September,2440
Kenya,2024,October,2245
Kenya,2024,November,1870
Kenya,2024,December,1370
Kenya,2024,Total,37040
Kenya,2025,January,1555
Kenya,2025,February,1655
Kenya,2025,March,2050
Kenya,2025,April,2040
Kenya,2025,May,2775
Kenya,2025,June,2605
Kenya,2025,July,2790
Kenya,2025,August,2590
Kenya,2025,September,2575
Kenya,2025,October,2350
Kenya,2025,November,2325
Kenya,2025,December,1985
Kenya,2025,Total,27305
Kenya,2026,January,2065
Kenya,2026,February,2175
Kenya,2026,March,2605
Kenya,2026,April,2515
Kenya,2026,May,2900
Kenya,2026,Total,12260
Kiribati,2023,January,0
Kiribati,2023,February,5
Kiribati,2023,March,
Kiribati,2023,April,
Kiribati,2023,May,
Kiribati,2023,June,5
Kiribati,2023,July,
Kiribati,2023,August,0
Kiribati,2023,September,0
Kiribati,2023,October,0
Kiribati,2023,November,
Kiribati,2023,December,
Kiribati,2023,Total,20
Kiribati,2024,January,0
Kiribati,2024,February,
Kiribati,2024,March,
Kiribati,2024,April,
Kiribati,2024,May,
Kiribati,2024,June,0
Kiribati,2024,July,0
Kiribati,2024,August,0
Kiribati,2024,September,0
Kiribati,2024,October,
Kiribati,2024,November,
Kiribati,2024,December,0
Kiribati,2024,Total,10
Kiribati,2025,January,0
Kiribati,2025,February,0
Kiribati,2025,March,0
Kiribati,2025,April,
Kiribati,2025,May,0
Kiribati,2025,June,0
Kiribati,2025,July,0
Kiribati,2025,August,0
Kiribati,2025,September,5
Kiribati,2025,October,
Kiribati,2025,November,
Kiribati,2025,December,
Kiribati,2025,Total,15
Kiribati,2026,January,0
Kiribati,2026,February,0
Kiribati,2026,March,
Kiribati,2026,April,
Kiribati,2026,May,0
Kiribati,2026,Total,
"Korea, People's Democratic Republic of",2023,January,
"Korea, People's Democratic Republic of",2023,February,0
"Korea, People's Democratic Republic of",2023,March,
"Korea, People's Democratic Republic of",2023,April,0
"Korea, People's Democratic Republic of",2023,May,
"Korea, People's Democratic Republic of",2023,June,
"Korea, People's Democratic Republic of",2023,July,
"Korea, People's Democratic Republic of",2023,August,0
"Korea, People's Democratic Republic of",2023,September,0
"Korea, People's Democratic Republic of",2023,October,
"Korea, People's Democratic Republic of",2023,November,
"Korea, People's Democratic Republic of",2023,December,0
"Korea, People's Democratic Republic of",2023,Total,15
"Korea, People's Democratic Republic of",2024,January,0
"Korea, People's Democratic Republic of",2024,February,
"Korea, People's Democratic Republic of",2024,March,
"Korea, People's Democratic Republic of",2024,April,
"Korea, People's Democratic Republic of",2024,May,
"Korea, People's Democratic Republic of",2024,June,
"Korea, People's Democratic Republic of",2024,July,
"Korea, People's Democratic Republic of",2024,August,0
"Korea, People's Democratic Republic of",2024,September,
"Korea, People's Democratic Republic of",2024,October,0
"Korea, People's Democratic Republic of",2024,November,
"Korea, People's Democratic Republic of",2024,December,
"Korea, People's Democratic Republic of",2024,Total,15
"Korea, People's Democratic Republic of",2025,January,0
"Korea, People's Democratic Republic of",2025,February,
"Korea, People's Democratic Republic of",2025,March,
"Korea, People's Democratic Republic of",2025,April,
"Korea, People's Democratic Republic of",2025,May,
"Korea, People's Democratic Republic of",2025,June,0
"Korea, People's Democratic Republic of",2025,July,5
"Korea, People's Democratic Republic of",2025,August,
"Korea, People's Democratic Republic of",2025,September,
"Korea, People's Democratic Republic of",2025,October,
"Korea, People's Democratic Republic of",2025,November,0
"Korea, People's Democratic Republic of",2025,December,10
"Korea, People's Democratic Republic of",2025,Total,25
"Korea, People's Democratic Republic of",2026,January,0
"Korea, People's Democratic Republic of",2026,February,
"Korea, People's Democratic Republic of",2026,March,5
"Korea, People's Democratic Republic of",2026,April,
"Korea, People's Democratic Republic of",2026,May,
"Korea, People's Democratic Republic of",2026,Total,15
"Korea, Republic of",2023,January,2590
"Korea, Republic of",2023,February,4550
"Korea, Republic of",2023,March,3430
"Korea, Republic of",2023,April,3190
"Korea, Republic of",2023,May,3430
"Korea, Republic of",2023,June,3040
"Korea, Republic of",2023,July,2380
"Korea, Republic of",2023,August,2260
"Korea, Republic of",2023,September,2170
"Korea, Republic of",2023,October,2060
"Korea, Republic of",2023,November,1890
"Korea, Republic of",2023,December,1355
"Korea, Republic of",2023,Total,32340
"Korea, Republic of",2024,January,4105
"Korea, Republic of",2024,February,6265
"Korea, Republic of",2024,March,3225
"Korea, Republic of",2024,April,3270
"Korea, Republic of",2024,May,3670
"Korea, Republic of",2024,June,3280
"Korea, Republic of",2024,July,2145
"Korea, Republic of",2024,August,1520
"Korea, Republic of",2024,September,1855
"Korea, Republic of",2024,October,1885
"Korea, Republic of",2024,November,1455
"Korea, Republic of",2024,December,1345
"Korea, Republic of",2024,Total,34015
"Korea, Republic of",2025,January,2825
"Korea, Republic of",2025,February,5295
"Korea, Republic of",2025,March,2580
"Korea, Republic of",2025,April,3155
"Korea, Republic of",2025,May,2970
"Korea, Republic of",2025,June,2870
"Korea, Republic of",2025,July,2415
"Korea, Republic of",2025,August,1885
"Korea, Republic of",2025,September,2230
"Korea, Republic of",2025,October,1910
"Korea, Republic of",2025,November,1635
"Korea, Republic of",2025,December,1460
"Korea, Republic of",2025,Total,31235
"Korea, Republic of",2026,January,1965
"Korea, Republic of",2026,February,4200
"Korea, Republic of",2026,March,2810
"Korea, Republic of",2026,April,3075
"Korea, Republic of",2026,May,2900
"Korea, Republic of",2026,Total,14950
"Kosovo, Republic of",2023,January,105
"Kosovo, Republic of",2023,February,135
"Kosovo, Republic of",2023,March,205
"Kosovo, Republic of",2023,April,135
"Kosovo, Republic of",2023,May,190
"Kosovo, Republic of",2023,June,170
"Kosovo, Republic of",2023,July,155
"Kosovo, Republic of",2023,August,160
"Kosovo, Republic of",2023,September,155
"Kosovo, Republic of",2023,October,165
"Kosovo, Republic of",2023,November,205
"Kosovo, Republic of",2023,December,170
"Kosovo, Republic of",2023,Total,1955
"Kosovo, Republic of",2024,January,165
"Kosovo, Republic of",2024,February,165
"Kosovo, Republic of",2024,March,155
"Kosovo, Republic of",2024,April,105
"Kosovo, Republic of",2024,May,165
"Kosovo, Republic of",2024,June,145
"Kosovo, Republic of",2024,July,135
"Kosovo, Republic of",2024,August,90
"Kosovo, Republic of",2024,September,150
"Kosovo, Republic of",2024,October,190
"Kosovo, Republic of",2024,November,120
"Kosovo, Republic of",2024,December,110
"Kosovo, Republic of",2024,Total,1700
"Kosovo, Republic of",2025,January,125
"Kosovo, Republic of",2025,February,105
"Kosovo, Republic of",2025,March,140
"Kosovo, Republic of",2025,April,130
"Kosovo, Republic of",2025,May,105
"Kosovo, Republic of",2025,June,125
"Kosovo, Republic of",2025,July,90
"Kosovo, Republic of",2025,August,90
"Kosovo, Republic of",2025,September,125
"Kosovo, Republic of",2025,October,135
"Kosovo, Republic of",2025,November,140
"Kosovo, Republic of",2025,December,140
"Kosovo, Republic of",2025,Total,1450
"Kosovo, Republic of",2026,January,105
"Kosovo, Republic of",2026,February,160
"Kosovo, Republic of",2026,March,145
"Kosovo, Republic of",2026,April,140
"Kosovo, Republic of",2026,May,145
"Kosovo, Republic of",2026,Total,690
Kuwait,2023,January,180
Kuwait,2023,February,210
Kuwait,2023,March,275
Kuwait,2023,April,220
Kuwait,2023,May,345
Kuwait,2023,June,250
Kuwait,2023,July,245
Kuwait,2023,August,420
Kuwait,2023,September,150
Kuwait,2023,October,120
Kuwait,2023,November,115
Kuwait,2023,December,125
Kuwait,2023,Total,2650
Kuwait,2024,January,135
Kuwait,2024,February,135
Kuwait,2024,March,175
Kuwait,2024,April,215
Kuwait,2024,May,265
Kuwait,2024,June,175
Kuwait,2024,July,205
Kuwait,2024,August,180
Kuwait,2024,September,120
Kuwait,2024,October,135
Kuwait,2024,November,90
Kuwait,2024,December,125
Kuwait,2024,Total,1955
Kuwait,2025,January,120
Kuwait,2025,February,110
Kuwait,2025,March,190
Kuwait,2025,April,200
Kuwait,2025,May,195
Kuwait,2025,June,195
Kuwait,2025,July,185
Kuwait,2025,August,170
Kuwait,2025,September,125
Kuwait,2025,October,75
Kuwait,2025,November,90
Kuwait,2025,December,115
Kuwait,2025,Total,1770
Kuwait,2026,January,125
Kuwait,2026,February,180
Kuwait,2026,March,130
Kuwait,2026,April,210
Kuwait,2026,May,210
Kuwait,2026,Total,855
Kyrgyzstan,2023,January,65
Kyrgyzstan,2023,February,80
Kyrgyzstan,2023,March,100
Kyrgyzstan,2023,April,100
Kyrgyzstan,2023,May,120
Kyrgyzstan,2023,June,85
Kyrgyzstan,2023,July,70
Kyrgyzstan,2023,August,75
Kyrgyzstan,2023,September,90
Kyrgyzstan,2023,October,100
Kyrgyzstan,2023,November,100
Kyrgyzstan,2023,December,75
Kyrgyzstan,2023,Total,1060
Kyrgyzstan,2024,January,85
Kyrgyzstan,2024,February,85
Kyrgyzstan,2024,March,80
Kyrgyzstan,2024,April,110
Kyrgyzstan,2024,May,110
Kyrgyzstan,2024,June,80
Kyrgyzstan,2024,July,85
Kyrgyzstan,2024,August,75
Kyrgyzstan,2024,September,100
Kyrgyzstan,2024,October,90
Kyrgyzstan,2024,November,75
Kyrgyzstan,2024,December,60
Kyrgyzstan,2024,Total,1040
Kyrgyzstan,2025,January,90
Kyrgyzstan,2025,February,100
Kyrgyzstan,2025,March,80
Kyrgyzstan,2025,April,80
Kyrgyzstan,2025,May,110
Kyrgyzstan,2025,June,80
Kyrgyzstan,2025,July,95
Kyrgyzstan,2025,August,60
Kyrgyzstan,2025,September,75
Kyrgyzstan,2025,October,75
Kyrgyzstan,2025,November,80
Kyrgyzstan,2025,December,55
Kyrgyzstan,2025,Total,980
Kyrgyzstan,2026,January,50
Kyrgyzstan,2026,February,70
Kyrgyzstan,2026,March,120
Kyrgyzstan,2026,April,95
Kyrgyzstan,2026,May,75
Kyrgyzstan,2026,Total,410
Laos,2023,January,30
Laos,2023,February,30
Laos,2023,March,40
Laos,2023,April,40
Laos,2023,May,60
Laos,2023,June,65
Laos,2023,July,45
Laos,2023,August,80
Laos,2023,September,55
Laos,2023,October,50
Laos,2023,November,50
Laos,2023,December,60
Laos,2023,Total,605
Laos,2024,January,80
Laos,2024,February,70
Laos,2024,March,75
Laos,2024,April,75
Laos,2024,May,90
Laos,2024,June,145
Laos,2024,July,95
Laos,2024,August,75
Laos,2024,September,55
Laos,2024,October,75
Laos,2024,November,60
Laos,2024,December,30
Laos,2024,Total,930
Laos,2025,January,55
Laos,2025,February,45
Laos,2025,March,60
Laos,2025,April,60
Laos,2025,May,80
Laos,2025,June,70
Laos,2025,July,35
Laos,2025,August,30
Laos,2025,September,50
Laos,2025,October,40
Laos,2025,November,55
Laos,2025,December,100
Laos,2025,Total,680
Laos,2026,January,190
Laos,2026,February,160
Laos,2026,March,155
Laos,2026,April,135
Laos,2026,May,110
Laos,2026,Total,745
Latvia,2023,January,30
Latvia,2023,February,40
Latvia,2023,March,30
Latvia,2023,April,10
Latvia,2023,May,25
Latvia,2023,June,20
Latvia,2023,July,15
Latvia,2023,August,20
Latvia,2023,September,15
Latvia,2023,October,15
Latvia,2023,November,20
Latvia,2023,December,10
Latvia,2023,Total,245
Latvia,2024,January,30
Latvia,2024,February,45
Latvia,2024,March,20
Latvia,2024,April,25
Latvia,2024,May,15
Latvia,2024,June,15
Latvia,2024,July,10
Latvia,2024,August,20
Latvia,2024,September,15
Latvia,2024,October,10
Latvia,2024,November,30
Latvia,2024,December,5
Latvia,2024,Total,240
Latvia,2025,January,25
Latvia,2025,February,30
Latvia,2025,March,25
Latvia,2025,April,30
Latvia,2025,May,15
Latvia,2025,June,25
Latvia,2025,July,25
Latvia,2025,August,20
Latvia,2025,September,15
Latvia,2025,October,20
Latvia,2025,November,10
Latvia,2025,December,20
Latvia,2025,Total,260
Latvia,2026,January,10
Latvia,2026,February,50
Latvia,2026,March,40
Latvia,2026,April,15
Latvia,2026,May,20
Latvia,2026,Total,140
Lebanon,2023,January,1715
Lebanon,2023,February,1835
Lebanon,2023,March,2290
Lebanon,2023,April,1960
Lebanon,2023,May,2420
Lebanon,2023,June,2450
Lebanon,2023,July,2355
Lebanon,2023,August,2585
Lebanon,2023,September,2405
Lebanon,2023,October,2945
Lebanon,2023,November,4085
Lebanon,2023,December,3615
Lebanon,2023,Total,30650
Lebanon,2024,January,3295
Lebanon,2024,February,3095
Lebanon,2024,March,2965
Lebanon,2024,April,2335
Lebanon,2024,May,2600
Lebanon,2024,June,1955
Lebanon,2024,July,2115
Lebanon,2024,August,2085
Lebanon,2024,September,2090
Lebanon,2024,October,3570
Lebanon,2024,November,4815
Lebanon,2024,December,2635
Lebanon,2024,Total,33560
Lebanon,2025,January,2390
Lebanon,2025,February,1880
Lebanon,2025,March,1980
Lebanon,2025,April,1895
Lebanon,2025,May,2000
Lebanon,2025,June,1670
Lebanon,2025,July,1765
Lebanon,2025,August,1325
Lebanon,2025,September,1330
Lebanon,2025,October,1505
Lebanon,2025,November,1375
Lebanon,2025,December,1250
Lebanon,2025,Total,20360
Lebanon,2026,January,1405
Lebanon,2026,February,1500
Lebanon,2026,March,1825
Lebanon,2026,April,1745
Lebanon,2026,May,1840
Lebanon,2026,Total,8315
Lesotho,2023,January,15
Lesotho,2023,February,5
Lesotho,2023,March,5
Lesotho,2023,April,
Lesotho,2023,May,5
Lesotho,2023,June,5
Lesotho,2023,July,15
Lesotho,2023,August,10
Lesotho,2023,September,
Lesotho,2023,October,10
Lesotho,2023,November,10
Lesotho,2023,December,10
Lesotho,2023,Total,105
Lesotho,2024,January,5
Lesotho,2024,February,5
Lesotho,2024,March,
Lesotho,2024,April,10
Lesotho,2024,May,15
Lesotho,2024,June,10
Lesotho,2024,July,5
Lesotho,2024,August,10
Lesotho,2024,September,5
Lesotho,2024,October,10
Lesotho,2024,November,15
Lesotho,2024,December,5
Lesotho,2024,Total,100
Lesotho,2025,January,5
Lesotho,2025,February,5
Lesotho,2025,March,15
Lesotho,2025,April,5
Lesotho,2025,May,5
Lesotho,2025,June,
Lesotho,2025,July,10
Lesotho,2025,August,10
Lesotho,2025,September,5
Lesotho,2025,October,15
Lesotho,2025,November,10
Lesotho,2025,December,
Lesotho,2025,Total,95
Lesotho,2026,January,10
Lesotho,2026,February,15
Lesotho,2026,March,20
Lesotho,2026,April,10
Lesotho,2026,May,15
Lesotho,2026,Total,70
Liberia,2023,January,85
Liberia,2023,February,100
Liberia,2023,March,170
Liberia,2023,April,140
Liberia,2023,May,140
Liberia,2023,June,240
Liberia,2023,July,380
Liberia,2023,August,490
Liberia,2023,September,455
Liberia,2023,October,350
Liberia,2023,November,405
Liberia,2023,December,435
Liberia,2023,Total,3385
Liberia,2024,January,530
Liberia,2024,February,500
Liberia,2024,March,570
Liberia,2024,April,545
Liberia,2024,May,415
Liberia,2024,June,430
Liberia,2024,July,390
Liberia,2024,August,480
Liberia,2024,September,290
Liberia,2024,October,285
Liberia,2024,November,240
Liberia,2024,December,185
Liberia,2024,Total,4870
Liberia,2025,January,235
Liberia,2025,February,205
Liberia,2025,March,215
Liberia,2025,April,200
Liberia,2025,May,190
Liberia,2025,June,205
Liberia,2025,July,240
Liberia,2025,August,205
Liberia,2025,September,145
Liberia,2025,October,175
Liberia,2025,November,160
Liberia,2025,December,155
Liberia,2025,Total,2335
Liberia,2026,January,130
Liberia,2026,February,150
Liberia,2026,March,210
Liberia,2026,April,255
Liberia,2026,May,210
Liberia,2026,Total,955
Libya,2023,January,220
Libya,2023,February,215
Libya,2023,March,285
Libya,2023,April,200
Libya,2023,May,280
Libya,2023,June,265
Libya,2023,July,245
Libya,2023,August,265
Libya,2023,September,190
Libya,2023,October,250
Libya,2023,November,175
Libya,2023,December,155
Libya,2023,Total,2740
Libya,2024,January,170
Libya,2024,February,160
Libya,2024,March,225
Libya,2024,April,180
Libya,2024,May,205
Libya,2024,June,190
Libya,2024,July,205
Libya,2024,August,225
Libya,2024,September,205
Libya,2024,October,235
Libya,2024,November,185
Libya,2024,December,145
Libya,2024,Total,2330
Libya,2025,January,180
Libya,2025,February,130
Libya,2025,March,225
Libya,2025,April,240
Libya,2025,May,175
Libya,2025,June,190
Libya,2025,July,210
Libya,2025,August,180
Libya,2025,September,165
Libya,2025,October,215
Libya,2025,November,210
Libya,2025,December,250
Libya,2025,Total,2370
Libya,2026,January,175
Libya,2026,February,190
Libya,2026,March,220
Libya,2026,April,225
Libya,2026,May,305
Libya,2026,Total,1115
Liechtenstein,2023,January,
Liechtenstein,2023,February,0
Liechtenstein,2023,March,0
Liechtenstein,2023,April,0
Liechtenstein,2023,May,
Liechtenstein,2023,June,0
Liechtenstein,2023,July,0
Liechtenstein,2023,August,0
Liechtenstein,2023,September,0
Liechtenstein,2023,October,0
Liechtenstein,2023,November,
Liechtenstein,2023,December,0
Liechtenstein,2023,Total,
Liechtenstein,2024,January,0
Liechtenstein,2024,February,0
Liechtenstein,2024,March,0
Liechtenstein,2024,April,0
Liechtenstein,2024,May,0
Liechtenstein,2024,June,0
Liechtenstein,2024,July,0
Liechtenstein,2024,August,0
Liechtenstein,2024,September,0
Liechtenstein,2024,October,0
Liechtenstein,2024,November,0
Liechtenstein,2024,December,0
Liechtenstein,2024,Total,0
Liechtenstein,2025,January,0
Liechtenstein,2025,February,0
Liechtenstein,2025,March,0
Liechtenstein,2025,April,0
Liechtenstein,2025,May,0
Liechtenstein,2025,June,0
Liechtenstein,2025,July,0
Liechtenstein,2025,August,0
Liechtenstein,2025,September,0
Liechtenstein,2025,October,0
Liechtenstein,2025,November,0
Liechtenstein,2025,December,0
Liechtenstein,2025,Total,0
Liechtenstein,2026,January,0
Liechtenstein,2026,February,0
Liechtenstein,2026,March,0
Liechtenstein,2026,April,0
Liechtenstein,2026,May,0
Liechtenstein,2026,Total,0
Lithuania,2023,January,30
Lithuania,2023,February,120
Lithuania,2023,March,60
Lithuania,2023,April,40
Lithuania,2023,May,30
Lithuania,2023,June,35
Lithuania,2023,July,35
Lithuania,2023,August,20
Lithuania,2023,September,30
Lithuania,2023,October,40
Lithuania,2023,November,20
Lithuania,2023,December,25
Lithuania,2023,Total,480
Lithuania,2024,January,60
Lithuania,2024,February,80
Lithuania,2024,March,55
Lithuania,2024,April,60
Lithuania,2024,May,45
Lithuania,2024,June,35
Lithuania,2024,July,30
Lithuania,2024,August,35
Lithuania,2024,September,25
Lithuania,2024,October,25
Lithuania,2024,November,15
Lithuania,2024,December,30
Lithuania,2024,Total,495
Lithuania,2025,January,50
Lithuania,2025,February,65
Lithuania,2025,March,45
Lithuania,2025,April,30
Lithuania,2025,May,35
Lithuania,2025,June,35
Lithuania,2025,July,50
Lithuania,2025,August,25
Lithuania,2025,September,40
Lithuania,2025,October,40
Lithuania,2025,November,20
Lithuania,2025,December,15
Lithuania,2025,Total,450
Lithuania,2026,January,25
Lithuania,2026,February,55
Lithuania,2026,March,60
Lithuania,2026,April,30
Lithuania,2026,May,25
Lithuania,2026,Total,200
Luxembourg,2023,January,10
Luxembourg,2023,February,15
Luxembourg,2023,March,10
Luxembourg,2023,April,
Luxembourg,2023,May,15
Luxembourg,2023,June,20
Luxembourg,2023,July,15
Luxembourg,2023,August,15
Luxembourg,2023,September,15
Luxembourg,2023,October,10
Luxembourg,2023,November,
Luxembourg,2023,December,5
Luxembourg,2023,Total,140
Luxembourg,2024,January,10
Luxembourg,2024,February,10
Luxembourg,2024,March,10
Luxembourg,2024,April,10
Luxembourg,2024,May,15
Luxembourg,2024,June,10
Luxembourg,2024,July,15
Luxembourg,2024,August,10
Luxembourg,2024,September,10
Luxembourg,2024,October,15
Luxembourg,2024,November,
Luxembourg,2024,December,
Luxembourg,2024,Total,125
Luxembourg,2025,January,15
Luxembourg,2025,February,10
Luxembourg,2025,March,10
Luxembourg,2025,April,15
Luxembourg,2025,May,15
Luxembourg,2025,June,10
Luxembourg,2025,July,15
Luxembourg,2025,August,10
Luxembourg,2025,September,5
Luxembourg,2025,October,15
Luxembourg,2025,November,5
Luxembourg,2025,December,
Luxembourg,2025,Total,130
Luxembourg,2026,January,10
Luxembourg,2026,February,15
Luxembourg,2026,March,10
Luxembourg,2026,April,15
Luxembourg,2026,May,15
Luxembourg,2026,Total,65
Macao,2023,January,60
Macao,2023,February,100
Macao,2023,March,120
Macao,2023,April,140
Macao,2023,May,145
Macao,2023,June,115
Macao,2023,July,100
Macao,2023,August,105
Macao,2023,September,95
Macao,2023,October,80
Macao,2023,November,70
Macao,2023,December,55
Macao,2023,Total,1190
Macao,2024,January,105
Macao,2024,February,105
Macao,2024,March,145
Macao,2024,April,185
Macao,2024,May,140
Macao,2024,June,105
Macao,2024,July,105
Macao,2024,August,85
Macao,2024,September,65
Macao,2024,October,80
Macao,2024,November,80
Macao,2024,December,45
Macao,2024,Total,1250
Macao,2025,January,75
Macao,2025,February,80
Macao,2025,March,130
Macao,2025,April,105
Macao,2025,May,120
Macao,2025,June,80
Macao,2025,July,85
Macao,2025,August,100
Macao,2025,September,70
Macao,2025,October,60
Macao,2025,November,75
Macao,2025,December,55
Macao,2025,Total,1035
Macao,2026,January,100
Macao,2026,February,65
Macao,2026,March,90
Macao,2026,April,105
Macao,2026,May,120
Macao,2026,Total,485
Macedonia,2023,January,110
Macedonia,2023,February,100
Macedonia,2023,March,125
Macedonia,2023,April,85
Macedonia,2023,May,130
Macedonia,2023,June,100
Macedonia,2023,July,70
Macedonia,2023,August,65
Macedonia,2023,September,75
Macedonia,2023,October,55
Macedonia,2023,November,65
Macedonia,2023,December,65
Macedonia,2023,Total,1055
Macedonia,2024,January,80
Macedonia,2024,February,130
Macedonia,2024,March,120
Macedonia,2024,April,105
Macedonia,2024,May,105
Macedonia,2024,June,80
Macedonia,2024,July,80
Macedonia,2024,August,60
Macedonia,2024,September,75
Macedonia,2024,October,70
Macedonia,2024,November,60
Macedonia,2024,December,105
Macedonia,2024,Total,1070
Macedonia,2025,January,75
Macedonia,2025,February,65
Macedonia,2025,March,95
Macedonia,2025,April,85
Macedonia,2025,May,80
Macedonia,2025,June,90
Macedonia,2025,July,45
Macedonia,2025,August,50
Macedonia,2025,September,50
Macedonia,2025,October,60
Macedonia,2025,November,70
Macedonia,2025,December,105
Macedonia,2025,Total,865
Macedonia,2026,January,60
Macedonia,2026,February,115
Macedonia,2026,March,100
Macedonia,2026,April,90
Macedonia,2026,May,90
Macedonia,2026,Total,455
Madagascar,2023,January,340
Madagascar,2023,February,450
Madagascar,2023,March,435
Madagascar,2023,April,450
Madagascar,2023,May,470
Madagascar,2023,June,480
Madagascar,2023,July,455
Madagascar,2023,August,400
Madagascar,2023,September,375
Madagascar,2023,October,425
Madagascar,2023,November,405
Madagascar,2023,December,380
Madagascar,2023,Total,5070
Madagascar,2024,January,400
Madagascar,2024,February,535
Madagascar,2024,March,520
Madagascar,2024,April,590
Madagascar,2024,May,675
Madagascar,2024,June,620
Madagascar,2024,July,570
Madagascar,2024,August,475
Madagascar,2024,September,415
Madagascar,2024,October,515
Madagascar,2024,November,435
Madagascar,2024,December,340
Madagascar,2024,Total,6090
Madagascar,2025,January,505
Madagascar,2025,February,415
Madagascar,2025,March,540
Madagascar,2025,April,490
Madagascar,2025,May,505
Madagascar,2025,June,490
Madagascar,2025,July,470
Madagascar,2025,August,470
Madagascar,2025,September,385
Madagascar,2025,October,420
Madagascar,2025,November,345
Madagascar,2025,December,365
Madagascar,2025,Total,5405
Madagascar,2026,January,365
Madagascar,2026,February,435
Madagascar,2026,March,555
Madagascar,2026,April,480
Madagascar,2026,May,535
Madagascar,2026,Total,2370
Malawi,2023,January,50
Malawi,2023,February,45
Malawi,2023,March,60
Malawi,2023,April,75
Malawi,2023,May,75
Malawi,2023,June,85
Malawi,2023,July,95
Malawi,2023,August,95
Malawi,2023,September,60
Malawi,2023,October,70
Malawi,2023,November,65
Malawi,2023,December,35
Malawi,2023,Total,810
Malawi,2024,January,60
Malawi,2024,February,70
Malawi,2024,March,65
Malawi,2024,April,60
Malawi,2024,May,80
Malawi,2024,June,55
Malawi,2024,July,85
Malawi,2024,August,70
Malawi,2024,September,50
Malawi,2024,October,55
Malawi,2024,November,40
Malawi,2024,December,40
Malawi,2024,Total,735
Malawi,2025,January,40
Malawi,2025,February,35
Malawi,2025,March,70
Malawi,2025,April,55
Malawi,2025,May,80
Malawi,2025,June,70
Malawi,2025,July,75
Malawi,2025,August,70
Malawi,2025,September,60
Malawi,2025,October,75
Malawi,2025,November,75
Malawi,2025,December,50
Malawi,2025,Total,755
Malawi,2026,January,50
Malawi,2026,February,80
Malawi,2026,March,100
Malawi,2026,April,120
Malawi,2026,May,90
Malawi,2026,Total,445
Malaysia,2023,January,955
Malaysia,2023,February,1310
Malaysia,2023,March,1590
Malaysia,2023,April,1260
Malaysia,2023,May,1365
Malaysia,2023,June,1240
Malaysia,2023,July,990
Malaysia,2023,August,835
Malaysia,2023,September,655
Malaysia,2023,October,755
Malaysia,2023,November,545
Malaysia,2023,December,790
Malaysia,2023,Total,12295
Malaysia,2024,January,1090
Malaysia,2024,February,1165
Malaysia,2024,March,1410
Malaysia,2024,April,1195
Malaysia,2024,May,1370
Malaysia,2024,June,1025
Malaysia,2024,July,890
Malaysia,2024,August,770
Malaysia,2024,September,670
Malaysia,2024,October,720
Malaysia,2024,November,685
Malaysia,2024,December,605
Malaysia,2024,Total,11585
Malaysia,2025,January,900
Malaysia,2025,February,1010
Malaysia,2025,March,1265
Malaysia,2025,April,1150
Malaysia,2025,May,1180
Malaysia,2025,June,970
Malaysia,2025,July,925
Malaysia,2025,August,765
Malaysia,2025,September,615
Malaysia,2025,October,545
Malaysia,2025,November,565
Malaysia,2025,December,530
Malaysia,2025,Total,10420
Malaysia,2026,January,960
Malaysia,2026,February,950
Malaysia,2026,March,1095
Malaysia,2026,April,985
Malaysia,2026,May,965
Malaysia,2026,Total,4955
"Maldives, Republic of",2023,January,10
"Maldives, Republic of",2023,February,5
"Maldives, Republic of",2023,March,5
"Maldives, Republic of",2023,April,5
"Maldives, Republic of",2023,May,10
"Maldives, Republic of",2023,June,
"Maldives, Republic of",2023,July,10
"Maldives, Republic of",2023,August,
"Maldives, Republic of",2023,September,
"Maldives, Republic of",2023,October,
"Maldives, Republic of",2023,November,10
"Maldives, Republic of",2023,December,
"Maldives, Republic of",2023,Total,70
"Maldives, Republic of",2024,January,5
"Maldives, Republic of",2024,February,
"Maldives, Republic of",2024,March,5
"Maldives, Republic of",2024,April,5
"Maldives, Republic of",2024,May,5
"Maldives, Republic of",2024,June,5
"Maldives, Republic of",2024,July,
"Maldives, Republic of",2024,August,5
"Maldives, Republic of",2024,September,
"Maldives, Republic of",2024,October,
"Maldives, Republic of",2024,November,5
"Maldives, Republic of",2024,December,
"Maldives, Republic of",2024,Total,55
"Maldives, Republic of",2025,January,
"Maldives, Republic of",2025,February,
"Maldives, Republic of",2025,March,5
"Maldives, Republic of",2025,April,
"Maldives, Republic of",2025,May,10
"Maldives, Republic of",2025,June,10
"Maldives, Republic of",2025,July,
"Maldives, Republic of",2025,August,10
"Maldives, Republic of",2025,September,5
"Maldives, Republic of",2025,October,10
"Maldives, Republic of",2025,November,5
"Maldives, Republic of",2025,December,5
"Maldives, Republic of",2025,Total,65
"Maldives, Republic of",2026,January,5
"Maldives, Republic of",2026,February,15
"Maldives, Republic of",2026,March,
"Maldives, Republic of",2026,April,
"Maldives, Republic of",2026,May,5
"Maldives, Republic of",2026,Total,30
"Mali, Republic of",2023,January,295
"Mali, Republic of",2023,February,370
"Mali, Republic of",2023,March,505
"Mali, Republic of",2023,April,500
"Mali, Republic of",2023,May,755
"Mali, Republic of",2023,June,910
"Mali, Republic of",2023,July,1010
"Mali, Republic of",2023,August,1135
"Mali, Republic of",2023,September,865
"Mali, Republic of",2023,October,880
"Mali, Republic of",2023,November,920
"Mali, Republic of",2023,December,800
"Mali, Republic of",2023,Total,8945
"Mali, Republic of",2024,January,670
"Mali, Republic of",2024,February,630
"Mali, Republic of",2024,March,700
"Mali, Republic of",2024,April,645
"Mali, Republic of",2024,May,855
"Mali, Republic of",2024,June,765
"Mali, Republic of",2024,July,820
"Mali, Republic of",2024,August,765
"Mali, Republic of",2024,September,640
"Mali, Republic of",2024,October,740
"Mali, Republic of",2024,November,620
"Mali, Republic of",2024,December,520
"Mali, Republic of",2024,Total,8375
"Mali, Republic of",2025,January,525
"Mali, Republic of",2025,February,425
"Mali, Republic of",2025,March,535
"Mali, Republic of",2025,April,525
"Mali, Republic of",2025,May,650
"Mali, Republic of",2025,June,570
"Mali, Republic of",2025,July,630
"Mali, Republic of",2025,August,590
"Mali, Republic of",2025,September,505
"Mali, Republic of",2025,October,585
"Mali, Republic of",2025,November,490
"Mali, Republic of",2025,December,515
"Mali, Republic of",2025,Total,6550
"Mali, Republic of",2026,January,510
"Mali, Republic of",2026,February,560
"Mali, Republic of",2026,March,660
"Mali, Republic of",2026,April,665
"Mali, Republic of",2026,May,645
"Mali, Republic of",2026,Total,3040
Malta,2023,January,
Malta,2023,February,
Malta,2023,March,
Malta,2023,April,5
Malta,2023,May,
Malta,2023,June,
Malta,2023,July,
Malta,2023,August,5
Malta,2023,September,5
Malta,2023,October,
Malta,2023,November,
Malta,2023,December,
Malta,2023,Total,40
Malta,2024,January,5
Malta,2024,February,5
Malta,2024,March,
Malta,2024,April,0
Malta,2024,May,
Malta,2024,June,
Malta,2024,July,
Malta,2024,August,
Malta,2024,September,
Malta,2024,October,
Malta,2024,November,
Malta,2024,December,5
Malta,2024,Total,35
Malta,2025,January,
Malta,2025,February,
Malta,2025,March,
Malta,2025,April,
Malta,2025,May,5
Malta,2025,June,
Malta,2025,July,5
Malta,2025,August,
Malta,2025,September,
Malta,2025,October,0
Malta,2025,November,
Malta,2025,December,0
Malta,2025,Total,30
Malta,2026,January,
Malta,2026,February,
Malta,2026,March,0
Malta,2026,April,0
Malta,2026,May,5
Malta,2026,Total,10
Martinique,2023,January,0
Martinique,2023,February,0
Martinique,2023,March,
Martinique,2023,April,0
Martinique,2023,May,0
Martinique,2023,June,0
Martinique,2023,July,0
Martinique,2023,August,0
Martinique,2023,September,0
Martinique,2023,October,0
Martinique,2023,November,0
Martinique,2023,December,0
Martinique,2023,Total,
Martinique,2024,January,
Martinique,2024,February,0
Martinique,2024,March,
Martinique,2024,April,0
Martinique,2024,May,0
Martinique,2024,June,0
Martinique,2024,July,0
Martinique,2024,August,
Martinique,2024,September,0
Martinique,2024,October,0
Martinique,2024,November,0
Martinique,2024,December,0
Martinique,2024,Total,
Martinique,2025,January,0
Martinique,2025,February,0
Martinique,2025,March,0
Martinique,2025,April,0
Martinique,2025,May,0
Martinique,2025,June,0
Martinique,2025,July,0
Martinique,2025,August,0
Martinique,2025,September,0
Martinique,2025,October,
Martinique,2025,November,0
Martinique,2025,December,0
Martinique,2025,Total,
Martinique,2026,January,0
Martinique,2026,February,0
Martinique,2026,March,0
Martinique,2026,April,
Martinique,2026,May,0
Martinique,2026,Total,
Mauritania,2023,January,65
Mauritania,2023,February,90
Mauritania,2023,March,150
Mauritania,2023,April,140
Mauritania,2023,May,205
Mauritania,2023,June,295
Mauritania,2023,July,305
Mauritania,2023,August,345
Mauritania,2023,September,270
Mauritania,2023,October,275
Mauritania,2023,November,335
Mauritania,2023,December,305
Mauritania,2023,Total,2775
Mauritania,2024,January,265
Mauritania,2024,February,280
Mauritania,2024,March,270
Mauritania,2024,April,195
Mauritania,2024,May,270
Mauritania,2024,June,215
Mauritania,2024,July,220
Mauritania,2024,August,240
Mauritania,2024,September,175
Mauritania,2024,October,165
Mauritania,2024,November,150
Mauritania,2024,December,140
Mauritania,2024,Total,2575
Mauritania,2025,January,135
Mauritania,2025,February,150
Mauritania,2025,March,165
Mauritania,2025,April,140
Mauritania,2025,May,195
Mauritania,2025,June,135
Mauritania,2025,July,140
Mauritania,2025,August,150
Mauritania,2025,September,160
Mauritania,2025,October,220
Mauritania,2025,November,240
Mauritania,2025,December,240
Mauritania,2025,Total,2075
Mauritania,2026,January,230
Mauritania,2026,February,180
Mauritania,2026,March,170
Mauritania,2026,April,200
Mauritania,2026,May,210
Mauritania,2026,Total,990
Mauritius,2023,January,580
Mauritius,2023,February,815
Mauritius,2023,March,845
Mauritius,2023,April,770
Mauritius,2023,May,865
Mauritius,2023,June,715
Mauritius,2023,July,690
Mauritius,2023,August,665
Mauritius,2023,September,525
Mauritius,2023,October,605
Mauritius,2023,November,560
Mauritius,2023,December,535
Mauritius,2023,Total,8165
Mauritius,2024,January,645
Mauritius,2024,February,710
Mauritius,2024,March,735
Mauritius,2024,April,770
Mauritius,2024,May,845
Mauritius,2024,June,645
Mauritius,2024,July,610
Mauritius,2024,August,505
Mauritius,2024,September,515
Mauritius,2024,October,515
Mauritius,2024,November,450
Mauritius,2024,December,360
Mauritius,2024,Total,7300
Mauritius,2025,January,695
Mauritius,2025,February,500
Mauritius,2025,March,555
Mauritius,2025,April,505
Mauritius,2025,May,655
Mauritius,2025,June,510
Mauritius,2025,July,550
Mauritius,2025,August,480
Mauritius,2025,September,500
Mauritius,2025,October,465
Mauritius,2025,November,465
Mauritius,2025,December,485
Mauritius,2025,Total,6365
Mauritius,2026,January,585
Mauritius,2026,February,605
Mauritius,2026,March,655
Mauritius,2026,April,515
Mauritius,2026,May,605
Mauritius,2026,Total,2965
Mexico,2023,January,11285
Mexico,2023,February,13015
Mexico,2023,March,13230
Mexico,2023,April,9590
Mexico,2023,May,10715
Mexico,2023,June,9720
Mexico,2023,July,9735
Mexico,2023,August,9610
Mexico,2023,September,10030
Mexico,2023,October,10590
Mexico,2023,November,12320
Mexico,2023,December,11335
Mexico,2023,Total,131170
Mexico,2024,January,13950
Mexico,2024,February,14025
Mexico,2024,March,42555
Mexico,2024,April,26795
Mexico,2024,May,25930
Mexico,2024,June,19570
Mexico,2024,July,18995
Mexico,2024,August,14775
Mexico,2024,September,11890
Mexico,2024,October,15165
Mexico,2024,November,16080
Mexico,2024,December,13660
Mexico,2024,Total,233380
Mexico,2025,January,19940
Mexico,2025,February,19365
Mexico,2025,March,19320
Mexico,2025,April,17065
Mexico,2025,May,18655
Mexico,2025,June,15565
Mexico,2025,July,13620
Mexico,2025,August,11830
Mexico,2025,September,11060
Mexico,2025,October,12135
Mexico,2025,November,14735
Mexico,2025,December,13615
Mexico,2025,Total,186905
Mexico,2026,January,17875
Mexico,2026,February,17965
Mexico,2026,March,19310
Mexico,2026,April,16265
Mexico,2026,May,14520
Mexico,2026,Total,85935
Moldova,2023,January,210
Moldova,2023,February,250
Moldova,2023,March,295
Moldova,2023,April,170
Moldova,2023,May,120
Moldova,2023,June,140
Moldova,2023,July,170
Moldova,2023,August,85
Moldova,2023,September,85
Moldova,2023,October,115
Moldova,2023,November,85
Moldova,2023,December,80
Moldova,2023,Total,1805
Moldova,2024,January,125
Moldova,2024,February,110
Moldova,2024,March,180
Moldova,2024,April,105
Moldova,2024,May,100
Moldova,2024,June,80
Moldova,2024,July,125
Moldova,2024,August,65
Moldova,2024,September,65
Moldova,2024,October,100
Moldova,2024,November,70
Moldova,2024,December,85
Moldova,2024,Total,1215
Moldova,2025,January,110
Moldova,2025,February,120
Moldova,2025,March,115
Moldova,2025,April,90
Moldova,2025,May,105
Moldova,2025,June,85
Moldova,2025,July,85
Moldova,2025,August,60
Moldova,2025,September,55
Moldova,2025,October,75
Moldova,2025,November,65
Moldova,2025,December,75
Moldova,2025,Total,1045
Moldova,2026,January,80
Moldova,2026,February,115
Moldova,2026,March,240
Moldova,2026,April,90
Moldova,2026,May,95
Moldova,2026,Total,625
Monaco,2023,January,
Monaco,2023,February,
Monaco,2023,March,
Monaco,2023,April,
Monaco,2023,May,0
Monaco,2023,June,
Monaco,2023,July,0
Monaco,2023,August,
Monaco,2023,September,
Monaco,2023,October,0
Monaco,2023,November,
Monaco,2023,December,0
Monaco,2023,Total,10
Monaco,2024,January,
Monaco,2024,February,
Monaco,2024,March,0
Monaco,2024,April,
Monaco,2024,May,0
Monaco,2024,June,
Monaco,2024,July,0
Monaco,2024,August,
Monaco,2024,September,0
Monaco,2024,October,
Monaco,2024,November,0
Monaco,2024,December,0
Monaco,2024,Total,10
Monaco,2025,January,
Monaco,2025,February,
Monaco,2025,March,0
Monaco,2025,April,0
Monaco,2025,May,
Monaco,2025,June,
Monaco,2025,July,
Monaco,2025,August,
Monaco,2025,September,
Monaco,2025,October,0
Monaco,2025,November,0
Monaco,2025,December,
Monaco,2025,Total,10
Monaco,2026,January,0
Monaco,2026,February,
Monaco,2026,March,0
Monaco,2026,April,
Monaco,2026,May,
Monaco,2026,Total,5
"Mongolia, People's Republic of",2023,January,360
"Mongolia, People's Republic of",2023,February,315
"Mongolia, People's Republic of",2023,March,325
"Mongolia, People's Republic of",2023,April,355
"Mongolia, People's Republic of",2023,May,430
"Mongolia, People's Republic of",2023,June,390
"Mongolia, People's Republic of",2023,July,305
"Mongolia, People's Republic of",2023,August,395
"Mongolia, People's Republic of",2023,September,270
"Mongolia, People's Republic of",2023,October,320
"Mongolia, People's Republic of",2023,November,270
"Mongolia, People's Republic of",2023,December,325
"Mongolia, People's Republic of",2023,Total,4060
"Mongolia, People's Republic of",2024,January,550
"Mongolia, People's Republic of",2024,February,365
"Mongolia, People's Republic of",2024,March,455
"Mongolia, People's Republic of",2024,April,545
"Mongolia, People's Republic of",2024,May,575
"Mongolia, People's Republic of",2024,June,455
"Mongolia, People's Republic of",2024,July,410
"Mongolia, People's Republic of",2024,August,395
"Mongolia, People's Republic of",2024,September,345
"Mongolia, People's Republic of",2024,October,365
"Mongolia, People's Republic of",2024,November,370
"Mongolia, People's Republic of",2024,December,275
"Mongolia, People's Republic of",2024,Total,5105
"Mongolia, People's Republic of",2025,January,625
"Mongolia, People's Republic of",2025,February,375
"Mongolia, People's Republic of",2025,March,355
"Mongolia, People's Republic of",2025,April,485
"Mongolia, People's Republic of",2025,May,435
"Mongolia, People's Republic of",2025,June,395
"Mongolia, People's Republic of",2025,July,325
"Mongolia, People's Republic of",2025,August,370
"Mongolia, People's Republic of",2025,September,300
"Mongolia, People's Republic of",2025,October,315
"Mongolia, People's Republic of",2025,November,355
"Mongolia, People's Republic of",2025,December,335
"Mongolia, People's Republic of",2025,Total,4675
"Mongolia, People's Republic of",2026,January,435
"Mongolia, People's Republic of",2026,February,370
"Mongolia, People's Republic of",2026,March,415
"Mongolia, People's Republic of",2026,April,485
"Mongolia, People's Republic of",2026,May,425
"Mongolia, People's Republic of",2026,Total,2135
"Montenegro, Republic of",2023,January,25
"Montenegro, Republic of",2023,February,30
"Montenegro, Republic of",2023,March,60
"Montenegro, Republic of",2023,April,40
"Montenegro, Republic of",2023,May,65
"Montenegro, Republic of",2023,June,40
"Montenegro, Republic of",2023,July,40
"Montenegro, Republic of",2023,August,35
"Montenegro, Republic of",2023,September,30
"Montenegro, Republic of",2023,October,30
"Montenegro, Republic of",2023,November,40
"Montenegro, Republic of",2023,December,30
"Montenegro, Republic of",2023,Total,465
"Montenegro, Republic of",2024,January,25
"Montenegro, Republic of",2024,February,45
"Montenegro, Republic of",2024,March,45
"Montenegro, Republic of",2024,April,35
"Montenegro, Republic of",2024,May,35
"Montenegro, Republic of",2024,June,20
"Montenegro, Republic of",2024,July,25
"Montenegro, Republic of",2024,August,20
"Montenegro, Republic of",2024,September,30
"Montenegro, Republic of",2024,October,35
"Montenegro, Republic of",2024,November,20
"Montenegro, Republic of",2024,December,25
"Montenegro, Republic of",2024,Total,360
"Montenegro, Republic of",2025,January,25
"Montenegro, Republic of",2025,February,20
"Montenegro, Republic of",2025,March,25
"Montenegro, Republic of",2025,April,30
"Montenegro, Republic of",2025,May,30
"Montenegro, Republic of",2025,June,30
"Montenegro, Republic of",2025,July,30
"Montenegro, Republic of",2025,August,25
"Montenegro, Republic of",2025,September,30
"Montenegro, Republic of",2025,October,10
"Montenegro, Republic of",2025,November,35
"Montenegro, Republic of",2025,December,10
"Montenegro, Republic of",2025,Total,305
"Montenegro, Republic of",2026,January,15
"Montenegro, Republic of",2026,February,50
"Montenegro, Republic of",2026,March,40
"Montenegro, Republic of",2026,April,30
"Montenegro, Republic of",2026,May,25
"Montenegro, Republic of",2026,Total,160
Morocco,2023,January,3515
Morocco,2023,February,3935
Morocco,2023,March,4835
Morocco,2023,April,4375
Morocco,2023,May,5580
Morocco,2023,June,4920
Morocco,2023,July,4350
Morocco,2023,August,3780
Morocco,2023,September,3750
Morocco,2023,October,4395
Morocco,2023,November,5780
Morocco,2023,December,4855
Morocco,2023,Total,54065
Morocco,2024,January,4570
Morocco,2024,February,5420
Morocco,2024,March,6050
Morocco,2024,April,4470
Morocco,2024,May,5370
Morocco,2024,June,4395
Morocco,2024,July,4605
Morocco,2024,August,3805
Morocco,2024,September,3300
Morocco,2024,October,3925
Morocco,2024,November,3310
Morocco,2024,December,3110
Morocco,2024,Total,52320
Morocco,2025,January,4100
Morocco,2025,February,3065
Morocco,2025,March,3270
Morocco,2025,April,3175
Morocco,2025,May,3925
Morocco,2025,June,3640
Morocco,2025,July,3695
Morocco,2025,August,2800
Morocco,2025,September,2635
Morocco,2025,October,2875
Morocco,2025,November,2760
Morocco,2025,December,2970
Morocco,2025,Total,38910
Morocco,2026,January,2855
Morocco,2026,February,2985
Morocco,2026,March,3675
Morocco,2026,April,3880
Morocco,2026,May,3770
Morocco,2026,Total,17165
Mozambique,2023,January,10
Mozambique,2023,February,25
Mozambique,2023,March,30
Mozambique,2023,April,35
Mozambique,2023,May,45
Mozambique,2023,June,50
Mozambique,2023,July,30
Mozambique,2023,August,50
Mozambique,2023,September,40
Mozambique,2023,October,20
Mozambique,2023,November,30
Mozambique,2023,December,25
Mozambique,2023,Total,385
Mozambique,2024,January,20
Mozambique,2024,February,30
Mozambique,2024,March,40
Mozambique,2024,April,40
Mozambique,2024,May,50
Mozambique,2024,June,45
Mozambique,2024,July,50
Mozambique,2024,August,25
Mozambique,2024,September,25
Mozambique,2024,October,30
Mozambique,2024,November,25
Mozambique,2024,December,15
Mozambique,2024,Total,395
Mozambique,2025,January,25
Mozambique,2025,February,30
Mozambique,2025,March,15
Mozambique,2025,April,50
Mozambique,2025,May,30
Mozambique,2025,June,25
Mozambique,2025,July,55
Mozambique,2025,August,40
Mozambique,2025,September,25
Mozambique,2025,October,25
Mozambique,2025,November,20
Mozambique,2025,December,25
Mozambique,2025,Total,360
Mozambique,2026,January,25
Mozambique,2026,February,30
Mozambique,2026,March,50
Mozambique,2026,April,30
Mozambique,2026,May,40
Mozambique,2026,Total,175
Myanmar (Burma),2023,January,185
Myanmar (Burma),2023,February,170
Myanmar (Burma),2023,March,230
Myanmar (Burma),2023,April,235
Myanmar (Burma),2023,May,330
Myanmar (Burma),2023,June,335
Myanmar (Burma),2023,July,300
Myanmar (Burma),2023,August,240
Myanmar (Burma),2023,September,295
Myanmar (Burma),2023,October,280
Myanmar (Burma),2023,November,290
Myanmar (Burma),2023,December,350
Myanmar (Burma),2023,Total,3240
Myanmar (Burma),2024,January,285
Myanmar (Burma),2024,February,215
Myanmar (Burma),2024,March,320
Myanmar (Burma),2024,April,355
Myanmar (Burma),2024,May,480
Myanmar (Burma),2024,June,445
Myanmar (Burma),2024,July,445
Myanmar (Burma),2024,August,300
Myanmar (Burma),2024,September,275
Myanmar (Burma),2024,October,350
Myanmar (Burma),2024,November,345
Myanmar (Burma),2024,December,240
Myanmar (Burma),2024,Total,4060
Myanmar (Burma),2025,January,330
Myanmar (Burma),2025,February,220
Myanmar (Burma),2025,March,270
Myanmar (Burma),2025,April,270
Myanmar (Burma),2025,May,375
Myanmar (Burma),2025,June,385
Myanmar (Burma),2025,July,405
Myanmar (Burma),2025,August,270
Myanmar (Burma),2025,September,310
Myanmar (Burma),2025,October,380
Myanmar (Burma),2025,November,350
Myanmar (Burma),2025,December,275
Myanmar (Burma),2025,Total,3835
Myanmar (Burma),2026,January,250
Myanmar (Burma),2026,February,305
Myanmar (Burma),2026,March,345
Myanmar (Burma),2026,April,325
Myanmar (Burma),2026,May,465
Myanmar (Burma),2026,Total,1690
Namibia,2023,January,30
Namibia,2023,February,50
Namibia,2023,March,55
Namibia,2023,April,40
Namibia,2023,May,45
Namibia,2023,June,50
Namibia,2023,July,40
Namibia,2023,August,40
Namibia,2023,September,45
Namibia,2023,October,45
Namibia,2023,November,25
Namibia,2023,December,55
Namibia,2023,Total,520
Namibia,2024,January,45
Namibia,2024,February,65
Namibia,2024,March,65
Namibia,2024,April,45
Namibia,2024,May,60
Namibia,2024,June,55
Namibia,2024,July,40
Namibia,2024,August,60
Namibia,2024,September,40
Namibia,2024,October,25
Namibia,2024,November,25
Namibia,2024,December,35
Namibia,2024,Total,555
Namibia,2025,January,40
Namibia,2025,February,30
Namibia,2025,March,35
Namibia,2025,April,25
Namibia,2025,May,25
Namibia,2025,June,40
Namibia,2025,July,40
Namibia,2025,August,30
Namibia,2025,September,35
Namibia,2025,October,15
Namibia,2025,November,40
Namibia,2025,December,35
Namibia,2025,Total,395
Namibia,2026,January,35
Namibia,2026,February,65
Namibia,2026,March,50
Namibia,2026,April,35
Namibia,2026,May,40
Namibia,2026,Total,215
Nauru,2023,January,0
Nauru,2023,February,0
Nauru,2023,March,
Nauru,2023,April,
Nauru,2023,May,5
Nauru,2023,June,0
Nauru,2023,July,5
Nauru,2023,August,
Nauru,2023,September,0
Nauru,2023,October,0
Nauru,2023,November,0
Nauru,2023,December,0
Nauru,2023,Total,15
Nauru,2024,January,
Nauru,2024,February,
Nauru,2024,March,0
Nauru,2024,April,0
Nauru,2024,May,
Nauru,2024,June,
Nauru,2024,July,
Nauru,2024,August,
Nauru,2024,September,0
Nauru,2024,October,0
Nauru,2024,November,0
Nauru,2024,December,0
Nauru,2024,Total,5
Nauru,2025,January,0
Nauru,2025,February,0
Nauru,2025,March,0
Nauru,2025,April,0
Nauru,2025,May,
Nauru,2025,June,0
Nauru,2025,July,0
Nauru,2025,August,0
Nauru,2025,September,0
Nauru,2025,October,0
Nauru,2025,November,0
Nauru,2025,December,0
Nauru,2025,Total,
Nauru,2026,January,0
Nauru,2026,February,0
Nauru,2026,March,0
Nauru,2026,April,0
Nauru,2026,May,
Nauru,2026,Total,
Nepal,2023,January,3440
Nepal,2023,February,3950
Nepal,2023,March,4600
Nepal,2023,April,4525
Nepal,2023,May,6195
Nepal,2023,June,6035
Nepal,2023,July,5415
Nepal,2023,August,5320
Nepal,2023,September,6075
Nepal,2023,October,5870
Nepal,2023,November,3845
Nepal,2023,December,4600
Nepal,2023,Total,59865
Nepal,2024,January,5860
Nepal,2024,February,3805
Nepal,2024,March,3305
Nepal,2024,April,4450
Nepal,2024,May,7840
Nepal,2024,June,5150
Nepal,2024,July,4425
Nepal,2024,August,3955
Nepal,2024,September,4815
Nepal,2024,October,4710
Nepal,2024,November,2800
Nepal,2024,December,3300
Nepal,2024,Total,54410
Nepal,2025,January,5645
Nepal,2025,February,3290
Nepal,2025,March,3615
Nepal,2025,April,3820
Nepal,2025,May,7485
Nepal,2025,June,3910
Nepal,2025,July,3980
Nepal,2025,August,3185
Nepal,2025,September,4015
Nepal,2025,October,2850
Nepal,2025,November,3160
Nepal,2025,December,3200
Nepal,2025,Total,48155
Nepal,2026,January,3705
Nepal,2026,February,3270
Nepal,2026,March,3780
Nepal,2026,April,3535
Nepal,2026,May,4635
Nepal,2026,Total,18925
New Caledonia,2023,January,0
New Caledonia,2023,February,
New Caledonia,2023,March,0
New Caledonia,2023,April,0
New Caledonia,2023,May,0
New Caledonia,2023,June,0
New Caledonia,2023,July,
New Caledonia,2023,August,0
New Caledonia,2023,September,0
New Caledonia,2023,October,0
New Caledonia,2023,November,
New Caledonia,2023,December,0
New Caledonia,2023,Total,
New Caledonia,2024,January,0
New Caledonia,2024,February,0
New Caledonia,2024,March,0
New Caledonia,2024,April,0
New Caledonia,2024,May,0
New Caledonia,2024,June,
New Caledonia,2024,July,
New Caledonia,2024,August,0
New Caledonia,2024,September,0
New Caledonia,2024,October,
New Caledonia,2024,November,0
New Caledonia,2024,December,
New Caledonia,2024,Total,5
New Caledonia,2025,January,0
New Caledonia,2025,February,
New Caledonia,2025,March,
New Caledonia,2025,April,0
New Caledonia,2025,May,0
New Caledonia,2025,June,0
New Caledonia,2025,July,0
New Caledonia,2025,August,
New Caledonia,2025,September,0
New Caledonia,2025,October,0
New Caledonia,2025,November,
New Caledonia,2025,December,0
New Caledonia,2025,Total,
New Caledonia,2026,January,0
New Caledonia,2026,February,0
New Caledonia,2026,March,0
New Caledonia,2026,April,0
New Caledonia,2026,May,0
New Caledonia,2026,Total,0
New Zealand,2023,January,440
New Zealand,2023,February,405
New Zealand,2023,March,275
New Zealand,2023,April,310
New Zealand,2023,May,260
New Zealand,2023,June,315
New Zealand,2023,July,265
New Zealand,2023,August,270
New Zealand,2023,September,220
New Zealand,2023,October,220
New Zealand,2023,November,125
New Zealand,2023,December,80
New Zealand,2023,Total,3175
New Zealand,2024,January,420
New Zealand,2024,February,355
New Zealand,2024,March,260
New Zealand,2024,April,380
New Zealand,2024,May,265
New Zealand,2024,June,220
New Zealand,2024,July,335
New Zealand,2024,August,255
New Zealand,2024,September,255
New Zealand,2024,October,215
New Zealand,2024,November,100
New Zealand,2024,December,95
New Zealand,2024,Total,3165
New Zealand,2025,January,380
New Zealand,2025,February,405
New Zealand,2025,March,290
New Zealand,2025,April,360
New Zealand,2025,May,280
New Zealand,2025,June,255
New Zealand,2025,July,250
New Zealand,2025,August,235
New Zealand,2025,September,230
New Zealand,2025,October,210
New Zealand,2025,November,95
New Zealand,2025,December,105
New Zealand,2025,Total,3090
New Zealand,2026,January,105
New Zealand,2026,February,250
New Zealand,2026,March,705
New Zealand,2026,April,355
New Zealand,2026,May,285
New Zealand,2026,Total,1700
Nicaragua,2023,January,450
Nicaragua,2023,February,410
Nicaragua,2023,March,410
Nicaragua,2023,April,320
Nicaragua,2023,May,335
Nicaragua,2023,June,305
Nicaragua,2023,July,310
Nicaragua,2023,August,305
Nicaragua,2023,September,220
Nicaragua,2023,October,275
Nicaragua,2023,November,315
Nicaragua,2023,December,270
Nicaragua,2023,Total,3925
Nicaragua,2024,January,480
Nicaragua,2024,February,370
Nicaragua,2024,March,280
Nicaragua,2024,April,335
Nicaragua,2024,May,275
Nicaragua,2024,June,290
Nicaragua,2024,July,400
Nicaragua,2024,August,275
Nicaragua,2024,September,240
Nicaragua,2024,October,250
Nicaragua,2024,November,390
Nicaragua,2024,December,255
Nicaragua,2024,Total,3845
Nicaragua,2025,January,560
Nicaragua,2025,February,410
Nicaragua,2025,March,300
Nicaragua,2025,April,285
Nicaragua,2025,May,265
Nicaragua,2025,June,245
Nicaragua,2025,July,290
Nicaragua,2025,August,245
Nicaragua,2025,September,225
Nicaragua,2025,October,290
Nicaragua,2025,November,370
Nicaragua,2025,December,360
Nicaragua,2025,Total,3840
Nicaragua,2026,January,395
Nicaragua,2026,February,305
Nicaragua,2026,March,365
Nicaragua,2026,April,370
Nicaragua,2026,May,380
Nicaragua,2026,Total,1815
Nigeria,2023,January,13020
Nigeria,2023,February,14640
Nigeria,2023,March,18845
Nigeria,2023,April,18710
Nigeria,2023,May,24985
Nigeria,2023,June,28875
Nigeria,2023,July,34805
Nigeria,2023,August,37685
Nigeria,2023,September,35425
Nigeria,2023,October,38865
Nigeria,2023,November,39460
Nigeria,2023,December,34940
Nigeria,2023,Total,340255
Nigeria,2024,January,28105
Nigeria,2024,February,28605
Nigeria,2024,March,31430
Nigeria,2024,April,30060
Nigeria,2024,May,36145
Nigeria,2024,June,30585
Nigeria,2024,July,32625
Nigeria,2024,August,27465
Nigeria,2024,September,25985
Nigeria,2024,October,28160
Nigeria,2024,November,22215
Nigeria,2024,December,19070
Nigeria,2024,Total,340455
Nigeria,2025,January,22095
Nigeria,2025,February,18155
Nigeria,2025,March,20885
Nigeria,2025,April,19735
Nigeria,2025,May,24495
Nigeria,2025,June,20555
Nigeria,2025,July,21455
Nigeria,2025,August,18930
Nigeria,2025,September,19225
Nigeria,2025,October,20885
Nigeria,2025,November,19835
Nigeria,2025,December,18390
Nigeria,2025,Total,244650
Nigeria,2026,January,16560
Nigeria,2026,February,17925
Nigeria,2026,March,22245
Nigeria,2026,April,20665
Nigeria,2026,May,22710
Nigeria,2026,Total,100100
Norway,2023,January,30
Norway,2023,February,35
Norway,2023,March,30
Norway,2023,April,30
Norway,2023,May,50
Norway,2023,June,55
Norway,2023,July,50
Norway,2023,August,35
Norway,2023,September,45
Norway,2023,October,45
Norway,2023,November,25
Norway,2023,December,20
Norway,2023,Total,455
Norway,2024,January,40
Norway,2024,February,40
Norway,2024,March,40
Norway,2024,April,50
Norway,2024,May,45
Norway,2024,June,50
Norway,2024,July,55
Norway,2024,August,30
Norway,2024,September,30
Norway,2024,October,30
Norway,2024,November,15
Norway,2024,December,15
Norway,2024,Total,445
Norway,2025,January,25
Norway,2025,February,25
Norway,2025,March,45
Norway,2025,April,50
Norway,2025,May,65
Norway,2025,June,65
Norway,2025,July,50
Norway,2025,August,25
Norway,2025,September,20
Norway,2025,October,30
Norway,2025,November,25
Norway,2025,December,15
Norway,2025,Total,435
Norway,2026,January,15
Norway,2026,February,45
Norway,2026,March,55
Norway,2026,April,40
Norway,2026,May,60
Norway,2026,Total,210
Oman,2023,January,75
Oman,2023,February,110
Oman,2023,March,105
Oman,2023,April,135
Oman,2023,May,115
Oman,2023,June,75
Oman,2023,July,95
Oman,2023,August,80
Oman,2023,September,40
Oman,2023,October,40
Oman,2023,November,35
Oman,2023,December,50
Oman,2023,Total,955
Oman,2024,January,95
Oman,2024,February,85
Oman,2024,March,125
Oman,2024,April,100
Oman,2024,May,110
Oman,2024,June,80
Oman,2024,July,105
Oman,2024,August,50
Oman,2024,September,55
Oman,2024,October,55
Oman,2024,November,25
Oman,2024,December,55
Oman,2024,Total,940
Oman,2025,January,95
Oman,2025,February,85
Oman,2025,March,115
Oman,2025,April,110
Oman,2025,May,115
Oman,2025,June,90
Oman,2025,July,80
Oman,2025,August,65
Oman,2025,September,60
Oman,2025,October,45
Oman,2025,November,40
Oman,2025,December,65
Oman,2025,Total,965
Oman,2026,January,105
Oman,2026,February,65
Oman,2026,March,95
Oman,2026,April,75
Oman,2026,May,95
Oman,2026,Total,445
Pakistan,2023,January,8235
Pakistan,2023,February,9440
Pakistan,2023,March,11665
Pakistan,2023,April,11090
Pakistan,2023,May,16255
Pakistan,2023,June,20285
Pakistan,2023,July,25830
Pakistan,2023,August,33265
Pakistan,2023,September,29680
Pakistan,2023,October,26945
Pakistan,2023,November,21110
Pakistan,2023,December,18165
Pakistan,2023,Total,231960
Pakistan,2024,January,19105
Pakistan,2024,February,15595
Pakistan,2024,March,15980
Pakistan,2024,April,12725
Pakistan,2024,May,16315
Pakistan,2024,June,12535
Pakistan,2024,July,14250
Pakistan,2024,August,13690
Pakistan,2024,September,12335
Pakistan,2024,October,11920
Pakistan,2024,November,10150
Pakistan,2024,December,9195
Pakistan,2024,Total,163790
Pakistan,2025,January,10055
Pakistan,2025,February,8680
Pakistan,2025,March,9755
Pakistan,2025,April,10185
Pakistan,2025,May,12445
Pakistan,2025,June,10490
Pakistan,2025,July,12680
Pakistan,2025,August,11865
Pakistan,2025,September,11870
Pakistan,2025,October,11510
Pakistan,2025,November,10540
Pakistan,2025,December,9570
Pakistan,2025,Total,129650
Pakistan,2026,January,9990
Pakistan,2026,February,10145
Pakistan,2026,March,10205
Pakistan,2026,April,12335
Pakistan,2026,May,13290
Pakistan,2026,Total,55970
Palestinian Authority (Gaza/West Bank),2023,January,310
Palestinian Authority (Gaza/West Bank),2023,February,345
Palestinian Authority (Gaza/West Bank),2023,March,410
Palestinian Authority (Gaza/West Bank),2023,April,315
Palestinian Authority (Gaza/West Bank),2023,May,440
Palestinian Authority (Gaza/West Bank),2023,June,490
Palestinian Authority (Gaza/West Bank),2023,July,450
Palestinian Authority (Gaza/West Bank),2023,August,465
Palestinian Authority (Gaza/West Bank),2023,September,370
Palestinian Authority (Gaza/West Bank),2023,October,430
Palestinian Authority (Gaza/West Bank),2023,November,550
Palestinian Authority (Gaza/West Bank),2023,December,530
Palestinian Authority (Gaza/West Bank),2023,Total,5105
Palestinian Authority (Gaza/West Bank),2024,January,2135
Palestinian Authority (Gaza/West Bank),2024,February,660
Palestinian Authority (Gaza/West Bank),2024,March,905
Palestinian Authority (Gaza/West Bank),2024,April,1500
Palestinian Authority (Gaza/West Bank),2024,May,1525
Palestinian Authority (Gaza/West Bank),2024,June,1165
Palestinian Authority (Gaza/West Bank),2024,July,1260
Palestinian Authority (Gaza/West Bank),2024,August,960
Palestinian Authority (Gaza/West Bank),2024,September,850
Palestinian Authority (Gaza/West Bank),2024,October,950
Palestinian Authority (Gaza/West Bank),2024,November,825
Palestinian Authority (Gaza/West Bank),2024,December,835
Palestinian Authority (Gaza/West Bank),2024,Total,13570
Palestinian Authority (Gaza/West Bank),2025,January,795
Palestinian Authority (Gaza/West Bank),2025,February,585
Palestinian Authority (Gaza/West Bank),2025,March,475
Palestinian Authority (Gaza/West Bank),2025,April,500
Palestinian Authority (Gaza/West Bank),2025,May,490
Palestinian Authority (Gaza/West Bank),2025,June,440
Palestinian Authority (Gaza/West Bank),2025,July,610
Palestinian Authority (Gaza/West Bank),2025,August,455
Palestinian Authority (Gaza/West Bank),2025,September,480
Palestinian Authority (Gaza/West Bank),2025,October,595
Palestinian Authority (Gaza/West Bank),2025,November,540
Palestinian Authority (Gaza/West Bank),2025,December,465
Palestinian Authority (Gaza/West Bank),2025,Total,6435
Palestinian Authority (Gaza/West Bank),2026,January,470
Palestinian Authority (Gaza/West Bank),2026,February,555
Palestinian Authority (Gaza/West Bank),2026,March,435
Palestinian Authority (Gaza/West Bank),2026,April,485
Palestinian Authority (Gaza/West Bank),2026,May,1345
Palestinian Authority (Gaza/West Bank),2026,Total,3285
"Panama, Republic of",2023,January,255
"Panama, Republic of",2023,February,305
"Panama, Republic of",2023,March,380
"Panama, Republic of",2023,April,310
"Panama, Republic of",2023,May,370
"Panama, Republic of",2023,June,215
"Panama, Republic of",2023,July,150
"Panama, Republic of",2023,August,155
"Panama, Republic of",2023,September,130
"Panama, Republic of",2023,October,120
"Panama, Republic of",2023,November,130
"Panama, Republic of",2023,December,100
"Panama, Republic of",2023,Total,2630
"Panama, Republic of",2024,January,155
"Panama, Republic of",2024,February,125
"Panama, Republic of",2024,March,235
"Panama, Republic of",2024,April,170
"Panama, Republic of",2024,May,270
"Panama, Republic of",2024,June,185
"Panama, Republic of",2024,July,130
"Panama, Republic of",2024,August,140
"Panama, Republic of",2024,September,105
"Panama, Republic of",2024,October,130
"Panama, Republic of",2024,November,100
"Panama, Republic of",2024,December,100
"Panama, Republic of",2024,Total,1840
"Panama, Republic of",2025,January,165
"Panama, Republic of",2025,February,120
"Panama, Republic of",2025,March,110
"Panama, Republic of",2025,April,120
"Panama, Republic of",2025,May,140
"Panama, Republic of",2025,June,140
"Panama, Republic of",2025,July,120
"Panama, Republic of",2025,August,105
"Panama, Republic of",2025,September,100
"Panama, Republic of",2025,October,105
"Panama, Republic of",2025,November,100
"Panama, Republic of",2025,December,165
"Panama, Republic of",2025,Total,1490
"Panama, Republic of",2026,January,160
"Panama, Republic of",2026,February,175
"Panama, Republic of",2026,March,260
"Panama, Republic of",2026,April,250
"Panama, Republic of",2026,May,235
"Panama, Republic of",2026,Total,1075
Papua New Guinea,2023,January,0
Papua New Guinea,2023,February,
Papua New Guinea,2023,March,0
Papua New Guinea,2023,April,0
Papua New Guinea,2023,May,
Papua New Guinea,2023,June,
Papua New Guinea,2023,July,
Papua New Guinea,2023,August,0
Papua New Guinea,2023,September,
Papua New Guinea,2023,October,
Papua New Guinea,2023,November,
Papua New Guinea,2023,December,
Papua New Guinea,2023,Total,15
Papua New Guinea,2024,January,0
Papua New Guinea,2024,February,
Papua New Guinea,2024,March,
Papua New Guinea,2024,April,0
Papua New Guinea,2024,May,
Papua New Guinea,2024,June,
Papua New Guinea,2024,July,
Papua New Guinea,2024,August,
Papua New Guinea,2024,September,
Papua New Guinea,2024,October,5
Papua New Guinea,2024,November,0
Papua New Guinea,2024,December,
Papua New Guinea,2024,Total,25
Papua New Guinea,2025,January,
Papua New Guinea,2025,February,
Papua New Guinea,2025,March,
Papua New Guinea,2025,April,
Papua New Guinea,2025,May,0
Papua New Guinea,2025,June,
Papua New Guinea,2025,July,
Papua New Guinea,2025,August,5
Papua New Guinea,2025,September,0
Papua New Guinea,2025,October,10
Papua New Guinea,2025,November,
Papua New Guinea,2025,December,
Papua New Guinea,2025,Total,35
Papua New Guinea,2026,January,
Papua New Guinea,2026,February,
Papua New Guinea,2026,March,
Papua New Guinea,2026,April,0
Papua New Guinea,2026,May,
Papua New Guinea,2026,Total,10
Paraguay,2023,January,55
Paraguay,2023,February,65
Paraguay,2023,March,100
Paraguay,2023,April,85
Paraguay,2023,May,105
Paraguay,2023,June,85
Paraguay,2023,July,80
Paraguay,2023,August,60
Paraguay,2023,September,55
Paraguay,2023,October,60
Paraguay,2023,November,75
Paraguay,2023,December,60
Paraguay,2023,Total,880
Paraguay,2024,January,90
Paraguay,2024,February,100
Paraguay,2024,March,105
Paraguay,2024,April,85
Paraguay,2024,May,105
Paraguay,2024,June,100
Paraguay,2024,July,125
Paraguay,2024,August,75
Paraguay,2024,September,70
Paraguay,2024,October,70
Paraguay,2024,November,50
Paraguay,2024,December,65
Paraguay,2024,Total,1030
Paraguay,2025,January,55
Paraguay,2025,February,80
Paraguay,2025,March,85
Paraguay,2025,April,75
Paraguay,2025,May,80
Paraguay,2025,June,100
Paraguay,2025,July,80
Paraguay,2025,August,70
Paraguay,2025,September,65
Paraguay,2025,October,75
Paraguay,2025,November,50
Paraguay,2025,December,50
Paraguay,2025,Total,865
Paraguay,2026,January,80
Paraguay,2026,February,90
Paraguay,2026,March,115
Paraguay,2026,April,110
Paraguay,2026,May,100
Paraguay,2026,Total,495
People's Republic of China,2023,January,23905
People's Republic of China,2023,February,33760
People's Republic of China,2023,March,49495
People's Republic of China,2023,April,46335
People's Republic of China,2023,May,52300
People's Republic of China,2023,June,47835
People's Republic of China,2023,July,43975
People's Republic of China,2023,August,39100
People's Republic of China,2023,September,39075
People's Republic of China,2023,October,36345
People's Republic of China,2023,November,37595
People's Republic of China,2023,December,34115
People's Republic of China,2023,Total,483835
People's Republic of China,2024,January,37500
People's Republic of China,2024,February,31885
People's Republic of China,2024,March,51705
People's Republic of China,2024,April,54665
People's Republic of China,2024,May,52965
People's Republic of China,2024,June,45875
People's Republic of China,2024,July,40600
People's Republic of China,2024,August,34475
People's Republic of China,2024,September,38385
People's Republic of China,2024,October,38115
People's Republic of China,2024,November,33630
People's Republic of China,2024,December,29580
People's Republic of China,2024,Total,489390
People's Republic of China,2025,January,30980
People's Republic of China,2025,February,32510
People's Republic of China,2025,March,44155
People's Republic of China,2025,April,43695
People's Republic of China,2025,May,44270
People's Republic of China,2025,June,40700
People's Republic of China,2025,July,36365
People's Republic of China,2025,August,29095
People's Republic of China,2025,September,32600
People's Republic of China,2025,October,28335
People's Republic of China,2025,November,29815
People's Republic of China,2025,December,29405
People's Republic of China,2025,Total,421925
People's Republic of China,2026,January,31830
People's Republic of China,2026,February,25845
People's Republic of China,2026,March,42035
People's Republic of China,2026,April,42510
People's Republic of China,2026,May,43340
People's Republic of China,2026,Total,185560
Peoples Republic of Benin,2023,January,330
Peoples Republic of Benin,2023,February,385
Peoples Republic of Benin,2023,March,580
Peoples Republic of Benin,2023,April,530
Peoples Republic of Benin,2023,May,695
Peoples Republic of Benin,2023,June,920
Peoples Republic of Benin,2023,July,845
Peoples Republic of Benin,2023,August,655
Peoples Republic of Benin,2023,September,710
Peoples Republic of Benin,2023,October,780
Peoples Republic of Benin,2023,November,795
Peoples Republic of Benin,2023,December,645
Peoples Republic of Benin,2023,Total,7870
Peoples Republic of Benin,2024,January,630
Peoples Republic of Benin,2024,February,585
Peoples Republic of Benin,2024,March,790
Peoples Republic of Benin,2024,April,820
Peoples Republic of Benin,2024,May,1010
Peoples Republic of Benin,2024,June,1045
Peoples Republic of Benin,2024,July,1105
Peoples Republic of Benin,2024,August,785
Peoples Republic of Benin,2024,September,595
Peoples Republic of Benin,2024,October,710
Peoples Republic of Benin,2024,November,580
Peoples Republic of Benin,2024,December,485
Peoples Republic of Benin,2024,Total,9150
Peoples Republic of Benin,2025,January,515
Peoples Republic of Benin,2025,February,500
Peoples Republic of Benin,2025,March,610
Peoples Republic of Benin,2025,April,630
Peoples Republic of Benin,2025,May,730
Peoples Republic of Benin,2025,June,725
Peoples Republic of Benin,2025,July,700
Peoples Republic of Benin,2025,August,505
Peoples Republic of Benin,2025,September,460
Peoples Republic of Benin,2025,October,460
Peoples Republic of Benin,2025,November,405
Peoples Republic of Benin,2025,December,425
Peoples Republic of Benin,2025,Total,6665
Peoples Republic of Benin,2026,January,425
Peoples Republic of Benin,2026,February,440
Peoples Republic of Benin,2026,March,585
Peoples Republic of Benin,2026,April,580
Peoples Republic of Benin,2026,May,580
Peoples Republic of Benin,2026,Total,2610
Peru,2023,January,2195
Peru,2023,February,2175
Peru,2023,March,2445
Peru,2023,April,2265
Peru,2023,May,2745
Peru,2023,June,2505
Peru,2023,July,2165
Peru,2023,August,2125
Peru,2023,September,2210
Peru,2023,October,1960
Peru,2023,November,1915
Peru,2023,December,1870
Peru,2023,Total,26585
Peru,2024,January,2335
Peru,2024,February,2325
Peru,2024,March,2385
Peru,2024,April,2760
Peru,2024,May,3000
Peru,2024,June,2480
Peru,2024,July,2600
Peru,2024,August,2150
Peru,2024,September,2005
Peru,2024,October,2280
Peru,2024,November,1670
Peru,2024,December,1435
Peru,2024,Total,27420
Peru,2025,January,2130
Peru,2025,February,1995
Peru,2025,March,2190
Peru,2025,April,2365
Peru,2025,May,2715
Peru,2025,June,2295
Peru,2025,July,2260
Peru,2025,August,2040
Peru,2025,September,2025
Peru,2025,October,2280
Peru,2025,November,2260
Peru,2025,December,2130
Peru,2025,Total,26680
Peru,2026,January,2570
Peru,2026,February,2465
Peru,2026,March,2890
Peru,2026,April,2995
Peru,2026,May,3030
Peru,2026,Total,13945
Philippines,2023,January,18060
Philippines,2023,February,18850
Philippines,2023,March,23175
Philippines,2023,April,21370
Philippines,2023,May,30055
Philippines,2023,June,22865
Philippines,2023,July,21010
Philippines,2023,August,19885
Philippines,2023,September,20175
Philippines,2023,October,20020
Philippines,2023,November,19055
Philippines,2023,December,19860
Philippines,2023,Total,254380
Philippines,2024,January,19915
Philippines,2024,February,18755
Philippines,2024,March,20170
Philippines,2024,April,21055
Philippines,2024,May,29055
Philippines,2024,June,19595
Philippines,2024,July,20235
Philippines,2024,August,18965
Philippines,2024,September,19225
Philippines,2024,October,20315
Philippines,2024,November,14880
Philippines,2024,December,13315
Philippines,2024,Total,235475
Philippines,2025,January,21205
Philippines,2025,February,13210
Philippines,2025,March,15095
Philippines,2025,April,15360
Philippines,2025,May,20940
Philippines,2025,June,14575
Philippines,2025,July,14225
Philippines,2025,August,12095
Philippines,2025,September,12845
Philippines,2025,October,12395
Philippines,2025,November,11095
Philippines,2025,December,10740
Philippines,2025,Total,173780
Philippines,2026,January,13335
Philippines,2026,February,11990
Philippines,2026,March,14345
Philippines,2026,April,12660
Philippines,2026,May,14870
Philippines,2026,Total,67200
Poland,2023,January,275
Poland,2023,February,215
Poland,2023,March,210
Poland,2023,April,205
Poland,2023,May,205
Poland,2023,June,210
Poland,2023,July,210
Poland,2023,August,205
Poland,2023,September,185
Poland,2023,October,190
Poland,2023,November,160
Poland,2023,December,115
Poland,2023,Total,2375
Poland,2024,January,190
Poland,2024,February,190
Poland,2024,March,220
Poland,2024,April,205
Poland,2024,May,195
Poland,2024,June,180
Poland,2024,July,185
Poland,2024,August,145
Poland,2024,September,195
Poland,2024,October,165
Poland,2024,November,135
Poland,2024,December,115
Poland,2024,Total,2130
Poland,2025,January,205
Poland,2025,February,175
Poland,2025,March,165
Poland,2025,April,185
Poland,2025,May,175
Poland,2025,June,210
Poland,2025,July,210
Poland,2025,August,155
Poland,2025,September,135
Poland,2025,October,150
Poland,2025,November,110
Poland,2025,December,145
Poland,2025,Total,2015
Poland,2026,January,85
Poland,2026,February,230
Poland,2026,March,215
Poland,2026,April,170
Poland,2026,May,165
Poland,2026,Total,865
Portugal,2023,January,370
Portugal,2023,February,335
Portugal,2023,March,310
Portugal,2023,April,275
Portugal,2023,May,325
Portugal,2023,June,450
Portugal,2023,July,330
Portugal,2023,August,270
Portugal,2023,September,325
Portugal,2023,October,285
Portugal,2023,November,240
Portugal,2023,December,205
Portugal,2023,Total,3720
Portugal,2024,January,370
Portugal,2024,February,300
Portugal,2024,March,300
Portugal,2024,April,315
Portugal,2024,May,385
Portugal,2024,June,240
Portugal,2024,July,275
Portugal,2024,August,255
Portugal,2024,September,290
Portugal,2024,October,315
Portugal,2024,November,210
Portugal,2024,December,195
Portugal,2024,Total,3445
Portugal,2025,January,260
Portugal,2025,February,240
Portugal,2025,March,255
Portugal,2025,April,255
Portugal,2025,May,230
Portugal,2025,June,230
Portugal,2025,July,235
Portugal,2025,August,215
Portugal,2025,September,215
Portugal,2025,October,190
Portugal,2025,November,145
Portugal,2025,December,150
Portugal,2025,Total,2625
Portugal,2026,January,145
Portugal,2026,February,295
Portugal,2026,March,270
Portugal,2026,April,230
Portugal,2026,May,240
Portugal,2026,Total,1180
Qatar,2023,January,25
Qatar,2023,February,40
Qatar,2023,March,60
Qatar,2023,April,80
Qatar,2023,May,95
Qatar,2023,June,70
Qatar,2023,July,85
Qatar,2023,August,60
Qatar,2023,September,35
Qatar,2023,October,30
Qatar,2023,November,25
Qatar,2023,December,35
Qatar,2023,Total,650
Qatar,2024,January,35
Qatar,2024,February,35
Qatar,2024,March,60
Qatar,2024,April,30
Qatar,2024,May,110
Qatar,2024,June,65
Qatar,2024,July,45
Qatar,2024,August,40
Qatar,2024,September,210
Qatar,2024,October,60
Qatar,2024,November,30
Qatar,2024,December,20
Qatar,2024,Total,735
Qatar,2025,January,40
Qatar,2025,February,45
Qatar,2025,March,60
Qatar,2025,April,50
Qatar,2025,May,60
Qatar,2025,June,70
Qatar,2025,July,55
Qatar,2025,August,55
Qatar,2025,September,55
Qatar,2025,October,35
Qatar,2025,November,25
Qatar,2025,December,5
Qatar,2025,Total,560
Qatar,2026,January,15
Qatar,2026,February,10
Qatar,2026,March,25
Qatar,2026,April,15
Qatar,2026,May,15
Qatar,2026,Total,80
Republic of Djibouti,2023,January,65
Republic of Djibouti,2023,February,85
Republic of Djibouti,2023,March,125
Republic of Djibouti,2023,April,100
Republic of Djibouti,2023,May,210
Republic of Djibouti,2023,June,395
Republic of Djibouti,2023,July,595
Republic of Djibouti,2023,August,770
Republic of Djibouti,2023,September,585
Republic of Djibouti,2023,October,505
Republic of Djibouti,2023,November,420
Republic of Djibouti,2023,December,330
Republic of Djibouti,2023,Total,4190
Republic of Djibouti,2024,January,205
Republic of Djibouti,2024,February,175
Republic of Djibouti,2024,March,185
Republic of Djibouti,2024,April,110
Republic of Djibouti,2024,May,140
Republic of Djibouti,2024,June,135
Republic of Djibouti,2024,July,160
Republic of Djibouti,2024,August,115
Republic of Djibouti,2024,September,60
Republic of Djibouti,2024,October,105
Republic of Djibouti,2024,November,75
Republic of Djibouti,2024,December,50
Republic of Djibouti,2024,Total,1520
Republic of Djibouti,2025,January,55
Republic of Djibouti,2025,February,55
Republic of Djibouti,2025,March,55
Republic of Djibouti,2025,April,75
Republic of Djibouti,2025,May,100
Republic of Djibouti,2025,June,80
Republic of Djibouti,2025,July,85
Republic of Djibouti,2025,August,105
Republic of Djibouti,2025,September,75
Republic of Djibouti,2025,October,65
Republic of Djibouti,2025,November,75
Republic of Djibouti,2025,December,70
Republic of Djibouti,2025,Total,895
Republic of Djibouti,2026,January,90
Republic of Djibouti,2026,February,60
Republic of Djibouti,2026,March,55
Republic of Djibouti,2026,April,75
Republic of Djibouti,2026,May,115
Republic of Djibouti,2026,Total,390
Republic of Indonesia,2023,January,1415
Republic of Indonesia,2023,February,1915
Republic of Indonesia,2023,March,2390
Republic of Indonesia,2023,April,1855
Republic of Indonesia,2023,May,2780
Republic of Indonesia,2023,June,2135
Republic of Indonesia,2023,July,2180
Republic of Indonesia,2023,August,1875
Republic of Indonesia,2023,September,1515
Republic of Indonesia,2023,October,1285
Republic of Indonesia,2023,November,1120
Republic of Indonesia,2023,December,845
Republic of Indonesia,2023,Total,21305
Republic of Indonesia,2024,January,1565
Republic of Indonesia,2024,February,1720
Republic of Indonesia,2024,March,2100
Republic of Indonesia,2024,April,1835
Republic of Indonesia,2024,May,2300
Republic of Indonesia,2024,June,1915
Republic of Indonesia,2024,July,2140
Republic of Indonesia,2024,August,1710
Republic of Indonesia,2024,September,1555
Republic of Indonesia,2024,October,1530
Republic of Indonesia,2024,November,1120
Republic of Indonesia,2024,December,855
Republic of Indonesia,2024,Total,20345
Republic of Indonesia,2025,January,1340
Republic of Indonesia,2025,February,1630
Republic of Indonesia,2025,March,1785
Republic of Indonesia,2025,April,1630
Republic of Indonesia,2025,May,2040
Republic of Indonesia,2025,June,1660
Republic of Indonesia,2025,July,1595
Republic of Indonesia,2025,August,1285
Republic of Indonesia,2025,September,1385
Republic of Indonesia,2025,October,1130
Republic of Indonesia,2025,November,1010
Republic of Indonesia,2025,December,875
Republic of Indonesia,2025,Total,17365
Republic of Indonesia,2026,January,1395
Republic of Indonesia,2026,February,1460
Republic of Indonesia,2026,March,1625
Republic of Indonesia,2026,April,2105
Republic of Indonesia,2026,May,1860
Republic of Indonesia,2026,Total,8445
Republic of Ireland,2023,January,1115
Republic of Ireland,2023,February,1465
Republic of Ireland,2023,March,920
Republic of Ireland,2023,April,765
Republic of Ireland,2023,May,570
Republic of Ireland,2023,June,535
Republic of Ireland,2023,July,490
Republic of Ireland,2023,August,530
Republic of Ireland,2023,September,440
Republic of Ireland,2023,October,520
Republic of Ireland,2023,November,315
Republic of Ireland,2023,December,175
Republic of Ireland,2023,Total,7840
Republic of Ireland,2024,January,935
Republic of Ireland,2024,February,1080
Republic of Ireland,2024,March,725
Republic of Ireland,2024,April,940
Republic of Ireland,2024,May,630
Republic of Ireland,2024,June,460
Republic of Ireland,2024,July,580
Republic of Ireland,2024,August,470
Republic of Ireland,2024,September,410
Republic of Ireland,2024,October,455
Republic of Ireland,2024,November,270
Republic of Ireland,2024,December,180
Republic of Ireland,2024,Total,7135
Republic of Ireland,2025,January,750
Republic of Ireland,2025,February,1155
Republic of Ireland,2025,March,655
Republic of Ireland,2025,April,760
Republic of Ireland,2025,May,520
Republic of Ireland,2025,June,455
Republic of Ireland,2025,July,485
Republic of Ireland,2025,August,410
Republic of Ireland,2025,September,405
Republic of Ireland,2025,October,405
Republic of Ireland,2025,November,230
Republic of Ireland,2025,December,155
Republic of Ireland,2025,Total,6385
Republic of Ireland,2026,January,545
Republic of Ireland,2026,February,1535
Republic of Ireland,2026,March,945
Republic of Ireland,2026,April,775
Republic of Ireland,2026,May,540
Republic of Ireland,2026,Total,4340
Republic of Ivory Coast,2023,January,1095
Republic of Ivory Coast,2023,February,1385
Republic of Ivory Coast,2023,March,2000
Republic of Ivory Coast,2023,April,1855
Republic of Ivory Coast,2023,May,2495
Republic of Ivory Coast,2023,June,2975
Republic of Ivory Coast,2023,July,2820
Republic of Ivory Coast,2023,August,2465
Republic of Ivory Coast,2023,September,2150
Republic of Ivory Coast,2023,October,2280
Republic of Ivory Coast,2023,November,2515
Republic of Ivory Coast,2023,December,2120
Republic of Ivory Coast,2023,Total,26160
Republic of Ivory Coast,2024,January,1810
Republic of Ivory Coast,2024,February,1730
Republic of Ivory Coast,2024,March,2300
Republic of Ivory Coast,2024,April,2335
Republic of Ivory Coast,2024,May,2970
Republic of Ivory Coast,2024,June,2850
Republic of Ivory Coast,2024,July,3105
Republic of Ivory Coast,2024,August,2445
Republic of Ivory Coast,2024,September,2145
Republic of Ivory Coast,2024,October,2420
Republic of Ivory Coast,2024,November,1970
Republic of Ivory Coast,2024,December,1775
Republic of Ivory Coast,2024,Total,27850
Republic of Ivory Coast,2025,January,2280
Republic of Ivory Coast,2025,February,1975
Republic of Ivory Coast,2025,March,2220
Republic of Ivory Coast,2025,April,2275
Republic of Ivory Coast,2025,May,2300
Republic of Ivory Coast,2025,June,2315
Republic of Ivory Coast,2025,July,2375
Republic of Ivory Coast,2025,August,1940
Republic of Ivory Coast,2025,September,1580
Republic of Ivory Coast,2025,October,1670
Republic of Ivory Coast,2025,November,1555
Republic of Ivory Coast,2025,December,1450
Republic of Ivory Coast,2025,Total,23935
Republic of Ivory Coast,2026,January,1470
Republic of Ivory Coast,2026,February,1675
Republic of Ivory Coast,2026,March,2190
Republic of Ivory Coast,2026,April,2025
Republic of Ivory Coast,2026,May,2180
Republic of Ivory Coast,2026,Total,9535
Republic of Palau,2023,January,
Republic of Palau,2023,February,0
Republic of Palau,2023,March,0
Republic of Palau,2023,April,0
Republic of Palau,2023,May,
Republic of Palau,2023,June,
Republic of Palau,2023,July,0
Republic of Palau,2023,August,
Republic of Palau,2023,September,0
Republic of Palau,2023,October,0
Republic of Palau,2023,November,0
Republic of Palau,2023,December,0
Republic of Palau,2023,Total,10
Republic of Palau,2024,January,
Republic of Palau,2024,February,0
Republic of Palau,2024,March,
Republic of Palau,2024,April,
Republic of Palau,2024,May,
Republic of Palau,2024,June,5
Republic of Palau,2024,July,
Republic of Palau,2024,August,
Republic of Palau,2024,September,0
Republic of Palau,2024,October,0
Republic of Palau,2024,November,0
Republic of Palau,2024,December,0
Republic of Palau,2024,Total,20
Republic of Palau,2025,January,0
Republic of Palau,2025,February,0
Republic of Palau,2025,March,0
Republic of Palau,2025,April,0
Republic of Palau,2025,May,
Republic of Palau,2025,June,0
Republic of Palau,2025,July,0
Republic of Palau,2025,August,
Republic of Palau,2025,September,
Republic of Palau,2025,October,
Republic of Palau,2025,November,0
Republic of Palau,2025,December,
Republic of Palau,2025,Total,15
Republic of Palau,2026,January,
Republic of Palau,2026,February,5
Republic of Palau,2026,March,
Republic of Palau,2026,April,
Republic of Palau,2026,May,0
Republic of Palau,2026,Total,10
Republic of South Africa,2023,January,1140
Republic of South Africa,2023,February,1360
Republic of South Africa,2023,March,1750
Republic of South Africa,2023,April,1390
Republic of South Africa,2023,May,1905
Republic of South Africa,2023,June,1615
Republic of South Africa,2023,July,1575
Republic of South Africa,2023,August,1710
Republic of South Africa,2023,September,1270
Republic of South Africa,2023,October,1160
Republic of South Africa,2023,November,1150
Republic of South Africa,2023,December,1060
Republic of South Africa,2023,Total,17085
Republic of South Africa,2024,January,1315
Republic of South Africa,2024,February,1525
Republic of South Africa,2024,March,1510
Republic of South Africa,2024,April,1480
Republic of South Africa,2024,May,1420
Republic of South Africa,2024,June,1200
Republic of South Africa,2024,July,1455
Republic of South Africa,2024,August,1140
Republic of South Africa,2024,September,920
Republic of South Africa,2024,October,1045
Republic of South Africa,2024,November,990
Republic of South Africa,2024,December,715
Republic of South Africa,2024,Total,14725
Republic of South Africa,2025,January,1165
Republic of South Africa,2025,February,1045
Republic of South Africa,2025,March,1230
Republic of South Africa,2025,April,1220
Republic of South Africa,2025,May,1270
Republic of South Africa,2025,June,1210
Republic of South Africa,2025,July,1100
Republic of South Africa,2025,August,860
Republic of South Africa,2025,September,930
Republic of South Africa,2025,October,945
Republic of South Africa,2025,November,875
Republic of South Africa,2025,December,730
Republic of South Africa,2025,Total,12590
Republic of South Africa,2026,January,950
Republic of South Africa,2026,February,1155
Republic of South Africa,2026,March,1350
Republic of South Africa,2026,April,1255
Republic of South Africa,2026,May,1200
Republic of South Africa,2026,Total,5910
Republic of The Marshall Islands,2023,January,0
Republic of The Marshall Islands,2023,February,
Republic of The Marshall Islands,2023,March,
Republic of The Marshall Islands,2023,April,
Republic of The Marshall Islands,2023,May,
Republic of The Marshall Islands,2023,June,0
Republic of The Marshall Islands,2023,July,
Republic of The Marshall Islands,2023,August,0
Republic of The Marshall Islands,2023,September,0
Republic of The Marshall Islands,2023,October,5
Republic of The Marshall Islands,2023,November,
Republic of The Marshall Islands,2023,December,
Republic of The Marshall Islands,2023,Total,30
Republic of The Marshall Islands,2024,January,
Republic of The Marshall Islands,2024,February,
Republic of The Marshall Islands,2024,March,
Republic of The Marshall Islands,2024,April,
Republic of The Marshall Islands,2024,May,
Republic of The Marshall Islands,2024,June,
Republic of The Marshall Islands,2024,July,0
Republic of The Marshall Islands,2024,August,
Republic of The Marshall Islands,2024,September,
Republic of The Marshall Islands,2024,October,
Republic of The Marshall Islands,2024,November,
Republic of The Marshall Islands,2024,December,
Republic of The Marshall Islands,2024,Total,25
Republic of The Marshall Islands,2025,January,
Republic of The Marshall Islands,2025,February,
Republic of The Marshall Islands,2025,March,5
Republic of The Marshall Islands,2025,April,
Republic of The Marshall Islands,2025,May,
Republic of The Marshall Islands,2025,June,
Republic of The Marshall Islands,2025,July,
Republic of The Marshall Islands,2025,August,5
Republic of The Marshall Islands,2025,September,
Republic of The Marshall Islands,2025,October,
Republic of The Marshall Islands,2025,November,
Republic of The Marshall Islands,2025,December,
Republic of The Marshall Islands,2025,Total,35
Republic of The Marshall Islands,2026,January,
Republic of The Marshall Islands,2026,February,
Republic of The Marshall Islands,2026,March,
Republic of The Marshall Islands,2026,April,
Republic of The Marshall Islands,2026,May,
Republic of The Marshall Islands,2026,Total,15
Republic of the Niger,2023,January,115
Republic of the Niger,2023,February,135
Republic of the Niger,2023,March,140
Republic of the Niger,2023,April,160
Republic of the Niger,2023,May,240
Republic of the Niger,2023,June,240
Republic of the Niger,2023,July,270
Republic of the Niger,2023,August,185
Republic of the Niger,2023,September,190
Republic of the Niger,2023,October,205
Republic of the Niger,2023,November,245
Republic of the Niger,2023,December,210
Republic of the Niger,2023,Total,2340
Republic of the Niger,2024,January,200
Republic of the Niger,2024,February,185
Republic of the Niger,2024,March,205
Republic of the Niger,2024,April,215
Republic of the Niger,2024,May,285
Republic of the Niger,2024,June,315
Republic of the Niger,2024,July,345
Republic of the Niger,2024,August,250
Republic of the Niger,2024,September,195
Republic of the Niger,2024,October,200
Republic of the Niger,2024,November,165
Republic of the Niger,2024,December,125
Republic of the Niger,2024,Total,2685
Republic of the Niger,2025,January,160
Republic of the Niger,2025,February,125
Republic of the Niger,2025,March,170
Republic of the Niger,2025,April,150
Republic of the Niger,2025,May,175
Republic of the Niger,2025,June,175
Republic of the Niger,2025,July,240
Republic of the Niger,2025,August,190
Republic of the Niger,2025,September,135
Republic of the Niger,2025,October,190
Republic of the Niger,2025,November,185
Republic of the Niger,2025,December,145
Republic of the Niger,2025,Total,2050
Republic of the Niger,2026,January,135
Republic of the Niger,2026,February,160
Republic of the Niger,2026,March,180
Republic of the Niger,2026,April,215
Republic of the Niger,2026,May,215
Republic of the Niger,2026,Total,905
Reunion,2023,January,0
Reunion,2023,February,0
Reunion,2023,March,0
Reunion,2023,April,
Reunion,2023,May,0
Reunion,2023,June,0
Reunion,2023,July,0
Reunion,2023,August,0
Reunion,2023,September,0
Reunion,2023,October,0
Reunion,2023,November,0
Reunion,2023,December,0
Reunion,2023,Total,
Reunion,2024,January,0
Reunion,2024,February,0
Reunion,2024,March,0
Reunion,2024,April,0
Reunion,2024,May,0
Reunion,2024,June,0
Reunion,2024,July,0
Reunion,2024,August,0
Reunion,2024,September,0
Reunion,2024,October,0
Reunion,2024,November,0
Reunion,2024,December,0
Reunion,2024,Total,0
Reunion,2025,January,0
Reunion,2025,February,0
Reunion,2025,March,0
Reunion,2025,April,0
Reunion,2025,May,0
Reunion,2025,June,0
Reunion,2025,July,0
Reunion,2025,August,0
Reunion,2025,September,0
Reunion,2025,October,0
Reunion,2025,November,0
Reunion,2025,December,0
Reunion,2025,Total,0
Reunion,2026,January,0
Reunion,2026,February,0
Reunion,2026,March,0
Reunion,2026,April,0
Reunion,2026,May,0
Reunion,2026,Total,0
Romania,2023,January,180
Romania,2023,February,220
Romania,2023,March,245
Romania,2023,April,165
Romania,2023,May,155
Romania,2023,June,190
Romania,2023,July,150
Romania,2023,August,140
Romania,2023,September,150
Romania,2023,October,155
Romania,2023,November,175
Romania,2023,December,155
Romania,2023,Total,2090
Romania,2024,January,220
Romania,2024,February,205
Romania,2024,March,250
Romania,2024,April,195
Romania,2024,May,235
Romania,2024,June,200
Romania,2024,July,175
Romania,2024,August,130
Romania,2024,September,180
Romania,2024,October,240
Romania,2024,November,205
Romania,2024,December,205
Romania,2024,Total,2440
Romania,2025,January,220
Romania,2025,February,200
Romania,2025,March,215
Romania,2025,April,170
Romania,2025,May,145
Romania,2025,June,140
Romania,2025,July,240
Romania,2025,August,170
Romania,2025,September,185
Romania,2025,October,155
Romania,2025,November,185
Romania,2025,December,150
Romania,2025,Total,2175
Romania,2026,January,135
Romania,2026,February,155
Romania,2026,March,160
Romania,2026,April,110
Romania,2026,May,130
Romania,2026,Total,690
Russia,2023,January,1840
Russia,2023,February,2265
Russia,2023,March,2485
Russia,2023,April,1755
Russia,2023,May,2025
Russia,2023,June,1915
Russia,2023,July,2205
Russia,2023,August,1240
Russia,2023,September,1260
Russia,2023,October,1270
Russia,2023,November,1295
Russia,2023,December,1330
Russia,2023,Total,20885
Russia,2024,January,1330
Russia,2024,February,1545
Russia,2024,March,2045
Russia,2024,April,1610
Russia,2024,May,1535
Russia,2024,June,1320
Russia,2024,July,1315
Russia,2024,August,1120
Russia,2024,September,1225
Russia,2024,October,1340
Russia,2024,November,1230
Russia,2024,December,1215
Russia,2024,Total,16840
Russia,2025,January,1480
Russia,2025,February,1815
Russia,2025,March,1710
Russia,2025,April,1560
Russia,2025,May,1575
Russia,2025,June,1365
Russia,2025,July,1360
Russia,2025,August,1065
Russia,2025,September,1160
Russia,2025,October,1320
Russia,2025,November,1200
Russia,2025,December,1290
Russia,2025,Total,16900
Russia,2026,January,1280
Russia,2026,February,1835
Russia,2026,March,3305
Russia,2026,April,1600
Russia,2026,May,1290
Russia,2026,Total,9310
Rwanda,2023,January,615
Rwanda,2023,February,720
Rwanda,2023,March,1120
Rwanda,2023,April,935
Rwanda,2023,May,1220
Rwanda,2023,June,1450
Rwanda,2023,July,1570
Rwanda,2023,August,1790
Rwanda,2023,September,1965
Rwanda,2023,October,2265
Rwanda,2023,November,2685
Rwanda,2023,December,2115
Rwanda,2023,Total,18450
Rwanda,2024,January,1935
Rwanda,2024,February,2140
Rwanda,2024,March,2165
Rwanda,2024,April,1945
Rwanda,2024,May,2210
Rwanda,2024,June,1900
Rwanda,2024,July,1720
Rwanda,2024,August,1445
Rwanda,2024,September,1195
Rwanda,2024,October,1285
Rwanda,2024,November,925
Rwanda,2024,December,680
Rwanda,2024,Total,19545
Rwanda,2025,January,810
Rwanda,2025,February,710
Rwanda,2025,March,985
Rwanda,2025,April,810
Rwanda,2025,May,925
Rwanda,2025,June,825
Rwanda,2025,July,815
Rwanda,2025,August,730
Rwanda,2025,September,710
Rwanda,2025,October,815
Rwanda,2025,November,725
Rwanda,2025,December,715
Rwanda,2025,Total,9585
Rwanda,2026,January,835
Rwanda,2026,February,855
Rwanda,2026,March,1045
Rwanda,2026,April,1035
Rwanda,2026,May,1125
Rwanda,2026,Total,4895
Saint-Martin,2023,January,0
Saint-Martin,2023,February,
Saint-Martin,2023,March,0
Saint-Martin,2023,April,0
Saint-Martin,2023,May,0
Saint-Martin,2023,June,0
Saint-Martin,2023,July,0
Saint-Martin,2023,August,
Saint-Martin,2023,September,0
Saint-Martin,2023,October,0
Saint-Martin,2023,November,
Saint-Martin,2023,December,0
Saint-Martin,2023,Total,
Saint-Martin,2024,January,0
Saint-Martin,2024,February,0
Saint-Martin,2024,March,0
Saint-Martin,2024,April,0
Saint-Martin,2024,May,0
Saint-Martin,2024,June,
Saint-Martin,2024,July,0
Saint-Martin,2024,August,0
Saint-Martin,2024,September,0
Saint-Martin,2024,October,0
Saint-Martin,2024,November,0
Saint-Martin,2024,December,0
Saint-Martin,2024,Total,
Saint-Martin,2025,January,0
Saint-Martin,2025,February,0
Saint-Martin,2025,March,0
Saint-Martin,2025,April,0
Saint-Martin,2025,May,0
Saint-Martin,2025,June,0
Saint-Martin,2025,July,
Saint-Martin,2025,August,0
Saint-Martin,2025,September,0
Saint-Martin,2025,October,0
Saint-Martin,2025,November,0
Saint-Martin,2025,December,0
Saint-Martin,2025,Total,
Saint-Martin,2026,January,0
Saint-Martin,2026,February,0
Saint-Martin,2026,March,0
Saint-Martin,2026,April,0
Saint-Martin,2026,May,0
Saint-Martin,2026,Total,0
"Samoa, Independent State Of",2023,January,
"Samoa, Independent State Of",2023,February,0
"Samoa, Independent State Of",2023,March,
"Samoa, Independent State Of",2023,April,
"Samoa, Independent State Of",2023,May,0
"Samoa, Independent State Of",2023,June,0
"Samoa, Independent State Of",2023,July,0
"Samoa, Independent State Of",2023,August,0
"Samoa, Independent State Of",2023,September,
"Samoa, Independent State Of",2023,October,0
"Samoa, Independent State Of",2023,November,0
"Samoa, Independent State Of",2023,December,0
"Samoa, Independent State Of",2023,Total,10
"Samoa, Independent State Of",2024,January,0
"Samoa, Independent State Of",2024,February,
"Samoa, Independent State Of",2024,March,
"Samoa, Independent State Of",2024,April,0
"Samoa, Independent State Of",2024,May,0
"Samoa, Independent State Of",2024,June,
"Samoa, Independent State Of",2024,July,0
"Samoa, Independent State Of",2024,August,
"Samoa, Independent State Of",2024,September,0
"Samoa, Independent State Of",2024,October,
"Samoa, Independent State Of",2024,November,0
"Samoa, Independent State Of",2024,December,0
"Samoa, Independent State Of",2024,Total,10
"Samoa, Independent State Of",2025,January,0
"Samoa, Independent State Of",2025,February,
"Samoa, Independent State Of",2025,March,0
"Samoa, Independent State Of",2025,April,
"Samoa, Independent State Of",2025,May,
"Samoa, Independent State Of",2025,June,0
"Samoa, Independent State Of",2025,July,0
"Samoa, Independent State Of",2025,August,
"Samoa, Independent State Of",2025,September,
"Samoa, Independent State Of",2025,October,
"Samoa, Independent State Of",2025,November,0
"Samoa, Independent State Of",2025,December,
"Samoa, Independent State Of",2025,Total,15
"Samoa, Independent State Of",2026,January,
"Samoa, Independent State Of",2026,February,
"Samoa, Independent State Of",2026,March,0
"Samoa, Independent State Of",2026,April,0
"Samoa, Independent State Of",2026,May,
"Samoa, Independent State Of",2026,Total,
San Marino,2023,January,
San Marino,2023,February,
San Marino,2023,March,0
San Marino,2023,April,
San Marino,2023,May,0
San Marino,2023,June,0
San Marino,2023,July,0
San Marino,2023,August,0
San Marino,2023,September,0
San Marino,2023,October,0
San Marino,2023,November,0
San Marino,2023,December,0
San Marino,2023,Total,5
San Marino,2024,January,
San Marino,2024,February,0
San Marino,2024,March,0
San Marino,2024,April,0
San Marino,2024,May,0
San Marino,2024,June,0
San Marino,2024,July,0
San Marino,2024,August,0
San Marino,2024,September,0
San Marino,2024,October,0
San Marino,2024,November,0
San Marino,2024,December,0
San Marino,2024,Total,
San Marino,2025,January,0
San Marino,2025,February,0
San Marino,2025,March,0
San Marino,2025,April,0
San Marino,2025,May,0
San Marino,2025,June,0
San Marino,2025,July,0
San Marino,2025,August,0
San Marino,2025,September,0
San Marino,2025,October,
San Marino,2025,November,0
San Marino,2025,December,0
San Marino,2025,Total,
San Marino,2026,January,0
San Marino,2026,February,
San Marino,2026,March,
San Marino,2026,April,0
San Marino,2026,May,0
San Marino,2026,Total,
Sao Tome and Principe,2023,January,
Sao Tome and Principe,2023,February,0
Sao Tome and Principe,2023,March,0
Sao Tome and Principe,2023,April,
Sao Tome and Principe,2023,May,
Sao Tome and Principe,2023,June,0
Sao Tome and Principe,2023,July,
Sao Tome and Principe,2023,August,0
Sao Tome and Principe,2023,September,0
Sao Tome and Principe,2023,October,
Sao Tome and Principe,2023,November,
Sao Tome and Principe,2023,December,0
Sao Tome and Principe,2023,Total,10
Sao Tome and Principe,2024,January,0
Sao Tome and Principe,2024,February,
Sao Tome and Principe,2024,March,
Sao Tome and Principe,2024,April,0
Sao Tome and Principe,2024,May,
Sao Tome and Principe,2024,June,
Sao Tome and Principe,2024,July,
Sao Tome and Principe,2024,August,0
Sao Tome and Principe,2024,September,0
Sao Tome and Principe,2024,October,
Sao Tome and Principe,2024,November,
Sao Tome and Principe,2024,December,0
Sao Tome and Principe,2024,Total,5
Sao Tome and Principe,2025,January,0
Sao Tome and Principe,2025,February,
Sao Tome and Principe,2025,March,
Sao Tome and Principe,2025,April,0
Sao Tome and Principe,2025,May,
Sao Tome and Principe,2025,June,
Sao Tome and Principe,2025,July,0
Sao Tome and Principe,2025,August,
Sao Tome and Principe,2025,September,
Sao Tome and Principe,2025,October,
Sao Tome and Principe,2025,November,0
Sao Tome and Principe,2025,December,
Sao Tome and Principe,2025,Total,10
Sao Tome and Principe,2026,January,
Sao Tome and Principe,2026,February,0
Sao Tome and Principe,2026,March,
Sao Tome and Principe,2026,April,5
Sao Tome and Principe,2026,May,
Sao Tome and Principe,2026,Total,10
Saudi Arabia,2023,January,490
Saudi Arabia,2023,February,645
Saudi Arabia,2023,March,835
Saudi Arabia,2023,April,755
Saudi Arabia,2023,May,990
Saudi Arabia,2023,June,785
Saudi Arabia,2023,July,725
Saudi Arabia,2023,August,820
Saudi Arabia,2023,September,525
Saudi Arabia,2023,October,410
Saudi Arabia,2023,November,500
Saudi Arabia,2023,December,500
Saudi Arabia,2023,Total,7970
Saudi Arabia,2024,January,605
Saudi Arabia,2024,February,770
Saudi Arabia,2024,March,1070
Saudi Arabia,2024,April,865
Saudi Arabia,2024,May,1155
Saudi Arabia,2024,June,875
Saudi Arabia,2024,July,805
Saudi Arabia,2024,August,675
Saudi Arabia,2024,September,560
Saudi Arabia,2024,October,550
Saudi Arabia,2024,November,455
Saudi Arabia,2024,December,465
Saudi Arabia,2024,Total,8850
Saudi Arabia,2025,January,625
Saudi Arabia,2025,February,745
Saudi Arabia,2025,March,960
Saudi Arabia,2025,April,1120
Saudi Arabia,2025,May,1245
Saudi Arabia,2025,June,965
Saudi Arabia,2025,July,970
Saudi Arabia,2025,August,740
Saudi Arabia,2025,September,670
Saudi Arabia,2025,October,615
Saudi Arabia,2025,November,520
Saudi Arabia,2025,December,545
Saudi Arabia,2025,Total,9710
Saudi Arabia,2026,January,675
Saudi Arabia,2026,February,835
Saudi Arabia,2026,March,905
Saudi Arabia,2026,April,1310
Saudi Arabia,2026,May,1120
Saudi Arabia,2026,Total,4845
Senegal,2023,January,1560
Senegal,2023,February,1745
Senegal,2023,March,2280
Senegal,2023,April,2500
Senegal,2023,May,4600
Senegal,2023,June,5980
Senegal,2023,July,7465
Senegal,2023,August,8445
Senegal,2023,September,5950
Senegal,2023,October,7285
Senegal,2023,November,7200
Senegal,2023,December,6070
Senegal,2023,Total,61070
Senegal,2024,January,5210
Senegal,2024,February,4940
Senegal,2024,March,5525
Senegal,2024,April,4655
Senegal,2024,May,5205
Senegal,2024,June,4240
Senegal,2024,July,5395
Senegal,2024,August,4585
Senegal,2024,September,3325
Senegal,2024,October,3805
Senegal,2024,November,3050
Senegal,2024,December,2730
Senegal,2024,Total,52660
Senegal,2025,January,2680
Senegal,2025,February,2455
Senegal,2025,March,3085
Senegal,2025,April,3125
Senegal,2025,May,3415
Senegal,2025,June,2935
Senegal,2025,July,3540
Senegal,2025,August,2870
Senegal,2025,September,2370
Senegal,2025,October,2705
Senegal,2025,November,2620
Senegal,2025,December,2650
Senegal,2025,Total,34450
Senegal,2026,January,2425
Senegal,2026,February,2510
Senegal,2026,March,3305
Senegal,2026,April,3345
Senegal,2026,May,3395
Senegal,2026,Total,14985
"Serbia, Republic of",2023,January,300
"Serbia, Republic of",2023,February,305
"Serbia, Republic of",2023,March,440
"Serbia, Republic of",2023,April,390
"Serbia, Republic of",2023,May,360
"Serbia, Republic of",2023,June,340
"Serbia, Republic of",2023,July,315
"Serbia, Republic of",2023,August,325
"Serbia, Republic of",2023,September,230
"Serbia, Republic of",2023,October,245
"Serbia, Republic of",2023,November,240
"Serbia, Republic of",2023,December,250
"Serbia, Republic of",2023,Total,3735
"Serbia, Republic of",2024,January,305
"Serbia, Republic of",2024,February,335
"Serbia, Republic of",2024,March,400
"Serbia, Republic of",2024,April,365
"Serbia, Republic of",2024,May,310
"Serbia, Republic of",2024,June,255
"Serbia, Republic of",2024,July,245
"Serbia, Republic of",2024,August,215
"Serbia, Republic of",2024,September,170
"Serbia, Republic of",2024,October,230
"Serbia, Republic of",2024,November,165
"Serbia, Republic of",2024,December,220
"Serbia, Republic of",2024,Total,3215
"Serbia, Republic of",2025,January,225
"Serbia, Republic of",2025,February,340
"Serbia, Republic of",2025,March,290
"Serbia, Republic of",2025,April,310
"Serbia, Republic of",2025,May,320
"Serbia, Republic of",2025,June,250
"Serbia, Republic of",2025,July,260
"Serbia, Republic of",2025,August,200
"Serbia, Republic of",2025,September,200
"Serbia, Republic of",2025,October,235
"Serbia, Republic of",2025,November,245
"Serbia, Republic of",2025,December,280
"Serbia, Republic of",2025,Total,3140
"Serbia, Republic of",2026,January,235
"Serbia, Republic of",2026,February,330
"Serbia, Republic of",2026,March,430
"Serbia, Republic of",2026,April,365
"Serbia, Republic of",2026,May,370
"Serbia, Republic of",2026,Total,1725
Seychelles,2023,January,
Seychelles,2023,February,
Seychelles,2023,March,5
Seychelles,2023,April,
Seychelles,2023,May,10
Seychelles,2023,June,5
Seychelles,2023,July,
Seychelles,2023,August,
Seychelles,2023,September,10
Seychelles,2023,October,
Seychelles,2023,November,5
Seychelles,2023,December,
Seychelles,2023,Total,60
Seychelles,2024,January,
Seychelles,2024,February,10
Seychelles,2024,March,10
Seychelles,2024,April,
Seychelles,2024,May,10
Seychelles,2024,June,5
Seychelles,2024,July,5
Seychelles,2024,August,
Seychelles,2024,September,
Seychelles,2024,October,5
Seychelles,2024,November,
Seychelles,2024,December,10
Seychelles,2024,Total,70
Seychelles,2025,January,
Seychelles,2025,February,5
Seychelles,2025,March,
Seychelles,2025,April,10
Seychelles,2025,May,5
Seychelles,2025,June,
Seychelles,2025,July,
Seychelles,2025,August,10
Seychelles,2025,September,5
Seychelles,2025,October,
Seychelles,2025,November,
Seychelles,2025,December,15
Seychelles,2025,Total,65
Seychelles,2026,January,
Seychelles,2026,February,10
Seychelles,2026,March,
Seychelles,2026,April,
Seychelles,2026,May,
Seychelles,2026,Total,20
Sierra Leone,2023,January,60
Sierra Leone,2023,February,55
Sierra Leone,2023,March,110
Sierra Leone,2023,April,110
Sierra Leone,2023,May,140
Sierra Leone,2023,June,125
Sierra Leone,2023,July,185
Sierra Leone,2023,August,210
Sierra Leone,2023,September,215
Sierra Leone,2023,October,220
Sierra Leone,2023,November,240
Sierra Leone,2023,December,145
Sierra Leone,2023,Total,1805
Sierra Leone,2024,January,165
Sierra Leone,2024,February,175
Sierra Leone,2024,March,200
Sierra Leone,2024,April,185
Sierra Leone,2024,May,220
Sierra Leone,2024,June,180
Sierra Leone,2024,July,225
Sierra Leone,2024,August,235
Sierra Leone,2024,September,180
Sierra Leone,2024,October,230
Sierra Leone,2024,November,190
Sierra Leone,2024,December,135
Sierra Leone,2024,Total,2315
Sierra Leone,2025,January,150
Sierra Leone,2025,February,130
Sierra Leone,2025,March,165
Sierra Leone,2025,April,135
Sierra Leone,2025,May,185
Sierra Leone,2025,June,160
Sierra Leone,2025,July,215
Sierra Leone,2025,August,155
Sierra Leone,2025,September,180
Sierra Leone,2025,October,250
Sierra Leone,2025,November,220
Sierra Leone,2025,December,165
Sierra Leone,2025,Total,2105
Sierra Leone,2026,January,175
Sierra Leone,2026,February,185
Sierra Leone,2026,March,285
Sierra Leone,2026,April,315
Sierra Leone,2026,May,265
Sierra Leone,2026,Total,1230
Singapore,2023,January,60
Singapore,2023,February,85
Singapore,2023,March,80
Singapore,2023,April,85
Singapore,2023,May,170
Singapore,2023,June,130
Singapore,2023,July,115
Singapore,2023,August,70
Singapore,2023,September,90
Singapore,2023,October,75
Singapore,2023,November,65
Singapore,2023,December,70
Singapore,2023,Total,1090
Singapore,2024,January,80
Singapore,2024,February,60
Singapore,2024,March,85
Singapore,2024,April,90
Singapore,2024,May,145
Singapore,2024,June,110
Singapore,2024,July,75
Singapore,2024,August,70
Singapore,2024,September,70
Singapore,2024,October,80
Singapore,2024,November,65
Singapore,2024,December,65
Singapore,2024,Total,995
Singapore,2025,January,60
Singapore,2025,February,70
Singapore,2025,March,80
Singapore,2025,April,80
Singapore,2025,May,100
Singapore,2025,June,95
Singapore,2025,July,95
Singapore,2025,August,50
Singapore,2025,September,55
Singapore,2025,October,70
Singapore,2025,November,65
Singapore,2025,December,60
Singapore,2025,Total,885
Singapore,2026,January,40
Singapore,2026,February,50
Singapore,2026,March,70
Singapore,2026,April,70
Singapore,2026,May,100
Singapore,2026,Total,335
Sint-Maarten,2023,January,0
Sint-Maarten,2023,February,0
Sint-Maarten,2023,March,
Sint-Maarten,2023,April,0
Sint-Maarten,2023,May,0
Sint-Maarten,2023,June,
Sint-Maarten,2023,July,
Sint-Maarten,2023,August,0
Sint-Maarten,2023,September,0
Sint-Maarten,2023,October,0
Sint-Maarten,2023,November,0
Sint-Maarten,2023,December,0
Sint-Maarten,2023,Total,
Sint-Maarten,2024,January,
Sint-Maarten,2024,February,0
Sint-Maarten,2024,March,0
Sint-Maarten,2024,April,0
Sint-Maarten,2024,May,0
Sint-Maarten,2024,June,
Sint-Maarten,2024,July,
Sint-Maarten,2024,August,
Sint-Maarten,2024,September,0
Sint-Maarten,2024,October,0
Sint-Maarten,2024,November,0
Sint-Maarten,2024,December,0
Sint-Maarten,2024,Total,5
Sint-Maarten,2025,January,
Sint-Maarten,2025,February,0
Sint-Maarten,2025,March,0
Sint-Maarten,2025,April,
Sint-Maarten,2025,May,0
Sint-Maarten,2025,June,0
Sint-Maarten,2025,July,
Sint-Maarten,2025,August,0
Sint-Maarten,2025,September,0
Sint-Maarten,2025,October,
Sint-Maarten,2025,November,0
Sint-Maarten,2025,December,
Sint-Maarten,2025,Total,5
Sint-Maarten,2026,January,0
Sint-Maarten,2026,February,0
Sint-Maarten,2026,March,0
Sint-Maarten,2026,April,0
Sint-Maarten,2026,May,
Sint-Maarten,2026,Total,
Slovak Republic,2023,January,85
Slovak Republic,2023,February,210
Slovak Republic,2023,March,90
Slovak Republic,2023,April,95
Slovak Republic,2023,May,100
Slovak Republic,2023,June,90
Slovak Republic,2023,July,65
Slovak Republic,2023,August,70
Slovak Republic,2023,September,75
Slovak Republic,2023,October,55
Slovak Republic,2023,November,55
Slovak Republic,2023,December,35
Slovak Republic,2023,Total,1020
Slovak Republic,2024,January,125
Slovak Republic,2024,February,105
Slovak Republic,2024,March,100
Slovak Republic,2024,April,95
Slovak Republic,2024,May,90
Slovak Republic,2024,June,75
Slovak Republic,2024,July,80
Slovak Republic,2024,August,65
Slovak Republic,2024,September,60
Slovak Republic,2024,October,60
Slovak Republic,2024,November,45
Slovak Republic,2024,December,35
Slovak Republic,2024,Total,940
Slovak Republic,2025,January,90
Slovak Republic,2025,February,105
Slovak Republic,2025,March,85
Slovak Republic,2025,April,105
Slovak Republic,2025,May,90
Slovak Republic,2025,June,75
Slovak Republic,2025,July,85
Slovak Republic,2025,August,90
Slovak Republic,2025,September,55
Slovak Republic,2025,October,70
Slovak Republic,2025,November,45
Slovak Republic,2025,December,20
Slovak Republic,2025,Total,915
Slovak Republic,2026,January,80
Slovak Republic,2026,February,140
Slovak Republic,2026,March,110
Slovak Republic,2026,April,95
Slovak Republic,2026,May,85
Slovak Republic,2026,Total,510
Slovenia,2023,January,15
Slovenia,2023,February,15
Slovenia,2023,March,10
Slovenia,2023,April,5
Slovenia,2023,May,10
Slovenia,2023,June,20
Slovenia,2023,July,5
Slovenia,2023,August,10
Slovenia,2023,September,10
Slovenia,2023,October,10
Slovenia,2023,November,10
Slovenia,2023,December,5
Slovenia,2023,Total,125
Slovenia,2024,January,15
Slovenia,2024,February,15
Slovenia,2024,March,5
Slovenia,2024,April,10
Slovenia,2024,May,15
Slovenia,2024,June,15
Slovenia,2024,July,20
Slovenia,2024,August,15
Slovenia,2024,September,10
Slovenia,2024,October,5
Slovenia,2024,November,5
Slovenia,2024,December,
Slovenia,2024,Total,130
Slovenia,2025,January,10
Slovenia,2025,February,
Slovenia,2025,March,10
Slovenia,2025,April,10
Slovenia,2025,May,5
Slovenia,2025,June,5
Slovenia,2025,July,5
Slovenia,2025,August,
Slovenia,2025,September,5
Slovenia,2025,October,15
Slovenia,2025,November,
Slovenia,2025,December,10
Slovenia,2025,Total,90
Slovenia,2026,January,10
Slovenia,2026,February,10
Slovenia,2026,March,10
Slovenia,2026,April,10
Slovenia,2026,May,30
Slovenia,2026,Total,65
Socialist Republic of Vietnam,2023,January,4335
Socialist Republic of Vietnam,2023,February,5545
Socialist Republic of Vietnam,2023,March,8115
Socialist Republic of Vietnam,2023,April,7570
Socialist Republic of Vietnam,2023,May,8445
Socialist Republic of Vietnam,2023,June,8290
Socialist Republic of Vietnam,2023,July,8645
Socialist Republic of Vietnam,2023,August,8175
Socialist Republic of Vietnam,2023,September,7665
Socialist Republic of Vietnam,2023,October,7935
Socialist Republic of Vietnam,2023,November,7910
Socialist Republic of Vietnam,2023,December,7720
Socialist Republic of Vietnam,2023,Total,90350
Socialist Republic of Vietnam,2024,January,8210
Socialist Republic of Vietnam,2024,February,5440
Socialist Republic of Vietnam,2024,March,8825
Socialist Republic of Vietnam,2024,April,8695
Socialist Republic of Vietnam,2024,May,9760
Socialist Republic of Vietnam,2024,June,8045
Socialist Republic of Vietnam,2024,July,8185
Socialist Republic of Vietnam,2024,August,7345
Socialist Republic of Vietnam,2024,September,6550
Socialist Republic of Vietnam,2024,October,7230
Socialist Republic of Vietnam,2024,November,5885
Socialist Republic of Vietnam,2024,December,5055
Socialist Republic of Vietnam,2024,Total,89230
Socialist Republic of Vietnam,2025,January,5785
Socialist Republic of Vietnam,2025,February,4405
Socialist Republic of Vietnam,2025,March,6165
Socialist Republic of Vietnam,2025,April,6235
Socialist Republic of Vietnam,2025,May,6760
Socialist Republic of Vietnam,2025,June,5935
Socialist Republic of Vietnam,2025,July,5855
Socialist Republic of Vietnam,2025,August,4940
Socialist Republic of Vietnam,2025,September,5145
Socialist Republic of Vietnam,2025,October,5160
Socialist Republic of Vietnam,2025,November,4490
Socialist Republic of Vietnam,2025,December,4990
Socialist Republic of Vietnam,2025,Total,65855
Socialist Republic of Vietnam,2026,January,4755
Socialist Republic of Vietnam,2026,February,3750
Socialist Republic of Vietnam,2026,March,5675
Socialist Republic of Vietnam,2026,April,5970
Socialist Republic of Vietnam,2026,May,6315
Socialist Republic of Vietnam,2026,Total,26465
"Solomons, The",2023,January,
"Solomons, The",2023,February,10
"Solomons, The",2023,March,
"Solomons, The",2023,April,0
"Solomons, The",2023,May,
"Solomons, The",2023,June,
"Solomons, The",2023,July,0
"Solomons, The",2023,August,5
"Solomons, The",2023,September,5
"Solomons, The",2023,October,
"Solomons, The",2023,November,
"Solomons, The",2023,December,
"Solomons, The",2023,Total,40
"Solomons, The",2024,January,
"Solomons, The",2024,February,
"Solomons, The",2024,March,0
"Solomons, The",2024,April,0
"Solomons, The",2024,May,
"Solomons, The",2024,June,
"Solomons, The",2024,July,
"Solomons, The",2024,August,
"Solomons, The",2024,September,5
"Solomons, The",2024,October,
"Solomons, The",2024,November,0
"Solomons, The",2024,December,
"Solomons, The",2024,Total,25
"Solomons, The",2025,January,10
"Solomons, The",2025,February,
"Solomons, The",2025,March,0
"Solomons, The",2025,April,
"Solomons, The",2025,May,
"Solomons, The",2025,June,
"Solomons, The",2025,July,
"Solomons, The",2025,August,0
"Solomons, The",2025,September,
"Solomons, The",2025,October,
"Solomons, The",2025,November,
"Solomons, The",2025,December,
"Solomons, The",2025,Total,30
"Solomons, The",2026,January,
"Solomons, The",2026,February,
"Solomons, The",2026,March,
"Solomons, The",2026,April,0
"Solomons, The",2026,May,
"Solomons, The",2026,Total,10
"Somalia, Democratic Republic of",2023,January,85
"Somalia, Democratic Republic of",2023,February,85
"Somalia, Democratic Republic of",2023,March,95
"Somalia, Democratic Republic of",2023,April,85
"Somalia, Democratic Republic of",2023,May,120
"Somalia, Democratic Republic of",2023,June,130
"Somalia, Democratic Republic of",2023,July,200
"Somalia, Democratic Republic of",2023,August,190
"Somalia, Democratic Republic of",2023,September,220
"Somalia, Democratic Republic of",2023,October,260
"Somalia, Democratic Republic of",2023,November,255
"Somalia, Democratic Republic of",2023,December,205
"Somalia, Democratic Republic of",2023,Total,1935
"Somalia, Democratic Republic of",2024,January,260
"Somalia, Democratic Republic of",2024,February,205
"Somalia, Democratic Republic of",2024,March,180
"Somalia, Democratic Republic of",2024,April,125
"Somalia, Democratic Republic of",2024,May,140
"Somalia, Democratic Republic of",2024,June,120
"Somalia, Democratic Republic of",2024,July,130
"Somalia, Democratic Republic of",2024,August,120
"Somalia, Democratic Republic of",2024,September,140
"Somalia, Democratic Republic of",2024,October,115
"Somalia, Democratic Republic of",2024,November,80
"Somalia, Democratic Republic of",2024,December,85
"Somalia, Democratic Republic of",2024,Total,1705
"Somalia, Democratic Republic of",2025,January,100
"Somalia, Democratic Republic of",2025,February,80
"Somalia, Democratic Republic of",2025,March,80
"Somalia, Democratic Republic of",2025,April,95
"Somalia, Democratic Republic of",2025,May,110
"Somalia, Democratic Republic of",2025,June,110
"Somalia, Democratic Republic of",2025,July,110
"Somalia, Democratic Republic of",2025,August,100
"Somalia, Democratic Republic of",2025,September,100
"Somalia, Democratic Republic of",2025,October,110
"Somalia, Democratic Republic of",2025,November,110
"Somalia, Democratic Republic of",2025,December,110
"Somalia, Democratic Republic of",2025,Total,1215
"Somalia, Democratic Republic of",2026,January,125
"Somalia, Democratic Republic of",2026,February,90
"Somalia, Democratic Republic of",2026,March,105
"Somalia, Democratic Republic of",2026,April,95
"Somalia, Democratic Republic of",2026,May,120
"Somalia, Democratic Republic of",2026,Total,535
"South Sudan, Republic Of",2023,January,10
"South Sudan, Republic Of",2023,February,5
"South Sudan, Republic Of",2023,March,25
"South Sudan, Republic Of",2023,April,10
"South Sudan, Republic Of",2023,May,50
"South Sudan, Republic Of",2023,June,30
"South Sudan, Republic Of",2023,July,25
"South Sudan, Republic Of",2023,August,60
"South Sudan, Republic Of",2023,September,60
"South Sudan, Republic Of",2023,October,70
"South Sudan, Republic Of",2023,November,50
"South Sudan, Republic Of",2023,December,30
"South Sudan, Republic Of",2023,Total,425
"South Sudan, Republic Of",2024,January,20
"South Sudan, Republic Of",2024,February,40
"South Sudan, Republic Of",2024,March,45
"South Sudan, Republic Of",2024,April,30
"South Sudan, Republic Of",2024,May,55
"South Sudan, Republic Of",2024,June,30
"South Sudan, Republic Of",2024,July,45
"South Sudan, Republic Of",2024,August,25
"South Sudan, Republic Of",2024,September,35
"South Sudan, Republic Of",2024,October,50
"South Sudan, Republic Of",2024,November,20
"South Sudan, Republic Of",2024,December,20
"South Sudan, Republic Of",2024,Total,410
"South Sudan, Republic Of",2025,January,30
"South Sudan, Republic Of",2025,February,30
"South Sudan, Republic Of",2025,March,25
"South Sudan, Republic Of",2025,April,30
"South Sudan, Republic Of",2025,May,25
"South Sudan, Republic Of",2025,June,25
"South Sudan, Republic Of",2025,July,40
"South Sudan, Republic Of",2025,August,25
"South Sudan, Republic Of",2025,September,30
"South Sudan, Republic Of",2025,October,25
"South Sudan, Republic Of",2025,November,20
"South Sudan, Republic Of",2025,December,30
"South Sudan, Republic Of",2025,Total,335
"South Sudan, Republic Of",2026,January,30
"South Sudan, Republic Of",2026,February,30
"South Sudan, Republic Of",2026,March,30
"South Sudan, Republic Of",2026,April,25
"South Sudan, Republic Of",2026,May,65
"South Sudan, Republic Of",2026,Total,175
Spain,2023,January,615
Spain,2023,February,665
Spain,2023,March,770
Spain,2023,April,765
Spain,2023,May,885
Spain,2023,June,815
Spain,2023,July,615
Spain,2023,August,470
Spain,2023,September,430
Spain,2023,October,465
Spain,2023,November,285
Spain,2023,December,270
Spain,2023,Total,7055
Spain,2024,January,605
Spain,2024,February,620
Spain,2024,March,590
Spain,2024,April,820
Spain,2024,May,860
Spain,2024,June,630
Spain,2024,July,495
Spain,2024,August,365
Spain,2024,September,280
Spain,2024,October,275
Spain,2024,November,260
Spain,2024,December,270
Spain,2024,Total,6070
Spain,2025,January,690
Spain,2025,February,595
Spain,2025,March,605
Spain,2025,April,810
Spain,2025,May,775
Spain,2025,June,635
Spain,2025,July,450
Spain,2025,August,280
Spain,2025,September,280
Spain,2025,October,270
Spain,2025,November,230
Spain,2025,December,235
Spain,2025,Total,5865
Spain,2026,January,440
Spain,2026,February,885
Spain,2026,March,750
Spain,2026,April,660
Spain,2026,May,725
Spain,2026,Total,3465
Sri Lanka,2023,January,2455
Sri Lanka,2023,February,2985
Sri Lanka,2023,March,3500
Sri Lanka,2023,April,3305
Sri Lanka,2023,May,4395
Sri Lanka,2023,June,5245
Sri Lanka,2023,July,6125
Sri Lanka,2023,August,7665
Sri Lanka,2023,September,8090
Sri Lanka,2023,October,8910
Sri Lanka,2023,November,7495
Sri Lanka,2023,December,5915
Sri Lanka,2023,Total,66090
Sri Lanka,2024,January,6230
Sri Lanka,2024,February,6835
Sri Lanka,2024,March,8320
Sri Lanka,2024,April,7730
Sri Lanka,2024,May,8360
Sri Lanka,2024,June,7180
Sri Lanka,2024,July,6890
Sri Lanka,2024,August,5370
Sri Lanka,2024,September,5065
Sri Lanka,2024,October,5440
Sri Lanka,2024,November,3650
Sri Lanka,2024,December,3180
Sri Lanka,2024,Total,74255
Sri Lanka,2025,January,4355
Sri Lanka,2025,February,2870
Sri Lanka,2025,March,3405
Sri Lanka,2025,April,3040
Sri Lanka,2025,May,3560
Sri Lanka,2025,June,2940
Sri Lanka,2025,July,3135
Sri Lanka,2025,August,2605
Sri Lanka,2025,September,2775
Sri Lanka,2025,October,2785
Sri Lanka,2025,November,2470
Sri Lanka,2025,December,2285
Sri Lanka,2025,Total,36225
Sri Lanka,2026,January,2975
Sri Lanka,2026,February,3045
Sri Lanka,2026,March,3485
Sri Lanka,2026,April,3315
Sri Lanka,2026,May,3815
Sri Lanka,2026,Total,16635
St. Kitts-Nevis,2023,January,60
St. Kitts-Nevis,2023,February,80
St. Kitts-Nevis,2023,March,85
St. Kitts-Nevis,2023,April,70
St. Kitts-Nevis,2023,May,90
St. Kitts-Nevis,2023,June,65
St. Kitts-Nevis,2023,July,70
St. Kitts-Nevis,2023,August,65
St. Kitts-Nevis,2023,September,160
St. Kitts-Nevis,2023,October,30
St. Kitts-Nevis,2023,November,50
St. Kitts-Nevis,2023,December,55
St. Kitts-Nevis,2023,Total,875
St. Kitts-Nevis,2024,January,40
St. Kitts-Nevis,2024,February,55
St. Kitts-Nevis,2024,March,60
St. Kitts-Nevis,2024,April,35
St. Kitts-Nevis,2024,May,75
St. Kitts-Nevis,2024,June,50
St. Kitts-Nevis,2024,July,60
St. Kitts-Nevis,2024,August,50
St. Kitts-Nevis,2024,September,40
St. Kitts-Nevis,2024,October,50
St. Kitts-Nevis,2024,November,45
St. Kitts-Nevis,2024,December,30
St. Kitts-Nevis,2024,Total,590
St. Kitts-Nevis,2025,January,35
St. Kitts-Nevis,2025,February,50
St. Kitts-Nevis,2025,March,45
St. Kitts-Nevis,2025,April,55
St. Kitts-Nevis,2025,May,60
St. Kitts-Nevis,2025,June,60
St. Kitts-Nevis,2025,July,50
St. Kitts-Nevis,2025,August,45
St. Kitts-Nevis,2025,September,50
St. Kitts-Nevis,2025,October,40
St. Kitts-Nevis,2025,November,50
St. Kitts-Nevis,2025,December,35
St. Kitts-Nevis,2025,Total,575
St. Kitts-Nevis,2026,January,40
St. Kitts-Nevis,2026,February,45
St. Kitts-Nevis,2026,March,45
St. Kitts-Nevis,2026,April,65
St. Kitts-Nevis,2026,May,80
St. Kitts-Nevis,2026,Total,275
St. Lucia,2023,January,165
St. Lucia,2023,February,195
St. Lucia,2023,March,275
St. Lucia,2023,April,255
St. Lucia,2023,May,280
St. Lucia,2023,June,175
St. Lucia,2023,July,115
St. Lucia,2023,August,105
St. Lucia,2023,September,115
St. Lucia,2023,October,120
St. Lucia,2023,November,100
St. Lucia,2023,December,70
St. Lucia,2023,Total,1970
St. Lucia,2024,January,125
St. Lucia,2024,February,120
St. Lucia,2024,March,150
St. Lucia,2024,April,140
St. Lucia,2024,May,140
St. Lucia,2024,June,155
St. Lucia,2024,July,120
St. Lucia,2024,August,105
St. Lucia,2024,September,100
St. Lucia,2024,October,105
St. Lucia,2024,November,115
St. Lucia,2024,December,75
St. Lucia,2024,Total,1445
St. Lucia,2025,January,100
St. Lucia,2025,February,125
St. Lucia,2025,March,155
St. Lucia,2025,April,145
St. Lucia,2025,May,165
St. Lucia,2025,June,165
St. Lucia,2025,July,120
St. Lucia,2025,August,115
St. Lucia,2025,September,100
St. Lucia,2025,October,105
St. Lucia,2025,November,115
St. Lucia,2025,December,95
St. Lucia,2025,Total,1500
St. Lucia,2026,January,85
St. Lucia,2026,February,125
St. Lucia,2026,March,150
St. Lucia,2026,April,135
St. Lucia,2026,May,150
St. Lucia,2026,Total,645
St. Vincent and the Grenadines,2023,January,95
St. Vincent and the Grenadines,2023,February,145
St. Vincent and the Grenadines,2023,March,180
St. Vincent and the Grenadines,2023,April,160
St. Vincent and the Grenadines,2023,May,190
St. Vincent and the Grenadines,2023,June,165
St. Vincent and the Grenadines,2023,July,155
St. Vincent and the Grenadines,2023,August,140
St. Vincent and the Grenadines,2023,September,95
St. Vincent and the Grenadines,2023,October,75
St. Vincent and the Grenadines,2023,November,105
St. Vincent and the Grenadines,2023,December,65
St. Vincent and the Grenadines,2023,Total,1565
St. Vincent and the Grenadines,2024,January,125
St. Vincent and the Grenadines,2024,February,155
St. Vincent and the Grenadines,2024,March,150
St. Vincent and the Grenadines,2024,April,140
St. Vincent and the Grenadines,2024,May,130
St. Vincent and the Grenadines,2024,June,140
St. Vincent and the Grenadines,2024,July,90
St. Vincent and the Grenadines,2024,August,80
St. Vincent and the Grenadines,2024,September,65
St. Vincent and the Grenadines,2024,October,95
St. Vincent and the Grenadines,2024,November,80
St. Vincent and the Grenadines,2024,December,50
St. Vincent and the Grenadines,2024,Total,1300
St. Vincent and the Grenadines,2025,January,100
St. Vincent and the Grenadines,2025,February,120
St. Vincent and the Grenadines,2025,March,115
St. Vincent and the Grenadines,2025,April,125
St. Vincent and the Grenadines,2025,May,165
St. Vincent and the Grenadines,2025,June,125
St. Vincent and the Grenadines,2025,July,110
St. Vincent and the Grenadines,2025,August,65
St. Vincent and the Grenadines,2025,September,75
St. Vincent and the Grenadines,2025,October,85
St. Vincent and the Grenadines,2025,November,50
St. Vincent and the Grenadines,2025,December,75
St. Vincent and the Grenadines,2025,Total,1215
St. Vincent and the Grenadines,2026,January,50
St. Vincent and the Grenadines,2026,February,110
St. Vincent and the Grenadines,2026,March,195
St. Vincent and the Grenadines,2026,April,160
St. Vincent and the Grenadines,2026,May,130
St. Vincent and the Grenadines,2026,Total,645
Stateless,2023,January,115
Stateless,2023,February,165
Stateless,2023,March,145
Stateless,2023,April,155
Stateless,2023,May,195
Stateless,2023,June,230
Stateless,2023,July,190
Stateless,2023,August,200
Stateless,2023,September,195
Stateless,2023,October,185
Stateless,2023,November,235
Stateless,2023,December,205
Stateless,2023,Total,2210
Stateless,2024,January,220
Stateless,2024,February,220
Stateless,2024,March,225
Stateless,2024,April,190
Stateless,2024,May,265
Stateless,2024,June,235
Stateless,2024,July,270
Stateless,2024,August,210
Stateless,2024,September,185
Stateless,2024,October,225
Stateless,2024,November,220
Stateless,2024,December,170
Stateless,2024,Total,2635
Stateless,2025,January,175
Stateless,2025,February,140
Stateless,2025,March,215
Stateless,2025,April,190
Stateless,2025,May,190
Stateless,2025,June,195
Stateless,2025,July,155
Stateless,2025,August,145
Stateless,2025,September,160
Stateless,2025,October,180
Stateless,2025,November,170
Stateless,2025,December,115
Stateless,2025,Total,2030
Stateless,2026,January,130
Stateless,2026,February,160
Stateless,2026,March,210
Stateless,2026,April,200
Stateless,2026,May,225
Stateless,2026,Total,925
Surinam,2023,January,20
Surinam,2023,February,55
Surinam,2023,March,50
Surinam,2023,April,25
Surinam,2023,May,40
Surinam,2023,June,30
Surinam,2023,July,35
Surinam,2023,August,30
Surinam,2023,September,15
Surinam,2023,October,40
Surinam,2023,November,35
Surinam,2023,December,10
Surinam,2023,Total,390
Surinam,2024,January,35
Surinam,2024,February,30
Surinam,2024,March,40
Surinam,2024,April,15
Surinam,2024,May,50
Surinam,2024,June,50
Surinam,2024,July,35
Surinam,2024,August,25
Surinam,2024,September,55
Surinam,2024,October,40
Surinam,2024,November,20
Surinam,2024,December,25
Surinam,2024,Total,410
Surinam,2025,January,70
Surinam,2025,February,5
Surinam,2025,March,15
Surinam,2025,April,5
Surinam,2025,May,45
Surinam,2025,June,40
Surinam,2025,July,25
Surinam,2025,August,15
Surinam,2025,September,10
Surinam,2025,October,60
Surinam,2025,November,30
Surinam,2025,December,15
Surinam,2025,Total,340
Surinam,2026,January,30
Surinam,2026,February,25
Surinam,2026,March,70
Surinam,2026,April,20
Surinam,2026,May,20
Surinam,2026,Total,165
Swaziland,2023,January,15
Swaziland,2023,February,10
Swaziland,2023,March,10
Swaziland,2023,April,20
Swaziland,2023,May,20
Swaziland,2023,June,25
Swaziland,2023,July,25
Swaziland,2023,August,25
Swaziland,2023,September,15
Swaziland,2023,October,10
Swaziland,2023,November,25
Swaziland,2023,December,25
Swaziland,2023,Total,225
Swaziland,2024,January,10
Swaziland,2024,February,10
Swaziland,2024,March,10
Swaziland,2024,April,10
Swaziland,2024,May,20
Swaziland,2024,June,10
Swaziland,2024,July,20
Swaziland,2024,August,15
Swaziland,2024,September,10
Swaziland,2024,October,5
Swaziland,2024,November,5
Swaziland,2024,December,5
Swaziland,2024,Total,135
Swaziland,2025,January,10
Swaziland,2025,February,10
Swaziland,2025,March,20
Swaziland,2025,April,15
Swaziland,2025,May,10
Swaziland,2025,June,10
Swaziland,2025,July,10
Swaziland,2025,August,5
Swaziland,2025,September,15
Swaziland,2025,October,10
Swaziland,2025,November,10
Swaziland,2025,December,5
Swaziland,2025,Total,130
Swaziland,2026,January,10
Swaziland,2026,February,10
Swaziland,2026,March,15
Swaziland,2026,April,10
Swaziland,2026,May,15
Swaziland,2026,Total,65
Sweden,2023,January,95
Sweden,2023,February,85
Sweden,2023,March,110
Sweden,2023,April,120
Sweden,2023,May,115
Sweden,2023,June,135
Sweden,2023,July,125
Sweden,2023,August,95
Sweden,2023,September,95
Sweden,2023,October,80
Sweden,2023,November,80
Sweden,2023,December,65
Sweden,2023,Total,1200
Sweden,2024,January,80
Sweden,2024,February,110
Sweden,2024,March,90
Sweden,2024,April,95
Sweden,2024,May,130
Sweden,2024,June,110
Sweden,2024,July,120
Sweden,2024,August,95
Sweden,2024,September,75
Sweden,2024,October,90
Sweden,2024,November,70
Sweden,2024,December,55
Sweden,2024,Total,1125
Sweden,2025,January,100
Sweden,2025,February,110
Sweden,2025,March,95
Sweden,2025,April,105
Sweden,2025,May,95
Sweden,2025,June,105
Sweden,2025,July,105
Sweden,2025,August,95
Sweden,2025,September,75
Sweden,2025,October,110
Sweden,2025,November,55
Sweden,2025,December,65
Sweden,2025,Total,1110
Sweden,2026,January,45
Sweden,2026,February,110
Sweden,2026,March,125
Sweden,2026,April,100
Sweden,2026,May,95
Sweden,2026,Total,475
Switzerland,2023,January,170
Switzerland,2023,February,130
Switzerland,2023,March,155
Switzerland,2023,April,140
Switzerland,2023,May,205
Switzerland,2023,June,195
Switzerland,2023,July,205
Switzerland,2023,August,125
Switzerland,2023,September,120
Switzerland,2023,October,75
Switzerland,2023,November,80
Switzerland,2023,December,80
Switzerland,2023,Total,1685
Switzerland,2024,January,125
Switzerland,2024,February,100
Switzerland,2024,March,145
Switzerland,2024,April,150
Switzerland,2024,May,215
Switzerland,2024,June,155
Switzerland,2024,July,175
Switzerland,2024,August,110
Switzerland,2024,September,85
Switzerland,2024,October,110
Switzerland,2024,November,60
Switzerland,2024,December,70
Switzerland,2024,Total,1500
Switzerland,2025,January,160
Switzerland,2025,February,125
Switzerland,2025,March,125
Switzerland,2025,April,150
Switzerland,2025,May,170
Switzerland,2025,June,190
Switzerland,2025,July,165
Switzerland,2025,August,90
Switzerland,2025,September,70
Switzerland,2025,October,70
Switzerland,2025,November,65
Switzerland,2025,December,70
Switzerland,2025,Total,1455
Switzerland,2026,January,100
Switzerland,2026,February,155
Switzerland,2026,March,150
Switzerland,2026,April,205
Switzerland,2026,May,190
Switzerland,2026,Total,800
Syria,2023,January,500
Syria,2023,February,600
Syria,2023,March,670
Syria,2023,April,745
Syria,2023,May,1030
Syria,2023,June,1200
Syria,2023,July,1240
Syria,2023,August,1690
Syria,2023,September,3130
Syria,2023,October,1545
Syria,2023,November,1995
Syria,2023,December,2305
Syria,2023,Total,16650
Syria,2024,January,1420
Syria,2024,February,1075
Syria,2024,March,1070
Syria,2024,April,945
Syria,2024,May,1050
Syria,2024,June,990
Syria,2024,July,915
Syria,2024,August,930
Syria,2024,September,875
Syria,2024,October,795
Syria,2024,November,805
Syria,2024,December,615
Syria,2024,Total,11485
Syria,2025,January,620
Syria,2025,February,530
Syria,2025,March,650
Syria,2025,April,715
Syria,2025,May,800
Syria,2025,June,615
Syria,2025,July,675
Syria,2025,August,695
Syria,2025,September,760
Syria,2025,October,755
Syria,2025,November,695
Syria,2025,December,605
Syria,2025,Total,8110
Syria,2026,January,655
Syria,2026,February,720
Syria,2026,March,680
Syria,2026,April,775
Syria,2026,May,695
Syria,2026,Total,3525
Taiwan,2023,January,655
Taiwan,2023,February,1405
Taiwan,2023,March,1235
Taiwan,2023,April,1115
Taiwan,2023,May,1250
Taiwan,2023,June,1025
Taiwan,2023,July,715
Taiwan,2023,August,585
Taiwan,2023,September,775
Taiwan,2023,October,1115
Taiwan,2023,November,615
Taiwan,2023,December,450
Taiwan,2023,Total,10940
Taiwan,2024,January,625
Taiwan,2024,February,775
Taiwan,2024,March,1015
Taiwan,2024,April,1065
Taiwan,2024,May,1200
Taiwan,2024,June,770
Taiwan,2024,July,1585
Taiwan,2024,August,980
Taiwan,2024,September,875
Taiwan,2024,October,780
Taiwan,2024,November,420
Taiwan,2024,December,465
Taiwan,2024,Total,10550
Taiwan,2025,January,795
Taiwan,2025,February,975
Taiwan,2025,March,785
Taiwan,2025,April,995
Taiwan,2025,May,1095
Taiwan,2025,June,755
Taiwan,2025,July,605
Taiwan,2025,August,455
Taiwan,2025,September,530
Taiwan,2025,October,480
Taiwan,2025,November,490
Taiwan,2025,December,445
Taiwan,2025,Total,8405
Taiwan,2026,January,585
Taiwan,2026,February,990
Taiwan,2026,March,985
Taiwan,2026,April,750
Taiwan,2026,May,840
Taiwan,2026,Total,4155
Tajikistan,2023,January,40
Tajikistan,2023,February,45
Tajikistan,2023,March,90
Tajikistan,2023,April,70
Tajikistan,2023,May,60
Tajikistan,2023,June,70
Tajikistan,2023,July,85
Tajikistan,2023,August,65
Tajikistan,2023,September,65
Tajikistan,2023,October,80
Tajikistan,2023,November,80
Tajikistan,2023,December,80
Tajikistan,2023,Total,825
Tajikistan,2024,January,65
Tajikistan,2024,February,75
Tajikistan,2024,March,120
Tajikistan,2024,April,95
Tajikistan,2024,May,95
Tajikistan,2024,June,120
Tajikistan,2024,July,125
Tajikistan,2024,August,135
Tajikistan,2024,September,115
Tajikistan,2024,October,100
Tajikistan,2024,November,115
Tajikistan,2024,December,75
Tajikistan,2024,Total,1225
Tajikistan,2025,January,65
Tajikistan,2025,February,75
Tajikistan,2025,March,65
Tajikistan,2025,April,60
Tajikistan,2025,May,95
Tajikistan,2025,June,70
Tajikistan,2025,July,90
Tajikistan,2025,August,65
Tajikistan,2025,September,55
Tajikistan,2025,October,55
Tajikistan,2025,November,55
Tajikistan,2025,December,55
Tajikistan,2025,Total,800
Tajikistan,2026,January,55
Tajikistan,2026,February,65
Tajikistan,2026,March,85
Tajikistan,2026,April,70
Tajikistan,2026,May,65
Tajikistan,2026,Total,335
Thailand,2023,January,1945
Thailand,2023,February,1765
Thailand,2023,March,2035
Thailand,2023,April,1805
Thailand,2023,May,2390
Thailand,2023,June,1625
Thailand,2023,July,1160
Thailand,2023,August,1225
Thailand,2023,September,1035
Thailand,2023,October,945
Thailand,2023,November,885
Thailand,2023,December,920
Thailand,2023,Total,17735
Thailand,2024,January,1390
Thailand,2024,February,1345
Thailand,2024,March,1435
Thailand,2024,April,1370
Thailand,2024,May,1560
Thailand,2024,June,1465
Thailand,2024,July,1245
Thailand,2024,August,1125
Thailand,2024,September,975
Thailand,2024,October,960
Thailand,2024,November,875
Thailand,2024,December,890
Thailand,2024,Total,14640
Thailand,2025,January,1430
Thailand,2025,February,1220
Thailand,2025,March,1110
Thailand,2025,April,1010
Thailand,2025,May,1365
Thailand,2025,June,1125
Thailand,2025,July,1215
Thailand,2025,August,1000
Thailand,2025,September,1005
Thailand,2025,October,710
Thailand,2025,November,670
Thailand,2025,December,810
Thailand,2025,Total,12670
Thailand,2026,January,1275
Thailand,2026,February,1150
Thailand,2026,March,1160
Thailand,2026,April,935
Thailand,2026,May,1290
Thailand,2026,Total,5805
The Netherlands,2023,January,325
The Netherlands,2023,February,330
The Netherlands,2023,March,255
The Netherlands,2023,April,195
The Netherlands,2023,May,200
The Netherlands,2023,June,290
The Netherlands,2023,July,225
The Netherlands,2023,August,190
The Netherlands,2023,September,170
The Netherlands,2023,October,180
The Netherlands,2023,November,135
The Netherlands,2023,December,75
The Netherlands,2023,Total,2570
The Netherlands,2024,January,315
The Netherlands,2024,February,335
The Netherlands,2024,March,155
The Netherlands,2024,April,225
The Netherlands,2024,May,175
The Netherlands,2024,June,125
The Netherlands,2024,July,170
The Netherlands,2024,August,255
The Netherlands,2024,September,185
The Netherlands,2024,October,165
The Netherlands,2024,November,150
The Netherlands,2024,December,95
The Netherlands,2024,Total,2350
The Netherlands,2025,January,330
The Netherlands,2025,February,350
The Netherlands,2025,March,190
The Netherlands,2025,April,315
The Netherlands,2025,May,160
The Netherlands,2025,June,145
The Netherlands,2025,July,145
The Netherlands,2025,August,85
The Netherlands,2025,September,80
The Netherlands,2025,October,110
The Netherlands,2025,November,95
The Netherlands,2025,December,80
The Netherlands,2025,Total,2090
The Netherlands,2026,January,260
The Netherlands,2026,February,460
The Netherlands,2026,March,175
The Netherlands,2026,April,135
The Netherlands,2026,May,140
The Netherlands,2026,Total,1170
The Netherlands Antilles,2023,January,0
The Netherlands Antilles,2023,February,0
The Netherlands Antilles,2023,March,0
The Netherlands Antilles,2023,April,0
The Netherlands Antilles,2023,May,0
The Netherlands Antilles,2023,June,0
The Netherlands Antilles,2023,July,0
The Netherlands Antilles,2023,August,0
The Netherlands Antilles,2023,September,0
The Netherlands Antilles,2023,October,0
The Netherlands Antilles,2023,November,0
The Netherlands Antilles,2023,December,
The Netherlands Antilles,2023,Total,
The Netherlands Antilles,2024,January,0
The Netherlands Antilles,2024,February,0
The Netherlands Antilles,2024,March,0
The Netherlands Antilles,2024,April,0
The Netherlands Antilles,2024,May,0
The Netherlands Antilles,2024,June,0
The Netherlands Antilles,2024,July,0
The Netherlands Antilles,2024,August,
The Netherlands Antilles,2024,September,0
The Netherlands Antilles,2024,October,0
The Netherlands Antilles,2024,November,0
The Netherlands Antilles,2024,December,0
The Netherlands Antilles,2024,Total,
The Netherlands Antilles,2025,January,0
The Netherlands Antilles,2025,February,0
The Netherlands Antilles,2025,March,0
The Netherlands Antilles,2025,April,0
The Netherlands Antilles,2025,May,0
The Netherlands Antilles,2025,June,0
The Netherlands Antilles,2025,July,
The Netherlands Antilles,2025,August,0
The Netherlands Antilles,2025,September,0
The Netherlands Antilles,2025,October,0
The Netherlands Antilles,2025,November,0
The Netherlands Antilles,2025,December,0
The Netherlands Antilles,2025,Total,
The Netherlands Antilles,2026,January,0
The Netherlands Antilles,2026,February,0
The Netherlands Antilles,2026,March,0
The Netherlands Antilles,2026,April,0
The Netherlands Antilles,2026,May,0
The Netherlands Antilles,2026,Total,0
"Togo, Republic of",2023,January,395
"Togo, Republic of",2023,February,445
"Togo, Republic of",2023,March,655
"Togo, Republic of",2023,April,630
"Togo, Republic of",2023,May,830
"Togo, Republic of",2023,June,1030
"Togo, Republic of",2023,July,1070
"Togo, Republic of",2023,August,910
"Togo, Republic of",2023,September,880
"Togo, Republic of",2023,October,1095
"Togo, Republic of",2023,November,1125
"Togo, Republic of",2023,December,905
"Togo, Republic of",2023,Total,9970
"Togo, Republic of",2024,January,870
"Togo, Republic of",2024,February,775
"Togo, Republic of",2024,March,860
"Togo, Republic of",2024,April,935
"Togo, Republic of",2024,May,1290
"Togo, Republic of",2024,June,1215
"Togo, Republic of",2024,July,1180
"Togo, Republic of",2024,August,835
"Togo, Republic of",2024,September,665
"Togo, Republic of",2024,October,730
"Togo, Republic of",2024,November,625
"Togo, Republic of",2024,December,540
"Togo, Republic of",2024,Total,10515
"Togo, Republic of",2025,January,515
"Togo, Republic of",2025,February,460
"Togo, Republic of",2025,March,605
"Togo, Republic of",2025,April,635
"Togo, Republic of",2025,May,615
"Togo, Republic of",2025,June,625
"Togo, Republic of",2025,July,650
"Togo, Republic of",2025,August,595
"Togo, Republic of",2025,September,500
"Togo, Republic of",2025,October,485
"Togo, Republic of",2025,November,485
"Togo, Republic of",2025,December,470
"Togo, Republic of",2025,Total,6640
"Togo, Republic of",2026,January,485
"Togo, Republic of",2026,February,465
"Togo, Republic of",2026,March,630
"Togo, Republic of",2026,April,555
"Togo, Republic of",2026,May,580
"Togo, Republic of",2026,Total,2715
Tonga,2023,January,0
Tonga,2023,February,
Tonga,2023,March,
Tonga,2023,April,
Tonga,2023,May,5
Tonga,2023,June,5
Tonga,2023,July,
Tonga,2023,August,5
Tonga,2023,September,0
Tonga,2023,October,
Tonga,2023,November,0
Tonga,2023,December,0
Tonga,2023,Total,30
Tonga,2024,January,
Tonga,2024,February,
Tonga,2024,March,
Tonga,2024,April,
Tonga,2024,May,5
Tonga,2024,June,
Tonga,2024,July,
Tonga,2024,August,
Tonga,2024,September,
Tonga,2024,October,
Tonga,2024,November,
Tonga,2024,December,
Tonga,2024,Total,30
Tonga,2025,January,
Tonga,2025,February,
Tonga,2025,March,
Tonga,2025,April,5
Tonga,2025,May,
Tonga,2025,June,
Tonga,2025,July,
Tonga,2025,August,
Tonga,2025,September,0
Tonga,2025,October,
Tonga,2025,November,
Tonga,2025,December,
Tonga,2025,Total,25
Tonga,2026,January,
Tonga,2026,February,
Tonga,2026,March,10
Tonga,2026,April,
Tonga,2026,May,20
Tonga,2026,Total,35
"Trinidad and Tobago, Republic of",2023,January,1185
"Trinidad and Tobago, Republic of",2023,February,1115
"Trinidad and Tobago, Republic of",2023,March,1655
"Trinidad and Tobago, Republic of",2023,April,1640
"Trinidad and Tobago, Republic of",2023,May,2000
"Trinidad and Tobago, Republic of",2023,June,1070
"Trinidad and Tobago, Republic of",2023,July,865
"Trinidad and Tobago, Republic of",2023,August,565
"Trinidad and Tobago, Republic of",2023,September,480
"Trinidad and Tobago, Republic of",2023,October,565
"Trinidad and Tobago, Republic of",2023,November,625
"Trinidad and Tobago, Republic of",2023,December,465
"Trinidad and Tobago, Republic of",2023,Total,12230
"Trinidad and Tobago, Republic of",2024,January,635
"Trinidad and Tobago, Republic of",2024,February,640
"Trinidad and Tobago, Republic of",2024,March,795
"Trinidad and Tobago, Republic of",2024,April,805
"Trinidad and Tobago, Republic of",2024,May,970
"Trinidad and Tobago, Republic of",2024,June,780
"Trinidad and Tobago, Republic of",2024,July,830
"Trinidad and Tobago, Republic of",2024,August,515
"Trinidad and Tobago, Republic of",2024,September,465
"Trinidad and Tobago, Republic of",2024,October,565
"Trinidad and Tobago, Republic of",2024,November,500
"Trinidad and Tobago, Republic of",2024,December,370
"Trinidad and Tobago, Republic of",2024,Total,7875
"Trinidad and Tobago, Republic of",2025,January,620
"Trinidad and Tobago, Republic of",2025,February,510
"Trinidad and Tobago, Republic of",2025,March,660
"Trinidad and Tobago, Republic of",2025,April,695
"Trinidad and Tobago, Republic of",2025,May,855
"Trinidad and Tobago, Republic of",2025,June,735
"Trinidad and Tobago, Republic of",2025,July,760
"Trinidad and Tobago, Republic of",2025,August,530
"Trinidad and Tobago, Republic of",2025,September,475
"Trinidad and Tobago, Republic of",2025,October,550
"Trinidad and Tobago, Republic of",2025,November,650
"Trinidad and Tobago, Republic of",2025,December,415
"Trinidad and Tobago, Republic of",2025,Total,7455
"Trinidad and Tobago, Republic of",2026,January,495
"Trinidad and Tobago, Republic of",2026,February,555
"Trinidad and Tobago, Republic of",2026,March,725
"Trinidad and Tobago, Republic of",2026,April,695
"Trinidad and Tobago, Republic of",2026,May,825
"Trinidad and Tobago, Republic of",2026,Total,3295
Tunisia,2023,January,2415
Tunisia,2023,February,2785
Tunisia,2023,March,3015
Tunisia,2023,April,2425
Tunisia,2023,May,3145
Tunisia,2023,June,3310
Tunisia,2023,July,3040
Tunisia,2023,August,3245
Tunisia,2023,September,2920
Tunisia,2023,October,3320
Tunisia,2023,November,3310
Tunisia,2023,December,2995
Tunisia,2023,Total,35920
Tunisia,2024,January,3080
Tunisia,2024,February,3555
Tunisia,2024,March,3395
Tunisia,2024,April,3005
Tunisia,2024,May,3495
Tunisia,2024,June,2910
Tunisia,2024,July,2700
Tunisia,2024,August,2720
Tunisia,2024,September,2525
Tunisia,2024,October,2755
Tunisia,2024,November,2570
Tunisia,2024,December,2060
Tunisia,2024,Total,34770
Tunisia,2025,January,3595
Tunisia,2025,February,2470
Tunisia,2025,March,2720
Tunisia,2025,April,2810
Tunisia,2025,May,2785
Tunisia,2025,June,2380
Tunisia,2025,July,2265
Tunisia,2025,August,2045
Tunisia,2025,September,2020
Tunisia,2025,October,2105
Tunisia,2025,November,2070
Tunisia,2025,December,2085
Tunisia,2025,Total,29345
Tunisia,2026,January,2360
Tunisia,2026,February,2665
Tunisia,2026,March,3100
Tunisia,2026,April,3330
Tunisia,2026,May,3160
Tunisia,2026,Total,14610
Turkey,2023,January,3190
Turkey,2023,February,3245
Turkey,2023,March,5000
Turkey,2023,April,5410
Turkey,2023,May,5625
Turkey,2023,June,6350
Turkey,2023,July,8240
Turkey,2023,August,15160
Turkey,2023,September,15310
Turkey,2023,October,10650
Turkey,2023,November,9735
Turkey,2023,December,8885
Turkey,2023,Total,96790
Turkey,2024,January,4815
Turkey,2024,February,3555
Turkey,2024,March,3835
Turkey,2024,April,3195
Turkey,2024,May,3810
Turkey,2024,June,2785
Turkey,2024,July,3115
Turkey,2024,August,3000
Turkey,2024,September,3095
Turkey,2024,October,3420
Turkey,2024,November,3290
Turkey,2024,December,3155
Turkey,2024,Total,41075
Turkey,2025,January,3900
Turkey,2025,February,3600
Turkey,2025,March,3815
Turkey,2025,April,3400
Turkey,2025,May,3485
Turkey,2025,June,2880
Turkey,2025,July,3230
Turkey,2025,August,2890
Turkey,2025,September,2745
Turkey,2025,October,2760
Turkey,2025,November,2700
Turkey,2025,December,2710
Turkey,2025,Total,38120
Turkey,2026,January,2805
Turkey,2026,February,3165
Turkey,2026,March,3800
Turkey,2026,April,3575
Turkey,2026,May,3440
Turkey,2026,Total,16785
Turkmenistan,2023,January,40
Turkmenistan,2023,February,35
Turkmenistan,2023,March,55
Turkmenistan,2023,April,25
Turkmenistan,2023,May,40
Turkmenistan,2023,June,35
Turkmenistan,2023,July,35
Turkmenistan,2023,August,30
Turkmenistan,2023,September,20
Turkmenistan,2023,October,30
Turkmenistan,2023,November,25
Turkmenistan,2023,December,25
Turkmenistan,2023,Total,395
Turkmenistan,2024,January,35
Turkmenistan,2024,February,35
Turkmenistan,2024,March,35
Turkmenistan,2024,April,30
Turkmenistan,2024,May,35
Turkmenistan,2024,June,25
Turkmenistan,2024,July,35
Turkmenistan,2024,August,45
Turkmenistan,2024,September,35
Turkmenistan,2024,October,40
Turkmenistan,2024,November,35
Turkmenistan,2024,December,45
Turkmenistan,2024,Total,425
Turkmenistan,2025,January,35
Turkmenistan,2025,February,25
Turkmenistan,2025,March,20
Turkmenistan,2025,April,25
Turkmenistan,2025,May,35
Turkmenistan,2025,June,30
Turkmenistan,2025,July,45
Turkmenistan,2025,August,40
Turkmenistan,2025,September,25
Turkmenistan,2025,October,35
Turkmenistan,2025,November,25
Turkmenistan,2025,December,35
Turkmenistan,2025,Total,375
Turkmenistan,2026,January,30
Turkmenistan,2026,February,20
Turkmenistan,2026,March,40
Turkmenistan,2026,April,20
Turkmenistan,2026,May,40
Turkmenistan,2026,Total,155
Turks and Caicos Islands,2023,January,0
Turks and Caicos Islands,2023,February,0
Turks and Caicos Islands,2023,March,0
Turks and Caicos Islands,2023,April,0
Turks and Caicos Islands,2023,May,0
Turks and Caicos Islands,2023,June,0
Turks and Caicos Islands,2023,July,0
Turks and Caicos Islands,2023,August,0
Turks and Caicos Islands,2023,September,0
Turks and Caicos Islands,2023,October,0
Turks and Caicos Islands,2023,November,0
Turks and Caicos Islands,2023,December,0
Turks and Caicos Islands,2023,Total,0
Turks and Caicos Islands,2024,January,0
Turks and Caicos Islands,2024,February,0
Turks and Caicos Islands,2024,March,0
Turks and Caicos Islands,2024,April,0
Turks and Caicos Islands,2024,May,
Turks and Caicos Islands,2024,June,0
Turks and Caicos Islands,2024,July,0
Turks and Caicos Islands,2024,August,0
Turks and Caicos Islands,2024,September,0
Turks and Caicos Islands,2024,October,0
Turks and Caicos Islands,2024,November,0
Turks and Caicos Islands,2024,December,0
Turks and Caicos Islands,2024,Total,
Turks and Caicos Islands,2025,January,0
Turks and Caicos Islands,2025,February,0
Turks and Caicos Islands,2025,March,0
Turks and Caicos Islands,2025,April,0
Turks and Caicos Islands,2025,May,0
Turks and Caicos Islands,2025,June,
Turks and Caicos Islands,2025,July,0
Turks and Caicos Islands,2025,August,0
Turks and Caicos Islands,2025,September,0
Turks and Caicos Islands,2025,October,0
Turks and Caicos Islands,2025,November,0
Turks and Caicos Islands,2025,December,0
Turks and Caicos Islands,2025,Total,
Turks and Caicos Islands,2026,January,0
Turks and Caicos Islands,2026,February,0
Turks and Caicos Islands,2026,March,0
Turks and Caicos Islands,2026,April,0
Turks and Caicos Islands,2026,May,0
Turks and Caicos Islands,2026,Total,0
Tuvalu,2023,January,0
Tuvalu,2023,February,0
Tuvalu,2023,March,0
Tuvalu,2023,April,0
Tuvalu,2023,May,
Tuvalu,2023,June,
Tuvalu,2023,July,5
Tuvalu,2023,August,0
Tuvalu,2023,September,0
Tuvalu,2023,October,0
Tuvalu,2023,November,0
Tuvalu,2023,December,0
Tuvalu,2023,Total,10
Tuvalu,2024,January,0
Tuvalu,2024,February,
Tuvalu,2024,March,
Tuvalu,2024,April,0
Tuvalu,2024,May,0
Tuvalu,2024,June,
Tuvalu,2024,July,0
Tuvalu,2024,August,0
Tuvalu,2024,September,0
Tuvalu,2024,October,0
Tuvalu,2024,November,0
Tuvalu,2024,December,0
Tuvalu,2024,Total,5
Tuvalu,2025,January,0
Tuvalu,2025,February,0
Tuvalu,2025,March,0
Tuvalu,2025,April,0
Tuvalu,2025,May,
Tuvalu,2025,June,0
Tuvalu,2025,July,0
Tuvalu,2025,August,
Tuvalu,2025,September,
Tuvalu,2025,October,0
Tuvalu,2025,November,0
Tuvalu,2025,December,0
Tuvalu,2025,Total,5
Tuvalu,2026,January,
Tuvalu,2026,February,0
Tuvalu,2026,March,
Tuvalu,2026,April,
Tuvalu,2026,May,0
Tuvalu,2026,Total,
Uganda,2023,January,1025
Uganda,2023,February,1230
Uganda,2023,March,1830
Uganda,2023,April,1920
Uganda,2023,May,2220
Uganda,2023,June,2455
Uganda,2023,July,2845
Uganda,2023,August,2780
Uganda,2023,September,2690
Uganda,2023,October,2855
Uganda,2023,November,2850
Uganda,2023,December,2310
Uganda,2023,Total,27010
Uganda,2024,January,2785
Uganda,2024,February,3230
Uganda,2024,March,2955
Uganda,2024,April,2550
Uganda,2024,May,2475
Uganda,2024,June,2200
Uganda,2024,July,2450
Uganda,2024,August,2060
Uganda,2024,September,1820
Uganda,2024,October,1750
Uganda,2024,November,1470
Uganda,2024,December,1170
Uganda,2024,Total,26915
Uganda,2025,January,1355
Uganda,2025,February,1145
Uganda,2025,March,1315
Uganda,2025,April,1275
Uganda,2025,May,1420
Uganda,2025,June,1350
Uganda,2025,July,1690
Uganda,2025,August,1540
Uganda,2025,September,1550
Uganda,2025,October,1515
Uganda,2025,November,1220
Uganda,2025,December,1015
Uganda,2025,Total,16385
Uganda,2026,January,1050
Uganda,2026,February,1290
Uganda,2026,March,1485
Uganda,2026,April,1425
Uganda,2026,May,1515
Uganda,2026,Total,6765
Ukraine,2023,January,61415
Ukraine,2023,February,76980
Ukraine,2023,March,90600
Ukraine,2023,April,30220
Ukraine,2023,May,34045
Ukraine,2023,June,51335
Ukraine,2023,July,91385
Ukraine,2023,August,2485
Ukraine,2023,September,2315
Ukraine,2023,October,2540
Ukraine,2023,November,3030
Ukraine,2023,December,2805
Ukraine,2023,Total,449170
Ukraine,2024,January,5275
Ukraine,2024,February,9990
Ukraine,2024,March,35340
Ukraine,2024,April,3695
Ukraine,2024,May,2510
Ukraine,2024,June,2870
Ukraine,2024,July,4680
Ukraine,2024,August,2930
Ukraine,2024,September,2970
Ukraine,2024,October,4200
Ukraine,2024,November,5595
Ukraine,2024,December,7920
Ukraine,2024,Total,87975
Ukraine,2025,January,17075
Ukraine,2025,February,23860
Ukraine,2025,March,9470
Ukraine,2025,April,6520
Ukraine,2025,May,6460
Ukraine,2025,June,6035
Ukraine,2025,July,6655
Ukraine,2025,August,6860
Ukraine,2025,September,8150
Ukraine,2025,October,8595
Ukraine,2025,November,9005
Ukraine,2025,December,8585
Ukraine,2025,Total,117265
Ukraine,2026,January,13455
Ukraine,2026,February,16505
Ukraine,2026,March,71730
Ukraine,2026,April,5630
Ukraine,2026,May,5315
Ukraine,2026,Total,112635
United Arab Emirates,2023,January,25
United Arab Emirates,2023,February,15
United Arab Emirates,2023,March,25
United Arab Emirates,2023,April,45
United Arab Emirates,2023,May,50
United Arab Emirates,2023,June,35
United Arab Emirates,2023,July,75
United Arab Emirates,2023,August,55
United Arab Emirates,2023,September,15
United Arab Emirates,2023,October,25
United Arab Emirates,2023,November,25
United Arab Emirates,2023,December,30
United Arab Emirates,2023,Total,415
United Arab Emirates,2024,January,10
United Arab Emirates,2024,February,20
United Arab Emirates,2024,March,30
United Arab Emirates,2024,April,30
United Arab Emirates,2024,May,35
United Arab Emirates,2024,June,35
United Arab Emirates,2024,July,30
United Arab Emirates,2024,August,30
United Arab Emirates,2024,September,25
United Arab Emirates,2024,October,25
United Arab Emirates,2024,November,25
United Arab Emirates,2024,December,20
United Arab Emirates,2024,Total,310
United Arab Emirates,2025,January,25
United Arab Emirates,2025,February,20
United Arab Emirates,2025,March,20
United Arab Emirates,2025,April,30
United Arab Emirates,2025,May,35
United Arab Emirates,2025,June,30
United Arab Emirates,2025,July,40
United Arab Emirates,2025,August,45
United Arab Emirates,2025,September,20
United Arab Emirates,2025,October,30
United Arab Emirates,2025,November,30
United Arab Emirates,2025,December,20
United Arab Emirates,2025,Total,350
United Arab Emirates,2026,January,15
United Arab Emirates,2026,February,15
United Arab Emirates,2026,March,25
United Arab Emirates,2026,April,30
United Arab Emirates,2026,May,30
United Arab Emirates,2026,Total,120
United Kingdom and Overseas Territories,2023,January,2415
United Kingdom and Overseas Territories,2023,February,2495
United Kingdom and Overseas Territories,2023,March,1870
United Kingdom and Overseas Territories,2023,April,1680
United Kingdom and Overseas Territories,2023,May,1920
United Kingdom and Overseas Territories,2023,June,2220
United Kingdom and Overseas Territories,2023,July,2265
United Kingdom and Overseas Territories,2023,August,2070
United Kingdom and Overseas Territories,2023,September,1725
United Kingdom and Overseas Territories,2023,October,1575
United Kingdom and Overseas Territories,2023,November,1100
United Kingdom and Overseas Territories,2023,December,895
United Kingdom and Overseas Territories,2023,Total,22230
United Kingdom and Overseas Territories,2024,January,2510
United Kingdom and Overseas Territories,2024,February,2960
United Kingdom and Overseas Territories,2024,March,1800
United Kingdom and Overseas Territories,2024,April,2535
United Kingdom and Overseas Territories,2024,May,2290
United Kingdom and Overseas Territories,2024,June,1685
United Kingdom and Overseas Territories,2024,July,2320
United Kingdom and Overseas Territories,2024,August,1335
United Kingdom and Overseas Territories,2024,September,1010
United Kingdom and Overseas Territories,2024,October,1225
United Kingdom and Overseas Territories,2024,November,740
United Kingdom and Overseas Territories,2024,December,710
United Kingdom and Overseas Territories,2024,Total,21120
United Kingdom and Overseas Territories,2025,January,2320
United Kingdom and Overseas Territories,2025,February,3795
United Kingdom and Overseas Territories,2025,March,1880
United Kingdom and Overseas Territories,2025,April,2520
United Kingdom and Overseas Territories,2025,May,2105
United Kingdom and Overseas Territories,2025,June,2225
United Kingdom and Overseas Territories,2025,July,2315
United Kingdom and Overseas Territories,2025,August,1615
United Kingdom and Overseas Territories,2025,September,880
United Kingdom and Overseas Territories,2025,October,850
United Kingdom and Overseas Territories,2025,November,705
United Kingdom and Overseas Territories,2025,December,835
United Kingdom and Overseas Territories,2025,Total,22055
United Kingdom and Overseas Territories,2026,January,2610
United Kingdom and Overseas Territories,2026,February,4595
United Kingdom and Overseas Territories,2026,March,2415
United Kingdom and Overseas Territories,2026,April,2620
United Kingdom and Overseas Territories,2026,May,2045
United Kingdom and Overseas Territories,2026,Total,14285
United Republic of Tanzania,2023,January,305
United Republic of Tanzania,2023,February,335
United Republic of Tanzania,2023,March,400
United Republic of Tanzania,2023,April,375
United Republic of Tanzania,2023,May,555
United Republic of Tanzania,2023,June,835
United Republic of Tanzania,2023,July,1055
United Republic of Tanzania,2023,August,1035
United Republic of Tanzania,2023,September,860
United Republic of Tanzania,2023,October,885
United Republic of Tanzania,2023,November,915
United Republic of Tanzania,2023,December,745
United Republic of Tanzania,2023,Total,8300
United Republic of Tanzania,2024,January,750
United Republic of Tanzania,2024,February,905
United Republic of Tanzania,2024,March,830
United Republic of Tanzania,2024,April,740
United Republic of Tanzania,2024,May,745
United Republic of Tanzania,2024,June,645
United Republic of Tanzania,2024,July,695
United Republic of Tanzania,2024,August,500
United Republic of Tanzania,2024,September,445
United Republic of Tanzania,2024,October,495
United Republic of Tanzania,2024,November,425
United Republic of Tanzania,2024,December,310
United Republic of Tanzania,2024,Total,7485
United Republic of Tanzania,2025,January,385
United Republic of Tanzania,2025,February,295
United Republic of Tanzania,2025,March,325
United Republic of Tanzania,2025,April,355
United Republic of Tanzania,2025,May,435
United Republic of Tanzania,2025,June,390
United Republic of Tanzania,2025,July,405
United Republic of Tanzania,2025,August,430
United Republic of Tanzania,2025,September,490
United Republic of Tanzania,2025,October,390
United Republic of Tanzania,2025,November,345
United Republic of Tanzania,2025,December,340
United Republic of Tanzania,2025,Total,4585
United Republic of Tanzania,2026,January,385
United Republic of Tanzania,2026,February,590
United Republic of Tanzania,2026,March,505
United Republic of Tanzania,2026,April,435
United Republic of Tanzania,2026,May,565
United Republic of Tanzania,2026,Total,2475
United States of America,2023,January,1380
United States of America,2023,February,1360
United States of America,2023,March,1680
United States of America,2023,April,1615
United States of America,2023,May,2355
United States of America,2023,June,2275
United States of America,2023,July,2485
United States of America,2023,August,1920
United States of America,2023,September,1595
United States of America,2023,October,1405
United States of America,2023,November,1365
United States of America,2023,December,1150
United States of America,2023,Total,20585
United States of America,2024,January,1550
United States of America,2024,February,1330
United States of America,2024,March,1690
United States of America,2024,April,1735
United States of America,2024,May,2455
United States of America,2024,June,1930
United States of America,2024,July,1825
United States of America,2024,August,1720
United States of America,2024,September,1565
United States of America,2024,October,1390
United States of America,2024,November,1150
United States of America,2024,December,1070
United States of America,2024,Total,19405
United States of America,2025,January,1590
United States of America,2025,February,1580
United States of America,2025,March,1845
United States of America,2025,April,1945
United States of America,2025,May,2560
United States of America,2025,June,2620
United States of America,2025,July,2155
United States of America,2025,August,1740
United States of America,2025,September,1620
United States of America,2025,October,1520
United States of America,2025,November,1510
United States of America,2025,December,1465
United States of America,2025,Total,22145
United States of America,2026,January,1600
United States of America,2026,February,1475
United States of America,2026,March,2055
United States of America,2026,April,2110
United States of America,2026,May,2625
United States of America,2026,Total,9865
Uruguay,2023,January,130
Uruguay,2023,February,110
Uruguay,2023,March,165
Uruguay,2023,April,130
Uruguay,2023,May,205
Uruguay,2023,June,100
Uruguay,2023,July,80
Uruguay,2023,August,40
Uruguay,2023,September,55
Uruguay,2023,October,45
Uruguay,2023,November,50
Uruguay,2023,December,45
Uruguay,2023,Total,1155
Uruguay,2024,January,70
Uruguay,2024,February,100
Uruguay,2024,March,125
Uruguay,2024,April,145
Uruguay,2024,May,90
Uruguay,2024,June,65
Uruguay,2024,July,95
Uruguay,2024,August,75
Uruguay,2024,September,35
Uruguay,2024,October,40
Uruguay,2024,November,45
Uruguay,2024,December,30
Uruguay,2024,Total,915
Uruguay,2025,January,70
Uruguay,2025,February,75
Uruguay,2025,March,70
Uruguay,2025,April,80
Uruguay,2025,May,80
Uruguay,2025,June,70
Uruguay,2025,July,65
Uruguay,2025,August,50
Uruguay,2025,September,45
Uruguay,2025,October,40
Uruguay,2025,November,45
Uruguay,2025,December,65
Uruguay,2025,Total,760
Uruguay,2026,January,55
Uruguay,2026,February,55
Uruguay,2026,March,70
Uruguay,2026,April,80
Uruguay,2026,May,70
Uruguay,2026,Total,325
Uzbekistan,2023,January,180
Uzbekistan,2023,February,275
Uzbekistan,2023,March,325
Uzbekistan,2023,April,265
Uzbekistan,2023,May,280
Uzbekistan,2023,June,300
Uzbekistan,2023,July,350
Uzbekistan,2023,August,410
Uzbekistan,2023,September,540
Uzbekistan,2023,October,760
Uzbekistan,2023,November,760
Uzbekistan,2023,December,720
Uzbekistan,2023,Total,5165
Uzbekistan,2024,January,835
Uzbekistan,2024,February,1265
Uzbekistan,2024,March,1385
Uzbekistan,2024,April,1280
Uzbekistan,2024,May,1135
Uzbekistan,2024,June,1055
Uzbekistan,2024,July,1015
Uzbekistan,2024,August,730
Uzbekistan,2024,September,575
Uzbekistan,2024,October,695
Uzbekistan,2024,November,590
Uzbekistan,2024,December,460
Uzbekistan,2024,Total,11015
Uzbekistan,2025,January,365
Uzbekistan,2025,February,345
Uzbekistan,2025,March,365
Uzbekistan,2025,April,400
Uzbekistan,2025,May,390
Uzbekistan,2025,June,315
Uzbekistan,2025,July,255
Uzbekistan,2025,August,305
Uzbekistan,2025,September,215
Uzbekistan,2025,October,250
Uzbekistan,2025,November,230
Uzbekistan,2025,December,265
Uzbekistan,2025,Total,3710
Uzbekistan,2026,January,215
Uzbekistan,2026,February,270
Uzbekistan,2026,March,325
Uzbekistan,2026,April,415
Uzbekistan,2026,May,390
Uzbekistan,2026,Total,1620
Vanuatu,2023,January,5
Vanuatu,2023,February,5
Vanuatu,2023,March,10
Vanuatu,2023,April,15
Vanuatu,2023,May,10
Vanuatu,2023,June,15
Vanuatu,2023,July,20
Vanuatu,2023,August,10
Vanuatu,2023,September,20
Vanuatu,2023,October,10
Vanuatu,2023,November,10
Vanuatu,2023,December,10
Vanuatu,2023,Total,140
Vanuatu,2024,January,5
Vanuatu,2024,February,10
Vanuatu,2024,March,20
Vanuatu,2024,April,10
Vanuatu,2024,May,10
Vanuatu,2024,June,
Vanuatu,2024,July,5
Vanuatu,2024,August,10
Vanuatu,2024,September,15
Vanuatu,2024,October,5
Vanuatu,2024,November,10
Vanuatu,2024,December,10
Vanuatu,2024,Total,110
Vanuatu,2025,January,5
Vanuatu,2025,February,5
Vanuatu,2025,March,10
Vanuatu,2025,April,5
Vanuatu,2025,May,10
Vanuatu,2025,June,15
Vanuatu,2025,July,10
Vanuatu,2025,August,10
Vanuatu,2025,September,10
Vanuatu,2025,October,20
Vanuatu,2025,November,5
Vanuatu,2025,December,5
Vanuatu,2025,Total,120
Vanuatu,2026,January,10
Vanuatu,2026,February,5
Vanuatu,2026,March,15
Vanuatu,2026,April,5
Vanuatu,2026,May,5
Vanuatu,2026,Total,40
Venezuela,2023,January,870
Venezuela,2023,February,1070
Venezuela,2023,March,1695
Venezuela,2023,April,1375
Venezuela,2023,May,1110
Venezuela,2023,June,1280
Venezuela,2023,July,995
Venezuela,2023,August,920
Venezuela,2023,September,920
Venezuela,2023,October,905
Venezuela,2023,November,845
Venezuela,2023,December,750
Venezuela,2023,Total,12735
Venezuela,2024,January,850
Venezuela,2024,February,895
Venezuela,2024,March,990
Venezuela,2024,April,970
Venezuela,2024,May,1005
Venezuela,2024,June,780
Venezuela,2024,July,850
Venezuela,2024,August,800
Venezuela,2024,September,775
Venezuela,2024,October,855
Venezuela,2024,November,735
Venezuela,2024,December,660
Venezuela,2024,Total,10170
Venezuela,2025,January,935
Venezuela,2025,February,1015
Venezuela,2025,March,1030
Venezuela,2025,April,930
Venezuela,2025,May,1115
Venezuela,2025,June,920
Venezuela,2025,July,1070
Venezuela,2025,August,1050
Venezuela,2025,September,995
Venezuela,2025,October,1030
Venezuela,2025,November,1125
Venezuela,2025,December,955
Venezuela,2025,Total,12175
Venezuela,2026,January,1045
Venezuela,2026,February,1030
Venezuela,2026,March,1250
Venezuela,2026,April,1115
Venezuela,2026,May,1270
Venezuela,2026,Total,5715
Western Sahara,2023,January,0
Western Sahara,2023,February,0
Western Sahara,2023,March,0
Western Sahara,2023,April,0
Western Sahara,2023,May,0
Western Sahara,2023,June,
Western Sahara,2023,July,0
Western Sahara,2023,August,
Western Sahara,2023,September,
Western Sahara,2023,October,0
Western Sahara,2023,November,0
Western Sahara,2023,December,0
Western Sahara,2023,Total,
Western Sahara,2024,January,
Western Sahara,2024,February,
Western Sahara,2024,March,0
Western Sahara,2024,April,
Western Sahara,2024,May,
Western Sahara,2024,June,0
Western Sahara,2024,July,0
Western Sahara,2024,August,0
Western Sahara,2024,September,0
Western Sahara,2024,October,0
Western Sahara,2024,November,0
Western Sahara,2024,December,0
Western Sahara,2024,Total,
Western Sahara,2025,January,0
Western Sahara,2025,February,0
Western Sahara,2025,March,0
Western Sahara,2025,April,0
Western Sahara,2025,May,0
Western Sahara,2025,June,0
Western Sahara,2025,July,0
Western Sahara,2025,August,0
Western Sahara,2025,September,
Western Sahara,2025,October,0
Western Sahara,2025,November,
Western Sahara,2025,December,0
Western Sahara,2025,Total,
Western Sahara,2026,January,
Western Sahara,2026,February,0
Western Sahara,2026,March,
Western Sahara,2026,April,0
Western Sahara,2026,May,
Western Sahara,2026,Total,5
"Yemen, Republic of",2023,January,255
"Yemen, Republic of",2023,February,285
"Yemen, Republic of",2023,March,320
"Yemen, Republic of",2023,April,240
"Yemen, Republic of",2023,May,355
"Yemen, Republic of",2023,June,430
"Yemen, Republic of",2023,July,390
"Yemen, Republic of",2023,August,345
"Yemen, Republic of",2023,September,295
"Yemen, Republic of",2023,October,300
"Yemen, Republic of",2023,November,325
"Yemen, Republic of",2023,December,305
"Yemen, Republic of",2023,Total,3850
"Yemen, Republic of",2024,January,285
"Yemen, Republic of",2024,February,320
"Yemen, Republic of",2024,March,280
"Yemen, Republic of",2024,April,240
"Yemen, Republic of",2024,May,360
"Yemen, Republic of",2024,June,345
"Yemen, Republic of",2024,July,415
"Yemen, Republic of",2024,August,335
"Yemen, Republic of",2024,September,350
"Yemen, Republic of",2024,October,295
"Yemen, Republic of",2024,November,315
"Yemen, Republic of",2024,December,250
"Yemen, Republic of",2024,Total,3795
"Yemen, Republic of",2025,January,310
"Yemen, Republic of",2025,February,280
"Yemen, Republic of",2025,March,255
"Yemen, Republic of",2025,April,280
"Yemen, Republic of",2025,May,335
"Yemen, Republic of",2025,June,275
"Yemen, Republic of",2025,July,335
"Yemen, Republic of",2025,August,315
"Yemen, Republic of",2025,September,285
"Yemen, Republic of",2025,October,320
"Yemen, Republic of",2025,November,290
"Yemen, Republic of",2025,December,270
"Yemen, Republic of",2025,Total,3545
"Yemen, Republic of",2026,January,245
"Yemen, Republic of",2026,February,260
"Yemen, Republic of",2026,March,250
"Yemen, Republic of",2026,April,335
"Yemen, Republic of",2026,May,340
"Yemen, Republic of",2026,Total,1430
Zambia,2023,January,70
Zambia,2023,February,95
Zambia,2023,March,155
Zambia,2023,April,100
Zambia,2023,May,150
Zambia,2023,June,160
Zambia,2023,July,175
Zambia,2023,August,170
Zambia,2023,September,115
Zambia,2023,October,115
Zambia,2023,November,135
Zambia,2023,December,135
Zambia,2023,Total,1570
Zambia,2024,January,90
Zambia,2024,February,95
Zambia,2024,March,90
Zambia,2024,April,140
Zambia,2024,May,150
Zambia,2024,June,155
Zambia,2024,July,130
Zambia,2024,August,120
Zambia,2024,September,80
Zambia,2024,October,135
Zambia,2024,November,90
Zambia,2024,December,75
Zambia,2024,Total,1355
Zambia,2025,January,120
Zambia,2025,February,90
Zambia,2025,March,155
Zambia,2025,April,120
Zambia,2025,May,125
Zambia,2025,June,145
Zambia,2025,July,115
Zambia,2025,August,115
Zambia,2025,September,135
Zambia,2025,October,145
Zambia,2025,November,155
Zambia,2025,December,130
Zambia,2025,Total,1555
Zambia,2026,January,110
Zambia,2026,February,145
Zambia,2026,March,160
Zambia,2026,April,165
Zambia,2026,May,200
Zambia,2026,Total,785
Zimbabwe,2023,January,405
Zimbabwe,2023,February,465
Zimbabwe,2023,March,690
Zimbabwe,2023,April,610
Zimbabwe,2023,May,760
Zimbabwe,2023,June,815
Zimbabwe,2023,July,780
Zimbabwe,2023,August,780
Zimbabwe,2023,September,740
Zimbabwe,2023,October,770
Zimbabwe,2023,November,750
Zimbabwe,2023,December,610
Zimbabwe,2023,Total,8175
Zimbabwe,2024,January,645
Zimbabwe,2024,February,650
Zimbabwe,2024,March,680
Zimbabwe,2024,April,695
Zimbabwe,2024,May,840
Zimbabwe,2024,June,685
Zimbabwe,2024,July,695
Zimbabwe,2024,August,570
Zimbabwe,2024,September,550
Zimbabwe,2024,October,720
Zimbabwe,2024,November,505
Zimbabwe,2024,December,395
Zimbabwe,2024,Total,7625
Zimbabwe,2025,January,665
Zimbabwe,2025,February,570
Zimbabwe,2025,March,675
Zimbabwe,2025,April,655
Zimbabwe,2025,May,710
Zimbabwe,2025,June,630
Zimbabwe,2025,July,545
Zimbabwe,2025,August,525
Zimbabwe,2025,September,790
Zimbabwe,2025,October,785
Zimbabwe,2025,November,605
Zimbabwe,2025,December,530
Zimbabwe,2025,Total,7680
Zimbabwe,2026,January,655
Zimbabwe,2026,February,560
Zimbabwe,2026,March,695
Zimbabwe,2026,April,660
Zimbabwe,2026,May,710
Zimbabwe,2026,Total,3280
Other*,2023,January,380
Other*,2023,February,175
Other*,2023,March,165
Other*,2023,April,295
Other*,2023,May,360
Other*,2023,June,520
Other*,2023,July,830
Other*,2023,August,585
Other*,2023,September,335
Other*,2023,October,335
Other*,2023,November,230
Other*,2023,December,515
Other*,2023,Total,4725
Other*,2024,January,280
Other*,2024,February,240
Other*,2024,March,335
Other*,2024,April,315
Other*,2024,May,350
Other*,2024,June,710
Other*,2024,July,1120
Other*,2024,August,760
Other*,2024,September,490
Other*,2024,October,460
Other*,2024,November,320
Other*,2024,December,635
Other*,2024,Total,6000
Other*,2025,January,370
Other*,2025,February,335
Other*,2025,March,340
Other*,2025,April,425
Other*,2025,May,415
Other*,2025,June,470
Other*,2025,July,1055
Other*,2025,August,805
Other*,2025,September,530
Other*,2025,October,520
Other*,2025,November,345
Other*,2025,December,540
Other*,2025,Total,6155
Other*,2026,January,335
Other*,2026,February,290
Other*,2026,March,330
Other*,2026,April,375
Other*,2026,May,590
Other*,2026,Total,1925
