country,year,month,value
Total,2023,January,115945
Total,2023,February,128495
Total,2023,March,149535
Total,2023,April,157550
Total,2023,May,190040
Total,2023,June,195005
Total,2023,July,150210
Total,2023,August,136545
Total,2023,September,139025
Total,2023,October,129310
Total,2023,November,150340
Total,2023,December,115580
Total,2023,Total,1757585
Total,2024,January,146405
Total,2024,February,138460
Total,2024,March,150260
Total,2024,April,160625
Total,2024,May,151580
Total,2024,June,114635
Total,2024,July,123795
Total,2024,August,94830
Total,2024,September,96380
Total,2024,October,99200
Total,2024,November,97555
Total,2024,December,84550
Total,2024,Total,1458270
Total,2025,January,84770
Total,2025,February,94885
Total,2025,March,88685
Total,2025,April,92300
Total,2025,May,112485
Total,2025,June,83495
Total,2025,July,99210
Total,2025,August,82900
Total,2025,September,79685
Total,2025,October,81635
Total,2025,November,77980
Total,2025,December,70455
Total,2025,Total,1048490
Total,2026,January,82460
Total,2026,February,93965
Total,2026,March,99300
Total,2026,April,112720
Total,2026,May,113955
Total,2026,Total,502395
Afghanistan,2023,January,15
Afghanistan,2023,February,15
Afghanistan,2023,March,40
Afghanistan,2023,April,80
Afghanistan,2023,May,90
Afghanistan,2023,June,40
Afghanistan,2023,July,30
Afghanistan,2023,August,20
Afghanistan,2023,September,30
Afghanistan,2023,October,10
Afghanistan,2023,November,40
Afghanistan,2023,December,50
Afghanistan,2023,Total,465
Afghanistan,2024,January,30
Afghanistan,2024,February,30
Afghanistan,2024,March,20
Afghanistan,2024,April,25
Afghanistan,2024,May,25
Afghanistan,2024,June,25
Afghanistan,2024,July,30
Afghanistan,2024,August,20
Afghanistan,2024,September,25
Afghanistan,2024,October,30
Afghanistan,2024,November,15
Afghanistan,2024,December,35
Afghanistan,2024,Total,315
Afghanistan,2025,January,25
Afghanistan,2025,February,25
Afghanistan,2025,March,60
Afghanistan,2025,April,45
Afghanistan,2025,May,50
Afghanistan,2025,June,50
Afghanistan,2025,July,45
Afghanistan,2025,August,20
Afghanistan,2025,September,15
Afghanistan,2025,October,15
Afghanistan,2025,November,25
Afghanistan,2025,December,30
Afghanistan,2025,Total,400
Afghanistan,2026,January,25
Afghanistan,2026,February,20
Afghanistan,2026,March,35
Afghanistan,2026,April,30
Afghanistan,2026,May,40
Afghanistan,2026,Total,150
Albania,2023,January,90
Albania,2023,February,225
Albania,2023,March,525
Albania,2023,April,210
Albania,2023,May,405
Albania,2023,June,165
Albania,2023,July,165
Albania,2023,August,310
Albania,2023,September,170
Albania,2023,October,110
Albania,2023,November,315
Albania,2023,December,220
Albania,2023,Total,2910
Albania,2024,January,395
Albania,2024,February,195
Albania,2024,March,160
Albania,2024,April,250
Albania,2024,May,315
Albania,2024,June,245
Albania,2024,July,170
Albania,2024,August,230
Albania,2024,September,85
Albania,2024,October,125
Albania,2024,November,340
Albania,2024,December,110
Albania,2024,Total,2630
Albania,2025,January,180
Albania,2025,February,285
Albania,2025,March,205
Albania,2025,April,280
Albania,2025,May,275
Albania,2025,June,195
Albania,2025,July,180
Albania,2025,August,140
Albania,2025,September,210
Albania,2025,October,175
Albania,2025,November,200
Albania,2025,December,155
Albania,2025,Total,2485
Albania,2026,January,100
Albania,2026,February,180
Albania,2026,March,190
Albania,2026,April,295
Albania,2026,May,280
Albania,2026,Total,1045
Algeria,2023,January,1195
Algeria,2023,February,810
Algeria,2023,March,2255
Algeria,2023,April,2360
Algeria,2023,May,8700
Algeria,2023,June,6190
Algeria,2023,July,2855
Algeria,2023,August,2590
Algeria,2023,September,1760
Algeria,2023,October,1455
Algeria,2023,November,1390
Algeria,2023,December,2375
Algeria,2023,Total,33930
Algeria,2024,January,4970
Algeria,2024,February,4650
Algeria,2024,March,2260
Algeria,2024,April,2335
Algeria,2024,May,2195
Algeria,2024,June,2635
Algeria,2024,July,2180
Algeria,2024,August,1445
Algeria,2024,September,1680
Algeria,2024,October,1210
Algeria,2024,November,1330
Algeria,2024,December,1160
Algeria,2024,Total,28050
Algeria,2025,January,1195
Algeria,2025,February,1290
Algeria,2025,March,1205
Algeria,2025,April,995
Algeria,2025,May,1845
Algeria,2025,June,1545
Algeria,2025,July,1885
Algeria,2025,August,1680
Algeria,2025,September,1570
Algeria,2025,October,1565
Algeria,2025,November,1510
Algeria,2025,December,1760
Algeria,2025,Total,18045
Algeria,2026,January,1685
Algeria,2026,February,1795
Algeria,2026,March,1775
Algeria,2026,April,2510
Algeria,2026,May,2725
Algeria,2026,Total,10490
Andorra,2023,January,0
Andorra,2023,February,0
Andorra,2023,March,0
Andorra,2023,April,
Andorra,2023,May,0
Andorra,2023,June,
Andorra,2023,July,0
Andorra,2023,August,0
Andorra,2023,September,
Andorra,2023,October,0
Andorra,2023,November,0
Andorra,2023,December,0
Andorra,2023,Total,
Andorra,2024,January,0
Andorra,2024,February,0
Andorra,2024,March,0
Andorra,2024,April,0
Andorra,2024,May,0
Andorra,2024,June,0
Andorra,2024,July,0
Andorra,2024,August,0
Andorra,2024,September,0
Andorra,2024,October,
Andorra,2024,November,0
Andorra,2024,December,0
Andorra,2024,Total,
Andorra,2025,January,0
Andorra,2025,February,0
Andorra,2025,March,0
Andorra,2025,April,0
Andorra,2025,May,
Andorra,2025,June,0
Andorra,2025,July,0
Andorra,2025,August,0
Andorra,2025,September,0
Andorra,2025,October,0
Andorra,2025,November,0
Andorra,2025,December,0
Andorra,2025,Total,
Andorra,2026,January,0
Andorra,2026,February,0
Andorra,2026,March,0
Andorra,2026,April,0
Andorra,2026,May,0
Andorra,2026,Total,0
Angola,2023,January,5
Angola,2023,February,10
Angola,2023,March,25
Angola,2023,April,35
Angola,2023,May,55
Angola,2023,June,20
Angola,2023,July,20
Angola,2023,August,15
Angola,2023,September,15
Angola,2023,October,5
Angola,2023,November,5
Angola,2023,December,10
Angola,2023,Total,230
Angola,2024,January,15
Angola,2024,February,10
Angola,2024,March,15
Angola,2024,April,15
Angola,2024,May,20
Angola,2024,June,10
Angola,2024,July,15
Angola,2024,August,10
Angola,2024,September,10
Angola,2024,October,5
Angola,2024,November,15
Angola,2024,December,5
Angola,2024,Total,150
Angola,2025,January,15
Angola,2025,February,20
Angola,2025,March,20
Angola,2025,April,10
Angola,2025,May,10
Angola,2025,June,25
Angola,2025,July,50
Angola,2025,August,65
Angola,2025,September,15
Angola,2025,October,5
Angola,2025,November,20
Angola,2025,December,10
Angola,2025,Total,275
Angola,2026,January,5
Angola,2026,February,15
Angola,2026,March,10
Angola,2026,April,10
Angola,2026,May,5
Angola,2026,Total,40
Antigua and Barbuda,2023,January,145
Antigua and Barbuda,2023,February,45
Antigua and Barbuda,2023,March,35
Antigua and Barbuda,2023,April,45
Antigua and Barbuda,2023,May,95
Antigua and Barbuda,2023,June,70
Antigua and Barbuda,2023,July,30
Antigua and Barbuda,2023,August,20
Antigua and Barbuda,2023,September,25
Antigua and Barbuda,2023,October,5
Antigua and Barbuda,2023,November,20
Antigua and Barbuda,2023,December,
Antigua and Barbuda,2023,Total,540
Antigua and Barbuda,2024,January,5
Antigua and Barbuda,2024,February,10
Antigua and Barbuda,2024,March,15
Antigua and Barbuda,2024,April,15
Antigua and Barbuda,2024,May,15
Antigua and Barbuda,2024,June,10
Antigua and Barbuda,2024,July,15
Antigua and Barbuda,2024,August,5
Antigua and Barbuda,2024,September,5
Antigua and Barbuda,2024,October,15
Antigua and Barbuda,2024,November,15
Antigua and Barbuda,2024,December,5
Antigua and Barbuda,2024,Total,135
Antigua and Barbuda,2025,January,10
Antigua and Barbuda,2025,February,5
Antigua and Barbuda,2025,March,15
Antigua and Barbuda,2025,April,15
Antigua and Barbuda,2025,May,10
Antigua and Barbuda,2025,June,15
Antigua and Barbuda,2025,July,10
Antigua and Barbuda,2025,August,10
Antigua and Barbuda,2025,September,15
Antigua and Barbuda,2025,October,15
Antigua and Barbuda,2025,November,10
Antigua and Barbuda,2025,December,10
Antigua and Barbuda,2025,Total,140
Antigua and Barbuda,2026,January,5
Antigua and Barbuda,2026,February,5
Antigua and Barbuda,2026,March,10
Antigua and Barbuda,2026,April,10
Antigua and Barbuda,2026,May,15
Antigua and Barbuda,2026,Total,40
Argentina,2023,January,565
Argentina,2023,February,530
Argentina,2023,March,640
Argentina,2023,April,1000
Argentina,2023,May,955
Argentina,2023,June,575
Argentina,2023,July,320
Argentina,2023,August,205
Argentina,2023,September,165
Argentina,2023,October,115
Argentina,2023,November,120
Argentina,2023,December,120
Argentina,2023,Total,5310
Argentina,2024,January,145
Argentina,2024,February,185
Argentina,2024,March,230
Argentina,2024,April,295
Argentina,2024,May,305
Argentina,2024,June,320
Argentina,2024,July,300
Argentina,2024,August,170
Argentina,2024,September,60
Argentina,2024,October,25
Argentina,2024,November,100
Argentina,2024,December,140
Argentina,2024,Total,2275
Argentina,2025,January,115
Argentina,2025,February,105
Argentina,2025,March,105
Argentina,2025,April,190
Argentina,2025,May,475
Argentina,2025,June,185
Argentina,2025,July,165
Argentina,2025,August,100
Argentina,2025,September,80
Argentina,2025,October,130
Argentina,2025,November,100
Argentina,2025,December,105
Argentina,2025,Total,1855
Argentina,2026,January,120
Argentina,2026,February,125
Argentina,2026,March,215
Argentina,2026,April,270
Argentina,2026,May,260
Argentina,2026,Total,990
Armenia,2023,January,30
Armenia,2023,February,55
Armenia,2023,March,80
Armenia,2023,April,60
Armenia,2023,May,280
Armenia,2023,June,130
Armenia,2023,July,50
Armenia,2023,August,50
Armenia,2023,September,40
Armenia,2023,October,105
Armenia,2023,November,155
Armenia,2023,December,75
Armenia,2023,Total,1105
Armenia,2024,January,140
Armenia,2024,February,60
Armenia,2024,March,65
Armenia,2024,April,200
Armenia,2024,May,115
Armenia,2024,June,85
Armenia,2024,July,65
Armenia,2024,August,130
Armenia,2024,September,75
Armenia,2024,October,95
Armenia,2024,November,100
Armenia,2024,December,65
Armenia,2024,Total,1200
Armenia,2025,January,50
Armenia,2025,February,85
Armenia,2025,March,60
Armenia,2025,April,65
Armenia,2025,May,105
Armenia,2025,June,85
Armenia,2025,July,75
Armenia,2025,August,50
Armenia,2025,September,50
Armenia,2025,October,60
Armenia,2025,November,50
Armenia,2025,December,35
Armenia,2025,Total,780
Armenia,2026,January,45
Armenia,2026,February,70
Armenia,2026,March,55
Armenia,2026,April,80
Armenia,2026,May,60
Armenia,2026,Total,310
Australia,2023,January,10
Australia,2023,February,0
Australia,2023,March,5
Australia,2023,April,0
Australia,2023,May,0
Australia,2023,June,0
Australia,2023,July,
Australia,2023,August,10
Australia,2023,September,5
Australia,2023,October,
Australia,2023,November,
Australia,2023,December,
Australia,2023,Total,35
Australia,2024,January,0
Australia,2024,February,5
Australia,2024,March,
Australia,2024,April,10
Australia,2024,May,
Australia,2024,June,
Australia,2024,July,0
Australia,2024,August,
Australia,2024,September,0
Australia,2024,October,
Australia,2024,November,5
Australia,2024,December,
Australia,2024,Total,35
Australia,2025,January,0
Australia,2025,February,0
Australia,2025,March,
Australia,2025,April,
Australia,2025,May,
Australia,2025,June,5
Australia,2025,July,
Australia,2025,August,5
Australia,2025,September,
Australia,2025,October,5
Australia,2025,November,0
Australia,2025,December,0
Australia,2025,Total,30
Australia,2026,January,10
Australia,2026,February,
Australia,2026,March,
Australia,2026,April,
Australia,2026,May,0
Australia,2026,Total,20
Austria,2023,January,
Austria,2023,February,
Austria,2023,March,
Austria,2023,April,0
Austria,2023,May,0
Austria,2023,June,
Austria,2023,July,0
Austria,2023,August,
Austria,2023,September,5
Austria,2023,October,
Austria,2023,November,0
Austria,2023,December,0
Austria,2023,Total,15
Austria,2024,January,0
Austria,2024,February,
Austria,2024,March,0
Austria,2024,April,
Austria,2024,May,
Austria,2024,June,
Austria,2024,July,0
Austria,2024,August,0
Austria,2024,September,
Austria,2024,October,
Austria,2024,November,0
Austria,2024,December,0
Austria,2024,Total,10
Austria,2025,January,0
Austria,2025,February,0
Austria,2025,March,
Austria,2025,April,
Austria,2025,May,0
Austria,2025,June,
Austria,2025,July,
Austria,2025,August,
Austria,2025,September,
Austria,2025,October,0
Austria,2025,November,
Austria,2025,December,
Austria,2025,Total,15
Austria,2026,January,
Austria,2026,February,
Austria,2026,March,
Austria,2026,April,
Austria,2026,May,0
Austria,2026,Total,10
Azerbaijan,2023,January,20
Azerbaijan,2023,February,105
Azerbaijan,2023,March,195
Azerbaijan,2023,April,30
Azerbaijan,2023,May,95
Azerbaijan,2023,June,60
Azerbaijan,2023,July,85
Azerbaijan,2023,August,45
Azerbaijan,2023,September,30
Azerbaijan,2023,October,105
Azerbaijan,2023,November,100
Azerbaijan,2023,December,40
Azerbaijan,2023,Total,905
Azerbaijan,2024,January,25
Azerbaijan,2024,February,60
Azerbaijan,2024,March,85
Azerbaijan,2024,April,40
Azerbaijan,2024,May,70
Azerbaijan,2024,June,65
Azerbaijan,2024,July,160
Azerbaijan,2024,August,170
Azerbaijan,2024,September,100
Azerbaijan,2024,October,100
Azerbaijan,2024,November,85
Azerbaijan,2024,December,60
Azerbaijan,2024,Total,1010
Azerbaijan,2025,January,85
Azerbaijan,2025,February,25
Azerbaijan,2025,March,155
Azerbaijan,2025,April,75
Azerbaijan,2025,May,120
Azerbaijan,2025,June,130
Azerbaijan,2025,July,115
Azerbaijan,2025,August,105
Azerbaijan,2025,September,20
Azerbaijan,2025,October,30
Azerbaijan,2025,November,35
Azerbaijan,2025,December,30
Azerbaijan,2025,Total,925
Azerbaijan,2026,January,50
Azerbaijan,2026,February,40
Azerbaijan,2026,March,35
Azerbaijan,2026,April,35
Azerbaijan,2026,May,45
Azerbaijan,2026,Total,205
"Bahama Islands, The",2023,January,0
"Bahama Islands, The",2023,February,0
"Bahama Islands, The",2023,March,0
"Bahama Islands, The",2023,April,0
"Bahama Islands, The",2023,May,
"Bahama Islands, The",2023,June,
"Bahama Islands, The",2023,July,0
"Bahama Islands, The",2023,August,
"Bahama Islands, The",2023,September,0
"Bahama Islands, The",2023,October,0
"Bahama Islands, The",2023,November,0
"Bahama Islands, The",2023,December,
"Bahama Islands, The",2023,Total,10
"Bahama Islands, The",2024,January,0
"Bahama Islands, The",2024,February,0
"Bahama Islands, The",2024,March,0
"Bahama Islands, The",2024,April,0
"Bahama Islands, The",2024,May,
"Bahama Islands, The",2024,June,
"Bahama Islands, The",2024,July,
"Bahama Islands, The",2024,August,0
"Bahama Islands, The",2024,September,
"Bahama Islands, The",2024,October,0
"Bahama Islands, The",2024,November,0
"Bahama Islands, The",2024,December,0
"Bahama Islands, The",2024,Total,10
"Bahama Islands, The",2025,January,0
"Bahama Islands, The",2025,February,
"Bahama Islands, The",2025,March,0
"Bahama Islands, The",2025,April,0
"Bahama Islands, The",2025,May,5
"Bahama Islands, The",2025,June,0
"Bahama Islands, The",2025,July,
"Bahama Islands, The",2025,August,
"Bahama Islands, The",2025,September,0
"Bahama Islands, The",2025,October,0
"Bahama Islands, The",2025,November,
"Bahama Islands, The",2025,December,
"Bahama Islands, The",2025,Total,15
"Bahama Islands, The",2026,January,0
"Bahama Islands, The",2026,February,
"Bahama Islands, The",2026,March,
"Bahama Islands, The",2026,April,0
"Bahama Islands, The",2026,May,0
"Bahama Islands, The",2026,Total,
Bahrain,2023,January,170
Bahrain,2023,February,50
Bahrain,2023,March,25
Bahrain,2023,April,20
Bahrain,2023,May,35
Bahrain,2023,June,50
Bahrain,2023,July,120
Bahrain,2023,August,40
Bahrain,2023,September,20
Bahrain,2023,October,40
Bahrain,2023,November,15
Bahrain,2023,December,10
Bahrain,2023,Total,595
Bahrain,2024,January,45
Bahrain,2024,February,35
Bahrain,2024,March,35
Bahrain,2024,April,30
Bahrain,2024,May,90
Bahrain,2024,June,30
Bahrain,2024,July,55
Bahrain,2024,August,30
Bahrain,2024,September,10
Bahrain,2024,October,55
Bahrain,2024,November,30
Bahrain,2024,December,15
Bahrain,2024,Total,455
Bahrain,2025,January,25
Bahrain,2025,February,30
Bahrain,2025,March,25
Bahrain,2025,April,5
Bahrain,2025,May,85
Bahrain,2025,June,25
Bahrain,2025,July,30
Bahrain,2025,August,25
Bahrain,2025,September,40
Bahrain,2025,October,20
Bahrain,2025,November,15
Bahrain,2025,December,10
Bahrain,2025,Total,330
Bahrain,2026,January,10
Bahrain,2026,February,30
Bahrain,2026,March,15
Bahrain,2026,April,45
Bahrain,2026,May,55
Bahrain,2026,Total,155
Bangladesh,2023,January,1155
Bangladesh,2023,February,1880
Bangladesh,2023,March,3275
Bangladesh,2023,April,2150
Bangladesh,2023,May,4110
Bangladesh,2023,June,2285
Bangladesh,2023,July,3795
Bangladesh,2023,August,4245
Bangladesh,2023,September,4025
Bangladesh,2023,October,5175
Bangladesh,2023,November,7890
Bangladesh,2023,December,5270
Bangladesh,2023,Total,45255
Bangladesh,2024,January,4660
Bangladesh,2024,February,3640
Bangladesh,2024,March,3175
Bangladesh,2024,April,2315
Bangladesh,2024,May,2930
Bangladesh,2024,June,1965
Bangladesh,2024,July,1955
Bangladesh,2024,August,1280
Bangladesh,2024,September,1455
Bangladesh,2024,October,1615
Bangladesh,2024,November,1595
Bangladesh,2024,December,1195
Bangladesh,2024,Total,27780
Bangladesh,2025,January,1190
Bangladesh,2025,February,1325
Bangladesh,2025,March,1025
Bangladesh,2025,April,1125
Bangladesh,2025,May,1560
Bangladesh,2025,June,1095
Bangladesh,2025,July,1220
Bangladesh,2025,August,1220
Bangladesh,2025,September,1280
Bangladesh,2025,October,1160
Bangladesh,2025,November,1145
Bangladesh,2025,December,1125
Bangladesh,2025,Total,14475
Bangladesh,2026,January,935
Bangladesh,2026,February,1135
Bangladesh,2026,March,1155
Bangladesh,2026,April,1395
Bangladesh,2026,May,1260
Bangladesh,2026,Total,5880
Barbados,2023,January,
Barbados,2023,February,0
Barbados,2023,March,
Barbados,2023,April,0
Barbados,2023,May,0
Barbados,2023,June,
Barbados,2023,July,
Barbados,2023,August,
Barbados,2023,September,10
Barbados,2023,October,5
Barbados,2023,November,0
Barbados,2023,December,
Barbados,2023,Total,30
Barbados,2024,January,0
Barbados,2024,February,
Barbados,2024,March,0
Barbados,2024,April,0
Barbados,2024,May,
Barbados,2024,June,
Barbados,2024,July,
Barbados,2024,August,
Barbados,2024,September,0
Barbados,2024,October,0
Barbados,2024,November,
Barbados,2024,December,
Barbados,2024,Total,10
Barbados,2025,January,0
Barbados,2025,February,
Barbados,2025,March,
Barbados,2025,April,0
Barbados,2025,May,
Barbados,2025,June,
Barbados,2025,July,
Barbados,2025,August,0
Barbados,2025,September,
Barbados,2025,October,5
Barbados,2025,November,0
Barbados,2025,December,
Barbados,2025,Total,15
Barbados,2026,January,0
Barbados,2026,February,0
Barbados,2026,March,0
Barbados,2026,April,0
Barbados,2026,May,0
Barbados,2026,Total,0
Belarus,2023,January,55
Belarus,2023,February,20
Belarus,2023,March,60
Belarus,2023,April,40
Belarus,2023,May,145
Belarus,2023,June,90
Belarus,2023,July,50
Belarus,2023,August,35
Belarus,2023,September,40
Belarus,2023,October,90
Belarus,2023,November,100
Belarus,2023,December,75
Belarus,2023,Total,805
Belarus,2024,January,75
Belarus,2024,February,35
Belarus,2024,March,40
Belarus,2024,April,95
Belarus,2024,May,75
Belarus,2024,June,25
Belarus,2024,July,40
Belarus,2024,August,55
Belarus,2024,September,45
Belarus,2024,October,35
Belarus,2024,November,50
Belarus,2024,December,25
Belarus,2024,Total,585
Belarus,2025,January,30
Belarus,2025,February,45
Belarus,2025,March,35
Belarus,2025,April,50
Belarus,2025,May,65
Belarus,2025,June,50
Belarus,2025,July,30
Belarus,2025,August,40
Belarus,2025,September,15
Belarus,2025,October,35
Belarus,2025,November,40
Belarus,2025,December,45
Belarus,2025,Total,480
Belarus,2026,January,40
Belarus,2026,February,40
Belarus,2026,March,30
Belarus,2026,April,55
Belarus,2026,May,65
Belarus,2026,Total,230
Belgium,2023,January,0
Belgium,2023,February,10
Belgium,2023,March,
Belgium,2023,April,
Belgium,2023,May,
Belgium,2023,June,
Belgium,2023,July,0
Belgium,2023,August,0
Belgium,2023,September,10
Belgium,2023,October,0
Belgium,2023,November,
Belgium,2023,December,0
Belgium,2023,Total,30
Belgium,2024,January,
Belgium,2024,February,
Belgium,2024,March,
Belgium,2024,April,
Belgium,2024,May,0
Belgium,2024,June,0
Belgium,2024,July,
Belgium,2024,August,5
Belgium,2024,September,5
Belgium,2024,October,
Belgium,2024,November,5
Belgium,2024,December,
Belgium,2024,Total,30
Belgium,2025,January,
Belgium,2025,February,10
Belgium,2025,March,
Belgium,2025,April,0
Belgium,2025,May,
Belgium,2025,June,0
Belgium,2025,July,0
Belgium,2025,August,15
Belgium,2025,September,
Belgium,2025,October,
Belgium,2025,November,0
Belgium,2025,December,0
Belgium,2025,Total,35
Belgium,2026,January,0
Belgium,2026,February,0
Belgium,2026,March,0
Belgium,2026,April,0
Belgium,2026,May,0
Belgium,2026,Total,0
Belize,2023,January,35
Belize,2023,February,40
Belize,2023,March,25
Belize,2023,April,25
Belize,2023,May,50
Belize,2023,June,40
Belize,2023,July,25
Belize,2023,August,60
Belize,2023,September,40
Belize,2023,October,40
Belize,2023,November,55
Belize,2023,December,20
Belize,2023,Total,450
Belize,2024,January,25
Belize,2024,February,20
Belize,2024,March,65
Belize,2024,April,30
Belize,2024,May,40
Belize,2024,June,15
Belize,2024,July,25
Belize,2024,August,25
Belize,2024,September,15
Belize,2024,October,10
Belize,2024,November,45
Belize,2024,December,20
Belize,2024,Total,325
Belize,2025,January,30
Belize,2025,February,5
Belize,2025,March,15
Belize,2025,April,25
Belize,2025,May,45
Belize,2025,June,15
Belize,2025,July,30
Belize,2025,August,30
Belize,2025,September,15
Belize,2025,October,20
Belize,2025,November,30
Belize,2025,December,35
Belize,2025,Total,300
Belize,2026,January,25
Belize,2026,February,40
Belize,2026,March,50
Belize,2026,April,40
Belize,2026,May,30
Belize,2026,Total,185
Bhutan,2023,January,10
Bhutan,2023,February,15
Bhutan,2023,March,15
Bhutan,2023,April,15
Bhutan,2023,May,5
Bhutan,2023,June,30
Bhutan,2023,July,25
Bhutan,2023,August,20
Bhutan,2023,September,15
Bhutan,2023,October,15
Bhutan,2023,November,20
Bhutan,2023,December,15
Bhutan,2023,Total,200
Bhutan,2024,January,15
Bhutan,2024,February,10
Bhutan,2024,March,20
Bhutan,2024,April,10
Bhutan,2024,May,30
Bhutan,2024,June,25
Bhutan,2024,July,20
Bhutan,2024,August,10
Bhutan,2024,September,20
Bhutan,2024,October,15
Bhutan,2024,November,25
Bhutan,2024,December,20
Bhutan,2024,Total,220
Bhutan,2025,January,15
Bhutan,2025,February,25
Bhutan,2025,March,25
Bhutan,2025,April,15
Bhutan,2025,May,15
Bhutan,2025,June,20
Bhutan,2025,July,30
Bhutan,2025,August,20
Bhutan,2025,September,15
Bhutan,2025,October,35
Bhutan,2025,November,15
Bhutan,2025,December,15
Bhutan,2025,Total,250
Bhutan,2026,January,20
Bhutan,2026,February,25
Bhutan,2026,March,20
Bhutan,2026,April,40
Bhutan,2026,May,35
Bhutan,2026,Total,140
Bolivia,2023,January,80
Bolivia,2023,February,65
Bolivia,2023,March,70
Bolivia,2023,April,75
Bolivia,2023,May,215
Bolivia,2023,June,130
Bolivia,2023,July,115
Bolivia,2023,August,150
Bolivia,2023,September,110
Bolivia,2023,October,50
Bolivia,2023,November,75
Bolivia,2023,December,65
Bolivia,2023,Total,1200
Bolivia,2024,January,70
Bolivia,2024,February,100
Bolivia,2024,March,100
Bolivia,2024,April,190
Bolivia,2024,May,140
Bolivia,2024,June,105
Bolivia,2024,July,135
Bolivia,2024,August,145
Bolivia,2024,September,75
Bolivia,2024,October,155
Bolivia,2024,November,110
Bolivia,2024,December,100
Bolivia,2024,Total,1425
Bolivia,2025,January,135
Bolivia,2025,February,70
Bolivia,2025,March,105
Bolivia,2025,April,75
Bolivia,2025,May,120
Bolivia,2025,June,75
Bolivia,2025,July,90
Bolivia,2025,August,70
Bolivia,2025,September,50
Bolivia,2025,October,50
Bolivia,2025,November,50
Bolivia,2025,December,65
Bolivia,2025,Total,965
Bolivia,2026,January,45
Bolivia,2026,February,75
Bolivia,2026,March,85
Bolivia,2026,April,90
Bolivia,2026,May,90
Bolivia,2026,Total,385
Bosnia-Hercegovina,2023,January,35
Bosnia-Hercegovina,2023,February,25
Bosnia-Hercegovina,2023,March,20
Bosnia-Hercegovina,2023,April,25
Bosnia-Hercegovina,2023,May,95
Bosnia-Hercegovina,2023,June,45
Bosnia-Hercegovina,2023,July,55
Bosnia-Hercegovina,2023,August,40
Bosnia-Hercegovina,2023,September,20
Bosnia-Hercegovina,2023,October,15
Bosnia-Hercegovina,2023,November,20
Bosnia-Hercegovina,2023,December,30
Bosnia-Hercegovina,2023,Total,440
Bosnia-Hercegovina,2024,January,15
Bosnia-Hercegovina,2024,February,35
Bosnia-Hercegovina,2024,March,30
Bosnia-Hercegovina,2024,April,40
Bosnia-Hercegovina,2024,May,20
Bosnia-Hercegovina,2024,June,20
Bosnia-Hercegovina,2024,July,25
Bosnia-Hercegovina,2024,August,10
Bosnia-Hercegovina,2024,September,15
Bosnia-Hercegovina,2024,October,10
Bosnia-Hercegovina,2024,November,15
Bosnia-Hercegovina,2024,December,10
Bosnia-Hercegovina,2024,Total,250
Bosnia-Hercegovina,2025,January,10
Bosnia-Hercegovina,2025,February,15
Bosnia-Hercegovina,2025,March,35
Bosnia-Hercegovina,2025,April,45
Bosnia-Hercegovina,2025,May,60
Bosnia-Hercegovina,2025,June,70
Bosnia-Hercegovina,2025,July,85
Bosnia-Hercegovina,2025,August,25
Bosnia-Hercegovina,2025,September,35
Bosnia-Hercegovina,2025,October,35
Bosnia-Hercegovina,2025,November,20
Bosnia-Hercegovina,2025,December,35
Bosnia-Hercegovina,2025,Total,465
Bosnia-Hercegovina,2026,January,30
Bosnia-Hercegovina,2026,February,35
Bosnia-Hercegovina,2026,March,45
Bosnia-Hercegovina,2026,April,60
Bosnia-Hercegovina,2026,May,275
Bosnia-Hercegovina,2026,Total,445
"Botswana, Republic of",2023,January,
"Botswana, Republic of",2023,February,10
"Botswana, Republic of",2023,March,
"Botswana, Republic of",2023,April,30
"Botswana, Republic of",2023,May,45
"Botswana, Republic of",2023,June,20
"Botswana, Republic of",2023,July,5
"Botswana, Republic of",2023,August,10
"Botswana, Republic of",2023,September,15
"Botswana, Republic of",2023,October,
"Botswana, Republic of",2023,November,15
"Botswana, Republic of",2023,December,15
"Botswana, Republic of",2023,Total,175
"Botswana, Republic of",2024,January,40
"Botswana, Republic of",2024,February,5
"Botswana, Republic of",2024,March,5
"Botswana, Republic of",2024,April,10
"Botswana, Republic of",2024,May,20
"Botswana, Republic of",2024,June,20
"Botswana, Republic of",2024,July,15
"Botswana, Republic of",2024,August,5
"Botswana, Republic of",2024,September,10
"Botswana, Republic of",2024,October,
"Botswana, Republic of",2024,November,10
"Botswana, Republic of",2024,December,5
"Botswana, Republic of",2024,Total,155
"Botswana, Republic of",2025,January,
"Botswana, Republic of",2025,February,15
"Botswana, Republic of",2025,March,15
"Botswana, Republic of",2025,April,
"Botswana, Republic of",2025,May,
"Botswana, Republic of",2025,June,15
"Botswana, Republic of",2025,July,15
"Botswana, Republic of",2025,August,15
"Botswana, Republic of",2025,September,15
"Botswana, Republic of",2025,October,
"Botswana, Republic of",2025,November,5
"Botswana, Republic of",2025,December,
"Botswana, Republic of",2025,Total,105
"Botswana, Republic of",2026,January,
"Botswana, Republic of",2026,February,5
"Botswana, Republic of",2026,March,5
"Botswana, Republic of",2026,April,
"Botswana, Republic of",2026,May,10
"Botswana, Republic of",2026,Total,30
Brazil,2023,January,1130
Brazil,2023,February,865
Brazil,2023,March,1425
Brazil,2023,April,995
Brazil,2023,May,1305
Brazil,2023,June,1525
Brazil,2023,July,1210
Brazil,2023,August,1120
Brazil,2023,September,1045
Brazil,2023,October,1140
Brazil,2023,November,1045
Brazil,2023,December,840
Brazil,2023,Total,13645
Brazil,2024,January,1315
Brazil,2024,February,875
Brazil,2024,March,1365
Brazil,2024,April,2110
Brazil,2024,May,1360
Brazil,2024,June,850
Brazil,2024,July,1100
Brazil,2024,August,655
Brazil,2024,September,1090
Brazil,2024,October,600
Brazil,2024,November,830
Brazil,2024,December,640
Brazil,2024,Total,12785
Brazil,2025,January,740
Brazil,2025,February,725
Brazil,2025,March,810
Brazil,2025,April,1525
Brazil,2025,May,2285
Brazil,2025,June,1055
Brazil,2025,July,1745
Brazil,2025,August,640
Brazil,2025,September,880
Brazil,2025,October,1070
Brazil,2025,November,1315
Brazil,2025,December,970
Brazil,2025,Total,13760
Brazil,2026,January,1375
Brazil,2026,February,1455
Brazil,2026,March,1830
Brazil,2026,April,1965
Brazil,2026,May,2055
Brazil,2026,Total,8675
Brunei,2023,January,0
Brunei,2023,February,0
Brunei,2023,March,0
Brunei,2023,April,0
Brunei,2023,May,
Brunei,2023,June,
Brunei,2023,July,0
Brunei,2023,August,
Brunei,2023,September,0
Brunei,2023,October,0
Brunei,2023,November,0
Brunei,2023,December,0
Brunei,2023,Total,5
Brunei,2024,January,0
Brunei,2024,February,0
Brunei,2024,March,0
Brunei,2024,April,
Brunei,2024,May,0
Brunei,2024,June,0
Brunei,2024,July,0
Brunei,2024,August,0
Brunei,2024,September,0
Brunei,2024,October,0
Brunei,2024,November,0
Brunei,2024,December,0
Brunei,2024,Total,
Brunei,2025,January,5
Brunei,2025,February,
Brunei,2025,March,0
Brunei,2025,April,0
Brunei,2025,May,0
Brunei,2025,June,0
Brunei,2025,July,0
Brunei,2025,August,0
Brunei,2025,September,0
Brunei,2025,October,0
Brunei,2025,November,0
Brunei,2025,December,
Brunei,2025,Total,10
Brunei,2026,January,0
Brunei,2026,February,0
Brunei,2026,March,0
Brunei,2026,April,
Brunei,2026,May,
Brunei,2026,Total,
Bulgaria,2023,January,
Bulgaria,2023,February,0
Bulgaria,2023,March,0
Bulgaria,2023,April,
Bulgaria,2023,May,
Bulgaria,2023,June,0
Bulgaria,2023,July,
Bulgaria,2023,August,
Bulgaria,2023,September,0
Bulgaria,2023,October,
Bulgaria,2023,November,0
Bulgaria,2023,December,0
Bulgaria,2023,Total,10
Bulgaria,2024,January,
Bulgaria,2024,February,0
Bulgaria,2024,March,
Bulgaria,2024,April,0
Bulgaria,2024,May,0
Bulgaria,2024,June,0
Bulgaria,2024,July,0
Bulgaria,2024,August,
Bulgaria,2024,September,0
Bulgaria,2024,October,0
Bulgaria,2024,November,0
Bulgaria,2024,December,0
Bulgaria,2024,Total,5
Bulgaria,2025,January,
Bulgaria,2025,February,0
Bulgaria,2025,March,0
Bulgaria,2025,April,0
Bulgaria,2025,May,0
Bulgaria,2025,June,0
Bulgaria,2025,July,0
Bulgaria,2025,August,
Bulgaria,2025,September,
Bulgaria,2025,October,
Bulgaria,2025,November,0
Bulgaria,2025,December,
Bulgaria,2025,Total,10
Bulgaria,2026,January,0
Bulgaria,2026,February,0
Bulgaria,2026,March,
Bulgaria,2026,April,0
Bulgaria,2026,May,0
Bulgaria,2026,Total,
Burkina-Faso,2023,January,145
Burkina-Faso,2023,February,95
Burkina-Faso,2023,March,115
Burkina-Faso,2023,April,360
Burkina-Faso,2023,May,295
Burkina-Faso,2023,June,225
Burkina-Faso,2023,July,175
Burkina-Faso,2023,August,105
Burkina-Faso,2023,September,125
Burkina-Faso,2023,October,130
Burkina-Faso,2023,November,150
Burkina-Faso,2023,December,225
Burkina-Faso,2023,Total,2150
Burkina-Faso,2024,January,170
Burkina-Faso,2024,February,380
Burkina-Faso,2024,March,325
Burkina-Faso,2024,April,225
Burkina-Faso,2024,May,175
Burkina-Faso,2024,June,205
Burkina-Faso,2024,July,235
Burkina-Faso,2024,August,110
Burkina-Faso,2024,September,215
Burkina-Faso,2024,October,150
Burkina-Faso,2024,November,170
Burkina-Faso,2024,December,120
Burkina-Faso,2024,Total,2485
Burkina-Faso,2025,January,80
Burkina-Faso,2025,February,95
Burkina-Faso,2025,March,75
Burkina-Faso,2025,April,80
Burkina-Faso,2025,May,185
Burkina-Faso,2025,June,190
Burkina-Faso,2025,July,120
Burkina-Faso,2025,August,95
Burkina-Faso,2025,September,100
Burkina-Faso,2025,October,190
Burkina-Faso,2025,November,140
Burkina-Faso,2025,December,105
Burkina-Faso,2025,Total,1460
Burkina-Faso,2026,January,125
Burkina-Faso,2026,February,155
Burkina-Faso,2026,March,160
Burkina-Faso,2026,April,195
Burkina-Faso,2026,May,155
Burkina-Faso,2026,Total,795
Burundi,2023,January,20
Burundi,2023,February,10
Burundi,2023,March,25
Burundi,2023,April,520
Burundi,2023,May,175
Burundi,2023,June,65
Burundi,2023,July,30
Burundi,2023,August,155
Burundi,2023,September,65
Burundi,2023,October,140
Burundi,2023,November,100
Burundi,2023,December,25
Burundi,2023,Total,1335
Burundi,2024,January,45
Burundi,2024,February,70
Burundi,2024,March,50
Burundi,2024,April,35
Burundi,2024,May,60
Burundi,2024,June,20
Burundi,2024,July,25
Burundi,2024,August,20
Burundi,2024,September,25
Burundi,2024,October,10
Burundi,2024,November,50
Burundi,2024,December,20
Burundi,2024,Total,425
Burundi,2025,January,25
Burundi,2025,February,20
Burundi,2025,March,5
Burundi,2025,April,15
Burundi,2025,May,20
Burundi,2025,June,20
Burundi,2025,July,20
Burundi,2025,August,20
Burundi,2025,September,10
Burundi,2025,October,25
Burundi,2025,November,85
Burundi,2025,December,20
Burundi,2025,Total,285
Burundi,2026,January,30
Burundi,2026,February,40
Burundi,2026,March,35
Burundi,2026,April,40
Burundi,2026,May,40
Burundi,2026,Total,180
Cambodia,2023,January,85
Cambodia,2023,February,110
Cambodia,2023,March,160
Cambodia,2023,April,130
Cambodia,2023,May,140
Cambodia,2023,June,170
Cambodia,2023,July,210
Cambodia,2023,August,145
Cambodia,2023,September,175
Cambodia,2023,October,160
Cambodia,2023,November,150
Cambodia,2023,December,150
Cambodia,2023,Total,1785
Cambodia,2024,January,180
Cambodia,2024,February,180
Cambodia,2024,March,165
Cambodia,2024,April,265
Cambodia,2024,May,205
Cambodia,2024,June,225
Cambodia,2024,July,285
Cambodia,2024,August,180
Cambodia,2024,September,280
Cambodia,2024,October,165
Cambodia,2024,November,130
Cambodia,2024,December,205
Cambodia,2024,Total,2470
Cambodia,2025,January,115
Cambodia,2025,February,125
Cambodia,2025,March,280
Cambodia,2025,April,175
Cambodia,2025,May,205
Cambodia,2025,June,230
Cambodia,2025,July,110
Cambodia,2025,August,210
Cambodia,2025,September,150
Cambodia,2025,October,155
Cambodia,2025,November,115
Cambodia,2025,December,125
Cambodia,2025,Total,1995
Cambodia,2026,January,190
Cambodia,2026,February,155
Cambodia,2026,March,240
Cambodia,2026,April,155
Cambodia,2026,May,115
Cambodia,2026,Total,855
Cape Verde Islands,2023,January,
Cape Verde Islands,2023,February,
Cape Verde Islands,2023,March,
Cape Verde Islands,2023,April,
Cape Verde Islands,2023,May,
Cape Verde Islands,2023,June,
Cape Verde Islands,2023,July,
Cape Verde Islands,2023,August,
Cape Verde Islands,2023,September,
Cape Verde Islands,2023,October,0
Cape Verde Islands,2023,November,
Cape Verde Islands,2023,December,
Cape Verde Islands,2023,Total,20
Cape Verde Islands,2024,January,
Cape Verde Islands,2024,February,0
Cape Verde Islands,2024,March,0
Cape Verde Islands,2024,April,
Cape Verde Islands,2024,May,0
Cape Verde Islands,2024,June,0
Cape Verde Islands,2024,July,0
Cape Verde Islands,2024,August,
Cape Verde Islands,2024,September,5
Cape Verde Islands,2024,October,0
Cape Verde Islands,2024,November,
Cape Verde Islands,2024,December,
Cape Verde Islands,2024,Total,15
Cape Verde Islands,2025,January,0
Cape Verde Islands,2025,February,
Cape Verde Islands,2025,March,
Cape Verde Islands,2025,April,0
Cape Verde Islands,2025,May,5
Cape Verde Islands,2025,June,
Cape Verde Islands,2025,July,
Cape Verde Islands,2025,August,0
Cape Verde Islands,2025,September,
Cape Verde Islands,2025,October,0
Cape Verde Islands,2025,November,0
Cape Verde Islands,2025,December,0
Cape Verde Islands,2025,Total,20
Cape Verde Islands,2026,January,
Cape Verde Islands,2026,February,
Cape Verde Islands,2026,March,0
Cape Verde Islands,2026,April,
Cape Verde Islands,2026,May,
Cape Verde Islands,2026,Total,5
Cayman Islands,2023,January,0
Cayman Islands,2023,February,0
Cayman Islands,2023,March,0
Cayman Islands,2023,April,0
Cayman Islands,2023,May,0
Cayman Islands,2023,June,0
Cayman Islands,2023,July,0
Cayman Islands,2023,August,0
Cayman Islands,2023,September,0
Cayman Islands,2023,October,0
Cayman Islands,2023,November,0
Cayman Islands,2023,December,0
Cayman Islands,2023,Total,0
Cayman Islands,2024,January,0
Cayman Islands,2024,February,0
Cayman Islands,2024,March,0
Cayman Islands,2024,April,0
Cayman Islands,2024,May,0
Cayman Islands,2024,June,0
Cayman Islands,2024,July,0
Cayman Islands,2024,August,0
Cayman Islands,2024,September,0
Cayman Islands,2024,October,0
Cayman Islands,2024,November,0
Cayman Islands,2024,December,0
Cayman Islands,2024,Total,0
Cayman Islands,2025,January,0
Cayman Islands,2025,February,0
Cayman Islands,2025,March,0
Cayman Islands,2025,April,
Cayman Islands,2025,May,0
Cayman Islands,2025,June,0
Cayman Islands,2025,July,0
Cayman Islands,2025,August,0
Cayman Islands,2025,September,0
Cayman Islands,2025,October,0
Cayman Islands,2025,November,0
Cayman Islands,2025,December,0
Cayman Islands,2025,Total,
Cayman Islands,2026,January,0
Cayman Islands,2026,February,0
Cayman Islands,2026,March,0
Cayman Islands,2026,April,0
Cayman Islands,2026,May,0
Cayman Islands,2026,Total,0
Central African Republic,2023,January,0
Central African Republic,2023,February,
Central African Republic,2023,March,5
Central African Republic,2023,April,45
Central African Republic,2023,May,10
Central African Republic,2023,June,
Central African Republic,2023,July,
Central African Republic,2023,August,10
Central African Republic,2023,September,
Central African Republic,2023,October,10
Central African Republic,2023,November,
Central African Republic,2023,December,0
Central African Republic,2023,Total,90
Central African Republic,2024,January,
Central African Republic,2024,February,10
Central African Republic,2024,March,5
Central African Republic,2024,April,10
Central African Republic,2024,May,
Central African Republic,2024,June,
Central African Republic,2024,July,10
Central African Republic,2024,August,
Central African Republic,2024,September,5
Central African Republic,2024,October,5
Central African Republic,2024,November,
Central African Republic,2024,December,5
Central African Republic,2024,Total,75
Central African Republic,2025,January,
Central African Republic,2025,February,0
Central African Republic,2025,March,5
Central African Republic,2025,April,5
Central African Republic,2025,May,10
Central African Republic,2025,June,10
Central African Republic,2025,July,
Central African Republic,2025,August,5
Central African Republic,2025,September,10
Central African Republic,2025,October,0
Central African Republic,2025,November,5
Central African Republic,2025,December,
Central African Republic,2025,Total,60
Central African Republic,2026,January,
Central African Republic,2026,February,10
Central African Republic,2026,March,
Central African Republic,2026,April,5
Central African Republic,2026,May,5
Central African Republic,2026,Total,30
"Chad, Republic of",2023,January,10
"Chad, Republic of",2023,February,10
"Chad, Republic of",2023,March,20
"Chad, Republic of",2023,April,195
"Chad, Republic of",2023,May,45
"Chad, Republic of",2023,June,20
"Chad, Republic of",2023,July,25
"Chad, Republic of",2023,August,20
"Chad, Republic of",2023,September,15
"Chad, Republic of",2023,October,15
"Chad, Republic of",2023,November,35
"Chad, Republic of",2023,December,15
"Chad, Republic of",2023,Total,425
"Chad, Republic of",2024,January,25
"Chad, Republic of",2024,February,10
"Chad, Republic of",2024,March,20
"Chad, Republic of",2024,April,20
"Chad, Republic of",2024,May,25
"Chad, Republic of",2024,June,10
"Chad, Republic of",2024,July,15
"Chad, Republic of",2024,August,15
"Chad, Republic of",2024,September,15
"Chad, Republic of",2024,October,15
"Chad, Republic of",2024,November,10
"Chad, Republic of",2024,December,5
"Chad, Republic of",2024,Total,180
"Chad, Republic of",2025,January,20
"Chad, Republic of",2025,February,10
"Chad, Republic of",2025,March,5
"Chad, Republic of",2025,April,15
"Chad, Republic of",2025,May,45
"Chad, Republic of",2025,June,15
"Chad, Republic of",2025,July,10
"Chad, Republic of",2025,August,10
"Chad, Republic of",2025,September,25
"Chad, Republic of",2025,October,15
"Chad, Republic of",2025,November,15
"Chad, Republic of",2025,December,5
"Chad, Republic of",2025,Total,195
"Chad, Republic of",2026,January,15
"Chad, Republic of",2026,February,30
"Chad, Republic of",2026,March,15
"Chad, Republic of",2026,April,15
"Chad, Republic of",2026,May,25
"Chad, Republic of",2026,Total,100
Chile,2023,January,0
Chile,2023,February,
Chile,2023,March,5
Chile,2023,April,0
Chile,2023,May,
Chile,2023,June,5
Chile,2023,July,5
Chile,2023,August,
Chile,2023,September,
Chile,2023,October,5
Chile,2023,November,
Chile,2023,December,5
Chile,2023,Total,45
Chile,2024,January,
Chile,2024,February,5
Chile,2024,March,0
Chile,2024,April,10
Chile,2024,May,
Chile,2024,June,
Chile,2024,July,0
Chile,2024,August,0
Chile,2024,September,0
Chile,2024,October,0
Chile,2024,November,
Chile,2024,December,0
Chile,2024,Total,20
Chile,2025,January,5
Chile,2025,February,0
Chile,2025,March,
Chile,2025,April,
Chile,2025,May,5
Chile,2025,June,
Chile,2025,July,5
Chile,2025,August,0
Chile,2025,September,
Chile,2025,October,0
Chile,2025,November,0
Chile,2025,December,
Chile,2025,Total,25
Chile,2026,January,
Chile,2026,February,10
Chile,2026,March,
Chile,2026,April,0
Chile,2026,May,0
Chile,2026,Total,15
Colombia,2023,January,1430
Colombia,2023,February,2425
Colombia,2023,March,2575
Colombia,2023,April,1630
Colombia,2023,May,3310
Colombia,2023,June,3430
Colombia,2023,July,3915
Colombia,2023,August,3365
Colombia,2023,September,2820
Colombia,2023,October,4565
Colombia,2023,November,3535
Colombia,2023,December,2760
Colombia,2023,Total,35760
Colombia,2024,January,2945
Colombia,2024,February,3665
Colombia,2024,March,3880
Colombia,2024,April,4645
Colombia,2024,May,4620
Colombia,2024,June,3355
Colombia,2024,July,4070
Colombia,2024,August,2940
Colombia,2024,September,2800
Colombia,2024,October,3760
Colombia,2024,November,2900
Colombia,2024,December,2325
Colombia,2024,Total,41910
Colombia,2025,January,2890
Colombia,2025,February,3185
Colombia,2025,March,3230
Colombia,2025,April,3555
Colombia,2025,May,3725
Colombia,2025,June,2855
Colombia,2025,July,4120
Colombia,2025,August,4340
Colombia,2025,September,3500
Colombia,2025,October,2790
Colombia,2025,November,3425
Colombia,2025,December,2980
Colombia,2025,Total,40590
Colombia,2026,January,3230
Colombia,2026,February,4185
Colombia,2026,March,4670
Colombia,2026,April,4960
Colombia,2026,May,5910
Colombia,2026,Total,22950
Commonwealth of the Northern Mariana Islands,2023,January,0
Commonwealth of the Northern Mariana Islands,2023,February,0
Commonwealth of the Northern Mariana Islands,2023,March,0
Commonwealth of the Northern Mariana Islands,2023,April,0
Commonwealth of the Northern Mariana Islands,2023,May,0
Commonwealth of the Northern Mariana Islands,2023,June,0
Commonwealth of the Northern Mariana Islands,2023,July,
Commonwealth of the Northern Mariana Islands,2023,August,0
Commonwealth of the Northern Mariana Islands,2023,September,0
Commonwealth of the Northern Mariana Islands,2023,October,0
Commonwealth of the Northern Mariana Islands,2023,November,0
Commonwealth of the Northern Mariana Islands,2023,December,0
Commonwealth of the Northern Mariana Islands,2023,Total,
Commonwealth of the Northern Mariana Islands,2024,January,
Commonwealth of the Northern Mariana Islands,2024,February,0
Commonwealth of the Northern Mariana Islands,2024,March,0
Commonwealth of the Northern Mariana Islands,2024,April,0
Commonwealth of the Northern Mariana Islands,2024,May,0
Commonwealth of the Northern Mariana Islands,2024,June,0
Commonwealth of the Northern Mariana Islands,2024,July,0
Commonwealth of the Northern Mariana Islands,2024,August,0
Commonwealth of the Northern Mariana Islands,2024,September,0
Commonwealth of the Northern Mariana Islands,2024,October,0
Commonwealth of the Northern Mariana Islands,2024,November,0
Commonwealth of the Northern Mariana Islands,2024,December,0
Commonwealth of the Northern Mariana Islands,2024,Total,
Commonwealth of the Northern Mariana Islands,2025,January,0
Commonwealth of the Northern Mariana Islands,2025,February,0
Commonwealth of the Northern Mariana Islands,2025,March,0
Commonwealth of the Northern Mariana Islands,2025,April,0
Commonwealth of the Northern Mariana Islands,2025,May,0
Commonwealth of the Northern Mariana Islands,2025,June,0
Commonwealth of the Northern Mariana Islands,2025,July,0
Commonwealth of the Northern Mariana Islands,2025,August,0
Commonwealth of the Northern Mariana Islands,2025,September,0
Commonwealth of the Northern Mariana Islands,2025,October,0
Commonwealth of the Northern Mariana Islands,2025,November,0
Commonwealth of the Northern Mariana Islands,2025,December,0
Commonwealth of the Northern Mariana Islands,2025,Total,0
Commonwealth of the Northern Mariana Islands,2026,January,0
Commonwealth of the Northern Mariana Islands,2026,February,
Commonwealth of the Northern Mariana Islands,2026,March,0
Commonwealth of the Northern Mariana Islands,2026,April,0
Commonwealth of the Northern Mariana Islands,2026,May,0
Commonwealth of the Northern Mariana Islands,2026,Total,
Comoros,2023,January,
Comoros,2023,February,
Comoros,2023,March,
Comoros,2023,April,15
Comoros,2023,May,
Comoros,2023,June,
Comoros,2023,July,5
Comoros,2023,August,
Comoros,2023,September,
Comoros,2023,October,
Comoros,2023,November,
Comoros,2023,December,
Comoros,2023,Total,55
Comoros,2024,January,
Comoros,2024,February,
Comoros,2024,March,
Comoros,2024,April,
Comoros,2024,May,
Comoros,2024,June,10
Comoros,2024,July,
Comoros,2024,August,
Comoros,2024,September,
Comoros,2024,October,0
Comoros,2024,November,10
Comoros,2024,December,0
Comoros,2024,Total,35
Comoros,2025,January,
Comoros,2025,February,
Comoros,2025,March,
Comoros,2025,April,0
Comoros,2025,May,
Comoros,2025,June,5
Comoros,2025,July,
Comoros,2025,August,
Comoros,2025,September,
Comoros,2025,October,
Comoros,2025,November,
Comoros,2025,December,10
Comoros,2025,Total,35
Comoros,2026,January,
Comoros,2026,February,0
Comoros,2026,March,
Comoros,2026,April,5
Comoros,2026,May,
Comoros,2026,Total,15
"Congo, Democratic Republic of the",2023,January,85
"Congo, Democratic Republic of the",2023,February,90
"Congo, Democratic Republic of the",2023,March,185
"Congo, Democratic Republic of the",2023,April,2665
"Congo, Democratic Republic of the",2023,May,1355
"Congo, Democratic Republic of the",2023,June,255
"Congo, Democratic Republic of the",2023,July,395
"Congo, Democratic Republic of the",2023,August,270
"Congo, Democratic Republic of the",2023,September,235
"Congo, Democratic Republic of the",2023,October,115
"Congo, Democratic Republic of the",2023,November,140
"Congo, Democratic Republic of the",2023,December,260
"Congo, Democratic Republic of the",2023,Total,6045
"Congo, Democratic Republic of the",2024,January,585
"Congo, Democratic Republic of the",2024,February,425
"Congo, Democratic Republic of the",2024,March,355
"Congo, Democratic Republic of the",2024,April,275
"Congo, Democratic Republic of the",2024,May,355
"Congo, Democratic Republic of the",2024,June,215
"Congo, Democratic Republic of the",2024,July,315
"Congo, Democratic Republic of the",2024,August,190
"Congo, Democratic Republic of the",2024,September,160
"Congo, Democratic Republic of the",2024,October,235
"Congo, Democratic Republic of the",2024,November,250
"Congo, Democratic Republic of the",2024,December,235
"Congo, Democratic Republic of the",2024,Total,3590
"Congo, Democratic Republic of the",2025,January,355
"Congo, Democratic Republic of the",2025,February,265
"Congo, Democratic Republic of the",2025,March,400
"Congo, Democratic Republic of the",2025,April,485
"Congo, Democratic Republic of the",2025,May,350
"Congo, Democratic Republic of the",2025,June,320
"Congo, Democratic Republic of the",2025,July,440
"Congo, Democratic Republic of the",2025,August,275
"Congo, Democratic Republic of the",2025,September,320
"Congo, Democratic Republic of the",2025,October,300
"Congo, Democratic Republic of the",2025,November,220
"Congo, Democratic Republic of the",2025,December,205
"Congo, Democratic Republic of the",2025,Total,3940
"Congo, Democratic Republic of the",2026,January,210
"Congo, Democratic Republic of the",2026,February,215
"Congo, Democratic Republic of the",2026,March,245
"Congo, Democratic Republic of the",2026,April,240
"Congo, Democratic Republic of the",2026,May,220
"Congo, Democratic Republic of the",2026,Total,1125
"Congo, People's Republic of the",2023,January,40
"Congo, People's Republic of the",2023,February,15
"Congo, People's Republic of the",2023,March,35
"Congo, People's Republic of the",2023,April,270
"Congo, People's Republic of the",2023,May,110
"Congo, People's Republic of the",2023,June,50
"Congo, People's Republic of the",2023,July,50
"Congo, People's Republic of the",2023,August,35
"Congo, People's Republic of the",2023,September,20
"Congo, People's Republic of the",2023,October,30
"Congo, People's Republic of the",2023,November,25
"Congo, People's Republic of the",2023,December,50
"Congo, People's Republic of the",2023,Total,730
"Congo, People's Republic of the",2024,January,60
"Congo, People's Republic of the",2024,February,100
"Congo, People's Republic of the",2024,March,105
"Congo, People's Republic of the",2024,April,50
"Congo, People's Republic of the",2024,May,60
"Congo, People's Republic of the",2024,June,80
"Congo, People's Republic of the",2024,July,70
"Congo, People's Republic of the",2024,August,50
"Congo, People's Republic of the",2024,September,105
"Congo, People's Republic of the",2024,October,55
"Congo, People's Republic of the",2024,November,60
"Congo, People's Republic of the",2024,December,45
"Congo, People's Republic of the",2024,Total,835
"Congo, People's Republic of the",2025,January,40
"Congo, People's Republic of the",2025,February,20
"Congo, People's Republic of the",2025,March,10
"Congo, People's Republic of the",2025,April,20
"Congo, People's Republic of the",2025,May,30
"Congo, People's Republic of the",2025,June,65
"Congo, People's Republic of the",2025,July,40
"Congo, People's Republic of the",2025,August,25
"Congo, People's Republic of the",2025,September,20
"Congo, People's Republic of the",2025,October,40
"Congo, People's Republic of the",2025,November,50
"Congo, People's Republic of the",2025,December,30
"Congo, People's Republic of the",2025,Total,390
"Congo, People's Republic of the",2026,January,60
"Congo, People's Republic of the",2026,February,45
"Congo, People's Republic of the",2026,March,45
"Congo, People's Republic of the",2026,April,50
"Congo, People's Republic of the",2026,May,45
"Congo, People's Republic of the",2026,Total,235
Costa Rica,2023,January,330
Costa Rica,2023,February,425
Costa Rica,2023,March,450
Costa Rica,2023,April,250
Costa Rica,2023,May,560
Costa Rica,2023,June,585
Costa Rica,2023,July,65
Costa Rica,2023,August,85
Costa Rica,2023,September,200
Costa Rica,2023,October,125
Costa Rica,2023,November,195
Costa Rica,2023,December,120
Costa Rica,2023,Total,3390
Costa Rica,2024,January,115
Costa Rica,2024,February,145
Costa Rica,2024,March,250
Costa Rica,2024,April,75
Costa Rica,2024,May,160
Costa Rica,2024,June,50
Costa Rica,2024,July,55
Costa Rica,2024,August,80
Costa Rica,2024,September,50
Costa Rica,2024,October,40
Costa Rica,2024,November,110
Costa Rica,2024,December,95
Costa Rica,2024,Total,1230
Costa Rica,2025,January,140
Costa Rica,2025,February,195
Costa Rica,2025,March,190
Costa Rica,2025,April,150
Costa Rica,2025,May,180
Costa Rica,2025,June,105
Costa Rica,2025,July,105
Costa Rica,2025,August,100
Costa Rica,2025,September,80
Costa Rica,2025,October,130
Costa Rica,2025,November,85
Costa Rica,2025,December,120
Costa Rica,2025,Total,1575
Costa Rica,2026,January,145
Costa Rica,2026,February,165
Costa Rica,2026,March,155
Costa Rica,2026,April,200
Costa Rica,2026,May,195
Costa Rica,2026,Total,860
Croatia,2023,January,0
Croatia,2023,February,5
Croatia,2023,March,
Croatia,2023,April,
Croatia,2023,May,0
Croatia,2023,June,0
Croatia,2023,July,
Croatia,2023,August,0
Croatia,2023,September,0
Croatia,2023,October,
Croatia,2023,November,
Croatia,2023,December,
Croatia,2023,Total,20
Croatia,2024,January,0
Croatia,2024,February,0
Croatia,2024,March,0
Croatia,2024,April,
Croatia,2024,May,
Croatia,2024,June,
Croatia,2024,July,
Croatia,2024,August,
Croatia,2024,September,0
Croatia,2024,October,
Croatia,2024,November,
Croatia,2024,December,
Croatia,2024,Total,20
Croatia,2025,January,
Croatia,2025,February,0
Croatia,2025,March,0
Croatia,2025,April,0
Croatia,2025,May,
Croatia,2025,June,0
Croatia,2025,July,0
Croatia,2025,August,
Croatia,2025,September,
Croatia,2025,October,
Croatia,2025,November,
Croatia,2025,December,0
Croatia,2025,Total,10
Croatia,2026,January,0
Croatia,2026,February,
Croatia,2026,March,0
Croatia,2026,April,0
Croatia,2026,May,0
Croatia,2026,Total,
Cuba,2023,January,390
Cuba,2023,February,375
Cuba,2023,March,370
Cuba,2023,April,305
Cuba,2023,May,465
Cuba,2023,June,320
Cuba,2023,July,205
Cuba,2023,August,350
Cuba,2023,September,410
Cuba,2023,October,385
Cuba,2023,November,605
Cuba,2023,December,375
Cuba,2023,Total,4555
Cuba,2024,January,355
Cuba,2024,February,335
Cuba,2024,March,540
Cuba,2024,April,370
Cuba,2024,May,380
Cuba,2024,June,150
Cuba,2024,July,160
Cuba,2024,August,150
Cuba,2024,September,75
Cuba,2024,October,110
Cuba,2024,November,245
Cuba,2024,December,200
Cuba,2024,Total,3070
Cuba,2025,January,260
Cuba,2025,February,370
Cuba,2025,March,335
Cuba,2025,April,235
Cuba,2025,May,295
Cuba,2025,June,110
Cuba,2025,July,260
Cuba,2025,August,210
Cuba,2025,September,150
Cuba,2025,October,205
Cuba,2025,November,135
Cuba,2025,December,160
Cuba,2025,Total,2720
Cuba,2026,January,225
Cuba,2026,February,160
Cuba,2026,March,130
Cuba,2026,April,155
Cuba,2026,May,120
Cuba,2026,Total,790
Cyprus,2023,January,0
Cyprus,2023,February,
Cyprus,2023,March,
Cyprus,2023,April,0
Cyprus,2023,May,
Cyprus,2023,June,0
Cyprus,2023,July,0
Cyprus,2023,August,0
Cyprus,2023,September,
Cyprus,2023,October,
Cyprus,2023,November,0
Cyprus,2023,December,0
Cyprus,2023,Total,10
Cyprus,2024,January,0
Cyprus,2024,February,0
Cyprus,2024,March,
Cyprus,2024,April,0
Cyprus,2024,May,
Cyprus,2024,June,0
Cyprus,2024,July,0
Cyprus,2024,August,0
Cyprus,2024,September,
Cyprus,2024,October,
Cyprus,2024,November,0
Cyprus,2024,December,0
Cyprus,2024,Total,
Cyprus,2025,January,0
Cyprus,2025,February,
Cyprus,2025,March,0
Cyprus,2025,April,0
Cyprus,2025,May,0
Cyprus,2025,June,0
Cyprus,2025,July,0
Cyprus,2025,August,0
Cyprus,2025,September,0
Cyprus,2025,October,0
Cyprus,2025,November,0
Cyprus,2025,December,0
Cyprus,2025,Total,
Cyprus,2026,January,0
Cyprus,2026,February,0
Cyprus,2026,March,0
Cyprus,2026,April,0
Cyprus,2026,May,0
Cyprus,2026,Total,0
Czech Republic,2023,January,5
Czech Republic,2023,February,
Czech Republic,2023,March,0
Czech Republic,2023,April,0
Czech Republic,2023,May,0
Czech Republic,2023,June,
Czech Republic,2023,July,0
Czech Republic,2023,August,0
Czech Republic,2023,September,10
Czech Republic,2023,October,
Czech Republic,2023,November,
Czech Republic,2023,December,
Czech Republic,2023,Total,25
Czech Republic,2024,January,0
Czech Republic,2024,February,0
Czech Republic,2024,March,0
Czech Republic,2024,April,0
Czech Republic,2024,May,0
Czech Republic,2024,June,
Czech Republic,2024,July,0
Czech Republic,2024,August,5
Czech Republic,2024,September,0
Czech Republic,2024,October,
Czech Republic,2024,November,5
Czech Republic,2024,December,
Czech Republic,2024,Total,20
Czech Republic,2025,January,
Czech Republic,2025,February,0
Czech Republic,2025,March,
Czech Republic,2025,April,0
Czech Republic,2025,May,0
Czech Republic,2025,June,0
Czech Republic,2025,July,0
Czech Republic,2025,August,
Czech Republic,2025,September,0
Czech Republic,2025,October,
Czech Republic,2025,November,
Czech Republic,2025,December,0
Czech Republic,2025,Total,10
Czech Republic,2026,January,0
Czech Republic,2026,February,0
Czech Republic,2026,March,0
Czech Republic,2026,April,
Czech Republic,2026,May,0
Czech Republic,2026,Total,
Democratic Republic of Sudan,2023,January,15
Democratic Republic of Sudan,2023,February,80
Democratic Republic of Sudan,2023,March,90
Democratic Republic of Sudan,2023,April,215
Democratic Republic of Sudan,2023,May,225
Democratic Republic of Sudan,2023,June,160
Democratic Republic of Sudan,2023,July,95
Democratic Republic of Sudan,2023,August,60
Democratic Republic of Sudan,2023,September,45
Democratic Republic of Sudan,2023,October,50
Democratic Republic of Sudan,2023,November,35
Democratic Republic of Sudan,2023,December,25
Democratic Republic of Sudan,2023,Total,1095
Democratic Republic of Sudan,2024,January,35
Democratic Republic of Sudan,2024,February,40
Democratic Republic of Sudan,2024,March,45
Democratic Republic of Sudan,2024,April,60
Democratic Republic of Sudan,2024,May,35
Democratic Republic of Sudan,2024,June,35
Democratic Republic of Sudan,2024,July,30
Democratic Republic of Sudan,2024,August,35
Democratic Republic of Sudan,2024,September,25
Democratic Republic of Sudan,2024,October,30
Democratic Republic of Sudan,2024,November,25
Democratic Republic of Sudan,2024,December,35
Democratic Republic of Sudan,2024,Total,430
Democratic Republic of Sudan,2025,January,35
Democratic Republic of Sudan,2025,February,30
Democratic Republic of Sudan,2025,March,40
Democratic Republic of Sudan,2025,April,40
Democratic Republic of Sudan,2025,May,20
Democratic Republic of Sudan,2025,June,25
Democratic Republic of Sudan,2025,July,45
Democratic Republic of Sudan,2025,August,30
Democratic Republic of Sudan,2025,September,50
Democratic Republic of Sudan,2025,October,30
Democratic Republic of Sudan,2025,November,20
Democratic Republic of Sudan,2025,December,25
Democratic Republic of Sudan,2025,Total,395
Democratic Republic of Sudan,2026,January,20
Democratic Republic of Sudan,2026,February,20
Democratic Republic of Sudan,2026,March,15
Democratic Republic of Sudan,2026,April,20
Democratic Republic of Sudan,2026,May,30
Democratic Republic of Sudan,2026,Total,105
Denmark,2023,January,0
Denmark,2023,February,
Denmark,2023,March,
Denmark,2023,April,
Denmark,2023,May,
Denmark,2023,June,0
Denmark,2023,July,
Denmark,2023,August,
Denmark,2023,September,0
Denmark,2023,October,0
Denmark,2023,November,0
Denmark,2023,December,0
Denmark,2023,Total,10
Denmark,2024,January,0
Denmark,2024,February,
Denmark,2024,March,0
Denmark,2024,April,
Denmark,2024,May,
Denmark,2024,June,0
Denmark,2024,July,
Denmark,2024,August,
Denmark,2024,September,0
Denmark,2024,October,
Denmark,2024,November,0
Denmark,2024,December,
Denmark,2024,Total,15
Denmark,2025,January,
Denmark,2025,February,
Denmark,2025,March,0
Denmark,2025,April,0
Denmark,2025,May,0
Denmark,2025,June,0
Denmark,2025,July,0
Denmark,2025,August,0
Denmark,2025,September,0
Denmark,2025,October,
Denmark,2025,November,
Denmark,2025,December,
Denmark,2025,Total,10
Denmark,2026,January,0
Denmark,2026,February,0
Denmark,2026,March,0
Denmark,2026,April,0
Denmark,2026,May,0
Denmark,2026,Total,0
Dominica,2023,January,65
Dominica,2023,February,90
Dominica,2023,March,140
Dominica,2023,April,165
Dominica,2023,May,80
Dominica,2023,June,95
Dominica,2023,July,55
Dominica,2023,August,55
Dominica,2023,September,110
Dominica,2023,October,95
Dominica,2023,November,80
Dominica,2023,December,55
Dominica,2023,Total,1085
Dominica,2024,January,70
Dominica,2024,February,75
Dominica,2024,March,60
Dominica,2024,April,55
Dominica,2024,May,75
Dominica,2024,June,60
Dominica,2024,July,60
Dominica,2024,August,80
Dominica,2024,September,60
Dominica,2024,October,50
Dominica,2024,November,50
Dominica,2024,December,25
Dominica,2024,Total,720
Dominica,2025,January,45
Dominica,2025,February,25
Dominica,2025,March,110
Dominica,2025,April,60
Dominica,2025,May,40
Dominica,2025,June,45
Dominica,2025,July,20
Dominica,2025,August,30
Dominica,2025,September,50
Dominica,2025,October,25
Dominica,2025,November,50
Dominica,2025,December,45
Dominica,2025,Total,535
Dominica,2026,January,25
Dominica,2026,February,40
Dominica,2026,March,30
Dominica,2026,April,30
Dominica,2026,May,55
Dominica,2026,Total,185
Dominican Republic,2023,January,520
Dominican Republic,2023,February,590
Dominican Republic,2023,March,500
Dominican Republic,2023,April,340
Dominican Republic,2023,May,625
Dominican Republic,2023,June,670
Dominican Republic,2023,July,475
Dominican Republic,2023,August,685
Dominican Republic,2023,September,865
Dominican Republic,2023,October,750
Dominican Republic,2023,November,1085
Dominican Republic,2023,December,585
Dominican Republic,2023,Total,7690
Dominican Republic,2024,January,565
Dominican Republic,2024,February,650
Dominican Republic,2024,March,1210
Dominican Republic,2024,April,565
Dominican Republic,2024,May,915
Dominican Republic,2024,June,345
Dominican Republic,2024,July,480
Dominican Republic,2024,August,830
Dominican Republic,2024,September,415
Dominican Republic,2024,October,300
Dominican Republic,2024,November,910
Dominican Republic,2024,December,570
Dominican Republic,2024,Total,7760
Dominican Republic,2025,January,680
Dominican Republic,2025,February,885
Dominican Republic,2025,March,900
Dominican Republic,2025,April,680
Dominican Republic,2025,May,865
Dominican Republic,2025,June,660
Dominican Republic,2025,July,800
Dominican Republic,2025,August,1040
Dominican Republic,2025,September,710
Dominican Republic,2025,October,810
Dominican Republic,2025,November,510
Dominican Republic,2025,December,495
Dominican Republic,2025,Total,9035
Dominican Republic,2026,January,705
Dominican Republic,2026,February,915
Dominican Republic,2026,March,915
Dominican Republic,2026,April,830
Dominican Republic,2026,May,995
Dominican Republic,2026,Total,4360
"East Timor, Democratic Republic of",2023,January,0
"East Timor, Democratic Republic of",2023,February,0
"East Timor, Democratic Republic of",2023,March,0
"East Timor, Democratic Republic of",2023,April,
"East Timor, Democratic Republic of",2023,May,0
"East Timor, Democratic Republic of",2023,June,
"East Timor, Democratic Republic of",2023,July,0
"East Timor, Democratic Republic of",2023,August,0
"East Timor, Democratic Republic of",2023,September,0
"East Timor, Democratic Republic of",2023,October,0
"East Timor, Democratic Republic of",2023,November,0
"East Timor, Democratic Republic of",2023,December,0
"East Timor, Democratic Republic of",2023,Total,
"East Timor, Democratic Republic of",2024,January,0
"East Timor, Democratic Republic of",2024,February,
"East Timor, Democratic Republic of",2024,March,0
"East Timor, Democratic Republic of",2024,April,
"East Timor, Democratic Republic of",2024,May,0
"East Timor, Democratic Republic of",2024,June,0
"East Timor, Democratic Republic of",2024,July,
"East Timor, Democratic Republic of",2024,August,
"East Timor, Democratic Republic of",2024,September,0
"East Timor, Democratic Republic of",2024,October,0
"East Timor, Democratic Republic of",2024,November,0
"East Timor, Democratic Republic of",2024,December,0
"East Timor, Democratic Republic of",2024,Total,
"East Timor, Democratic Republic of",2025,January,0
"East Timor, Democratic Republic of",2025,February,0
"East Timor, Democratic Republic of",2025,March,
"East Timor, Democratic Republic of",2025,April,0
"East Timor, Democratic Republic of",2025,May,0
"East Timor, Democratic Republic of",2025,June,0
"East Timor, Democratic Republic of",2025,July,
"East Timor, Democratic Republic of",2025,August,0
"East Timor, Democratic Republic of",2025,September,0
"East Timor, Democratic Republic of",2025,October,0
"East Timor, Democratic Republic of",2025,November,0
"East Timor, Democratic Republic of",2025,December,
"East Timor, Democratic Republic of",2025,Total,5
"East Timor, Democratic Republic of",2026,January,0
"East Timor, Democratic Republic of",2026,February,0
"East Timor, Democratic Republic of",2026,March,0
"East Timor, Democratic Republic of",2026,April,0
"East Timor, Democratic Republic of",2026,May,0
"East Timor, Democratic Republic of",2026,Total,0
Ecuador,2023,January,315
Ecuador,2023,February,445
Ecuador,2023,March,405
Ecuador,2023,April,315
Ecuador,2023,May,700
Ecuador,2023,June,1215
Ecuador,2023,July,330
Ecuador,2023,August,630
Ecuador,2023,September,1750
Ecuador,2023,October,640
Ecuador,2023,November,440
Ecuador,2023,December,470
Ecuador,2023,Total,7655
Ecuador,2024,January,565
Ecuador,2024,February,425
Ecuador,2024,March,810
Ecuador,2024,April,995
Ecuador,2024,May,575
Ecuador,2024,June,440
Ecuador,2024,July,990
Ecuador,2024,August,910
Ecuador,2024,September,1085
Ecuador,2024,October,260
Ecuador,2024,November,475
Ecuador,2024,December,435
Ecuador,2024,Total,7960
Ecuador,2025,January,830
Ecuador,2025,February,1350
Ecuador,2025,March,1225
Ecuador,2025,April,1085
Ecuador,2025,May,1030
Ecuador,2025,June,995
Ecuador,2025,July,980
Ecuador,2025,August,700
Ecuador,2025,September,1005
Ecuador,2025,October,990
Ecuador,2025,November,895
Ecuador,2025,December,905
Ecuador,2025,Total,11990
Ecuador,2026,January,1035
Ecuador,2026,February,910
Ecuador,2026,March,1130
Ecuador,2026,April,1110
Ecuador,2026,May,1250
Ecuador,2026,Total,5435
Egypt,2023,January,440
Egypt,2023,February,1035
Egypt,2023,March,1120
Egypt,2023,April,1320
Egypt,2023,May,1240
Egypt,2023,June,1055
Egypt,2023,July,630
Egypt,2023,August,815
Egypt,2023,September,600
Egypt,2023,October,595
Egypt,2023,November,640
Egypt,2023,December,600
Egypt,2023,Total,10085
Egypt,2024,January,780
Egypt,2024,February,880
Egypt,2024,March,1265
Egypt,2024,April,725
Egypt,2024,May,700
Egypt,2024,June,920
Egypt,2024,July,715
Egypt,2024,August,720
Egypt,2024,September,620
Egypt,2024,October,1060
Egypt,2024,November,610
Egypt,2024,December,590
Egypt,2024,Total,9585
Egypt,2025,January,585
Egypt,2025,February,655
Egypt,2025,March,855
Egypt,2025,April,630
Egypt,2025,May,585
Egypt,2025,June,465
Egypt,2025,July,660
Egypt,2025,August,485
Egypt,2025,September,905
Egypt,2025,October,785
Egypt,2025,November,515
Egypt,2025,December,780
Egypt,2025,Total,7900
Egypt,2026,January,765
Egypt,2026,February,910
Egypt,2026,March,1115
Egypt,2026,April,1060
Egypt,2026,May,910
Egypt,2026,Total,4760
El Salvador,2023,January,260
El Salvador,2023,February,180
El Salvador,2023,March,225
El Salvador,2023,April,155
El Salvador,2023,May,220
El Salvador,2023,June,245
El Salvador,2023,July,115
El Salvador,2023,August,255
El Salvador,2023,September,335
El Salvador,2023,October,260
El Salvador,2023,November,350
El Salvador,2023,December,170
El Salvador,2023,Total,2775
El Salvador,2024,January,185
El Salvador,2024,February,210
El Salvador,2024,March,395
El Salvador,2024,April,215
El Salvador,2024,May,265
El Salvador,2024,June,145
El Salvador,2024,July,120
El Salvador,2024,August,215
El Salvador,2024,September,95
El Salvador,2024,October,150
El Salvador,2024,November,290
El Salvador,2024,December,230
El Salvador,2024,Total,2515
El Salvador,2025,January,250
El Salvador,2025,February,355
El Salvador,2025,March,300
El Salvador,2025,April,265
El Salvador,2025,May,410
El Salvador,2025,June,295
El Salvador,2025,July,310
El Salvador,2025,August,235
El Salvador,2025,September,235
El Salvador,2025,October,260
El Salvador,2025,November,245
El Salvador,2025,December,185
El Salvador,2025,Total,3335
El Salvador,2026,January,265
El Salvador,2026,February,365
El Salvador,2026,March,270
El Salvador,2026,April,410
El Salvador,2026,May,300
El Salvador,2026,Total,1615
Equatorial Guinea,2023,January,0
Equatorial Guinea,2023,February,0
Equatorial Guinea,2023,March,
Equatorial Guinea,2023,April,5
Equatorial Guinea,2023,May,5
Equatorial Guinea,2023,June,0
Equatorial Guinea,2023,July,
Equatorial Guinea,2023,August,
Equatorial Guinea,2023,September,0
Equatorial Guinea,2023,October,0
Equatorial Guinea,2023,November,
Equatorial Guinea,2023,December,
Equatorial Guinea,2023,Total,20
Equatorial Guinea,2024,January,
Equatorial Guinea,2024,February,
Equatorial Guinea,2024,March,
Equatorial Guinea,2024,April,5
Equatorial Guinea,2024,May,10
Equatorial Guinea,2024,June,
Equatorial Guinea,2024,July,
Equatorial Guinea,2024,August,
Equatorial Guinea,2024,September,
Equatorial Guinea,2024,October,0
Equatorial Guinea,2024,November,
Equatorial Guinea,2024,December,
Equatorial Guinea,2024,Total,35
Equatorial Guinea,2025,January,
Equatorial Guinea,2025,February,
Equatorial Guinea,2025,March,
Equatorial Guinea,2025,April,
Equatorial Guinea,2025,May,
Equatorial Guinea,2025,June,
Equatorial Guinea,2025,July,
Equatorial Guinea,2025,August,
Equatorial Guinea,2025,September,
Equatorial Guinea,2025,October,
Equatorial Guinea,2025,November,0
Equatorial Guinea,2025,December,0
Equatorial Guinea,2025,Total,15
Equatorial Guinea,2026,January,
Equatorial Guinea,2026,February,
Equatorial Guinea,2026,March,
Equatorial Guinea,2026,April,0
Equatorial Guinea,2026,May,
Equatorial Guinea,2026,Total,10
Eritrea,2023,January,35
Eritrea,2023,February,20
Eritrea,2023,March,25
Eritrea,2023,April,50
Eritrea,2023,May,65
Eritrea,2023,June,30
Eritrea,2023,July,25
Eritrea,2023,August,30
Eritrea,2023,September,15
Eritrea,2023,October,35
Eritrea,2023,November,25
Eritrea,2023,December,
Eritrea,2023,Total,365
Eritrea,2024,January,30
Eritrea,2024,February,20
Eritrea,2024,March,20
Eritrea,2024,April,40
Eritrea,2024,May,25
Eritrea,2024,June,40
Eritrea,2024,July,30
Eritrea,2024,August,10
Eritrea,2024,September,110
Eritrea,2024,October,70
Eritrea,2024,November,30
Eritrea,2024,December,10
Eritrea,2024,Total,440
Eritrea,2025,January,15
Eritrea,2025,February,60
Eritrea,2025,March,20
Eritrea,2025,April,65
Eritrea,2025,May,90
Eritrea,2025,June,70
Eritrea,2025,July,20
Eritrea,2025,August,40
Eritrea,2025,September,45
Eritrea,2025,October,30
Eritrea,2025,November,15
Eritrea,2025,December,45
Eritrea,2025,Total,520
Eritrea,2026,January,45
Eritrea,2026,February,45
Eritrea,2026,March,40
Eritrea,2026,April,70
Eritrea,2026,May,90
Eritrea,2026,Total,290
Estonia,2023,January,0
Estonia,2023,February,0
Estonia,2023,March,
Estonia,2023,April,0
Estonia,2023,May,0
Estonia,2023,June,0
Estonia,2023,July,
Estonia,2023,August,0
Estonia,2023,September,0
Estonia,2023,October,
Estonia,2023,November,0
Estonia,2023,December,0
Estonia,2023,Total,5
Estonia,2024,January,0
Estonia,2024,February,0
Estonia,2024,March,0
Estonia,2024,April,0
Estonia,2024,May,0
Estonia,2024,June,0
Estonia,2024,July,0
Estonia,2024,August,0
Estonia,2024,September,
Estonia,2024,October,0
Estonia,2024,November,0
Estonia,2024,December,0
Estonia,2024,Total,
Estonia,2025,January,0
Estonia,2025,February,0
Estonia,2025,March,0
Estonia,2025,April,0
Estonia,2025,May,0
Estonia,2025,June,0
Estonia,2025,July,
Estonia,2025,August,0
Estonia,2025,September,0
Estonia,2025,October,
Estonia,2025,November,0
Estonia,2025,December,0
Estonia,2025,Total,5
Estonia,2026,January,0
Estonia,2026,February,0
Estonia,2026,March,0
Estonia,2026,April,0
Estonia,2026,May,0
Estonia,2026,Total,0
Ethiopia,2023,January,240
Ethiopia,2023,February,90
Ethiopia,2023,March,355
Ethiopia,2023,April,980
Ethiopia,2023,May,1415
Ethiopia,2023,June,455
Ethiopia,2023,July,175
Ethiopia,2023,August,200
Ethiopia,2023,September,640
Ethiopia,2023,October,525
Ethiopia,2023,November,405
Ethiopia,2023,December,225
Ethiopia,2023,Total,5705
Ethiopia,2024,January,195
Ethiopia,2024,February,360
Ethiopia,2024,March,235
Ethiopia,2024,April,270
Ethiopia,2024,May,665
Ethiopia,2024,June,390
Ethiopia,2024,July,505
Ethiopia,2024,August,400
Ethiopia,2024,September,270
Ethiopia,2024,October,295
Ethiopia,2024,November,250
Ethiopia,2024,December,185
Ethiopia,2024,Total,4015
Ethiopia,2025,January,255
Ethiopia,2025,February,230
Ethiopia,2025,March,205
Ethiopia,2025,April,200
Ethiopia,2025,May,250
Ethiopia,2025,June,265
Ethiopia,2025,July,325
Ethiopia,2025,August,295
Ethiopia,2025,September,200
Ethiopia,2025,October,230
Ethiopia,2025,November,220
Ethiopia,2025,December,180
Ethiopia,2025,Total,2855
Ethiopia,2026,January,270
Ethiopia,2026,February,360
Ethiopia,2026,March,315
Ethiopia,2026,April,260
Ethiopia,2026,May,325
Ethiopia,2026,Total,1535
Federal Republic of Cameroon,2023,January,745
Federal Republic of Cameroon,2023,February,405
Federal Republic of Cameroon,2023,March,510
Federal Republic of Cameroon,2023,April,1615
Federal Republic of Cameroon,2023,May,1135
Federal Republic of Cameroon,2023,June,905
Federal Republic of Cameroon,2023,July,575
Federal Republic of Cameroon,2023,August,470
Federal Republic of Cameroon,2023,September,450
Federal Republic of Cameroon,2023,October,450
Federal Republic of Cameroon,2023,November,475
Federal Republic of Cameroon,2023,December,775
Federal Republic of Cameroon,2023,Total,8505
Federal Republic of Cameroon,2024,January,870
Federal Republic of Cameroon,2024,February,630
Federal Republic of Cameroon,2024,March,615
Federal Republic of Cameroon,2024,April,720
Federal Republic of Cameroon,2024,May,1100
Federal Republic of Cameroon,2024,June,420
Federal Republic of Cameroon,2024,July,485
Federal Republic of Cameroon,2024,August,395
Federal Republic of Cameroon,2024,September,325
Federal Republic of Cameroon,2024,October,380
Federal Republic of Cameroon,2024,November,410
Federal Republic of Cameroon,2024,December,355
Federal Republic of Cameroon,2024,Total,6710
Federal Republic of Cameroon,2025,January,450
Federal Republic of Cameroon,2025,February,425
Federal Republic of Cameroon,2025,March,625
Federal Republic of Cameroon,2025,April,765
Federal Republic of Cameroon,2025,May,665
Federal Republic of Cameroon,2025,June,620
Federal Republic of Cameroon,2025,July,525
Federal Republic of Cameroon,2025,August,420
Federal Republic of Cameroon,2025,September,650
Federal Republic of Cameroon,2025,October,490
Federal Republic of Cameroon,2025,November,610
Federal Republic of Cameroon,2025,December,475
Federal Republic of Cameroon,2025,Total,6720
Federal Republic of Cameroon,2026,January,420
Federal Republic of Cameroon,2026,February,410
Federal Republic of Cameroon,2026,March,610
Federal Republic of Cameroon,2026,April,595
Federal Republic of Cameroon,2026,May,600
Federal Republic of Cameroon,2026,Total,2640
Federal Republic of Germany,2023,January,
Federal Republic of Germany,2023,February,
Federal Republic of Germany,2023,March,5
Federal Republic of Germany,2023,April,
Federal Republic of Germany,2023,May,10
Federal Republic of Germany,2023,June,5
Federal Republic of Germany,2023,July,5
Federal Republic of Germany,2023,August,20
Federal Republic of Germany,2023,September,10
Federal Republic of Germany,2023,October,5
Federal Republic of Germany,2023,November,
Federal Republic of Germany,2023,December,0
Federal Republic of Germany,2023,Total,65
Federal Republic of Germany,2024,January,
Federal Republic of Germany,2024,February,
Federal Republic of Germany,2024,March,
Federal Republic of Germany,2024,April,5
Federal Republic of Germany,2024,May,10
Federal Republic of Germany,2024,June,
Federal Republic of Germany,2024,July,10
Federal Republic of Germany,2024,August,10
Federal Republic of Germany,2024,September,10
Federal Republic of Germany,2024,October,
Federal Republic of Germany,2024,November,5
Federal Republic of Germany,2024,December,5
Federal Republic of Germany,2024,Total,60
Federal Republic of Germany,2025,January,
Federal Republic of Germany,2025,February,0
Federal Republic of Germany,2025,March,
Federal Republic of Germany,2025,April,
Federal Republic of Germany,2025,May,5
Federal Republic of Germany,2025,June,0
Federal Republic of Germany,2025,July,
Federal Republic of Germany,2025,August,15
Federal Republic of Germany,2025,September,10
Federal Republic of Germany,2025,October,5
Federal Republic of Germany,2025,November,
Federal Republic of Germany,2025,December,
Federal Republic of Germany,2025,Total,55
Federal Republic of Germany,2026,January,
Federal Republic of Germany,2026,February,5
Federal Republic of Germany,2026,March,
Federal Republic of Germany,2026,April,
Federal Republic of Germany,2026,May,0
Federal Republic of Germany,2026,Total,15
Federated States of Micronesia,2023,January,0
Federated States of Micronesia,2023,February,0
Federated States of Micronesia,2023,March,
Federated States of Micronesia,2023,April,0
Federated States of Micronesia,2023,May,0
Federated States of Micronesia,2023,June,0
Federated States of Micronesia,2023,July,
Federated States of Micronesia,2023,August,0
Federated States of Micronesia,2023,September,0
Federated States of Micronesia,2023,October,0
Federated States of Micronesia,2023,November,0
Federated States of Micronesia,2023,December,
Federated States of Micronesia,2023,Total,5
Federated States of Micronesia,2024,January,0
Federated States of Micronesia,2024,February,0
Federated States of Micronesia,2024,March,0
Federated States of Micronesia,2024,April,0
Federated States of Micronesia,2024,May,
Federated States of Micronesia,2024,June,
Federated States of Micronesia,2024,July,0
Federated States of Micronesia,2024,August,
Federated States of Micronesia,2024,September,0
Federated States of Micronesia,2024,October,0
Federated States of Micronesia,2024,November,0
Federated States of Micronesia,2024,December,0
Federated States of Micronesia,2024,Total,
Federated States of Micronesia,2025,January,0
Federated States of Micronesia,2025,February,0
Federated States of Micronesia,2025,March,0
Federated States of Micronesia,2025,April,0
Federated States of Micronesia,2025,May,0
Federated States of Micronesia,2025,June,0
Federated States of Micronesia,2025,July,0
Federated States of Micronesia,2025,August,
Federated States of Micronesia,2025,September,0
Federated States of Micronesia,2025,October,
Federated States of Micronesia,2025,November,0
Federated States of Micronesia,2025,December,
Federated States of Micronesia,2025,Total,
Federated States of Micronesia,2026,January,
Federated States of Micronesia,2026,February,0
Federated States of Micronesia,2026,March,0
Federated States of Micronesia,2026,April,0
Federated States of Micronesia,2026,May,0
Federated States of Micronesia,2026,Total,
Fiji,2023,January,120
Fiji,2023,February,130
Fiji,2023,March,140
Fiji,2023,April,185
Fiji,2023,May,195
Fiji,2023,June,235
Fiji,2023,July,100
Fiji,2023,August,140
Fiji,2023,September,165
Fiji,2023,October,65
Fiji,2023,November,70
Fiji,2023,December,155
Fiji,2023,Total,1695
Fiji,2024,January,75
Fiji,2024,February,145
Fiji,2024,March,100
Fiji,2024,April,205
Fiji,2024,May,140
Fiji,2024,June,85
Fiji,2024,July,155
Fiji,2024,August,105
Fiji,2024,September,100
Fiji,2024,October,80
Fiji,2024,November,90
Fiji,2024,December,50
Fiji,2024,Total,1330
Fiji,2025,January,55
Fiji,2025,February,135
Fiji,2025,March,110
Fiji,2025,April,90
Fiji,2025,May,105
Fiji,2025,June,110
Fiji,2025,July,130
Fiji,2025,August,60
Fiji,2025,September,60
Fiji,2025,October,85
Fiji,2025,November,85
Fiji,2025,December,80
Fiji,2025,Total,1120
Fiji,2026,January,45
Fiji,2026,February,125
Fiji,2026,March,110
Fiji,2026,April,70
Fiji,2026,May,120
Fiji,2026,Total,470
Finland,2023,January,0
Finland,2023,February,0
Finland,2023,March,
Finland,2023,April,
Finland,2023,May,0
Finland,2023,June,
Finland,2023,July,0
Finland,2023,August,0
Finland,2023,September,5
Finland,2023,October,0
Finland,2023,November,0
Finland,2023,December,
Finland,2023,Total,10
Finland,2024,January,0
Finland,2024,February,0
Finland,2024,March,0
Finland,2024,April,0
Finland,2024,May,0
Finland,2024,June,
Finland,2024,July,0
Finland,2024,August,
Finland,2024,September,0
Finland,2024,October,0
Finland,2024,November,0
Finland,2024,December,0
Finland,2024,Total,
Finland,2025,January,
Finland,2025,February,
Finland,2025,March,0
Finland,2025,April,0
Finland,2025,May,0
Finland,2025,June,0
Finland,2025,July,0
Finland,2025,August,
Finland,2025,September,
Finland,2025,October,
Finland,2025,November,0
Finland,2025,December,
Finland,2025,Total,15
Finland,2026,January,0
Finland,2026,February,0
Finland,2026,March,0
Finland,2026,April,0
Finland,2026,May,0
Finland,2026,Total,0
France,2023,January,20
France,2023,February,20
France,2023,March,25
France,2023,April,5
France,2023,May,15
France,2023,June,10
France,2023,July,15
France,2023,August,10
France,2023,September,25
France,2023,October,40
France,2023,November,15
France,2023,December,10
France,2023,Total,205
France,2024,January,
France,2024,February,5
France,2024,March,5
France,2024,April,10
France,2024,May,30
France,2024,June,25
France,2024,July,15
France,2024,August,30
France,2024,September,50
France,2024,October,50
France,2024,November,25
France,2024,December,10
France,2024,Total,260
France,2025,January,10
France,2025,February,5
France,2025,March,20
France,2025,April,10
France,2025,May,15
France,2025,June,5
France,2025,July,15
France,2025,August,40
France,2025,September,15
France,2025,October,65
France,2025,November,
France,2025,December,10
France,2025,Total,210
France,2026,January,10
France,2026,February,10
France,2026,March,5
France,2026,April,0
France,2026,May,
France,2026,Total,30
Gabon Republic,2023,January,40
Gabon Republic,2023,February,20
Gabon Republic,2023,March,30
Gabon Republic,2023,April,70
Gabon Republic,2023,May,75
Gabon Republic,2023,June,40
Gabon Republic,2023,July,35
Gabon Republic,2023,August,15
Gabon Republic,2023,September,25
Gabon Republic,2023,October,30
Gabon Republic,2023,November,15
Gabon Republic,2023,December,45
Gabon Republic,2023,Total,435
Gabon Republic,2024,January,20
Gabon Republic,2024,February,50
Gabon Republic,2024,March,40
Gabon Republic,2024,April,35
Gabon Republic,2024,May,30
Gabon Republic,2024,June,35
Gabon Republic,2024,July,45
Gabon Republic,2024,August,30
Gabon Republic,2024,September,40
Gabon Republic,2024,October,45
Gabon Republic,2024,November,30
Gabon Republic,2024,December,35
Gabon Republic,2024,Total,430
Gabon Republic,2025,January,35
Gabon Republic,2025,February,15
Gabon Republic,2025,March,5
Gabon Republic,2025,April,35
Gabon Republic,2025,May,25
Gabon Republic,2025,June,50
Gabon Republic,2025,July,40
Gabon Republic,2025,August,20
Gabon Republic,2025,September,15
Gabon Republic,2025,October,35
Gabon Republic,2025,November,30
Gabon Republic,2025,December,20
Gabon Republic,2025,Total,325
Gabon Republic,2026,January,15
Gabon Republic,2026,February,25
Gabon Republic,2026,March,20
Gabon Republic,2026,April,20
Gabon Republic,2026,May,30
Gabon Republic,2026,Total,105
Gambia,2023,January,15
Gambia,2023,February,15
Gambia,2023,March,25
Gambia,2023,April,230
Gambia,2023,May,50
Gambia,2023,June,40
Gambia,2023,July,30
Gambia,2023,August,15
Gambia,2023,September,15
Gambia,2023,October,20
Gambia,2023,November,30
Gambia,2023,December,15
Gambia,2023,Total,505
Gambia,2024,January,20
Gambia,2024,February,15
Gambia,2024,March,15
Gambia,2024,April,15
Gambia,2024,May,15
Gambia,2024,June,5
Gambia,2024,July,25
Gambia,2024,August,25
Gambia,2024,September,10
Gambia,2024,October,25
Gambia,2024,November,15
Gambia,2024,December,15
Gambia,2024,Total,200
Gambia,2025,January,10
Gambia,2025,February,15
Gambia,2025,March,45
Gambia,2025,April,20
Gambia,2025,May,25
Gambia,2025,June,10
Gambia,2025,July,15
Gambia,2025,August,15
Gambia,2025,September,40
Gambia,2025,October,25
Gambia,2025,November,20
Gambia,2025,December,5
Gambia,2025,Total,250
Gambia,2026,January,10
Gambia,2026,February,30
Gambia,2026,March,25
Gambia,2026,April,30
Gambia,2026,May,15
Gambia,2026,Total,110
Georgia,2023,January,15
Georgia,2023,February,75
Georgia,2023,March,165
Georgia,2023,April,30
Georgia,2023,May,55
Georgia,2023,June,30
Georgia,2023,July,90
Georgia,2023,August,35
Georgia,2023,September,25
Georgia,2023,October,60
Georgia,2023,November,80
Georgia,2023,December,75
Georgia,2023,Total,730
Georgia,2024,January,40
Georgia,2024,February,40
Georgia,2024,March,55
Georgia,2024,April,20
Georgia,2024,May,25
Georgia,2024,June,35
Georgia,2024,July,50
Georgia,2024,August,65
Georgia,2024,September,35
Georgia,2024,October,35
Georgia,2024,November,25
Georgia,2024,December,70
Georgia,2024,Total,490
Georgia,2025,January,50
Georgia,2025,February,15
Georgia,2025,March,80
Georgia,2025,April,50
Georgia,2025,May,50
Georgia,2025,June,65
Georgia,2025,July,35
Georgia,2025,August,30
Georgia,2025,September,25
Georgia,2025,October,40
Georgia,2025,November,25
Georgia,2025,December,30
Georgia,2025,Total,500
Georgia,2026,January,30
Georgia,2026,February,60
Georgia,2026,March,30
Georgia,2026,April,25
Georgia,2026,May,35
Georgia,2026,Total,175
Ghana,2023,January,300
Ghana,2023,February,1195
Ghana,2023,March,725
Ghana,2023,April,3245
Ghana,2023,May,1470
Ghana,2023,June,1845
Ghana,2023,July,2340
Ghana,2023,August,1990
Ghana,2023,September,795
Ghana,2023,October,850
Ghana,2023,November,1235
Ghana,2023,December,1580
Ghana,2023,Total,17575
Ghana,2024,January,3390
Ghana,2024,February,2640
Ghana,2024,March,1780
Ghana,2024,April,1495
Ghana,2024,May,1725
Ghana,2024,June,1365
Ghana,2024,July,835
Ghana,2024,August,775
Ghana,2024,September,1415
Ghana,2024,October,1315
Ghana,2024,November,1040
Ghana,2024,December,795
Ghana,2024,Total,18570
Ghana,2025,January,1025
Ghana,2025,February,630
Ghana,2025,March,590
Ghana,2025,April,810
Ghana,2025,May,1005
Ghana,2025,June,725
Ghana,2025,July,920
Ghana,2025,August,835
Ghana,2025,September,830
Ghana,2025,October,785
Ghana,2025,November,770
Ghana,2025,December,585
Ghana,2025,Total,9500
Ghana,2026,January,610
Ghana,2026,February,1000
Ghana,2026,March,925
Ghana,2026,April,1095
Ghana,2026,May,1190
Ghana,2026,Total,4820
Greece,2023,January,0
Greece,2023,February,5
Greece,2023,March,
Greece,2023,April,0
Greece,2023,May,10
Greece,2023,June,0
Greece,2023,July,
Greece,2023,August,5
Greece,2023,September,15
Greece,2023,October,5
Greece,2023,November,
Greece,2023,December,
Greece,2023,Total,50
Greece,2024,January,0
Greece,2024,February,
Greece,2024,March,5
Greece,2024,April,0
Greece,2024,May,
Greece,2024,June,
Greece,2024,July,
Greece,2024,August,
Greece,2024,September,5
Greece,2024,October,
Greece,2024,November,
Greece,2024,December,0
Greece,2024,Total,35
Greece,2025,January,
Greece,2025,February,
Greece,2025,March,
Greece,2025,April,
Greece,2025,May,
Greece,2025,June,0
Greece,2025,July,0
Greece,2025,August,5
Greece,2025,September,
Greece,2025,October,15
Greece,2025,November,
Greece,2025,December,
Greece,2025,Total,30
Greece,2026,January,0
Greece,2026,February,
Greece,2026,March,5
Greece,2026,April,0
Greece,2026,May,0
Greece,2026,Total,5
Grenada,2023,January,130
Grenada,2023,February,65
Grenada,2023,March,60
Grenada,2023,April,70
Grenada,2023,May,105
Grenada,2023,June,125
Grenada,2023,July,120
Grenada,2023,August,115
Grenada,2023,September,130
Grenada,2023,October,75
Grenada,2023,November,565
Grenada,2023,December,190
Grenada,2023,Total,1745
Grenada,2024,January,135
Grenada,2024,February,60
Grenada,2024,March,60
Grenada,2024,April,85
Grenada,2024,May,105
Grenada,2024,June,55
Grenada,2024,July,85
Grenada,2024,August,50
Grenada,2024,September,115
Grenada,2024,October,105
Grenada,2024,November,70
Grenada,2024,December,45
Grenada,2024,Total,975
Grenada,2025,January,75
Grenada,2025,February,50
Grenada,2025,March,85
Grenada,2025,April,90
Grenada,2025,May,105
Grenada,2025,June,90
Grenada,2025,July,80
Grenada,2025,August,55
Grenada,2025,September,100
Grenada,2025,October,65
Grenada,2025,November,80
Grenada,2025,December,65
Grenada,2025,Total,945
Grenada,2026,January,55
Grenada,2026,February,65
Grenada,2026,March,75
Grenada,2026,April,85
Grenada,2026,May,110
Grenada,2026,Total,395
Guatemala,2023,January,205
Guatemala,2023,February,210
Guatemala,2023,March,275
Guatemala,2023,April,155
Guatemala,2023,May,325
Guatemala,2023,June,290
Guatemala,2023,July,185
Guatemala,2023,August,290
Guatemala,2023,September,470
Guatemala,2023,October,305
Guatemala,2023,November,475
Guatemala,2023,December,245
Guatemala,2023,Total,3430
Guatemala,2024,January,210
Guatemala,2024,February,295
Guatemala,2024,March,450
Guatemala,2024,April,240
Guatemala,2024,May,360
Guatemala,2024,June,140
Guatemala,2024,July,160
Guatemala,2024,August,295
Guatemala,2024,September,365
Guatemala,2024,October,165
Guatemala,2024,November,310
Guatemala,2024,December,180
Guatemala,2024,Total,3170
Guatemala,2025,January,240
Guatemala,2025,February,550
Guatemala,2025,March,505
Guatemala,2025,April,415
Guatemala,2025,May,545
Guatemala,2025,June,350
Guatemala,2025,July,385
Guatemala,2025,August,345
Guatemala,2025,September,340
Guatemala,2025,October,475
Guatemala,2025,November,335
Guatemala,2025,December,295
Guatemala,2025,Total,4785
Guatemala,2026,January,425
Guatemala,2026,February,565
Guatemala,2026,March,585
Guatemala,2026,April,645
Guatemala,2026,May,515
Guatemala,2026,Total,2735
Guinea-Bissau,2023,January,0
Guinea-Bissau,2023,February,0
Guinea-Bissau,2023,March,
Guinea-Bissau,2023,April,5
Guinea-Bissau,2023,May,
Guinea-Bissau,2023,June,
Guinea-Bissau,2023,July,
Guinea-Bissau,2023,August,
Guinea-Bissau,2023,September,
Guinea-Bissau,2023,October,0
Guinea-Bissau,2023,November,0
Guinea-Bissau,2023,December,0
Guinea-Bissau,2023,Total,20
Guinea-Bissau,2024,January,0
Guinea-Bissau,2024,February,
Guinea-Bissau,2024,March,
Guinea-Bissau,2024,April,0
Guinea-Bissau,2024,May,0
Guinea-Bissau,2024,June,0
Guinea-Bissau,2024,July,0
Guinea-Bissau,2024,August,
Guinea-Bissau,2024,September,
Guinea-Bissau,2024,October,
Guinea-Bissau,2024,November,
Guinea-Bissau,2024,December,
Guinea-Bissau,2024,Total,15
Guinea-Bissau,2025,January,0
Guinea-Bissau,2025,February,0
Guinea-Bissau,2025,March,0
Guinea-Bissau,2025,April,0
Guinea-Bissau,2025,May,0
Guinea-Bissau,2025,June,
Guinea-Bissau,2025,July,
Guinea-Bissau,2025,August,
Guinea-Bissau,2025,September,
Guinea-Bissau,2025,October,
Guinea-Bissau,2025,November,
Guinea-Bissau,2025,December,
Guinea-Bissau,2025,Total,10
Guinea-Bissau,2026,January,0
Guinea-Bissau,2026,February,
Guinea-Bissau,2026,March,
Guinea-Bissau,2026,April,
Guinea-Bissau,2026,May,0
Guinea-Bissau,2026,Total,10
"Guinea, Republic of",2023,January,150
"Guinea, Republic of",2023,February,95
"Guinea, Republic of",2023,March,190
"Guinea, Republic of",2023,April,1040
"Guinea, Republic of",2023,May,320
"Guinea, Republic of",2023,June,195
"Guinea, Republic of",2023,July,130
"Guinea, Republic of",2023,August,70
"Guinea, Republic of",2023,September,160
"Guinea, Republic of",2023,October,220
"Guinea, Republic of",2023,November,135
"Guinea, Republic of",2023,December,95
"Guinea, Republic of",2023,Total,2790
"Guinea, Republic of",2024,January,195
"Guinea, Republic of",2024,February,265
"Guinea, Republic of",2024,March,160
"Guinea, Republic of",2024,April,130
"Guinea, Republic of",2024,May,170
"Guinea, Republic of",2024,June,90
"Guinea, Republic of",2024,July,170
"Guinea, Republic of",2024,August,160
"Guinea, Republic of",2024,September,125
"Guinea, Republic of",2024,October,115
"Guinea, Republic of",2024,November,140
"Guinea, Republic of",2024,December,110
"Guinea, Republic of",2024,Total,1830
"Guinea, Republic of",2025,January,140
"Guinea, Republic of",2025,February,205
"Guinea, Republic of",2025,March,370
"Guinea, Republic of",2025,April,115
"Guinea, Republic of",2025,May,230
"Guinea, Republic of",2025,June,160
"Guinea, Republic of",2025,July,170
"Guinea, Republic of",2025,August,250
"Guinea, Republic of",2025,September,300
"Guinea, Republic of",2025,October,180
"Guinea, Republic of",2025,November,255
"Guinea, Republic of",2025,December,160
"Guinea, Republic of",2025,Total,2530
"Guinea, Republic of",2026,January,175
"Guinea, Republic of",2026,February,360
"Guinea, Republic of",2026,March,365
"Guinea, Republic of",2026,April,305
"Guinea, Republic of",2026,May,255
"Guinea, Republic of",2026,Total,1460
Guyana,2023,January,580
Guyana,2023,February,330
Guyana,2023,March,420
Guyana,2023,April,435
Guyana,2023,May,500
Guyana,2023,June,760
Guyana,2023,July,385
Guyana,2023,August,470
Guyana,2023,September,470
Guyana,2023,October,405
Guyana,2023,November,325
Guyana,2023,December,255
Guyana,2023,Total,5340
Guyana,2024,January,360
Guyana,2024,February,470
Guyana,2024,March,495
Guyana,2024,April,635
Guyana,2024,May,760
Guyana,2024,June,415
Guyana,2024,July,545
Guyana,2024,August,425
Guyana,2024,September,745
Guyana,2024,October,665
Guyana,2024,November,430
Guyana,2024,December,305
Guyana,2024,Total,6250
Guyana,2025,January,320
Guyana,2025,February,270
Guyana,2025,March,695
Guyana,2025,April,600
Guyana,2025,May,575
Guyana,2025,June,700
Guyana,2025,July,520
Guyana,2025,August,255
Guyana,2025,September,565
Guyana,2025,October,365
Guyana,2025,November,365
Guyana,2025,December,280
Guyana,2025,Total,5510
Guyana,2026,January,375
Guyana,2026,February,385
Guyana,2026,March,415
Guyana,2026,April,570
Guyana,2026,May,640
Guyana,2026,Total,2385
Haiti,2023,January,800
Haiti,2023,February,415
Haiti,2023,March,455
Haiti,2023,April,865
Haiti,2023,May,510
Haiti,2023,June,405
Haiti,2023,July,170
Haiti,2023,August,920
Haiti,2023,September,1100
Haiti,2023,October,880
Haiti,2023,November,1530
Haiti,2023,December,920
Haiti,2023,Total,8980
Haiti,2024,January,490
Haiti,2024,February,645
Haiti,2024,March,890
Haiti,2024,April,560
Haiti,2024,May,530
Haiti,2024,June,235
Haiti,2024,July,335
Haiti,2024,August,415
Haiti,2024,September,205
Haiti,2024,October,435
Haiti,2024,November,365
Haiti,2024,December,325
Haiti,2024,Total,5430
Haiti,2025,January,455
Haiti,2025,February,415
Haiti,2025,March,225
Haiti,2025,April,245
Haiti,2025,May,360
Haiti,2025,June,345
Haiti,2025,July,220
Haiti,2025,August,260
Haiti,2025,September,195
Haiti,2025,October,360
Haiti,2025,November,320
Haiti,2025,December,220
Haiti,2025,Total,3615
Haiti,2026,January,280
Haiti,2026,February,270
Haiti,2026,March,365
Haiti,2026,April,320
Haiti,2026,May,360
Haiti,2026,Total,1595
Holy See,2023,January,0
Holy See,2023,February,0
Holy See,2023,March,0
Holy See,2023,April,0
Holy See,2023,May,0
Holy See,2023,June,0
Holy See,2023,July,0
Holy See,2023,August,0
Holy See,2023,September,0
Holy See,2023,October,0
Holy See,2023,November,
Holy See,2023,December,0
Holy See,2023,Total,
Holy See,2024,January,0
Holy See,2024,February,0
Holy See,2024,March,0
Holy See,2024,April,
Holy See,2024,May,0
Holy See,2024,June,0
Holy See,2024,July,0
Holy See,2024,August,0
Holy See,2024,September,0
Holy See,2024,October,0
Holy See,2024,November,0
Holy See,2024,December,0
Holy See,2024,Total,
Holy See,2025,January,0
Holy See,2025,February,0
Holy See,2025,March,0
Holy See,2025,April,
Holy See,2025,May,0
Holy See,2025,June,0
Holy See,2025,July,0
Holy See,2025,August,0
Holy See,2025,September,0
Holy See,2025,October,0
Holy See,2025,November,0
Holy See,2025,December,0
Holy See,2025,Total,
Holy See,2026,January,0
Holy See,2026,February,0
Holy See,2026,March,0
Holy See,2026,April,0
Holy See,2026,May,0
Holy See,2026,Total,0
Honduras,2023,January,195
Honduras,2023,February,210
Honduras,2023,March,190
Honduras,2023,April,175
Honduras,2023,May,225
Honduras,2023,June,225
Honduras,2023,July,150
Honduras,2023,August,260
Honduras,2023,September,250
Honduras,2023,October,235
Honduras,2023,November,330
Honduras,2023,December,185
Honduras,2023,Total,2620
Honduras,2024,January,160
Honduras,2024,February,165
Honduras,2024,March,375
Honduras,2024,April,190
Honduras,2024,May,225
Honduras,2024,June,90
Honduras,2024,July,140
Honduras,2024,August,155
Honduras,2024,September,60
Honduras,2024,October,85
Honduras,2024,November,265
Honduras,2024,December,190
Honduras,2024,Total,2105
Honduras,2025,January,235
Honduras,2025,February,295
Honduras,2025,March,240
Honduras,2025,April,160
Honduras,2025,May,285
Honduras,2025,June,155
Honduras,2025,July,185
Honduras,2025,August,200
Honduras,2025,September,225
Honduras,2025,October,225
Honduras,2025,November,205
Honduras,2025,December,225
Honduras,2025,Total,2625
Honduras,2026,January,240
Honduras,2026,February,330
Honduras,2026,March,270
Honduras,2026,April,265
Honduras,2026,May,285
Honduras,2026,Total,1390
Hong Kong,2023,January,0
Hong Kong,2023,February,
Hong Kong,2023,March,
Hong Kong,2023,April,
Hong Kong,2023,May,0
Hong Kong,2023,June,
Hong Kong,2023,July,
Hong Kong,2023,August,0
Hong Kong,2023,September,0
Hong Kong,2023,October,5
Hong Kong,2023,November,
Hong Kong,2023,December,
Hong Kong,2023,Total,20
Hong Kong,2024,January,
Hong Kong,2024,February,
Hong Kong,2024,March,
Hong Kong,2024,April,
Hong Kong,2024,May,
Hong Kong,2024,June,0
Hong Kong,2024,July,5
Hong Kong,2024,August,
Hong Kong,2024,September,0
Hong Kong,2024,October,0
Hong Kong,2024,November,0
Hong Kong,2024,December,
Hong Kong,2024,Total,20
Hong Kong,2025,January,
Hong Kong,2025,February,
Hong Kong,2025,March,0
Hong Kong,2025,April,
Hong Kong,2025,May,
Hong Kong,2025,June,0
Hong Kong,2025,July,
Hong Kong,2025,August,
Hong Kong,2025,September,
Hong Kong,2025,October,
Hong Kong,2025,November,
Hong Kong,2025,December,
Hong Kong,2025,Total,15
Hong Kong,2026,January,
Hong Kong,2026,February,
Hong Kong,2026,March,0
Hong Kong,2026,April,
Hong Kong,2026,May,
Hong Kong,2026,Total,5
Hungary,2023,January,0
Hungary,2023,February,0
Hungary,2023,March,
Hungary,2023,April,0
Hungary,2023,May,
Hungary,2023,June,
Hungary,2023,July,
Hungary,2023,August,0
Hungary,2023,September,10
Hungary,2023,October,10
Hungary,2023,November,
Hungary,2023,December,
Hungary,2023,Total,35
Hungary,2024,January,
Hungary,2024,February,
Hungary,2024,March,
Hungary,2024,April,
Hungary,2024,May,
Hungary,2024,June,0
Hungary,2024,July,
Hungary,2024,August,5
Hungary,2024,September,5
Hungary,2024,October,
Hungary,2024,November,5
Hungary,2024,December,
Hungary,2024,Total,40
Hungary,2025,January,
Hungary,2025,February,0
Hungary,2025,March,5
Hungary,2025,April,
Hungary,2025,May,5
Hungary,2025,June,5
Hungary,2025,July,
Hungary,2025,August,5
Hungary,2025,September,
Hungary,2025,October,10
Hungary,2025,November,0
Hungary,2025,December,10
Hungary,2025,Total,45
Hungary,2026,January,
Hungary,2026,February,
Hungary,2026,March,10
Hungary,2026,April,0
Hungary,2026,May,0
Hungary,2026,Total,15
Iceland,2023,January,
Iceland,2023,February,
Iceland,2023,March,
Iceland,2023,April,
Iceland,2023,May,
Iceland,2023,June,0
Iceland,2023,July,
Iceland,2023,August,
Iceland,2023,September,
Iceland,2023,October,0
Iceland,2023,November,0
Iceland,2023,December,0
Iceland,2023,Total,10
Iceland,2024,January,
Iceland,2024,February,0
Iceland,2024,March,
Iceland,2024,April,0
Iceland,2024,May,
Iceland,2024,June,
Iceland,2024,July,0
Iceland,2024,August,
Iceland,2024,September,0
Iceland,2024,October,
Iceland,2024,November,
Iceland,2024,December,0
Iceland,2024,Total,10
Iceland,2025,January,
Iceland,2025,February,0
Iceland,2025,March,
Iceland,2025,April,
Iceland,2025,May,0
Iceland,2025,June,0
Iceland,2025,July,0
Iceland,2025,August,
Iceland,2025,September,0
Iceland,2025,October,
Iceland,2025,November,0
Iceland,2025,December,
Iceland,2025,Total,15
Iceland,2026,January,
Iceland,2026,February,0
Iceland,2026,March,
Iceland,2026,April,0
Iceland,2026,May,0
Iceland,2026,Total,
India,2023,January,41200
India,2023,February,46280
India,2023,March,47005
India,2023,April,37515
India,2023,May,57215
India,2023,June,64045
India,2023,July,50380
India,2023,August,44570
India,2023,September,46910
India,2023,October,42565
India,2023,November,47820
India,2023,December,37440
India,2023,Total,562945
India,2024,January,57070
India,2024,February,51355
India,2024,March,59455
India,2024,April,57870
India,2024,May,54395
India,2024,June,41450
India,2024,July,36585
India,2024,August,22520
India,2024,September,29450
India,2024,October,36090
India,2024,November,33510
India,2024,December,26405
India,2024,Total,506160
India,2025,January,26850
India,2025,February,33500
India,2025,March,22095
India,2025,April,24260
India,2025,May,31135
India,2025,June,21635
India,2025,July,26380
India,2025,August,22835
India,2025,September,22695
India,2025,October,26215
India,2025,November,23450
India,2025,December,22070
India,2025,Total,303120
India,2026,January,27230
India,2026,February,33015
India,2026,March,30075
India,2026,April,33590
India,2026,May,32785
India,2026,Total,156700
Iran,2023,January,4215
Iran,2023,February,4335
Iran,2023,March,4525
Iran,2023,April,2165
Iran,2023,May,4170
Iran,2023,June,7220
Iran,2023,July,5545
Iran,2023,August,3865
Iran,2023,September,3860
Iran,2023,October,4690
Iran,2023,November,6390
Iran,2023,December,5965
Iran,2023,Total,56955
Iran,2024,January,6680
Iran,2024,February,7615
Iran,2024,March,3640
Iran,2024,April,3170
Iran,2024,May,2710
Iran,2024,June,2105
Iran,2024,July,2330
Iran,2024,August,1645
Iran,2024,September,2620
Iran,2024,October,1880
Iran,2024,November,1930
Iran,2024,December,1485
Iran,2024,Total,37810
Iran,2025,January,2115
Iran,2025,February,1675
Iran,2025,March,1565
Iran,2025,April,1760
Iran,2025,May,1885
Iran,2025,June,1190
Iran,2025,July,965
Iran,2025,August,1065
Iran,2025,September,1410
Iran,2025,October,1845
Iran,2025,November,1260
Iran,2025,December,1365
Iran,2025,Total,18110
Iran,2026,January,1135
Iran,2026,February,845
Iran,2026,March,960
Iran,2026,April,660
Iran,2026,May,1390
Iran,2026,Total,4995
Iraq,2023,January,30
Iraq,2023,February,120
Iraq,2023,March,285
Iraq,2023,April,355
Iraq,2023,May,125
Iraq,2023,June,100
Iraq,2023,July,175
Iraq,2023,August,90
Iraq,2023,September,55
Iraq,2023,October,150
Iraq,2023,November,125
Iraq,2023,December,110
Iraq,2023,Total,1720
Iraq,2024,January,65
Iraq,2024,February,105
Iraq,2024,March,230
Iraq,2024,April,90
Iraq,2024,May,125
Iraq,2024,June,155
Iraq,2024,July,150
Iraq,2024,August,80
Iraq,2024,September,25
Iraq,2024,October,30
Iraq,2024,November,20
Iraq,2024,December,80
Iraq,2024,Total,1160
Iraq,2025,January,50
Iraq,2025,February,35
Iraq,2025,March,35
Iraq,2025,April,60
Iraq,2025,May,50
Iraq,2025,June,40
Iraq,2025,July,85
Iraq,2025,August,95
Iraq,2025,September,95
Iraq,2025,October,80
Iraq,2025,November,105
Iraq,2025,December,130
Iraq,2025,Total,860
Iraq,2026,January,40
Iraq,2026,February,80
Iraq,2026,March,140
Iraq,2026,April,115
Iraq,2026,May,225
Iraq,2026,Total,605
Israel,2023,January,5
Israel,2023,February,5
Israel,2023,March,10
Israel,2023,April,10
Israel,2023,May,5
Israel,2023,June,5
Israel,2023,July,15
Israel,2023,August,20
Israel,2023,September,15
Israel,2023,October,5
Israel,2023,November,
Israel,2023,December,5
Israel,2023,Total,105
Israel,2024,January,
Israel,2024,February,5
Israel,2024,March,20
Israel,2024,April,15
Israel,2024,May,15
Israel,2024,June,5
Israel,2024,July,15
Israel,2024,August,15
Israel,2024,September,5
Israel,2024,October,
Israel,2024,November,20
Israel,2024,December,10
Israel,2024,Total,130
Israel,2025,January,5
Israel,2025,February,
Israel,2025,March,10
Israel,2025,April,15
Israel,2025,May,10
Israel,2025,June,5
Israel,2025,July,10
Israel,2025,August,5
Israel,2025,September,15
Israel,2025,October,15
Israel,2025,November,5
Israel,2025,December,5
Israel,2025,Total,100
Israel,2026,January,15
Israel,2026,February,20
Israel,2026,March,10
Israel,2026,April,
Israel,2026,May,
Israel,2026,Total,45
Italy,2023,January,
Italy,2023,February,5
Italy,2023,March,5
Italy,2023,April,5
Italy,2023,May,15
Italy,2023,June,10
Italy,2023,July,10
Italy,2023,August,10
Italy,2023,September,20
Italy,2023,October,
Italy,2023,November,5
Italy,2023,December,
Italy,2023,Total,95
Italy,2024,January,0
Italy,2024,February,10
Italy,2024,March,5
Italy,2024,April,5
Italy,2024,May,5
Italy,2024,June,5
Italy,2024,July,10
Italy,2024,August,
Italy,2024,September,5
Italy,2024,October,5
Italy,2024,November,10
Italy,2024,December,5
Italy,2024,Total,75
Italy,2025,January,5
Italy,2025,February,
Italy,2025,March,10
Italy,2025,April,
Italy,2025,May,15
Italy,2025,June,
Italy,2025,July,
Italy,2025,August,15
Italy,2025,September,
Italy,2025,October,10
Italy,2025,November,5
Italy,2025,December,
Italy,2025,Total,75
Italy,2026,January,
Italy,2026,February,5
Italy,2026,March,
Italy,2026,April,0
Italy,2026,May,0
Italy,2026,Total,10
Jamaica,2023,January,4055
Jamaica,2023,February,2475
Jamaica,2023,March,2095
Jamaica,2023,April,1100
Jamaica,2023,May,2225
Jamaica,2023,June,3310
Jamaica,2023,July,2130
Jamaica,2023,August,2350
Jamaica,2023,September,1640
Jamaica,2023,October,1755
Jamaica,2023,November,3140
Jamaica,2023,December,2625
Jamaica,2023,Total,28895
Jamaica,2024,January,1475
Jamaica,2024,February,1440
Jamaica,2024,March,1815
Jamaica,2024,April,2740
Jamaica,2024,May,2110
Jamaica,2024,June,1430
Jamaica,2024,July,1125
Jamaica,2024,August,1685
Jamaica,2024,September,3560
Jamaica,2024,October,865
Jamaica,2024,November,2235
Jamaica,2024,December,2515
Jamaica,2024,Total,22990
Jamaica,2025,January,1500
Jamaica,2025,February,4910
Jamaica,2025,March,1635
Jamaica,2025,April,2175
Jamaica,2025,May,1915
Jamaica,2025,June,2335
Jamaica,2025,July,2165
Jamaica,2025,August,2335
Jamaica,2025,September,1680
Jamaica,2025,October,1850
Jamaica,2025,November,1495
Jamaica,2025,December,1165
Jamaica,2025,Total,25170
Jamaica,2026,January,1165
Jamaica,2026,February,1645
Jamaica,2026,March,1855
Jamaica,2026,April,2385
Jamaica,2026,May,2680
Jamaica,2026,Total,9730
Japan,2023,January,5
Japan,2023,February,
Japan,2023,March,10
Japan,2023,April,5
Japan,2023,May,15
Japan,2023,June,
Japan,2023,July,5
Japan,2023,August,15
Japan,2023,September,5
Japan,2023,October,15
Japan,2023,November,10
Japan,2023,December,
Japan,2023,Total,95
Japan,2024,January,0
Japan,2024,February,5
Japan,2024,March,5
Japan,2024,April,10
Japan,2024,May,20
Japan,2024,June,20
Japan,2024,July,5
Japan,2024,August,10
Japan,2024,September,20
Japan,2024,October,10
Japan,2024,November,15
Japan,2024,December,10
Japan,2024,Total,125
Japan,2025,January,15
Japan,2025,February,
Japan,2025,March,10
Japan,2025,April,5
Japan,2025,May,10
Japan,2025,June,
Japan,2025,July,5
Japan,2025,August,20
Japan,2025,September,10
Japan,2025,October,15
Japan,2025,November,
Japan,2025,December,
Japan,2025,Total,100
Japan,2026,January,5
Japan,2026,February,10
Japan,2026,March,
Japan,2026,April,
Japan,2026,May,0
Japan,2026,Total,20
Jordan,2023,January,335
Jordan,2023,February,1090
Jordan,2023,March,1055
Jordan,2023,April,1290
Jordan,2023,May,760
Jordan,2023,June,510
Jordan,2023,July,720
Jordan,2023,August,450
Jordan,2023,September,275
Jordan,2023,October,595
Jordan,2023,November,435
Jordan,2023,December,330
Jordan,2023,Total,7845
Jordan,2024,January,270
Jordan,2024,February,535
Jordan,2024,March,755
Jordan,2024,April,755
Jordan,2024,May,330
Jordan,2024,June,410
Jordan,2024,July,310
Jordan,2024,August,235
Jordan,2024,September,125
Jordan,2024,October,140
Jordan,2024,November,200
Jordan,2024,December,470
Jordan,2024,Total,4535
Jordan,2025,January,185
Jordan,2025,February,215
Jordan,2025,March,130
Jordan,2025,April,340
Jordan,2025,May,335
Jordan,2025,June,175
Jordan,2025,July,380
Jordan,2025,August,215
Jordan,2025,September,200
Jordan,2025,October,245
Jordan,2025,November,355
Jordan,2025,December,215
Jordan,2025,Total,2985
Jordan,2026,January,140
Jordan,2026,February,255
Jordan,2026,March,380
Jordan,2026,April,490
Jordan,2026,May,425
Jordan,2026,Total,1685
Kazakhstan,2023,January,95
Kazakhstan,2023,February,105
Kazakhstan,2023,March,260
Kazakhstan,2023,April,155
Kazakhstan,2023,May,410
Kazakhstan,2023,June,280
Kazakhstan,2023,July,95
Kazakhstan,2023,August,140
Kazakhstan,2023,September,160
Kazakhstan,2023,October,275
Kazakhstan,2023,November,365
Kazakhstan,2023,December,185
Kazakhstan,2023,Total,2520
Kazakhstan,2024,January,290
Kazakhstan,2024,February,190
Kazakhstan,2024,March,175
Kazakhstan,2024,April,365
Kazakhstan,2024,May,245
Kazakhstan,2024,June,150
Kazakhstan,2024,July,145
Kazakhstan,2024,August,190
Kazakhstan,2024,September,130
Kazakhstan,2024,October,135
Kazakhstan,2024,November,205
Kazakhstan,2024,December,140
Kazakhstan,2024,Total,2360
Kazakhstan,2025,January,115
Kazakhstan,2025,February,180
Kazakhstan,2025,March,140
Kazakhstan,2025,April,190
Kazakhstan,2025,May,260
Kazakhstan,2025,June,160
Kazakhstan,2025,July,155
Kazakhstan,2025,August,130
Kazakhstan,2025,September,90
Kazakhstan,2025,October,125
Kazakhstan,2025,November,120
Kazakhstan,2025,December,140
Kazakhstan,2025,Total,1805
Kazakhstan,2026,January,170
Kazakhstan,2026,February,205
Kazakhstan,2026,March,160
Kazakhstan,2026,April,280
Kazakhstan,2026,May,150
Kazakhstan,2026,Total,965
Kenya,2023,January,725
Kenya,2023,February,235
Kenya,2023,March,665
Kenya,2023,April,3265
Kenya,2023,May,1795
Kenya,2023,June,630
Kenya,2023,July,410
Kenya,2023,August,660
Kenya,2023,September,895
Kenya,2023,October,975
Kenya,2023,November,790
Kenya,2023,December,295
Kenya,2023,Total,11335
Kenya,2024,January,280
Kenya,2024,February,340
Kenya,2024,March,285
Kenya,2024,April,320
Kenya,2024,May,440
Kenya,2024,June,220
Kenya,2024,July,310
Kenya,2024,August,300
Kenya,2024,September,215
Kenya,2024,October,165
Kenya,2024,November,170
Kenya,2024,December,110
Kenya,2024,Total,3160
Kenya,2025,January,160
Kenya,2025,February,235
Kenya,2025,March,215
Kenya,2025,April,160
Kenya,2025,May,355
Kenya,2025,June,245
Kenya,2025,July,225
Kenya,2025,August,195
Kenya,2025,September,185
Kenya,2025,October,240
Kenya,2025,November,190
Kenya,2025,December,185
Kenya,2025,Total,2595
Kenya,2026,January,240
Kenya,2026,February,210
Kenya,2026,March,230
Kenya,2026,April,280
Kenya,2026,May,300
Kenya,2026,Total,1265
Kiribati,2023,January,0
Kiribati,2023,February,0
Kiribati,2023,March,
Kiribati,2023,April,0
Kiribati,2023,May,0
Kiribati,2023,June,0
Kiribati,2023,July,0
Kiribati,2023,August,0
Kiribati,2023,September,0
Kiribati,2023,October,0
Kiribati,2023,November,0
Kiribati,2023,December,0
Kiribati,2023,Total,
Kiribati,2024,January,0
Kiribati,2024,February,0
Kiribati,2024,March,0
Kiribati,2024,April,0
Kiribati,2024,May,0
Kiribati,2024,June,0
Kiribati,2024,July,0
Kiribati,2024,August,0
Kiribati,2024,September,0
Kiribati,2024,October,0
Kiribati,2024,November,0
Kiribati,2024,December,0
Kiribati,2024,Total,0
Kiribati,2025,January,0
Kiribati,2025,February,0
Kiribati,2025,March,0
Kiribati,2025,April,0
Kiribati,2025,May,
Kiribati,2025,June,0
Kiribati,2025,July,0
Kiribati,2025,August,0
Kiribati,2025,September,0
Kiribati,2025,October,0
Kiribati,2025,November,0
Kiribati,2025,December,0
Kiribati,2025,Total,
Kiribati,2026,January,0
Kiribati,2026,February,0
Kiribati,2026,March,0
Kiribati,2026,April,0
Kiribati,2026,May,0
Kiribati,2026,Total,0
"Korea, People's Democratic Republic of",2023,January,0
"Korea, People's Democratic Republic of",2023,February,0
"Korea, People's Democratic Republic of",2023,March,0
"Korea, People's Democratic Republic of",2023,April,0
"Korea, People's Democratic Republic of",2023,May,0
"Korea, People's Democratic Republic of",2023,June,0
"Korea, People's Democratic Republic of",2023,July,0
"Korea, People's Democratic Republic of",2023,August,0
"Korea, People's Democratic Republic of",2023,September,0
"Korea, People's Democratic Republic of",2023,October,0
"Korea, People's Democratic Republic of",2023,November,0
"Korea, People's Democratic Republic of",2023,December,0
"Korea, People's Democratic Republic of",2023,Total,0
"Korea, People's Democratic Republic of",2024,January,0
"Korea, People's Democratic Republic of",2024,February,0
"Korea, People's Democratic Republic of",2024,March,0
"Korea, People's Democratic Republic of",2024,April,0
"Korea, People's Democratic Republic of",2024,May,0
"Korea, People's Democratic Republic of",2024,June,0
"Korea, People's Democratic Republic of",2024,July,
"Korea, People's Democratic Republic of",2024,August,0
"Korea, People's Democratic Republic of",2024,September,0
"Korea, People's Democratic Republic of",2024,October,0
"Korea, People's Democratic Republic of",2024,November,0
"Korea, People's Democratic Republic of",2024,December,0
"Korea, People's Democratic Republic of",2024,Total,
"Korea, People's Democratic Republic of",2025,January,0
"Korea, People's Democratic Republic of",2025,February,
"Korea, People's Democratic Republic of",2025,March,0
"Korea, People's Democratic Republic of",2025,April,0
"Korea, People's Democratic Republic of",2025,May,0
"Korea, People's Democratic Republic of",2025,June,0
"Korea, People's Democratic Republic of",2025,July,0
"Korea, People's Democratic Republic of",2025,August,0
"Korea, People's Democratic Republic of",2025,September,0
"Korea, People's Democratic Republic of",2025,October,0
"Korea, People's Democratic Republic of",2025,November,0
"Korea, People's Democratic Republic of",2025,December,0
"Korea, People's Democratic Republic of",2025,Total,
"Korea, People's Democratic Republic of",2026,January,0
"Korea, People's Democratic Republic of",2026,February,0
"Korea, People's Democratic Republic of",2026,March,0
"Korea, People's Democratic Republic of",2026,April,0
"Korea, People's Democratic Republic of",2026,May,0
"Korea, People's Democratic Republic of",2026,Total,0
"Korea, Republic of",2023,January,10
"Korea, Republic of",2023,February,15
"Korea, Republic of",2023,March,20
"Korea, Republic of",2023,April,10
"Korea, Republic of",2023,May,
"Korea, Republic of",2023,June,5
"Korea, Republic of",2023,July,10
"Korea, Republic of",2023,August,5
"Korea, Republic of",2023,September,20
"Korea, Republic of",2023,October,
"Korea, Republic of",2023,November,
"Korea, Republic of",2023,December,0
"Korea, Republic of",2023,Total,100
"Korea, Republic of",2024,January,
"Korea, Republic of",2024,February,
"Korea, Republic of",2024,March,10
"Korea, Republic of",2024,April,15
"Korea, Republic of",2024,May,
"Korea, Republic of",2024,June,5
"Korea, Republic of",2024,July,0
"Korea, Republic of",2024,August,
"Korea, Republic of",2024,September,15
"Korea, Republic of",2024,October,5
"Korea, Republic of",2024,November,5
"Korea, Republic of",2024,December,
"Korea, Republic of",2024,Total,60
"Korea, Republic of",2025,January,
"Korea, Republic of",2025,February,10
"Korea, Republic of",2025,March,10
"Korea, Republic of",2025,April,10
"Korea, Republic of",2025,May,10
"Korea, Republic of",2025,June,
"Korea, Republic of",2025,July,
"Korea, Republic of",2025,August,5
"Korea, Republic of",2025,September,
"Korea, Republic of",2025,October,20
"Korea, Republic of",2025,November,
"Korea, Republic of",2025,December,
"Korea, Republic of",2025,Total,75
"Korea, Republic of",2026,January,
"Korea, Republic of",2026,February,
"Korea, Republic of",2026,March,5
"Korea, Republic of",2026,April,10
"Korea, Republic of",2026,May,0
"Korea, Republic of",2026,Total,20
"Kosovo, Republic of",2023,January,90
"Kosovo, Republic of",2023,February,45
"Kosovo, Republic of",2023,March,55
"Kosovo, Republic of",2023,April,50
"Kosovo, Republic of",2023,May,95
"Kosovo, Republic of",2023,June,105
"Kosovo, Republic of",2023,July,80
"Kosovo, Republic of",2023,August,55
"Kosovo, Republic of",2023,September,50
"Kosovo, Republic of",2023,October,30
"Kosovo, Republic of",2023,November,90
"Kosovo, Republic of",2023,December,70
"Kosovo, Republic of",2023,Total,815
"Kosovo, Republic of",2024,January,30
"Kosovo, Republic of",2024,February,95
"Kosovo, Republic of",2024,March,25
"Kosovo, Republic of",2024,April,40
"Kosovo, Republic of",2024,May,25
"Kosovo, Republic of",2024,June,20
"Kosovo, Republic of",2024,July,25
"Kosovo, Republic of",2024,August,25
"Kosovo, Republic of",2024,September,25
"Kosovo, Republic of",2024,October,20
"Kosovo, Republic of",2024,November,35
"Kosovo, Republic of",2024,December,30
"Kosovo, Republic of",2024,Total,395
"Kosovo, Republic of",2025,January,25
"Kosovo, Republic of",2025,February,20
"Kosovo, Republic of",2025,March,70
"Kosovo, Republic of",2025,April,90
"Kosovo, Republic of",2025,May,125
"Kosovo, Republic of",2025,June,75
"Kosovo, Republic of",2025,July,85
"Kosovo, Republic of",2025,August,35
"Kosovo, Republic of",2025,September,25
"Kosovo, Republic of",2025,October,35
"Kosovo, Republic of",2025,November,35
"Kosovo, Republic of",2025,December,60
"Kosovo, Republic of",2025,Total,685
"Kosovo, Republic of",2026,January,50
"Kosovo, Republic of",2026,February,30
"Kosovo, Republic of",2026,March,45
"Kosovo, Republic of",2026,April,95
"Kosovo, Republic of",2026,May,95
"Kosovo, Republic of",2026,Total,310
Kuwait,2023,January,175
Kuwait,2023,February,140
Kuwait,2023,March,100
Kuwait,2023,April,115
Kuwait,2023,May,235
Kuwait,2023,June,125
Kuwait,2023,July,275
Kuwait,2023,August,245
Kuwait,2023,September,130
Kuwait,2023,October,70
Kuwait,2023,November,105
Kuwait,2023,December,75
Kuwait,2023,Total,1785
Kuwait,2024,January,70
Kuwait,2024,February,75
Kuwait,2024,March,90
Kuwait,2024,April,155
Kuwait,2024,May,155
Kuwait,2024,June,85
Kuwait,2024,July,115
Kuwait,2024,August,135
Kuwait,2024,September,50
Kuwait,2024,October,65
Kuwait,2024,November,110
Kuwait,2024,December,40
Kuwait,2024,Total,1150
Kuwait,2025,January,75
Kuwait,2025,February,85
Kuwait,2025,March,90
Kuwait,2025,April,80
Kuwait,2025,May,165
Kuwait,2025,June,80
Kuwait,2025,July,90
Kuwait,2025,August,80
Kuwait,2025,September,140
Kuwait,2025,October,60
Kuwait,2025,November,40
Kuwait,2025,December,45
Kuwait,2025,Total,1025
Kuwait,2026,January,50
Kuwait,2026,February,80
Kuwait,2026,March,50
Kuwait,2026,April,100
Kuwait,2026,May,125
Kuwait,2026,Total,405
Kyrgyzstan,2023,January,10
Kyrgyzstan,2023,February,20
Kyrgyzstan,2023,March,30
Kyrgyzstan,2023,April,20
Kyrgyzstan,2023,May,80
Kyrgyzstan,2023,June,40
Kyrgyzstan,2023,July,10
Kyrgyzstan,2023,August,15
Kyrgyzstan,2023,September,20
Kyrgyzstan,2023,October,60
Kyrgyzstan,2023,November,70
Kyrgyzstan,2023,December,25
Kyrgyzstan,2023,Total,405
Kyrgyzstan,2024,January,65
Kyrgyzstan,2024,February,15
Kyrgyzstan,2024,March,25
Kyrgyzstan,2024,April,40
Kyrgyzstan,2024,May,30
Kyrgyzstan,2024,June,20
Kyrgyzstan,2024,July,35
Kyrgyzstan,2024,August,45
Kyrgyzstan,2024,September,10
Kyrgyzstan,2024,October,35
Kyrgyzstan,2024,November,25
Kyrgyzstan,2024,December,15
Kyrgyzstan,2024,Total,365
Kyrgyzstan,2025,January,20
Kyrgyzstan,2025,February,35
Kyrgyzstan,2025,March,35
Kyrgyzstan,2025,April,30
Kyrgyzstan,2025,May,65
Kyrgyzstan,2025,June,15
Kyrgyzstan,2025,July,35
Kyrgyzstan,2025,August,10
Kyrgyzstan,2025,September,25
Kyrgyzstan,2025,October,20
Kyrgyzstan,2025,November,25
Kyrgyzstan,2025,December,20
Kyrgyzstan,2025,Total,335
Kyrgyzstan,2026,January,15
Kyrgyzstan,2026,February,30
Kyrgyzstan,2026,March,15
Kyrgyzstan,2026,April,35
Kyrgyzstan,2026,May,35
Kyrgyzstan,2026,Total,125
Laos,2023,January,5
Laos,2023,February,20
Laos,2023,March,15
Laos,2023,April,20
Laos,2023,May,30
Laos,2023,June,30
Laos,2023,July,30
Laos,2023,August,35
Laos,2023,September,25
Laos,2023,October,15
Laos,2023,November,35
Laos,2023,December,25
Laos,2023,Total,295
Laos,2024,January,20
Laos,2024,February,40
Laos,2024,March,30
Laos,2024,April,35
Laos,2024,May,15
Laos,2024,June,15
Laos,2024,July,40
Laos,2024,August,5
Laos,2024,September,25
Laos,2024,October,10
Laos,2024,November,15
Laos,2024,December,10
Laos,2024,Total,255
Laos,2025,January,10
Laos,2025,February,10
Laos,2025,March,25
Laos,2025,April,25
Laos,2025,May,15
Laos,2025,June,25
Laos,2025,July,5
Laos,2025,August,
Laos,2025,September,10
Laos,2025,October,10
Laos,2025,November,
Laos,2025,December,
Laos,2025,Total,140
Laos,2026,January,20
Laos,2026,February,5
Laos,2026,March,30
Laos,2026,April,15
Laos,2026,May,30
Laos,2026,Total,100
Latvia,2023,January,
Latvia,2023,February,0
Latvia,2023,March,0
Latvia,2023,April,0
Latvia,2023,May,0
Latvia,2023,June,
Latvia,2023,July,0
Latvia,2023,August,
Latvia,2023,September,0
Latvia,2023,October,0
Latvia,2023,November,
Latvia,2023,December,
Latvia,2023,Total,15
Latvia,2024,January,0
Latvia,2024,February,0
Latvia,2024,March,0
Latvia,2024,April,
Latvia,2024,May,0
Latvia,2024,June,0
Latvia,2024,July,0
Latvia,2024,August,
Latvia,2024,September,0
Latvia,2024,October,0
Latvia,2024,November,
Latvia,2024,December,0
Latvia,2024,Total,5
Latvia,2025,January,0
Latvia,2025,February,0
Latvia,2025,March,0
Latvia,2025,April,0
Latvia,2025,May,0
Latvia,2025,June,0
Latvia,2025,July,0
Latvia,2025,August,0
Latvia,2025,September,0
Latvia,2025,October,
Latvia,2025,November,0
Latvia,2025,December,0
Latvia,2025,Total,
Latvia,2026,January,0
Latvia,2026,February,0
Latvia,2026,March,
Latvia,2026,April,0
Latvia,2026,May,0
Latvia,2026,Total,
Lebanon,2023,January,565
Lebanon,2023,February,1355
Lebanon,2023,March,1410
Lebanon,2023,April,1330
Lebanon,2023,May,1030
Lebanon,2023,June,1125
Lebanon,2023,July,1220
Lebanon,2023,August,1055
Lebanon,2023,September,465
Lebanon,2023,October,1080
Lebanon,2023,November,2130
Lebanon,2023,December,1270
Lebanon,2023,Total,14035
Lebanon,2024,January,630
Lebanon,2024,February,935
Lebanon,2024,March,730
Lebanon,2024,April,965
Lebanon,2024,May,1665
Lebanon,2024,June,855
Lebanon,2024,July,1180
Lebanon,2024,August,1220
Lebanon,2024,September,690
Lebanon,2024,October,1155
Lebanon,2024,November,585
Lebanon,2024,December,650
Lebanon,2024,Total,11260
Lebanon,2025,January,710
Lebanon,2025,February,1010
Lebanon,2025,March,715
Lebanon,2025,April,530
Lebanon,2025,May,665
Lebanon,2025,June,625
Lebanon,2025,July,585
Lebanon,2025,August,440
Lebanon,2025,September,595
Lebanon,2025,October,530
Lebanon,2025,November,455
Lebanon,2025,December,315
Lebanon,2025,Total,7170
Lebanon,2026,January,445
Lebanon,2026,February,590
Lebanon,2026,March,715
Lebanon,2026,April,580
Lebanon,2026,May,370
Lebanon,2026,Total,2705
Lesotho,2023,January,5
Lesotho,2023,February,
Lesotho,2023,March,10
Lesotho,2023,April,
Lesotho,2023,May,
Lesotho,2023,June,
Lesotho,2023,July,
Lesotho,2023,August,
Lesotho,2023,September,0
Lesotho,2023,October,0
Lesotho,2023,November,
Lesotho,2023,December,0
Lesotho,2023,Total,30
Lesotho,2024,January,5
Lesotho,2024,February,
Lesotho,2024,March,0
Lesotho,2024,April,
Lesotho,2024,May,
Lesotho,2024,June,0
Lesotho,2024,July,0
Lesotho,2024,August,0
Lesotho,2024,September,
Lesotho,2024,October,0
Lesotho,2024,November,
Lesotho,2024,December,
Lesotho,2024,Total,15
Lesotho,2025,January,5
Lesotho,2025,February,
Lesotho,2025,March,5
Lesotho,2025,April,5
Lesotho,2025,May,
Lesotho,2025,June,
Lesotho,2025,July,0
Lesotho,2025,August,
Lesotho,2025,September,
Lesotho,2025,October,
Lesotho,2025,November,5
Lesotho,2025,December,0
Lesotho,2025,Total,30
Lesotho,2026,January,0
Lesotho,2026,February,0
Lesotho,2026,March,0
Lesotho,2026,April,
Lesotho,2026,May,
Lesotho,2026,Total,
Liberia,2023,January,5
Liberia,2023,February,5
Liberia,2023,March,15
Liberia,2023,April,120
Liberia,2023,May,40
Liberia,2023,June,30
Liberia,2023,July,15
Liberia,2023,August,25
Liberia,2023,September,15
Liberia,2023,October,10
Liberia,2023,November,75
Liberia,2023,December,15
Liberia,2023,Total,365
Liberia,2024,January,10
Liberia,2024,February,25
Liberia,2024,March,10
Liberia,2024,April,15
Liberia,2024,May,50
Liberia,2024,June,
Liberia,2024,July,10
Liberia,2024,August,10
Liberia,2024,September,25
Liberia,2024,October,5
Liberia,2024,November,15
Liberia,2024,December,5
Liberia,2024,Total,180
Liberia,2025,January,10
Liberia,2025,February,15
Liberia,2025,March,10
Liberia,2025,April,5
Liberia,2025,May,10
Liberia,2025,June,5
Liberia,2025,July,15
Liberia,2025,August,25
Liberia,2025,September,25
Liberia,2025,October,
Liberia,2025,November,
Liberia,2025,December,
Liberia,2025,Total,135
Liberia,2026,January,10
Liberia,2026,February,15
Liberia,2026,March,10
Liberia,2026,April,15
Liberia,2026,May,25
Liberia,2026,Total,70
Libya,2023,January,35
Libya,2023,February,20
Libya,2023,March,20
Libya,2023,April,110
Libya,2023,May,40
Libya,2023,June,20
Libya,2023,July,15
Libya,2023,August,20
Libya,2023,September,20
Libya,2023,October,30
Libya,2023,November,15
Libya,2023,December,10
Libya,2023,Total,360
Libya,2024,January,5
Libya,2024,February,115
Libya,2024,March,50
Libya,2024,April,25
Libya,2024,May,30
Libya,2024,June,30
Libya,2024,July,45
Libya,2024,August,30
Libya,2024,September,35
Libya,2024,October,40
Libya,2024,November,35
Libya,2024,December,25
Libya,2024,Total,470
Libya,2025,January,15
Libya,2025,February,20
Libya,2025,March,15
Libya,2025,April,35
Libya,2025,May,25
Libya,2025,June,50
Libya,2025,July,35
Libya,2025,August,25
Libya,2025,September,15
Libya,2025,October,50
Libya,2025,November,50
Libya,2025,December,45
Libya,2025,Total,375
Libya,2026,January,35
Libya,2026,February,45
Libya,2026,March,30
Libya,2026,April,30
Libya,2026,May,35
Libya,2026,Total,175
Lithuania,2023,January,0
Lithuania,2023,February,0
Lithuania,2023,March,0
Lithuania,2023,April,0
Lithuania,2023,May,0
Lithuania,2023,June,0
Lithuania,2023,July,
Lithuania,2023,August,
Lithuania,2023,September,0
Lithuania,2023,October,0
Lithuania,2023,November,0
Lithuania,2023,December,
Lithuania,2023,Total,
Lithuania,2024,January,
Lithuania,2024,February,0
Lithuania,2024,March,
Lithuania,2024,April,0
Lithuania,2024,May,
Lithuania,2024,June,
Lithuania,2024,July,
Lithuania,2024,August,5
Lithuania,2024,September,
Lithuania,2024,October,
Lithuania,2024,November,0
Lithuania,2024,December,
Lithuania,2024,Total,15
Lithuania,2025,January,
Lithuania,2025,February,0
Lithuania,2025,March,
Lithuania,2025,April,
Lithuania,2025,May,0
Lithuania,2025,June,0
Lithuania,2025,July,0
Lithuania,2025,August,5
Lithuania,2025,September,0
Lithuania,2025,October,0
Lithuania,2025,November,0
Lithuania,2025,December,0
Lithuania,2025,Total,10
Lithuania,2026,January,0
Lithuania,2026,February,0
Lithuania,2026,March,0
Lithuania,2026,April,0
Lithuania,2026,May,0
Lithuania,2026,Total,0
Luxembourg,2023,January,0
Luxembourg,2023,February,0
Luxembourg,2023,March,0
Luxembourg,2023,April,0
Luxembourg,2023,May,0
Luxembourg,2023,June,0
Luxembourg,2023,July,0
Luxembourg,2023,August,0
Luxembourg,2023,September,0
Luxembourg,2023,October,0
Luxembourg,2023,November,
Luxembourg,2023,December,
Luxembourg,2023,Total,
Luxembourg,2024,January,0
Luxembourg,2024,February,0
Luxembourg,2024,March,0
Luxembourg,2024,April,0
Luxembourg,2024,May,0
Luxembourg,2024,June,0
Luxembourg,2024,July,0
Luxembourg,2024,August,0
Luxembourg,2024,September,
Luxembourg,2024,October,0
Luxembourg,2024,November,
Luxembourg,2024,December,
Luxembourg,2024,Total,
Luxembourg,2025,January,
Luxembourg,2025,February,0
Luxembourg,2025,March,0
Luxembourg,2025,April,0
Luxembourg,2025,May,
Luxembourg,2025,June,
Luxembourg,2025,July,0
Luxembourg,2025,August,
Luxembourg,2025,September,0
Luxembourg,2025,October,0
Luxembourg,2025,November,0
Luxembourg,2025,December,0
Luxembourg,2025,Total,10
Luxembourg,2026,January,0
Luxembourg,2026,February,0
Luxembourg,2026,March,0
Luxembourg,2026,April,0
Luxembourg,2026,May,0
Luxembourg,2026,Total,0
Macao,2023,January,15
Macao,2023,February,15
Macao,2023,March,10
Macao,2023,April,95
Macao,2023,May,80
Macao,2023,June,75
Macao,2023,July,90
Macao,2023,August,55
Macao,2023,September,40
Macao,2023,October,35
Macao,2023,November,135
Macao,2023,December,45
Macao,2023,Total,695
Macao,2024,January,45
Macao,2024,February,65
Macao,2024,March,90
Macao,2024,April,115
Macao,2024,May,110
Macao,2024,June,55
Macao,2024,July,90
Macao,2024,August,80
Macao,2024,September,60
Macao,2024,October,45
Macao,2024,November,70
Macao,2024,December,50
Macao,2024,Total,875
Macao,2025,January,20
Macao,2025,February,60
Macao,2025,March,70
Macao,2025,April,55
Macao,2025,May,65
Macao,2025,June,70
Macao,2025,July,45
Macao,2025,August,65
Macao,2025,September,65
Macao,2025,October,35
Macao,2025,November,35
Macao,2025,December,50
Macao,2025,Total,635
Macao,2026,January,35
Macao,2026,February,40
Macao,2026,March,50
Macao,2026,April,60
Macao,2026,May,65
Macao,2026,Total,245
Macedonia,2023,January,55
Macedonia,2023,February,45
Macedonia,2023,March,45
Macedonia,2023,April,45
Macedonia,2023,May,130
Macedonia,2023,June,85
Macedonia,2023,July,60
Macedonia,2023,August,30
Macedonia,2023,September,20
Macedonia,2023,October,25
Macedonia,2023,November,30
Macedonia,2023,December,30
Macedonia,2023,Total,605
Macedonia,2024,January,15
Macedonia,2024,February,35
Macedonia,2024,March,25
Macedonia,2024,April,50
Macedonia,2024,May,20
Macedonia,2024,June,30
Macedonia,2024,July,25
Macedonia,2024,August,20
Macedonia,2024,September,20
Macedonia,2024,October,20
Macedonia,2024,November,20
Macedonia,2024,December,20
Macedonia,2024,Total,300
Macedonia,2025,January,15
Macedonia,2025,February,15
Macedonia,2025,March,50
Macedonia,2025,April,90
Macedonia,2025,May,125
Macedonia,2025,June,75
Macedonia,2025,July,85
Macedonia,2025,August,40
Macedonia,2025,September,10
Macedonia,2025,October,30
Macedonia,2025,November,25
Macedonia,2025,December,35
Macedonia,2025,Total,590
Macedonia,2026,January,55
Macedonia,2026,February,35
Macedonia,2026,March,45
Macedonia,2026,April,65
Macedonia,2026,May,70
Macedonia,2026,Total,270
Madagascar,2023,January,75
Madagascar,2023,February,50
Madagascar,2023,March,80
Madagascar,2023,April,170
Madagascar,2023,May,150
Madagascar,2023,June,115
Madagascar,2023,July,55
Madagascar,2023,August,65
Madagascar,2023,September,70
Madagascar,2023,October,65
Madagascar,2023,November,95
Madagascar,2023,December,125
Madagascar,2023,Total,1120
Madagascar,2024,January,80
Madagascar,2024,February,70
Madagascar,2024,March,55
Madagascar,2024,April,250
Madagascar,2024,May,220
Madagascar,2024,June,95
Madagascar,2024,July,100
Madagascar,2024,August,50
Madagascar,2024,September,55
Madagascar,2024,October,40
Madagascar,2024,November,65
Madagascar,2024,December,65
Madagascar,2024,Total,1145
Madagascar,2025,January,60
Madagascar,2025,February,90
Madagascar,2025,March,240
Madagascar,2025,April,80
Madagascar,2025,May,105
Madagascar,2025,June,125
Madagascar,2025,July,90
Madagascar,2025,August,170
Madagascar,2025,September,95
Madagascar,2025,October,60
Madagascar,2025,November,65
Madagascar,2025,December,50
Madagascar,2025,Total,1220
Madagascar,2026,January,80
Madagascar,2026,February,110
Madagascar,2026,March,95
Madagascar,2026,April,115
Madagascar,2026,May,95
Madagascar,2026,Total,490
Malawi,2023,January,
Malawi,2023,February,5
Malawi,2023,March,
Malawi,2023,April,20
Malawi,2023,May,45
Malawi,2023,June,20
Malawi,2023,July,10
Malawi,2023,August,10
Malawi,2023,September,5
Malawi,2023,October,10
Malawi,2023,November,15
Malawi,2023,December,10
Malawi,2023,Total,150
Malawi,2024,January,
Malawi,2024,February,15
Malawi,2024,March,10
Malawi,2024,April,10
Malawi,2024,May,45
Malawi,2024,June,
Malawi,2024,July,5
Malawi,2024,August,5
Malawi,2024,September,
Malawi,2024,October,
Malawi,2024,November,5
Malawi,2024,December,5
Malawi,2024,Total,125
Malawi,2025,January,10
Malawi,2025,February,5
Malawi,2025,March,
Malawi,2025,April,10
Malawi,2025,May,5
Malawi,2025,June,15
Malawi,2025,July,10
Malawi,2025,August,15
Malawi,2025,September,15
Malawi,2025,October,
Malawi,2025,November,10
Malawi,2025,December,10
Malawi,2025,Total,110
Malawi,2026,January,
Malawi,2026,February,10
Malawi,2026,March,15
Malawi,2026,April,10
Malawi,2026,May,10
Malawi,2026,Total,45
Malaysia,2023,January,400
Malaysia,2023,February,560
Malaysia,2023,March,1415
Malaysia,2023,April,820
Malaysia,2023,May,1165
Malaysia,2023,June,795
Malaysia,2023,July,665
Malaysia,2023,August,625
Malaysia,2023,September,465
Malaysia,2023,October,350
Malaysia,2023,November,460
Malaysia,2023,December,370
Malaysia,2023,Total,8105
Malaysia,2024,January,590
Malaysia,2024,February,645
Malaysia,2024,March,1025
Malaysia,2024,April,1030
Malaysia,2024,May,770
Malaysia,2024,June,575
Malaysia,2024,July,960
Malaysia,2024,August,475
Malaysia,2024,September,360
Malaysia,2024,October,410
Malaysia,2024,November,365
Malaysia,2024,December,415
Malaysia,2024,Total,7625
Malaysia,2025,January,500
Malaysia,2025,February,490
Malaysia,2025,March,815
Malaysia,2025,April,795
Malaysia,2025,May,780
Malaysia,2025,June,455
Malaysia,2025,July,590
Malaysia,2025,August,450
Malaysia,2025,September,455
Malaysia,2025,October,270
Malaysia,2025,November,185
Malaysia,2025,December,325
Malaysia,2025,Total,6115
Malaysia,2026,January,265
Malaysia,2026,February,600
Malaysia,2026,March,725
Malaysia,2026,April,640
Malaysia,2026,May,685
Malaysia,2026,Total,2910
"Maldives, Republic of",2023,January,
"Maldives, Republic of",2023,February,
"Maldives, Republic of",2023,March,
"Maldives, Republic of",2023,April,
"Maldives, Republic of",2023,May,5
"Maldives, Republic of",2023,June,
"Maldives, Republic of",2023,July,0
"Maldives, Republic of",2023,August,
"Maldives, Republic of",2023,September,5
"Maldives, Republic of",2023,October,
"Maldives, Republic of",2023,November,0
"Maldives, Republic of",2023,December,0
"Maldives, Republic of",2023,Total,20
"Maldives, Republic of",2024,January,
"Maldives, Republic of",2024,February,5
"Maldives, Republic of",2024,March,
"Maldives, Republic of",2024,April,
"Maldives, Republic of",2024,May,0
"Maldives, Republic of",2024,June,
"Maldives, Republic of",2024,July,
"Maldives, Republic of",2024,August,
"Maldives, Republic of",2024,September,0
"Maldives, Republic of",2024,October,
"Maldives, Republic of",2024,November,
"Maldives, Republic of",2024,December,0
"Maldives, Republic of",2024,Total,20
"Maldives, Republic of",2025,January,
"Maldives, Republic of",2025,February,
"Maldives, Republic of",2025,March,
"Maldives, Republic of",2025,April,
"Maldives, Republic of",2025,May,
"Maldives, Republic of",2025,June,
"Maldives, Republic of",2025,July,
"Maldives, Republic of",2025,August,
"Maldives, Republic of",2025,September,
"Maldives, Republic of",2025,October,0
"Maldives, Republic of",2025,November,5
"Maldives, Republic of",2025,December,0
"Maldives, Republic of",2025,Total,25
"Maldives, Republic of",2026,January,
"Maldives, Republic of",2026,February,
"Maldives, Republic of",2026,March,
"Maldives, Republic of",2026,April,0
"Maldives, Republic of",2026,May,
"Maldives, Republic of",2026,Total,10
"Mali, Republic of",2023,January,30
"Mali, Republic of",2023,February,25
"Mali, Republic of",2023,March,85
"Mali, Republic of",2023,April,685
"Mali, Republic of",2023,May,320
"Mali, Republic of",2023,June,75
"Mali, Republic of",2023,July,60
"Mali, Republic of",2023,August,25
"Mali, Republic of",2023,September,70
"Mali, Republic of",2023,October,255
"Mali, Republic of",2023,November,40
"Mali, Republic of",2023,December,30
"Mali, Republic of",2023,Total,1700
"Mali, Republic of",2024,January,65
"Mali, Republic of",2024,February,145
"Mali, Republic of",2024,March,85
"Mali, Republic of",2024,April,150
"Mali, Republic of",2024,May,35
"Mali, Republic of",2024,June,40
"Mali, Republic of",2024,July,80
"Mali, Republic of",2024,August,240
"Mali, Republic of",2024,September,70
"Mali, Republic of",2024,October,55
"Mali, Republic of",2024,November,45
"Mali, Republic of",2024,December,135
"Mali, Republic of",2024,Total,1145
"Mali, Republic of",2025,January,135
"Mali, Republic of",2025,February,145
"Mali, Republic of",2025,March,235
"Mali, Republic of",2025,April,150
"Mali, Republic of",2025,May,135
"Mali, Republic of",2025,June,160
"Mali, Republic of",2025,July,80
"Mali, Republic of",2025,August,45
"Mali, Republic of",2025,September,200
"Mali, Republic of",2025,October,65
"Mali, Republic of",2025,November,85
"Mali, Republic of",2025,December,65
"Mali, Republic of",2025,Total,1495
"Mali, Republic of",2026,January,65
"Mali, Republic of",2026,February,185
"Mali, Republic of",2026,March,150
"Mali, Republic of",2026,April,105
"Mali, Republic of",2026,May,165
"Mali, Republic of",2026,Total,670
Malta,2023,January,
Malta,2023,February,0
Malta,2023,March,0
Malta,2023,April,0
Malta,2023,May,0
Malta,2023,June,0
Malta,2023,July,0
Malta,2023,August,
Malta,2023,September,0
Malta,2023,October,0
Malta,2023,November,0
Malta,2023,December,0
Malta,2023,Total,
Malta,2024,January,0
Malta,2024,February,0
Malta,2024,March,
Malta,2024,April,0
Malta,2024,May,0
Malta,2024,June,0
Malta,2024,July,0
Malta,2024,August,0
Malta,2024,September,0
Malta,2024,October,0
Malta,2024,November,0
Malta,2024,December,
Malta,2024,Total,
Malta,2025,January,0
Malta,2025,February,0
Malta,2025,March,0
Malta,2025,April,0
Malta,2025,May,
Malta,2025,June,0
Malta,2025,July,0
Malta,2025,August,0
Malta,2025,September,0
Malta,2025,October,0
Malta,2025,November,0
Malta,2025,December,0
Malta,2025,Total,
Malta,2026,January,
Malta,2026,February,0
Malta,2026,March,0
Malta,2026,April,0
Malta,2026,May,0
Malta,2026,Total,
Mauritania,2023,January,15
Mauritania,2023,February,10
Mauritania,2023,March,25
Mauritania,2023,April,205
Mauritania,2023,May,45
Mauritania,2023,June,20
Mauritania,2023,July,20
Mauritania,2023,August,10
Mauritania,2023,September,20
Mauritania,2023,October,5
Mauritania,2023,November,10
Mauritania,2023,December,5
Mauritania,2023,Total,395
Mauritania,2024,January,20
Mauritania,2024,February,10
Mauritania,2024,March,15
Mauritania,2024,April,10
Mauritania,2024,May,30
Mauritania,2024,June,10
Mauritania,2024,July,35
Mauritania,2024,August,30
Mauritania,2024,September,15
Mauritania,2024,October,15
Mauritania,2024,November,15
Mauritania,2024,December,5
Mauritania,2024,Total,215
Mauritania,2025,January,15
Mauritania,2025,February,15
Mauritania,2025,March,35
Mauritania,2025,April,10
Mauritania,2025,May,10
Mauritania,2025,June,15
Mauritania,2025,July,15
Mauritania,2025,August,20
Mauritania,2025,September,55
Mauritania,2025,October,20
Mauritania,2025,November,15
Mauritania,2025,December,10
Mauritania,2025,Total,230
Mauritania,2026,January,5
Mauritania,2026,February,15
Mauritania,2026,March,15
Mauritania,2026,April,30
Mauritania,2026,May,25
Mauritania,2026,Total,90
Mauritius,2023,January,155
Mauritius,2023,February,210
Mauritius,2023,March,225
Mauritius,2023,April,430
Mauritius,2023,May,650
Mauritius,2023,June,325
Mauritius,2023,July,145
Mauritius,2023,August,235
Mauritius,2023,September,155
Mauritius,2023,October,170
Mauritius,2023,November,285
Mauritius,2023,December,245
Mauritius,2023,Total,3235
Mauritius,2024,January,275
Mauritius,2024,February,220
Mauritius,2024,March,405
Mauritius,2024,April,410
Mauritius,2024,May,435
Mauritius,2024,June,175
Mauritius,2024,July,130
Mauritius,2024,August,60
Mauritius,2024,September,65
Mauritius,2024,October,50
Mauritius,2024,November,110
Mauritius,2024,December,170
Mauritius,2024,Total,2510
Mauritius,2025,January,180
Mauritius,2025,February,275
Mauritius,2025,March,420
Mauritius,2025,April,130
Mauritius,2025,May,85
Mauritius,2025,June,260
Mauritius,2025,July,535
Mauritius,2025,August,200
Mauritius,2025,September,230
Mauritius,2025,October,95
Mauritius,2025,November,165
Mauritius,2025,December,105
Mauritius,2025,Total,2685
Mauritius,2026,January,145
Mauritius,2026,February,190
Mauritius,2026,March,215
Mauritius,2026,April,300
Mauritius,2026,May,125
Mauritius,2026,Total,970
Mexico,2023,January,5
Mexico,2023,February,10
Mexico,2023,March,10
Mexico,2023,April,5
Mexico,2023,May,10
Mexico,2023,June,10
Mexico,2023,July,
Mexico,2023,August,
Mexico,2023,September,5
Mexico,2023,October,15
Mexico,2023,November,15
Mexico,2023,December,15
Mexico,2023,Total,110
Mexico,2024,January,
Mexico,2024,February,5
Mexico,2024,March,5415
Mexico,2024,April,14705
Mexico,2024,May,8735
Mexico,2024,June,6375
Mexico,2024,July,7200
Mexico,2024,August,4255
Mexico,2024,September,3955
Mexico,2024,October,3285
Mexico,2024,November,2805
Mexico,2024,December,1990
Mexico,2024,Total,58725
Mexico,2025,January,2125
Mexico,2025,February,2880
Mexico,2025,March,3855
Mexico,2025,April,2515
Mexico,2025,May,3235
Mexico,2025,June,2625
Mexico,2025,July,4780
Mexico,2025,August,3300
Mexico,2025,September,1835
Mexico,2025,October,1160
Mexico,2025,November,1430
Mexico,2025,December,1525
Mexico,2025,Total,31265
Mexico,2026,January,2130
Mexico,2026,February,2845
Mexico,2026,March,3175
Mexico,2026,April,3755
Mexico,2026,May,3995
Mexico,2026,Total,15900
Moldova,2023,January,60
Moldova,2023,February,80
Moldova,2023,March,155
Moldova,2023,April,55
Moldova,2023,May,70
Moldova,2023,June,35
Moldova,2023,July,170
Moldova,2023,August,70
Moldova,2023,September,45
Moldova,2023,October,65
Moldova,2023,November,55
Moldova,2023,December,75
Moldova,2023,Total,935
Moldova,2024,January,55
Moldova,2024,February,50
Moldova,2024,March,50
Moldova,2024,April,60
Moldova,2024,May,45
Moldova,2024,June,35
Moldova,2024,July,75
Moldova,2024,August,35
Moldova,2024,September,15
Moldova,2024,October,40
Moldova,2024,November,30
Moldova,2024,December,40
Moldova,2024,Total,535
Moldova,2025,January,55
Moldova,2025,February,45
Moldova,2025,March,45
Moldova,2025,April,50
Moldova,2025,May,55
Moldova,2025,June,50
Moldova,2025,July,35
Moldova,2025,August,30
Moldova,2025,September,20
Moldova,2025,October,35
Moldova,2025,November,35
Moldova,2025,December,35
Moldova,2025,Total,495
Moldova,2026,January,25
Moldova,2026,February,30
Moldova,2026,March,55
Moldova,2026,April,55
Moldova,2026,May,45
Moldova,2026,Total,205
Monaco,2023,January,0
Monaco,2023,February,0
Monaco,2023,March,0
Monaco,2023,April,0
Monaco,2023,May,0
Monaco,2023,June,
Monaco,2023,July,0
Monaco,2023,August,0
Monaco,2023,September,0
Monaco,2023,October,0
Monaco,2023,November,0
Monaco,2023,December,0
Monaco,2023,Total,
Monaco,2024,January,0
Monaco,2024,February,0
Monaco,2024,March,0
Monaco,2024,April,0
Monaco,2024,May,0
Monaco,2024,June,
Monaco,2024,July,0
Monaco,2024,August,0
Monaco,2024,September,0
Monaco,2024,October,0
Monaco,2024,November,0
Monaco,2024,December,0
Monaco,2024,Total,
Monaco,2025,January,0
Monaco,2025,February,0
Monaco,2025,March,0
Monaco,2025,April,0
Monaco,2025,May,
Monaco,2025,June,0
Monaco,2025,July,0
Monaco,2025,August,0
Monaco,2025,September,0
Monaco,2025,October,0
Monaco,2025,November,0
Monaco,2025,December,0
Monaco,2025,Total,
Monaco,2026,January,0
Monaco,2026,February,
Monaco,2026,March,0
Monaco,2026,April,0
Monaco,2026,May,0
Monaco,2026,Total,
"Mongolia, People's Republic of",2023,January,45
"Mongolia, People's Republic of",2023,February,60
"Mongolia, People's Republic of",2023,March,50
"Mongolia, People's Republic of",2023,April,90
"Mongolia, People's Republic of",2023,May,115
"Mongolia, People's Republic of",2023,June,125
"Mongolia, People's Republic of",2023,July,110
"Mongolia, People's Republic of",2023,August,45
"Mongolia, People's Republic of",2023,September,60
"Mongolia, People's Republic of",2023,October,65
"Mongolia, People's Republic of",2023,November,245
"Mongolia, People's Republic of",2023,December,65
"Mongolia, People's Republic of",2023,Total,1085
"Mongolia, People's Republic of",2024,January,75
"Mongolia, People's Republic of",2024,February,140
"Mongolia, People's Republic of",2024,March,140
"Mongolia, People's Republic of",2024,April,180
"Mongolia, People's Republic of",2024,May,135
"Mongolia, People's Republic of",2024,June,95
"Mongolia, People's Republic of",2024,July,170
"Mongolia, People's Republic of",2024,August,115
"Mongolia, People's Republic of",2024,September,95
"Mongolia, People's Republic of",2024,October,115
"Mongolia, People's Republic of",2024,November,130
"Mongolia, People's Republic of",2024,December,80
"Mongolia, People's Republic of",2024,Total,1470
"Mongolia, People's Republic of",2025,January,85
"Mongolia, People's Republic of",2025,February,95
"Mongolia, People's Republic of",2025,March,145
"Mongolia, People's Republic of",2025,April,80
"Mongolia, People's Republic of",2025,May,140
"Mongolia, People's Republic of",2025,June,145
"Mongolia, People's Republic of",2025,July,120
"Mongolia, People's Republic of",2025,August,85
"Mongolia, People's Republic of",2025,September,90
"Mongolia, People's Republic of",2025,October,145
"Mongolia, People's Republic of",2025,November,90
"Mongolia, People's Republic of",2025,December,160
"Mongolia, People's Republic of",2025,Total,1375
"Mongolia, People's Republic of",2026,January,100
"Mongolia, People's Republic of",2026,February,90
"Mongolia, People's Republic of",2026,March,125
"Mongolia, People's Republic of",2026,April,175
"Mongolia, People's Republic of",2026,May,150
"Mongolia, People's Republic of",2026,Total,640
"Montenegro, Republic of",2023,January,15
"Montenegro, Republic of",2023,February,
"Montenegro, Republic of",2023,March,10
"Montenegro, Republic of",2023,April,15
"Montenegro, Republic of",2023,May,45
"Montenegro, Republic of",2023,June,35
"Montenegro, Republic of",2023,July,20
"Montenegro, Republic of",2023,August,15
"Montenegro, Republic of",2023,September,5
"Montenegro, Republic of",2023,October,5
"Montenegro, Republic of",2023,November,15
"Montenegro, Republic of",2023,December,10
"Montenegro, Republic of",2023,Total,190
"Montenegro, Republic of",2024,January,10
"Montenegro, Republic of",2024,February,10
"Montenegro, Republic of",2024,March,10
"Montenegro, Republic of",2024,April,15
"Montenegro, Republic of",2024,May,5
"Montenegro, Republic of",2024,June,10
"Montenegro, Republic of",2024,July,10
"Montenegro, Republic of",2024,August,
"Montenegro, Republic of",2024,September,10
"Montenegro, Republic of",2024,October,5
"Montenegro, Republic of",2024,November,5
"Montenegro, Republic of",2024,December,5
"Montenegro, Republic of",2024,Total,105
"Montenegro, Republic of",2025,January,15
"Montenegro, Republic of",2025,February,10
"Montenegro, Republic of",2025,March,20
"Montenegro, Republic of",2025,April,20
"Montenegro, Republic of",2025,May,20
"Montenegro, Republic of",2025,June,15
"Montenegro, Republic of",2025,July,20
"Montenegro, Republic of",2025,August,15
"Montenegro, Republic of",2025,September,10
"Montenegro, Republic of",2025,October,5
"Montenegro, Republic of",2025,November,10
"Montenegro, Republic of",2025,December,15
"Montenegro, Republic of",2025,Total,170
"Montenegro, Republic of",2026,January,
"Montenegro, Republic of",2026,February,
"Montenegro, Republic of",2026,March,20
"Montenegro, Republic of",2026,April,15
"Montenegro, Republic of",2026,May,20
"Montenegro, Republic of",2026,Total,60
Morocco,2023,January,1970
Morocco,2023,February,1550
Morocco,2023,March,3095
Morocco,2023,April,3185
Morocco,2023,May,2150
Morocco,2023,June,2790
Morocco,2023,July,1170
Morocco,2023,August,1160
Morocco,2023,September,1695
Morocco,2023,October,1105
Morocco,2023,November,1150
Morocco,2023,December,2170
Morocco,2023,Total,23185
Morocco,2024,January,1830
Morocco,2024,February,2085
Morocco,2024,March,1910
Morocco,2024,April,1610
Morocco,2024,May,2820
Morocco,2024,June,1065
Morocco,2024,July,880
Morocco,2024,August,1170
Morocco,2024,September,735
Morocco,2024,October,845
Morocco,2024,November,1105
Morocco,2024,December,1295
Morocco,2024,Total,17355
Morocco,2025,January,725
Morocco,2025,February,660
Morocco,2025,March,465
Morocco,2025,April,980
Morocco,2025,May,1255
Morocco,2025,June,1035
Morocco,2025,July,630
Morocco,2025,August,380
Morocco,2025,September,855
Morocco,2025,October,810
Morocco,2025,November,665
Morocco,2025,December,565
Morocco,2025,Total,9025
Morocco,2026,January,655
Morocco,2026,February,650
Morocco,2026,March,670
Morocco,2026,April,1100
Morocco,2026,May,695
Morocco,2026,Total,3775
Mozambique,2023,January,
Mozambique,2023,February,
Mozambique,2023,March,0
Mozambique,2023,April,15
Mozambique,2023,May,10
Mozambique,2023,June,15
Mozambique,2023,July,5
Mozambique,2023,August,5
Mozambique,2023,September,
Mozambique,2023,October,5
Mozambique,2023,November,10
Mozambique,2023,December,10
Mozambique,2023,Total,90
Mozambique,2024,January,
Mozambique,2024,February,5
Mozambique,2024,March,10
Mozambique,2024,April,
Mozambique,2024,May,5
Mozambique,2024,June,5
Mozambique,2024,July,5
Mozambique,2024,August,0
Mozambique,2024,September,
Mozambique,2024,October,
Mozambique,2024,November,
Mozambique,2024,December,
Mozambique,2024,Total,45
Mozambique,2025,January,
Mozambique,2025,February,5
Mozambique,2025,March,
Mozambique,2025,April,
Mozambique,2025,May,
Mozambique,2025,June,10
Mozambique,2025,July,5
Mozambique,2025,August,15
Mozambique,2025,September,10
Mozambique,2025,October,5
Mozambique,2025,November,10
Mozambique,2025,December,
Mozambique,2025,Total,70
Mozambique,2026,January,5
Mozambique,2026,February,5
Mozambique,2026,March,5
Mozambique,2026,April,20
Mozambique,2026,May,
Mozambique,2026,Total,35
Myanmar (Burma),2023,January,20
Myanmar (Burma),2023,February,40
Myanmar (Burma),2023,March,40
Myanmar (Burma),2023,April,40
Myanmar (Burma),2023,May,40
Myanmar (Burma),2023,June,40
Myanmar (Burma),2023,July,30
Myanmar (Burma),2023,August,50
Myanmar (Burma),2023,September,35
Myanmar (Burma),2023,October,25
Myanmar (Burma),2023,November,30
Myanmar (Burma),2023,December,30
Myanmar (Burma),2023,Total,425
Myanmar (Burma),2024,January,45
Myanmar (Burma),2024,February,45
Myanmar (Burma),2024,March,75
Myanmar (Burma),2024,April,75
Myanmar (Burma),2024,May,60
Myanmar (Burma),2024,June,25
Myanmar (Burma),2024,July,55
Myanmar (Burma),2024,August,25
Myanmar (Burma),2024,September,25
Myanmar (Burma),2024,October,40
Myanmar (Burma),2024,November,25
Myanmar (Burma),2024,December,45
Myanmar (Burma),2024,Total,540
Myanmar (Burma),2025,January,35
Myanmar (Burma),2025,February,40
Myanmar (Burma),2025,March,65
Myanmar (Burma),2025,April,50
Myanmar (Burma),2025,May,55
Myanmar (Burma),2025,June,50
Myanmar (Burma),2025,July,35
Myanmar (Burma),2025,August,30
Myanmar (Burma),2025,September,60
Myanmar (Burma),2025,October,35
Myanmar (Burma),2025,November,30
Myanmar (Burma),2025,December,35
Myanmar (Burma),2025,Total,525
Myanmar (Burma),2026,January,40
Myanmar (Burma),2026,February,55
Myanmar (Burma),2026,March,55
Myanmar (Burma),2026,April,45
Myanmar (Burma),2026,May,70
Myanmar (Burma),2026,Total,270
Namibia,2023,January,5
Namibia,2023,February,
Namibia,2023,March,
Namibia,2023,April,10
Namibia,2023,May,30
Namibia,2023,June,10
Namibia,2023,July,
Namibia,2023,August,10
Namibia,2023,September,5
Namibia,2023,October,5
Namibia,2023,November,10
Namibia,2023,December,10
Namibia,2023,Total,105
Namibia,2024,January,15
Namibia,2024,February,
Namibia,2024,March,5
Namibia,2024,April,15
Namibia,2024,May,10
Namibia,2024,June,35
Namibia,2024,July,10
Namibia,2024,August,5
Namibia,2024,September,0
Namibia,2024,October,
Namibia,2024,November,
Namibia,2024,December,
Namibia,2024,Total,100
Namibia,2025,January,5
Namibia,2025,February,
Namibia,2025,March,5
Namibia,2025,April,
Namibia,2025,May,
Namibia,2025,June,10
Namibia,2025,July,30
Namibia,2025,August,30
Namibia,2025,September,5
Namibia,2025,October,5
Namibia,2025,November,
Namibia,2025,December,
Namibia,2025,Total,105
Namibia,2026,January,
Namibia,2026,February,5
Namibia,2026,March,5
Namibia,2026,April,10
Namibia,2026,May,10
Namibia,2026,Total,30
Nauru,2023,January,0
Nauru,2023,February,0
Nauru,2023,March,0
Nauru,2023,April,
Nauru,2023,May,
Nauru,2023,June,0
Nauru,2023,July,0
Nauru,2023,August,0
Nauru,2023,September,0
Nauru,2023,October,0
Nauru,2023,November,
Nauru,2023,December,0
Nauru,2023,Total,5
Nauru,2024,January,0
Nauru,2024,February,0
Nauru,2024,March,0
Nauru,2024,April,0
Nauru,2024,May,0
Nauru,2024,June,0
Nauru,2024,July,0
Nauru,2024,August,0
Nauru,2024,September,0
Nauru,2024,October,0
Nauru,2024,November,0
Nauru,2024,December,0
Nauru,2024,Total,0
Nauru,2025,January,0
Nauru,2025,February,0
Nauru,2025,March,0
Nauru,2025,April,0
Nauru,2025,May,0
Nauru,2025,June,0
Nauru,2025,July,0
Nauru,2025,August,0
Nauru,2025,September,0
Nauru,2025,October,0
Nauru,2025,November,0
Nauru,2025,December,0
Nauru,2025,Total,0
Nauru,2026,January,0
Nauru,2026,February,0
Nauru,2026,March,0
Nauru,2026,April,0
Nauru,2026,May,0
Nauru,2026,Total,0
Nepal,2023,January,265
Nepal,2023,February,250
Nepal,2023,March,380
Nepal,2023,April,510
Nepal,2023,May,385
Nepal,2023,June,560
Nepal,2023,July,370
Nepal,2023,August,705
Nepal,2023,September,805
Nepal,2023,October,425
Nepal,2023,November,280
Nepal,2023,December,220
Nepal,2023,Total,5155
Nepal,2024,January,320
Nepal,2024,February,355
Nepal,2024,March,310
Nepal,2024,April,330
Nepal,2024,May,865
Nepal,2024,June,1220
Nepal,2024,July,490
Nepal,2024,August,405
Nepal,2024,September,665
Nepal,2024,October,520
Nepal,2024,November,1035
Nepal,2024,December,585
Nepal,2024,Total,7105
Nepal,2025,January,495
Nepal,2025,February,785
Nepal,2025,March,780
Nepal,2025,April,650
Nepal,2025,May,935
Nepal,2025,June,610
Nepal,2025,July,765
Nepal,2025,August,645
Nepal,2025,September,610
Nepal,2025,October,635
Nepal,2025,November,595
Nepal,2025,December,625
Nepal,2025,Total,8130
Nepal,2026,January,740
Nepal,2026,February,1165
Nepal,2026,March,1365
Nepal,2026,April,1360
Nepal,2026,May,1220
Nepal,2026,Total,5850
New Zealand,2023,January,0
New Zealand,2023,February,0
New Zealand,2023,March,
New Zealand,2023,April,5
New Zealand,2023,May,0
New Zealand,2023,June,
New Zealand,2023,July,0
New Zealand,2023,August,
New Zealand,2023,September,0
New Zealand,2023,October,
New Zealand,2023,November,
New Zealand,2023,December,0
New Zealand,2023,Total,15
New Zealand,2024,January,
New Zealand,2024,February,
New Zealand,2024,March,
New Zealand,2024,April,
New Zealand,2024,May,0
New Zealand,2024,June,0
New Zealand,2024,July,0
New Zealand,2024,August,0
New Zealand,2024,September,0
New Zealand,2024,October,0
New Zealand,2024,November,
New Zealand,2024,December,0
New Zealand,2024,Total,10
New Zealand,2025,January,0
New Zealand,2025,February,0
New Zealand,2025,March,0
New Zealand,2025,April,
New Zealand,2025,May,0
New Zealand,2025,June,
New Zealand,2025,July,0
New Zealand,2025,August,
New Zealand,2025,September,
New Zealand,2025,October,
New Zealand,2025,November,0
New Zealand,2025,December,
New Zealand,2025,Total,5
New Zealand,2026,January,
New Zealand,2026,February,0
New Zealand,2026,March,0
New Zealand,2026,April,0
New Zealand,2026,May,0
New Zealand,2026,Total,
Nicaragua,2023,January,85
Nicaragua,2023,February,70
Nicaragua,2023,March,90
Nicaragua,2023,April,90
Nicaragua,2023,May,105
Nicaragua,2023,June,90
Nicaragua,2023,July,50
Nicaragua,2023,August,100
Nicaragua,2023,September,100
Nicaragua,2023,October,85
Nicaragua,2023,November,160
Nicaragua,2023,December,80
Nicaragua,2023,Total,1095
Nicaragua,2024,January,50
Nicaragua,2024,February,85
Nicaragua,2024,March,110
Nicaragua,2024,April,70
Nicaragua,2024,May,60
Nicaragua,2024,June,40
Nicaragua,2024,July,45
Nicaragua,2024,August,75
Nicaragua,2024,September,40
Nicaragua,2024,October,35
Nicaragua,2024,November,110
Nicaragua,2024,December,60
Nicaragua,2024,Total,780
Nicaragua,2025,January,105
Nicaragua,2025,February,115
Nicaragua,2025,March,65
Nicaragua,2025,April,75
Nicaragua,2025,May,95
Nicaragua,2025,June,50
Nicaragua,2025,July,70
Nicaragua,2025,August,55
Nicaragua,2025,September,65
Nicaragua,2025,October,75
Nicaragua,2025,November,45
Nicaragua,2025,December,55
Nicaragua,2025,Total,875
Nicaragua,2026,January,65
Nicaragua,2026,February,65
Nicaragua,2026,March,95
Nicaragua,2026,April,155
Nicaragua,2026,May,160
Nicaragua,2026,Total,540
Nigeria,2023,January,5895
Nigeria,2023,February,2590
Nigeria,2023,March,2390
Nigeria,2023,April,17160
Nigeria,2023,May,13220
Nigeria,2023,June,8975
Nigeria,2023,July,5920
Nigeria,2023,August,5855
Nigeria,2023,September,4385
Nigeria,2023,October,4485
Nigeria,2023,November,5690
Nigeria,2023,December,2715
Nigeria,2023,Total,79275
Nigeria,2024,January,4750
Nigeria,2024,February,5145
Nigeria,2024,March,5065
Nigeria,2024,April,5300
Nigeria,2024,May,4530
Nigeria,2024,June,3080
Nigeria,2024,July,3875
Nigeria,2024,August,3440
Nigeria,2024,September,3465
Nigeria,2024,October,4115
Nigeria,2024,November,4180
Nigeria,2024,December,4470
Nigeria,2024,Total,51425
Nigeria,2025,January,5240
Nigeria,2025,February,4945
Nigeria,2025,March,4330
Nigeria,2025,April,5020
Nigeria,2025,May,5060
Nigeria,2025,June,3360
Nigeria,2025,July,3970
Nigeria,2025,August,2440
Nigeria,2025,September,3415
Nigeria,2025,October,3490
Nigeria,2025,November,2295
Nigeria,2025,December,1905
Nigeria,2025,Total,45470
Nigeria,2026,January,2305
Nigeria,2026,February,3480
Nigeria,2026,March,3355
Nigeria,2026,April,3680
Nigeria,2026,May,3210
Nigeria,2026,Total,16030
Norway,2023,January,0
Norway,2023,February,
Norway,2023,March,0
Norway,2023,April,0
Norway,2023,May,0
Norway,2023,June,0
Norway,2023,July,
Norway,2023,August,0
Norway,2023,September,
Norway,2023,October,
Norway,2023,November,
Norway,2023,December,
Norway,2023,Total,10
Norway,2024,January,
Norway,2024,February,0
Norway,2024,March,
Norway,2024,April,0
Norway,2024,May,
Norway,2024,June,
Norway,2024,July,0
Norway,2024,August,
Norway,2024,September,
Norway,2024,October,
Norway,2024,November,
Norway,2024,December,
Norway,2024,Total,15
Norway,2025,January,0
Norway,2025,February,0
Norway,2025,March,
Norway,2025,April,
Norway,2025,May,0
Norway,2025,June,
Norway,2025,July,0
Norway,2025,August,
Norway,2025,September,5
Norway,2025,October,
Norway,2025,November,0
Norway,2025,December,
Norway,2025,Total,20
Norway,2026,January,0
Norway,2026,February,
Norway,2026,March,0
Norway,2026,April,
Norway,2026,May,0
Norway,2026,Total,
Oman,2023,January,100
Oman,2023,February,40
Oman,2023,March,40
Oman,2023,April,45
Oman,2023,May,125
Oman,2023,June,45
Oman,2023,July,70
Oman,2023,August,30
Oman,2023,September,20
Oman,2023,October,30
Oman,2023,November,10
Oman,2023,December,10
Oman,2023,Total,570
Oman,2024,January,25
Oman,2024,February,60
Oman,2024,March,50
Oman,2024,April,35
Oman,2024,May,90
Oman,2024,June,45
Oman,2024,July,55
Oman,2024,August,30
Oman,2024,September,20
Oman,2024,October,40
Oman,2024,November,30
Oman,2024,December,10
Oman,2024,Total,490
Oman,2025,January,30
Oman,2025,February,65
Oman,2025,March,40
Oman,2025,April,35
Oman,2025,May,115
Oman,2025,June,20
Oman,2025,July,30
Oman,2025,August,15
Oman,2025,September,50
Oman,2025,October,40
Oman,2025,November,15
Oman,2025,December,30
Oman,2025,Total,485
Oman,2026,January,40
Oman,2026,February,40
Oman,2026,March,30
Oman,2026,April,80
Oman,2026,May,55
Oman,2026,Total,240
Pakistan,2023,January,3450
Pakistan,2023,February,5465
Pakistan,2023,March,6120
Pakistan,2023,April,3825
Pakistan,2023,May,4535
Pakistan,2023,June,3550
Pakistan,2023,July,2810
Pakistan,2023,August,3060
Pakistan,2023,September,2625
Pakistan,2023,October,3980
Pakistan,2023,November,2645
Pakistan,2023,December,1420
Pakistan,2023,Total,43480
Pakistan,2024,January,2955
Pakistan,2024,February,3425
Pakistan,2024,March,4275
Pakistan,2024,April,2465
Pakistan,2024,May,2715
Pakistan,2024,June,1935
Pakistan,2024,July,2590
Pakistan,2024,August,2095
Pakistan,2024,September,1690
Pakistan,2024,October,1655
Pakistan,2024,November,2010
Pakistan,2024,December,1655
Pakistan,2024,Total,29465
Pakistan,2025,January,1810
Pakistan,2025,February,1725
Pakistan,2025,March,1880
Pakistan,2025,April,1710
Pakistan,2025,May,2065
Pakistan,2025,June,1665
Pakistan,2025,July,2155
Pakistan,2025,August,2500
Pakistan,2025,September,1980
Pakistan,2025,October,1900
Pakistan,2025,November,1915
Pakistan,2025,December,1590
Pakistan,2025,Total,22895
Pakistan,2026,January,1825
Pakistan,2026,February,1890
Pakistan,2026,March,1900
Pakistan,2026,April,2375
Pakistan,2026,May,2995
Pakistan,2026,Total,10985
Palestinian Authority (Gaza/West Bank),2023,January,30
Palestinian Authority (Gaza/West Bank),2023,February,70
Palestinian Authority (Gaza/West Bank),2023,March,125
Palestinian Authority (Gaza/West Bank),2023,April,235
Palestinian Authority (Gaza/West Bank),2023,May,110
Palestinian Authority (Gaza/West Bank),2023,June,85
Palestinian Authority (Gaza/West Bank),2023,July,85
Palestinian Authority (Gaza/West Bank),2023,August,50
Palestinian Authority (Gaza/West Bank),2023,September,30
Palestinian Authority (Gaza/West Bank),2023,October,70
Palestinian Authority (Gaza/West Bank),2023,November,115
Palestinian Authority (Gaza/West Bank),2023,December,40
Palestinian Authority (Gaza/West Bank),2023,Total,1045
Palestinian Authority (Gaza/West Bank),2024,January,55
Palestinian Authority (Gaza/West Bank),2024,February,50
Palestinian Authority (Gaza/West Bank),2024,March,110
Palestinian Authority (Gaza/West Bank),2024,April,155
Palestinian Authority (Gaza/West Bank),2024,May,200
Palestinian Authority (Gaza/West Bank),2024,June,130
Palestinian Authority (Gaza/West Bank),2024,July,130
Palestinian Authority (Gaza/West Bank),2024,August,85
Palestinian Authority (Gaza/West Bank),2024,September,255
Palestinian Authority (Gaza/West Bank),2024,October,115
Palestinian Authority (Gaza/West Bank),2024,November,135
Palestinian Authority (Gaza/West Bank),2024,December,115
Palestinian Authority (Gaza/West Bank),2024,Total,1530
Palestinian Authority (Gaza/West Bank),2025,January,110
Palestinian Authority (Gaza/West Bank),2025,February,30
Palestinian Authority (Gaza/West Bank),2025,March,75
Palestinian Authority (Gaza/West Bank),2025,April,70
Palestinian Authority (Gaza/West Bank),2025,May,80
Palestinian Authority (Gaza/West Bank),2025,June,50
Palestinian Authority (Gaza/West Bank),2025,July,50
Palestinian Authority (Gaza/West Bank),2025,August,60
Palestinian Authority (Gaza/West Bank),2025,September,55
Palestinian Authority (Gaza/West Bank),2025,October,65
Palestinian Authority (Gaza/West Bank),2025,November,70
Palestinian Authority (Gaza/West Bank),2025,December,70
Palestinian Authority (Gaza/West Bank),2025,Total,780
Palestinian Authority (Gaza/West Bank),2026,January,50
Palestinian Authority (Gaza/West Bank),2026,February,60
Palestinian Authority (Gaza/West Bank),2026,March,45
Palestinian Authority (Gaza/West Bank),2026,April,55
Palestinian Authority (Gaza/West Bank),2026,May,45
Palestinian Authority (Gaza/West Bank),2026,Total,260
"Panama, Republic of",2023,January,145
"Panama, Republic of",2023,February,210
"Panama, Republic of",2023,March,170
"Panama, Republic of",2023,April,115
"Panama, Republic of",2023,May,270
"Panama, Republic of",2023,June,285
"Panama, Republic of",2023,July,30
"Panama, Republic of",2023,August,20
"Panama, Republic of",2023,September,75
"Panama, Republic of",2023,October,65
"Panama, Republic of",2023,November,70
"Panama, Republic of",2023,December,25
"Panama, Republic of",2023,Total,1475
"Panama, Republic of",2024,January,20
"Panama, Republic of",2024,February,20
"Panama, Republic of",2024,March,50
"Panama, Republic of",2024,April,50
"Panama, Republic of",2024,May,35
"Panama, Republic of",2024,June,55
"Panama, Republic of",2024,July,55
"Panama, Republic of",2024,August,70
"Panama, Republic of",2024,September,15
"Panama, Republic of",2024,October,20
"Panama, Republic of",2024,November,30
"Panama, Republic of",2024,December,15
"Panama, Republic of",2024,Total,425
"Panama, Republic of",2025,January,45
"Panama, Republic of",2025,February,65
"Panama, Republic of",2025,March,55
"Panama, Republic of",2025,April,30
"Panama, Republic of",2025,May,50
"Panama, Republic of",2025,June,50
"Panama, Republic of",2025,July,30
"Panama, Republic of",2025,August,25
"Panama, Republic of",2025,September,25
"Panama, Republic of",2025,October,30
"Panama, Republic of",2025,November,20
"Panama, Republic of",2025,December,30
"Panama, Republic of",2025,Total,450
"Panama, Republic of",2026,January,45
"Panama, Republic of",2026,February,50
"Panama, Republic of",2026,March,90
"Panama, Republic of",2026,April,130
"Panama, Republic of",2026,May,150
"Panama, Republic of",2026,Total,470
Paraguay,2023,January,40
Paraguay,2023,February,35
Paraguay,2023,March,50
Paraguay,2023,April,65
Paraguay,2023,May,60
Paraguay,2023,June,65
Paraguay,2023,July,55
Paraguay,2023,August,45
Paraguay,2023,September,30
Paraguay,2023,October,20
Paraguay,2023,November,45
Paraguay,2023,December,30
Paraguay,2023,Total,540
Paraguay,2024,January,35
Paraguay,2024,February,60
Paraguay,2024,March,70
Paraguay,2024,April,55
Paraguay,2024,May,50
Paraguay,2024,June,65
Paraguay,2024,July,80
Paraguay,2024,August,45
Paraguay,2024,September,20
Paraguay,2024,October,5
Paraguay,2024,November,20
Paraguay,2024,December,30
Paraguay,2024,Total,540
Paraguay,2025,January,40
Paraguay,2025,February,10
Paraguay,2025,March,10
Paraguay,2025,April,45
Paraguay,2025,May,110
Paraguay,2025,June,60
Paraguay,2025,July,50
Paraguay,2025,August,20
Paraguay,2025,September,30
Paraguay,2025,October,35
Paraguay,2025,November,20
Paraguay,2025,December,25
Paraguay,2025,Total,460
Paraguay,2026,January,30
Paraguay,2026,February,35
Paraguay,2026,March,50
Paraguay,2026,April,55
Paraguay,2026,May,50
Paraguay,2026,Total,230
People's Republic of China,2023,January,11200
People's Republic of China,2023,February,12090
People's Republic of China,2023,March,16515
People's Republic of China,2023,April,17060
People's Republic of China,2023,May,21720
People's Republic of China,2023,June,22920
People's Republic of China,2023,July,19570
People's Republic of China,2023,August,17750
People's Republic of China,2023,September,20975
People's Republic of China,2023,October,20240
People's Republic of China,2023,November,23885
People's Republic of China,2023,December,18510
People's Republic of China,2023,Total,222435
People's Republic of China,2024,January,22540
People's Republic of China,2024,February,17975
People's Republic of China,2024,March,18715
People's Republic of China,2024,April,22425
People's Republic of China,2024,May,23100
People's Republic of China,2024,June,20770
People's Republic of China,2024,July,28030
People's Republic of China,2024,August,24300
People's Republic of China,2024,September,19580
People's Republic of China,2024,October,19895
People's Republic of China,2024,November,18885
People's Republic of China,2024,December,18165
People's Republic of China,2024,Total,254380
People's Republic of China,2025,January,16005
People's Republic of China,2025,February,12900
People's Republic of China,2025,March,15750
People's Republic of China,2025,April,19695
People's Republic of China,2025,May,23485
People's Republic of China,2025,June,15170
People's Republic of China,2025,July,21485
People's Republic of China,2025,August,17795
People's Republic of China,2025,September,13475
People's Republic of China,2025,October,11705
People's Republic of China,2025,November,15255
People's Republic of China,2025,December,12415
People's Republic of China,2025,Total,195135
People's Republic of China,2026,January,15790
People's Republic of China,2026,February,12160
People's Republic of China,2026,March,16515
People's Republic of China,2026,April,20325
People's Republic of China,2026,May,19570
People's Republic of China,2026,Total,84365
Peoples Republic of Benin,2023,January,65
Peoples Republic of Benin,2023,February,215
Peoples Republic of Benin,2023,March,125
Peoples Republic of Benin,2023,April,295
Peoples Republic of Benin,2023,May,125
Peoples Republic of Benin,2023,June,135
Peoples Republic of Benin,2023,July,75
Peoples Republic of Benin,2023,August,160
Peoples Republic of Benin,2023,September,75
Peoples Republic of Benin,2023,October,45
Peoples Republic of Benin,2023,November,35
Peoples Republic of Benin,2023,December,70
Peoples Republic of Benin,2023,Total,1425
Peoples Republic of Benin,2024,January,100
Peoples Republic of Benin,2024,February,210
Peoples Republic of Benin,2024,March,135
Peoples Republic of Benin,2024,April,45
Peoples Republic of Benin,2024,May,170
Peoples Republic of Benin,2024,June,45
Peoples Republic of Benin,2024,July,85
Peoples Republic of Benin,2024,August,55
Peoples Republic of Benin,2024,September,125
Peoples Republic of Benin,2024,October,50
Peoples Republic of Benin,2024,November,80
Peoples Republic of Benin,2024,December,35
Peoples Republic of Benin,2024,Total,1140
Peoples Republic of Benin,2025,January,55
Peoples Republic of Benin,2025,February,55
Peoples Republic of Benin,2025,March,75
Peoples Republic of Benin,2025,April,45
Peoples Republic of Benin,2025,May,65
Peoples Republic of Benin,2025,June,55
Peoples Republic of Benin,2025,July,85
Peoples Republic of Benin,2025,August,85
Peoples Republic of Benin,2025,September,100
Peoples Republic of Benin,2025,October,70
Peoples Republic of Benin,2025,November,60
Peoples Republic of Benin,2025,December,35
Peoples Republic of Benin,2025,Total,780
Peoples Republic of Benin,2026,January,60
Peoples Republic of Benin,2026,February,105
Peoples Republic of Benin,2026,March,85
Peoples Republic of Benin,2026,April,75
Peoples Republic of Benin,2026,May,145
Peoples Republic of Benin,2026,Total,465
Peru,2023,January,1095
Peru,2023,February,805
Peru,2023,March,940
Peru,2023,April,825
Peru,2023,May,1310
Peru,2023,June,2240
Peru,2023,July,1045
Peru,2023,August,1415
Peru,2023,September,1000
Peru,2023,October,555
Peru,2023,November,785
Peru,2023,December,655
Peru,2023,Total,12670
Peru,2024,January,855
Peru,2024,February,1080
Peru,2024,March,1180
Peru,2024,April,1645
Peru,2024,May,1155
Peru,2024,June,1015
Peru,2024,July,1170
Peru,2024,August,1095
Peru,2024,September,780
Peru,2024,October,1000
Peru,2024,November,1270
Peru,2024,December,960
Peru,2024,Total,13205
Peru,2025,January,1070
Peru,2025,February,725
Peru,2025,March,1045
Peru,2025,April,905
Peru,2025,May,1400
Peru,2025,June,1100
Peru,2025,July,1175
Peru,2025,August,770
Peru,2025,September,835
Peru,2025,October,880
Peru,2025,November,735
Peru,2025,December,850
Peru,2025,Total,11490
Peru,2026,January,835
Peru,2026,February,1335
Peru,2026,March,1320
Peru,2026,April,1285
Peru,2026,May,1285
Peru,2026,Total,6055
Philippines,2023,January,4995
Philippines,2023,February,5815
Philippines,2023,March,9390
Philippines,2023,April,5125
Philippines,2023,May,5780
Philippines,2023,June,13495
Philippines,2023,July,7670
Philippines,2023,August,5900
Philippines,2023,September,5785
Philippines,2023,October,4850
Philippines,2023,November,6930
Philippines,2023,December,3280
Philippines,2023,Total,79015
Philippines,2024,January,4295
Philippines,2024,February,5390
Philippines,2024,March,5945
Philippines,2024,April,7410
Philippines,2024,May,6045
Philippines,2024,June,3420
Philippines,2024,July,4160
Philippines,2024,August,3705
Philippines,2024,September,2585
Philippines,2024,October,2480
Philippines,2024,November,1560
Philippines,2024,December,1765
Philippines,2024,Total,48755
Philippines,2025,January,1125
Philippines,2025,February,1975
Philippines,2025,March,1650
Philippines,2025,April,2365
Philippines,2025,May,2620
Philippines,2025,June,2005
Philippines,2025,July,2170
Philippines,2025,August,1325
Philippines,2025,September,1710
Philippines,2025,October,1790
Philippines,2025,November,1255
Philippines,2025,December,1125
Philippines,2025,Total,21115
Philippines,2026,January,1205
Philippines,2026,February,1660
Philippines,2026,March,2210
Philippines,2026,April,2215
Philippines,2026,May,2445
Philippines,2026,Total,9740
Poland,2023,January,
Poland,2023,February,
Poland,2023,March,
Poland,2023,April,0
Poland,2023,May,10
Poland,2023,June,5
Poland,2023,July,
Poland,2023,August,5
Poland,2023,September,10
Poland,2023,October,5
Poland,2023,November,
Poland,2023,December,5
Poland,2023,Total,50
Poland,2024,January,
Poland,2024,February,5
Poland,2024,March,0
Poland,2024,April,
Poland,2024,May,
Poland,2024,June,
Poland,2024,July,5
Poland,2024,August,5
Poland,2024,September,10
Poland,2024,October,
Poland,2024,November,10
Poland,2024,December,
Poland,2024,Total,45
Poland,2025,January,10
Poland,2025,February,0
Poland,2025,March,0
Poland,2025,April,
Poland,2025,May,5
Poland,2025,June,
Poland,2025,July,0
Poland,2025,August,5
Poland,2025,September,5
Poland,2025,October,5
Poland,2025,November,
Poland,2025,December,
Poland,2025,Total,45
Poland,2026,January,0
Poland,2026,February,
Poland,2026,March,0
Poland,2026,April,0
Poland,2026,May,
Poland,2026,Total,
Portugal,2023,January,
Portugal,2023,February,
Portugal,2023,March,
Portugal,2023,April,0
Portugal,2023,May,
Portugal,2023,June,
Portugal,2023,July,
Portugal,2023,August,
Portugal,2023,September,0
Portugal,2023,October,
Portugal,2023,November,
Portugal,2023,December,0
Portugal,2023,Total,20
Portugal,2024,January,
Portugal,2024,February,
Portugal,2024,March,
Portugal,2024,April,0
Portugal,2024,May,
Portugal,2024,June,0
Portugal,2024,July,0
Portugal,2024,August,0
Portugal,2024,September,0
Portugal,2024,October,
Portugal,2024,November,
Portugal,2024,December,0
Portugal,2024,Total,5
Portugal,2025,January,
Portugal,2025,February,0
Portugal,2025,March,
Portugal,2025,April,
Portugal,2025,May,
Portugal,2025,June,0
Portugal,2025,July,
Portugal,2025,August,
Portugal,2025,September,
Portugal,2025,October,
Portugal,2025,November,0
Portugal,2025,December,
Portugal,2025,Total,20
Portugal,2026,January,
Portugal,2026,February,
Portugal,2026,March,10
Portugal,2026,April,
Portugal,2026,May,0
Portugal,2026,Total,10
Qatar,2023,January,65
Qatar,2023,February,20
Qatar,2023,March,30
Qatar,2023,April,60
Qatar,2023,May,70
Qatar,2023,June,55
Qatar,2023,July,35
Qatar,2023,August,55
Qatar,2023,September,35
Qatar,2023,October,15
Qatar,2023,November,25
Qatar,2023,December,25
Qatar,2023,Total,485
Qatar,2024,January,15
Qatar,2024,February,25
Qatar,2024,March,30
Qatar,2024,April,15
Qatar,2024,May,25
Qatar,2024,June,60
Qatar,2024,July,30
Qatar,2024,August,25
Qatar,2024,September,175
Qatar,2024,October,40
Qatar,2024,November,10
Qatar,2024,December,20
Qatar,2024,Total,470
Qatar,2025,January,25
Qatar,2025,February,5
Qatar,2025,March,40
Qatar,2025,April,25
Qatar,2025,May,30
Qatar,2025,June,40
Qatar,2025,July,50
Qatar,2025,August,15
Qatar,2025,September,50
Qatar,2025,October,20
Qatar,2025,November,10
Qatar,2025,December,5
Qatar,2025,Total,315
Qatar,2026,January,
Qatar,2026,February,0
Qatar,2026,March,
Qatar,2026,April,
Qatar,2026,May,
Qatar,2026,Total,10
Republic of Djibouti,2023,January,10
Republic of Djibouti,2023,February,10
Republic of Djibouti,2023,March,45
Republic of Djibouti,2023,April,90
Republic of Djibouti,2023,May,80
Republic of Djibouti,2023,June,25
Republic of Djibouti,2023,July,15
Republic of Djibouti,2023,August,10
Republic of Djibouti,2023,September,35
Republic of Djibouti,2023,October,20
Republic of Djibouti,2023,November,10
Republic of Djibouti,2023,December,5
Republic of Djibouti,2023,Total,345
Republic of Djibouti,2024,January,10
Republic of Djibouti,2024,February,10
Republic of Djibouti,2024,March,35
Republic of Djibouti,2024,April,20
Republic of Djibouti,2024,May,50
Republic of Djibouti,2024,June,15
Republic of Djibouti,2024,July,5
Republic of Djibouti,2024,August,10
Republic of Djibouti,2024,September,15
Republic of Djibouti,2024,October,20
Republic of Djibouti,2024,November,10
Republic of Djibouti,2024,December,10
Republic of Djibouti,2024,Total,220
Republic of Djibouti,2025,January,10
Republic of Djibouti,2025,February,15
Republic of Djibouti,2025,March,10
Republic of Djibouti,2025,April,15
Republic of Djibouti,2025,May,20
Republic of Djibouti,2025,June,10
Republic of Djibouti,2025,July,
Republic of Djibouti,2025,August,5
Republic of Djibouti,2025,September,5
Republic of Djibouti,2025,October,5
Republic of Djibouti,2025,November,10
Republic of Djibouti,2025,December,15
Republic of Djibouti,2025,Total,130
Republic of Djibouti,2026,January,
Republic of Djibouti,2026,February,15
Republic of Djibouti,2026,March,
Republic of Djibouti,2026,April,10
Republic of Djibouti,2026,May,15
Republic of Djibouti,2026,Total,45
Republic of Indonesia,2023,January,680
Republic of Indonesia,2023,February,1030
Republic of Indonesia,2023,March,1635
Republic of Indonesia,2023,April,1230
Republic of Indonesia,2023,May,1335
Republic of Indonesia,2023,June,1325
Republic of Indonesia,2023,July,1155
Republic of Indonesia,2023,August,1300
Republic of Indonesia,2023,September,820
Republic of Indonesia,2023,October,865
Republic of Indonesia,2023,November,580
Republic of Indonesia,2023,December,325
Republic of Indonesia,2023,Total,12285
Republic of Indonesia,2024,January,930
Republic of Indonesia,2024,February,1290
Republic of Indonesia,2024,March,1335
Republic of Indonesia,2024,April,1175
Republic of Indonesia,2024,May,1210
Republic of Indonesia,2024,June,850
Republic of Indonesia,2024,July,1375
Republic of Indonesia,2024,August,1055
Republic of Indonesia,2024,September,900
Republic of Indonesia,2024,October,515
Republic of Indonesia,2024,November,1070
Republic of Indonesia,2024,December,545
Republic of Indonesia,2024,Total,12250
Republic of Indonesia,2025,January,545
Republic of Indonesia,2025,February,845
Republic of Indonesia,2025,March,1135
Republic of Indonesia,2025,April,1160
Republic of Indonesia,2025,May,935
Republic of Indonesia,2025,June,735
Republic of Indonesia,2025,July,535
Republic of Indonesia,2025,August,845
Republic of Indonesia,2025,September,720
Republic of Indonesia,2025,October,835
Republic of Indonesia,2025,November,450
Republic of Indonesia,2025,December,605
Republic of Indonesia,2025,Total,9340
Republic of Indonesia,2026,January,605
Republic of Indonesia,2026,February,900
Republic of Indonesia,2026,March,890
Republic of Indonesia,2026,April,1055
Republic of Indonesia,2026,May,1195
Republic of Indonesia,2026,Total,4640
Republic of Ireland,2023,January,
Republic of Ireland,2023,February,
Republic of Ireland,2023,March,
Republic of Ireland,2023,April,
Republic of Ireland,2023,May,0
Republic of Ireland,2023,June,
Republic of Ireland,2023,July,
Republic of Ireland,2023,August,
Republic of Ireland,2023,September,
Republic of Ireland,2023,October,
Republic of Ireland,2023,November,
Republic of Ireland,2023,December,
Republic of Ireland,2023,Total,15
Republic of Ireland,2024,January,0
Republic of Ireland,2024,February,
Republic of Ireland,2024,March,
Republic of Ireland,2024,April,0
Republic of Ireland,2024,May,0
Republic of Ireland,2024,June,0
Republic of Ireland,2024,July,0
Republic of Ireland,2024,August,0
Republic of Ireland,2024,September,
Republic of Ireland,2024,October,
Republic of Ireland,2024,November,
Republic of Ireland,2024,December,0
Republic of Ireland,2024,Total,10
Republic of Ireland,2025,January,0
Republic of Ireland,2025,February,
Republic of Ireland,2025,March,0
Republic of Ireland,2025,April,0
Republic of Ireland,2025,May,
Republic of Ireland,2025,June,0
Republic of Ireland,2025,July,0
Republic of Ireland,2025,August,
Republic of Ireland,2025,September,0
Republic of Ireland,2025,October,
Republic of Ireland,2025,November,0
Republic of Ireland,2025,December,
Republic of Ireland,2025,Total,5
Republic of Ireland,2026,January,0
Republic of Ireland,2026,February,0
Republic of Ireland,2026,March,0
Republic of Ireland,2026,April,0
Republic of Ireland,2026,May,0
Republic of Ireland,2026,Total,0
Republic of Ivory Coast,2023,January,380
Republic of Ivory Coast,2023,February,255
Republic of Ivory Coast,2023,March,455
Republic of Ivory Coast,2023,April,1475
Republic of Ivory Coast,2023,May,575
Republic of Ivory Coast,2023,June,420
Republic of Ivory Coast,2023,July,220
Republic of Ivory Coast,2023,August,135
Republic of Ivory Coast,2023,September,285
Republic of Ivory Coast,2023,October,460
Republic of Ivory Coast,2023,November,135
Republic of Ivory Coast,2023,December,130
Republic of Ivory Coast,2023,Total,4925
Republic of Ivory Coast,2024,January,270
Republic of Ivory Coast,2024,February,240
Republic of Ivory Coast,2024,March,360
Republic of Ivory Coast,2024,April,260
Republic of Ivory Coast,2024,May,490
Republic of Ivory Coast,2024,June,180
Republic of Ivory Coast,2024,July,320
Republic of Ivory Coast,2024,August,445
Republic of Ivory Coast,2024,September,295
Republic of Ivory Coast,2024,October,205
Republic of Ivory Coast,2024,November,260
Republic of Ivory Coast,2024,December,175
Republic of Ivory Coast,2024,Total,3495
Republic of Ivory Coast,2025,January,275
Republic of Ivory Coast,2025,February,245
Republic of Ivory Coast,2025,March,385
Republic of Ivory Coast,2025,April,250
Republic of Ivory Coast,2025,May,575
Republic of Ivory Coast,2025,June,355
Republic of Ivory Coast,2025,July,220
Republic of Ivory Coast,2025,August,330
Republic of Ivory Coast,2025,September,620
Republic of Ivory Coast,2025,October,270
Republic of Ivory Coast,2025,November,320
Republic of Ivory Coast,2025,December,220
Republic of Ivory Coast,2025,Total,4065
Republic of Ivory Coast,2026,January,150
Republic of Ivory Coast,2026,February,570
Republic of Ivory Coast,2026,March,295
Republic of Ivory Coast,2026,April,440
Republic of Ivory Coast,2026,May,345
Republic of Ivory Coast,2026,Total,1800
Republic of Palau,2023,January,
Republic of Palau,2023,February,0
Republic of Palau,2023,March,0
Republic of Palau,2023,April,0
Republic of Palau,2023,May,0
Republic of Palau,2023,June,0
Republic of Palau,2023,July,
Republic of Palau,2023,August,0
Republic of Palau,2023,September,0
Republic of Palau,2023,October,0
Republic of Palau,2023,November,0
Republic of Palau,2023,December,0
Republic of Palau,2023,Total,5
Republic of Palau,2024,January,0
Republic of Palau,2024,February,0
Republic of Palau,2024,March,0
Republic of Palau,2024,April,0
Republic of Palau,2024,May,0
Republic of Palau,2024,June,0
Republic of Palau,2024,July,0
Republic of Palau,2024,August,0
Republic of Palau,2024,September,
Republic of Palau,2024,October,0
Republic of Palau,2024,November,0
Republic of Palau,2024,December,0
Republic of Palau,2024,Total,
Republic of Palau,2025,January,0
Republic of Palau,2025,February,0
Republic of Palau,2025,March,0
Republic of Palau,2025,April,0
Republic of Palau,2025,May,0
Republic of Palau,2025,June,0
Republic of Palau,2025,July,0
Republic of Palau,2025,August,
Republic of Palau,2025,September,0
Republic of Palau,2025,October,0
Republic of Palau,2025,November,0
Republic of Palau,2025,December,0
Republic of Palau,2025,Total,
Republic of Palau,2026,January,0
Republic of Palau,2026,February,
Republic of Palau,2026,March,0
Republic of Palau,2026,April,0
Republic of Palau,2026,May,0
Republic of Palau,2026,Total,
Republic of South Africa,2023,January,325
Republic of South Africa,2023,February,470
Republic of South Africa,2023,March,590
Republic of South Africa,2023,April,960
Republic of South Africa,2023,May,1325
Republic of South Africa,2023,June,905
Republic of South Africa,2023,July,365
Republic of South Africa,2023,August,620
Republic of South Africa,2023,September,480
Republic of South Africa,2023,October,380
Republic of South Africa,2023,November,715
Republic of South Africa,2023,December,390
Republic of South Africa,2023,Total,7525
Republic of South Africa,2024,January,520
Republic of South Africa,2024,February,470
Republic of South Africa,2024,March,530
Republic of South Africa,2024,April,825
Republic of South Africa,2024,May,735
Republic of South Africa,2024,June,625
Republic of South Africa,2024,July,350
Republic of South Africa,2024,August,195
Republic of South Africa,2024,September,135
Republic of South Africa,2024,October,125
Republic of South Africa,2024,November,325
Republic of South Africa,2024,December,300
Republic of South Africa,2024,Total,5130
Republic of South Africa,2025,January,415
Republic of South Africa,2025,February,420
Republic of South Africa,2025,March,715
Republic of South Africa,2025,April,290
Republic of South Africa,2025,May,485
Republic of South Africa,2025,June,1880
Republic of South Africa,2025,July,345
Republic of South Africa,2025,August,435
Republic of South Africa,2025,September,275
Republic of South Africa,2025,October,295
Republic of South Africa,2025,November,295
Republic of South Africa,2025,December,175
Republic of South Africa,2025,Total,6030
Republic of South Africa,2026,January,200
Republic of South Africa,2026,February,295
Republic of South Africa,2026,March,295
Republic of South Africa,2026,April,600
Republic of South Africa,2026,May,475
Republic of South Africa,2026,Total,1865
Republic of The Marshall Islands,2023,January,0
Republic of The Marshall Islands,2023,February,0
Republic of The Marshall Islands,2023,March,0
Republic of The Marshall Islands,2023,April,
Republic of The Marshall Islands,2023,May,0
Republic of The Marshall Islands,2023,June,
Republic of The Marshall Islands,2023,July,5
Republic of The Marshall Islands,2023,August,0
Republic of The Marshall Islands,2023,September,0
Republic of The Marshall Islands,2023,October,0
Republic of The Marshall Islands,2023,November,
Republic of The Marshall Islands,2023,December,0
Republic of The Marshall Islands,2023,Total,10
Republic of The Marshall Islands,2024,January,
Republic of The Marshall Islands,2024,February,0
Republic of The Marshall Islands,2024,March,0
Republic of The Marshall Islands,2024,April,0
Republic of The Marshall Islands,2024,May,0
Republic of The Marshall Islands,2024,June,0
Republic of The Marshall Islands,2024,July,0
Republic of The Marshall Islands,2024,August,
Republic of The Marshall Islands,2024,September,
Republic of The Marshall Islands,2024,October,0
Republic of The Marshall Islands,2024,November,
Republic of The Marshall Islands,2024,December,
Republic of The Marshall Islands,2024,Total,10
Republic of The Marshall Islands,2025,January,0
Republic of The Marshall Islands,2025,February,0
Republic of The Marshall Islands,2025,March,0
Republic of The Marshall Islands,2025,April,0
Republic of The Marshall Islands,2025,May,
Republic of The Marshall Islands,2025,June,0
Republic of The Marshall Islands,2025,July,0
Republic of The Marshall Islands,2025,August,0
Republic of The Marshall Islands,2025,September,
Republic of The Marshall Islands,2025,October,0
Republic of The Marshall Islands,2025,November,0
Republic of The Marshall Islands,2025,December,0
Republic of The Marshall Islands,2025,Total,
Republic of The Marshall Islands,2026,January,
Republic of The Marshall Islands,2026,February,
Republic of The Marshall Islands,2026,March,0
Republic of The Marshall Islands,2026,April,0
Republic of The Marshall Islands,2026,May,
Republic of The Marshall Islands,2026,Total,
Republic of the Niger,2023,January,25
Republic of the Niger,2023,February,20
Republic of the Niger,2023,March,50
Republic of the Niger,2023,April,145
Republic of the Niger,2023,May,75
Republic of the Niger,2023,June,50
Republic of the Niger,2023,July,35
Republic of the Niger,2023,August,20
Republic of the Niger,2023,September,20
Republic of the Niger,2023,October,55
Republic of the Niger,2023,November,50
Republic of the Niger,2023,December,10
Republic of the Niger,2023,Total,555
Republic of the Niger,2024,January,30
Republic of the Niger,2024,February,20
Republic of the Niger,2024,March,35
Republic of the Niger,2024,April,35
Republic of the Niger,2024,May,60
Republic of the Niger,2024,June,20
Republic of the Niger,2024,July,40
Republic of the Niger,2024,August,35
Republic of the Niger,2024,September,25
Republic of the Niger,2024,October,25
Republic of the Niger,2024,November,35
Republic of the Niger,2024,December,25
Republic of the Niger,2024,Total,385
Republic of the Niger,2025,January,20
Republic of the Niger,2025,February,10
Republic of the Niger,2025,March,30
Republic of the Niger,2025,April,30
Republic of the Niger,2025,May,30
Republic of the Niger,2025,June,50
Republic of the Niger,2025,July,60
Republic of the Niger,2025,August,40
Republic of the Niger,2025,September,60
Republic of the Niger,2025,October,25
Republic of the Niger,2025,November,45
Republic of the Niger,2025,December,20
Republic of the Niger,2025,Total,420
Republic of the Niger,2026,January,25
Republic of the Niger,2026,February,60
Republic of the Niger,2026,March,45
Republic of the Niger,2026,April,35
Republic of the Niger,2026,May,35
Republic of the Niger,2026,Total,195
Romania,2023,January,
Romania,2023,February,5
Romania,2023,March,5
Romania,2023,April,
Romania,2023,May,
Romania,2023,June,
Romania,2023,July,
Romania,2023,August,0
Romania,2023,September,
Romania,2023,October,10
Romania,2023,November,
Romania,2023,December,10
Romania,2023,Total,50
Romania,2024,January,5
Romania,2024,February,
Romania,2024,March,
Romania,2024,April,
Romania,2024,May,10
Romania,2024,June,
Romania,2024,July,
Romania,2024,August,
Romania,2024,September,
Romania,2024,October,5
Romania,2024,November,5
Romania,2024,December,0
Romania,2024,Total,45
Romania,2025,January,5
Romania,2025,February,0
Romania,2025,March,0
Romania,2025,April,
Romania,2025,May,
Romania,2025,June,
Romania,2025,July,
Romania,2025,August,15
Romania,2025,September,10
Romania,2025,October,5
Romania,2025,November,
Romania,2025,December,
Romania,2025,Total,50
Romania,2026,January,
Romania,2026,February,
Romania,2026,March,5
Romania,2026,April,
Romania,2026,May,0
Romania,2026,Total,10
Russia,2023,January,755
Russia,2023,February,510
Russia,2023,March,565
Russia,2023,April,400
Russia,2023,May,1550
Russia,2023,June,1215
Russia,2023,July,530
Russia,2023,August,335
Russia,2023,September,440
Russia,2023,October,1000
Russia,2023,November,1220
Russia,2023,December,845
Russia,2023,Total,9365
Russia,2024,January,1065
Russia,2024,February,405
Russia,2024,March,395
Russia,2024,April,1065
Russia,2024,May,740
Russia,2024,June,455
Russia,2024,July,525
Russia,2024,August,710
Russia,2024,September,425
Russia,2024,October,575
Russia,2024,November,670
Russia,2024,December,405
Russia,2024,Total,7435
Russia,2025,January,360
Russia,2025,February,550
Russia,2025,March,460
Russia,2025,April,590
Russia,2025,May,760
Russia,2025,June,410
Russia,2025,July,490
Russia,2025,August,335
Russia,2025,September,325
Russia,2025,October,420
Russia,2025,November,395
Russia,2025,December,420
Russia,2025,Total,5515
Russia,2026,January,355
Russia,2026,February,480
Russia,2026,March,460
Russia,2026,April,545
Russia,2026,May,505
Russia,2026,Total,2345
Rwanda,2023,January,105
Rwanda,2023,February,110
Rwanda,2023,March,90
Rwanda,2023,April,600
Rwanda,2023,May,575
Rwanda,2023,June,485
Rwanda,2023,July,140
Rwanda,2023,August,145
Rwanda,2023,September,390
Rwanda,2023,October,345
Rwanda,2023,November,260
Rwanda,2023,December,210
Rwanda,2023,Total,3460
Rwanda,2024,January,145
Rwanda,2024,February,160
Rwanda,2024,March,200
Rwanda,2024,April,195
Rwanda,2024,May,240
Rwanda,2024,June,95
Rwanda,2024,July,180
Rwanda,2024,August,85
Rwanda,2024,September,305
Rwanda,2024,October,55
Rwanda,2024,November,80
Rwanda,2024,December,30
Rwanda,2024,Total,1770
Rwanda,2025,January,40
Rwanda,2025,February,120
Rwanda,2025,March,40
Rwanda,2025,April,50
Rwanda,2025,May,75
Rwanda,2025,June,110
Rwanda,2025,July,65
Rwanda,2025,August,60
Rwanda,2025,September,40
Rwanda,2025,October,110
Rwanda,2025,November,130
Rwanda,2025,December,105
Rwanda,2025,Total,955
Rwanda,2026,January,75
Rwanda,2026,February,140
Rwanda,2026,March,140
Rwanda,2026,April,180
Rwanda,2026,May,140
Rwanda,2026,Total,675
"Samoa, Independent State Of",2023,January,
"Samoa, Independent State Of",2023,February,0
"Samoa, Independent State Of",2023,March,
"Samoa, Independent State Of",2023,April,0
"Samoa, Independent State Of",2023,May,0
"Samoa, Independent State Of",2023,June,0
"Samoa, Independent State Of",2023,July,0
"Samoa, Independent State Of",2023,August,0
"Samoa, Independent State Of",2023,September,0
"Samoa, Independent State Of",2023,October,0
"Samoa, Independent State Of",2023,November,0
"Samoa, Independent State Of",2023,December,0
"Samoa, Independent State Of",2023,Total,
"Samoa, Independent State Of",2024,January,0
"Samoa, Independent State Of",2024,February,0
"Samoa, Independent State Of",2024,March,0
"Samoa, Independent State Of",2024,April,0
"Samoa, Independent State Of",2024,May,0
"Samoa, Independent State Of",2024,June,0
"Samoa, Independent State Of",2024,July,0
"Samoa, Independent State Of",2024,August,0
"Samoa, Independent State Of",2024,September,0
"Samoa, Independent State Of",2024,October,0
"Samoa, Independent State Of",2024,November,0
"Samoa, Independent State Of",2024,December,0
"Samoa, Independent State Of",2024,Total,0
"Samoa, Independent State Of",2025,January,0
"Samoa, Independent State Of",2025,February,0
"Samoa, Independent State Of",2025,March,0
"Samoa, Independent State Of",2025,April,0
"Samoa, Independent State Of",2025,May,0
"Samoa, Independent State Of",2025,June,0
"Samoa, Independent State Of",2025,July,0
"Samoa, Independent State Of",2025,August,0
"Samoa, Independent State Of",2025,September,0
"Samoa, Independent State Of",2025,October,0
"Samoa, Independent State Of",2025,November,0
"Samoa, Independent State Of",2025,December,0
"Samoa, Independent State Of",2025,Total,0
"Samoa, Independent State Of",2026,January,0
"Samoa, Independent State Of",2026,February,0
"Samoa, Independent State Of",2026,March,0
"Samoa, Independent State Of",2026,April,0
"Samoa, Independent State Of",2026,May,0
"Samoa, Independent State Of",2026,Total,0
San Marino,2023,January,0
San Marino,2023,February,
San Marino,2023,March,0
San Marino,2023,April,0
San Marino,2023,May,0
San Marino,2023,June,0
San Marino,2023,July,0
San Marino,2023,August,0
San Marino,2023,September,0
San Marino,2023,October,0
San Marino,2023,November,0
San Marino,2023,December,0
San Marino,2023,Total,
San Marino,2024,January,0
San Marino,2024,February,0
San Marino,2024,March,0
San Marino,2024,April,0
San Marino,2024,May,0
San Marino,2024,June,0
San Marino,2024,July,0
San Marino,2024,August,0
San Marino,2024,September,0
San Marino,2024,October,0
San Marino,2024,November,0
San Marino,2024,December,0
San Marino,2024,Total,0
San Marino,2025,January,0
San Marino,2025,February,0
San Marino,2025,March,0
San Marino,2025,April,0
San Marino,2025,May,0
San Marino,2025,June,0
San Marino,2025,July,0
San Marino,2025,August,0
San Marino,2025,September,0
San Marino,2025,October,0
San Marino,2025,November,0
San Marino,2025,December,0
San Marino,2025,Total,0
San Marino,2026,January,0
San Marino,2026,February,0
San Marino,2026,March,0
San Marino,2026,April,0
San Marino,2026,May,0
San Marino,2026,Total,0
Sao Tome and Principe,2023,January,0
Sao Tome and Principe,2023,February,0
Sao Tome and Principe,2023,March,0
Sao Tome and Principe,2023,April,0
Sao Tome and Principe,2023,May,0
Sao Tome and Principe,2023,June,0
Sao Tome and Principe,2023,July,0
Sao Tome and Principe,2023,August,0
Sao Tome and Principe,2023,September,0
Sao Tome and Principe,2023,October,0
Sao Tome and Principe,2023,November,0
Sao Tome and Principe,2023,December,0
Sao Tome and Principe,2023,Total,0
Sao Tome and Principe,2024,January,0
Sao Tome and Principe,2024,February,
Sao Tome and Principe,2024,March,0
Sao Tome and Principe,2024,April,0
Sao Tome and Principe,2024,May,0
Sao Tome and Principe,2024,June,0
Sao Tome and Principe,2024,July,
Sao Tome and Principe,2024,August,0
Sao Tome and Principe,2024,September,0
Sao Tome and Principe,2024,October,0
Sao Tome and Principe,2024,November,0
Sao Tome and Principe,2024,December,0
Sao Tome and Principe,2024,Total,
Sao Tome and Principe,2025,January,
Sao Tome and Principe,2025,February,0
Sao Tome and Principe,2025,March,0
Sao Tome and Principe,2025,April,0
Sao Tome and Principe,2025,May,0
Sao Tome and Principe,2025,June,0
Sao Tome and Principe,2025,July,0
Sao Tome and Principe,2025,August,0
Sao Tome and Principe,2025,September,
Sao Tome and Principe,2025,October,0
Sao Tome and Principe,2025,November,0
Sao Tome and Principe,2025,December,
Sao Tome and Principe,2025,Total,
Sao Tome and Principe,2026,January,0
Sao Tome and Principe,2026,February,0
Sao Tome and Principe,2026,March,0
Sao Tome and Principe,2026,April,0
Sao Tome and Principe,2026,May,0
Sao Tome and Principe,2026,Total,0
Saudi Arabia,2023,January,205
Saudi Arabia,2023,February,540
Saudi Arabia,2023,March,455
Saudi Arabia,2023,April,255
Saudi Arabia,2023,May,505
Saudi Arabia,2023,June,405
Saudi Arabia,2023,July,320
Saudi Arabia,2023,August,345
Saudi Arabia,2023,September,485
Saudi Arabia,2023,October,205
Saudi Arabia,2023,November,465
Saudi Arabia,2023,December,210
Saudi Arabia,2023,Total,4395
Saudi Arabia,2024,January,125
Saudi Arabia,2024,February,120
Saudi Arabia,2024,March,640
Saudi Arabia,2024,April,295
Saudi Arabia,2024,May,645
Saudi Arabia,2024,June,515
Saudi Arabia,2024,July,605
Saudi Arabia,2024,August,240
Saudi Arabia,2024,September,315
Saudi Arabia,2024,October,370
Saudi Arabia,2024,November,325
Saudi Arabia,2024,December,285
Saudi Arabia,2024,Total,4475
Saudi Arabia,2025,January,360
Saudi Arabia,2025,February,395
Saudi Arabia,2025,March,455
Saudi Arabia,2025,April,305
Saudi Arabia,2025,May,590
Saudi Arabia,2025,June,635
Saudi Arabia,2025,July,730
Saudi Arabia,2025,August,200
Saudi Arabia,2025,September,700
Saudi Arabia,2025,October,365
Saudi Arabia,2025,November,335
Saudi Arabia,2025,December,275
Saudi Arabia,2025,Total,5350
Saudi Arabia,2026,January,360
Saudi Arabia,2026,February,410
Saudi Arabia,2026,March,445
Saudi Arabia,2026,April,480
Saudi Arabia,2026,May,570
Saudi Arabia,2026,Total,2265
Senegal,2023,January,310
Senegal,2023,February,300
Senegal,2023,March,420
Senegal,2023,April,2320
Senegal,2023,May,600
Senegal,2023,June,445
Senegal,2023,July,295
Senegal,2023,August,190
Senegal,2023,September,375
Senegal,2023,October,350
Senegal,2023,November,365
Senegal,2023,December,280
Senegal,2023,Total,6250
Senegal,2024,January,345
Senegal,2024,February,360
Senegal,2024,March,310
Senegal,2024,April,420
Senegal,2024,May,425
Senegal,2024,June,225
Senegal,2024,July,305
Senegal,2024,August,310
Senegal,2024,September,255
Senegal,2024,October,290
Senegal,2024,November,425
Senegal,2024,December,200
Senegal,2024,Total,3865
Senegal,2025,January,240
Senegal,2025,February,230
Senegal,2025,March,340
Senegal,2025,April,295
Senegal,2025,May,455
Senegal,2025,June,410
Senegal,2025,July,165
Senegal,2025,August,265
Senegal,2025,September,405
Senegal,2025,October,500
Senegal,2025,November,350
Senegal,2025,December,290
Senegal,2025,Total,3950
Senegal,2026,January,220
Senegal,2026,February,395
Senegal,2026,March,545
Senegal,2026,April,545
Senegal,2026,May,660
Senegal,2026,Total,2360
"Serbia, Republic of",2023,January,125
"Serbia, Republic of",2023,February,150
"Serbia, Republic of",2023,March,120
"Serbia, Republic of",2023,April,115
"Serbia, Republic of",2023,May,425
"Serbia, Republic of",2023,June,240
"Serbia, Republic of",2023,July,280
"Serbia, Republic of",2023,August,145
"Serbia, Republic of",2023,September,70
"Serbia, Republic of",2023,October,75
"Serbia, Republic of",2023,November,105
"Serbia, Republic of",2023,December,100
"Serbia, Republic of",2023,Total,1955
"Serbia, Republic of",2024,January,75
"Serbia, Republic of",2024,February,120
"Serbia, Republic of",2024,March,80
"Serbia, Republic of",2024,April,145
"Serbia, Republic of",2024,May,75
"Serbia, Republic of",2024,June,85
"Serbia, Republic of",2024,July,85
"Serbia, Republic of",2024,August,50
"Serbia, Republic of",2024,September,70
"Serbia, Republic of",2024,October,55
"Serbia, Republic of",2024,November,40
"Serbia, Republic of",2024,December,110
"Serbia, Republic of",2024,Total,995
"Serbia, Republic of",2025,January,80
"Serbia, Republic of",2025,February,405
"Serbia, Republic of",2025,March,430
"Serbia, Republic of",2025,April,95
"Serbia, Republic of",2025,May,105
"Serbia, Republic of",2025,June,110
"Serbia, Republic of",2025,July,280
"Serbia, Republic of",2025,August,120
"Serbia, Republic of",2025,September,90
"Serbia, Republic of",2025,October,120
"Serbia, Republic of",2025,November,60
"Serbia, Republic of",2025,December,110
"Serbia, Republic of",2025,Total,2005
"Serbia, Republic of",2026,January,150
"Serbia, Republic of",2026,February,90
"Serbia, Republic of",2026,March,170
"Serbia, Republic of",2026,April,245
"Serbia, Republic of",2026,May,240
"Serbia, Republic of",2026,Total,900
Seychelles,2023,January,0
Seychelles,2023,February,
Seychelles,2023,March,
Seychelles,2023,April,15
Seychelles,2023,May,5
Seychelles,2023,June,
Seychelles,2023,July,
Seychelles,2023,August,5
Seychelles,2023,September,
Seychelles,2023,October,
Seychelles,2023,November,
Seychelles,2023,December,0
Seychelles,2023,Total,40
Seychelles,2024,January,
Seychelles,2024,February,0
Seychelles,2024,March,0
Seychelles,2024,April,0
Seychelles,2024,May,0
Seychelles,2024,June,
Seychelles,2024,July,
Seychelles,2024,August,0
Seychelles,2024,September,0
Seychelles,2024,October,0
Seychelles,2024,November,
Seychelles,2024,December,0
Seychelles,2024,Total,5
Seychelles,2025,January,0
Seychelles,2025,February,0
Seychelles,2025,March,0
Seychelles,2025,April,0
Seychelles,2025,May,
Seychelles,2025,June,
Seychelles,2025,July,
Seychelles,2025,August,
Seychelles,2025,September,0
Seychelles,2025,October,0
Seychelles,2025,November,
Seychelles,2025,December,0
Seychelles,2025,Total,10
Seychelles,2026,January,0
Seychelles,2026,February,0
Seychelles,2026,March,
Seychelles,2026,April,5
Seychelles,2026,May,0
Seychelles,2026,Total,10
Sierra Leone,2023,January,5
Sierra Leone,2023,February,15
Sierra Leone,2023,March,20
Sierra Leone,2023,April,90
Sierra Leone,2023,May,25
Sierra Leone,2023,June,15
Sierra Leone,2023,July,25
Sierra Leone,2023,August,40
Sierra Leone,2023,September,10
Sierra Leone,2023,October,5
Sierra Leone,2023,November,40
Sierra Leone,2023,December,15
Sierra Leone,2023,Total,305
Sierra Leone,2024,January,10
Sierra Leone,2024,February,20
Sierra Leone,2024,March,15
Sierra Leone,2024,April,35
Sierra Leone,2024,May,40
Sierra Leone,2024,June,5
Sierra Leone,2024,July,15
Sierra Leone,2024,August,15
Sierra Leone,2024,September,30
Sierra Leone,2024,October,20
Sierra Leone,2024,November,35
Sierra Leone,2024,December,10
Sierra Leone,2024,Total,255
Sierra Leone,2025,January,10
Sierra Leone,2025,February,15
Sierra Leone,2025,March,20
Sierra Leone,2025,April,15
Sierra Leone,2025,May,15
Sierra Leone,2025,June,10
Sierra Leone,2025,July,25
Sierra Leone,2025,August,20
Sierra Leone,2025,September,50
Sierra Leone,2025,October,20
Sierra Leone,2025,November,25
Sierra Leone,2025,December,15
Sierra Leone,2025,Total,235
Sierra Leone,2026,January,20
Sierra Leone,2026,February,20
Sierra Leone,2026,March,25
Sierra Leone,2026,April,15
Sierra Leone,2026,May,15
Sierra Leone,2026,Total,100
Singapore,2023,January,
Singapore,2023,February,
Singapore,2023,March,
Singapore,2023,April,
Singapore,2023,May,5
Singapore,2023,June,0
Singapore,2023,July,0
Singapore,2023,August,
Singapore,2023,September,
Singapore,2023,October,
Singapore,2023,November,0
Singapore,2023,December,0
Singapore,2023,Total,20
Singapore,2024,January,0
Singapore,2024,February,0
Singapore,2024,March,0
Singapore,2024,April,0
Singapore,2024,May,
Singapore,2024,June,0
Singapore,2024,July,0
Singapore,2024,August,0
Singapore,2024,September,0
Singapore,2024,October,
Singapore,2024,November,0
Singapore,2024,December,
Singapore,2024,Total,10
Singapore,2025,January,
Singapore,2025,February,0
Singapore,2025,March,0
Singapore,2025,April,0
Singapore,2025,May,0
Singapore,2025,June,0
Singapore,2025,July,0
Singapore,2025,August,
Singapore,2025,September,
Singapore,2025,October,
Singapore,2025,November,
Singapore,2025,December,5
Singapore,2025,Total,20
Singapore,2026,January,0
Singapore,2026,February,0
Singapore,2026,March,0
Singapore,2026,April,0
Singapore,2026,May,0
Singapore,2026,Total,0
Slovak Republic,2023,January,0
Slovak Republic,2023,February,0
Slovak Republic,2023,March,0
Slovak Republic,2023,April,0
Slovak Republic,2023,May,
Slovak Republic,2023,June,
Slovak Republic,2023,July,
Slovak Republic,2023,August,
Slovak Republic,2023,September,
Slovak Republic,2023,October,
Slovak Republic,2023,November,0
Slovak Republic,2023,December,0
Slovak Republic,2023,Total,10
Slovak Republic,2024,January,0
Slovak Republic,2024,February,0
Slovak Republic,2024,March,0
Slovak Republic,2024,April,0
Slovak Republic,2024,May,
Slovak Republic,2024,June,
Slovak Republic,2024,July,0
Slovak Republic,2024,August,
Slovak Republic,2024,September,0
Slovak Republic,2024,October,
Slovak Republic,2024,November,0
Slovak Republic,2024,December,0
Slovak Republic,2024,Total,10
Slovak Republic,2025,January,0
Slovak Republic,2025,February,0
Slovak Republic,2025,March,
Slovak Republic,2025,April,0
Slovak Republic,2025,May,0
Slovak Republic,2025,June,0
Slovak Republic,2025,July,0
Slovak Republic,2025,August,
Slovak Republic,2025,September,
Slovak Republic,2025,October,0
Slovak Republic,2025,November,0
Slovak Republic,2025,December,
Slovak Republic,2025,Total,10
Slovak Republic,2026,January,0
Slovak Republic,2026,February,0
Slovak Republic,2026,March,0
Slovak Republic,2026,April,0
Slovak Republic,2026,May,0
Slovak Republic,2026,Total,0
Slovenia,2023,January,0
Slovenia,2023,February,0
Slovenia,2023,March,
Slovenia,2023,April,0
Slovenia,2023,May,0
Slovenia,2023,June,0
Slovenia,2023,July,0
Slovenia,2023,August,
Slovenia,2023,September,
Slovenia,2023,October,0
Slovenia,2023,November,0
Slovenia,2023,December,0
Slovenia,2023,Total,
Slovenia,2024,January,
Slovenia,2024,February,
Slovenia,2024,March,0
Slovenia,2024,April,0
Slovenia,2024,May,0
Slovenia,2024,June,0
Slovenia,2024,July,0
Slovenia,2024,August,
Slovenia,2024,September,0
Slovenia,2024,October,
Slovenia,2024,November,0
Slovenia,2024,December,0
Slovenia,2024,Total,5
Slovenia,2025,January,0
Slovenia,2025,February,0
Slovenia,2025,March,0
Slovenia,2025,April,0
Slovenia,2025,May,0
Slovenia,2025,June,0
Slovenia,2025,July,
Slovenia,2025,August,0
Slovenia,2025,September,0
Slovenia,2025,October,
Slovenia,2025,November,0
Slovenia,2025,December,0
Slovenia,2025,Total,
Slovenia,2026,January,0
Slovenia,2026,February,0
Slovenia,2026,March,0
Slovenia,2026,April,0
Slovenia,2026,May,0
Slovenia,2026,Total,0
Socialist Republic of Vietnam,2023,January,2270
Socialist Republic of Vietnam,2023,February,3610
Socialist Republic of Vietnam,2023,March,5470
Socialist Republic of Vietnam,2023,April,1695
Socialist Republic of Vietnam,2023,May,6370
Socialist Republic of Vietnam,2023,June,4290
Socialist Republic of Vietnam,2023,July,2655
Socialist Republic of Vietnam,2023,August,2755
Socialist Republic of Vietnam,2023,September,3605
Socialist Republic of Vietnam,2023,October,2830
Socialist Republic of Vietnam,2023,November,3955
Socialist Republic of Vietnam,2023,December,3105
Socialist Republic of Vietnam,2023,Total,42610
Socialist Republic of Vietnam,2024,January,3210
Socialist Republic of Vietnam,2024,February,2745
Socialist Republic of Vietnam,2024,March,1940
Socialist Republic of Vietnam,2024,April,2245
Socialist Republic of Vietnam,2024,May,2995
Socialist Republic of Vietnam,2024,June,2420
Socialist Republic of Vietnam,2024,July,2570
Socialist Republic of Vietnam,2024,August,1865
Socialist Republic of Vietnam,2024,September,2000
Socialist Republic of Vietnam,2024,October,1820
Socialist Republic of Vietnam,2024,November,1615
Socialist Republic of Vietnam,2024,December,2290
Socialist Republic of Vietnam,2024,Total,27715
Socialist Republic of Vietnam,2025,January,1795
Socialist Republic of Vietnam,2025,February,1475
Socialist Republic of Vietnam,2025,March,2440
Socialist Republic of Vietnam,2025,April,1945
Socialist Republic of Vietnam,2025,May,1875
Socialist Republic of Vietnam,2025,June,1175
Socialist Republic of Vietnam,2025,July,1815
Socialist Republic of Vietnam,2025,August,1345
Socialist Republic of Vietnam,2025,September,1465
Socialist Republic of Vietnam,2025,October,1720
Socialist Republic of Vietnam,2025,November,1780
Socialist Republic of Vietnam,2025,December,1415
Socialist Republic of Vietnam,2025,Total,20250
Socialist Republic of Vietnam,2026,January,1410
Socialist Republic of Vietnam,2026,February,1660
Socialist Republic of Vietnam,2026,March,1495
Socialist Republic of Vietnam,2026,April,2235
Socialist Republic of Vietnam,2026,May,2135
Socialist Republic of Vietnam,2026,Total,8935
"Solomons, The",2023,January,0
"Solomons, The",2023,February,0
"Solomons, The",2023,March,0
"Solomons, The",2023,April,0
"Solomons, The",2023,May,0
"Solomons, The",2023,June,0
"Solomons, The",2023,July,0
"Solomons, The",2023,August,0
"Solomons, The",2023,September,0
"Solomons, The",2023,October,0
"Solomons, The",2023,November,0
"Solomons, The",2023,December,0
"Solomons, The",2023,Total,0
"Solomons, The",2024,January,0
"Solomons, The",2024,February,0
"Solomons, The",2024,March,0
"Solomons, The",2024,April,0
"Solomons, The",2024,May,0
"Solomons, The",2024,June,
"Solomons, The",2024,July,0
"Solomons, The",2024,August,0
"Solomons, The",2024,September,0
"Solomons, The",2024,October,0
"Solomons, The",2024,November,0
"Solomons, The",2024,December,0
"Solomons, The",2024,Total,
"Solomons, The",2025,January,0
"Solomons, The",2025,February,0
"Solomons, The",2025,March,0
"Solomons, The",2025,April,0
"Solomons, The",2025,May,0
"Solomons, The",2025,June,0
"Solomons, The",2025,July,0
"Solomons, The",2025,August,0
"Solomons, The",2025,September,0
"Solomons, The",2025,October,0
"Solomons, The",2025,November,0
"Solomons, The",2025,December,0
"Solomons, The",2025,Total,0
"Solomons, The",2026,January,0
"Solomons, The",2026,February,0
"Solomons, The",2026,March,0
"Solomons, The",2026,April,0
"Solomons, The",2026,May,0
"Solomons, The",2026,Total,0
"Somalia, Democratic Republic of",2023,January,0
"Somalia, Democratic Republic of",2023,February,0
"Somalia, Democratic Republic of",2023,March,
"Somalia, Democratic Republic of",2023,April,
"Somalia, Democratic Republic of",2023,May,
"Somalia, Democratic Republic of",2023,June,
"Somalia, Democratic Republic of",2023,July,0
"Somalia, Democratic Republic of",2023,August,
"Somalia, Democratic Republic of",2023,September,0
"Somalia, Democratic Republic of",2023,October,0
"Somalia, Democratic Republic of",2023,November,
"Somalia, Democratic Republic of",2023,December,0
"Somalia, Democratic Republic of",2023,Total,15
"Somalia, Democratic Republic of",2024,January,0
"Somalia, Democratic Republic of",2024,February,0
"Somalia, Democratic Republic of",2024,March,
"Somalia, Democratic Republic of",2024,April,
"Somalia, Democratic Republic of",2024,May,0
"Somalia, Democratic Republic of",2024,June,
"Somalia, Democratic Republic of",2024,July,
"Somalia, Democratic Republic of",2024,August,0
"Somalia, Democratic Republic of",2024,September,0
"Somalia, Democratic Republic of",2024,October,0
"Somalia, Democratic Republic of",2024,November,
"Somalia, Democratic Republic of",2024,December,0
"Somalia, Democratic Republic of",2024,Total,5
"Somalia, Democratic Republic of",2025,January,
"Somalia, Democratic Republic of",2025,February,0
"Somalia, Democratic Republic of",2025,March,
"Somalia, Democratic Republic of",2025,April,
"Somalia, Democratic Republic of",2025,May,
"Somalia, Democratic Republic of",2025,June,
"Somalia, Democratic Republic of",2025,July,0
"Somalia, Democratic Republic of",2025,August,
"Somalia, Democratic Republic of",2025,September,
"Somalia, Democratic Republic of",2025,October,0
"Somalia, Democratic Republic of",2025,November,0
"Somalia, Democratic Republic of",2025,December,0
"Somalia, Democratic Republic of",2025,Total,10
"Somalia, Democratic Republic of",2026,January,
"Somalia, Democratic Republic of",2026,February,
"Somalia, Democratic Republic of",2026,March,
"Somalia, Democratic Republic of",2026,April,
"Somalia, Democratic Republic of",2026,May,0
"Somalia, Democratic Republic of",2026,Total,5
"South Sudan, Republic Of",2023,January,0
"South Sudan, Republic Of",2023,February,
"South Sudan, Republic Of",2023,March,5
"South Sudan, Republic Of",2023,April,25
"South Sudan, Republic Of",2023,May,
"South Sudan, Republic Of",2023,June,
"South Sudan, Republic Of",2023,July,
"South Sudan, Republic Of",2023,August,
"South Sudan, Republic Of",2023,September,0
"South Sudan, Republic Of",2023,October,5
"South Sudan, Republic Of",2023,November,
"South Sudan, Republic Of",2023,December,
"South Sudan, Republic Of",2023,Total,50
"South Sudan, Republic Of",2024,January,
"South Sudan, Republic Of",2024,February,
"South Sudan, Republic Of",2024,March,
"South Sudan, Republic Of",2024,April,5
"South Sudan, Republic Of",2024,May,10
"South Sudan, Republic Of",2024,June,5
"South Sudan, Republic Of",2024,July,5
"South Sudan, Republic Of",2024,August,
"South Sudan, Republic Of",2024,September,0
"South Sudan, Republic Of",2024,October,0
"South Sudan, Republic Of",2024,November,
"South Sudan, Republic Of",2024,December,
"South Sudan, Republic Of",2024,Total,45
"South Sudan, Republic Of",2025,January,
"South Sudan, Republic Of",2025,February,
"South Sudan, Republic Of",2025,March,
"South Sudan, Republic Of",2025,April,
"South Sudan, Republic Of",2025,May,
"South Sudan, Republic Of",2025,June,
"South Sudan, Republic Of",2025,July,
"South Sudan, Republic Of",2025,August,
"South Sudan, Republic Of",2025,September,
"South Sudan, Republic Of",2025,October,
"South Sudan, Republic Of",2025,November,
"South Sudan, Republic Of",2025,December,
"South Sudan, Republic Of",2025,Total,20
"South Sudan, Republic Of",2026,January,0
"South Sudan, Republic Of",2026,February,5
"South Sudan, Republic Of",2026,March,
"South Sudan, Republic Of",2026,April,
"South Sudan, Republic Of",2026,May,
"South Sudan, Republic Of",2026,Total,15
Spain,2023,January,
Spain,2023,February,
Spain,2023,March,
Spain,2023,April,
Spain,2023,May,10
Spain,2023,June,5
Spain,2023,July,5
Spain,2023,August,
Spain,2023,September,5
Spain,2023,October,20
Spain,2023,November,
Spain,2023,December,
Spain,2023,Total,60
Spain,2024,January,0
Spain,2024,February,
Spain,2024,March,5
Spain,2024,April,
Spain,2024,May,5
Spain,2024,June,
Spain,2024,July,0
Spain,2024,August,
Spain,2024,September,10
Spain,2024,October,
Spain,2024,November,
Spain,2024,December,
Spain,2024,Total,40
Spain,2025,January,
Spain,2025,February,
Spain,2025,March,
Spain,2025,April,
Spain,2025,May,
Spain,2025,June,
Spain,2025,July,0
Spain,2025,August,
Spain,2025,September,0
Spain,2025,October,15
Spain,2025,November,
Spain,2025,December,10
Spain,2025,Total,55
Spain,2026,January,
Spain,2026,February,
Spain,2026,March,
Spain,2026,April,0
Spain,2026,May,0
Spain,2026,Total,10
Sri Lanka,2023,January,555
Sri Lanka,2023,February,685
Sri Lanka,2023,March,905
Sri Lanka,2023,April,1965
Sri Lanka,2023,May,1230
Sri Lanka,2023,June,1265
Sri Lanka,2023,July,1330
Sri Lanka,2023,August,2095
Sri Lanka,2023,September,2045
Sri Lanka,2023,October,2400
Sri Lanka,2023,November,2200
Sri Lanka,2023,December,2755
Sri Lanka,2023,Total,19430
Sri Lanka,2024,January,3510
Sri Lanka,2024,February,2755
Sri Lanka,2024,March,1530
Sri Lanka,2024,April,1705
Sri Lanka,2024,May,900
Sri Lanka,2024,June,1270
Sri Lanka,2024,July,980
Sri Lanka,2024,August,610
Sri Lanka,2024,September,520
Sri Lanka,2024,October,920
Sri Lanka,2024,November,545
Sri Lanka,2024,December,485
Sri Lanka,2024,Total,15730
Sri Lanka,2025,January,715
Sri Lanka,2025,February,620
Sri Lanka,2025,March,810
Sri Lanka,2025,April,665
Sri Lanka,2025,May,980
Sri Lanka,2025,June,795
Sri Lanka,2025,July,680
Sri Lanka,2025,August,555
Sri Lanka,2025,September,520
Sri Lanka,2025,October,580
Sri Lanka,2025,November,675
Sri Lanka,2025,December,465
Sri Lanka,2025,Total,8055
Sri Lanka,2026,January,640
Sri Lanka,2026,February,650
Sri Lanka,2026,March,935
Sri Lanka,2026,April,920
Sri Lanka,2026,May,795
Sri Lanka,2026,Total,3940
St. Kitts-Nevis,2023,January,145
St. Kitts-Nevis,2023,February,60
St. Kitts-Nevis,2023,March,50
St. Kitts-Nevis,2023,April,90
St. Kitts-Nevis,2023,May,70
St. Kitts-Nevis,2023,June,50
St. Kitts-Nevis,2023,July,45
St. Kitts-Nevis,2023,August,20
St. Kitts-Nevis,2023,September,40
St. Kitts-Nevis,2023,October,30
St. Kitts-Nevis,2023,November,35
St. Kitts-Nevis,2023,December,
St. Kitts-Nevis,2023,Total,625
St. Kitts-Nevis,2024,January,20
St. Kitts-Nevis,2024,February,20
St. Kitts-Nevis,2024,March,25
St. Kitts-Nevis,2024,April,20
St. Kitts-Nevis,2024,May,20
St. Kitts-Nevis,2024,June,15
St. Kitts-Nevis,2024,July,10
St. Kitts-Nevis,2024,August,5
St. Kitts-Nevis,2024,September,15
St. Kitts-Nevis,2024,October,10
St. Kitts-Nevis,2024,November,5
St. Kitts-Nevis,2024,December,15
St. Kitts-Nevis,2024,Total,180
St. Kitts-Nevis,2025,January,10
St. Kitts-Nevis,2025,February,10
St. Kitts-Nevis,2025,March,10
St. Kitts-Nevis,2025,April,15
St. Kitts-Nevis,2025,May,
St. Kitts-Nevis,2025,June,10
St. Kitts-Nevis,2025,July,20
St. Kitts-Nevis,2025,August,15
St. Kitts-Nevis,2025,September,15
St. Kitts-Nevis,2025,October,15
St. Kitts-Nevis,2025,November,10
St. Kitts-Nevis,2025,December,15
St. Kitts-Nevis,2025,Total,150
St. Kitts-Nevis,2026,January,10
St. Kitts-Nevis,2026,February,15
St. Kitts-Nevis,2026,March,15
St. Kitts-Nevis,2026,April,15
St. Kitts-Nevis,2026,May,20
St. Kitts-Nevis,2026,Total,75
St. Lucia,2023,January,135
St. Lucia,2023,February,125
St. Lucia,2023,March,90
St. Lucia,2023,April,130
St. Lucia,2023,May,190
St. Lucia,2023,June,170
St. Lucia,2023,July,65
St. Lucia,2023,August,65
St. Lucia,2023,September,55
St. Lucia,2023,October,35
St. Lucia,2023,November,20
St. Lucia,2023,December,20
St. Lucia,2023,Total,1100
St. Lucia,2024,January,30
St. Lucia,2024,February,25
St. Lucia,2024,March,35
St. Lucia,2024,April,55
St. Lucia,2024,May,55
St. Lucia,2024,June,30
St. Lucia,2024,July,30
St. Lucia,2024,August,35
St. Lucia,2024,September,60
St. Lucia,2024,October,75
St. Lucia,2024,November,30
St. Lucia,2024,December,30
St. Lucia,2024,Total,485
St. Lucia,2025,January,20
St. Lucia,2025,February,15
St. Lucia,2025,March,35
St. Lucia,2025,April,40
St. Lucia,2025,May,40
St. Lucia,2025,June,55
St. Lucia,2025,July,20
St. Lucia,2025,August,20
St. Lucia,2025,September,45
St. Lucia,2025,October,15
St. Lucia,2025,November,20
St. Lucia,2025,December,30
St. Lucia,2025,Total,360
St. Lucia,2026,January,20
St. Lucia,2026,February,20
St. Lucia,2026,March,40
St. Lucia,2026,April,45
St. Lucia,2026,May,50
St. Lucia,2026,Total,175
St. Vincent and the Grenadines,2023,January,105
St. Vincent and the Grenadines,2023,February,60
St. Vincent and the Grenadines,2023,March,40
St. Vincent and the Grenadines,2023,April,60
St. Vincent and the Grenadines,2023,May,125
St. Vincent and the Grenadines,2023,June,125
St. Vincent and the Grenadines,2023,July,50
St. Vincent and the Grenadines,2023,August,65
St. Vincent and the Grenadines,2023,September,50
St. Vincent and the Grenadines,2023,October,25
St. Vincent and the Grenadines,2023,November,35
St. Vincent and the Grenadines,2023,December,20
St. Vincent and the Grenadines,2023,Total,755
St. Vincent and the Grenadines,2024,January,30
St. Vincent and the Grenadines,2024,February,20
St. Vincent and the Grenadines,2024,March,45
St. Vincent and the Grenadines,2024,April,65
St. Vincent and the Grenadines,2024,May,50
St. Vincent and the Grenadines,2024,June,20
St. Vincent and the Grenadines,2024,July,25
St. Vincent and the Grenadines,2024,August,20
St. Vincent and the Grenadines,2024,September,50
St. Vincent and the Grenadines,2024,October,45
St. Vincent and the Grenadines,2024,November,15
St. Vincent and the Grenadines,2024,December,20
St. Vincent and the Grenadines,2024,Total,400
St. Vincent and the Grenadines,2025,January,20
St. Vincent and the Grenadines,2025,February,0
St. Vincent and the Grenadines,2025,March,30
St. Vincent and the Grenadines,2025,April,40
St. Vincent and the Grenadines,2025,May,45
St. Vincent and the Grenadines,2025,June,60
St. Vincent and the Grenadines,2025,July,35
St. Vincent and the Grenadines,2025,August,25
St. Vincent and the Grenadines,2025,September,20
St. Vincent and the Grenadines,2025,October,20
St. Vincent and the Grenadines,2025,November,20
St. Vincent and the Grenadines,2025,December,20
St. Vincent and the Grenadines,2025,Total,330
St. Vincent and the Grenadines,2026,January,35
St. Vincent and the Grenadines,2026,February,20
St. Vincent and the Grenadines,2026,March,20
St. Vincent and the Grenadines,2026,April,35
St. Vincent and the Grenadines,2026,May,40
St. Vincent and the Grenadines,2026,Total,150
Stateless,2023,January,15
Stateless,2023,February,70
Stateless,2023,March,60
Stateless,2023,April,205
Stateless,2023,May,120
Stateless,2023,June,65
Stateless,2023,July,80
Stateless,2023,August,55
Stateless,2023,September,25
Stateless,2023,October,25
Stateless,2023,November,75
Stateless,2023,December,30
Stateless,2023,Total,820
Stateless,2024,January,20
Stateless,2024,February,35
Stateless,2024,March,20
Stateless,2024,April,45
Stateless,2024,May,60
Stateless,2024,June,45
Stateless,2024,July,30
Stateless,2024,August,50
Stateless,2024,September,35
Stateless,2024,October,35
Stateless,2024,November,20
Stateless,2024,December,25
Stateless,2024,Total,430
Stateless,2025,January,30
Stateless,2025,February,25
Stateless,2025,March,20
Stateless,2025,April,40
Stateless,2025,May,30
Stateless,2025,June,30
Stateless,2025,July,30
Stateless,2025,August,20
Stateless,2025,September,40
Stateless,2025,October,20
Stateless,2025,November,10
Stateless,2025,December,20
Stateless,2025,Total,320
Stateless,2026,January,10
Stateless,2026,February,15
Stateless,2026,March,25
Stateless,2026,April,30
Stateless,2026,May,20
Stateless,2026,Total,95
Surinam,2023,January,15
Surinam,2023,February,15
Surinam,2023,March,20
Surinam,2023,April,60
Surinam,2023,May,15
Surinam,2023,June,30
Surinam,2023,July,15
Surinam,2023,August,20
Surinam,2023,September,15
Surinam,2023,October,10
Surinam,2023,November,40
Surinam,2023,December,5
Surinam,2023,Total,255
Surinam,2024,January,10
Surinam,2024,February,25
Surinam,2024,March,10
Surinam,2024,April,15
Surinam,2024,May,
Surinam,2024,June,25
Surinam,2024,July,15
Surinam,2024,August,15
Surinam,2024,September,35
Surinam,2024,October,30
Surinam,2024,November,15
Surinam,2024,December,5
Surinam,2024,Total,205
Surinam,2025,January,60
Surinam,2025,February,10
Surinam,2025,March,5
Surinam,2025,April,5
Surinam,2025,May,5
Surinam,2025,June,25
Surinam,2025,July,15
Surinam,2025,August,5
Surinam,2025,September,5
Surinam,2025,October,10
Surinam,2025,November,15
Surinam,2025,December,10
Surinam,2025,Total,175
Surinam,2026,January,10
Surinam,2026,February,
Surinam,2026,March,25
Surinam,2026,April,35
Surinam,2026,May,15
Surinam,2026,Total,90
Swaziland,2023,January,
Swaziland,2023,February,
Swaziland,2023,March,
Swaziland,2023,April,10
Swaziland,2023,May,10
Swaziland,2023,June,5
Swaziland,2023,July,10
Swaziland,2023,August,10
Swaziland,2023,September,
Swaziland,2023,October,5
Swaziland,2023,November,
Swaziland,2023,December,
Swaziland,2023,Total,65
Swaziland,2024,January,0
Swaziland,2024,February,
Swaziland,2024,March,5
Swaziland,2024,April,
Swaziland,2024,May,
Swaziland,2024,June,
Swaziland,2024,July,
Swaziland,2024,August,0
Swaziland,2024,September,0
Swaziland,2024,October,
Swaziland,2024,November,
Swaziland,2024,December,0
Swaziland,2024,Total,20
Swaziland,2025,January,15
Swaziland,2025,February,5
Swaziland,2025,March,10
Swaziland,2025,April,5
Swaziland,2025,May,
Swaziland,2025,June,5
Swaziland,2025,July,5
Swaziland,2025,August,10
Swaziland,2025,September,0
Swaziland,2025,October,0
Swaziland,2025,November,0
Swaziland,2025,December,0
Swaziland,2025,Total,60
Swaziland,2026,January,
Swaziland,2026,February,
Swaziland,2026,March,
Swaziland,2026,April,
Swaziland,2026,May,
Swaziland,2026,Total,10
Sweden,2023,January,0
Sweden,2023,February,0
Sweden,2023,March,0
Sweden,2023,April,0
Sweden,2023,May,5
Sweden,2023,June,0
Sweden,2023,July,
Sweden,2023,August,0
Sweden,2023,September,
Sweden,2023,October,
Sweden,2023,November,
Sweden,2023,December,0
Sweden,2023,Total,15
Sweden,2024,January,0
Sweden,2024,February,0
Sweden,2024,March,
Sweden,2024,April,0
Sweden,2024,May,0
Sweden,2024,June,0
Sweden,2024,July,0
Sweden,2024,August,0
Sweden,2024,September,
Sweden,2024,October,0
Sweden,2024,November,0
Sweden,2024,December,0
Sweden,2024,Total,
Sweden,2025,January,
Sweden,2025,February,
Sweden,2025,March,5
Sweden,2025,April,0
Sweden,2025,May,
Sweden,2025,June,0
Sweden,2025,July,0
Sweden,2025,August,
Sweden,2025,September,
Sweden,2025,October,
Sweden,2025,November,
Sweden,2025,December,0
Sweden,2025,Total,20
Sweden,2026,January,0
Sweden,2026,February,0
Sweden,2026,March,0
Sweden,2026,April,0
Sweden,2026,May,0
Sweden,2026,Total,0
Switzerland,2023,January,
Switzerland,2023,February,0
Switzerland,2023,March,
Switzerland,2023,April,0
Switzerland,2023,May,
Switzerland,2023,June,
Switzerland,2023,July,0
Switzerland,2023,August,0
Switzerland,2023,September,10
Switzerland,2023,October,0
Switzerland,2023,November,
Switzerland,2023,December,
Switzerland,2023,Total,20
Switzerland,2024,January,
Switzerland,2024,February,0
Switzerland,2024,March,
Switzerland,2024,April,
Switzerland,2024,May,5
Switzerland,2024,June,0
Switzerland,2024,July,
Switzerland,2024,August,0
Switzerland,2024,September,0
Switzerland,2024,October,
Switzerland,2024,November,0
Switzerland,2024,December,0
Switzerland,2024,Total,15
Switzerland,2025,January,0
Switzerland,2025,February,
Switzerland,2025,March,0
Switzerland,2025,April,0
Switzerland,2025,May,
Switzerland,2025,June,
Switzerland,2025,July,0
Switzerland,2025,August,
Switzerland,2025,September,0
Switzerland,2025,October,5
Switzerland,2025,November,
Switzerland,2025,December,0
Switzerland,2025,Total,15
Switzerland,2026,January,0
Switzerland,2026,February,0
Switzerland,2026,March,0
Switzerland,2026,April,0
Switzerland,2026,May,0
Switzerland,2026,Total,0
Syria,2023,January,50
Syria,2023,February,120
Syria,2023,March,250
Syria,2023,April,575
Syria,2023,May,195
Syria,2023,June,350
Syria,2023,July,270
Syria,2023,August,265
Syria,2023,September,75
Syria,2023,October,220
Syria,2023,November,210
Syria,2023,December,130
Syria,2023,Total,2710
Syria,2024,January,80
Syria,2024,February,190
Syria,2024,March,175
Syria,2024,April,160
Syria,2024,May,180
Syria,2024,June,65
Syria,2024,July,70
Syria,2024,August,55
Syria,2024,September,60
Syria,2024,October,30
Syria,2024,November,35
Syria,2024,December,55
Syria,2024,Total,1150
Syria,2025,January,50
Syria,2025,February,70
Syria,2025,March,65
Syria,2025,April,60
Syria,2025,May,65
Syria,2025,June,90
Syria,2025,July,115
Syria,2025,August,115
Syria,2025,September,95
Syria,2025,October,65
Syria,2025,November,70
Syria,2025,December,55
Syria,2025,Total,920
Syria,2026,January,55
Syria,2026,February,80
Syria,2026,March,130
Syria,2026,April,80
Syria,2026,May,65
Syria,2026,Total,410
Taiwan,2023,January,
Taiwan,2023,February,10
Taiwan,2023,March,20
Taiwan,2023,April,
Taiwan,2023,May,10
Taiwan,2023,June,40
Taiwan,2023,July,10
Taiwan,2023,August,10
Taiwan,2023,September,30
Taiwan,2023,October,30
Taiwan,2023,November,
Taiwan,2023,December,5
Taiwan,2023,Total,180
Taiwan,2024,January,5
Taiwan,2024,February,10
Taiwan,2024,March,10
Taiwan,2024,April,15
Taiwan,2024,May,10
Taiwan,2024,June,10
Taiwan,2024,July,5
Taiwan,2024,August,15
Taiwan,2024,September,20
Taiwan,2024,October,5
Taiwan,2024,November,10
Taiwan,2024,December,
Taiwan,2024,Total,115
Taiwan,2025,January,5
Taiwan,2025,February,5
Taiwan,2025,March,5
Taiwan,2025,April,10
Taiwan,2025,May,15
Taiwan,2025,June,10
Taiwan,2025,July,10
Taiwan,2025,August,5
Taiwan,2025,September,10
Taiwan,2025,October,10
Taiwan,2025,November,95
Taiwan,2025,December,
Taiwan,2025,Total,190
Taiwan,2026,January,5
Taiwan,2026,February,15
Taiwan,2026,March,10
Taiwan,2026,April,5
Taiwan,2026,May,
Taiwan,2026,Total,35
Tajikistan,2023,January,
Tajikistan,2023,February,10
Tajikistan,2023,March,10
Tajikistan,2023,April,15
Tajikistan,2023,May,60
Tajikistan,2023,June,20
Tajikistan,2023,July,5
Tajikistan,2023,August,5
Tajikistan,2023,September,10
Tajikistan,2023,October,20
Tajikistan,2023,November,25
Tajikistan,2023,December,15
Tajikistan,2023,Total,195
Tajikistan,2024,January,35
Tajikistan,2024,February,10
Tajikistan,2024,March,5
Tajikistan,2024,April,20
Tajikistan,2024,May,15
Tajikistan,2024,June,10
Tajikistan,2024,July,35
Tajikistan,2024,August,15
Tajikistan,2024,September,15
Tajikistan,2024,October,15
Tajikistan,2024,November,10
Tajikistan,2024,December,10
Tajikistan,2024,Total,195
Tajikistan,2025,January,10
Tajikistan,2025,February,10
Tajikistan,2025,March,10
Tajikistan,2025,April,5
Tajikistan,2025,May,15
Tajikistan,2025,June,5
Tajikistan,2025,July,5
Tajikistan,2025,August,10
Tajikistan,2025,September,5
Tajikistan,2025,October,15
Tajikistan,2025,November,10
Tajikistan,2025,December,10
Tajikistan,2025,Total,110
Tajikistan,2026,January,10
Tajikistan,2026,February,10
Tajikistan,2026,March,5
Tajikistan,2026,April,5
Tajikistan,2026,May,10
Tajikistan,2026,Total,40
Thailand,2023,January,775
Thailand,2023,February,940
Thailand,2023,March,1105
Thailand,2023,April,975
Thailand,2023,May,1115
Thailand,2023,June,1185
Thailand,2023,July,620
Thailand,2023,August,510
Thailand,2023,September,350
Thailand,2023,October,310
Thailand,2023,November,275
Thailand,2023,December,255
Thailand,2023,Total,8420
Thailand,2024,January,290
Thailand,2024,February,585
Thailand,2024,March,570
Thailand,2024,April,655
Thailand,2024,May,605
Thailand,2024,June,410
Thailand,2024,July,565
Thailand,2024,August,465
Thailand,2024,September,280
Thailand,2024,October,230
Thailand,2024,November,150
Thailand,2024,December,200
Thailand,2024,Total,5005
Thailand,2025,January,235
Thailand,2025,February,395
Thailand,2025,March,580
Thailand,2025,April,470
Thailand,2025,May,425
Thailand,2025,June,500
Thailand,2025,July,390
Thailand,2025,August,320
Thailand,2025,September,260
Thailand,2025,October,185
Thailand,2025,November,145
Thailand,2025,December,230
Thailand,2025,Total,4130
Thailand,2026,January,250
Thailand,2026,February,320
Thailand,2026,March,555
Thailand,2026,April,520
Thailand,2026,May,345
Thailand,2026,Total,1990
The Netherlands,2023,January,0
The Netherlands,2023,February,0
The Netherlands,2023,March,0
The Netherlands,2023,April,0
The Netherlands,2023,May,
The Netherlands,2023,June,
The Netherlands,2023,July,0
The Netherlands,2023,August,10
The Netherlands,2023,September,5
The Netherlands,2023,October,
The Netherlands,2023,November,
The Netherlands,2023,December,0
The Netherlands,2023,Total,20
The Netherlands,2024,January,0
The Netherlands,2024,February,
The Netherlands,2024,March,
The Netherlands,2024,April,5
The Netherlands,2024,May,0
The Netherlands,2024,June,
The Netherlands,2024,July,
The Netherlands,2024,August,0
The Netherlands,2024,September,10
The Netherlands,2024,October,
The Netherlands,2024,November,0
The Netherlands,2024,December,0
The Netherlands,2024,Total,25
The Netherlands,2025,January,
The Netherlands,2025,February,0
The Netherlands,2025,March,
The Netherlands,2025,April,
The Netherlands,2025,May,
The Netherlands,2025,June,5
The Netherlands,2025,July,0
The Netherlands,2025,August,5
The Netherlands,2025,September,0
The Netherlands,2025,October,
The Netherlands,2025,November,0
The Netherlands,2025,December,
The Netherlands,2025,Total,30
The Netherlands,2026,January,
The Netherlands,2026,February,
The Netherlands,2026,March,0
The Netherlands,2026,April,0
The Netherlands,2026,May,0
The Netherlands,2026,Total,
"Togo, Republic of",2023,January,25
"Togo, Republic of",2023,February,75
"Togo, Republic of",2023,March,75
"Togo, Republic of",2023,April,420
"Togo, Republic of",2023,May,110
"Togo, Republic of",2023,June,90
"Togo, Republic of",2023,July,50
"Togo, Republic of",2023,August,125
"Togo, Republic of",2023,September,45
"Togo, Republic of",2023,October,45
"Togo, Republic of",2023,November,40
"Togo, Republic of",2023,December,45
"Togo, Republic of",2023,Total,1150
"Togo, Republic of",2024,January,20
"Togo, Republic of",2024,February,145
"Togo, Republic of",2024,March,105
"Togo, Republic of",2024,April,35
"Togo, Republic of",2024,May,90
"Togo, Republic of",2024,June,25
"Togo, Republic of",2024,July,65
"Togo, Republic of",2024,August,50
"Togo, Republic of",2024,September,85
"Togo, Republic of",2024,October,35
"Togo, Republic of",2024,November,60
"Togo, Republic of",2024,December,30
"Togo, Republic of",2024,Total,750
"Togo, Republic of",2025,January,60
"Togo, Republic of",2025,February,40
"Togo, Republic of",2025,March,45
"Togo, Republic of",2025,April,30
"Togo, Republic of",2025,May,45
"Togo, Republic of",2025,June,30
"Togo, Republic of",2025,July,75
"Togo, Republic of",2025,August,75
"Togo, Republic of",2025,September,70
"Togo, Republic of",2025,October,45
"Togo, Republic of",2025,November,45
"Togo, Republic of",2025,December,40
"Togo, Republic of",2025,Total,605
"Togo, Republic of",2026,January,40
"Togo, Republic of",2026,February,100
"Togo, Republic of",2026,March,60
"Togo, Republic of",2026,April,70
"Togo, Republic of",2026,May,130
"Togo, Republic of",2026,Total,400
Tonga,2023,January,0
Tonga,2023,February,0
Tonga,2023,March,
Tonga,2023,April,0
Tonga,2023,May,
Tonga,2023,June,0
Tonga,2023,July,0
Tonga,2023,August,0
Tonga,2023,September,
Tonga,2023,October,0
Tonga,2023,November,0
Tonga,2023,December,0
Tonga,2023,Total,
Tonga,2024,January,0
Tonga,2024,February,
Tonga,2024,March,0
Tonga,2024,April,0
Tonga,2024,May,0
Tonga,2024,June,
Tonga,2024,July,
Tonga,2024,August,
Tonga,2024,September,0
Tonga,2024,October,0
Tonga,2024,November,0
Tonga,2024,December,
Tonga,2024,Total,5
Tonga,2025,January,
Tonga,2025,February,0
Tonga,2025,March,0
Tonga,2025,April,0
Tonga,2025,May,
Tonga,2025,June,0
Tonga,2025,July,0
Tonga,2025,August,0
Tonga,2025,September,
Tonga,2025,October,0
Tonga,2025,November,0
Tonga,2025,December,0
Tonga,2025,Total,5
Tonga,2026,January,
Tonga,2026,February,
Tonga,2026,March,
Tonga,2026,April,5
Tonga,2026,May,0
Tonga,2026,Total,10
"Trinidad and Tobago, Republic of",2023,January,1530
"Trinidad and Tobago, Republic of",2023,February,885
"Trinidad and Tobago, Republic of",2023,March,780
"Trinidad and Tobago, Republic of",2023,April,1025
"Trinidad and Tobago, Republic of",2023,May,1445
"Trinidad and Tobago, Republic of",2023,June,1315
"Trinidad and Tobago, Republic of",2023,July,485
"Trinidad and Tobago, Republic of",2023,August,490
"Trinidad and Tobago, Republic of",2023,September,380
"Trinidad and Tobago, Republic of",2023,October,255
"Trinidad and Tobago, Republic of",2023,November,200
"Trinidad and Tobago, Republic of",2023,December,180
"Trinidad and Tobago, Republic of",2023,Total,8960
"Trinidad and Tobago, Republic of",2024,January,250
"Trinidad and Tobago, Republic of",2024,February,240
"Trinidad and Tobago, Republic of",2024,March,270
"Trinidad and Tobago, Republic of",2024,April,420
"Trinidad and Tobago, Republic of",2024,May,310
"Trinidad and Tobago, Republic of",2024,June,255
"Trinidad and Tobago, Republic of",2024,July,360
"Trinidad and Tobago, Republic of",2024,August,195
"Trinidad and Tobago, Republic of",2024,September,440
"Trinidad and Tobago, Republic of",2024,October,410
"Trinidad and Tobago, Republic of",2024,November,260
"Trinidad and Tobago, Republic of",2024,December,190
"Trinidad and Tobago, Republic of",2024,Total,3595
"Trinidad and Tobago, Republic of",2025,January,180
"Trinidad and Tobago, Republic of",2025,February,85
"Trinidad and Tobago, Republic of",2025,March,275
"Trinidad and Tobago, Republic of",2025,April,290
"Trinidad and Tobago, Republic of",2025,May,325
"Trinidad and Tobago, Republic of",2025,June,315
"Trinidad and Tobago, Republic of",2025,July,305
"Trinidad and Tobago, Republic of",2025,August,185
"Trinidad and Tobago, Republic of",2025,September,300
"Trinidad and Tobago, Republic of",2025,October,195
"Trinidad and Tobago, Republic of",2025,November,235
"Trinidad and Tobago, Republic of",2025,December,140
"Trinidad and Tobago, Republic of",2025,Total,2825
"Trinidad and Tobago, Republic of",2026,January,210
"Trinidad and Tobago, Republic of",2026,February,175
"Trinidad and Tobago, Republic of",2026,March,195
"Trinidad and Tobago, Republic of",2026,April,285
"Trinidad and Tobago, Republic of",2026,May,345
"Trinidad and Tobago, Republic of",2026,Total,1210
Tunisia,2023,January,675
Tunisia,2023,February,940
Tunisia,2023,March,745
Tunisia,2023,April,1200
Tunisia,2023,May,1795
Tunisia,2023,June,1990
Tunisia,2023,July,400
Tunisia,2023,August,670
Tunisia,2023,September,825
Tunisia,2023,October,680
Tunisia,2023,November,755
Tunisia,2023,December,585
Tunisia,2023,Total,11265
Tunisia,2024,January,610
Tunisia,2024,February,1025
Tunisia,2024,March,1645
Tunisia,2024,April,1045
Tunisia,2024,May,930
Tunisia,2024,June,670
Tunisia,2024,July,870
Tunisia,2024,August,610
Tunisia,2024,September,905
Tunisia,2024,October,965
Tunisia,2024,November,760
Tunisia,2024,December,810
Tunisia,2024,Total,10835
Tunisia,2025,January,655
Tunisia,2025,February,590
Tunisia,2025,March,465
Tunisia,2025,April,790
Tunisia,2025,May,895
Tunisia,2025,June,1180
Tunisia,2025,July,850
Tunisia,2025,August,440
Tunisia,2025,September,505
Tunisia,2025,October,645
Tunisia,2025,November,840
Tunisia,2025,December,730
Tunisia,2025,Total,8590
Tunisia,2026,January,735
Tunisia,2026,February,895
Tunisia,2026,March,920
Tunisia,2026,April,1155
Tunisia,2026,May,1445
Tunisia,2026,Total,5150
Turkey,2023,January,470
Turkey,2023,February,1235
Turkey,2023,March,2650
Turkey,2023,April,730
Turkey,2023,May,1970
Turkey,2023,June,1940
Turkey,2023,July,2350
Turkey,2023,August,1550
Turkey,2023,September,1540
Turkey,2023,October,1835
Turkey,2023,November,3420
Turkey,2023,December,2005
Turkey,2023,Total,21700
Turkey,2024,January,1795
Turkey,2024,February,1845
Turkey,2024,March,2950
Turkey,2024,April,855
Turkey,2024,May,1450
Turkey,2024,June,1420
Turkey,2024,July,2165
Turkey,2024,August,1780
Turkey,2024,September,1270
Turkey,2024,October,1225
Turkey,2024,November,1540
Turkey,2024,December,860
Turkey,2024,Total,19155
Turkey,2025,January,1180
Turkey,2025,February,280
Turkey,2025,March,2260
Turkey,2025,April,1055
Turkey,2025,May,1280
Turkey,2025,June,1380
Turkey,2025,July,1040
Turkey,2025,August,910
Turkey,2025,September,900
Turkey,2025,October,1005
Turkey,2025,November,755
Turkey,2025,December,735
Turkey,2025,Total,12775
Turkey,2026,January,885
Turkey,2026,February,990
Turkey,2026,March,1190
Turkey,2026,April,905
Turkey,2026,May,1340
Turkey,2026,Total,5305
Turkmenistan,2023,January,
Turkmenistan,2023,February,
Turkmenistan,2023,March,15
Turkmenistan,2023,April,5
Turkmenistan,2023,May,
Turkmenistan,2023,June,5
Turkmenistan,2023,July,5
Turkmenistan,2023,August,5
Turkmenistan,2023,September,
Turkmenistan,2023,October,5
Turkmenistan,2023,November,10
Turkmenistan,2023,December,
Turkmenistan,2023,Total,65
Turkmenistan,2024,January,5
Turkmenistan,2024,February,
Turkmenistan,2024,March,10
Turkmenistan,2024,April,
Turkmenistan,2024,May,10
Turkmenistan,2024,June,
Turkmenistan,2024,July,10
Turkmenistan,2024,August,
Turkmenistan,2024,September,10
Turkmenistan,2024,October,5
Turkmenistan,2024,November,
Turkmenistan,2024,December,
Turkmenistan,2024,Total,70
Turkmenistan,2025,January,
Turkmenistan,2025,February,5
Turkmenistan,2025,March,10
Turkmenistan,2025,April,
Turkmenistan,2025,May,
Turkmenistan,2025,June,10
Turkmenistan,2025,July,
Turkmenistan,2025,August,5
Turkmenistan,2025,September,
Turkmenistan,2025,October,5
Turkmenistan,2025,November,5
Turkmenistan,2025,December,0
Turkmenistan,2025,Total,55
Turkmenistan,2026,January,5
Turkmenistan,2026,February,0
Turkmenistan,2026,March,0
Turkmenistan,2026,April,0
Turkmenistan,2026,May,
Turkmenistan,2026,Total,10
Uganda,2023,January,220
Uganda,2023,February,80
Uganda,2023,March,460
Uganda,2023,April,2960
Uganda,2023,May,260
Uganda,2023,June,160
Uganda,2023,July,100
Uganda,2023,August,470
Uganda,2023,September,565
Uganda,2023,October,325
Uganda,2023,November,235
Uganda,2023,December,235
Uganda,2023,Total,6075
Uganda,2024,January,165
Uganda,2024,February,235
Uganda,2024,March,110
Uganda,2024,April,235
Uganda,2024,May,230
Uganda,2024,June,155
Uganda,2024,July,215
Uganda,2024,August,160
Uganda,2024,September,110
Uganda,2024,October,160
Uganda,2024,November,115
Uganda,2024,December,75
Uganda,2024,Total,1960
Uganda,2025,January,120
Uganda,2025,February,115
Uganda,2025,March,100
Uganda,2025,April,150
Uganda,2025,May,165
Uganda,2025,June,90
Uganda,2025,July,105
Uganda,2025,August,75
Uganda,2025,September,90
Uganda,2025,October,110
Uganda,2025,November,75
Uganda,2025,December,80
Uganda,2025,Total,1270
Uganda,2026,January,110
Uganda,2026,February,105
Uganda,2026,March,90
Uganda,2026,April,115
Uganda,2026,May,90
Uganda,2026,Total,510
Ukraine,2023,January,10915
Ukraine,2023,February,14725
Ukraine,2023,March,13510
Ukraine,2023,April,12065
Ukraine,2023,May,12535
Ukraine,2023,June,14975
Ukraine,2023,July,16035
Ukraine,2023,August,10925
Ukraine,2023,September,11510
Ukraine,2023,October,5380
Ukraine,2023,November,4140
Ukraine,2023,December,4375
Ukraine,2023,Total,131090
Ukraine,2024,January,1095
Ukraine,2024,February,1145
Ukraine,2024,March,895
Ukraine,2024,April,1070
Ukraine,2024,May,940
Ukraine,2024,June,560
Ukraine,2024,July,585
Ukraine,2024,August,515
Ukraine,2024,September,345
Ukraine,2024,October,570
Ukraine,2024,November,805
Ukraine,2024,December,1300
Ukraine,2024,Total,9825
Ukraine,2025,January,995
Ukraine,2025,February,1845
Ukraine,2025,March,2005
Ukraine,2025,April,1670
Ukraine,2025,May,2605
Ukraine,2025,June,1495
Ukraine,2025,July,2150
Ukraine,2025,August,2075
Ukraine,2025,September,2400
Ukraine,2025,October,3645
Ukraine,2025,November,2795
Ukraine,2025,December,2610
Ukraine,2025,Total,26290
Ukraine,2026,January,3220
Ukraine,2026,February,3455
Ukraine,2026,March,3370
Ukraine,2026,April,3620
Ukraine,2026,May,3510
Ukraine,2026,Total,17180
United Arab Emirates,2023,January,0
United Arab Emirates,2023,February,
United Arab Emirates,2023,March,
United Arab Emirates,2023,April,
United Arab Emirates,2023,May,
United Arab Emirates,2023,June,5
United Arab Emirates,2023,July,
United Arab Emirates,2023,August,
United Arab Emirates,2023,September,
United Arab Emirates,2023,October,
United Arab Emirates,2023,November,
United Arab Emirates,2023,December,
United Arab Emirates,2023,Total,20
United Arab Emirates,2024,January,0
United Arab Emirates,2024,February,0
United Arab Emirates,2024,March,5
United Arab Emirates,2024,April,0
United Arab Emirates,2024,May,5
United Arab Emirates,2024,June,0
United Arab Emirates,2024,July,
United Arab Emirates,2024,August,5
United Arab Emirates,2024,September,0
United Arab Emirates,2024,October,0
United Arab Emirates,2024,November,
United Arab Emirates,2024,December,0
United Arab Emirates,2024,Total,20
United Arab Emirates,2025,January,0
United Arab Emirates,2025,February,0
United Arab Emirates,2025,March,
United Arab Emirates,2025,April,0
United Arab Emirates,2025,May,0
United Arab Emirates,2025,June,5
United Arab Emirates,2025,July,0
United Arab Emirates,2025,August,0
United Arab Emirates,2025,September,0
United Arab Emirates,2025,October,
United Arab Emirates,2025,November,0
United Arab Emirates,2025,December,0
United Arab Emirates,2025,Total,10
United Arab Emirates,2026,January,0
United Arab Emirates,2026,February,0
United Arab Emirates,2026,March,0
United Arab Emirates,2026,April,0
United Arab Emirates,2026,May,0
United Arab Emirates,2026,Total,0
United Kingdom and Overseas Territories,2023,January,5
United Kingdom and Overseas Territories,2023,February,10
United Kingdom and Overseas Territories,2023,March,10
United Kingdom and Overseas Territories,2023,April,10
United Kingdom and Overseas Territories,2023,May,10
United Kingdom and Overseas Territories,2023,June,5
United Kingdom and Overseas Territories,2023,July,10
United Kingdom and Overseas Territories,2023,August,
United Kingdom and Overseas Territories,2023,September,20
United Kingdom and Overseas Territories,2023,October,
United Kingdom and Overseas Territories,2023,November,5
United Kingdom and Overseas Territories,2023,December,15
United Kingdom and Overseas Territories,2023,Total,110
United Kingdom and Overseas Territories,2024,January,5
United Kingdom and Overseas Territories,2024,February,
United Kingdom and Overseas Territories,2024,March,10
United Kingdom and Overseas Territories,2024,April,10
United Kingdom and Overseas Territories,2024,May,5
United Kingdom and Overseas Territories,2024,June,10
United Kingdom and Overseas Territories,2024,July,10
United Kingdom and Overseas Territories,2024,August,10
United Kingdom and Overseas Territories,2024,September,15
United Kingdom and Overseas Territories,2024,October,10
United Kingdom and Overseas Territories,2024,November,
United Kingdom and Overseas Territories,2024,December,20
United Kingdom and Overseas Territories,2024,Total,105
United Kingdom and Overseas Territories,2025,January,15
United Kingdom and Overseas Territories,2025,February,
United Kingdom and Overseas Territories,2025,March,10
United Kingdom and Overseas Territories,2025,April,
United Kingdom and Overseas Territories,2025,May,10
United Kingdom and Overseas Territories,2025,June,
United Kingdom and Overseas Territories,2025,July,10
United Kingdom and Overseas Territories,2025,August,15
United Kingdom and Overseas Territories,2025,September,
United Kingdom and Overseas Territories,2025,October,10
United Kingdom and Overseas Territories,2025,November,
United Kingdom and Overseas Territories,2025,December,10
United Kingdom and Overseas Territories,2025,Total,90
United Kingdom and Overseas Territories,2026,January,5
United Kingdom and Overseas Territories,2026,February,
United Kingdom and Overseas Territories,2026,March,10
United Kingdom and Overseas Territories,2026,April,
United Kingdom and Overseas Territories,2026,May,
United Kingdom and Overseas Territories,2026,Total,20
United Republic of Tanzania,2023,January,75
United Republic of Tanzania,2023,February,165
United Republic of Tanzania,2023,March,35
United Republic of Tanzania,2023,April,630
United Republic of Tanzania,2023,May,305
United Republic of Tanzania,2023,June,265
United Republic of Tanzania,2023,July,55
United Republic of Tanzania,2023,August,190
United Republic of Tanzania,2023,September,260
United Republic of Tanzania,2023,October,175
United Republic of Tanzania,2023,November,110
United Republic of Tanzania,2023,December,120
United Republic of Tanzania,2023,Total,2380
United Republic of Tanzania,2024,January,95
United Republic of Tanzania,2024,February,35
United Republic of Tanzania,2024,March,155
United Republic of Tanzania,2024,April,70
United Republic of Tanzania,2024,May,110
United Republic of Tanzania,2024,June,35
United Republic of Tanzania,2024,July,55
United Republic of Tanzania,2024,August,60
United Republic of Tanzania,2024,September,50
United Republic of Tanzania,2024,October,40
United Republic of Tanzania,2024,November,80
United Republic of Tanzania,2024,December,25
United Republic of Tanzania,2024,Total,820
United Republic of Tanzania,2025,January,30
United Republic of Tanzania,2025,February,95
United Republic of Tanzania,2025,March,30
United Republic of Tanzania,2025,April,40
United Republic of Tanzania,2025,May,45
United Republic of Tanzania,2025,June,65
United Republic of Tanzania,2025,July,75
United Republic of Tanzania,2025,August,65
United Republic of Tanzania,2025,September,30
United Republic of Tanzania,2025,October,105
United Republic of Tanzania,2025,November,65
United Republic of Tanzania,2025,December,60
United Republic of Tanzania,2025,Total,700
United Republic of Tanzania,2026,January,50
United Republic of Tanzania,2026,February,70
United Republic of Tanzania,2026,March,115
United Republic of Tanzania,2026,April,105
United Republic of Tanzania,2026,May,85
United Republic of Tanzania,2026,Total,430
United States of America,2023,January,
United States of America,2023,February,
United States of America,2023,March,
United States of America,2023,April,0
United States of America,2023,May,
United States of America,2023,June,
United States of America,2023,July,
United States of America,2023,August,
United States of America,2023,September,
United States of America,2023,October,
United States of America,2023,November,5
United States of America,2023,December,
United States of America,2023,Total,20
United States of America,2024,January,
United States of America,2024,February,
United States of America,2024,March,
United States of America,2024,April,
United States of America,2024,May,
United States of America,2024,June,
United States of America,2024,July,
United States of America,2024,August,0
United States of America,2024,September,
United States of America,2024,October,
United States of America,2024,November,0
United States of America,2024,December,
United States of America,2024,Total,25
United States of America,2025,January,
United States of America,2025,February,
United States of America,2025,March,
United States of America,2025,April,
United States of America,2025,May,
United States of America,2025,June,
United States of America,2025,July,
United States of America,2025,August,
United States of America,2025,September,
United States of America,2025,October,
United States of America,2025,November,0
United States of America,2025,December,0
United States of America,2025,Total,15
United States of America,2026,January,
United States of America,2026,February,
United States of America,2026,March,
United States of America,2026,April,
United States of America,2026,May,
United States of America,2026,Total,5
Uruguay,2023,January,85
Uruguay,2023,February,95
Uruguay,2023,March,75
Uruguay,2023,April,90
Uruguay,2023,May,125
Uruguay,2023,June,85
Uruguay,2023,July,50
Uruguay,2023,August,35
Uruguay,2023,September,25
Uruguay,2023,October,15
Uruguay,2023,November,15
Uruguay,2023,December,10
Uruguay,2023,Total,710
Uruguay,2024,January,20
Uruguay,2024,February,50
Uruguay,2024,March,55
Uruguay,2024,April,95
Uruguay,2024,May,90
Uruguay,2024,June,60
Uruguay,2024,July,40
Uruguay,2024,August,30
Uruguay,2024,September,30
Uruguay,2024,October,
Uruguay,2024,November,20
Uruguay,2024,December,10
Uruguay,2024,Total,500
Uruguay,2025,January,25
Uruguay,2025,February,15
Uruguay,2025,March,20
Uruguay,2025,April,25
Uruguay,2025,May,75
Uruguay,2025,June,30
Uruguay,2025,July,30
Uruguay,2025,August,10
Uruguay,2025,September,20
Uruguay,2025,October,15
Uruguay,2025,November,25
Uruguay,2025,December,20
Uruguay,2025,Total,305
Uruguay,2026,January,25
Uruguay,2026,February,25
Uruguay,2026,March,25
Uruguay,2026,April,35
Uruguay,2026,May,45
Uruguay,2026,Total,155
Uzbekistan,2023,January,20
Uzbekistan,2023,February,15
Uzbekistan,2023,March,35
Uzbekistan,2023,April,60
Uzbekistan,2023,May,190
Uzbekistan,2023,June,115
Uzbekistan,2023,July,25
Uzbekistan,2023,August,25
Uzbekistan,2023,September,40
Uzbekistan,2023,October,85
Uzbekistan,2023,November,120
Uzbekistan,2023,December,95
Uzbekistan,2023,Total,820
Uzbekistan,2024,January,250
Uzbekistan,2024,February,80
Uzbekistan,2024,March,70
Uzbekistan,2024,April,155
Uzbekistan,2024,May,135
Uzbekistan,2024,June,75
Uzbekistan,2024,July,85
Uzbekistan,2024,August,80
Uzbekistan,2024,September,35
Uzbekistan,2024,October,40
Uzbekistan,2024,November,45
Uzbekistan,2024,December,25
Uzbekistan,2024,Total,1070
Uzbekistan,2025,January,55
Uzbekistan,2025,February,50
Uzbekistan,2025,March,40
Uzbekistan,2025,April,35
Uzbekistan,2025,May,55
Uzbekistan,2025,June,30
Uzbekistan,2025,July,35
Uzbekistan,2025,August,35
Uzbekistan,2025,September,25
Uzbekistan,2025,October,30
Uzbekistan,2025,November,50
Uzbekistan,2025,December,30
Uzbekistan,2025,Total,465
Uzbekistan,2026,January,45
Uzbekistan,2026,February,30
Uzbekistan,2026,March,35
Uzbekistan,2026,April,45
Uzbekistan,2026,May,65
Uzbekistan,2026,Total,220
Vanuatu,2023,January,
Vanuatu,2023,February,0
Vanuatu,2023,March,
Vanuatu,2023,April,15
Vanuatu,2023,May,10
Vanuatu,2023,June,10
Vanuatu,2023,July,10
Vanuatu,2023,August,5
Vanuatu,2023,September,
Vanuatu,2023,October,
Vanuatu,2023,November,0
Vanuatu,2023,December,10
Vanuatu,2023,Total,65
Vanuatu,2024,January,5
Vanuatu,2024,February,
Vanuatu,2024,March,10
Vanuatu,2024,April,0
Vanuatu,2024,May,
Vanuatu,2024,June,
Vanuatu,2024,July,
Vanuatu,2024,August,
Vanuatu,2024,September,
Vanuatu,2024,October,
Vanuatu,2024,November,5
Vanuatu,2024,December,
Vanuatu,2024,Total,35
Vanuatu,2025,January,
Vanuatu,2025,February,5
Vanuatu,2025,March,5
Vanuatu,2025,April,5
Vanuatu,2025,May,
Vanuatu,2025,June,
Vanuatu,2025,July,10
Vanuatu,2025,August,5
Vanuatu,2025,September,5
Vanuatu,2025,October,
Vanuatu,2025,November,5
Vanuatu,2025,December,
Vanuatu,2025,Total,60
Vanuatu,2026,January,5
Vanuatu,2026,February,
Vanuatu,2026,March,10
Vanuatu,2026,April,
Vanuatu,2026,May,
Vanuatu,2026,Total,20
Venezuela,2023,January,415
Venezuela,2023,February,305
Venezuela,2023,March,390
Venezuela,2023,April,245
Venezuela,2023,May,305
Venezuela,2023,June,250
Venezuela,2023,July,120
Venezuela,2023,August,455
Venezuela,2023,September,510
Venezuela,2023,October,395
Venezuela,2023,November,680
Venezuela,2023,December,165
Venezuela,2023,Total,4230
Venezuela,2024,January,140
Venezuela,2024,February,140
Venezuela,2024,March,310
Venezuela,2024,April,305
Venezuela,2024,May,195
Venezuela,2024,June,130
Venezuela,2024,July,375
Venezuela,2024,August,445
Venezuela,2024,September,335
Venezuela,2024,October,130
Venezuela,2024,November,120
Venezuela,2024,December,110
Venezuela,2024,Total,2740
Venezuela,2025,January,270
Venezuela,2025,February,475
Venezuela,2025,March,370
Venezuela,2025,April,345
Venezuela,2025,May,375
Venezuela,2025,June,305
Venezuela,2025,July,235
Venezuela,2025,August,235
Venezuela,2025,September,365
Venezuela,2025,October,340
Venezuela,2025,November,245
Venezuela,2025,December,305
Venezuela,2025,Total,3870
Venezuela,2026,January,320
Venezuela,2026,February,200
Venezuela,2026,March,360
Venezuela,2026,April,355
Venezuela,2026,May,530
Venezuela,2026,Total,1765
Western Sahara,2023,January,0
Western Sahara,2023,February,0
Western Sahara,2023,March,0
Western Sahara,2023,April,0
Western Sahara,2023,May,0
Western Sahara,2023,June,0
Western Sahara,2023,July,0
Western Sahara,2023,August,0
Western Sahara,2023,September,0
Western Sahara,2023,October,0
Western Sahara,2023,November,0
Western Sahara,2023,December,0
Western Sahara,2023,Total,0
Western Sahara,2024,January,0
Western Sahara,2024,February,0
Western Sahara,2024,March,0
Western Sahara,2024,April,0
Western Sahara,2024,May,
Western Sahara,2024,June,0
Western Sahara,2024,July,0
Western Sahara,2024,August,0
Western Sahara,2024,September,0
Western Sahara,2024,October,0
Western Sahara,2024,November,0
Western Sahara,2024,December,0
Western Sahara,2024,Total,
Western Sahara,2025,January,0
Western Sahara,2025,February,0
Western Sahara,2025,March,0
Western Sahara,2025,April,0
Western Sahara,2025,May,0
Western Sahara,2025,June,0
Western Sahara,2025,July,0
Western Sahara,2025,August,0
Western Sahara,2025,September,0
Western Sahara,2025,October,0
Western Sahara,2025,November,0
Western Sahara,2025,December,0
Western Sahara,2025,Total,0
Western Sahara,2026,January,0
Western Sahara,2026,February,0
Western Sahara,2026,March,0
Western Sahara,2026,April,0
Western Sahara,2026,May,0
Western Sahara,2026,Total,0
"Yemen, Republic of",2023,January,15
"Yemen, Republic of",2023,February,35
"Yemen, Republic of",2023,March,45
"Yemen, Republic of",2023,April,180
"Yemen, Republic of",2023,May,45
"Yemen, Republic of",2023,June,45
"Yemen, Republic of",2023,July,15
"Yemen, Republic of",2023,August,15
"Yemen, Republic of",2023,September,45
"Yemen, Republic of",2023,October,30
"Yemen, Republic of",2023,November,50
"Yemen, Republic of",2023,December,20
"Yemen, Republic of",2023,Total,545
"Yemen, Republic of",2024,January,20
"Yemen, Republic of",2024,February,30
"Yemen, Republic of",2024,March,25
"Yemen, Republic of",2024,April,40
"Yemen, Republic of",2024,May,40
"Yemen, Republic of",2024,June,25
"Yemen, Republic of",2024,July,20
"Yemen, Republic of",2024,August,20
"Yemen, Republic of",2024,September,20
"Yemen, Republic of",2024,October,25
"Yemen, Republic of",2024,November,30
"Yemen, Republic of",2024,December,20
"Yemen, Republic of",2024,Total,320
"Yemen, Republic of",2025,January,20
"Yemen, Republic of",2025,February,35
"Yemen, Republic of",2025,March,25
"Yemen, Republic of",2025,April,15
"Yemen, Republic of",2025,May,20
"Yemen, Republic of",2025,June,20
"Yemen, Republic of",2025,July,55
"Yemen, Republic of",2025,August,25
"Yemen, Republic of",2025,September,30
"Yemen, Republic of",2025,October,35
"Yemen, Republic of",2025,November,25
"Yemen, Republic of",2025,December,25
"Yemen, Republic of",2025,Total,330
"Yemen, Republic of",2026,January,20
"Yemen, Republic of",2026,February,35
"Yemen, Republic of",2026,March,25
"Yemen, Republic of",2026,April,15
"Yemen, Republic of",2026,May,20
"Yemen, Republic of",2026,Total,115
Zambia,2023,January,15
Zambia,2023,February,25
Zambia,2023,March,85
Zambia,2023,April,25
Zambia,2023,May,55
Zambia,2023,June,30
Zambia,2023,July,15
Zambia,2023,August,20
Zambia,2023,September,30
Zambia,2023,October,10
Zambia,2023,November,35
Zambia,2023,December,25
Zambia,2023,Total,375
Zambia,2024,January,35
Zambia,2024,February,20
Zambia,2024,March,15
Zambia,2024,April,20
Zambia,2024,May,45
Zambia,2024,June,15
Zambia,2024,July,25
Zambia,2024,August,10
Zambia,2024,September,20
Zambia,2024,October,10
Zambia,2024,November,15
Zambia,2024,December,10
Zambia,2024,Total,245
Zambia,2025,January,35
Zambia,2025,February,25
Zambia,2025,March,20
Zambia,2025,April,10
Zambia,2025,May,15
Zambia,2025,June,30
Zambia,2025,July,30
Zambia,2025,August,75
Zambia,2025,September,15
Zambia,2025,October,20
Zambia,2025,November,25
Zambia,2025,December,10
Zambia,2025,Total,315
Zambia,2026,January,25
Zambia,2026,February,15
Zambia,2026,March,20
Zambia,2026,April,25
Zambia,2026,May,25
Zambia,2026,Total,110
Zimbabwe,2023,January,70
Zimbabwe,2023,February,70
Zimbabwe,2023,March,120
Zimbabwe,2023,April,160
Zimbabwe,2023,May,320
Zimbabwe,2023,June,190
Zimbabwe,2023,July,70
Zimbabwe,2023,August,100
Zimbabwe,2023,September,60
Zimbabwe,2023,October,110
Zimbabwe,2023,November,120
Zimbabwe,2023,December,85
Zimbabwe,2023,Total,1480
Zimbabwe,2024,January,115
Zimbabwe,2024,February,95
Zimbabwe,2024,March,65
Zimbabwe,2024,April,140
Zimbabwe,2024,May,125
Zimbabwe,2024,June,120
Zimbabwe,2024,July,95
Zimbabwe,2024,August,40
Zimbabwe,2024,September,45
Zimbabwe,2024,October,60
Zimbabwe,2024,November,80
Zimbabwe,2024,December,120
Zimbabwe,2024,Total,1105
Zimbabwe,2025,January,165
Zimbabwe,2025,February,110
Zimbabwe,2025,March,130
Zimbabwe,2025,April,185
Zimbabwe,2025,May,230
Zimbabwe,2025,June,180
Zimbabwe,2025,July,240
Zimbabwe,2025,August,110
Zimbabwe,2025,September,175
Zimbabwe,2025,October,185
Zimbabwe,2025,November,300
Zimbabwe,2025,December,215
Zimbabwe,2025,Total,2220
Zimbabwe,2026,January,135
Zimbabwe,2026,February,150
Zimbabwe,2026,March,160
Zimbabwe,2026,April,145
Zimbabwe,2026,May,110
Zimbabwe,2026,Total,700
Other*,2023,January,0
Other*,2023,February,0
Other*,2023,March,0
Other*,2023,April,0
Other*,2023,May,0
Other*,2023,June,0
Other*,2023,July,0
Other*,2023,August,0
Other*,2023,September,0
Other*,2023,October,0
Other*,2023,November,0
Other*,2023,December,0
Other*,2023,Total,0
Other*,2024,January,
Other*,2024,February,0
Other*,2024,March,0
Other*,2024,April,0
Other*,2024,May,0
Other*,2024,June,0
Other*,2024,July,0
Other*,2024,August,0
Other*,2024,September,0
Other*,2024,October,0
Other*,2024,November,0
Other*,2024,December,0
Other*,2024,Total,
Other*,2025,January,0
Other*,2025,February,0
Other*,2025,March,0
Other*,2025,April,0
Other*,2025,May,0
Other*,2025,June,
Other*,2025,July,0
Other*,2025,August,0
Other*,2025,September,0
Other*,2025,October,0
Other*,2025,November,0
Other*,2025,December,0
Other*,2025,Total,
Other*,2026,January,0
Other*,2026,February,
Other*,2026,March,0
Other*,2026,April,0
Other*,2026,May,0
Other*,2026,Total,
